channel,min,max,mean,std,roughness,zero_fraction,daily_lag_correlation,weekly_lag_correlation,correlation_with_local_OT_channel,cluster_id,cluster
0,0.0,0.4747,0.04932432740538076,0.06246740527041957,0.7298167181977021,0.0008549931600547196,0.7011075662575348,0.7985038955402811,0.39089985633291074,1,irregular/high variability
1,0.0,0.45,0.046016330369357046,0.04839664717501865,0.6380271822980322,0.006782945736434108,0.7185550491083875,0.7795574172794522,0.34094961316561095,2,low activity
2,0.0,0.4201,0.10586980734154126,0.08220217398272885,0.5292117504366156,0.002165982672138623,0.7257041777575696,0.7796991445471116,0.7261954666499874,1,irregular/high variability
3,0.0,0.4947,0.056632934336525304,0.03674461448276812,0.6722685036632373,0.009347925216598267,0.6688637289166007,0.7304755551518528,0.6801065289745487,2,low activity
4,0.0,0.4069,0.02681187300501596,0.035871171612494084,0.5862087329424687,0.005927952576379389,0.7537559323202796,0.873155900414848,0.27751752413363173,0,strongly periodic
5,0.0,0.5101,0.05652572959416325,0.06652224541512117,0.5499833434521048,0.0008549931600547196,0.7788772576778387,0.8803614053914002,0.6823463326316449,1,irregular/high variability
6,0.0,0.362,0.06288504901960784,0.06100004047356768,0.5358907435230676,0.0008549931600547196,0.7770403617230917,0.9023606507716267,0.7615660696194818,1,irregular/high variability
7,0.0,0.4925,0.06059798221614227,0.05468726899296944,0.5126319421366164,0.00872093023255814,0.8358757922660773,0.89680414521405,0.7648061566671196,0,strongly periodic
8,0.0,0.3664,0.06283881098951209,0.043478102118907305,0.41840562209441107,0.0067259461924304605,0.8452623615511715,0.8883970588035152,0.8430237732395794,0,strongly periodic
9,0.0,0.6983,0.07627482900136798,0.09361465506888657,0.7970814271829207,0.0024509803921568627,0.6720032017436907,0.6946898945107237,0.5785334981173419,1,irregular/high variability
10,0.0,0.2756,0.042895861833105335,0.03464328343703494,0.7255574793730101,0.0033059735522115823,0.7223441957609147,0.7884229244505288,0.6029186682890734,2,low activity
11,0.0,0.4877,0.05309046967624259,0.050663367361811464,0.6479317238948306,0.01801185590515276,0.726997593710482,0.8202911364936079,0.402027984249833,1,irregular/high variability
12,0.0,0.6176,0.06517921226630187,0.05413101008984263,0.7912534083239061,0.0026789785681714546,0.6003460473180671,0.6404178180554071,0.5793938705763795,2,low activity
13,0.0,0.5124,0.04306390788873688,0.037742055093321326,0.5214355436916185,0.021773825809393525,0.8043638528472021,0.8664646436736885,0.77386979508989,0,strongly periodic
14,0.0,0.5309,0.10030078659370725,0.07312320155327187,0.5025569068382066,0.00815093479252166,0.7625697097008395,0.8477384727923647,0.8561785511527613,1,irregular/high variability
15,0.0,0.491,0.08002648768809849,0.04479380342913695,0.6799796194190486,0.005699954400364797,0.6503610537024488,0.7235447335401611,0.7201388558432401,2,low activity
16,0.0,0.3623,0.04324515503875969,0.02780966942709772,0.4992607827268399,0.015104879160966712,0.7469656839305233,0.831205581285504,0.5821456154712088,0,strongly periodic
17,0.0,0.4245,0.07049562813497491,0.056879683405672794,0.6172629225130168,0.011342909256725946,0.7604780812803489,0.8266549337893415,0.6533337220466916,1,irregular/high variability
18,0.0,0.4651,0.04445094619243046,0.030639658318842553,0.4163304785405326,0.007181942544459644,0.8152729350515276,0.8482960400212255,0.823370836953231,0,strongly periodic
19,0.0,0.5132,0.05586284769721842,0.07082061260905607,0.6848727498408899,0.009632922936616507,0.738231410844372,0.7888837359619932,0.3822433258100884,1,irregular/high variability
20,0.0,0.2204,0.046267025763793886,0.029753254500168906,0.43383234291830897,0.0008549931600547196,0.8487070166966569,0.9496097287072822,0.8014243396044257,0,strongly periodic
21,0.0,0.4363,0.06733168034655723,0.0627372964961086,0.6788749607034043,0.005642954856361149,0.747466797868739,0.800546107187693,0.7309587319961742,1,irregular/high variability
22,0.0,0.3496,0.0405171682626539,0.03618156660541806,0.4922540574538901,0.008264933880528956,0.8193647212007563,0.8731247474961495,0.83114014781949,0,strongly periodic
23,0.0,0.5368,0.10221152530779753,0.07494098981525786,0.5025201484872851,0.002165982672138623,0.730871615240291,0.8058434036756835,0.6840353487558385,1,irregular/high variability
24,0.0,0.4302,0.05534864341085271,0.06428929372013162,0.5540377862089486,0.016700866393068857,0.7214664611827626,0.7767450450109622,0.6290342461729224,1,irregular/high variability
25,0.0,0.4509,0.07661552097583219,0.05873475574440676,0.6223931908753917,0.0027359781121751026,0.6950896634451719,0.7893698879181635,0.5911800962853301,1,irregular/high variability
26,0.0,0.3974,0.0585453602371181,0.04506055766101408,0.4972135303784873,0.007523939808481532,0.7587956389469954,0.8929306563102897,0.4809158095310687,0,strongly periodic
27,0.0,0.6283,0.061131617647058815,0.06443168972551681,0.4908920170520449,0.008891928864569083,0.6094382568615673,0.7760562147778268,0.527087496112912,1,irregular/high variability
28,0.0,0.3049,0.0740154582763338,0.03540884539135843,0.5136914613738347,0.0008549931600547196,0.7213771009966964,0.7330123590161816,0.6488062333498594,1,irregular/high variability
29,0.0,0.4036,0.0499718194254446,0.03680142510623394,0.605087679246319,0.01487688098495212,0.7959549586824756,0.800296141944793,0.6964584165443013,0,strongly periodic
30,0.0,0.4884,0.06598736320109438,0.058566366515652495,0.4821442451902483,0.0008549931600547196,0.8056958701215698,0.9080369688981876,0.8132094288798767,1,irregular/high variability
31,0.0,0.4907,0.072731264249886,0.059515157113271995,0.5739769310581818,0.006953944368445052,0.6868523318913281,0.7702822899195714,0.39216318249487264,1,irregular/high variability
32,0.0,0.3937,0.06612422480620155,0.05203113940592044,0.4725291649680117,0.008492932056543548,0.837518523167084,0.9011597628388678,0.8197152789069355,0,strongly periodic
33,0.0,0.4889,0.07110099749202006,0.04988428845936485,0.6069322579345044,0.0030209758321933424,0.6934187255002848,0.7622664987983375,0.5442038998515772,1,irregular/high variability
34,0.0,0.4617,0.03371979594163247,0.02228027054826566,0.5837445624240771,0.0008549931600547196,0.7353437719589719,0.7691658265007966,0.8071980549412339,0,strongly periodic
35,0.0,0.3984,0.050158054035567716,0.026487187859850776,0.39582551846462655,0.0008549931600547196,0.8274866718377502,0.8700706434796958,0.8871779646799771,0,strongly periodic
36,0.0,0.185,0.028264922480620153,0.019141413814763215,0.4226337347535795,0.0008549931600547196,0.8696199130330593,0.917764520900393,0.8511110496273151,0,strongly periodic
37,0.0,0.522,0.0781047765617875,0.04709751000998547,0.5354930102741976,0.0013109895120839033,0.6837197678179733,0.7482936231470466,0.7811416932766028,1,irregular/high variability
38,0.0,0.3269,0.04861804035567715,0.020784421479934277,0.5655981177128664,0.003818969448244414,0.643386917556435,0.6459657069768093,0.6517751470160515,2,low activity
39,0.0,0.1537,0.04581049931600547,0.02780552316440987,0.3984799642908715,0.0008549931600547196,0.893233728957664,0.9929578803693019,0.8581982431827894,0,strongly periodic
40,0.0,0.2124,0.03915562585499316,0.029305032515423976,0.5169988299970423,0.0032489740082079343,0.7664570057675322,0.8689737801339619,0.6076995311998421,0,strongly periodic
41,0.0,0.4407,0.046097765617875056,0.055209265382394145,0.4897183677949701,0.010544915640674874,0.791672570674705,0.8796697672657912,0.7181986066386098,0,strongly periodic
42,0.0,0.2167,0.036178647970816234,0.023281939338414392,0.37555292922714756,0.010544915640674874,0.8573108863641619,0.9247286771085663,0.8883080064748239,0,strongly periodic
43,0.0,0.4664,0.07795251937984497,0.07293510831946759,0.6044595418646199,0.0030209758321933424,0.7587710364304665,0.8294486064457819,0.6560017151455035,1,irregular/high variability
44,0.0,0.3443,0.05559654582763338,0.0415470953160334,0.45643313164174737,0.0013679890560875513,0.830657103014792,0.8340474861564372,0.48739997800250767,0,strongly periodic
45,0.0,0.5362,0.05380381326949384,0.061900193427462634,0.6491953155850305,0.010031919744642043,0.47268229931913075,0.6242047178426434,0.334140007291833,2,low activity
46,0.0,0.4038,0.0627814694482444,0.06332746394388762,0.4880353418970503,0.0008549931600547196,0.8110328765086472,0.9225836049164484,0.5671671143328563,1,irregular/high variability
47,0.0,0.4956,0.053744032147742815,0.05268187233334702,0.62082097699356,0.022685818513451892,0.7245229144018859,0.8104919950146247,0.430932615840998,1,irregular/high variability
48,0.0,0.3942,0.06468470702234383,0.04014285480633668,0.5644178073550001,0.0008549931600547196,0.7275760641202798,0.8005946345973471,0.6758043030344465,1,irregular/high variability
49,0.0,0.321,0.06870123119015047,0.04081676468533394,0.4372478650595912,0.0029069767441860465,0.8021512168282516,0.8743087288901663,0.9023218605562242,0,strongly periodic
50,0.0,0.5422,0.043758572731418144,0.030869744763093756,0.7147199221718107,0.0065549475604195166,0.5056117196994262,0.5387292611742232,0.674399810105585,2,low activity
51,0.0,0.4668,0.039499965800273595,0.03065961051326477,0.6793271121371999,0.005756953944368445,0.6215360799842364,0.6712362442245862,0.7472842228930947,2,low activity
52,0.0,0.4449,0.07103525991792066,0.06270271260517281,0.6342009607094444,0.008378932968536252,0.7385877073389381,0.8648228208230434,0.6351496563094945,1,irregular/high variability
53,0.0,0.5397,0.042496802325581395,0.03753830207683632,0.6554830388906535,0.009575923392612859,0.5656541472391187,0.6172218790142989,0.5830786766081215,2,low activity
54,0.0,0.2718,0.0516046112631099,0.031937712350547605,0.6192634108423867,0.0008549931600547196,0.7500924109864336,0.7728837721609756,0.7949709302475253,0,strongly periodic
55,0.0,0.5927,0.12748084815321475,0.09597072247715575,0.5064450706818268,0.006440948472412221,0.7559216066429928,0.7841939577886886,0.7449336021567824,1,irregular/high variability
56,0.0,0.4377,0.07568551641586868,0.054467165509664295,0.5721567925306182,0.00450296397628819,0.41929422717419423,0.40640656798415736,0.2930436276939961,2,low activity
57,0.0,0.4636,0.04380651504787962,0.03396114302213529,0.6479340288466849,0.0010259917920656635,0.7860635557277488,0.841021611535471,0.6684125910909766,0,strongly periodic
58,0.0,0.4122,0.0628516529867761,0.05238309393401054,0.5371524106862459,0.0013679890560875513,0.7239286096744222,0.8055766744096966,0.7429478362480388,1,irregular/high variability
59,0.0,0.3666,0.05266453488372093,0.03147438759402429,0.37729984758099,0.007922936616507068,0.8781809469069989,0.9171842032984842,0.9040875636587956,0,strongly periodic
60,0.0,0.3554,0.06290894892840858,0.040711562623232604,0.4803023096833931,0.008036935704514364,0.7847600046416782,0.8283329568180889,0.8392141109390755,0,strongly periodic
61,0.0,0.4441,0.05624957250341997,0.060408258139397084,0.6553294546784261,0.012482900136798905,0.7369029166126999,0.8368885727931585,0.4235806112384532,1,irregular/high variability
62,0.0,0.4363,0.04469240196078431,0.03710356366555435,0.62095715189891,0.009119927040583675,0.7614129179782707,0.7886441135121021,0.6873089250338188,0,strongly periodic
63,0.0,0.2973,0.0666079685362517,0.050157353598858874,0.5772202560721928,0.0008549931600547196,0.8107567439519907,0.8817846682108424,0.7475291546270043,1,irregular/high variability
64,0.0,0.5459,0.05973468422252622,0.06067039903450885,0.587011883686834,0.00729594163246694,0.7788539604894232,0.8701804043320829,0.48857150031255653,1,irregular/high variability
65,0.0,0.3562,0.027167886456908343,0.021092857622497678,0.6027765487476547,0.004958960328317373,0.8059829961088455,0.8384899191499684,0.8316898898978524,0,strongly periodic
66,0.0,0.3975,0.05762411650706794,0.04129385938583181,0.5235140678826901,0.0033629730962152302,0.7948215505602902,0.8634230257010553,0.696259177517379,0,strongly periodic
67,0.0,0.4244,0.054578117875056995,0.05866353872494031,0.668477631208238,0.0008549931600547196,0.7005584314707772,0.7799941948389455,0.6721409768102482,1,irregular/high variability
68,0.0,0.2727,0.050421386228910174,0.0310275064372938,0.37479514712393275,0.013508891928864569,0.8680103202845827,0.9085451488790127,0.804444078479358,0,strongly periodic
69,0.0,0.576,0.06348441062471501,0.07486893024510037,0.5919450012201313,0.0070109439124487,0.5134399466588561,0.713099377962212,0.4015771768716103,2,low activity
70,0.0,0.2313,0.04703065435476517,0.028317969467881312,0.6406594364482306,0.012824897400820793,0.8056781000971521,0.8524147365455523,0.595165869050877,0,strongly periodic
71,0.0,0.3925,0.0655717795257638,0.05959612649595707,0.5116429553537399,0.005927952576379389,0.7596946465883819,0.8957644857066567,0.5068521449546892,1,irregular/high variability
72,0.0,0.1536,0.031499110807113546,0.019256357236273364,0.37890070755523825,0.009461924304605563,0.8632269207897254,0.8907849453300005,0.8536338508607936,0,strongly periodic
73,0.0,0.3129,0.04483792749658003,0.04049861600141801,0.5476462721295676,0.08760829913360693,0.7864187294554865,0.8399395480270468,0.7328191982502432,0,strongly periodic
74,0.0,0.5697,0.026968963748290012,0.03952191947155938,0.6381132493535079,0.0028499772001823985,0.7292432675276237,0.8230347096433926,0.23783116091792544,0,strongly periodic
75,0.0,0.3196,0.05028692430460556,0.037922824798525975,0.6037181330917799,0.013907888736890105,0.7675375545122158,0.8614648073445875,0.641733814424457,0,strongly periodic
76,0.0,0.4356,0.062380637254901956,0.060572723394714124,0.5271769301420979,0.0026219790241678066,0.7857524723883693,0.8689245671513198,0.7611817550551612,1,irregular/high variability
77,0.0,0.5824,0.09601592567259462,0.09640517088784778,0.41144289113714355,0.008948928408572731,0.7858141464574581,0.9130000503236296,0.7691312219133501,1,irregular/high variability
78,0.0,0.3355,0.024927861377108985,0.018561382621940015,0.5349798854477921,0.004274965800273598,0.7597713847716593,0.827968749749961,0.6378625268384084,0,strongly periodic
79,0.0,0.4107,0.09584795371637027,0.057275348445804966,0.5860829705711961,0.001937984496124031,0.733450291549149,0.7841809424809353,0.8328554092651764,1,irregular/high variability
80,0.0,0.1884,0.03198981988144095,0.012984476116940443,0.48100031824190975,0.0008549931600547196,0.7836613572398249,0.858330906974698,0.6405775581362507,0,strongly periodic
81,0.0,0.4487,0.05614122777017784,0.04827912340585021,0.5160557715015486,0.012767897856817145,0.8014388901366095,0.8611833803126008,0.7117745709624078,0,strongly periodic
82,0.0,0.2431,0.05960864683082535,0.03630051815691852,0.5465423073706694,0.005414956680346557,0.7933352309774155,0.8637056532470528,0.8039144697991886,0,strongly periodic
83,0.0,0.2863,0.02907388280893753,0.019310659032628998,0.4644847292021237,0.0065549475604195166,0.8424269621201456,0.878191676547572,0.9116253930505251,0,strongly periodic
84,0.0,0.448,0.0468969334245326,0.045078445302674235,0.5885404504074803,0.0032489740082079343,0.7548239997736745,0.8716526090309819,0.4807315832983896,0,strongly periodic
85,0.0,0.2145,0.04644783401732786,0.02896131405697584,0.5470736232748334,0.005357957136342909,0.7045663854768835,0.7648764453221113,0.67905720946264,0,strongly periodic
86,0.0,0.4163,0.06660330597355223,0.05748347554359224,0.5251916482910655,0.006212950296397629,0.79207971519291,0.8700374023053867,0.756509387735788,1,irregular/high variability
87,0.0,0.4121,0.0771624316005472,0.051992455929589274,0.5977287107205582,0.007979936160510716,0.6811290067725636,0.7176003398071852,0.7399644808329489,1,irregular/high variability
88,0.0,0.4547,0.05284170086639307,0.03161850694267489,0.4969112616658447,0.012767897856817145,0.7875679270898693,0.8239484144107293,0.7986292933197483,0,strongly periodic
89,0.0,0.5149,0.05876599977200183,0.06224166565497505,0.605741058938747,0.005642954856361149,0.7317040330074605,0.8435761354006365,0.40881562323066856,1,irregular/high variability
90,0.0,0.4144,0.06949449384404925,0.04719944848277898,0.5009740501680032,0.0008549931600547196,0.7825511133536142,0.8692949144881462,0.5743207522967684,1,irregular/high variability
91,0.0,0.3123,0.03898115595075239,0.03218528423206479,0.5543010183602822,0.0686844505243958,0.6726116418226903,0.7358639843098265,0.4469946122893586,2,low activity
92,0.0,0.3546,0.031977080483356124,0.020635499350655093,0.41701508556687955,0.029468764249886002,0.8725081021511412,0.9219435373590879,0.8572494232037214,0,strongly periodic
93,0.0,0.7179,0.12571611377108985,0.08140269157852666,0.5691887730150795,0.004103967168262654,0.7924698357811296,0.8455434274403508,0.7087797104611919,1,irregular/high variability
94,0.0,0.4195,0.023334365025079802,0.0285834863622348,0.566941551579539,0.006269949840401277,0.7571750175550395,0.8585646455205809,0.31485793507401155,0,strongly periodic
95,0.0,0.3232,0.06400575125398998,0.06230301235293544,0.456317660820177,0.004160966712266302,0.7744182027455722,0.8958825990584476,0.7052517070485087,1,irregular/high variability
96,0.0,0.3277,0.04597458390332878,0.04413613092153004,0.5967311794684634,0.018353853169174646,0.7346779894198857,0.8303102126997212,0.46434877861107554,0,strongly periodic
97,0.0,0.5063,0.0526905494756042,0.08776629341078955,0.5972493787154547,0.01122891016871865,0.7554274074568009,0.8426401820787528,0.5760333036359139,1,irregular/high variability
98,0.0,0.4445,0.0695000113999088,0.07431939716694093,0.5463704904079961,0.0008549931600547196,0.7662317288808479,0.8884491020578984,0.7303660409145343,1,irregular/high variability
99,0.0,0.2477,0.045190395576835386,0.027279403255525622,0.4270224224071549,0.0033629730962152302,0.8492535308166446,0.8920011556458616,0.883958029452576,0,strongly periodic
100,0.0,0.2692,0.03416360579115367,0.029987530137796543,0.5217126594619984,0.009974920200638395,0.7940444020969276,0.8468842738891668,0.7965049863021696,0,strongly periodic
101,0.0,0.2415,0.03722600889192887,0.025919906716452806,0.34247184360372784,0.006782945736434108,0.9059470793731884,0.9334054612906109,0.9143883639401342,0,strongly periodic
102,0.0,0.5857,0.041717903556771546,0.0236441619073071,0.46653741287153827,0.0031919744642042863,0.8183398638861662,0.8645396257465819,0.8734353822112839,0,strongly periodic
103,0.0,0.3525,0.04670675444596443,0.02416783706648791,0.49449097214443627,0.007067943456452348,0.7539269171995245,0.8284325982501629,0.6962839424735554,0,strongly periodic
104,0.0,0.5156,0.05819599863201094,0.04830686098274636,0.5837744242013018,0.00364797081623347,0.7883965109319415,0.8682896563102166,0.646612432434733,1,irregular/high variability
105,0.0,0.4775,0.05642925786593707,0.04966362969469224,0.5818579289913066,0.005642954856361149,0.7635741995183867,0.8502062531961744,0.5224309251552939,1,irregular/high variability
106,0.0,0.5578,0.05380252507979936,0.04400952593617587,0.5346000186050162,0.010487916096671226,0.702719789080672,0.7760187665159844,0.7477765519654664,1,irregular/high variability
107,0.0,0.3513,0.0550093992248062,0.045905050986947145,0.5783774222555973,0.0030209758321933424,0.7152097198681376,0.8032247892485849,0.504749891997542,1,irregular/high variability
108,0.0,0.4375,0.06375605905152759,0.04564595108971653,0.678964817201991,0.005357957136342909,0.597828665304408,0.6403660789668064,0.6566869995471704,2,low activity
109,0.0,0.4909,0.08213380072959416,0.08061820281254439,0.45581055019165256,0.012197902416780666,0.7813079198820515,0.8811850009286092,0.39907274153708056,1,irregular/high variability
110,0.0,0.3699,0.05450957022343821,0.03224575453870795,0.5334884208593282,0.014705882352941176,0.7618322336312032,0.7788526515489629,0.6865616478843992,0,strongly periodic
111,0.0,0.4538,0.03167326151390789,0.029315761957800935,0.8216258556743202,0.006497948016415869,0.6238799152352815,0.662640526245563,0.6363684895723961,2,low activity
112,0.0,0.335,0.04956919174646603,0.02467044679259704,0.5516732202222735,0.0008549931600547196,0.7103132185316091,0.7708981177836923,0.7523297612857739,0,strongly periodic
113,0.0,0.4315,0.029711297309621524,0.019087604367668834,0.6254303252754871,0.008492932056543548,0.7026397573510073,0.7864484034333135,0.4828726002009316,2,low activity
114,0.0,0.5389,0.03957020063839489,0.04805566944213783,0.6074518654126998,0.010259917920656635,0.7395844493506692,0.8340754793233242,0.6442201604946297,0,strongly periodic
115,0.0,0.4474,0.03999668832649339,0.025821727381604258,0.43577101228756776,0.0015959872321021432,0.7762717328289638,0.8252625713768533,0.70979429871704,0,strongly periodic
116,0.0,0.4109,0.05886474008207934,0.04341624872882287,0.6178439880027576,0.008093935248518012,0.6998085713705049,0.7890923499317476,0.7593736627135412,1,irregular/high variability
117,0.0,0.1469,0.031843883948928405,0.020357117485433972,0.37211522601554237,0.0008549931600547196,0.8761347272746551,0.9141026935980993,0.7292765110308631,0,strongly periodic
118,0.0,0.4588,0.03809828431372549,0.017481908468740117,0.5935909458948849,0.005129958960328317,0.6391267870271572,0.7077560788193793,0.7428242719367172,2,low activity
119,0.0,0.4737,0.07325420656634747,0.058608109865788384,0.670787430753934,0.004559963520291838,0.6728404473266527,0.7699819745612952,0.6017670712699983,1,irregular/high variability
120,0.0,0.2807,0.0391561958504332,0.03376140810259125,0.5271682305002918,0.022799817601459188,0.792125800579083,0.8581057867983696,0.8141127227649883,0,strongly periodic
121,0.0,0.4617,0.060620776333789345,0.04218212241031611,0.7533355214549284,0.0066689466484268125,0.6966731076573263,0.7750242576779356,0.6740359692841962,2,low activity
122,0.0,0.4048,0.06662283401732787,0.04698202566958553,0.5722993728019905,0.002222982216142271,0.8088114744719345,0.8617350746585366,0.8095552167229939,1,irregular/high variability
123,0.0,0.4542,0.0812892897856817,0.059510785145652396,0.579988573699829,0.014534883720930232,0.7707999087966915,0.8556042569619184,0.6384505483109989,1,irregular/high variability
124,0.0,0.5103,0.07331676926584586,0.05020029130229723,0.5233874458924832,0.009290925672594619,0.7800267728501101,0.8516984368329928,0.7606770907313105,1,irregular/high variability
125,0.0,0.3979,0.07271819995440036,0.04132542419701859,0.5278633272951637,0.008321933424532604,0.7677780027594873,0.8460370975796195,0.7737105747709778,1,irregular/high variability
126,0.0,0.2532,0.03745587095303238,0.029282485590194286,0.46062878927052875,0.03305973552211582,0.7598568280619719,0.8057102524563052,0.7635108398006163,0,strongly periodic
127,0.0,0.3714,0.0415546682626539,0.03193880309357264,0.5742370727090306,0.04976060191518468,0.6798346772142003,0.7380208126712445,0.525892362931094,2,low activity
128,0.0,0.432,0.03364449384404925,0.035138110355675205,0.7302645057617854,0.008321933424532604,0.7244498011459353,0.7615107840073639,0.5056717486268463,2,low activity
129,0.0,0.4828,0.04083863429092567,0.026525687196809315,0.4435023827946933,0.006269949840401277,0.8424620798312493,0.8904554935112319,0.8574544299477861,0,strongly periodic
130,0.0,0.4381,0.08705842453260375,0.07166832866721541,0.4974004228400374,0.0008549931600547196,0.7778184832264198,0.8856679378146161,0.4888396561902425,1,irregular/high variability
131,0.0,0.4832,0.045700820793433655,0.052500778026165915,0.7493139824209513,0.009917920656634747,0.6180992742720369,0.6772854754710484,0.4390096584278993,2,low activity
132,0.0,0.3305,0.08182438440492476,0.04549851631422881,0.48668496543877815,0.0008549931600547196,0.7797132888994761,0.8507416156662508,0.8558970698460394,1,irregular/high variability
133,0.0,0.5012,0.04690660054719562,0.0766358455299468,0.7358401407218697,0.005699954400364797,0.7463885037015648,0.8441108819989742,0.5518026791458683,1,irregular/high variability
134,0.0,0.4617,0.03322146032831737,0.029122264974930884,0.8565240038079852,0.012995896032831737,0.6262304121915714,0.628046552430569,0.47518139089764405,2,low activity
135,0.0,0.4845,0.09430207478340173,0.0688917057711467,0.4961513358447273,0.005585955312357501,0.7692294206813395,0.858920292285988,0.856546873138087,1,irregular/high variability
136,0.0,0.4388,0.043225997492020066,0.02599870946819956,0.4234791104976177,0.01516187870497036,0.7946528620922091,0.7901311204807007,0.8017161954753239,0,strongly periodic
137,0.0,0.3775,0.05110360237118103,0.04462070426119278,0.5734325686041905,0.0028499772001823985,0.7786184932046766,0.888284605715952,0.5127840984402974,0,strongly periodic
138,0.0,0.4481,0.09158961468308253,0.0665737978414921,0.5498890813634543,0.03556771545827633,0.7592717949480315,0.7852668526487434,0.7086037199438165,1,irregular/high variability
139,0.0,0.4293,0.06205384746922025,0.06471014027012176,0.48751973289121264,0.009062927496580027,0.7903307542007499,0.8791554486248845,0.7641657744907032,1,irregular/high variability
140,0.0,0.2885,0.04133221614227086,0.02649029538578,0.47878715997634,0.04109667122663019,0.744828971990952,0.7378326063845255,0.7390507193061129,0,strongly periodic
141,0.0,0.3396,0.048481953944368446,0.0422357592802873,0.40574760158171763,0.010031919744642043,0.8205409885695152,0.8660655564451915,0.7768055278815585,0,strongly periodic
142,0.0,0.3936,0.04472909256725947,0.030847986280950312,0.45664494270356,0.0008549931600547196,0.7064031860582131,0.7439174252706777,0.7731898676497992,0,strongly periodic
143,0.0,0.4501,0.050620189238486095,0.02383906398715382,0.5952016971046432,0.003761969904240766,0.6688012892767404,0.7382860378397076,0.765005688439942,2,low activity
144,0.0,0.3732,0.05899358755129958,0.04604645662633369,0.5421403139373282,0.008378932968536252,0.7823783855557748,0.8713828259003392,0.6752379358690299,0,strongly periodic
145,0.0,0.4422,0.07052059963520291,0.05256650085192603,0.48651270550965503,0.01122891016871865,0.8247876992073944,0.8661437135892339,0.7404882856524923,1,irregular/high variability
146,0.0,0.3129,0.04782110123119015,0.040760025167279605,0.6350046048643418,0.00872093023255814,0.7507711214597496,0.8367786651193277,0.6350489250412515,0,strongly periodic
147,0.0,0.5573,0.05877735408116734,0.06799656950185462,0.6834748013457524,0.004388964888280894,0.7184506394395284,0.8224747957421553,0.3806650252210385,1,irregular/high variability
148,0.0,0.3946,0.051405506155950756,0.03667680289991259,0.5890688395057304,0.012710898312813497,0.7542370842098006,0.8250877354100528,0.6572258608072252,0,strongly periodic
149,0.0,0.4227,0.06315429206566348,0.053252655736172265,0.5107211093829077,0.007523939808481532,0.8040264937837456,0.8852928130861474,0.7665135724031291,1,irregular/high variability
150,0.0,0.57,0.0848999658002736,0.07169403503180413,0.6333285531845118,0.017327861377108983,0.616295532294434,0.6913725087201377,0.5500108437089349,1,irregular/high variability
151,0.0,0.5064,0.06112553009575924,0.04432935574069121,0.5903131057621819,0.009974920200638395,0.7259729160177372,0.8423355137137213,0.44677403343485866,1,irregular/high variability
152,0.0,0.5383,0.04950337437300502,0.04197525759725023,0.5644338416898705,0.011741906064751482,0.7582991419023857,0.8223600038584293,0.7305891601831502,0,strongly periodic
153,0.0,0.5295,0.0701797366621067,0.05351043089393074,0.7446439380521036,0.011057911536707706,0.6399653661470401,0.6928000860495521,0.6280488077930252,2,low activity
154,0.0,0.3437,0.03147061103511172,0.033883423108519314,0.5288717424408848,0.03300273597811217,0.7642644579501462,0.8572297675869127,0.6858022183946568,0,strongly periodic
155,0.0,0.491,0.04813870839033287,0.02790477721835095,0.5113939361623946,0.004901960784313725,0.8191245834869484,0.8429400644138746,0.8056663330991107,0,strongly periodic
156,0.0,0.4055,0.029503545371637026,0.02639832113675733,0.6035057539148683,0.008891928864569083,0.732423151716647,0.7476317788107832,0.6546919779670122,2,low activity
157,0.0,0.4055,0.11124919630642954,0.06431416086324825,0.47007562179454454,0.01151390788873689,0.6641445285968474,0.7510592462819203,0.6089162446836058,1,irregular/high variability
158,0.0,0.3911,0.05242138622891017,0.04556607324785957,0.7029305587220493,0.0008549931600547196,0.7665201174275112,0.8662947114863668,0.49006356020581215,1,irregular/high variability
159,0.0,0.4518,0.04486677496580027,0.03018954155019448,0.4714978975466312,0.005813953488372093,0.8266707411014431,0.872697972895964,0.8512288788928359,0,strongly periodic
160,0.0,0.5267,0.06295050729594162,0.06301859073242137,0.6475185429111294,0.006782945736434108,0.7430901396499541,0.8471417546795583,0.3936984920721299,1,irregular/high variability
161,0.0,0.5018,0.07544315435476517,0.0636398193707673,0.6192757503176465,0.007694938440492476,0.6747238124494015,0.7177784868229407,0.6092683630780305,1,irregular/high variability
162,0.0,0.4922,0.06169203146374829,0.051460898923250245,0.6245609167172788,0.008207934336525308,0.772401502859661,0.828981506654004,0.7629960603964148,1,irregular/high variability
163,0.0,0.4701,0.07395665754673963,0.04612844197511384,0.5842907490930912,0.00364797081623347,0.7745291254470748,0.8342449799127255,0.7873335586693426,1,irregular/high variability
164,0.0,0.6415,0.08272248632010944,0.06131044794391203,0.6421025926347955,0.001937984496124031,0.6927425996710428,0.7568758857240856,0.6773669650976895,1,irregular/high variability
165,0.0,0.2857,0.04748643980848154,0.028270364059238124,0.4726690886631419,0.0014249886000911993,0.7771533353451056,0.8680180927961496,0.6634414594942096,0,strongly periodic
166,0.0,0.382,0.04490003419972641,0.043900579314081006,0.536214825271235,0.008378932968536252,0.8046281033950933,0.9004105981109143,0.5049209626718518,0,strongly periodic
167,0.0,0.4003,0.06031466028271772,0.03195391227462318,0.5621577771910115,0.006212950296397629,0.6784488158342412,0.7461035430973078,0.7454020688376078,2,low activity
168,0.0,0.4515,0.07539972070223439,0.06010834214773875,0.6415220986641362,0.0024509803921568627,0.4809732078319416,0.5403715049461643,0.6662177111139354,2,low activity
169,0.0,0.4162,0.05480604765161878,0.045854368498222005,0.7003341694979965,0.005699954400364797,0.7707091529275291,0.8530483662674425,0.5537204812429205,1,irregular/high variability
170,0.0,0.537,0.05364624943000455,0.04077553214246186,0.6890247251773458,0.007466940264477884,0.5459479477947581,0.5908055017358351,0.6773505729387838,2,low activity
171,0.0,0.5624,0.08923313383492933,0.08040124553293894,0.6361346906613904,0.007979936160510716,0.6549556075315057,0.7406603822827689,0.6104335284897965,1,irregular/high variability
172,0.0,0.3767,0.04221729936160511,0.040825210346026326,0.5959455527474985,0.021032831737346103,0.7747353919666277,0.8380075487473333,0.7648425121486284,0,strongly periodic
173,0.0,0.3772,0.05728470132238942,0.03925264231830972,0.33515498270698885,0.005699954400364797,0.9289449741683256,0.9439469088063261,0.9132263852294269,0,strongly periodic
174,0.0,0.215,0.026518684450524396,0.02088931778540734,0.4785138502826427,0.047765617875057,0.8186677899929651,0.8296805500843277,0.651100164173139,0,strongly periodic
175,0.0,0.333,0.04339953830369357,0.03524098944890929,0.6055646441460786,0.004958960328317373,0.7233300106041368,0.82292822851237,0.5306159726290228,0,strongly periodic
176,0.0,0.0689,0.024836012311901502,0.016817317862417174,0.3794321905382239,0.0547765617875057,0.8924386697919162,0.9269603862655679,0.8785674751830426,0,strongly periodic
177,0.0,0.5341,0.07512490310077519,0.056400452472407506,0.6898398509694774,0.005186958504331965,0.711552485605711,0.7645262161094416,0.6369522570226236,1,irregular/high variability
178,0.0,0.4385,0.052360214318285456,0.039499164557935416,0.5975766140046552,0.007637938896488828,0.7284495934831677,0.8290655637013388,0.5268791304236007,0,strongly periodic
179,0.0,0.5251,0.04653374943000456,0.02258386834906689,0.42598856466915036,0.014192886456908345,0.7765053415856115,0.790360533732736,0.8094124973628409,0,strongly periodic
180,0.0,0.5998,0.08644138166894665,0.09839126198652141,0.4757880935602424,0.004103967168262654,0.743281983731796,0.841574586161094,0.6435478497124367,1,irregular/high variability
181,0.0,0.0527,0.02140575125398997,0.013929762024049533,0.34620002371999575,0.08874829001367988,0.868091314997953,0.9253517664027082,0.6822695129272364,0,strongly periodic
182,0.0,0.5039,0.058443792749658004,0.05158307965289474,0.5999427700858921,0.009575923392612859,0.7241846354244018,0.7587489796503268,0.4750151417367587,1,irregular/high variability
183,0.0,0.4077,0.04133730050159599,0.022680562078094112,0.5678609577009972,0.016130870953032377,0.7124283319247563,0.7359292529771171,0.6927173053709188,2,low activity
184,0.0,0.2879,0.04983927268581851,0.029754412990396408,0.35442545909891404,0.0008549931600547196,0.8807293644748717,0.9027843318223674,0.9025960693689062,0,strongly periodic
185,0.0,0.4553,0.06174793091655266,0.05816956539438947,0.623629075522427,0.004274965800273598,0.7451400986247235,0.8382780119597648,0.4698321822877799,1,irregular/high variability
186,0.0,0.3677,0.058323369813041495,0.039059937265411425,0.447710717885136,0.0047309621523027815,0.8186341455366508,0.9093766366774734,0.7805792706529712,0,strongly periodic
187,0.0,0.4846,0.07019971500227999,0.09476480713160033,0.5465359719185634,0.006041951664386685,0.7645281026061204,0.9027996167774085,0.5851999776202603,1,irregular/high variability
188,0.0,0.6172,0.04583389192886456,0.05169415741939004,0.8327829984692379,0.016814865481076153,0.6583102269533987,0.7047336658931688,0.46487714028511223,2,low activity
189,0.0,0.5335,0.06373011285909713,0.06478608515540837,0.6523797545499455,0.00729594163246694,0.7214951240621551,0.8022948478764769,0.2963275217768694,1,irregular/high variability
190,0.0,0.3251,0.050813280893752845,0.031846832086578694,0.420923979307503,0.00421796625626995,0.8271233118931053,0.9126913643979271,0.8001712840732732,0,strongly periodic
191,0.0,0.4797,0.06670769493844048,0.04956382459703629,0.6390759139542573,0.008549931600547196,0.7099914495601692,0.8281661725829026,0.4738728393459846,1,irregular/high variability
192,0.0,0.3628,0.04928213634290926,0.048912646867359515,0.5710764058519265,0.007238942088463292,0.7835254857807166,0.8827757789072972,0.4961339481796566,0,strongly periodic
193,0.0,0.3292,0.03869088007295941,0.03935481058393417,0.4757924409401233,0.003476972184222526,0.6144252171817662,0.725039382894972,0.660962868119615,2,low activity
194,0.0,0.5028,0.07259798791609667,0.057987078404687635,0.4842831946513742,0.00786593707250342,0.8159813464064056,0.8826809530306791,0.7823498627703387,1,irregular/high variability
195,0.0,0.4192,0.05484001367989056,0.058102592425834494,0.5913585984422931,0.0084359325125399,0.7565066151414872,0.864708269271062,0.4207644527287267,1,irregular/high variability
196,0.0,0.5338,0.08227343251253989,0.06281668840493126,0.6661333708633592,0.0024509803921568627,0.6572167649467536,0.7314836698564299,0.6645761713357401,1,irregular/high variability
197,0.0,0.4705,0.026150347697218423,0.023705084220288324,0.505938330303214,0.008264933880528956,0.7170333537165987,0.7809581444770332,0.7175696662511152,0,strongly periodic
198,0.0,0.5324,0.07033976858185134,0.06976961623273022,0.6132060122136572,0.01008891928864569,0.6706157751442521,0.7551388893302654,0.6279487365193429,1,irregular/high variability
199,0.0,0.2143,0.052692082763337894,0.03225985382207293,0.39586862045824434,0.003419972640218878,0.8796116813611528,0.9067626613334969,0.819232344398041,0,strongly periodic
200,0.0,0.4222,0.05196029981760146,0.05697741326497659,0.5095348301289147,0.00815093479252166,0.7872180156149392,0.8701715322568582,0.7305465561086506,0,strongly periodic
201,0.0,0.3896,0.05437421340629275,0.05349691008489328,0.5283202502002913,0.017384860921112633,0.799418434160439,0.8920547360969984,0.7453208423490566,0,strongly periodic
202,0.0,0.3717,0.07617284541723666,0.05244323116001512,0.4852211686507301,0.002222982216142271,0.8300808751805643,0.8814233192527774,0.8420890215150858,1,irregular/high variability
203,0.0,0.4636,0.06901107501139991,0.05964797251045625,0.5841193175553241,0.008891928864569083,0.7602648618624244,0.8219746401647161,0.7552498473911268,1,irregular/high variability
204,0.0,0.5375,0.04032424190606475,0.02990342273148277,0.5571338883218425,0.018752849977200184,0.7413269652511617,0.7894496613583384,0.6813193994684311,0,strongly periodic
205,0.0,0.303,0.036083909028727774,0.02370803300997235,0.42456281691378245,0.012482900136798905,0.7938162060630907,0.851681651782471,0.7599904163394144,0,strongly periodic
206,0.0,0.3114,0.04494319995440037,0.03581447093827272,0.5826193253038188,0.022001823985408116,0.7351820468151209,0.7625381492324868,0.7322478200467276,0,strongly periodic
207,0.0,0.4715,0.059630620155038755,0.03827609945802063,0.45954894773594485,0.005243958048335613,0.7862016456730776,0.8208424631359382,0.7956854431975756,0,strongly periodic
208,0.0,0.5291,0.05756157660738714,0.04412850097254953,0.6050939019408332,0.013508891928864569,0.7217824507511426,0.7406830728346241,0.6239883558651895,1,irregular/high variability
209,0.0,0.5534,0.07881283059735522,0.06653749129237196,0.4915130485970599,0.0047879616963064295,0.7981796478463576,0.8777850709481405,0.7438197830395534,1,irregular/high variability
210,0.0,0.4955,0.04899968650250798,0.03488091408444423,0.5833171292260452,0.0008549931600547196,0.7969567721400125,0.8713274121295354,0.703075280065649,0,strongly periodic
211,0.0,0.4034,0.07245660624715002,0.058145607847398535,0.5346536587472343,0.0030779753761969904,0.7787933936652752,0.8728748957072241,0.7588922221145495,1,irregular/high variability
212,0.0,0.5922,0.08577521659826721,0.06097949324903667,0.46690364276960217,0.0008549931600547196,0.7764731998747699,0.8721998509412928,0.6113744348842094,1,irregular/high variability
213,0.0,0.3469,0.05047625968992248,0.04063483974081309,0.4995031530861381,0.0047309621523027815,0.7995648308937446,0.8851347157714364,0.8356546688752421,0,strongly periodic
214,0.0,0.3321,0.04583074555403557,0.019989616342122544,0.6758468603111386,0.004160966712266302,0.5630758645630413,0.5884458020453839,0.6758330016900108,2,low activity
215,0.0,0.4013,0.028569790241678068,0.026243568478850378,0.7239958362488934,0.004046967624259006,0.3696941799029236,0.4057711672204744,0.5562555235620857,2,low activity
216,0.0,0.4661,0.06636186730506155,0.06090468731106377,0.6018545081473695,0.002279981760145919,0.7592763960515183,0.8524760269421556,0.49130912152571604,1,irregular/high variability
217,0.0,0.566,0.078784581623347,0.08273273689112268,0.6499325019414418,0.0008549931600547196,0.7657004551924255,0.8319675827589714,0.4769944308410769,1,irregular/high variability
218,0.0,0.464,0.04505409256725946,0.023759953641949362,0.5143111768601641,0.0066689466484268125,0.7299397515995849,0.7762283532987009,0.5782212351430349,0,strongly periodic
219,0.0,0.5919,0.13259205996352028,0.08751170405859171,0.5030844286303974,0.010829913360693114,0.741978661835424,0.8149894612831522,0.6786326653966518,1,irregular/high variability
220,0.0,0.575,0.058713183994528045,0.0714539154784019,0.6046410317358535,0.010487916096671226,0.7193933548582595,0.7805003274426077,0.3578965751806678,1,irregular/high variability
221,0.0,0.6007,0.07016481988144095,0.053173995641844114,0.653807293197527,0.008948928408572731,0.7014251396074205,0.8101749738042114,0.4619748789728243,1,irregular/high variability
222,0.0,0.4479,0.07008584701322389,0.05242871881017992,0.5372817308153109,0.0066689466484268125,0.7215259229342876,0.8193250074755638,0.45161967377846524,1,irregular/high variability
223,0.0,0.3961,0.04420833333333333,0.026377180001091884,0.6645575501347973,0.005015959872321021,0.7054884300607692,0.7222054434812076,0.5775668489766158,2,low activity
224,0.0,0.4184,0.0379438440492476,0.025498748611540157,0.6636316071767783,0.00758093935248518,0.6353809512091708,0.7467694989953814,0.47844333174188586,2,low activity
225,0.0,0.6417,0.0694531121751026,0.08672123495300073,0.6695049002299988,0.0025079799361605107,0.7228907066380756,0.8189603911798568,0.5366588425709462,1,irregular/high variability
226,0.0,0.5088,0.056542265161878706,0.05704776016388621,0.7284366210051766,0.004388964888280894,0.49791516323055207,0.5424795492918243,0.47790793090402867,2,low activity
227,0.0,0.5436,0.05891767555859553,0.05672505813187298,0.6887323198692104,0.0047309621523027815,0.6291662819931844,0.6705820345709901,0.6694738110602756,2,low activity
228,0.0,0.4866,0.04638465572275422,0.06000229941697059,0.6727851006670591,0.0024509803921568627,0.7234152655469813,0.7986852548269773,0.31279832911258276,1,irregular/high variability
229,0.0,0.6296,0.1040922366621067,0.07591440543015857,0.6262885966938806,0.018752849977200184,0.6131745138835465,0.6623648697878477,0.5973778766623768,1,irregular/high variability
230,0.0,0.4653,0.0868390617875057,0.09460115957238269,0.5442637299378227,0.01430688554491564,0.7487020674193687,0.8222561891859633,0.7310866647259132,1,irregular/high variability
231,0.0,0.4479,0.06909636342909256,0.05136585105700097,0.5631357099941037,0.008891928864569083,0.7015005516593024,0.7377307590632037,0.7672310461952634,1,irregular/high variability
232,0.0,0.208,0.04806784655722754,0.030547471627184866,0.5744374973221161,0.006953944368445052,0.7925954977306493,0.8705024694973039,0.7103152463267607,0,strongly periodic
233,0.0,0.4404,0.04454770861833106,0.04859512676841951,0.7685258349557641,0.001937984496124031,0.6242068189321467,0.6526870460994613,0.44888834906504443,2,low activity
234,0.0,0.4616,0.10065397856817145,0.05150359645837641,0.5357216925664726,0.008834929320565435,0.7690729242905427,0.7980209193372634,0.6939068000512026,1,irregular/high variability
235,0.0,0.4154,0.06911450638394892,0.05596400846840039,0.663036509404548,0.007352941176470588,0.6659880112032281,0.680645667592598,0.7116731609044811,2,low activity
236,0.0,0.5367,0.046503579571363425,0.04517419380425377,0.5492580621117463,0.006098951208390333,0.7964759810274116,0.8967802011838354,0.5239757529125444,0,strongly periodic
237,0.0,0.4178,0.03770657204742363,0.02149077121445082,0.6476675630166935,0.010031919744642043,0.6707825514479818,0.7861995135436654,0.4990971481969319,2,low activity
238,0.0,0.4276,0.04078572161422708,0.0367582318388032,0.7712582329261976,0.006041951664386685,0.7504690568308189,0.807982327990995,0.7335210479919665,2,low activity
239,0.0,0.4983,0.06323665640674875,0.049603517710292894,0.46051479760292724,0.014933880528955768,0.8332340496562279,0.882704009411107,0.8582221170047614,0,strongly periodic
240,0.0,0.4457,0.07184919630642954,0.047099753018675125,0.5661955058163899,0.0008549931600547196,0.826145702670321,0.8859949686994435,0.8217878943385876,1,irregular/high variability
241,0.0,0.5177,0.0490265674874601,0.059302779997191024,0.7039812618338424,0.003533971728226174,0.7170884818194241,0.7934403571716364,0.38688829142799314,1,irregular/high variability
242,0.0,0.4772,0.06754501823985407,0.04878772686632905,0.47080038140135666,0.00364797081623347,0.8456646913273727,0.8982423618203841,0.8734085903895927,0,strongly periodic
243,0.0,0.3913,0.06404288075695394,0.04618995706361832,0.5000721916765977,0.005699954400364797,0.7866669858804006,0.8499599482179182,0.44379675804792307,0,strongly periodic
244,0.0,0.4523,0.057141022571819425,0.0726064184796985,0.5559650802184042,0.0033629730962152302,0.2166755830409325,0.4857801736941306,0.365921096753141,2,low activity
245,0.0,0.3886,0.054389044687642496,0.04987482745787558,0.6283718502567186,0.008777929776561787,0.710424584783306,0.802723014858578,0.47472061221473355,1,irregular/high variability
246,0.0,0.4196,0.04260579115367077,0.05459202585568679,0.7343202482038569,0.007124943000455996,0.7568654841371378,0.8318587976098549,0.6222535751165117,1,irregular/high variability
247,0.0,0.3545,0.08105102029183767,0.055933234121634354,0.5781955463280039,0.015275877792977656,0.7528610250206812,0.7944120182514064,0.8253862981442008,1,irregular/high variability
248,0.0,0.3064,0.04916890104879161,0.03748115158814763,0.694981515232044,0.011969904240766074,0.6279384753958558,0.6818892623627671,0.3833101100316359,2,low activity
249,0.0,0.5375,0.08535963862289102,0.07485556578525322,0.5007151100290145,0.0031919744642042863,0.7700690374964114,0.8429751290049834,0.7880008423599885,1,irregular/high variability
250,0.0,0.3397,0.0700780095759234,0.0575448299022405,0.4923757807629217,0.0008549931600547196,0.7832349822098416,0.855301631584732,0.8109905229460473,1,irregular/high variability
251,0.0,0.5769,0.06612102713178294,0.05333025851816587,0.7072612754052988,0.005072959416324669,0.6858855083866103,0.7891981984800256,0.4257570427384839,1,irregular/high variability
252,0.0,0.39,0.06977478340173278,0.05913859392471006,0.46958737771279896,0.018581851345189238,0.7951920572001716,0.8429953278127696,0.7745549917911027,1,irregular/high variability
253,0.0,0.3785,0.061856731646146836,0.042106449298890035,0.6238824779217894,0.0046739626082991335,0.7488088485864375,0.8189943687199885,0.7355338115803948,1,irregular/high variability
254,0.0,0.4135,0.04790647514819882,0.03281875848999852,0.5360925799713693,0.01179890560875513,0.791671754147817,0.849687410829212,0.7811530152989998,0,strongly periodic
255,0.0,0.4806,0.05105255357957136,0.03368154279406719,0.5680364688154665,0.004445964432284542,0.8341148035097131,0.8967000918094112,0.8382305251510308,0,strongly periodic
256,0.0,0.3451,0.05580169288645691,0.040036573068466384,0.4174893313862018,0.008834929320565435,0.8700054623868646,0.8904036081061727,0.8911012391565275,0,strongly periodic
257,0.0,0.2681,0.050568707250342,0.03132163876197328,0.5838764641064977,0.0008549931600547196,0.8324883766538084,0.8982453355754714,0.7628895093054985,0,strongly periodic
258,0.0,0.4093,0.04661970474236206,0.02632815715569832,0.5537447715694671,0.004046967624259006,0.6685423765837826,0.64854601822523,0.7093102011278285,2,low activity
259,0.0,0.6151,0.05556985294117647,0.052836176695376345,0.7346811535105138,0.006212950296397629,0.7811288298237071,0.8501882477634116,0.6614532756167651,1,irregular/high variability
260,0.0,0.6261,0.05650500455996352,0.04245368638823107,0.5522184104062016,0.0046739626082991335,0.7576602970366065,0.8177500895454903,0.7938972401664752,0,strongly periodic
261,0.0,0.1951,0.04486323529411765,0.03266034471833773,0.5114931959779255,0.0008549931600547196,0.8379849835378711,0.9110549383122755,0.8423185078076585,0,strongly periodic
262,0.0,0.5452,0.0540437585499316,0.05244725929716373,0.5612238046037733,0.008378932968536252,0.7863823753306347,0.8904547224906474,0.5335600204015909,0,strongly periodic
263,0.0,0.4708,0.03743997378020975,0.042176646387285334,0.8023435316832718,0.0008549931600547196,0.7126577336914772,0.7878581512591308,0.3136606184913193,2,low activity
264,0.0,0.464,0.07599969220246239,0.063426667174686,0.601433832001345,0.011000911992704058,0.6722590256604905,0.7706660097413609,0.5438130197343426,1,irregular/high variability
265,0.0,0.19,0.03432396260829913,0.021827886377196952,0.44227706488929464,0.008549931600547196,0.7933694140333647,0.8894589400298757,0.6460730954438867,0,strongly periodic
266,0.0,0.4227,0.08685102599179206,0.06738645782343622,0.5741860405990137,0.0024509803921568627,0.7607835933656856,0.7911414209907757,0.7937048061853393,1,irregular/high variability
267,0.0,0.1313,0.05439981190150479,0.03243456843315143,0.3593814350693323,0.0008549931600547196,0.9157459973968283,0.9939735618857917,0.9229498799350447,0,strongly periodic
268,0.0,0.5234,0.05114459074327406,0.04270233345129339,0.5855474492755268,0.017897856817145463,0.6847287590425011,0.7764552232473441,0.5445879664337474,2,low activity
269,0.0,0.5918,0.051727918376652984,0.05664663622552397,0.6730153415554629,0.0029639762881896944,0.48325749303944904,0.4571158794525687,0.5689822667587899,2,low activity
270,0.0,0.4915,0.08341753875968992,0.05922422800042217,0.6295105894240156,0.001937984496124031,0.6929745363136847,0.7667068933950156,0.6762321218375872,1,irregular/high variability
271,0.0,0.43,0.07646523027815777,0.05654137212592807,0.5685487001683616,0.009119927040583675,0.7286200516979274,0.8440430938668173,0.620757563649947,1,irregular/high variability
272,0.0,0.3302,0.035282683538531694,0.0258916667557441,0.38827929155558755,0.003875968992248062,0.8785532909255057,0.9376652055182438,0.911222200168442,0,strongly periodic
273,0.0,0.5715,0.09708164044687642,0.09026694823399407,0.6229501246110609,0.008264933880528956,0.7349416818106888,0.8267940421984562,0.6590386988106757,1,irregular/high variability
274,0.0,0.3172,0.05415837323301414,0.057727562313307515,0.5242961006544291,0.022970816233470134,0.8028479337726053,0.8969353119964156,0.7489719155475776,0,strongly periodic
275,0.0,0.4008,0.05092387710898313,0.047408841721380615,0.6732226365278462,0.017897856817145463,0.7579912515625191,0.8416684055110801,0.4989097232708921,1,irregular/high variability
276,0.0,0.3564,0.0578141301869585,0.047667117798260744,0.6264227526057348,0.0008549931600547196,0.7308168495641579,0.801678819459002,0.6466945883510592,1,irregular/high variability
277,0.0,0.5609,0.06433313953488372,0.08530575167907663,0.5252682443267729,0.009062927496580027,0.7459955166703209,0.8533003298143976,0.6697308681563594,1,irregular/high variability
278,0.0,0.5742,0.09804102257181943,0.10608232826301552,0.4278122815789408,0.006953944368445052,0.7783457581540152,0.923298248207498,0.7404359587550103,1,irregular/high variability
279,0.0,0.5453,0.07064493274053808,0.06355442404635692,0.6143430994920609,0.01293889648882809,0.7338861621332845,0.8287365785796119,0.4612790209092324,1,irregular/high variability
280,0.0,0.3959,0.05004277245782034,0.03229389466907256,0.357731213538923,0.0046739626082991335,0.890158471893433,0.9263380498909624,0.9282057173070757,0,strongly periodic
281,0.0,0.2946,0.044232261741906066,0.026820579249224142,0.5007510522090914,0.001937984496124031,0.7678140596375893,0.8421563647010055,0.5748058791725881,0,strongly periodic
282,0.0,0.5558,0.023407506839945278,0.03473886527949374,0.7462029643013229,0.006326949384404925,0.4115789823543165,0.4760164407424392,0.3471700242830841,2,low activity
283,0.0,0.3213,0.05712661878704971,0.04094016191418455,0.5262553737320936,0.0008549931600547196,0.7032904062978206,0.8080761626697432,0.7526591616748372,1,irregular/high variability
284,0.0,0.2968,0.04798377222982216,0.03884076066904269,0.6080241590642976,0.0030209758321933424,0.6720111470704773,0.7634861574185842,0.5443064834218383,2,low activity
285,0.0,0.5018,0.08381825125398996,0.05961546559240446,0.39684617071004386,0.001937984496124031,0.825738710930287,0.8099726512571728,0.4652070313262251,1,irregular/high variability
286,0.0,0.4323,0.08134728112175102,0.05946792984668459,0.6027913034794892,0.0008549931600547196,0.6680910306226531,0.710210027619385,0.6205627543252822,1,irregular/high variability
287,0.0,0.4539,0.07356794915640674,0.05790766451761224,0.671509020441654,0.011000911992704058,0.681514656805166,0.7375586761071369,0.6389563400115849,1,irregular/high variability
288,0.0,0.4293,0.059722634518923845,0.06398568189497204,0.6453417124074088,0.014990880072959416,0.6393261862170078,0.6716666109918747,0.6471158664571681,2,low activity
289,0.0,0.4603,0.11408718650250799,0.08194882870126188,0.46246646402567587,0.007067943456452348,0.8121871034828745,0.8792694828832558,0.8669382530264941,1,irregular/high variability
290,0.0,0.4484,0.0819406064751482,0.05580367010443137,0.4822638718310409,0.002108983128134975,0.8259426700338494,0.8854115221644562,0.8405894514043185,1,irregular/high variability
291,0.0,0.4233,0.04641823985408117,0.04489892872791793,0.5006870351197323,0.005357957136342909,0.7901787117267025,0.8646909578659936,0.7309421468128076,0,strongly periodic
292,0.0,0.3881,0.05294659712722298,0.05161098598795964,0.58898377823661,0.0029639762881896944,0.7475631999973038,0.8663216278618018,0.41587784692133273,1,irregular/high variability
293,0.0,0.2679,0.07782940036479707,0.04170516413642212,0.4315417267194091,0.0028499772001823985,0.847881739690727,0.8866309279853914,0.7730436203098093,0,strongly periodic
294,0.0,0.5221,0.06277525649794802,0.07125319169051728,0.6920993750886503,0.0008549931600547196,0.7226522172766957,0.8245816937421854,0.3559352338296085,1,irregular/high variability
295,0.0,0.4891,0.05813063725490196,0.04435296082022073,0.5381126373230266,0.014477884176926584,0.6316721248815858,0.7056510155276594,0.5532587888658979,2,low activity
296,0.0,0.5012,0.06295881782945736,0.05204951981954448,0.4203594654704846,0.003419972640218878,0.8077499054625987,0.8868987459850303,0.8367668025684821,0,strongly periodic
297,0.0,0.5063,0.06262697218422253,0.05724977677877817,0.6045408180642105,0.008492932056543548,0.6529066132734123,0.7393589653399333,0.37761737438712784,1,irregular/high variability
298,0.0,0.2963,0.054457045143638846,0.04567828634021651,0.7183649921473333,0.011969904240766074,0.40336175248032624,0.3142759068600118,0.4582099372851338,2,low activity
299,0.0,0.5397,0.11819819881440947,0.07694174570594202,0.6003431159677606,0.00815093479252166,0.6774910873907446,0.77155614790698,0.636781076985656,1,irregular/high variability
300,0.0,0.2688,0.04601636456908345,0.030603186827328693,0.4445296777821694,0.005927952576379389,0.822281908940012,0.9174895865417368,0.8031731785344058,0,strongly periodic
301,0.0,0.455,0.04834279525763794,0.04242145645155919,0.5340269299462805,0.008606931144550843,0.722672864721478,0.706372593048753,0.750114982307127,2,low activity
302,0.0,0.0767,0.024322549019607845,0.013733222072279293,0.37399798582318144,0.0032489740082079343,0.8952293652978405,0.9258973960021151,0.8871244995798534,0,strongly periodic
303,0.0,0.5872,0.0710313725490196,0.04118931755948678,0.5426851527933675,0.00364797081623347,0.7256443218505528,0.820061119914094,0.7453158048783541,1,irregular/high variability
304,0.0,0.572,0.06901822845417235,0.07492389645846455,0.5794919417452254,0.004160966712266302,0.699306174075481,0.786525669443526,0.6726270870243032,1,irregular/high variability
305,0.0,0.5765,0.0711734268125855,0.062473005922304634,0.787308127268423,0.007637938896488828,0.5238045285358214,0.5737422652571901,0.5218848662691299,2,low activity
306,0.0,0.4085,0.03937678978568171,0.043856105070309494,0.5509831651054056,0.0031349749202006384,0.7724486443297784,0.8521713356553473,0.6491688124837935,0,strongly periodic
307,0.0,0.4145,0.04369910510715914,0.029851374617806598,0.4446661039029882,0.0023369813041495668,0.8017156551963402,0.8235784060851546,0.7049199381040097,0,strongly periodic
308,0.0,0.6054,0.07421500797993616,0.07933457053653267,0.6135556363861315,0.009689922480620155,0.7209048041601172,0.8210651900878967,0.41001581296191125,1,irregular/high variability
309,0.0,0.2373,0.04549566233470133,0.0259507405001678,0.33712681128603705,0.0008549931600547196,0.89452879864786,0.9184034340812586,0.8453726318390415,0,strongly periodic
310,0.0,0.6729,0.08779184336525307,0.08837291005364102,0.6393566890325156,0.006839945280437756,0.7006967804368848,0.7271471391465708,0.7002129195039613,1,irregular/high variability
311,0.0,0.3754,0.056170913132694934,0.03879859789383882,0.5908311845280539,0.008036935704514364,0.7239460005285066,0.8185506071853232,0.6314021186781683,1,irregular/high variability
312,0.0,0.4327,0.09859139306885545,0.07329179894775267,0.5489556826294782,0.005072959416324669,0.7726467253258081,0.8318099216071431,0.8343394735482799,1,irregular/high variability
313,0.0,0.3622,0.0592313041495668,0.037143937398796276,0.47120336100321614,0.008036935704514364,0.8030071658386252,0.84289374847594,0.8338830603422088,0,strongly periodic
314,0.0,0.4774,0.06548235294117648,0.06237848333630241,0.59981593237682,0.0008549931600547196,0.7155455598564433,0.7828282275636259,0.3932297945846624,1,irregular/high variability
315,0.0,0.5181,0.047388138394892844,0.05673874124804966,0.7777185791304811,0.009176926584587323,0.7052859043969801,0.7600030571121226,0.4340118730492714,2,low activity
316,0.0,0.4988,0.09766428408572732,0.06931004930282325,0.5887497881892719,0.0027929776561787505,0.6698533109275489,0.7655856197051027,0.6372421561658693,1,irregular/high variability
317,0.0,0.5315,0.0862516529867761,0.05783356951730982,0.55642398776872,0.0008549931600547196,0.7148627087241903,0.7186122902052785,0.7651321743692819,1,irregular/high variability
318,0.0,0.5326,0.11564155836753305,0.08622719504938649,0.5228169900224726,0.014819881440948472,0.715929955466858,0.7991151803194368,0.6542520206986986,1,irregular/high variability
319,0.0,0.4408,0.05803101915184678,0.05781049245630258,0.509277868263148,0.003761969904240766,0.8085053480898369,0.8878014169651096,0.7512765414395128,1,irregular/high variability
320,0.0,0.5623,0.08868617761057912,0.07848142867260287,0.4750177309973667,0.0013679890560875513,0.7895887829465869,0.8630078557245885,0.7796014728430418,1,irregular/high variability
321,0.0,0.5204,0.035793399452804374,0.022954689671398413,0.617035081247476,0.005927952576379389,0.6692834360754554,0.6942774357667931,0.7384603367202024,2,low activity
322,0.0,0.4763,0.052128260373917004,0.05501853271919687,0.8021182466844469,0.005585955312357501,0.7679205118949445,0.839489019195715,0.41999869669312956,1,irregular/high variability
323,0.0,0.3067,0.027642618559051528,0.02546796822706218,0.5952658163776222,0.007409940720474236,0.6487769914448025,0.6602747421496191,0.4594970611905485,2,low activity
324,0.0,0.4694,0.08358425102599179,0.06965038577027359,0.6418704814869118,0.007352941176470588,0.6699725536860451,0.7680984990617978,0.6168237778652979,1,irregular/high variability
325,0.0,0.6156,0.10124858071135431,0.08024860797903564,0.46692528922876964,0.00815093479252166,0.8203613538825824,0.8521824865812916,0.7849590276040256,1,irregular/high variability
326,0.0,0.5834,0.14093011285909712,0.08545354833350736,0.5916772567363561,0.0066689466484268125,0.692126949127223,0.7855229960178085,0.6397768612287956,1,irregular/high variability
327,0.0,0.2488,0.05366639876880985,0.03129533496089006,0.40400366270805593,0.0008549931600547196,0.8522397680473316,0.8988468853067472,0.8006331246886034,0,strongly periodic
328,0.0,0.3903,0.059250883492932054,0.06423317051304474,0.5451877881380366,0.01293889648882809,0.763793279380265,0.8536485784739276,0.6839633220672919,1,irregular/high variability
329,0.0,0.4832,0.10318252393980848,0.07281313898726798,0.460377742915867,0.011684906520747834,0.6201862638624888,0.7926684366121769,0.7624305138182035,1,irregular/high variability
330,0.0,0.4181,0.0666734325125399,0.050688537313977045,0.6702583855278065,0.005528955768353853,0.649089588027227,0.7092252083297881,0.6744142050446186,2,low activity
331,0.0,0.506,0.05067717738258094,0.05953226147462162,0.751604971949846,0.006155950752393981,0.6173963843106494,0.6810923528161944,0.4384453733235556,2,low activity
332,0.0,0.5223,0.04851426698586411,0.06741234091167453,0.6032755292160914,0.011342909256725946,0.7488832721214866,0.8464609269177072,0.3290631933655357,1,irregular/high variability
333,0.0,0.3236,0.043215372777017785,0.03304198182502576,0.4256171895064801,0.012767897856817145,0.8421006602260944,0.8865674588799359,0.8497569388843038,0,strongly periodic
334,0.0,0.5157,0.10283920428636573,0.07707938932070992,0.5275328516600952,0.003704970360237118,0.7518195604425875,0.7847576126727406,0.7821534540247466,1,irregular/high variability
335,0.0,0.4395,0.04710909142726859,0.042344135303119985,0.5666151957690363,0.01880984952120383,0.8019238119011651,0.8624137039102729,0.7731922931892832,0,strongly periodic
336,0.0,0.3143,0.046505033059735516,0.02302689426334415,0.45325982591181924,0.0008549931600547196,0.8110687928885324,0.852197411857717,0.7624914486129631,0,strongly periodic
337,0.0,0.4842,0.048161177610579115,0.03520606687465761,0.4635125437296125,0.0024509803921568627,0.7974823581871219,0.8527596209253535,0.8339421495364887,0,strongly periodic
338,0.0,0.5744,0.07262837437300501,0.053065228036267814,0.5962751308580827,0.008834929320565435,0.720193105551496,0.8213854456086133,0.5704950701909478,1,irregular/high variability
339,0.0,0.5647,0.056738178294573643,0.058597749791915364,0.4626491944094128,0.008321933424532604,0.8196942714983185,0.9054910183453915,0.7835648677685622,0,strongly periodic
340,0.0,0.3771,0.04645861263109895,0.029717099449542424,0.48876474973251477,0.005072959416324669,0.8492515966401815,0.8899889215287374,0.8746321473517001,0,strongly periodic
341,0.0,0.3978,0.03899094277245782,0.026186884397206508,0.5843982199178595,0.005813953488372093,0.7434394698391428,0.8026888008470098,0.6208861142497676,0,strongly periodic
342,0.0,0.4408,0.06346068741450069,0.05782992241754128,0.5493024924286427,0.011114911080711354,0.7619217364800743,0.8576977340726966,0.7762549317326122,1,irregular/high variability
343,0.0,0.4285,0.06506109781121751,0.05524163626967053,0.49304517517356966,0.009689922480620155,0.8267734782369113,0.9200111983888358,0.5996837266652234,0,strongly periodic
344,0.0,0.4224,0.06970012539899681,0.059099148829480926,0.5628380138268233,0.0031349749202006384,0.7907884917067698,0.8868389561244044,0.5660649223496964,1,irregular/high variability
345,0.0,0.1751,0.03118530551755586,0.02336193662241631,0.44729935776969976,0.03602371181030552,0.802143628294926,0.8480926035870883,0.7300312020990969,0,strongly periodic
346,0.0,0.4329,0.07464666552667577,0.05872415605122961,0.5173057995556674,0.008321933424532604,0.732567632076842,0.8055094342047421,0.7466054214379604,1,irregular/high variability
347,0.0,0.3636,0.045191495668034654,0.032670342597001883,0.47347701879891935,0.0008549931600547196,0.7816932331269024,0.8321663661977509,0.82061893790557,0,strongly periodic
348,0.0,0.3792,0.06565711354309166,0.045116503209426645,0.44189548502097414,0.005414956680346557,0.859060696123279,0.8948157414431223,0.8417150983338434,0,strongly periodic
349,0.0,0.4447,0.03610549475604195,0.03374685948326473,0.5552030902777179,0.005357957136342909,0.753896822592701,0.8583650043778849,0.6173574849375979,0,strongly periodic
350,0.0,0.5133,0.078147081623347,0.06273987087245106,0.5431758080397971,0.012824897400820793,0.76336614816904,0.8267861522232135,0.7307926979597115,1,irregular/high variability
351,0.0,0.5506,0.037361012311901504,0.04174900122799572,0.5207057773284285,0.10909712722298222,0.7210466692370224,0.7780676000964424,0.5895775526479694,0,strongly periodic
352,0.0,0.4647,0.08293185704514364,0.0772041050264809,0.610156826291294,0.014648882808937528,0.6800922906561211,0.7730087279311255,0.648793796845357,1,irregular/high variability
353,0.0,0.5583,0.038469009347925215,0.04830794323072311,0.8666597747544816,0.014534883720930232,0.6181540892798836,0.6307481563785259,0.35324130783769025,2,low activity
354,0.0,0.5267,0.03576329229366165,0.05571248215658831,0.8784790152005888,0.0032489740082079343,0.5827343971252334,0.6569005129347106,0.30707232297802284,2,low activity
355,0.0,0.4586,0.053151196990424074,0.03898619615144929,0.6094388551770359,0.008321933424532604,0.7054809398945587,0.8022033081146556,0.5303828767358201,1,irregular/high variability
356,0.0,0.3946,0.06274390674874601,0.04711867323892991,0.5460681142110428,0.009974920200638395,0.7675174285169667,0.8042020547063989,0.6308956282319146,1,irregular/high variability
357,0.0,0.5204,0.046047132922936614,0.03296874725362551,0.4463155761915067,0.020348837209302327,0.8006307684064572,0.8733689751052839,0.7772828668280222,0,strongly periodic
358,0.0,0.1668,0.041457438440492475,0.023905989006495366,0.36332106889324195,0.0067259461924304605,0.8812774203050328,0.9277339335894653,0.8998150206049019,0,strongly periodic
359,0.0,0.5013,0.05826672366621067,0.04348169610690894,0.6428131192156089,0.007922936616507068,0.7522419751152218,0.8172124182236328,0.755814756989721,1,irregular/high variability
360,0.0,0.5649,0.07453167464660283,0.04153619740338754,0.5117380623061938,0.005414956680346557,0.7528396805390816,0.8317373013126549,0.8160733091852356,1,irregular/high variability
361,0.0,0.3675,0.03881535567715458,0.03612080184274273,0.6497252974409965,0.003704970360237118,0.7070912797871687,0.8175477987598131,0.4719372406386035,2,low activity
362,0.0,0.1816,0.03459782261741906,0.029317245162737506,0.41519197253126827,0.030437756497948016,0.8575112951501633,0.912172180980859,0.8681279527744205,0,strongly periodic
363,0.0,0.4258,0.06048960328317373,0.05368141734483982,0.5838581141721277,0.008093935248518012,0.7790828182025322,0.8297475627746596,0.6621489165145535,1,irregular/high variability
364,0.0,0.5861,0.08457572389420885,0.07454044159620002,0.5555647654266724,0.0008549931600547196,0.7863594959832964,0.8414492775015857,0.5647727954121314,1,irregular/high variability
365,0.0,0.3584,0.04702333561331509,0.033838188767436155,0.413659432061884,0.006896944824441404,0.8518998613513836,0.9128640769410363,0.8801577181024641,0,strongly periodic
366,0.0,0.5937,0.11568723780209758,0.0923178350930826,0.5374459346922856,0.00872093023255814,0.7312998877633469,0.8156053961947719,0.3664980175235315,1,irregular/high variability
367,0.0,0.2942,0.047964415184678526,0.02894427572927,0.6492525739549195,0.0025079799361605107,0.7010363715524496,0.7416848608685117,0.5476506199772398,2,low activity
368,0.0,0.4237,0.0255812699498404,0.023054250420577866,0.5265623270792511,0.00364797081623347,0.701957541609762,0.7665410754311109,0.7257733380065008,0,strongly periodic
369,0.0,0.3681,0.04306469448244414,0.051277540302956635,0.5588758717023349,0.012482900136798905,0.7566201593025486,0.839368815853562,0.3133368364398837,0,strongly periodic
370,0.0,0.5,0.03960326037391701,0.024816074239684884,0.6644116093338521,0.0046739626082991335,0.582795864934197,0.6400887068968927,0.7296151379321009,2,low activity
371,0.0,0.3673,0.049719317145462835,0.02379036505905592,0.5035643201873532,0.0032489740082079343,0.7118111653846693,0.6814866800636082,0.49260381588531166,2,low activity
372,0.0,0.2917,0.04561520747834018,0.034553148097827564,0.49449717817978467,0.003476972184222526,0.8171389541378171,0.8973571671491015,0.8338946890279879,0,strongly periodic
373,0.0,0.6036,0.03885188668490652,0.05368561195945279,0.5900796870569944,0.005984952120383037,0.7521453439926045,0.8685720484648433,0.2823868959403777,0,strongly periodic
374,0.0,0.4384,0.05565571135430917,0.058118303461152356,0.47917753908056787,0.0084359325125399,0.812917583415394,0.9027592976426503,0.7793671147165248,0,strongly periodic
375,0.0,0.3727,0.05771695166438668,0.061778628254012764,0.5595257024833333,0.005870953032375741,0.7525800681807181,0.8698135608546714,0.7267945426469627,1,irregular/high variability
376,0.0,0.422,0.06400858413132694,0.04607642275978274,0.5848014677077318,0.007979936160510716,0.6984798856556252,0.7969581169461686,0.5936127536739856,1,irregular/high variability
377,0.0,0.4226,0.06736298449612403,0.03973620290006261,0.453470360906802,0.0033059735522115823,0.8021479357237252,0.846201486803418,0.7979895097163828,0,strongly periodic
378,0.0,0.4056,0.054246289329685365,0.04534669943563278,0.6202922173479556,0.0008549931600547196,0.7556801587908645,0.8447755430901563,0.4819556545950722,1,irregular/high variability
379,0.0,0.4437,0.051520519835841314,0.050633691730971604,0.7267853229987303,0.02188782489740082,0.6735466585366077,0.7333894721753649,0.5752199093905844,2,low activity
380,0.0,0.4998,0.06286331509347926,0.04917956905003105,0.6916271040919039,0.0008549931600547196,0.6036209131323048,0.6491759258268667,0.6777544407945981,2,low activity
381,0.0,0.4092,0.07378473552211583,0.04850071713838206,0.48820605895111313,0.0031919744642042863,0.7929963525159343,0.8761104220411438,0.8403030858168314,1,irregular/high variability
382,0.0,0.5547,0.06814082877336981,0.05616390026234278,0.7989096172084215,0.0066689466484268125,0.6677762929003849,0.7453205781031474,0.5828739917219886,2,low activity
383,0.0,0.3326,0.04650072389420885,0.03180792745200452,0.5305857546853816,0.03967168262653899,0.7162462459518997,0.7588558699584578,0.7206101638082351,0,strongly periodic
384,0.0,0.592,0.03956189010487916,0.06557252196796443,0.6812837516602998,0.008549931600547196,0.7088323521925249,0.7825878331314291,0.5737166294035297,1,irregular/high variability
385,0.0,0.3717,0.0566546169630643,0.03665517448258773,0.6008161634636953,0.0008549931600547196,0.7368525211473865,0.7811346613710879,0.7539211568850241,1,irregular/high variability
386,0.0,0.3949,0.04509306315549476,0.033446849085318836,0.5454449511151122,0.010316917464660283,0.7389616632530315,0.833765149225203,0.5786085475125363,0,strongly periodic
387,0.0,0.4339,0.07419115937072503,0.07392729861065403,0.5084613032346403,0.013394892840857273,0.7814048616185602,0.889182663524636,0.7619695519690443,1,irregular/high variability
388,0.0,0.4241,0.0416343479252166,0.031305323707067075,0.5007400140868334,0.002108983128134975,0.7719185939795061,0.7987223126381736,0.7995959933255121,0,strongly periodic
389,0.0,0.4319,0.02447877906976744,0.03696934242558667,0.7421809422887107,0.003590971272229822,0.654640789520205,0.743439236265936,0.22452811961533956,2,low activity
390,0.0,0.5329,0.1042375626994984,0.0773492101032059,0.6428898940786002,0.001937984496124031,0.6589093059545517,0.746586609737418,0.5110593183472362,1,irregular/high variability
391,0.0,0.5186,0.06672689808481533,0.07340350941716402,0.6630173298372092,0.012767897856817145,0.5697713189399376,0.6241834319043148,0.48843890689106384,2,low activity
392,0.0,0.5162,0.0465014819881441,0.030726437130786634,0.39416108478312617,0.003875968992248062,0.7654701630597528,0.8327170952890076,0.7875243555879884,0,strongly periodic
393,0.0,0.5318,0.04176198130414956,0.06264446966357498,0.6807203611674348,0.0010259917920656635,0.7107546053392738,0.802666447423302,0.2671108885533192,1,irregular/high variability
394,0.0,0.5149,0.05319388394892841,0.06798991898973661,0.5429055736132645,0.006212950296397629,0.7882805366728138,0.8664417036679789,0.6621698404708206,1,irregular/high variability
395,0.0,0.4773,0.05414194596443228,0.07312758864818544,0.5325215004818632,0.006269949840401277,0.7930051158672492,0.8921194864837504,0.6667963430096508,1,irregular/high variability
396,0.0,0.3937,0.048606640446876424,0.026375305290371128,0.5957646197990456,0.006782945736434108,0.6480839954068047,0.7249385431529566,0.6860846013359606,2,low activity
397,0.0,0.4641,0.09232660168718651,0.0922528179510806,0.6269630702487996,0.005927952576379389,0.672984048755378,0.763681510779983,0.7206898170063986,1,irregular/high variability
398,0.0,0.5086,0.06283663930688554,0.061470928147461655,0.555413698489504,0.01823985408116735,0.7832129729845468,0.8772011550994032,0.6900485902381631,1,irregular/high variability
399,0.0,0.4921,0.08294829001367988,0.06613259636104961,0.5909425722169038,0.009062927496580027,0.6936786718773695,0.7972243918858062,0.5729136171743244,1,irregular/high variability
400,0.0,0.5177,0.04633058025535796,0.042011836054325825,0.74569719898192,0.011684906520747834,0.49042947329579406,0.47409538197045553,0.4988421398736867,2,low activity
401,0.0,0.4936,0.08154906520747833,0.06220404966041843,0.6323253315989444,0.004160966712266302,0.6883231731574496,0.7767748851655295,0.5831125492873043,1,irregular/high variability
402,0.0,0.5539,0.07108756269949842,0.08832845247579164,0.656544410841356,0.09940720474236206,0.7442209171550082,0.8246400458094509,0.6841582025722113,1,irregular/high variability
403,0.0,0.5213,0.05838105905152759,0.0717260797332706,0.594832432489501,0.0031349749202006384,0.7350581696726666,0.8077004914128598,0.2963664956184497,1,irregular/high variability
404,0.0,0.5051,0.06971372549019608,0.062026831287169716,0.5251723943911552,0.007523939808481532,0.7840026272014831,0.8809499705859499,0.7406732671591746,1,irregular/high variability
405,0.0,0.4491,0.03605450296397628,0.02652632832931079,0.5891039647313593,0.030836753305973554,0.7537746497504029,0.7825082526052828,0.7641911826388241,0,strongly periodic
406,0.0,0.5971,0.16907245782033742,0.15725499721862282,0.5195127083112704,0.005756953944368445,0.6998070257960868,0.7259864213895151,0.7612239342143322,1,irregular/high variability
407,0.0,0.3123,0.02583578431372549,0.02613179129161486,0.7470760840886249,0.007238942088463292,0.7433043060815488,0.7751030135918185,0.6815452295288295,2,low activity
408,0.0,0.3067,0.0361750227998176,0.02613671526859104,0.5150394599533841,0.045314637482900134,0.7294608729605495,0.7760152484234727,0.7137945364947896,0,strongly periodic
409,0.0,0.3898,0.06039555403556772,0.04887800314415178,0.39726571769027336,0.007523939808481532,0.8366742771802868,0.9191091291789153,0.8492526343620049,0,strongly periodic
410,0.0,0.3736,0.04963761399908801,0.03979590821669067,0.5265317891684859,0.0032489740082079343,0.784278461143731,0.8917840398790466,0.5433809867739609,0,strongly periodic
411,0.0,0.1583,0.04459137596899225,0.02765904469379713,0.40589003396680357,0.0028499772001823985,0.8888531321529552,0.9561550747086337,0.8978894213297562,0,strongly periodic
412,0.0,0.4943,0.07486471158230734,0.06755491910638967,0.5753695275730061,0.0048449612403100775,0.6998201045294968,0.8033606599182213,0.5198113042266164,1,irregular/high variability
413,0.0,0.5559,0.09511511627906977,0.11520364002420619,0.6076481272354558,0.012881896944824441,0.7402419764463405,0.8689578773681612,0.3815398838260451,1,irregular/high variability
414,0.0,0.352,0.05001640446876425,0.02475645650237819,0.45563714101971936,0.0027929776561787505,0.8309238741495747,0.8897103561258337,0.863871215778496,0,strongly periodic
415,0.0,0.2815,0.054192949156406746,0.024447110101311943,0.4083308812155592,0.0008549931600547196,0.8483871607408044,0.8881985965702163,0.8990975212999025,0,strongly periodic
416,0.0,0.4672,0.061947207022343805,0.05208240732226184,0.48359447359922697,0.00450296397628819,0.7847258036736096,0.8839560426459335,0.8293117568469,0,strongly periodic
417,0.0,0.2007,0.027899846101231193,0.020364471687540978,0.39659877660403353,0.02331281349749202,0.8389914488841678,0.8514777555762267,0.8626738243776885,0,strongly periodic
418,0.0,0.4517,0.07388088805289557,0.08446246941932631,0.4600396313114635,0.0008549931600547196,0.7608872993661286,0.8731509234104078,0.691461488786581,1,irregular/high variability
419,0.0,0.2536,0.08585510715914271,0.04606878929546489,0.3775863959131742,0.011570907432740538,0.8480025813405735,0.9002830039992891,0.8721434732898247,0,strongly periodic
420,0.0,0.4941,0.07162159712722299,0.06445662022417277,0.514093379803738,0.008207934336525308,0.7944490844115393,0.8874378041869709,0.7330054559017594,1,irregular/high variability
421,0.0,0.4148,0.05659274965800273,0.047843461305154364,0.5946082776441634,0.008093935248518012,0.6988671546562966,0.7610982712264308,0.747978536044661,1,irregular/high variability
422,0.0,0.3873,0.0540062813497492,0.04220643113035855,0.5475368790606097,0.008321933424532604,0.8235015675696578,0.8901235252684314,0.7750078279399565,0,strongly periodic
423,0.0,0.3142,0.03400760373917009,0.0359663322845995,0.6803459557439889,0.01595987232102143,0.6971633344487768,0.7335538522157776,0.5955595950423076,2,low activity
424,0.0,0.3597,0.04432720588235294,0.05379947966190704,0.5932730299511034,0.008492932056543548,0.7533046572309325,0.8388439010382556,0.30041191791678734,1,irregular/high variability
425,0.0,0.3541,0.04535507295941632,0.03678587731696387,0.5185264111433342,0.00450296397628819,0.7670983950939574,0.7684337396703799,0.4511998171821995,0,strongly periodic
426,0.0,0.3243,0.044721825125398997,0.03059192022880264,0.7230819398047261,0.005129958960328317,0.49300893303687326,0.5337278333550676,0.589369336586514,2,low activity
427,0.0,0.3996,0.08495746124031008,0.06647268267769181,0.4829699249301099,0.01823985408116735,0.7758301413339838,0.8423358898687702,0.8249494936560055,1,irregular/high variability
428,0.0,0.4514,0.054277924076607385,0.038199209175361924,0.6196165648777302,0.01236890104879161,0.7229909833018516,0.8105584601917213,0.4769808441505247,1,irregular/high variability
429,0.0,0.5474,0.07096454058367534,0.05396404697447003,0.4957621436941672,0.0048449612403100775,0.7778494545530807,0.8604197430351463,0.8377257630481947,1,irregular/high variability
430,0.0,0.6595,0.04941361719106247,0.08339001070217911,0.6204928481567479,0.015617875056999544,0.7125199077761298,0.8153358033317316,0.5852134472236281,1,irregular/high variability
431,0.0,0.5509,0.0656108128134975,0.0527327750260465,0.6027581413304578,0.006041951664386685,0.7178478647278399,0.8205192228693682,0.5334635925059309,1,irregular/high variability
432,0.0,0.608,0.05668727770177839,0.046438369581892916,0.5282919085954292,0.01293889648882809,0.7886273155804471,0.8387738561531947,0.748958757351607,0,strongly periodic
433,0.0,0.5725,0.09103850319197447,0.07454399373448092,0.6196103507867206,0.0033629730962152302,0.7141174194279016,0.7881998484385914,0.6281199421077022,1,irregular/high variability
434,0.0,0.509,0.05809082307341541,0.03978074856183196,0.5540496645586439,0.005357957136342909,0.7988416243276769,0.8679619938321138,0.7139934013549962,0,strongly periodic
435,0.0,0.4643,0.06061081281349749,0.050649210676098316,0.7355843994292128,0.0031349749202006384,0.7173830586395499,0.7733772871700052,0.602489703823125,1,irregular/high variability
436,0.0,0.4563,0.043505979252165976,0.04698485380105342,0.6254796945767181,0.010487916096671226,0.7507687958545001,0.8571290183255553,0.454465212400175,0,strongly periodic
437,0.0,0.4689,0.06821945394436843,0.05446161862273097,0.7308426788170171,0.012197902416780666,0.6844252891085546,0.7261319732202793,0.593487535426372,2,low activity
438,0.0,0.3812,0.03990816803465572,0.026038447185783204,0.47486876460273053,0.0008549931600547196,0.7744789381905296,0.8591693389170344,0.7833842071475176,0,strongly periodic
439,0.0,0.4666,0.04813144094847241,0.03053058153503762,0.5592458475974966,0.016073871409028728,0.6125491349196992,0.6933025360423535,0.5472322353775144,2,low activity
440,0.0,0.3206,0.04704683652530779,0.030818202223031145,0.33583865151416387,0.004274965800273598,0.9170782917314944,0.9440340202666188,0.9287268052703337,0,strongly periodic
441,0.0,0.2923,0.03366001481988145,0.02419815564163287,0.3812784085691143,0.007751937984496124,0.8894450662136598,0.9420826843533782,0.9163284185877911,0,strongly periodic
442,0.0,0.3012,0.05499859211126311,0.05312600181466024,0.484627333242049,0.009119927040583675,0.7817919749331964,0.9127796269257987,0.4007813420493525,0,strongly periodic
443,0.0,0.4165,0.06719648882808937,0.06163651775164629,0.5908588212534363,0.006953944368445052,0.7382745167783338,0.8567999506713355,0.41030056133937326,1,irregular/high variability
444,0.0,0.2982,0.02914855221158231,0.03695192087575747,0.5045198656786193,0.09097127222982217,0.7911128657567582,0.8913014487311768,0.6939204049693146,0,strongly periodic
445,0.0,0.4854,0.10744800501595987,0.09271493653562166,0.4769192499272604,0.00900592795257638,0.8251228040820013,0.8576838843000281,0.6120547070718615,1,irregular/high variability
446,0.0,0.4302,0.07879077747378022,0.06894021448355774,0.5277224723765007,0.006782945736434108,0.7744306641203011,0.8273317834129755,0.6810473167309598,1,irregular/high variability
447,0.0,0.477,0.04933394322845417,0.05385633424918665,0.6210996184938871,0.012539899680802553,0.7278434752776344,0.7661418645772275,0.6625278065453787,1,irregular/high variability
448,0.0,0.4982,0.09597862517099862,0.08308372913371581,0.48512045030652023,0.009746922024623803,0.7955172349243215,0.8665620590083906,0.5928492086811648,1,irregular/high variability
449,0.0,0.5219,0.05155473096215231,0.043733942442638826,0.710094254559289,0.002051983584131327,0.536070102459137,0.5718925506884336,0.6534480316539439,2,low activity
450,0.0,0.426,0.05563871979024168,0.030854480067638926,0.4095868270096765,0.007067943456452348,0.8579936248702686,0.9027325984106551,0.908518620652291,0,strongly periodic
451,0.0,0.417,0.05477820907432741,0.027106256018285466,0.5526729592555841,0.005414956680346557,0.7344356310728638,0.8162823354125955,0.6915497871406755,0,strongly periodic
452,0.0,0.4494,0.060816022571819416,0.049450969516461954,0.4335527105672755,0.004046967624259006,0.7991882817308071,0.8783358649091184,0.8259645351852327,0,strongly periodic
453,0.0,0.4932,0.045481081851345195,0.03350107478238117,0.61655397211405,0.0024509803921568627,0.7036019415995711,0.7472667705354117,0.7888644975337246,2,low activity
454,0.0,0.2803,0.04327413930688555,0.03598003817874604,0.5203724209797561,0.0067259461924304605,0.7741449898243042,0.8724690847653469,0.3748016894469925,0,strongly periodic
455,0.0,0.3551,0.053070753533971726,0.05585296385867815,0.49371579506169844,0.008093935248518012,0.8077982996179328,0.9226451456022008,0.7122217952820402,0,strongly periodic
456,0.0,0.4108,0.05312441290469676,0.04940705979710647,0.5840577054172308,0.0008549931600547196,0.7487770236265033,0.834529119589395,0.298470675590253,1,irregular/high variability
457,0.0,0.3802,0.07084156976744187,0.050585184220122294,0.41652126696488634,0.012881896944824441,0.815814828306754,0.8084558474690415,0.7225015276923729,0,strongly periodic
458,0.0,0.4994,0.05779965230278158,0.05171763771516154,0.4915288296781328,0.004274965800273598,0.7922300279211244,0.8874875141287478,0.817902638820571,0,strongly periodic
459,0.0,0.4673,0.07508369813041495,0.06791621316600946,0.49914910328612416,0.005129958960328317,0.7760149373535487,0.8543533966002288,0.7677680599821379,1,irregular/high variability
460,0.0,0.5702,0.04705690264477884,0.061415787189466074,0.739303531954338,0.08492932056543548,0.6156931814375282,0.659306184400606,0.5829583305437103,2,low activity
461,0.0,0.4899,0.0701032375740994,0.06504864962521117,0.5128547342072084,0.009974920200638395,0.7586901013709141,0.8876161346370874,0.493174010253103,1,irregular/high variability
462,0.0,0.1516,0.03084850661194711,0.020375721714567346,0.6624463949252384,0.004274965800273598,0.8322648631039448,0.8805105394821088,0.7477472154611956,0,strongly periodic
463,0.0,0.4556,0.06022524509803921,0.05368686080911919,0.5671733216566092,0.005414956680346557,0.8011394848954425,0.869352962657047,0.7571811091687212,1,irregular/high variability
464,0.0,0.4846,0.05364112517099863,0.042964558997040124,0.6433551587413493,0.009404924760601915,0.7265235619243944,0.8040713481032479,0.6110179610713725,1,irregular/high variability
465,0.0,0.3173,0.051125991792065666,0.03843124250630125,0.6669290420830656,0.002165982672138623,0.8232030081830305,0.8620116741028917,0.6837774265237815,0,strongly periodic
466,0.0,0.4127,0.08254996010031919,0.059000968153450364,0.5756743468165666,0.007694938440492476,0.7214086833193102,0.8191053690033843,0.6465683637675143,1,irregular/high variability
467,0.0,0.5689,0.06806518467852257,0.056887268912057816,0.6044039740822782,0.007808937528499772,0.67933044073103,0.7673116599256522,0.405107987237005,1,irregular/high variability
468,0.0,0.3911,0.06341183310533516,0.05168917807363025,0.4807806283354264,0.0066119471044231645,0.8046812042910187,0.8694507114329045,0.7619657341194116,0,strongly periodic
469,0.0,0.4709,0.06052651048791611,0.054731026629108656,0.6200926934160724,0.005357957136342909,0.6560243716909976,0.7458678768179295,0.3944704431652075,1,irregular/high variability
470,0.0,0.5185,0.06993225034199727,0.0989332181855712,0.5705633477100244,0.002222982216142271,0.7626467424018833,0.8617688544510667,0.6243389921784025,1,irregular/high variability
471,0.0,0.4101,0.0760125,0.04679203856234271,0.5495532910075116,0.0008549931600547196,0.776961484166933,0.8503478609890368,0.7215817053036699,1,irregular/high variability
472,0.0,0.1811,0.04147714318285454,0.027601870961503423,0.3824544377679321,0.014078887368901049,0.8966055117022995,0.9284755846355913,0.8282961705274549,0,strongly periodic
473,0.0,0.5678,0.10236173620611035,0.08319048099867757,0.4757481108750527,0.004388964888280894,0.7980022948504809,0.8589863917462371,0.8249991552427824,1,irregular/high variability
474,0.0,0.2543,0.039275188098495215,0.03255829636841153,0.5537882101358178,0.004559963520291838,0.7616884883553665,0.8630076863346676,0.6051726503468712,0,strongly periodic
475,0.0,0.4749,0.09176772685818513,0.08775078307830957,0.5699106601247262,0.021431828545371637,0.6293402966639287,0.7023546702406825,0.508705848579144,1,irregular/high variability
476,0.0,0.5789,0.0709953773369813,0.04660828076904496,0.6029098369117277,0.006041951664386685,0.6558190767649248,0.675375173664834,0.749706067666859,2,low activity
477,0.0,0.5894,0.08212050273597811,0.06165976962044975,0.6408278766951293,0.007751937984496124,0.6038283258994722,0.6491062417138274,0.6298168947253235,2,low activity
478,0.0,0.4911,0.1397654525763794,0.07752404798442768,0.4994635100825106,0.004388964888280894,0.7787155887763398,0.8625128784407226,0.7444227758110037,1,irregular/high variability
479,0.0,0.3897,0.07632242362061102,0.051097245831932696,0.4746612379455256,0.016187870497036023,0.8291618936391904,0.8725886119127015,0.8145146316960179,1,irregular/high variability
480,0.0,0.5687,0.04490197788417693,0.03578789467446641,0.673690060433984,0.006098951208390333,0.6329848391899507,0.7584058351643248,0.35601572741566784,2,low activity
481,0.0,0.366,0.040394607843137254,0.02877296617340229,0.5515987678966574,0.021602827177382582,0.7054992432648154,0.7763341598909295,0.4943766108379808,0,strongly periodic
482,0.0,0.1306,0.030782780437756497,0.01811994748983362,0.3879143715007922,0.01122891016871865,0.872719716234229,0.8915152143734334,0.8848364802474259,0,strongly periodic
483,0.0,0.468,0.07105486206110351,0.06287687342823652,0.49182627776999666,0.0008549931600547196,0.792200604681131,0.8901965757196185,0.7696157151367142,1,irregular/high variability
484,0.0,0.2619,0.04878731760145919,0.031645571580362956,0.4274786602690176,0.0065549475604195166,0.8324554235187154,0.9099547387428235,0.8008249523443284,0,strongly periodic
485,0.0,0.218,0.03480205198358413,0.028202935673519607,0.578008748101873,0.0025079799361605107,0.7517332843757609,0.7904976184007754,0.7737185456810205,0,strongly periodic
486,0.0,0.2157,0.02904188326493388,0.01828707688616845,0.4999379673680422,0.0008549931600547196,0.748077245654143,0.8294866676072471,0.7308882867498138,0,strongly periodic
487,0.0,0.2059,0.04381749316005471,0.02709072088519681,0.4290269596679193,0.0024509803921568627,0.8721494415510269,0.9390050188523417,0.8857505274593888,0,strongly periodic
488,0.0,0.1921,0.03901471158230734,0.025587508678509747,0.4007487004470649,0.0008549931600547196,0.8609859529750102,0.9479166687033684,0.8064952787844776,0,strongly periodic
489,0.0,0.4565,0.06130487346101232,0.05989246482071388,0.5799384194263241,0.006497948016415869,0.7527017354214769,0.8495699768431049,0.7592638620851533,1,irregular/high variability
490,0.0,0.3842,0.052738212494300045,0.04485688447153816,0.5956612653809336,0.052838577291381666,0.6923553038021327,0.7112749276340556,0.5062113749068736,2,low activity
491,0.0,0.2607,0.04273020975832193,0.03010498374194599,0.5498500422787587,0.0025079799361605107,0.762989143336156,0.8073121058404702,0.81459863150792,0,strongly periodic
492,0.0,0.1836,0.03365556885544915,0.01470839649629357,0.48622808611691803,0.0008549931600547196,0.6758290420533527,0.7047683585486599,0.7560364141864867,2,low activity
493,0.0,0.5204,0.05440600775193798,0.04120828238189906,0.6335147169597334,0.0029069767441860465,0.7129956822089782,0.7843804918084483,0.6688509660325999,1,irregular/high variability
494,0.0,0.5223,0.0674250056999544,0.07029687070403433,0.604413892505305,0.006098951208390333,0.7450782289738439,0.8495429259632198,0.7299606778696603,1,irregular/high variability
495,0.0,0.4399,0.030334832421340628,0.019913260154964006,0.5457860061417746,0.013109895120839033,0.713935752208511,0.7529037578044762,0.823062590275306,0,strongly periodic
496,0.0,0.1234,0.0308577576379389,0.02165064602580684,0.3899297752727383,0.061160510715914274,0.873626097523048,0.9272308061256226,0.6748280042885489,0,strongly periodic
497,0.0,0.5498,0.06394651162790697,0.062487376147136627,0.46787667807644334,0.0673734610123119,0.7770633219348432,0.8581686419514988,0.7979935007911367,0,strongly periodic
498,0.0,0.3181,0.0424858527131783,0.027341470359230194,0.4343442961857998,0.015503875968992248,0.8330574097918968,0.9173131972823462,0.8135632784572798,0,strongly periodic
499,0.0,0.4692,0.048636456908344734,0.036049777078253645,0.4539557974116613,0.026447788417692658,0.7956794158022191,0.8606791070340242,0.8247779913802835,0,strongly periodic
500,0.0,0.3769,0.04791285339717283,0.03677697482545079,0.6744642257962944,0.0008549931600547196,0.6851496805527686,0.6635457923469712,0.43339556324099804,2,low activity
501,0.0,0.4321,0.02985206908344733,0.02238921077851529,0.5223960419842932,0.004160966712266302,0.7829488979309556,0.8456868118444946,0.661984546285529,0,strongly periodic
502,0.0,0.3294,0.07955870953032376,0.04714298381282302,0.34863263370021363,0.0027929776561787505,0.9070635477293303,0.8890825719748798,0.8421611406568343,0,strongly periodic
503,0.0,0.3272,0.04043079115367077,0.03756703282748888,0.7920810045831663,0.0008549931600547196,0.5570657434016996,0.5889510293353598,0.5294760705802231,2,low activity
504,0.0,0.3646,0.039312779297765624,0.01809878346741952,0.5358842140339602,0.0008549931600547196,0.7543080808750598,0.8198304550207048,0.7193368064345209,0,strongly periodic
505,0.0,0.3888,0.046944539443684444,0.03178982443453542,0.6740311877811174,0.004331965344277246,0.5822100803160816,0.5989448433125232,0.5157657111575835,2,low activity
506,0.0,0.5461,0.0333906349749202,0.02151696529362912,0.5997493994295092,0.0028499772001823985,0.7085818831251264,0.785798458262969,0.7213403548542711,0,strongly periodic
507,0.0,0.344,0.0323984040127679,0.01753601225133579,0.49012936035486976,0.005243958048335613,0.8089693421853634,0.8374180120526573,0.7342069479063295,0,strongly periodic
508,0.0,0.3469,0.05484321135430917,0.057742191665439355,0.4967664804288139,0.0027929776561787505,0.6602781943269933,0.7805134657248344,0.6807480387459439,1,irregular/high variability
509,0.0,0.3714,0.0384735294117647,0.023290073662015402,0.5337721619334667,0.003761969904240766,0.6982938371457614,0.8138674551302957,0.6286801496758108,0,strongly periodic
510,0.0,0.2359,0.03519522343821249,0.023071129998939358,0.41512117429339995,0.0008549931600547196,0.834066480657505,0.8043996996142415,0.6807543547640981,0,strongly periodic
511,0.0,0.4326,0.042310265617875056,0.025869328101231298,0.5401640389368231,0.003533971728226174,0.695661994622497,0.8157866259174389,0.6314180417745123,0,strongly periodic
512,0.0,0.3833,0.03305887482900136,0.029685033136704456,0.6560093062821957,0.002165982672138623,0.662307845243535,0.7133298259278159,0.5922825199566478,2,low activity
513,0.0,0.4934,0.059299293205654344,0.0692103145142352,0.5592159626838563,0.0028499772001823985,0.7971033578148885,0.8895745718412706,0.7146552067683752,1,irregular/high variability
514,0.0,0.4205,0.048937032603739175,0.06163342608156393,0.7140772189498329,0.0027929776561787505,0.7174085985369956,0.7924250393813209,0.3911405811249364,1,irregular/high variability
515,0.0,0.371,0.036596032831737346,0.0168193883083442,0.5469893016296691,0.013565891472868217,0.6880898954226429,0.70053545666694,0.704688326168801,2,low activity
516,0.0,0.5369,0.07106919174646603,0.058388828571838164,0.5804673318969438,0.007523939808481532,0.7128546541393901,0.7563743726868518,0.607309790039885,1,irregular/high variability
517,0.0,0.4408,0.10141318399452805,0.083708562977528,0.5075461559072043,0.004388964888280894,0.7770020242997892,0.7670862780557918,0.7450088586901604,1,irregular/high variability
518,0.0,0.4052,0.06150699954400365,0.05469552674945932,0.6896738646837106,0.009575923392612859,0.7510087507253854,0.8252414780448397,0.6232602165131407,1,irregular/high variability
519,0.0,0.5509,0.07035135658914728,0.05965742172350325,0.6715238062614844,0.007352941176470588,0.6955410000922664,0.8038382229274431,0.4062559090741811,1,irregular/high variability
520,0.0,0.2271,0.04417386000911993,0.021951699601135383,0.5962043705842341,0.0008549931600547196,0.6859945542200273,0.7529582553569891,0.5141408440954731,2,low activity
521,0.0,0.3087,0.06185491336069312,0.035144689719571715,0.409625943547874,0.0066689466484268125,0.8619342579789627,0.8688158344318457,0.8281723138723124,0,strongly periodic
522,0.0,0.5485,0.04758659370725034,0.022272990482668387,0.5047577048835649,0.00364797081623347,0.757782039544831,0.8361342584186966,0.6633088914516121,0,strongly periodic
523,0.0,0.5679,0.07926810305517555,0.06742818721805681,0.49184480083604204,0.011057911536707706,0.791729522369775,0.8543935817221004,0.7635961044721207,1,irregular/high variability
524,0.0,0.5724,0.012178351573187413,0.0296479986024571,0.6829818937611843,0.00393296853625171,0.30727257304532385,0.2526655007956079,0.2587551326762934,2,low activity
525,0.0,0.383,0.04989624373005016,0.05247978354946666,0.45159328885761146,0.0027929776561787505,0.835194187875489,0.9132575589587811,0.7806936458015213,0,strongly periodic
526,0.0,0.4626,0.036116911764705883,0.027707236795324067,0.6842126404251541,0.008891928864569083,0.6233323026917891,0.7422262404559923,0.37732273275763933,2,low activity
527,0.0,0.5624,0.06940096899224807,0.06191169724708731,0.5922940403281526,0.008891928864569083,0.6719114297803848,0.7619834361455561,0.36805093879233614,1,irregular/high variability
528,0.0,0.4583,0.05879398084815322,0.0478278449460929,0.6205335189420509,0.010715914272685818,0.6877796596715724,0.8006946934902325,0.38971464505955344,1,irregular/high variability
529,0.0,0.4653,0.07545519835841313,0.07593335193921943,0.6279095824376676,0.0066119471044231645,0.6091807317328755,0.7059377785368238,0.38851901847531184,1,irregular/high variability
530,0.0,0.2618,0.03372317031463748,0.022596948466232888,0.5828585672166212,0.010601915184678522,0.738450192462882,0.7433107194015314,0.716708546801755,0,strongly periodic
531,0.0,0.4752,0.09501073871409028,0.06312827259278281,0.5519595766501547,0.005243958048335613,0.7425713455946121,0.8341858178627797,0.7170197114007171,1,irregular/high variability
532,0.0,0.4649,0.11049742362061103,0.08052770287568603,0.5201366055098645,0.00393296853625171,0.7298221676412885,0.775235781956529,0.7495195582220398,1,irregular/high variability
533,0.0,0.4604,0.08187834587323302,0.0678547288246829,0.5560136765526622,0.008036935704514364,0.7965902363686883,0.862273109116796,0.7586594857918423,1,irregular/high variability
534,0.0,0.5176,0.0758983413132695,0.055303031489570276,0.5819847137748907,0.005243958048335613,0.7181520565859216,0.8274146096702923,0.4561531401045305,1,irregular/high variability
535,0.0,0.4792,0.07204281805745555,0.05935724993523815,0.5236867296122143,0.00815093479252166,0.806937714208706,0.8674081313011909,0.7697710845832193,1,irregular/high variability
536,0.0,0.4433,0.03777706908344733,0.02915973855397265,0.7096048962618817,0.005813953488372093,0.6249311182670667,0.7501118653551151,0.379928513271258,2,low activity
537,0.0,0.4783,0.10794192886456909,0.09532889359838712,0.5827168545761358,0.0046739626082991335,0.6333091572200187,0.6617363417041839,0.6345752010399969,1,irregular/high variability
538,0.0,0.3732,0.05953157774737802,0.057458012488706044,0.6157680359631662,0.0008549931600547196,0.7495624851436568,0.8585311980310326,0.4464436237963072,1,irregular/high variability
539,0.0,0.3504,0.04701001481988144,0.0314281957891422,0.6544903743115077,0.0048449612403100775,0.6965467544425185,0.7633159544378818,0.7228429458427374,2,low activity
540,0.0,0.5345,0.06403999088007296,0.06394235726477634,0.5986751206668632,0.016073871409028728,0.7124910719458413,0.8063168987885646,0.4331874888705276,1,irregular/high variability
541,0.0,0.4712,0.07680444596443227,0.04151580883632373,0.6299718083092037,0.005984952120383037,0.710702173115065,0.773641724013666,0.7342437645320493,1,irregular/high variability
542,0.0,0.2905,0.0403280551755586,0.02995709271177024,0.6569537016656897,0.0033059735522115823,0.6718325567394566,0.7598617975751915,0.5159141052568247,2,low activity
543,0.0,0.3028,0.06036280779753761,0.03729009380050209,0.5220288613036703,0.0028499772001823985,0.789965031530908,0.8661078956452196,0.6356989156912832,0,strongly periodic
544,0.0,0.6635,0.06013767669858642,0.0797158301963064,0.5744260052954832,0.045428636570907434,0.742810563002782,0.8059428798315246,0.5488218055152116,1,irregular/high variability
545,0.0,0.5149,0.03321858755129958,0.03169577771457222,0.5975771154189385,0.004616963064295486,0.6517010328606964,0.7000112250134812,0.46210150458417637,2,low activity
546,0.0,0.4512,0.05393329913360693,0.041640470150669476,0.6369890967259201,0.0008549931600547196,0.6895159216622662,0.7886541163322907,0.48153539369642046,2,low activity
547,0.0,0.4838,0.0655108983128135,0.06349049619747013,0.6069837225296281,0.00421796625626995,0.7599026427925055,0.856978020893208,0.7387169102806016,1,irregular/high variability
548,0.0,0.5142,0.03485532375740994,0.020786631205298407,0.5521461172101517,0.00729594163246694,0.7556586937483174,0.7659164185922324,0.8050254093704639,0,strongly periodic
549,0.0,0.4686,0.06688314523483811,0.06990518418376718,0.5495310357062791,0.0029639762881896944,0.7990453979066618,0.8988036183121989,0.6957621757180814,1,irregular/high variability
550,0.0,0.4022,0.05228784199726402,0.036208617113888245,0.4543584780722828,0.012881896944824441,0.8252640201219007,0.9136845716621309,0.7544063412511682,0,strongly periodic
551,0.0,0.1809,0.020537454400364797,0.016632399883145656,0.7763972248362871,0.0008549931600547196,0.592246324342392,0.6474258822485649,0.5464259511029715,2,low activity
552,0.0,0.669,0.05802647058823529,0.07962444022566503,0.5914354229223633,0.0047309621523027815,0.7571133223070566,0.8576336794410832,0.6410716675899587,1,irregular/high variability
553,0.0,0.3784,0.03917107843137255,0.03505139273317276,0.6997599371336659,0.012767897856817145,0.6758315894930355,0.7275094114013573,0.58603043330286,2,low activity
554,0.0,0.6531,0.05188136114911081,0.04609751044065946,0.7258788005156324,0.013508891928864569,0.6636697256579726,0.7308937001327176,0.6790538548571553,2,low activity
555,0.0,0.4562,0.04957496010031919,0.05142611741444214,0.5363696774114314,0.0008549931600547196,0.7847315846593014,0.8132637970328389,0.5688704500232452,0,strongly periodic
556,0.0,0.3627,0.04000384746922025,0.027525456743543977,0.3756853735899122,0.0029639762881896944,0.8411803857663482,0.9036468818432335,0.8463585485741796,0,strongly periodic
557,0.0,0.3057,0.05755167578659371,0.03972502897378807,0.6306685671895512,0.015389876880984952,0.7429169093626491,0.8454000129055919,0.553532522749252,1,irregular/high variability
558,0.0,0.3404,0.05234137026903785,0.033110709526593736,0.504172435318259,0.002165982672138623,0.8370798242829735,0.8998454307671716,0.843045878961237,0,strongly periodic
559,0.0,0.4486,0.06804282945736435,0.05149302104414905,0.5845326156060577,0.01037391700866393,0.717630543697273,0.8208103857317204,0.5945054413500113,1,irregular/high variability
560,0.0,0.3008,0.04291581167350661,0.036619047276683664,0.5658413058112897,0.053009575923392616,0.7872972481006985,0.8797371933332894,0.6965643543500347,0,strongly periodic
561,0.0,0.6089,0.07550479366165072,0.059701422855334835,0.48787166943597227,0.0032489740082079343,0.804188420937096,0.8886162486418143,0.8546839087450107,1,irregular/high variability
562,0.0,0.2484,0.025822167122663022,0.01968974031717411,0.4453638514091325,0.004901960784313725,0.8135959780933112,0.9271185833641438,0.5809633564165045,0,strongly periodic
563,0.0,0.1176,0.022358418832649336,0.014152792131254133,0.36241098853265247,0.0008549931600547196,0.889322435081593,0.9612384224187376,0.8821399712262555,0,strongly periodic
564,0.0,0.4521,0.041492248062015506,0.03660307221324206,0.6596544330225093,0.010601915184678522,0.7075570390595439,0.7517550587318731,0.6776334746746097,2,low activity
565,0.0,0.2381,0.04723109325125399,0.0353939734828561,0.4794191591891391,0.0024509803921568627,0.8013282635250738,0.8299747052470229,0.4979242629045321,0,strongly periodic
566,0.0,0.471,0.03630875512995896,0.020934832297619665,0.6198039502870699,0.007808937528499772,0.7093459946276472,0.8347448981245029,0.5383790689197462,0,strongly periodic
567,0.0,0.4439,0.03322836297309621,0.032285761858007495,0.5820026253707691,0.003590971272229822,0.7062285452287607,0.7741048729588123,0.39328622833504734,2,low activity
568,0.0,0.3709,0.05959699612403101,0.05913367851936133,0.6580351827247142,0.002108983128134975,0.7471486099033653,0.8375329123414279,0.4599216600103956,1,irregular/high variability
569,0.0,0.3581,0.04156648996808026,0.03765044834034112,0.6196734059240409,0.006269949840401277,0.7398366419198782,0.7746714392746511,0.617337259581587,2,low activity
570,0.0,0.1537,0.02545604195166438,0.014923136398710837,0.39748508259328047,0.0008549931600547196,0.8673761421711469,0.9302095691998529,0.8283700280681549,0,strongly periodic
571,0.0,0.6051,0.05411733356133151,0.05016028958347468,0.7170742073102607,0.0023369813041495668,0.5402976716600407,0.537940451597795,0.5276391870952873,2,low activity
572,0.0,0.4486,0.06882412790697676,0.05511511364592683,0.4360699319051538,0.005186958504331965,0.8320218385783512,0.9203692639904997,0.8575776570369892,0,strongly periodic
573,0.0,0.4636,0.09584571933424534,0.04591090968193433,0.6344981659661604,0.0008549931600547196,0.6420336864374006,0.6902997318573694,0.730757459045473,1,irregular/high variability
574,0.0,0.4175,0.07030609325125399,0.04081930642962681,0.5215406232086588,0.0028499772001823985,0.795472763361461,0.8595589119724892,0.8324758590929209,0,strongly periodic
575,0.0,0.3291,0.04591032261741906,0.03168848803004851,0.445544416625104,0.0030209758321933424,0.7163576980856328,0.799826475971923,0.7486054016197335,0,strongly periodic
576,0.0,0.4358,0.03430523825809394,0.022164967460480797,0.5148342889917746,0.00900592795257638,0.7955814192111552,0.870452170129641,0.6594686775338686,0,strongly periodic
577,0.0,0.3057,0.04741789215686274,0.028022809106788702,0.49241947816132076,0.012140902872777018,0.7269437788647228,0.7925616912248363,0.5807453907567733,0,strongly periodic
578,0.0,0.5251,0.06309117647058823,0.06946228471345241,0.6783512560546704,0.0067259461924304605,0.6740847586520365,0.7025607676242529,0.6556701425480731,1,irregular/high variability
579,0.0,0.5191,0.04694400934792522,0.029385301426806586,0.4826101816819633,0.011741906064751482,0.7167299346854055,0.7219384617266874,0.7531150632626391,0,strongly periodic
580,0.0,0.5848,0.0663313269493844,0.07958114077814323,0.6832598622644989,0.0008549931600547196,0.7143148193673029,0.7637762838306745,0.6487753702655491,1,irregular/high variability
581,0.0,0.4213,0.03842791267669859,0.03351641605012516,0.7202980874769556,0.006440948472412221,0.750355752211548,0.8070755825032081,0.7291432486092001,2,low activity
582,0.0,0.3793,0.060078881668946656,0.044104110241815375,0.46897735335065444,0.0031349749202006384,0.7661592578918973,0.8523558524730973,0.7920641815166901,0,strongly periodic
583,0.0,0.4254,0.046310795713634285,0.030690313465145808,0.5576950460247202,0.0066689466484268125,0.8073522574320535,0.8734626368668871,0.7883142462957753,0,strongly periodic
584,0.0,0.4511,0.06975759233926128,0.03986449685184863,0.5171741691454186,0.0026219790241678066,0.7617240446461064,0.8360452575540784,0.727462634922795,1,irregular/high variability
585,0.0,0.6164,0.08892525079799363,0.059890140443655,0.4454574883976303,0.0046739626082991335,0.8084722626413836,0.9075496105724746,0.6990990240398495,1,irregular/high variability
586,0.0,0.5471,0.07404683082535339,0.08305077133435484,0.8127704998829406,0.003704970360237118,0.6712600042260632,0.7278833745803822,0.5822510032215867,1,irregular/high variability
587,0.0,0.4275,0.034340532375741,0.02560763193340743,0.6698889832838225,0.00450296397628819,0.6341244584213666,0.6824182948224811,0.7582374938713927,2,low activity
588,0.0,0.407,0.08870577975376197,0.07916490034290834,0.49887622748756505,0.0030779753761969904,0.8098065867847885,0.885448388683632,0.7970097919781466,1,irregular/high variability
589,0.0,0.3968,0.06048186274509803,0.04720748526329309,0.5715626155034685,0.001937984496124031,0.7325336201595668,0.8341319705941727,0.7441652014834711,1,irregular/high variability
590,0.0,0.4529,0.08104997150022801,0.05410120029592874,0.4708754343040243,0.004901960784313725,0.7927778784271212,0.903147565255719,0.6524373461316338,1,irregular/high variability
591,0.0,0.5019,0.08006542977656178,0.0570248213485855,0.664401578453477,0.004901960784313725,0.7276754598325276,0.7929435635726135,0.7222426814720558,1,irregular/high variability
592,0.0,0.3932,0.08615477656178751,0.05388727302655722,0.5583755962376277,0.0010259917920656635,0.7194727148525614,0.7966968289334107,0.6882595602626774,1,irregular/high variability
593,0.0,0.4987,0.07939473324213406,0.03939994769735121,0.5068322589692682,0.0008549931600547196,0.7675713224107802,0.7873893275849866,0.8226287899407677,1,irregular/high variability
594,0.0,0.6142,0.07121635316917464,0.06956254033375707,0.5646740902991247,0.007238942088463292,0.8117619386017194,0.887363631331316,0.7140933624731923,1,irregular/high variability
595,0.0,0.458,0.07598644550843593,0.06739307335241213,0.7119077221769524,0.0030209758321933424,0.6632257509531182,0.8007366072499863,0.5061449297687994,1,irregular/high variability
596,0.0,0.3069,0.05164745212038303,0.029697788609912876,0.37911867584429493,0.023369813041495668,0.8587796957601487,0.8644939691345034,0.8696238573777315,0,strongly periodic
597,0.0,0.5966,0.061340880072959424,0.05082788735048119,0.657252839371091,0.009917920656634747,0.7309050824027064,0.810721973402805,0.7379025494871818,1,irregular/high variability
598,0.0,0.4585,0.07442630528955768,0.042824543738419846,0.5206482943311218,0.0067259461924304605,0.7355161657102726,0.8153009376920733,0.7813076478087059,1,irregular/high variability
599,0.0,0.4271,0.05251593707250342,0.03551246154504483,0.5768274458897094,0.0028499772001823985,0.6890195190100763,0.7247438553032866,0.7807626224382593,2,low activity
600,0.0,0.4193,0.029343302553579573,0.021278848946983776,0.6406282777148901,0.005357957136342909,0.6877124262056689,0.7223698755655383,0.7972979132960468,2,low activity
601,0.0,0.3553,0.06047350661194711,0.04090596285057229,0.48196244921484965,0.005300957592339261,0.8287382931110518,0.8836019983392105,0.7885792409001678,0,strongly periodic
602,0.0,0.4692,0.06763974008207935,0.04957720921528211,0.614032739544737,0.0008549931600547196,0.6730973672768361,0.7319100242917018,0.6999418207703929,1,irregular/high variability
603,0.0,0.1799,0.03230648084815321,0.021108387656948963,0.30213262114657935,0.0008549931600547196,0.7802644423630974,0.8996840816661534,0.6348065025366423,0,strongly periodic
604,0.0,0.3347,0.061179007067943464,0.03605163354802423,0.5402336674462185,0.0047309621523027815,0.7477473638328693,0.8070169767658829,0.7217602737109079,0,strongly periodic
605,0.0,0.492,0.04463543661650707,0.02772921541932015,0.5951261681969191,0.016814865481076153,0.7261888028935728,0.7729468387640781,0.7366287008108332,0,strongly periodic
606,0.0,0.1778,0.03249809051527588,0.02301389197876028,0.4779390608991989,0.0047879616963064295,0.8115317880132336,0.9167598912829349,0.44674528264791546,0,strongly periodic
607,0.0,0.5636,0.07080665184678522,0.06279458093105986,0.32175129669196,0.0014249886000911993,0.7838935991966943,0.7275393681217657,0.26506707194551227,1,irregular/high variability
608,0.0,0.5611,0.09223080825353397,0.07099296585890964,0.640087950282727,0.0014249886000911993,0.7644509204951696,0.8070745584973431,0.6256202327188675,1,irregular/high variability
609,0.0,0.412,0.0454797537619699,0.03524255826643777,0.6073450010338007,0.018182854537163704,0.7760200874441423,0.8456358646871298,0.565304068252387,0,strongly periodic
610,0.0,0.3274,0.05053722640218878,0.03096815879543084,0.47108790952033636,0.0084359325125399,0.84112240554208,0.8920397723610987,0.7801882350010357,0,strongly periodic
611,0.0,0.4632,0.06130041039671683,0.04158145234950479,0.5838298515350222,0.005528955768353853,0.7550520358168027,0.8372578325434596,0.6668314870030271,1,irregular/high variability
612,0.0,0.464,0.06040749544003648,0.06138914627382993,0.7662279049800144,0.002279981760145919,0.7658473891063383,0.8550301431040225,0.4404186113683141,1,irregular/high variability
613,0.0,0.3449,0.04342086753305974,0.029640780568088942,0.4959339224363189,0.002108983128134975,0.7823825446542283,0.8460882633622872,0.648639430443744,0,strongly periodic
614,0.0,0.4353,0.053827245782033746,0.03855898333566195,0.5878736288788161,0.005414956680346557,0.6740755364020542,0.7161859804317336,0.7628112514892313,2,low activity
615,0.0,0.5147,0.03858173734610123,0.02892221466583766,0.5578005614893485,0.0008549931600547196,0.7633976948519735,0.8113076756641674,0.8315382435384855,0,strongly periodic
616,0.0,0.41,0.029422982216142268,0.020066642693094525,0.5153939149159139,0.012710898312813497,0.8019390027095206,0.8787469684331732,0.7191372073780922,0,strongly periodic
617,0.0,0.6023,0.1115107444140447,0.15029766880764536,0.5852217327013157,0.015104879160966712,0.5626226748055045,0.7181251681155257,0.29585631407313645,1,irregular/high variability
618,0.0,0.2869,0.042521899224806196,0.03187921683016053,0.5626707539884368,0.006896944824441404,0.7655636965107104,0.8400446954891514,0.6970926785266842,0,strongly periodic
619,0.0,0.4075,0.06370482216142272,0.05766629589433603,0.5760988635927684,0.008264933880528956,0.7144798265517867,0.7777187035145378,0.6959725416135881,1,irregular/high variability
620,0.0,0.4359,0.06044591883264935,0.04908324688427756,0.7093831506036795,0.005357957136342909,0.722002618409801,0.798840760468557,0.6811300249078547,1,irregular/high variability
621,0.0,0.6785,0.08239168946648427,0.08182482451969707,0.6502519257463079,0.0025079799361605107,0.687558991724257,0.7243756944176138,0.6971898016906742,1,irregular/high variability
622,0.0,0.5165,0.07741977314181486,0.05575886692643429,0.6705201918826175,0.005300957592339261,0.6806874183082928,0.7683739023993947,0.6497562150480368,1,irregular/high variability
623,0.0,0.4579,0.045237465800273595,0.037926990624878705,0.7848130798757548,0.0008549931600547196,0.6292855733631066,0.6927398479942218,0.520746486974068,2,low activity
624,0.0,0.2503,0.03846196420428637,0.03086406181490338,0.5605038922855506,0.0028499772001823985,0.752953655795442,0.855121937747812,0.5491948723723401,0,strongly periodic
625,0.0,0.4904,0.07381661536707707,0.04082078363219351,0.4491361077788296,0.004616963064295486,0.8300834211019581,0.8964635076567378,0.8686723373823685,0,strongly periodic
626,0.0,0.4555,0.09948287733698132,0.07871261447154865,0.5160193646858084,0.01236890104879161,0.6883094371438252,0.7662138649852667,0.5660817209742779,1,irregular/high variability
627,0.0,0.5578,0.060101014591883266,0.06878488413240451,0.6541074358047394,0.00364797081623347,0.7587126325378685,0.8710441826101649,0.24506423439753394,1,irregular/high variability
628,0.0,0.594,0.092600085499316,0.0737567914553528,0.46603775564957295,0.007694938440492476,0.7924754154329665,0.8571001910991349,0.832128916972698,1,irregular/high variability
629,0.0,0.3525,0.05012427040583676,0.036380891231369165,0.517361773657933,0.01595987232102143,0.653807929592869,0.7475496190238843,0.3731908303810671,2,low activity
630,0.0,0.5259,0.06269766301869585,0.04841062839074644,0.6103755661147715,0.006896944824441404,0.7047114945605417,0.7839911153659792,0.6578328049494618,1,irregular/high variability
631,0.0,0.4021,0.04989752621979024,0.037328407926672365,0.5370606208281393,0.0015959872321021432,0.7028045363533691,0.7434644032982483,0.7164356884378863,2,low activity
632,0.0,0.561,0.08870583675330598,0.12439166170498737,0.623186007685588,0.017384860921112633,0.5564608725970872,0.6726666627291803,0.2616283498560215,1,irregular/high variability
633,0.0,0.4139,0.09578835499316006,0.059484150564914205,0.4796049173522449,0.008378932968536252,0.8005690807643295,0.8947821461088317,0.7675648604946609,1,irregular/high variability
634,0.0,0.4749,0.06400249658002735,0.060478156040905985,0.49030872434568373,0.0023369813041495668,0.804651087418932,0.917604237874267,0.7822379219396869,1,irregular/high variability
635,0.0,0.4317,0.07538665070679434,0.07343703889595148,0.5231250871838278,0.01966484268125855,0.7481656162937028,0.8330905842908652,0.7028444543800275,1,irregular/high variability
636,0.0,0.3333,0.0721767441860465,0.036689170812117734,0.432181287819707,0.0008549931600547196,0.797469762017589,0.7878470950638385,0.7141917371053327,0,strongly periodic
637,0.0,0.6,0.06434969790241676,0.06626905953129805,0.6055172377014654,0.008492932056543548,0.7996239511783249,0.8734732155260194,0.6733376199187154,1,irregular/high variability
638,0.0,0.4103,0.06296268809849521,0.05445141568258359,0.5429773825640155,0.02057683538531692,0.7776894981491155,0.8197206971303865,0.7445582592289688,1,irregular/high variability
639,0.0,0.6061,0.0566578032375741,0.056095265338695466,0.6863218444705426,0.008606931144550843,0.7356168304891729,0.772655330335943,0.528265685933051,1,irregular/high variability
640,0.0,0.3947,0.07574819881440947,0.05295247829890534,0.601351734357119,0.012425900592795257,0.7150485222941207,0.7656786486450892,0.717909774389404,1,irregular/high variability
641,0.0,0.4792,0.09446740196078432,0.09507653481227407,0.5379291061377353,0.005072959416324669,0.7699513368223785,0.8459373562746817,0.7770715730909896,1,irregular/high variability
642,0.0,0.3105,0.033498671910624715,0.03450075592054313,0.532946105836871,0.0008549931600547196,0.7674913795820646,0.800421102272535,0.5927867063441965,0,strongly periodic
643,0.0,0.3514,0.04319448244414045,0.028836555985773418,0.457210455218672,0.012881896944824441,0.707584408357628,0.785873963498357,0.7639429291353141,0,strongly periodic
644,0.0,0.3637,0.05815823073415413,0.05289967199380443,0.5462994611381118,0.0008549931600547196,0.776141280073773,0.8673258743666815,0.7133914916343984,1,irregular/high variability
645,0.0,0.4565,0.07080100319197445,0.054561817145678676,0.6842357486787771,0.0008549931600547196,0.7108042496661783,0.7411762446585863,0.5008698875971942,1,irregular/high variability
646,0.0,0.1753,0.029306338349293207,0.018080610896125268,0.3524525562645255,0.004331965344277246,0.9013566020018196,0.9042881817196693,0.8247930312999959,0,strongly periodic
647,0.0,0.5735,0.06138077405380757,0.05643231202479048,0.6056806471957659,0.0031349749202006384,0.6778424636435683,0.7837336800934511,0.39927034179287213,1,irregular/high variability
648,0.0,0.3395,0.06127975376196991,0.04378526212886168,0.40349725440886974,0.014648882808937528,0.8042309975754414,0.8537929925876329,0.8211939203336768,0,strongly periodic
649,0.0,0.3641,0.04182137482900136,0.024968519468669233,0.4004771127702404,0.0008549931600547196,0.7895270482774244,0.8518354486498143,0.8017481091999037,0,strongly periodic
650,0.0,0.5458,0.05739044687642499,0.056459907175518395,0.6257294350423398,0.016757865937072503,0.6775642037059573,0.8235317477379406,0.3704362694130821,1,irregular/high variability
651,0.0,0.4374,0.04475793433652531,0.03243783490895673,0.7301488026471683,0.0008549931600547196,0.751526705033065,0.7959175784564186,0.738767001867158,2,low activity
652,0.0,0.2736,0.04660176128590972,0.034074157609574336,0.4793288297460024,0.005186958504331965,0.7807968375139166,0.7574412927488636,0.654175301050231,0,strongly periodic
653,0.0,0.5295,0.06306647856817145,0.05127468385362297,0.5592838653278883,0.02023483812129503,0.678148071986702,0.8019586121737735,0.438518812695491,1,irregular/high variability
654,0.0,0.5052,0.04897720018239854,0.03799898200456286,0.7439927605960268,0.003818969448244414,0.7375416984901659,0.7910342152744911,0.730058905899098,2,low activity
655,0.0,0.5349,0.04692580939352485,0.03450276378356098,0.5140545029974719,0.002222982216142271,0.6145283568012397,0.6676298575578729,0.7030154943206014,2,low activity
656,0.0,0.5189,0.02941987574099407,0.02309716522063757,0.5154866832103577,0.0030209758321933424,0.5218694538156036,0.5723160410797601,0.608275602808391,2,low activity
657,0.0,0.3416,0.05509726972184222,0.037328338942905236,0.5196299062546047,0.0031349749202006384,0.6952830863243327,0.8053821394918124,0.5930588185069154,0,strongly periodic
658,0.0,0.3991,0.048595536935704516,0.033323026410849665,0.5926451924700629,0.004445964432284542,0.7994078427684332,0.8724481156790627,0.7774517892048423,0,strongly periodic
659,0.0,0.4424,0.05811318399452805,0.0411593842965559,0.6538479748581865,0.0028499772001823985,0.8092343102412229,0.86791569810551,0.7924208193091099,1,irregular/high variability
660,0.0,0.4215,0.07893911878704969,0.05886340233691203,0.5650075095131584,0.0008549931600547196,0.7454976967569452,0.8035774542218602,0.46176509084830253,1,irregular/high variability
661,0.0,0.5066,0.05918901048791608,0.048153446272250905,0.6086315314465706,0.01430688554491564,0.8013897187901864,0.85749564269719,0.7775673427268964,1,irregular/high variability
662,0.0,0.2995,0.06099305745554036,0.042085724294292186,0.3946643198013758,0.0008549931600547196,0.8701496674041057,0.8842987557037069,0.7923810956036846,0,strongly periodic
663,0.0,0.106,0.04573067715458276,0.027743504711341512,0.3990688669173703,0.0008549931600547196,0.8910909801606568,0.987161185086541,0.8563986809679334,0,strongly periodic
664,0.0,0.5301,0.07532855107159143,0.056503944134318335,0.43194471775055526,0.005756953944368445,0.8618805819226658,0.91696153960919,0.8694355566437473,0,strongly periodic
665,0.0,0.5722,0.07004333105335157,0.056715341447664325,0.5870162514526642,0.002222982216142271,0.8083687727241595,0.858440988835992,0.8015751479620199,1,irregular/high variability
666,0.0,0.3071,0.04669989740082079,0.028842707937623748,0.5509660581716126,0.0008549931600547196,0.819637034095429,0.879752813403652,0.7841045177062288,0,strongly periodic
667,0.0,0.3996,0.04100488486092111,0.04121061562157527,0.36250282335411327,0.013565891472868217,0.8586833374348563,0.8855704695853934,0.7300413400819035,0,strongly periodic
668,0.0,0.5012,0.03766261399908801,0.033565330435353924,0.499189391785869,0.016130870953032377,0.7659791681946984,0.7713932327101715,0.6785518039022073,0,strongly periodic
669,0.0,0.2839,0.06333475262197902,0.04400654755653732,0.38424426760104813,0.0029639762881896944,0.8875380490925042,0.927321297462252,0.8653866372128431,0,strongly periodic
670,0.0,0.4588,0.03199294915640675,0.021542998522232792,0.6092835241208413,0.01037391700866393,0.7247508792300611,0.7957895094754932,0.6300931736219071,0,strongly periodic
671,0.0,0.3736,0.03592440720474237,0.025855371300404686,0.4482610522901071,0.004616963064295486,0.8489587090587699,0.880646655879203,0.861529770510612,0,strongly periodic
672,0.0,0.5114,0.03970930232558139,0.04652157743702065,0.6291050221970182,0.006782945736434108,0.7196579450184298,0.8016657706168607,0.5817924331348461,2,low activity
673,0.0,0.5406,0.08997286251709986,0.06791934103954508,0.46578064521597834,0.005129958960328317,0.7936336993034142,0.8647655298332001,0.8393675797810447,1,irregular/high variability
674,0.0,0.4386,0.0844391016871865,0.06138073643128917,0.5962566942006914,0.005129958960328317,0.7076246953720654,0.8046385078356705,0.6358128724490009,1,irregular/high variability
675,0.0,0.3087,0.042953419972640225,0.027989476328745638,0.37700685206572176,0.026504787961696308,0.8710911265473495,0.8892702517738036,0.8375328364803015,0,strongly periodic
676,0.0,0.2558,0.043324829001367984,0.021614326734432365,0.34472569056250524,0.012425900592795257,0.8860887726523307,0.882779108309267,0.8512221990060322,0,strongly periodic
677,0.0,0.4387,0.031860220018239856,0.023283836059254038,0.5522498742455403,0.03305973552211582,0.7123156399138636,0.7902755915212043,0.5249282806154251,0,strongly periodic
678,0.0,0.4004,0.053433099635202916,0.03312048746594568,0.5364965512816914,0.003818969448244414,0.7484811141995248,0.797151666428472,0.811056608736355,0,strongly periodic
679,0.0,0.155,0.02778734040127679,0.019941500340641155,0.41300209703714874,0.010829913360693114,0.8750519857176173,0.9026626460930742,0.8867497691422656,0,strongly periodic
680,0.0,0.4658,0.08046867875057,0.06268261744724166,0.6754004931090729,0.007637938896488828,0.6566670201546817,0.7375101245857449,0.6418918264774431,1,irregular/high variability
681,0.0,0.5285,0.09938836069311446,0.06351178011310774,0.530210476666938,0.004103967168262654,0.7915685250730948,0.8296949053811066,0.8512041972033224,1,irregular/high variability
682,0.0,0.3901,0.06963860009119927,0.04443074484579725,0.5537746781015279,0.010715914272685818,0.7458301966491939,0.7953659462003819,0.819895415801167,1,irregular/high variability
683,0.0,0.3056,0.04457936616507068,0.02247167834299053,0.5921991296220922,0.0008549931600547196,0.7178681652942274,0.825554147205864,0.5520719406960691,0,strongly periodic
684,0.0,0.4752,0.06370047309621524,0.05333099954249949,0.5519640080985685,0.0029069767441860465,0.7746815381645807,0.8529060560735819,0.579841330066709,1,irregular/high variability
685,0.0,0.3162,0.059472138622891024,0.04882224785507495,0.5448928906810097,0.008036935704514364,0.8033248593946192,0.8628594603603511,0.7655216180875742,0,strongly periodic
686,0.0,0.4858,0.06187685818513451,0.04925745867007598,0.5500891128897376,0.007067943456452348,0.7453464655218646,0.837637364972902,0.5782936321491688,1,irregular/high variability
687,0.0,0.389,0.057651459188326495,0.050677799147320325,0.5264260222343398,0.001937984496124031,0.7943947462497399,0.8573974508234329,0.7012401613911363,0,strongly periodic
688,0.0,0.5614,0.07318499202006384,0.06534479743903349,0.7132676482827575,0.021773825809393525,0.6167310381539634,0.6508211510388167,0.6236386034165546,2,low activity
689,0.0,0.4238,0.054420371637026906,0.03567041303862564,0.5773691742843999,0.017555859553123575,0.7269901944810852,0.7667259778484599,0.7602458837301607,0,strongly periodic
690,0.0,0.3484,0.06687700638394892,0.059314087981533745,0.5153843660579706,0.017555859553123575,0.7697116063303007,0.8226794313506879,0.727115331475878,1,irregular/high variability
691,0.0,0.3646,0.06215350547195623,0.03890528315053255,0.5712026018996201,0.006098951208390333,0.7418666032005812,0.7900119221737388,0.739629640158079,1,irregular/high variability
692,0.0,0.1537,0.025053362973096217,0.015704592477887552,0.3832665060263877,0.012539899680802553,0.8506775676676978,0.9255085860076806,0.8318087792149179,0,strongly periodic
693,0.0,0.5534,0.04598202804377565,0.07509163551652348,0.7550000068757873,0.005414956680346557,0.4727349911966595,0.589262290196879,0.437171253074905,2,low activity
694,0.0,0.3425,0.03893031235750114,0.024508881292126215,0.4849743283265399,0.003704970360237118,0.7901296337022738,0.8821682857403212,0.7101504342097424,0,strongly periodic
695,0.0,0.5159,0.09032327861377108,0.05592541990849126,0.4492587862685475,0.0008549931600547196,0.7696105618454163,0.7379011409266222,0.5131012862680409,1,irregular/high variability
696,0.0,0.4548,0.049459758321933424,0.037340182907162026,0.5009626696672441,0.0008549931600547196,0.7509859196157861,0.777744625034978,0.7239528911105736,0,strongly periodic
697,0.0,0.6623,0.05400764363885089,0.0352020675531969,0.5285420328401125,0.0065549475604195166,0.7279156952536766,0.8114389273286869,0.5796328010376384,0,strongly periodic
698,0.0,0.3236,0.03985273027815777,0.039065693549689105,0.5357884852649064,0.00421796625626995,0.7843010360633995,0.890908297195919,0.7750583860157755,0,strongly periodic
699,0.0,0.367,0.043128340173278615,0.029520877215804757,0.4154216187256312,0.003704970360237118,0.833199516062436,0.8728147242366306,0.8766186976182899,0,strongly periodic
700,0.0,0.283,0.03763629160966712,0.023879349902200378,0.4508689489437364,0.002222982216142271,0.7014450498576228,0.7083067710407988,0.68450569968372,0,strongly periodic
701,0.0,0.6421,0.10221426698586411,0.13858976918282429,0.634009830608812,0.005528955768353853,0.6637250669723735,0.774519621465613,0.590797730815486,1,irregular/high variability
702,0.0,0.3622,0.03162175672594619,0.01753729295467051,0.5962084226781246,0.007637938896488828,0.7023421872597482,0.8193968650396808,0.5102799763134709,0,strongly periodic
703,0.0,0.2663,0.04460071819425445,0.035294674945543225,0.5331321136357725,0.0031919744642042863,0.7803905658489557,0.9034523777967229,0.4503607319522458,0,strongly periodic
704,0.0,0.3597,0.0395937813497492,0.03927891126310809,0.5755350351888114,0.0033059735522115823,0.7424552677052406,0.8596072828859345,0.7567287977176738,0,strongly periodic
705,0.0,0.4014,0.06043605221158232,0.046899319237580436,0.5204964131207371,0.0029639762881896944,0.7799963713742385,0.8956854383697387,0.53080789689198,0,strongly periodic
706,0.0,0.3715,0.03634019607843138,0.030934318015855854,0.6050206702478339,0.03858869129046968,0.7098610192333276,0.7972365977190256,0.5615763822892181,0,strongly periodic
707,0.0,0.4552,0.06082075923392614,0.060901252563557745,0.49546242553915015,0.02382580939352485,0.7936450398180342,0.8699712083017667,0.7870615301650778,1,irregular/high variability
708,0.0,0.3742,0.06428496922024624,0.03777905019942641,0.44430380697841104,0.00450296397628819,0.7947472511652924,0.8597364247830555,0.8916112893013137,0,strongly periodic
709,0.0,0.3946,0.041150421796625626,0.042303741266345285,0.6141233038580871,0.005528955768353853,0.7211312997022563,0.8520003270127992,0.736270393471628,0,strongly periodic
710,0.0,0.3764,0.062275854993160046,0.05385537899169599,0.5529466128935963,0.0140218878248974,0.7469286811944872,0.8188296947142598,0.5672875775896001,1,irregular/high variability
711,0.0,0.3357,0.025655585955312355,0.02558777937846943,0.609029399046237,0.0029639762881896944,0.44807356387718555,0.6412426578102947,0.6390824464128938,2,low activity
712,0.0,0.3708,0.04863856589147286,0.04537693329624109,0.6031858971808572,0.02901276789785682,0.7708851241803987,0.8718628771560191,0.5262909363707119,0,strongly periodic
713,0.0,0.724,0.03222293661650707,0.025091190355675575,0.5772358138833155,0.0030779753761969904,0.4233276212349643,0.453831255224032,0.48461872929056404,2,low activity
714,0.0,0.3158,0.02376858755129959,0.018542581414182024,0.4386782544840208,0.0828203374373005,0.8752612371695528,0.882520055651985,0.7791769675137694,0,strongly periodic
715,0.0,0.5235,0.0652578659370725,0.054198482757382364,0.525947792029738,0.0009689922480620155,0.7321612918881537,0.7994897716618605,0.733887642815739,1,irregular/high variability
716,0.0,0.3602,0.024815406976744184,0.021557186411841428,0.5180162159384707,0.11582307341541268,0.8435279548018411,0.8717792445754752,0.8632610523568368,0,strongly periodic
717,0.0,0.4541,0.04632346671226631,0.030436013413252895,0.6739220437807083,0.0008549931600547196,0.6558902102351775,0.6735134548287341,0.6727661609806034,2,low activity
718,0.0,0.5742,0.10901539557683539,0.09439880928519577,0.4855785194573196,0.10345417236662106,0.6465875803074337,0.627637114449843,0.7158285590447225,1,irregular/high variability
719,0.0,0.3045,0.04868720360237118,0.026265223862838503,0.37842308972531824,0.006383948928408573,0.8811611352052222,0.9348836331538667,0.849542969401738,0,strongly periodic
720,0.0,0.5397,0.0223421853625171,0.017852576877721127,0.4210487344021009,0.0067259461924304605,0.5046497200932062,0.5161571639450377,0.49069789812365266,2,low activity
721,0.0,0.2743,0.052681543547651616,0.03530952490810727,0.34368709942215514,0.04001367989056088,0.9215828520191912,0.9513804769787558,0.9229617039238225,0,strongly periodic
722,0.0,0.585,0.02612059963520292,0.038548377050047766,0.8359549030308275,0.12061103511171911,0.40217433661753554,0.4787455316420286,0.293134985514831,2,low activity
723,0.0,0.2994,0.029319596443228457,0.018665735051131005,0.5006562663963874,0.010544915640674874,0.6330805275438032,0.6385901359321362,0.6651228744531663,2,low activity
724,0.0,0.2693,0.033222264021887826,0.032114168064127716,0.5035199436335361,0.00729594163246694,0.7415659025146024,0.8026339099343403,0.4812062514724924,0,strongly periodic
725,0.0,0.4242,0.03528467282261742,0.018977206803181802,0.5114110589714534,0.008663930688554491,0.5125229886050173,0.5684255262337461,0.6046739924623892,2,low activity
726,0.0,0.3541,0.031032335841313267,0.022559732721437062,0.7253259689251258,0.0008549931600547196,0.5256089738714914,0.5886409860063498,0.5091272586287902,2,low activity
727,0.0,0.3342,0.03495200068399453,0.026763641413253506,0.8040818973506888,0.0008549931600547196,0.4721428898319828,0.5045165644839293,0.5757912776841746,2,low activity
728,0.0,0.4255,0.030378043775649795,0.039455586746286665,0.6057695651967793,0.0025649794801641587,0.7238158961654192,0.7213811513883495,0.5002760529809672,2,low activity
729,0.0,0.4399,0.09400444026447788,0.0598445566455815,0.5377109185100276,0.006041951664386685,0.7521863143208525,0.8397078958634446,0.7106440424055905,1,irregular/high variability
730,0.0,0.2259,0.03312620269037848,0.017902654842875145,0.4244125602119553,0.00900592795257638,0.8710038091521337,0.8995589316860916,0.8716874517816086,0,strongly periodic
731,0.0,0.2093,0.04363504901960784,0.028895798649093616,0.4478431704537231,0.0027929776561787505,0.8636104730153348,0.9359255522575417,0.8560540957971388,0,strongly periodic
732,0.0,0.499,0.061493804149566796,0.058999825647078986,0.558125513434499,0.009062927496580027,0.7316343840322396,0.8378618641452389,0.7558195169033659,1,irregular/high variability
733,0.0,0.131,0.037756800045599635,0.022831150956256627,0.365964710752977,0.0033629730962152302,0.9094523731202108,0.969331307462331,0.8838420992258738,0,strongly periodic
734,0.0,0.4299,0.06260580255357959,0.054461794387935095,0.6022139944947391,0.016073871409028728,0.7525478831912022,0.8447669002341345,0.5222503516350202,1,irregular/high variability
735,0.0,0.1427,0.026443091655266756,0.01267602230283853,0.40861348276145276,0.0008549931600547196,0.855854234088041,0.8729127535714484,0.8985577508760515,0,strongly periodic
736,0.0,0.3844,0.03955292977656179,0.03606594523809258,0.6324051281865465,0.05118559051527588,0.6467922839516237,0.7363861508613477,0.5441655393115583,2,low activity
737,0.0,0.5523,0.07152169972640218,0.07049529001033188,0.45310744387689644,0.006098951208390333,0.3897626196744934,0.32332408756059733,0.1394832819559886,2,low activity
738,0.0,0.2882,0.04537776447788418,0.03327235676999453,0.5665151172929107,0.011057911536707706,0.7930475054754305,0.8638940430160491,0.7809014344833225,0,strongly periodic
739,0.0,0.3874,0.04438801299589603,0.03339206952523496,0.634162743522937,0.0008549931600547196,0.7122755088165781,0.7734578730515687,0.5185454187717797,2,low activity
740,0.0,0.3478,0.05187281691746466,0.03842448140180872,0.4451063311218309,0.025250797993616052,0.8136339395690755,0.8429972008281411,0.8060017741460924,0,strongly periodic
741,0.0,0.4073,0.04639716142270862,0.023800071487186596,0.4709253508966518,0.0026789785681714546,0.7537432027830366,0.8010006068918811,0.7967621096790919,0,strongly periodic
742,0.0,0.3741,0.04080794003647971,0.03350780257048575,0.6612504470498831,0.004103967168262654,0.6612675308287199,0.7528700545709698,0.4439658259357979,2,low activity
743,0.0,0.4713,0.047549304605563156,0.03975541990105413,0.5958718538110689,0.03761969904240766,0.6576805666738221,0.746531350054232,0.47549703074936517,2,low activity
744,0.0,0.3354,0.05369088577291382,0.03726330593262557,0.4342118169599164,0.0027929776561787505,0.7646039099837206,0.8524856148478206,0.8431940690971649,0,strongly periodic
745,0.0,0.637,0.06370284997720019,0.044961618770016115,0.6209571782524124,0.004046967624259006,0.6325482654179048,0.7371860275377031,0.4974487165597305,2,low activity
746,0.0,0.6439,0.05840460556315549,0.042439218740103125,0.6287048812247049,0.00450296397628819,0.607774973823021,0.7166245262457858,0.5330098725177752,2,low activity
747,0.0,0.4021,0.05125241108071135,0.050819730531424044,0.5531673433966598,0.004559963520291838,0.5246336283239181,0.7309935682724843,0.6526498296365437,2,low activity
748,0.0,0.4222,0.03502713178294573,0.027248563851084144,0.655626737694807,0.0046739626082991335,0.5707922247957566,0.6034175073236618,0.5850492221642074,2,low activity
749,0.0,0.3961,0.0538670941632467,0.04899184112342862,0.5754192580870856,0.007523939808481532,0.7635047115567332,0.8353855521103597,0.6915537494044933,1,irregular/high variability
750,0.0,0.2986,0.01829078887368901,0.012050493666206896,0.5065757432765527,0.010715914272685818,0.8170205933989558,0.8438942381808543,0.694934146830641,0,strongly periodic
751,0.0,0.1067,0.013380101459188326,0.01097967498830467,0.42837020158821176,0.14551983584131328,0.8976955269270828,0.930624095246597,0.8388708410067359,0,strongly periodic
752,0.0,0.1213,0.0169515845873233,0.011621932433745904,0.40073920025282705,0.01037391700866393,0.9089172575184963,0.9363458614563451,0.8854171480060011,0,strongly periodic
753,0.0,0.2637,0.01632722298221614,0.011062760164896048,0.4629837302858095,0.01037391700866393,0.852391496094433,0.9100590487927946,0.7922086767388362,0,strongly periodic
754,0.0,0.3431,0.03406753305973552,0.038406306264134146,0.5111043436845274,0.03761969904240766,0.7666873396702488,0.8609222392134678,0.6991584512231683,0,strongly periodic
755,0.0,0.2897,0.05323762539899681,0.030424466221494605,0.5183348326636824,0.0008549931600547196,0.8046707327117775,0.8352649860387557,0.7007499145337727,0,strongly periodic
756,0.0,0.42,0.0645654012767898,0.04040687890560062,0.4108145604386066,0.0008549931600547196,0.8519807452928008,0.8846354817549519,0.8223100573573502,0,strongly periodic
757,0.0,0.3507,0.06930471386228909,0.0499158417138216,0.5188313318313087,0.0027929776561787505,0.8226079781591151,0.8982921487985414,0.7413455137388549,1,irregular/high variability
758,0.0,0.4795,0.07522693228454173,0.06538496676228579,0.47451927390413473,0.0008549931600547196,0.8343551297529321,0.9156126621409834,0.7956338032665715,1,irregular/high variability
759,0.0,0.3694,0.05458359553123575,0.03469885534058373,0.45367292295167255,0.005015959872321021,0.8044958775463183,0.8706560285637034,0.8748393829757508,0,strongly periodic
760,0.0,0.4634,0.0439312300501596,0.04739160631389669,0.5835835994150592,0.0008549931600547196,0.7308742062576555,0.8391892652109351,0.2809899902765422,0,strongly periodic
761,0.0,0.5065,0.03141486548107615,0.025369218316254855,0.7229021159570356,0.0008549931600547196,0.60561309120308,0.6515600322431877,0.6307568107823901,2,low activity
762,0.0,0.388,0.05389416324669402,0.031909065661724835,0.6559168073149424,0.007181942544459644,0.5429096671623641,0.6176275177618674,0.6565066148822662,2,low activity
763,0.0,0.4535,0.0511421625626995,0.05358857499030115,0.6798385321998369,0.0024509803921568627,0.7277642670407029,0.8411062845570451,0.2698889545670984,1,irregular/high variability
764,0.0,0.2783,0.043667686958504336,0.026377759980696306,0.3873905194521045,0.0024509803921568627,0.8749540009921354,0.9262911346783916,0.8969966792918771,0,strongly periodic
765,0.0,0.3799,0.032117795257637936,0.020052890740710073,0.4292116559004848,0.00364797081623347,0.8527408880161533,0.9093927641923925,0.8909439138865152,0,strongly periodic
766,0.0,0.5009,0.04281086411308709,0.04301253876699413,0.7530007429235764,0.005528955768353853,0.655207285757936,0.7323018775474344,0.26063347531674497,2,low activity
767,0.0,0.4395,0.06437439010487916,0.03876010800565762,0.532583604299099,0.003476972184222526,0.783627539389035,0.8394697006723429,0.7955696466802141,0,strongly periodic
768,0.0,0.5053,0.09287829457364341,0.09399078545521733,0.5246318988412576,0.003590971272229822,0.7798287035355307,0.8550342365290313,0.7347678808500505,1,irregular/high variability
769,0.0,0.4706,0.07404741222070224,0.05961588163062427,0.598883656012885,0.0024509803921568627,0.7051820087015115,0.7534575818131838,0.7250308951980092,1,irregular/high variability
770,0.0,0.44,0.06766413018695851,0.05647443841525708,0.6076565074810218,0.002279981760145919,0.6975506214327772,0.7463021034977588,0.70807734204621,1,irregular/high variability
771,0.0,0.4039,0.06030845873233014,0.04092789300916754,0.6250079231693797,0.0011399908800729594,0.659340667426458,0.685290512307053,0.718681505025325,2,low activity
772,0.0,0.5342,0.06150683424532604,0.05174761851558525,0.6744957035816235,0.005813953488372093,0.6835472650824498,0.6914609375568653,0.6900484147834397,2,low activity
773,0.0,0.5842,0.052933093935248525,0.055222689904230904,0.773313302773843,0.004901960784313725,0.6551304341987054,0.7314858501706983,0.5125067683040303,2,low activity
774,0.0,0.5183,0.033720599635202915,0.053402959856946715,0.6929223549072944,0.012311901504787962,0.6568307578054359,0.6867888196995234,0.5518464193065753,2,low activity
775,0.0,0.3836,0.0539688440492476,0.037945885423813774,0.5002659284124433,0.003419972640218878,0.7340779769786878,0.8144509888786039,0.6677601468863339,0,strongly periodic
776,0.0,0.2906,0.04803297423620611,0.036933230657672414,0.4446046062473744,0.003989968080255358,0.8284864813679399,0.9035322811266013,0.7603296945120527,0,strongly periodic
777,0.0,0.4582,0.05775783743730051,0.03780490681626196,0.455513312346527,0.015218878248974008,0.7955274479752854,0.8838278929748724,0.7556945885628917,0,strongly periodic
778,0.0,0.4184,0.04639284085727314,0.02880409560182159,0.4857539956508848,0.010430916552667579,0.8269083287793932,0.8558036503077834,0.859830154406217,0,strongly periodic
779,0.0,0.3439,0.05420290127678978,0.04152191416634928,0.6990025032564264,0.0015959872321021432,0.7920569406529149,0.8595693818140637,0.7168340659378011,1,irregular/high variability
780,0.0,0.397,0.05368642270861833,0.03558052933590423,0.5862786110244648,0.012482900136798905,0.7419535193318597,0.7769804012250165,0.7900642015274413,0,strongly periodic
781,0.0,0.4185,0.05930993502051984,0.03727061088628802,0.5583917768787071,0.008834929320565435,0.7669237353052816,0.8111417048415498,0.7716350973859069,0,strongly periodic
782,0.0,0.4342,0.05974819311445508,0.037544158422642596,0.5317923334552995,0.002051983584131327,0.788041062307396,0.8465919250042582,0.8112577765220779,0,strongly periodic
783,0.0,0.5357,0.08233524281805744,0.05846927583213348,0.6421032591973079,0.005813953488372093,0.6782345752713578,0.7696805305948237,0.6737074675578819,1,irregular/high variability
784,0.0,0.572,0.05923585841313269,0.038753796742252565,0.5858492222795656,0.00364797081623347,0.7072029224917554,0.7607311472821003,0.7148434116206701,1,irregular/high variability
785,0.0,0.4591,0.0665187129502964,0.055351983037073574,0.6801735601266958,0.0008549931600547196,0.6800674642372213,0.7285037745623796,0.6824161825571828,1,irregular/high variability
786,0.0,0.4636,0.07489853511171911,0.05586517857054313,0.6527022533604951,0.0025649794801641587,0.7038070674680984,0.7358981780717497,0.7383860091523479,1,irregular/high variability
787,0.0,0.5981,0.06412892156862746,0.03755358623489192,0.4485730136141423,0.0014819881440948472,0.6757044732061572,0.7704266465686753,0.6672934961457372,0,strongly periodic
788,0.0,0.3727,0.06144867761057912,0.034627002049514834,0.3954123020786418,0.0008549931600547196,0.8341619233598816,0.8476291969980404,0.8690940028487651,0,strongly periodic
789,0.0,0.2286,0.04839174646602828,0.04502208427598672,0.5076954137633988,0.0046739626082991335,0.715796465368293,0.8045316480247916,0.7351283426311896,0,strongly periodic
790,0.0,0.4584,0.025116512767897857,0.02113752952109307,0.7491493451733018,0.0033629730962152302,0.4170489219000912,0.40004948164141246,0.44458941689796255,2,low activity
791,0.0,0.5443,0.09836068171454627,0.09726277767829114,0.533350388960514,0.0008549931600547196,0.7675870781451702,0.843310605291985,0.7175050877454423,1,irregular/high variability
792,0.0,0.3876,0.06043371523027816,0.03545739505814322,0.5340914943134014,0.0024509803921568627,0.7922324803374013,0.8403090164746738,0.7907789398400303,0,strongly periodic
793,0.0,0.4278,0.06818396032831738,0.05683095006043623,0.540239080878059,0.004616963064295486,0.6943765180241033,0.7753315469817643,0.7147654637046653,1,irregular/high variability
794,0.0,0.446,0.05091131440948472,0.04277141886562731,0.6795768916709714,0.0008549931600547196,0.7285655593755653,0.8117188553035378,0.6562580462661017,1,irregular/high variability
795,0.0,0.4356,0.04705551185590515,0.03858641602646179,0.6116856563690589,0.006953944368445052,0.6984999246971696,0.7572233222541148,0.4690447869163287,2,low activity
796,0.0,0.575,0.05156953374373005,0.0433204768621039,0.8122050948278915,0.0008549931600547196,0.356450040035344,0.40457269243252614,0.412399849772726,2,low activity
797,0.0,0.5039,0.06110984952120382,0.06283430615138454,0.7038547831110639,0.0008549931600547196,0.7538198982463878,0.8104532955302391,0.5822152735201447,1,irregular/high variability
798,0.0,0.4487,0.0778407432740538,0.07831268523527328,0.5966531403168434,0.02188782489740082,0.614093232630213,0.707349357345529,0.4589427201893421,1,irregular/high variability
799,0.0,0.2882,0.056892213862289105,0.03276720836348472,0.40681203424384843,0.010886912904696762,0.8651891453969895,0.876055016041769,0.8821132349560448,0,strongly periodic
800,0.0,0.3289,0.034968279753761974,0.026676465529327984,0.5864210124645998,0.014819881440948472,0.7297745386938527,0.8112964570954342,0.630952318779975,0,strongly periodic
801,0.0,0.4981,0.09828855449156408,0.09196407418438879,0.5069116647395275,0.0008549931600547196,0.8027219959081463,0.8777773381648976,0.7816529620146321,1,irregular/high variability
802,0.0,0.3402,0.033527154582763334,0.0229706267804163,0.5139463853257665,0.003533971728226174,0.808221460899659,0.9026889649388198,0.6880030234738145,0,strongly periodic
803,0.0,0.5333,0.06805290697674418,0.06122951502912082,0.705085908041803,0.007409940720474236,0.6518470607406265,0.6823283255088777,0.6166467299909929,2,low activity
804,0.0,0.5263,0.09585404126766986,0.07020890261546589,0.5837472656567206,0.0008549931600547196,0.747368276345534,0.8061538854542171,0.8230902258821339,1,irregular/high variability
805,0.0,0.4134,0.05042843707250342,0.03180993325647835,0.43006675663697147,0.0028499772001823985,0.8712880559429684,0.9371023190584081,0.888532850867414,0,strongly periodic
806,0.0,0.5719,0.05950896032831737,0.03962315813933295,0.40801528020990524,0.0028499772001823985,0.8164595817981288,0.8850403075921889,0.8460646433247668,0,strongly periodic
807,0.0,0.6252,0.06473595531235751,0.0502649876577454,0.5214124212519667,0.0015959872321021432,0.4894221876189746,0.5935908285896332,0.5471065380891459,2,low activity
808,0.0,0.5178,0.0618374601003192,0.06033979449089352,0.5597111713952792,0.0033629730962152302,0.7439352954717349,0.8453437261192477,0.7597415484555872,1,irregular/high variability
809,0.0,0.5929,0.06774233356133151,0.049322090195130605,0.5266121610855716,0.0033059735522115823,0.7631861107894696,0.8535570659602624,0.7198688399423039,1,irregular/high variability
810,0.0,0.4553,0.0489827975376197,0.039402072723985486,0.6816346896579423,0.007751937984496124,0.6864908439119336,0.7330046411012361,0.7416903214168006,2,low activity
811,0.0,0.3086,0.04843914728682171,0.029460413275955097,0.5450392753985515,0.005699954400364797,0.7508998690927133,0.8019504277915646,0.7366068871265347,0,strongly periodic
812,0.0,0.2852,0.044198341313269496,0.02780468458002823,0.5393972569879839,0.012197902416780666,0.7658843539305342,0.7932885175761563,0.7657619523580377,0,strongly periodic
813,0.0,0.4304,0.06565103169174646,0.0643931189825856,0.5723731030226393,0.02302781577747378,0.7305029868747014,0.7540909068712269,0.6912959964466984,1,irregular/high variability
814,0.0,0.6093,0.08810278157774738,0.08564009989618813,0.6425788086446989,0.002279981760145919,0.7292369799048976,0.8218439426652254,0.4146692410436357,1,irregular/high variability
815,0.0,0.4043,0.07816133150934793,0.047878856158401824,0.670360992177811,0.0008549931600547196,0.7063499863527232,0.8176627094241399,0.6167147399335317,1,irregular/high variability
816,0.0,0.24,0.04710878932968536,0.033105037381629177,0.5146001505800789,0.008948928408572731,0.8016625327519089,0.8505473224417377,0.8378570164645822,0,strongly periodic
817,0.0,0.2982,0.0391484040127679,0.023855872040899232,0.5429238839212936,0.0024509803921568627,0.7193881662948934,0.7612079418352551,0.777446517715929,0,strongly periodic
818,0.0,0.3032,0.05411655266757866,0.02911130137633942,0.5656147745710972,0.0014819881440948472,0.8092248628379127,0.8600989254400488,0.7496658605077099,0,strongly periodic
819,0.0,0.5681,0.06236911764705881,0.0679023368269007,0.5846160335157027,0.002108983128134975,0.8008746305033755,0.8862468993488121,0.7058691017167067,1,irregular/high variability
820,0.0,0.4805,0.04042098723210214,0.025641401241369474,0.650170601861455,0.0008549931600547196,0.6823227543756927,0.7503985777290699,0.7235548214401782,2,low activity
821,0.0,0.1334,0.044361439808481534,0.025810211771573697,0.40106349460835283,0.0024509803921568627,0.8604181656077649,0.9307214003191129,0.8675994939613251,0,strongly periodic
822,0.0,0.4263,0.05808716370269038,0.057319675833401675,0.5150307069326142,0.0008549931600547196,0.7672631138054833,0.7614153118680383,0.5837249697194591,1,irregular/high variability
823,0.0,0.3586,0.03452715458276334,0.021013891736029498,0.5564004580197723,0.0008549931600547196,0.759635750619847,0.8004665949275743,0.8287421719736885,0,strongly periodic
824,0.0,0.5115,0.04808693570451436,0.03321058057609834,0.6695514909820741,0.0008549931600547196,0.705496943536744,0.7620617927770531,0.7247248826792441,2,low activity
825,0.0,0.4749,0.04753944938440493,0.05322344713846537,0.675397893127422,0.11023711810305517,0.6977651217444129,0.7568755107065417,0.4595253423530406,2,low activity
826,0.0,0.3352,0.0420156805745554,0.02960288081729873,0.4554172007346193,0.07398540811673507,0.7990476788613359,0.7893379454831568,0.7298428809931315,0,strongly periodic
827,0.0,0.4332,0.05770474236206111,0.04692430317338762,0.5533231034190527,0.010829913360693114,0.7427995339340479,0.8490393183628072,0.5165485366231141,1,irregular/high variability
828,0.0,0.4194,0.0514655722754218,0.037861714767648026,0.5392074212349505,0.00393296853625171,0.746501599954775,0.8720952155305065,0.5389246909030722,0,strongly periodic
829,0.0,0.5057,0.05352841997264022,0.03959686359809119,0.5197121793581552,0.0016529867761057911,0.7447508422537065,0.8475746856971897,0.622320716121003,0,strongly periodic
830,0.0,0.5273,0.050653670770633825,0.03869935479778495,0.5925821621152552,0.01293889648882809,0.6890369073585888,0.7880559130222621,0.6343130044286837,2,low activity
831,0.0,0.404,0.0403031691746466,0.015238598003664863,0.42592122854992465,0.0008549931600547196,0.817503180544937,0.8480071304225931,0.8758668311365064,0,strongly periodic
832,0.0,0.3389,0.04650608755129959,0.020942924154779472,0.5325773264986001,0.0008549931600547196,0.6660205130641869,0.7322597127817365,0.6238208433251342,2,low activity
833,0.0,0.3867,0.03862165982672139,0.03863097358042113,0.4563435134468034,0.005756953944368445,0.4907560683683101,0.7591832000055727,0.5274882872704737,2,low activity
834,0.0,0.4694,0.06483693000455996,0.04489940127422608,0.49347489417056817,0.014078887368901049,0.7484729804761423,0.7835886601960133,0.6497184389555605,1,irregular/high variability
835,0.0,0.3736,0.04976814295485636,0.03131896669287092,0.45858357557459234,0.004103967168262654,0.8006648204679734,0.9017630680369614,0.6903833285120297,0,strongly periodic
836,0.0,0.4142,0.03797785567715458,0.03184679842160724,0.47127266063180845,0.0030779753761969904,0.728451133928473,0.7831111308828295,0.7201314299539503,0,strongly periodic
837,0.0,0.446,0.06657858527131784,0.06378200966023004,0.5237856449779431,0.0031349749202006384,0.7022598545245229,0.8126556718898418,0.6753302649125761,1,irregular/high variability
838,0.0,0.247,0.02799652302781578,0.01749474288814608,0.5075762667634672,0.002279981760145919,0.82838212004275,0.9302443544839745,0.6201980034466537,0,strongly periodic
839,0.0,0.3969,0.0839516073871409,0.06544838112093801,0.5498888937357287,0.0016529867761057911,0.7685239774297484,0.7950165239760206,0.7969642055000653,1,irregular/high variability
840,0.0,0.6377,0.050343707250342,0.09904890911458748,0.6138781533949524,0.002051983584131327,0.6505576960118624,0.7525016868203204,0.22401091165478357,1,irregular/high variability
841,0.0,0.1805,0.04691431828545371,0.025145371260084728,0.37024495440978106,0.0016529867761057911,0.9043753486089908,0.949543265287184,0.8572990022548599,0,strongly periodic
842,0.0,0.352,0.05526023711810305,0.032431326320290374,0.35158151145357774,0.001709986320109439,0.9213584560319319,0.9501618688104047,0.9281487551133847,0,strongly periodic
843,0.0,0.6288,0.04051318969448245,0.030557879052362097,0.7586642636244368,0.0014819881440948472,0.573041623222694,0.6523109365714981,0.6621443592526829,2,low activity
844,0.0,0.2493,0.02848721500227998,0.017149549053437636,0.39118851089223944,0.0008549931600547196,0.8909433104723005,0.9181912597770195,0.899375621119325,0,strongly periodic
845,0.0,0.4022,0.033031617647058815,0.04098274937361362,0.7358685213913676,0.004445964432284542,0.7354851566593389,0.8159818134557054,0.3018541214305237,2,low activity
846,0.0,0.5611,0.053787522799817605,0.051311361639129825,0.5416600550764414,0.00815093479252166,0.7842083890034807,0.8884585433697003,0.544569274511718,0,strongly periodic
847,0.0,0.3539,0.05842628818969448,0.05567875980094394,0.4469161681895375,0.00815093479252166,0.8242645079233459,0.9257837219911957,0.8011641874699724,0,strongly periodic
848,0.0,0.4166,0.051939272685818515,0.04150933094458842,0.6282382131946915,0.0066689466484268125,0.702266823641806,0.7279258622270578,0.7162911735769876,2,low activity
849,0.0,0.3864,0.054986228910168716,0.053550492499822924,0.6213277120975044,0.0027929776561787505,0.7991261839900554,0.8804319234683884,0.7448306343806348,1,irregular/high variability
850,0.0,0.5597,0.03976011171910625,0.02922722723807071,0.6849918017137978,0.003818969448244414,0.6069714379366088,0.6503754196102921,0.47103677846758213,2,low activity
851,0.0,0.4208,0.04431312699498405,0.05302515066662044,0.5773556690810501,0.013223894208846329,0.6869261498684356,0.7659779282067153,0.5268542147215608,2,low activity
852,0.0,0.1226,0.017751516187870495,0.01357946810171608,0.3288111640433025,0.0014249886000911993,0.9110224252212279,0.966860391858905,0.6045417974323996,0,strongly periodic
853,0.0,0.0876,0.021159268125854995,0.013270834725846049,0.3757580030283543,0.0014249886000911993,0.8827076077728601,0.9545710063662031,0.7299051975621149,0,strongly periodic
854,0.0,0.342,0.025893348153214774,0.020938561345416513,0.5955581439397581,0.02730278157774738,0.6612754744280834,0.6811748822140293,0.6321178514417495,2,low activity
855,0.0,0.5555,0.03534660282717738,0.022302432824493505,0.6248300076524853,0.0027929776561787505,0.567578061901674,0.604989889025317,0.4609275570207363,2,low activity
856,0.0,0.2889,0.023337756497948014,0.01411452705677615,0.493873861636737,0.0008549931600547196,0.811632460128251,0.8864050258437203,0.7730681944662239,0,strongly periodic
857,0.0,0.3975,0.02588268353853169,0.01680153348791541,0.3772465059340044,0.0008549931600547196,0.887072849616147,0.9439163153353842,0.9393555478813582,0,strongly periodic
858,0.0,0.1419,0.03966930004559964,0.018034845535796304,0.33213486871324693,0.0025079799361605107,0.850351612956655,0.8461007413433984,0.7026117737971238,0,strongly periodic
859,0.0,0.3532,0.0430577576379389,0.023566284699128456,0.31996681185348314,0.0025079799361605107,0.8771592347435415,0.850473009963123,0.7292984729681231,0,strongly periodic
860,0.0,0.4159,0.029240583675330598,0.017605395417670623,0.4925782601884479,0.001880984952120383,0.812989155612931,0.8539117808621197,0.8142320786505333,0,strongly periodic
OT,0.0,0.2174,0.03153699270405837,0.019452773631173606,0.3416706961713038,0.0032489740082079343,0.9193725082967457,0.9580437483167505,1.0,0,strongly periodic
