audit_config_hash,audit_protocol,candidate,cross_process_exchange,dataset,early_best_raw_extension_epoch,early_best_raw_extension_validation_mse,early_elapsed_seconds,early_extension_mae,early_extension_mse,early_extension_nll,early_extension_replay_from_seed,early_extension_retrained,early_reference_mae,early_reference_mse,early_reference_nll,early_selected_mae,early_selected_mse,early_selected_nll,early_source_metric_matches_selected_checkpoint,early_source_metric_mse_difference,early_source_reported_mae,early_source_reported_mse,early_validation_selected_stage,extension_allclose_rtol1e_6_atol1e_7,extension_bitwise_identical,extension_epochs,extension_left_prediction_sha256,extension_maximum_absolute_difference,extension_mean_absolute_difference,extension_right_prediction_sha256,extension_root_mean_square_difference,horizon,primal_dual,seed,selected_allclose_rtol1e_6_atol1e_7,selected_bitwise_identical,selected_left_prediction_sha256,selected_maximum_absolute_difference,selected_mean_absolute_difference,selected_right_prediction_sha256,selected_root_mean_square_difference,train_windows,validation_windows,variant,x_to_z_best_raw_extension_epoch,x_to_z_best_raw_extension_validation_mse,x_to_z_elapsed_seconds,x_to_z_extension_mae,x_to_z_extension_mse,x_to_z_extension_nll,x_to_z_extension_replay_from_seed,x_to_z_extension_retrained,x_to_z_reference_mae,x_to_z_reference_mse,x_to_z_reference_nll,x_to_z_selected_mae,x_to_z_selected_mse,x_to_z_selected_nll,x_to_z_source_metric_matches_selected_checkpoint,x_to_z_source_metric_mse_difference,x_to_z_source_reported_mae,x_to_z_source_reported_mse,x_to_z_validation_selected_stage
dcf26dfeb7c4b1e8,latentflow-fusion-identity-audit-all28-five-seed-v1,latentflow_process_preserving_unfreeze2,False,ETTh1,2,1.01528117309014,nan,0.43983612416217793,0.4515331023225249,0.8340886029314046,False,False,0.4359484592005332,0.4454155189162745,0.8634899504878966,0.43983612416217793,0.4515331023225249,0.8340886029314046,False,0.006117583406250404,0.4359484592005332,0.4454155189162745,extension,False,False,10,64043ad35803d41dd2e0253fde398dc53f0cb37fb005d726ce65276eb5fd8aeb,0.5891232490539551,0.030922083328164925,09d0532ead97ba152f3e7a5e538c696455fa0c680987b12e9027cf97a060ef7f,0.046730922461001426,192,False,42,False,False,64043ad35803d41dd2e0253fde398dc53f0cb37fb005d726ce65276eb5fd8aeb,0.5891232490539551,0.030922083328164925,09d0532ead97ba152f3e7a5e538c696455fa0c680987b12e9027cf97a060ef7f,0.046730922461001426,2048,1024,early_fusion_vs_x_to_z,2,1.0174125855167706,nan,0.4409708833615927,0.45282190249546295,0.8378455186253722,False,False,0.4359484592005332,0.4454155189162745,0.8634899504878966,0.4409708833615927,0.45282190249546295,0.8378455186253722,False,0.007406383579188436,0.4359484592005332,0.4454155189162745,extension
57d6d79fb4f16196,latentflow-fusion-identity-audit-all28-five-seed-v1,latentflow_process_preserving_unfreeze2,False,ETTh1,2,1.3275982461819031,136.99623471312225,0.4619690226298974,0.48341271191026447,0.9175248673950525,True,True,0.45415585197978037,0.4817180077371921,0.9034206312625488,0.45415585197978037,0.4817180077371921,0.9034206312625488,nan,nan,nan,nan,reference,False,False,10,3d353b0198ac55ac4967c92f027568cae753a7d4ad9e230e67e20e927fb07ee0,1.2806949615478516,0.08695772547096305,7675c76966350fd30c6070b6b853105ff6c4a1d2352a95fa9b9f8d6f39d63d57,0.1245925368212179,336,False,42,False,False,4b795c1b99f548bcf4714b11f30f60583c834e7a4add978a949adae3e972d1e1,0.4097662568092346,0.02710666394345992,dd7dc0d6bf61bbbb4c269f59dda294d4677603902605c6980c0b875cf511b402,0.04089016077732504,2048,1024,early_fusion_vs_x_to_z,2,1.329678364756967,82.24747200869024,0.46459475832691716,0.485694982325443,0.9466327779185327,True,True,0.45415585197978037,0.4817180077371921,0.9034206312625488,0.45415585197978037,0.4817180077371921,0.9034206312625488,nan,nan,nan,nan,reference
056c2a66f2627f72,latentflow-fusion-identity-audit-all28-five-seed-v1,latentflow_process_preserving_unfreeze2,False,ETTh1,1,1.5587898814488972,nan,0.48038052570197903,0.491702496795577,0.963275383601085,False,False,0.4786009474572534,0.49215886750318655,0.9803334076279901,0.48038052570197903,0.491702496795577,0.963275383601085,False,-0.0004563707076095658,0.4786009474572534,0.49215886750318655,extension,False,False,10,5d87ef797753134ac3d98f78fdeee898ee7a62dd1b2b36a3b6837424c8278717,0.471554160118103,0.02389166846644977,1eec3b49eece977cf5348a01abff7374f8f454a0c227254391f705762bcd65e1,0.03651611860935146,720,False,42,False,False,5d87ef797753134ac3d98f78fdeee898ee7a62dd1b2b36a3b6837424c8278717,0.471554160118103,0.02389166846644977,1eec3b49eece977cf5348a01abff7374f8f454a0c227254391f705762bcd65e1,0.03651611860935146,2048,1024,early_fusion_vs_x_to_z,1,1.5585196941617936,nan,0.4801300120110452,0.4937058296146733,0.9666328803084063,False,False,0.4786009474572534,0.49215886750318655,0.9803334076279901,0.4801300120110452,0.4937058296146733,0.9666328803084063,False,0.0015469621114867493,0.4786009474572534,0.49215886750318655,extension
7e0254de71753f1f,latentflow-fusion-identity-audit-all28-five-seed-v1,latentflow_process_preserving_unfreeze2,False,ETTh1,4,0.7886557586136318,132.68185788579285,0.4294089979765466,0.4260850029745051,0.7814442510236743,True,True,0.4114095289177025,0.4032240676423306,0.8014270490975097,0.4114095289177025,0.4032240676423306,0.8014270490975097,nan,nan,nan,nan,reference,False,False,10,442add83309509ff140c3d75ddefbaa9cc58a5a01da24fd521c743dae5ed6cae,2.2590081691741943,0.14093019964378906,52e330607f81e1c40f9b20714ef52cd92a7e71a2772c1f763a4f5d0541100422,0.20441471227495844,96,False,42,False,False,6c617ab8e4bc2ca29d5c96db93d1eb007b7d83adade7fa725f924337e138a2d3,0.2892104387283325,0.022415354949972346,9ab7fe8839c0c8174bf9d5bfd789c91a7ab0110a7cb11cf87e0c44083297da21,0.034048728980619974,2048,1024,early_fusion_vs_x_to_z,4,0.7932415831656683,80.5715563185513,0.429083305372584,0.419060089654002,0.8017020473360373,True,True,0.4114095289177025,0.4032240676423306,0.8014270490975097,0.4114095289177025,0.4032240676423306,0.8014270490975097,nan,nan,nan,nan,reference
46cf56d667fa27cd,latentflow-fusion-identity-audit-all28-five-seed-v1,latentflow_process_preserving_unfreeze2,False,ETTh2,4,0.29107278780568213,128.46582308597863,0.4099718524797956,0.3999451894631273,0.64171203959549,True,True,0.3902497946414888,0.36935875294162884,0.7447876191662341,0.3902497946414888,0.36935875294162884,0.7447876191662341,nan,nan,nan,nan,reference,False,False,10,be655e5e0a9bf8c4147056c63584f21b041c6e873e9f00076bef24baf32d1498,3.237156867980957,0.14982758819005382,4171814a3844fd25988315d5b5edb37772723e7ad25fb5fe926902a2992a8ba3,0.23151767234453782,192,False,42,False,False,47eb943676087ffa2560b40d03d917764407add9476a70a2695fd688435237f9,0.2712712287902832,0.016415479315992486,be33b0c3c194f650b09e5dbd970fe428fa97abc9caa871ff67dbdb8cdb26cefd,0.024520550420541246,2048,1024,early_fusion_vs_x_to_z,6,0.2871463804372719,77.40724993124604,0.41111460550976975,0.39218456884604147,0.688660143874932,True,True,0.3902497946414888,0.36935875294162884,0.7447876191662341,0.3902497946414888,0.36935875294162884,0.7447876191662341,nan,nan,nan,nan,reference
01c20efb1c295b45,latentflow-fusion-identity-audit-all28-five-seed-v1,latentflow_process_preserving_unfreeze2,False,ETTh2,1,0.35862930717111446,132.2970233479864,0.44219040547753247,0.4398158398530819,0.8585542156560482,True,True,0.42654472275517485,0.41643647069421075,0.8393445930218649,0.42654472275517485,0.41643647069421075,0.8393445930218649,True,0.0,0.42654472275517485,0.41643647069421075,reference,False,False,10,3ceea03a92d87715fdc008a3c4c3a3154fbc1004cbc267020c13eb510b4fd332,4.046159744262695,0.1810875963174025,3cbe6d4bfeb3a1021acbd00f5f8152aa36f61259904005ba42c5036a09676426,0.3113731307914256,336,False,42,False,False,bb04ba04c0879fdfcb9f865b3260e8ac83cb6686e3e74979b43272bf08e6654b,0.2630465030670166,0.01600796106190957,8659919e9ff2d492b6a674b2f4e2a5cac72540fd37575f4da9a8f966a76750ee,0.023705699314928864,2048,1024,early_fusion_vs_x_to_z,6,0.3661665454202769,79.64822859200649,0.43850202860586923,0.4301699505135505,0.8423578916223672,True,True,0.42654472275517485,0.41643647069421075,0.8393445930218649,0.42654472275517485,0.41643647069421075,0.8393445930218649,True,0.0,0.42654472275517485,0.41643647069421075,reference
6ec219f9357569de,latentflow-fusion-identity-audit-all28-five-seed-v1,latentflow_process_preserving_unfreeze2,False,ETTh2,3,0.6184925679176573,139.69084491860121,0.4688615657408263,0.4609416197822628,0.9843153045553678,True,True,0.43879702215362193,0.4136213828137338,0.8620367518512809,0.43879702215362193,0.4136213828137338,0.8620367518512809,True,0.0,0.43879702215362193,0.4136213828137338,reference,False,False,10,f9c8e43b71a3f268663c5dab9f78764d179e8e1c77e634b95b182a1e3531d46f,2.4040465354919434,0.09544633041473945,b20ac28fad493528354632587f3ce6e7e10e886c3ced2873aae19dacb1ac7e2b,0.15320987806425254,720,False,42,False,False,9e1aeed2f9c8e2cb04e0934f2fd9829eea5e1111aea021b6119932be19e76e57,0.3261106014251709,0.016282763999429177,3666e4a91011cd3d4d0d62c8f316acf7cb753b9d0cb35e0849bad1ec93724212,0.024355618430941684,2048,1024,early_fusion_vs_x_to_z,3,0.6248436642071558,83.86934803240001,0.465734355293799,0.45552138222518385,0.9774357105283371,True,True,0.43879702215362193,0.4136213828137338,0.8620367518512809,0.43879702215362193,0.4136213828137338,0.8620367518512809,True,0.0,0.43879702215362193,0.4136213828137338,reference
88087cba533023b4,latentflow-fusion-identity-audit-all28-five-seed-v1,latentflow_process_preserving_unfreeze2,False,ETTh2,3,0.22745125953640258,123.24426661711186,0.35294501294924213,0.30320382923348965,0.517873776782993,True,True,0.34268046750302417,0.2934846773242975,0.5993597335832551,0.34268046750302417,0.2934846773242975,0.5993597335832551,True,0.0,0.34268046750302417,0.2934846773242975,reference,False,False,10,71feacecdf456a8e3461f6a4743a1db917fd25ede899671084e0e6d5e12ed11f,2.466280937194824,0.1088452128482254,21d1b7814101e8ad1423bd5ef5689c27e5c61cdc8f6144cb580320499e202893,0.1698551265925966,96,False,42,False,False,9b863a23a0d9af73a7e857a67ca86ec59c87785fa4020f1f8aaf46ab0197a033,0.2356109619140625,0.01534195470945462,987ad3f3e08621db66787586b6184282de80e025976d67ccd12213d81c01b7f6,0.022895947447533097,2048,1024,early_fusion_vs_x_to_z,3,0.23381410716545015,75.03649432794191,0.36358189973768396,0.31687269093410025,0.5857718240998057,True,True,0.34268046750302417,0.2934846773242975,0.5993597335832551,0.34268046750302417,0.2934846773242975,0.5993597335832551,True,0.0,0.34268046750302417,0.2934846773242975,reference
4af91976d557776a,latentflow-fusion-identity-audit-all28-five-seed-v1,latentflow_process_preserving_unfreeze2,False,ETTm1,1,0.5081209504001197,nan,0.3979612943014343,0.38073329260836425,0.7375220950551167,False,False,0.399763873331066,0.38498163545956293,0.7524897284021191,0.3979612943014343,0.38073329260836425,0.7375220950551167,False,-0.004248342851198683,0.399763873331066,0.38498163545956293,extension,False,False,10,335da42aed1ef19ece4579e0f4c1445d4998667db34219d1bd10cd8b6ab06c5d,0.3008791208267212,0.010392840029603447,b503fd39a44d437dd5a7027637fc545ac0a2bf4f7056fc10d1bcd78009aab35e,0.01715541948933647,192,False,42,False,False,335da42aed1ef19ece4579e0f4c1445d4998667db34219d1bd10cd8b6ab06c5d,0.3008791208267212,0.010392840029603447,b503fd39a44d437dd5a7027637fc545ac0a2bf4f7056fc10d1bcd78009aab35e,0.01715541948933647,2048,1024,early_fusion_vs_x_to_z,1,0.5082811280375436,nan,0.39896935183470317,0.3825774299658429,0.7378209095176315,False,False,0.399763873331066,0.38498163545956293,0.7524897284021191,0.39896935183470317,0.3825774299658429,0.7378209095176315,False,-0.0024042054937200574,0.399763873331066,0.38498163545956293,extension
9aa7f62d71e89f87,latentflow-fusion-identity-audit-all28-five-seed-v1,latentflow_process_preserving_unfreeze2,False,ETTm1,4,0.6516235282226485,nan,0.42687042968458966,0.4371709093119028,0.7876966436899395,False,False,0.4212892901389582,0.4229558263398904,0.8044646800177194,0.42687042968458966,0.4371709093119028,0.7876966436899395,False,0.014215082972012405,0.4212892901389582,0.4229558263398904,extension,False,False,10,88a630fd888f2fb1d36aaf348eeb31645351df9751e170f93fad52f17102f3ab,1.6422579288482666,0.05951994013176588,df121a851829423ae00027446bb6e37ed2586c627ea058ecd962e64a15e59422,0.09710670197506596,336,False,42,False,False,88a630fd888f2fb1d36aaf348eeb31645351df9751e170f93fad52f17102f3ab,1.6422579288482666,0.05951994013176588,df121a851829423ae00027446bb6e37ed2586c627ea058ecd962e64a15e59422,0.09710670197506596,2048,1024,early_fusion_vs_x_to_z,4,0.6543823973256715,nan,0.4286655663012033,0.4416791407553785,0.7918485303728721,False,False,0.4212892901389582,0.4229558263398904,0.8044646800177194,0.4286655663012033,0.4416791407553785,0.7918485303728721,False,0.018723314415488135,0.4212892901389582,0.4229558263398904,extension
1ec4497f24d94492,latentflow-fusion-identity-audit-all28-five-seed-v1,latentflow_process_preserving_unfreeze2,False,ETTm1,2,0.9845353054621863,nan,0.47591516242695375,0.510523447944441,0.9491889014772525,False,False,0.479489364208168,0.5139667242193918,0.9600440554017988,0.47591516242695375,0.510523447944441,0.9491889014772525,False,-0.0034432762749507795,0.479489364208168,0.5139667242193918,extension,False,False,10,1b8d134d821f224e707c9074ffa99159b3d383fe249584eab7616383b88c872b,0.8633702993392944,0.039609137014119444,e576177ac23e19bb9919d1a87ae82be37ea5a90fd27a8f168f6a505306055882,0.061562884607012695,720,False,42,False,False,1b8d134d821f224e707c9074ffa99159b3d383fe249584eab7616383b88c872b,0.8633702993392944,0.039609137014119444,e576177ac23e19bb9919d1a87ae82be37ea5a90fd27a8f168f6a505306055882,0.061562884607012695,2048,1024,early_fusion_vs_x_to_z,1,0.986477756121802,nan,0.47640440637614057,0.5074005205796357,0.949022579321143,False,False,0.479489364208168,0.5139667242193918,0.9600440554017988,0.47640440637614057,0.5074005205796357,0.949022579321143,False,-0.00656620363975613,0.479489364208168,0.5139667242193918,extension
b767915ca11f75ff,latentflow-fusion-identity-audit-all28-five-seed-v1,latentflow_process_preserving_unfreeze2,False,ETTm1,4,0.40761732647106763,126.86062648519874,0.3994535166812065,0.3767804606104687,0.9366156528449946,True,True,0.3788299991861661,0.34608704034718446,0.6920303287730436,0.3788299991861661,0.34608704034718446,0.6920303287730436,True,0.0,0.3788299991861661,0.34608704034718446,reference,False,False,10,e55f945a18d355a676a62105b9ca9b04d61f8f19fd41e6f48ee357e8cdf9fd46,2.442702293395996,0.15733672422602457,d5cbf2492c4ef86befe5599f67c0923c4a85a99a72efb0363c57b0fc75e1a74f,0.23743236271956067,96,False,42,False,False,696cd39cb910f9873b9f845b2e4b2dfc0a8cef9b1b758eaebd581b4d5cec23d9,0.3995450735092163,0.02437016407955045,4247977a0c2e693ca4f640a00ac2dfd98b60a7e325639e3642fa0d727576b781,0.03998896106285021,2048,1024,early_fusion_vs_x_to_z,4,0.4215863755061513,76.42061304906383,0.40279270010341317,0.38357615294103214,0.9702786879466451,True,True,0.3788299991861661,0.34608704034718446,0.6920303287730436,0.3788299991861661,0.34608704034718446,0.6920303287730436,True,0.0,0.3788299991861661,0.34608704034718446,reference
45d8cb3dbeb01644,latentflow-fusion-identity-audit-all28-five-seed-v1,latentflow_process_preserving_unfreeze2,False,ETTm2,2,0.16821035450058325,nan,0.30006172891423954,0.24043097020676724,0.43646090912809965,False,False,0.3007856170117437,0.24118935215299755,0.4750112531629745,0.30006172891423954,0.24043097020676724,0.43646090912809965,False,-0.0007583819462303187,0.3007856170117437,0.24118935215299755,extension,False,False,10,ac2a4d031f9096ff699d20ebf37acc278892fc325eac7a4195f043b04df4cff3,1.3480440378189087,0.07766193241052013,5b2da16e9160d989db93c013900b41fdc7fe8114031d32aab130e0c0eb2819e0,0.11735372467854631,192,False,42,False,False,ac2a4d031f9096ff699d20ebf37acc278892fc325eac7a4195f043b04df4cff3,2.3232579231262207,0.14057162278384727,144b5bdd4806b71112be5905aff41eacdc8cb9d7f9393e5ba21547cd93cf580f,0.2095193850604386,2048,1024,early_fusion_vs_x_to_z,3,0.170999113026829,80.1069329851307,0.3026071740115541,0.2421302920156781,0.40380746778166493,True,True,0.3007856170117437,0.24118935215299755,0.4750112531629745,0.3007856170117437,0.24118935215299755,0.4750112531629745,True,0.0,0.3007856170117437,0.24118935215299755,reference
bc010aa030f28a88,latentflow-fusion-identity-audit-all28-five-seed-v1,latentflow_process_preserving_unfreeze2,False,ETTm2,3,0.22102763346668813,129.0363919818774,0.34890860085412845,0.3118494235372188,0.6566957157533191,True,True,0.34600727935710557,0.3080357600960941,0.6205653729399347,0.34600727935710557,0.3080357600960941,0.6205653729399347,True,0.0,0.34600727935710557,0.3080357600960941,reference,False,False,10,35a636e7596bd3f8e652fa595e5e1995d59662907cf640a63f13d08604f51dbe,1.394582986831665,0.0666040848206423,26c170f53e6db73bea3ad0544fb8c0fef10d0a0049a69f8f1f05101fc8f026c0,0.10130969851927897,336,False,42,False,False,ea3c87b074a4b9f50eb8e2b2b9eb4456008384f17dcce2099cc25beb355e08ac,0.20188671350479126,0.010478587876887324,3e9a50555e59349a3a19d7844ae45cd578616f491cb687940da4a8cdaa3c67c6,0.015704435921143473,2048,1024,early_fusion_vs_x_to_z,2,0.2216505717460801,77.95440377574414,0.3532718065070021,0.31552830381677266,0.6585811095947552,True,True,0.34600727935710557,0.3080357600960941,0.6205653729399347,0.34600727935710557,0.3080357600960941,0.6205653729399347,True,0.0,0.34600727935710557,0.3080357600960941,reference
2db9904616bbee40,latentflow-fusion-identity-audit-all28-five-seed-v1,latentflow_process_preserving_unfreeze2,False,ETTm2,3,0.30249314185172793,125.19925540219992,0.40785737670222305,0.41512249535914564,0.8712290085727291,True,True,0.4080426387217376,0.4151268912819473,0.7939398848075644,0.4080426387217376,0.4151268912819473,0.7939398848075644,True,0.0,0.4080426387217376,0.4151268912819473,reference,False,False,10,c88ad9d2fb18774b2565b30b25da1540ff0a0e4d26bb9dd9019c48c4d39a7a6a,1.9913947582244873,0.07411920646892502,f70660fd36e9aa2c159231846e9bf343b7d6b9f8e00468cf2ab8c4101e07bffc,0.12010352000437426,720,False,42,False,False,70f44272e4e901f47c1e658650261bb82a7ebaee51507285e7e0b152aa27ff44,0.21389150619506836,0.01156252755507157,6aa9a32d62b9e1cf15f37ca340125caeb31c5bcec303d4df01a3abef375f7edd,0.017482677935194393,2048,1024,early_fusion_vs_x_to_z,2,0.30529040779386246,74.61213323660195,0.407389056213064,0.4139028936983182,0.8840339861526698,True,True,0.4080426387217376,0.4151268912819473,0.7939398848075644,0.4080426387217376,0.4151268912819473,0.7939398848075644,True,0.0,0.4080426387217376,0.4151268912819473,reference
81b3c9ef345c83b9,latentflow-fusion-identity-audit-all28-five-seed-v1,latentflow_process_preserving_unfreeze2,False,ETTm2,3,0.1287894578916686,nan,0.2569414730614593,0.172520784429924,-0.05026250637195499,False,False,0.25868614344245583,0.17370339504912508,0.33479018825198026,0.2569414730614593,0.172520784429924,-0.05026250637195499,False,-0.00118261061920108,0.25868614344245583,0.17370339504912508,extension,False,False,10,3c2e855a8e3a28106f2176829d14320cecb0a16b5b064dbf746506dcdd06cdbd,0.5433083772659302,0.025646983382925728,b26ad25161a4020b71f8c4d1af3b2dead63f2e839e1cd95d902b50c036b3d82c,0.040805410770502204,96,False,42,False,False,3c2e855a8e3a28106f2176829d14320cecb0a16b5b064dbf746506dcdd06cdbd,0.5433083772659302,0.025646983382925728,b26ad25161a4020b71f8c4d1af3b2dead63f2e839e1cd95d902b50c036b3d82c,0.040805410770502204,2048,1024,early_fusion_vs_x_to_z,1,0.13014257096108936,nan,0.25790907495007165,0.17292317106138236,0.31324494587432766,False,False,0.25868614344245583,0.17370339504912508,0.33479018825198026,0.25790907495007165,0.17292317106138236,0.31324494587432766,False,-0.0007802239877427175,0.25868614344245583,0.17370339504912508,extension
e90b213a9ad0cd65,latentflow-fusion-identity-audit-all28-five-seed-v1,latentflow_process_preserving_unfreeze2,False,Electricity,10,0.14375060651285007,nan,0.26039552744324657,0.16691868054414286,0.2994166576011344,False,False,0.26660545980262707,0.17576380106547018,0.3233452785052719,0.26039552744324657,0.16691868054414286,0.2994166576011344,False,-0.008845120521327327,0.26660545980262707,0.17576380106547018,extension,False,False,10,2fa563b49ab4d45604eaf25992d45b0c86671738dc96db313078dd07096d2875,3.332760810852051,0.0387723955891785,55deb6f607af05e19fdf5d770c27720fb2913972930effd0a70684b5c8b72dba,0.05872984050791789,192,False,42,False,False,2fa563b49ab4d45604eaf25992d45b0c86671738dc96db313078dd07096d2875,3.332760810852051,0.0387723955891785,55deb6f607af05e19fdf5d770c27720fb2913972930effd0a70684b5c8b72dba,0.05872984050791789,2048,1024,early_fusion_vs_x_to_z,10,0.14354232984168508,nan,0.25825735685970314,0.16635742070888385,0.27413693855653803,False,False,0.26660545980262707,0.17576380106547018,0.3233452785052719,0.25825735685970314,0.16635742070888385,0.27413693855653803,False,-0.009406380356586336,0.26660545980262707,0.17576380106547018,extension
57ddfc4d438db15b,latentflow-fusion-identity-audit-all28-five-seed-v1,latentflow_process_preserving_unfreeze2,False,Electricity,10,0.16076926052561502,nan,0.280560682242237,0.18630305075185077,0.3702715494000261,False,False,0.2852614630619167,0.19472323194298286,0.395848911348598,0.280560682242237,0.18630305075185077,0.3702715494000261,False,-0.008420181191132081,0.2852614630619167,0.19472323194298286,extension,False,False,10,e85bbc31776dd2b80280634aa59b647580af0228ce2d8ae0a1a22af33bdabf35,2.868992567062378,0.051686494411405014,2df2099c7c590685a1ac8f2be9c517766a805bb669f271f50c6d4bd336922ae9,0.07654039580303935,336,False,42,False,False,e85bbc31776dd2b80280634aa59b647580af0228ce2d8ae0a1a22af33bdabf35,2.868992567062378,0.051686494411405014,2df2099c7c590685a1ac8f2be9c517766a805bb669f271f50c6d4bd336922ae9,0.07654039580303935,2048,1024,early_fusion_vs_x_to_z,10,0.16210414461063147,nan,0.2781956581656926,0.18605505934221597,0.35265793216889013,False,False,0.2852614630619167,0.19472323194298286,0.395848911348598,0.2781956581656926,0.18605505934221597,0.35265793216889013,False,-0.008668172600766882,0.2852614630619167,0.19472323194298286,extension
688b7b24cfda3c62,latentflow-fusion-identity-audit-all28-five-seed-v1,latentflow_process_preserving_unfreeze2,False,Electricity,10,0.19375041550358674,nan,0.3033166944336728,0.21122636999659117,0.47597627410955845,False,False,0.3171761386624937,0.23362635671988644,0.5025557669647565,0.3033166944336728,0.21122636999659117,0.47597627410955845,False,-0.022399986723295268,0.3171761386624937,0.23362635671988644,extension,False,False,10,a1fe0b25211e19a94da528aca1ac1a4988d2464feee8bb8be5db787d209f7f18,3.687464714050293,0.08390445123805267,124f27611d663619031138c2eca1c78c95ba4b51db5e6437f9e74f509b33db42,0.12922499545392574,720,False,42,False,False,a1fe0b25211e19a94da528aca1ac1a4988d2464feee8bb8be5db787d209f7f18,3.687464714050293,0.08390445123805267,124f27611d663619031138c2eca1c78c95ba4b51db5e6437f9e74f509b33db42,0.12922499545392574,2048,1024,early_fusion_vs_x_to_z,10,0.19636318596971616,nan,0.3033631137622901,0.21291173401793662,0.452637882254183,False,False,0.3171761386624937,0.23362635671988644,0.5025557669647565,0.3033631137622901,0.21291173401793662,0.452637882254183,False,-0.02071462270194982,0.3171761386624937,0.23362635671988644,extension
377f645b17113871,latentflow-fusion-identity-audit-all28-five-seed-v1,latentflow_process_preserving_unfreeze2,False,Electricity,10,0.13207347550248555,nan,0.24874239725662625,0.15357405203363675,0.23036884339344701,False,False,0.25528010939529894,0.1629560981359871,0.27267695480616244,0.24874239725662625,0.15357405203363675,0.23036884339344701,False,-0.009382046102350355,0.25528010939529894,0.1629560981359871,extension,False,False,10,0b23bd4ee81fc5b55fcc2dd58dc8f5bc01950ebcb9fa087cafcfe952cf369035,2.810513496398926,0.038215989881086807,f83f999e16c1b079cd5356deec296803b3fee77c5f004a95b75542eefb9b2f6c,0.06378054904374286,96,False,42,False,False,0b23bd4ee81fc5b55fcc2dd58dc8f5bc01950ebcb9fa087cafcfe952cf369035,2.810513496398926,0.038215989881086807,f83f999e16c1b079cd5356deec296803b3fee77c5f004a95b75542eefb9b2f6c,0.06378054904374286,2048,1024,early_fusion_vs_x_to_z,10,0.13248966261357656,nan,0.24709631749077424,0.15348238546141116,0.22880232001586132,False,False,0.25528010939529894,0.1629560981359871,0.27267695480616244,0.24709631749077424,0.15348238546141116,0.22880232001586132,False,-0.009473712674575946,0.25528010939529894,0.1629560981359871,extension
4d78afbd5d6d7d86,latentflow-fusion-identity-audit-all28-five-seed-v1,latentflow_process_preserving_unfreeze2,False,Traffic,10,0.386265347470448,nan,0.299133627342825,0.4506380066586751,0.3727139176895691,False,False,0.30903464282904125,0.46258079488073733,0.47329449786519245,0.299133627342825,0.4506380066586751,0.3727139176895691,False,-0.01194278822206224,0.30903464282904125,0.46258079488073733,extension,False,False,10,789f8b0af90492164cdfde9f5018adf9264a2166d7ab7aef0e020e5b8b7289cb,12.52359390258789,0.052876376725134816,6b971c18e1341d14162c829603a078858d520a87c1a14fa1c658e7da304acdf6,0.10108999265604972,192,False,42,False,False,789f8b0af90492164cdfde9f5018adf9264a2166d7ab7aef0e020e5b8b7289cb,12.52359390258789,0.052876376725134816,6b971c18e1341d14162c829603a078858d520a87c1a14fa1c658e7da304acdf6,0.10108999265604972,2048,1024,early_fusion_vs_x_to_z,10,0.38425887405457465,nan,0.29598377453494307,0.4468393917861632,0.3642946073505382,False,False,0.30903464282904125,0.46258079488073733,0.47329449786519245,0.29598377453494307,0.4468393917861632,0.3642946073505382,False,-0.015741403094574113,0.30903464282904125,0.46258079488073733,extension
163a4427651ff396,latentflow-fusion-identity-audit-all28-five-seed-v1,latentflow_process_preserving_unfreeze2,False,Traffic,9,0.39660320444247193,nan,0.2993433359733927,0.45919506069390686,0.36341771887981983,False,False,0.31004021560593426,0.46936524077227076,0.4720759223014351,0.2993433359733927,0.45919506069390686,0.36341771887981983,False,-0.0101701800783639,0.31004021560593426,0.46936524077227076,extension,False,False,10,289ab75dbcce9712d77d14ceab0f5e6c19b18ba38706e87f6562b60c8573b3e7,10.1863431930542,0.04173096349257801,90f7b76fdefe705374f3123116885ffdb58a7212d917ee5d102cf715021c8bda,0.06746537581469411,336,False,42,False,False,289ab75dbcce9712d77d14ceab0f5e6c19b18ba38706e87f6562b60c8573b3e7,10.1863431930542,0.04173096349257801,90f7b76fdefe705374f3123116885ffdb58a7212d917ee5d102cf715021c8bda,0.06746537581469411,2048,1024,early_fusion_vs_x_to_z,9,0.3944802493393691,nan,0.2966869124569804,0.45780111272207924,0.3579903125856805,False,False,0.31004021560593426,0.46936524077227076,0.4720759223014351,0.2966869124569804,0.45780111272207924,0.3579903125856805,False,-0.011564128050191524,0.31004021560593426,0.46936524077227076,extension
4a712729d2ff05f9,latentflow-fusion-identity-audit-all28-five-seed-v1,latentflow_process_preserving_unfreeze2,False,Traffic,9,0.4434532441869167,nan,0.31904997506965455,0.497672883411966,0.43554689278956255,False,False,0.32889101650072566,0.5047611731701186,0.5379543296328073,0.31904997506965455,0.497672883411966,0.43554689278956255,False,-0.007088289758152566,0.32889101650072566,0.5047611731701186,extension,False,False,10,567438b61c005175afe3e4d9e40dcd159013cb100513793f013845ffe646037c,16.060043334960938,0.06129056351129953,e04b4b1456868ec72bf45e070c1a55368c3905d3139cf692739ca018bb27618f,0.11630342667598403,720,False,42,False,False,567438b61c005175afe3e4d9e40dcd159013cb100513793f013845ffe646037c,16.060043334960938,0.06129056351129953,e04b4b1456868ec72bf45e070c1a55368c3905d3139cf692739ca018bb27618f,0.11630342667598403,2048,1024,early_fusion_vs_x_to_z,9,0.4414298328735005,nan,0.31714014579464855,0.4913470183117456,0.43451545220128696,False,False,0.32889101650072566,0.5047611731701186,0.5379543296328073,0.31714014579464855,0.4913470183117456,0.43451545220128696,False,-0.013414154858372995,0.32889101650072566,0.5047611731701186,extension
b9f637477626b248,latentflow-fusion-identity-audit-all28-five-seed-v1,latentflow_process_preserving_unfreeze2,False,Traffic,10,0.3873344277192342,nan,0.29124169239202724,0.4288787907834512,0.3501093035801089,False,False,0.30567942414674226,0.4450950661287888,0.4628155537745963,0.29124169239202724,0.4288787907834512,0.3501093035801089,False,-0.016216275345337594,0.30567942414674226,0.4450950661287888,extension,False,False,10,f7d0e979d96c72271d0722512d66867dce812ab60df18b9dce033b8d26a436a5,13.27012825012207,0.05210186119017749,63ef5a2c8277e19b9ba8cf53b22cd74d18b6a92ef67295ba93248f6e3ec82959,0.09898104983839774,96,False,42,False,False,f7d0e979d96c72271d0722512d66867dce812ab60df18b9dce033b8d26a436a5,13.27012825012207,0.05210186119017749,63ef5a2c8277e19b9ba8cf53b22cd74d18b6a92ef67295ba93248f6e3ec82959,0.09898104983839774,2048,1024,early_fusion_vs_x_to_z,10,0.386769795454664,nan,0.287607810813528,0.42425088571793373,0.3398961228428962,False,False,0.30567942414674226,0.4450950661287888,0.4628155537745963,0.287607810813528,0.42425088571793373,0.3398961228428962,False,-0.020844180410855062,0.30567942414674226,0.4450950661287888,extension
8b2554afc3c031c8,latentflow-fusion-identity-audit-all28-five-seed-v1,latentflow_process_preserving_unfreeze2,False,Weather,4,0.47729724633788306,nan,0.2553076179813473,0.21393963621230763,-0.16429744131380042,False,False,0.25844894718644396,0.21760237948327663,0.3429234684094447,0.2553076179813473,0.21393963621230763,-0.16429744131380042,False,-0.0036627432709689933,0.25844894718644396,0.21760237948327663,extension,False,False,10,dbcce077972b0131b0f7792948d7a4c418f5d1e5b31cd762abb5dfc2473214d0,0.8906505107879639,0.023165819328257512,89c53cfa9db2fbd5c7d00c3510cbe2dc29703c067c7927391bfc2a640d53d57b,0.042480057963114506,192,False,42,False,False,dbcce077972b0131b0f7792948d7a4c418f5d1e5b31cd762abb5dfc2473214d0,0.8906505107879639,0.023165819328257512,89c53cfa9db2fbd5c7d00c3510cbe2dc29703c067c7927391bfc2a640d53d57b,0.042480057963114506,2048,1024,early_fusion_vs_x_to_z,2,0.47877789324238185,nan,0.25718869609573075,0.21594574112362477,0.25928427962328365,False,False,0.25844894718644396,0.21760237948327663,0.3429234684094447,0.25718869609573075,0.21594574112362477,0.25928427962328365,False,-0.001656638359651852,0.25844894718644396,0.21760237948327663,extension
8710fc78f9f932ef,latentflow-fusion-identity-audit-all28-five-seed-v1,latentflow_process_preserving_unfreeze2,False,Weather,3,0.5577805864027028,nan,0.2980314690650281,0.27188294901196525,0.006710997329010012,False,False,0.3007526241041084,0.2751499827851865,0.4926415176499071,0.2980314690650281,0.27188294901196525,0.006710997329010012,False,-0.0032670337732212396,0.3007526241041084,0.2751499827851865,extension,False,False,10,b9abc1e26a254d11de8442230e31f9a431823e933df925a81620c8898a629140,0.6506631374359131,0.014046821791015187,3eac1e946cdfae5d3d74854fdffa656831df03f7a861423c1e34997cc4ded470,0.02527574666537468,336,False,42,False,False,b9abc1e26a254d11de8442230e31f9a431823e933df925a81620c8898a629140,0.6506631374359131,0.014046821791015187,3eac1e946cdfae5d3d74854fdffa656831df03f7a861423c1e34997cc4ded470,0.02527574666537468,2048,1024,early_fusion_vs_x_to_z,3,0.5587264935986526,nan,0.29911256619716725,0.27281307583115044,0.38456391554101316,False,False,0.3007526241041084,0.2751499827851865,0.4926415176499071,0.29911256619716725,0.27281307583115044,0.38456391554101316,False,-0.0023369069540360443,0.3007526241041084,0.2751499827851865,extension
2682a16a917cd234,latentflow-fusion-identity-audit-all28-five-seed-v1,latentflow_process_preserving_unfreeze2,False,Weather,2,0.6942512093397676,nan,0.3494413463084113,0.35082776478752237,0.5161166692044703,False,False,0.3506985500528912,0.35200429896336977,0.6520951900192318,0.3494413463084113,0.35082776478752237,0.5161166692044703,False,-0.001176534175847399,0.3506985500528912,0.35200429896336977,extension,False,False,10,1c2d30bd0a152ed78e8f8966dc274eb216a70b8217b9d8c7bd91a72de4da283c,0.43884557485580444,0.011619746852269694,eaea9c824e332aa38584d878381ec42f253db62094727efb22f1d93b4bd6ef2a,0.02230867773391863,720,False,42,False,False,1c2d30bd0a152ed78e8f8966dc274eb216a70b8217b9d8c7bd91a72de4da283c,0.43884557485580444,0.011619746852269694,eaea9c824e332aa38584d878381ec42f253db62094727efb22f1d93b4bd6ef2a,0.02230867773391863,2048,1024,early_fusion_vs_x_to_z,2,0.6956451274730541,nan,0.35051326403207694,0.35211756471711275,0.576934374922733,False,False,0.3506985500528912,0.35200429896336977,0.6520951900192318,0.35051326403207694,0.35211756471711275,0.576934374922733,False,0.00011326575374298598,0.3506985500528912,0.35200429896336977,extension
f21dabde1f6eb96f,latentflow-fusion-identity-audit-all28-five-seed-v1,latentflow_process_preserving_unfreeze2,False,Weather,4,0.43265223562244387,nan,0.2150165818412163,0.16836997673491885,0.03183487300391458,False,False,0.2174296580154658,0.17154243425354204,0.16838455600730892,0.2150165818412163,0.16836997673491885,0.03183487300391458,False,-0.0031724575186231896,0.2174296580154658,0.17154243425354204,extension,False,False,10,d430cc773aeb1928a4b0a9aef7e752420939cf5f301da750e3152ac40b37d6c2,1.0019519329071045,0.023337806843108325,ae056a2db2578ded175e1d08d1a7bad7f7a777d505c8050a6be0b192ca588fbd,0.04233269577859494,96,False,42,False,False,d430cc773aeb1928a4b0a9aef7e752420939cf5f301da750e3152ac40b37d6c2,1.0019519329071045,0.023337806843108325,ae056a2db2578ded175e1d08d1a7bad7f7a777d505c8050a6be0b192ca588fbd,0.04233269577859494,2048,1024,early_fusion_vs_x_to_z,1,0.43581540374055744,nan,0.21722129065777024,0.17080547817082717,0.11154479992318704,False,False,0.2174296580154658,0.17154243425354204,0.16838455600730892,0.21722129065777024,0.17080547817082717,0.11154479992318704,False,-0.0007369560827148736,0.2174296580154658,0.17154243425354204,extension
617cd9b0eb101a42,latentflow-fusion-identity-audit-all28-five-seed-v1,latentflow_process_preserving_unfreeze2,False,ETTh1,1,1.0240253529378347,nan,0.4381104372207573,0.4481502047686042,0.8468866126162272,False,False,0.43998985352676867,0.4525807035020206,0.8642498928182141,0.4381104372207573,0.4481502047686042,0.8468866126162272,False,-0.004430498733416444,0.43998985352676867,0.4525807035020206,extension,False,False,10,f38fb034ed333b9319ab0884b69e5175852b3d06cf0c920c5ee0acfe215baaa0,0.5289961099624634,0.013406395648908505,de18028830f72085f9094bf586e530f864b0ae4c5f08338cff67740f353705eb,0.025042107694089998,192,False,43,False,False,f38fb034ed333b9319ab0884b69e5175852b3d06cf0c920c5ee0acfe215baaa0,0.5289961099624634,0.013406395648908505,de18028830f72085f9094bf586e530f864b0ae4c5f08338cff67740f353705eb,0.025042107694089998,2048,1024,early_fusion_vs_x_to_z,1,1.024494880366893,nan,0.4388755920342062,0.4509613478269666,0.8482538845602045,False,False,0.43998985352676867,0.4525807035020206,0.8642498928182141,0.4388755920342062,0.4509613478269666,0.8482538845602045,False,-0.0016193556750540017,0.43998985352676867,0.4525807035020206,extension
4fc8afc07c61f749,latentflow-fusion-identity-audit-all28-five-seed-v1,latentflow_process_preserving_unfreeze2,False,ETTh1,2,1.3245481556775618,135.3775240190007,0.46552268292950005,0.4910435799915209,0.9263093234513738,True,True,0.4605197977717322,0.4966021921924544,0.9195510823038098,0.4605197977717322,0.4966021921924544,0.9195510823038098,nan,nan,nan,nan,reference,False,False,10,f992c7ff850c6e8f0a71ec9f2f40b6c7f39062a78321c8a9410d31d8e162e3ab,1.5447924137115479,0.10397623263466273,493885437b63d3f53dfce54041cfbfd098ac7c180e3ddcca281ebf70be359f18,0.15167244644610908,336,False,43,False,False,ffdf7d3e9f821c2d19da203431b18d0a7b4474f645f97c9d8d2daee6e7324537,0.4830172657966614,0.031598438945665996,0e7b14d4688a4e6a77fa92ada0840933ee9f0942544b95704fcda15a2e6c72d3,0.04739028737864358,2048,1024,early_fusion_vs_x_to_z,2,1.3246650902592405,81.17272597999909,0.46612837664890444,0.4895638785251292,0.9212550152495709,True,True,0.4605197977717322,0.4966021921924544,0.9195510823038098,0.4605197977717322,0.4966021921924544,0.9195510823038098,nan,nan,nan,nan,reference
fcbf0304e13e2a9b,latentflow-fusion-identity-audit-all28-five-seed-v1,latentflow_process_preserving_unfreeze2,False,ETTh1,1,1.557711360568092,nan,0.4809151056751621,0.5093747160811466,0.9697230193196817,False,False,0.48321969007132837,0.5091477053166293,0.9909168685381747,0.4809151056751621,0.5093747160811466,0.9697230193196817,False,0.00022701076451725477,0.48321969007132837,0.5091477053166293,extension,False,False,10,02bd796e6b756ed71055cc58e9c847bcb08ab9d2cfef55b06e37dbe9f6586c5e,1.0277607440948486,0.03749051977576779,b6891ad7252dc36c072055731bad2f912fba96b28e097e3e6fed11c68b49b415,0.06120856820519984,720,False,43,False,False,02bd796e6b756ed71055cc58e9c847bcb08ab9d2cfef55b06e37dbe9f6586c5e,1.0277607440948486,0.03749051977576779,b6891ad7252dc36c072055731bad2f912fba96b28e097e3e6fed11c68b49b415,0.06120856820519984,2048,1024,early_fusion_vs_x_to_z,1,1.5596047340877472,nan,0.47824113321196793,0.5003596155738188,0.9718896884269485,False,False,0.48321969007132837,0.5091477053166293,0.9909168685381747,0.47824113321196793,0.5003596155738188,0.9718896884269485,False,-0.008788089742810534,0.48321969007132837,0.5091477053166293,extension
9ff6189980c49479,latentflow-fusion-identity-audit-all28-five-seed-v1,latentflow_process_preserving_unfreeze2,False,ETTh1,1,0.7691565844274703,nan,0.41186987746523174,0.3999275410533043,0.7718263157180224,False,False,0.41187950655100763,0.4011032879857046,0.7886815917770139,0.41186987746523174,0.3999275410533043,0.7718263157180224,False,-0.0011757469324003011,0.41187950655100763,0.4011032879857046,extension,False,False,10,0bb8f7b11c33f1fd6d567e97861a8ecfc0d161a1f8dd34eb7aa98459c38b591b,0.3215321898460388,0.01611755214251267,fb80648ce1c58cd5d7d20e86d9da45ba4dfc508e1dd7929a2d36b35a2194087b,0.025894985205205244,96,False,43,False,False,0bb8f7b11c33f1fd6d567e97861a8ecfc0d161a1f8dd34eb7aa98459c38b591b,0.3215321898460388,0.01611755214251267,fb80648ce1c58cd5d7d20e86d9da45ba4dfc508e1dd7929a2d36b35a2194087b,0.025894985205205244,2048,1024,early_fusion_vs_x_to_z,1,0.7687696172367959,nan,0.4118440197565275,0.3996801479072502,0.7723551113258786,False,False,0.41187950655100763,0.4011032879857046,0.7886815917770139,0.4118440197565275,0.3996801479072502,0.7723551113258786,False,-0.001423140078454399,0.41187950655100763,0.4011032879857046,extension
260dff8d47db438a,latentflow-fusion-identity-audit-all28-five-seed-v1,latentflow_process_preserving_unfreeze2,False,ETTh2,4,0.2856302177976994,125.87582126446068,0.40434012721830354,0.39101443135083314,0.7247880745572466,True,True,0.39616170797824446,0.38277998701682386,0.7454674029802469,0.39616170797824446,0.38277998701682386,0.7454674029802469,nan,nan,nan,nan,reference,False,False,10,c72d9fe075fd8a70bf2b3775ca3fcfa9834923ee001ea4df0a44d53ffc0c7dc1,2.648519277572632,0.16093367250440252,12fc0a930af68d2363e7c4ab5f6bde182c5e9d3b97086654cd57d16be0ebeace,0.257050344275918,192,False,43,False,False,25b6a4c9f7989404108fa7091e8aa58e5953903ba9df6c44b5daac71ccb4446e,0.28054046630859375,0.015021664897416779,64dd3f6660f814160e4d38d380fe9a098b78b0e1d1bda8c2b73c9f8d24dda474,0.022366705753974845,2048,1024,early_fusion_vs_x_to_z,7,0.2886074944621041,77.21486843191087,0.4168178716966004,0.4062075287208678,0.709088010431533,True,True,0.39616170797824446,0.38277998701682386,0.7454674029802469,0.39616170797824446,0.38277998701682386,0.7454674029802469,nan,nan,nan,nan,reference
c8bcba7ee93d8ff9,latentflow-fusion-identity-audit-all28-five-seed-v1,latentflow_process_preserving_unfreeze2,False,ETTh2,1,0.3557162211865795,nan,0.4355604626087488,0.43053728189314544,0.8412784575010798,False,False,0.4362194484386799,0.4312617346028424,0.8734840830557473,0.4355604626087488,0.43053728189314544,0.8412784575010798,False,-0.0007244527096969544,0.4362194484386799,0.4312617346028424,extension,False,False,10,d1b77667bed2096f1cc85aba32e3db0a46bb24ac2a560e436d872c7febeff116,0.41144347190856934,0.015938779080514057,029aa57c1b0663b38daa80997072ff495a1f9aa5f6b76eb3371c550d1fa9c5fa,0.024933917031996263,336,False,43,False,False,d1b77667bed2096f1cc85aba32e3db0a46bb24ac2a560e436d872c7febeff116,0.41144347190856934,0.015938779080514057,029aa57c1b0663b38daa80997072ff495a1f9aa5f6b76eb3371c550d1fa9c5fa,0.024933917031996263,2048,1024,early_fusion_vs_x_to_z,1,0.3554514618146987,nan,0.4354431673185567,0.42975804959437347,0.83952070743958,False,False,0.4362194484386799,0.4312617346028424,0.8734840830557473,0.4354431673185567,0.42975804959437347,0.83952070743958,False,-0.0015036850084689246,0.4362194484386799,0.4312617346028424,extension
d7c3de260d42d227,latentflow-fusion-identity-audit-all28-five-seed-v1,latentflow_process_preserving_unfreeze2,False,ETTh2,4,0.6214357239859445,nan,0.4498988433842598,0.43553556366032925,0.8708076177510549,False,False,0.4498645085030294,0.4358261119942588,0.892699730666574,0.4498988433842598,0.43553556366032925,0.8708076177510549,False,-0.00029054833392955226,0.4498645085030294,0.4358261119942588,extension,False,False,10,a7c51ca4be1335667e5ab3010f7f00cfaf4c4aca5c978a85dcedfc2b19c156f4,2.6744840145111084,0.1248728957220505,edee9849b669dd86d37046690a2273130e36f6edae126aa2bc649335537f23ed,0.21209090291520905,720,False,43,False,False,a7c51ca4be1335667e5ab3010f7f00cfaf4c4aca5c978a85dcedfc2b19c156f4,2.6744840145111084,0.1248728957220505,edee9849b669dd86d37046690a2273130e36f6edae126aa2bc649335537f23ed,0.21209090291520905,2048,1024,early_fusion_vs_x_to_z,3,0.6289844121251787,nan,0.46387481914732176,0.45422617750191036,0.8860596529260271,False,False,0.4498645085030294,0.4358261119942588,0.892699730666574,0.46387481914732176,0.45422617750191036,0.8860596529260271,False,0.018400065507651553,0.4498645085030294,0.4358261119942588,extension
5497ed40921827b1,latentflow-fusion-identity-audit-all28-five-seed-v1,latentflow_process_preserving_unfreeze2,False,ETTh2,2,0.22786821664444037,135.2968026259914,0.354758060819279,0.3053458537323267,0.5873261278966706,True,True,0.3446854704127736,0.29659152826284907,0.6040131494108607,0.3446854704127736,0.29659152826284907,0.6040131494108607,True,0.0,0.3446854704127736,0.29659152826284907,reference,False,False,10,e2226fdbae1d4e6d13a03e639131de79c516b4ab10e55d8731e6948c03d1a253,2.7515904903411865,0.13851985749048784,ace245b7fda6f7afe7294b43de4ffda4ecb81df792da2ea82cd10b6f72ea8d2c,0.21942117444003548,96,False,43,False,False,d50267befe499789cff87ac4fdab70f3a6e940cb7bc9a2add1c4fc3644feddd8,0.25142908096313477,0.015286697778025727,24c0260bcb188c5dc6385bfe94d9ea64673aa81a52f6c02444826c31a0bb183f,0.022811279561453096,2048,1024,early_fusion_vs_x_to_z,4,0.23196250599409854,81.0594843889121,0.3662259083360018,0.32602672675965105,0.5937017769638041,True,True,0.3446854704127736,0.29659152826284907,0.6040131494108607,0.3446854704127736,0.29659152826284907,0.6040131494108607,True,0.0,0.3446854704127736,0.29659152826284907,reference
4120c8fdaf0f9b07,latentflow-fusion-identity-audit-all28-five-seed-v1,latentflow_process_preserving_unfreeze2,False,ETTm1,8,0.518449166346164,121.78640751104103,0.41297384737044107,0.4005467774492619,0.7356167978606543,True,True,0.39651534458020243,0.38090578920044743,0.740767642191412,0.39651534458020243,0.38090578920044743,0.740767642191412,True,0.0,0.39651534458020243,0.38090578920044743,reference,False,False,10,0f1c851d8ca8ac444b9eb52c0057b6d456f6edce65e28d6675ca9af256a16da4,3.6784982681274414,0.1851531449523312,2f4e0ff44eaf9c8b17e7805d6029daf2eb9fab81028e811bb68a440a98d034bb,0.28484269178925636,192,False,43,False,False,723120b00d127f1adc7a74acd1ead681df10d12988fdf85989c7fd3e58048577,0.4304260015487671,0.026378626547831827,c1456629a3f5cd9f728dfbd17ec0d52f2ff9f2cf3653d50c154b5f717a436792,0.04285331740262,2048,1024,early_fusion_vs_x_to_z,5,0.5251409713001478,73.53740269102855,0.42570229487086036,0.4237139811609869,1.0299952204539544,True,True,0.39651534458020243,0.38090578920044743,0.740767642191412,0.39651534458020243,0.38090578920044743,0.740767642191412,True,0.0,0.39651534458020243,0.38090578920044743,reference
8861936819f8d77c,latentflow-fusion-identity-audit-all28-five-seed-v1,latentflow_process_preserving_unfreeze2,False,ETTm1,3,0.6494121782633723,nan,0.4236895917014339,0.4191412876159973,0.7874815514751667,False,False,0.41847783245699766,0.4115693425306681,0.799104116428735,0.4236895917014339,0.4191412876159973,0.7874815514751667,False,0.007571945085329157,0.41847783245699766,0.4115693425306681,extension,False,False,10,065475ebae73b77e7e475b3fbede3b7a4826efe348f595ea450b71887172c097,1.7651798725128174,0.051805365506803015,6e5346c3e1bddf25477dfec8e9ef58b1061340a6608a170414756103fa17e0d6,0.08217091949167295,336,False,43,False,False,065475ebae73b77e7e475b3fbede3b7a4826efe348f595ea450b71887172c097,1.7651798725128174,0.051805365506803015,6e5346c3e1bddf25477dfec8e9ef58b1061340a6608a170414756103fa17e0d6,0.08217091949167295,2048,1024,early_fusion_vs_x_to_z,3,0.6527506204283967,nan,0.4276955078403783,0.42518111683656423,0.7851381255198016,False,False,0.41847783245699766,0.4115693425306681,0.799104116428735,0.4276955078403783,0.42518111683656423,0.7851381255198016,False,0.013611774305896107,0.41847783245699766,0.4115693425306681,extension
d7e3a19d846ac05e,latentflow-fusion-identity-audit-all28-five-seed-v1,latentflow_process_preserving_unfreeze2,False,ETTm1,10,1.01698449263497,128.13734825374559,0.47541744263296815,0.5051995465555829,1.1601826917925384,True,True,0.4686201564713423,0.48906182206480814,0.9257091336113007,0.4686201564713423,0.48906182206480814,0.9257091336113007,True,0.0,0.4686201564713423,0.48906182206480814,reference,False,False,10,bae3f6ceb096fa5d025fed300fa9e4eb1eec25482db5b156b31a10c612487dc9,4.02694034576416,0.18214194118903673,d66fdebd0efb5ff2018a24687eff03871b4d1b98d83f2d9cc8d8d8f37f503abd,0.26820408661090994,720,False,43,False,False,7a83aa372e0fed3c9f273afe2e0ac0496651df8c9078391b1e55879d437c91b1,0.4522363543510437,0.021954833541493152,d666403b394d73bde2d146d8bb6e3d8b2269d5a7179bffba781b009926b02f06,0.035315879847325246,2048,1024,early_fusion_vs_x_to_z,10,1.0132165027043176,77.27203213982284,0.47956628571511234,0.5128438299719731,1.2738604668323315,True,True,0.4686201564713423,0.48906182206480814,0.9257091336113007,0.4686201564713423,0.48906182206480814,0.9257091336113007,True,0.0,0.4686201564713423,0.48906182206480814,reference
aa9786051b53f37f,latentflow-fusion-identity-audit-all28-five-seed-v1,latentflow_process_preserving_unfreeze2,False,ETTm1,1,0.39155922794625875,nan,0.3736523783632998,0.3350578434178888,0.6672216772759247,False,False,0.37499999057157246,0.33678189131571895,0.6836962238130214,0.3736523783632998,0.3350578434178888,0.6672216772759247,False,-0.0017240478978301499,0.37499999057157246,0.33678189131571895,extension,False,False,10,ad27b72e92181f96f46e34899e9d718e8e7314fd882ef0002b0f3db7dc767754,0.38972151279449463,0.008200402094623851,b4bbb0a2322b0ea0e83142c7d1f9e99a027e53fbd8c4300a89eec4a4151a78d4,0.014056469258524778,96,False,43,False,False,ad27b72e92181f96f46e34899e9d718e8e7314fd882ef0002b0f3db7dc767754,0.38972151279449463,0.008200402094623851,b4bbb0a2322b0ea0e83142c7d1f9e99a027e53fbd8c4300a89eec4a4151a78d4,0.014056469258524778,2048,1024,early_fusion_vs_x_to_z,1,0.3907352960890248,nan,0.373797113759028,0.3354158966012382,0.6694890752754274,False,False,0.37499999057157246,0.33678189131571895,0.6836962238130214,0.373797113759028,0.3354158966012382,0.6694890752754274,False,-0.0013659947144807338,0.37499999057157246,0.33678189131571895,extension
828c78b16fae8118,latentflow-fusion-identity-audit-all28-five-seed-v1,latentflow_process_preserving_unfreeze2,False,ETTm2,1,0.16962014378181525,nan,0.3017362324843925,0.24165228237349015,0.46297962324200065,False,False,0.3050742198077167,0.24497037954299858,0.4911292489981911,0.3017362324843925,0.24165228237349015,0.46297962324200065,False,-0.003318097169508427,0.3050742198077167,0.24497037954299858,extension,False,False,10,662535470b8cf7dc248f971fd77b3ff78dc097a326363f9d94c798eec18d1f12,0.43871796131134033,0.019886730732474864,85eaf266e86712df2272cdeecc8e0497ded1ddec68fc7d56492477141c436c45,0.031165013738828448,192,False,43,False,False,662535470b8cf7dc248f971fd77b3ff78dc097a326363f9d94c798eec18d1f12,0.43871796131134033,0.019886730732474864,85eaf266e86712df2272cdeecc8e0497ded1ddec68fc7d56492477141c436c45,0.031165013738828448,2048,1024,early_fusion_vs_x_to_z,1,0.17018644697964191,nan,0.30323190322984434,0.24270814909475474,0.46174920286592525,False,False,0.3050742198077167,0.24497037954299858,0.4911292489981911,0.30323190322984434,0.24270814909475474,0.46174920286592525,False,-0.002262230448243835,0.3050742198077167,0.24497037954299858,extension
49b0c39566aa40dd,latentflow-fusion-identity-audit-all28-five-seed-v1,latentflow_process_preserving_unfreeze2,False,ETTm2,4,0.22234115480971176,127.53822989901528,0.35147343475649073,0.31403581054208074,0.6531750019421575,True,True,0.34588291606166616,0.30786420258596997,0.6219519357970105,0.34588291606166616,0.30786420258596997,0.6219519357970105,True,0.0,0.34588291606166616,0.30786420258596997,reference,False,False,10,198508068510588838c1d6794df7d23dd54d78285294a41f85b8f8f49cb66c96,1.4123704433441162,0.06952241307397528,99de1166df51972435503636c4d7147015eebbfd31325090ce87fc5160907199,0.1055985045742422,336,False,43,False,False,84cdc353ca63f25a312d81dae10685779d552f73c70f5e202c3cd33eec4b3732,0.2838362455368042,0.013214143950972411,e715740272ae8f81d035a4db82f790aa26b58c204b68db5919bf462b905d717f,0.0199815642106697,2048,1024,early_fusion_vs_x_to_z,4,0.22495598128052796,77.66826421394944,0.35262929098146273,0.31479328071031126,0.644752837455747,True,True,0.34588291606166616,0.30786420258596997,0.6219519357970105,0.34588291606166616,0.30786420258596997,0.6219519357970105,True,0.0,0.34588291606166616,0.30786420258596997,reference
72fb4ea4b5969bf9,latentflow-fusion-identity-audit-all28-five-seed-v1,latentflow_process_preserving_unfreeze2,False,ETTm2,2,0.3011397355132633,128.74251174926758,0.40699998333492665,0.4119204669115373,0.8831929470938495,True,True,0.4043534373321455,0.41207231857769344,0.7857141314960279,0.4043534373321455,0.41207231857769344,0.7857141314960279,True,0.0,0.4043534373321455,0.41207231857769344,reference,False,False,10,65b8adc0fc16f00863fa2c7afa116b45a18bca3957639ec6f7f6fb51aa2fa173,1.7802929878234863,0.07221846074854121,bd2a7e9adb60219922c1bb39e488621fff0119c03b03198f6a83f0dde86370a3,0.11109218865496123,720,False,43,False,False,9450b6ce8c6110008f354a2e054559193836db69301d5b37cd07e32974cc1515,3.6226119995117188,0.20398770297435487,bd2a7e9adb60219922c1bb39e488621fff0119c03b03198f6a83f0dde86370a3,0.34092065451691744,2048,1024,early_fusion_vs_x_to_z,1,0.30138915805589583,nan,0.4020853194786683,0.409112548828125,0.7593503548705836,False,False,0.4043534373321455,0.41207231857769344,0.7857141314960279,0.4020853194786683,0.409112548828125,0.7593503548705836,False,-0.002959769749568464,0.4043534373321455,0.41207231857769344,extension
5cf77c248e69f120,latentflow-fusion-identity-audit-all28-five-seed-v1,latentflow_process_preserving_unfreeze2,False,ETTm2,2,0.1279846259525844,nan,0.25853372970546074,0.17519733038621357,0.282008247444828,False,False,0.25994622917290566,0.1757947479626456,0.3284707524293842,0.25853372970546074,0.17519733038621357,0.282008247444828,False,-0.00059741757643203,0.25994622917290566,0.1757947479626456,extension,False,False,10,71279156603ffd7ba93a7b3b356b31ae668a0219809b8e45ac107e4e572b9736,0.43727701902389526,0.01961102857300553,9dabd58bb5d7a8f321fd92c27aba3a00e8f207b2f2eba21d27c0caf31c87e050,0.0325129401740841,96,False,43,False,False,71279156603ffd7ba93a7b3b356b31ae668a0219809b8e45ac107e4e572b9736,0.43727701902389526,0.01961102857300553,9dabd58bb5d7a8f321fd92c27aba3a00e8f207b2f2eba21d27c0caf31c87e050,0.0325129401740841,2048,1024,early_fusion_vs_x_to_z,2,0.1291001814284495,nan,0.2586062048295643,0.17491714354416996,0.283021381252967,False,False,0.25994622917290566,0.1757947479626456,0.3284707524293842,0.2586062048295643,0.17491714354416996,0.283021381252967,False,-0.0008776044184756471,0.25994622917290566,0.1757947479626456,extension
04cfdb1218db38c5,latentflow-fusion-identity-audit-all28-five-seed-v1,latentflow_process_preserving_unfreeze2,False,Electricity,9,0.14609617161973615,nan,0.2624317678273984,0.16940826008931104,0.3033353357719637,False,False,0.2676547761511837,0.17734223166429036,0.32872229970270206,0.2624317678273984,0.16940826008931104,0.3033353357719637,False,-0.007933971574979326,0.2676547761511837,0.17734223166429036,extension,False,False,10,0b31eb04bebed534db9a65991e199149258d4d5802c5e44abe63f807838ae2b7,2.5674028396606445,0.03585778982827055,7d09cca8b6ab7d4030be1d6901673c69096f4bc68c46a3a18688d4e4ac859c31,0.05475136234408124,192,False,43,False,False,0b31eb04bebed534db9a65991e199149258d4d5802c5e44abe63f807838ae2b7,2.5674028396606445,0.03585778982827055,7d09cca8b6ab7d4030be1d6901673c69096f4bc68c46a3a18688d4e4ac859c31,0.05475136234408124,2048,1024,early_fusion_vs_x_to_z,9,0.14578644391284679,nan,0.2605091393391916,0.16868983587626382,0.2818105671708341,False,False,0.2676547761511837,0.17734223166429036,0.32872229970270206,0.2605091393391916,0.16868983587626382,0.2818105671708341,False,-0.00865239578802654,0.2676547761511837,0.17734223166429036,extension
725c57d6f0becb72,latentflow-fusion-identity-audit-all28-five-seed-v1,latentflow_process_preserving_unfreeze2,False,Electricity,9,0.16343038168068086,nan,0.2798636102689498,0.18684000541948806,0.37915199313343767,False,False,0.2874145150436169,0.19745167819406823,0.404005227658481,0.2798636102689498,0.18684000541948806,0.37915199313343767,False,-0.010611672774580166,0.2874145150436169,0.19745167819406823,extension,False,False,10,2eb0454ba16b92b8bc60ffdbec4dc650dce58284a40abcf91f19f22b71091bf7,2.98184871673584,0.040719877798782896,fc76bc703a18adc5d5ee130e0fc9b7e1a88bc23fa04ee89affe014023e233b64,0.06320887904518263,336,False,43,False,False,2eb0454ba16b92b8bc60ffdbec4dc650dce58284a40abcf91f19f22b71091bf7,2.98184871673584,0.040719877798782896,fc76bc703a18adc5d5ee130e0fc9b7e1a88bc23fa04ee89affe014023e233b64,0.06320887904518263,2048,1024,early_fusion_vs_x_to_z,9,0.16294035181555686,nan,0.27843540738591854,0.1865520976666988,0.35679146257307215,False,False,0.2874145150436169,0.19745167819406823,0.404005227658481,0.27843540738591854,0.1865520976666988,0.35679146257307215,False,-0.010899580527369418,0.2874145150436169,0.19745167819406823,extension
66c482d8f0770709,latentflow-fusion-identity-audit-all28-five-seed-v1,latentflow_process_preserving_unfreeze2,False,Electricity,9,0.20417166423038366,nan,0.3147661449929587,0.219863984480401,0.5638623336666669,False,False,0.3270065093246797,0.24448144244614572,0.5372462861343231,0.3147661449929587,0.219863984480401,0.5638623336666669,False,-0.024617457965744716,0.3270065093246797,0.24448144244614572,extension,False,False,10,68e7e459e12f5def4ab514f0684feff788c71161f984f597ee1936ee64c0e5dc,4.191225528717041,0.12904558167931973,bfa328c08abf325aa2ef8d7be6cffa597fef1f7f9f3b28c3e883ba1c10055ce9,0.20213733707126502,720,False,43,False,False,68e7e459e12f5def4ab514f0684feff788c71161f984f597ee1936ee64c0e5dc,4.191225528717041,0.12904558167931973,bfa328c08abf325aa2ef8d7be6cffa597fef1f7f9f3b28c3e883ba1c10055ce9,0.20213733707126502,2048,1024,early_fusion_vs_x_to_z,1,0.20504546137407356,nan,0.31727100292733706,0.23420016890815615,0.5444601801243119,False,False,0.3270065093246797,0.24448144244614572,0.5372462861343231,0.31727100292733706,0.23420016890815615,0.5444601801243119,False,-0.010281273537989577,0.3270065093246797,0.24448144244614572,extension
fa57e2c57cbff807,latentflow-fusion-identity-audit-all28-five-seed-v1,latentflow_process_preserving_unfreeze2,False,Electricity,10,0.13382719430844237,nan,0.25065836946081205,0.1553269536542586,0.23615936946677935,False,False,0.2564658916479915,0.1632702913273398,0.2760961200556719,0.25065836946081205,0.1553269536542586,0.23615936946677935,False,-0.007943337673081197,0.2564658916479915,0.1632702913273398,extension,False,False,10,d7b8590ca25bb91e810b685472c291e707f2e273ecfc953419b53307def54830,3.3260509967803955,0.039586156626685506,cfc2cc7217dd3223d74580672a59d3930695c7cf84676b2811cbf7e077a6f584,0.0678020044612024,96,False,43,False,False,d7b8590ca25bb91e810b685472c291e707f2e273ecfc953419b53307def54830,3.3260509967803955,0.039586156626685506,cfc2cc7217dd3223d74580672a59d3930695c7cf84676b2811cbf7e077a6f584,0.0678020044612024,2048,1024,early_fusion_vs_x_to_z,10,0.1334982966832035,nan,0.24861338701193184,0.154878793871158,0.2304475639297158,False,False,0.2564658916479915,0.1632702913273398,0.2760961200556719,0.24861338701193184,0.154878793871158,0.2304475639297158,False,-0.008391497456181812,0.2564658916479915,0.1632702913273398,extension
cf2ce6280cdf96b6,latentflow-fusion-identity-audit-all28-five-seed-v1,latentflow_process_preserving_unfreeze2,False,Traffic,10,0.3858085074170283,nan,0.29762829584561534,0.4508485929787293,0.3657405632703769,False,False,0.30830448545184075,0.46429043368735234,0.47352315383562305,0.29762829584561534,0.4508485929787293,0.3657405632703769,False,-0.013441840708623032,0.30830448545184075,0.46429043368735234,extension,False,False,10,3ff5dbaa3cb55cc8ab56c8d0452f389424eac5852aa7b716b30deb0bbb89b589,15.733133316040039,0.0735285877066395,98833ce86c4176ac35cc58a1a56aaca53c6db35c5c98ae38f0cf1ab417140a26,0.13654181442831767,192,False,43,False,False,3ff5dbaa3cb55cc8ab56c8d0452f389424eac5852aa7b716b30deb0bbb89b589,15.733133316040039,0.0735285877066395,98833ce86c4176ac35cc58a1a56aaca53c6db35c5c98ae38f0cf1ab417140a26,0.13654181442831767,2048,1024,early_fusion_vs_x_to_z,9,0.38156531222181916,nan,0.2924073762736521,0.4433640705119929,0.3482534625814707,False,False,0.30830448545184075,0.46429043368735234,0.47352315383562305,0.2924073762736521,0.4433640705119929,0.3482534625814707,False,-0.020926363175359453,0.30830448545184075,0.46429043368735234,extension
88f501c7f8721cc6,latentflow-fusion-identity-audit-all28-five-seed-v1,latentflow_process_preserving_unfreeze2,False,Traffic,7,0.39591831065662497,nan,0.30277930813861437,0.46452481160997566,0.3948259663206386,False,False,0.3154820186362472,0.4740495272523939,0.49476598568788666,0.30277930813861437,0.46452481160997566,0.3948259663206386,False,-0.009524715642418247,0.3154820186362472,0.4740495272523939,extension,False,False,10,2fb93e614272808e341b891bb1ccfc0e69b6085cccda1002d45a1a9e5ef849c5,10.667224884033203,0.038557527244507755,a607d590b5721b5502be54301426cca4381505df4b64f1db64c6e1c83b601354,0.06422205841188659,336,False,43,False,False,2fb93e614272808e341b891bb1ccfc0e69b6085cccda1002d45a1a9e5ef849c5,10.667224884033203,0.038557527244507755,a607d590b5721b5502be54301426cca4381505df4b64f1db64c6e1c83b601354,0.06422205841188659,2048,1024,early_fusion_vs_x_to_z,7,0.39432529722994936,nan,0.3006633100518214,0.4617595809333288,0.38440782926214023,False,False,0.3154820186362472,0.4740495272523939,0.49476598568788666,0.3006633100518214,0.4617595809333288,0.38440782926214023,False,-0.012289946319065104,0.3154820186362472,0.4740495272523939,extension
59aa20b89d88c9b6,latentflow-fusion-identity-audit-all28-five-seed-v1,latentflow_process_preserving_unfreeze2,False,Traffic,7,0.4429804834148017,nan,0.3178911024546939,0.4971072111987658,0.43589493370705373,False,False,0.3300437871070133,0.505209937176707,0.5429361103811985,0.3178911024546939,0.4971072111987658,0.43589493370705373,False,-0.00810272597794126,0.3300437871070133,0.505209937176707,extension,False,False,10,bb6dd19ade738339ae891a95411c9d0ce475ce77bcecac947eaacabee5d9ede5,14.881416320800781,0.06195465713982764,1dd2c5c8e175fccc6dcb4ba45f2a7e157a7ba8272a56295e7dac8784f6dd1ba3,0.11445963540784572,720,False,43,False,False,bb6dd19ade738339ae891a95411c9d0ce475ce77bcecac947eaacabee5d9ede5,14.881416320800781,0.06195465713982764,1dd2c5c8e175fccc6dcb4ba45f2a7e157a7ba8272a56295e7dac8784f6dd1ba3,0.11445963540784572,2048,1024,early_fusion_vs_x_to_z,7,0.44125662634255314,nan,0.3160798704893246,0.49404280928031985,0.4396293870397299,False,False,0.3300437871070133,0.505209937176707,0.5429361103811985,0.3160798704893246,0.49404280928031985,0.4396293870397299,False,-0.011167127896387186,0.3300437871070133,0.505209937176707,extension
4ded19c745074528,latentflow-fusion-identity-audit-all28-five-seed-v1,latentflow_process_preserving_unfreeze2,False,Traffic,10,0.39336048883702157,nan,0.29306954144469066,0.436842977832245,0.35800069289971936,False,False,0.3066119593715481,0.45237782273901156,0.4650047539661081,0.29306954144469066,0.436842977832245,0.35800069289971936,False,-0.015534844906766543,0.3066119593715481,0.45237782273901156,extension,False,False,10,ddb1322917322dded9d36f6fc9b3e0afb62cdd8cd38f7758953dcecd890bb492,12.847341537475586,0.05332663509060121,e50b105cd6df8f6d92e310dca0360293c0e868ad07084d2e561bb2e7ed3d84f5,0.10011740729284216,96,False,43,False,False,ddb1322917322dded9d36f6fc9b3e0afb62cdd8cd38f7758953dcecd890bb492,12.847341537475586,0.05332663509060121,e50b105cd6df8f6d92e310dca0360293c0e868ad07084d2e561bb2e7ed3d84f5,0.10011740729284216,2048,1024,early_fusion_vs_x_to_z,10,0.3935511956727514,nan,0.29086613140980117,0.43337802829706945,0.35510335087688916,False,False,0.3066119593715481,0.45237782273901156,0.4650047539661081,0.29086613140980117,0.43337802829706945,0.35510335087688916,False,-0.01899979444194211,0.3066119593715481,0.45237782273901156,extension
af0fb6bfb9d7f0b1,latentflow-fusion-identity-audit-all28-five-seed-v1,latentflow_process_preserving_unfreeze2,False,Weather,2,0.4762786542848935,nan,0.2538091079791041,0.21280604462981034,-0.06390943149847504,False,False,0.2549288752092222,0.21393736870987184,0.32087243945571,0.2538091079791041,0.21280604462981034,-0.06390943149847504,False,-0.001131324080061502,0.2549288752092222,0.21393736870987184,extension,False,False,10,1c08cd78a81f3056d27c47ddf86ff05203d731ea8d172318607769e8843b8423,0.8526689410209656,0.00970825463002936,11c4b76e6cb646966b9bc5f970ed56e18364de76af6b171e8be1027eff5ea118,0.020419580332355552,192,False,43,False,False,1c08cd78a81f3056d27c47ddf86ff05203d731ea8d172318607769e8843b8423,0.8526689410209656,0.00970825463002936,11c4b76e6cb646966b9bc5f970ed56e18364de76af6b171e8be1027eff5ea118,0.020419580332355552,2048,1024,early_fusion_vs_x_to_z,2,0.4767102979951435,nan,0.2544236942442429,0.21328446013877578,0.24854046260940613,False,False,0.2549288752092222,0.21393736870987184,0.32087243945571,0.2544236942442429,0.21328446013877578,0.24854046260940613,False,-0.0006529085710960669,0.2549288752092222,0.21393736870987184,extension
73e66344d046ab8d,latentflow-fusion-identity-audit-all28-five-seed-v1,latentflow_process_preserving_unfreeze2,False,Weather,2,0.5614911788174896,nan,0.29916833568691925,0.2741123940324863,0.21282430988855547,False,False,0.30101054901098395,0.2759361857289072,0.4909958584965122,0.29916833568691925,0.2741123940324863,0.21282430988855547,False,-0.00182379169642094,0.30101054901098395,0.2759361857289072,extension,False,False,10,6830a579b265e1b916a0e7b75038dc1f41a698baf5a93ffd82c5a7dc5caa4a63,0.9357562065124512,0.014199570843071819,10f4279be9bb6ea2137aa50fc6b5782aee9d11945087c278e7d35e3e061b87b3,0.02908502514651239,336,False,43,False,False,6830a579b265e1b916a0e7b75038dc1f41a698baf5a93ffd82c5a7dc5caa4a63,0.9357562065124512,0.014199570843071819,10f4279be9bb6ea2137aa50fc6b5782aee9d11945087c278e7d35e3e061b87b3,0.02908502514651239,2048,1024,early_fusion_vs_x_to_z,2,0.5636563014551625,nan,0.3008164714530076,0.27519854276618794,0.4216498332442182,False,False,0.30101054901098395,0.2759361857289072,0.4909958584965122,0.3008164714530076,0.27519854276618794,0.4216498332442182,False,-0.000737642962719276,0.30101054901098395,0.2759361857289072,extension
12ab7d697221f434,latentflow-fusion-identity-audit-all28-five-seed-v1,latentflow_process_preserving_unfreeze2,False,Weather,4,0.6835833534361824,nan,0.3476280970722241,0.35053996979548335,0.18414729953135753,False,False,0.347052523450392,0.3504420589573538,0.6421096499953538,0.3476280970722241,0.35053996979548335,0.18414729953135753,False,9.79108381295446e-05,0.347052523450392,0.3504420589573538,extension,False,False,10,54a3445d9c9033e61b488535ae268f4cb070a4dec165661c35a15d3acee6c116,0.82647705078125,0.026730522951354328,b1e073e6175f262d5f3798538e26335209344a9ba7ebd7ab2484ec6b9287a9df,0.049524712686260415,720,False,43,False,False,54a3445d9c9033e61b488535ae268f4cb070a4dec165661c35a15d3acee6c116,0.82647705078125,0.026730522951354328,b1e073e6175f262d5f3798538e26335209344a9ba7ebd7ab2484ec6b9287a9df,0.049524712686260415,2048,1024,early_fusion_vs_x_to_z,4,0.685045837725281,nan,0.3489838347091678,0.35203493307317385,0.5162938016699793,False,False,0.347052523450392,0.3504420589573538,0.6421096499953538,0.3489838347091678,0.35203493307317385,0.5162938016699793,False,0.0015928741158200421,0.347052523450392,0.3504420589573538,extension
40b8a7e0e734e025,latentflow-fusion-identity-audit-all28-five-seed-v1,latentflow_process_preserving_unfreeze2,False,Weather,5,0.4341046463639017,nan,0.21407033276853032,0.16747227581030286,-0.002911450159983409,False,False,0.21944144009534766,0.17440594411105903,0.184063081351515,0.21407033276853032,0.16747227581030286,-0.002911450159983409,False,-0.006933668300756174,0.21944144009534766,0.17440594411105903,extension,False,False,10,79e142453cc42cd33c27259598a146417c1573eca38eb10202908cf001ad338b,2.726511240005493,0.03916292578078307,f568c718ab65d2dfea88f863738bddf1c65950c1ed96a874139487d3560b784c,0.0763845517163393,96,False,43,False,False,79e142453cc42cd33c27259598a146417c1573eca38eb10202908cf001ad338b,2.726511240005493,0.03916292578078307,f568c718ab65d2dfea88f863738bddf1c65950c1ed96a874139487d3560b784c,0.0763845517163393,2048,1024,early_fusion_vs_x_to_z,6,0.4336962276507938,nan,0.2138455045111189,0.16813845423699492,-0.027972811042135445,False,False,0.21944144009534766,0.17440594411105903,0.184063081351515,0.2138455045111189,0.16813845423699492,-0.027972811042135445,False,-0.006267489874064114,0.21944144009534766,0.17440594411105903,extension
f103c9f1f7fbfc07,latentflow-fusion-identity-audit-all28-five-seed-v1,latentflow_process_preserving_unfreeze2,False,ETTh1,1,1.0246859994672595,nan,0.43453540074784963,0.4488262348843494,0.837408081977152,False,False,0.4335250239414559,0.4477160018631498,0.8492801344363651,0.43453540074784963,0.4488262348843494,0.837408081977152,False,0.0011102330211996136,0.4335250239414559,0.4477160018631498,extension,False,False,10,71d5acb723ff7164219156b9d994cfd9dda8f0ff7f7e6273aeb54a645ca18782,0.3218207359313965,0.013477718327621149,9aa818b98a7c525d0a1a3cee0bcbeae96b47e392c783f33d43d94708894b7b26,0.02127242004719844,192,False,44,False,False,71d5acb723ff7164219156b9d994cfd9dda8f0ff7f7e6273aeb54a645ca18782,0.3218207359313965,0.013477718327621149,9aa818b98a7c525d0a1a3cee0bcbeae96b47e392c783f33d43d94708894b7b26,0.02127242004719844,2048,1024,early_fusion_vs_x_to_z,1,1.0240904096336592,nan,0.43536618353361306,0.44950125689427917,0.8373594738906004,False,False,0.4335250239414559,0.4477160018631498,0.8492801344363651,0.43536618353361306,0.44950125689427917,0.8373594738906004,False,0.0017852550311293625,0.4335250239414559,0.4477160018631498,extension
23ed17465ba7c9ac,latentflow-fusion-identity-audit-all28-five-seed-v1,latentflow_process_preserving_unfreeze2,False,ETTh1,1,1.2861919378747746,nan,0.462094412217945,0.49188233160108114,0.9093335151203957,False,False,0.45960576987732715,0.49471651836941954,0.9157095396214243,0.462094412217945,0.49188233160108114,0.9093335151203957,False,-0.002834186768338409,0.45960576987732715,0.49471651836941954,extension,False,False,10,e17d7f67bc31b77097fa5e46ba09cb094df861dc0adee9251fa554bdd92b8600,2.1864125728607178,0.13536486859089264,c823ff5c5c7ec7985169316e3b5bac6190f098da973524166c4f750aedc3c9fd,0.19628084679785246,336,False,44,False,False,e17d7f67bc31b77097fa5e46ba09cb094df861dc0adee9251fa554bdd92b8600,4.592921733856201,0.4014367121147265,89598e872817d4c88fc7302256501711829fef21816e27e7081a882cd818902c,0.6502247868236709,2048,1024,early_fusion_vs_x_to_z,2,1.3158789321678837,77.05757056362927,0.47159517037193455,0.4955384808041183,1.048070858175956,True,True,0.45960576987732715,0.49471651836941954,0.9157095396214243,0.45960576987732715,0.49471651836941954,0.9157095396214243,True,0.0,0.45960576987732715,0.49471651836941954,reference
95abbc609d9b8393,latentflow-fusion-identity-audit-all28-five-seed-v1,latentflow_process_preserving_unfreeze2,False,ETTh1,2,1.5911396155281672,131.42476171907037,0.5014008125392654,0.5325240791072938,1.0939904546252228,True,True,0.4802329831879081,0.4984691149224758,0.9864439842382111,0.4802329831879081,0.4984691149224758,0.9864439842382111,True,0.0,0.4802329831879081,0.4984691149224758,reference,False,False,10,6a98090802306f037fc56007f74899b7bec43e28e1f5b45d83b31525da9238da,2.7640743255615234,0.1530746499537724,399f4481eb5ecd06d5b8bb03a4a627de5438aeee74a4522d5ca80c273392b91c,0.23808958269242173,720,False,44,False,False,40e6683c89cda72da0284164e930be05df8cbdee548ef44a01495245bd3c5bdf,0.3564121723175049,0.026496092796767495,b2c168965023b5cbe4240a1ba546ed214fc813b67615d1d95ccdc5b434f504cf,0.03964514186568307,2048,1024,early_fusion_vs_x_to_z,2,1.603046819141933,79.4500850411132,0.5020437482845617,0.5710541187522108,1.0799682513534443,True,True,0.4802329831879081,0.4984691149224758,0.9864439842382111,0.4802329831879081,0.4984691149224758,0.9864439842382111,True,0.0,0.4802329831879081,0.4984691149224758,reference
7121d8e3fbe5ea4e,latentflow-fusion-identity-audit-all28-five-seed-v1,latentflow_process_preserving_unfreeze2,False,ETTh1,1,0.7684333439738977,nan,0.41381417581278246,0.4065676178515972,0.7886853492666618,False,False,0.41290058516086325,0.40439868635771326,0.79060045679767,0.41381417581278246,0.4065676178515972,0.7886853492666618,False,0.002168931493883919,0.41290058516086325,0.40439868635771326,extension,False,False,10,86c35a40d94b2565c5b29e25c1e91885e430d85e57681706dc38eb14976b07df,2.096322536468506,0.15657357533021302,0e14d16873e7f6429f46e4fb5bf0df7be4efd4aef3352a44046df436809c9a73,0.22496935819985248,96,False,44,False,False,86c35a40d94b2565c5b29e25c1e91885e430d85e57681706dc38eb14976b07df,4.335371017456055,0.3899237498142702,de3cf37fd79bfafed28cad05858f62af91fce60b4e6e44d62b503f89f5a2ca50,0.6155862187820668,2048,1024,early_fusion_vs_x_to_z,4,0.7877733194757075,83.56198704894632,0.42953678002935947,0.41999539801470487,0.8123750636136724,True,True,0.41290058516086325,0.40439868635771326,0.79060045679767,0.41290058516086325,0.40439868635771326,0.79060045679767,True,0.0,0.41290058516086325,0.40439868635771326,reference
a748891be68f6705,latentflow-fusion-identity-audit-all28-five-seed-v1,latentflow_process_preserving_unfreeze2,False,ETTh2,2,0.2829625661529246,130.36942752499817,0.401968807898767,0.3903208514085227,0.7425824580869962,True,True,0.40038104993692547,0.38934538500320265,0.7567295723131662,0.40038104993692547,0.38934538500320265,0.7567295723131662,nan,nan,nan,nan,reference,False,False,10,53740eef0d4f0aaf35b79964e5d1bcd109bdc963ed197ffd39c6fc5b9ab66f15,2.33878231048584,0.146414345086312,2e1a0e60a5ee9160edd942a2090cda6cc2547f695cf8ed9d0e44b4f4a9b88c6f,0.21144443699749485,192,False,44,False,False,2df08208125e464fa184efe461b1acce8949e78e66e4e410f9e2340c317708f6,0.22771811485290527,0.014475931594062857,6a5f64ec5108da30501d31d968ffb198839d85b1484cd99523e205752f926aab,0.021574732025590196,2048,1024,early_fusion_vs_x_to_z,2,0.2963185750302814,78.93071371199767,0.41805838660374417,0.4092078317093911,0.7678998643999961,True,True,0.40038104993692547,0.38934538500320265,0.7567295723131662,0.40038104993692547,0.38934538500320265,0.7567295723131662,nan,nan,nan,nan,reference
fa94afecac6e9963,latentflow-fusion-identity-audit-all28-five-seed-v1,latentflow_process_preserving_unfreeze2,False,ETTh2,1,0.37389781898787233,130.09053931897506,0.45510241845723354,0.45355336143754993,0.876340495532997,True,True,0.4241401757912671,0.41043008342135356,0.823743343072228,0.4241401757912671,0.41043008342135356,0.823743343072228,True,0.0,0.4241401757912671,0.41043008342135356,reference,False,False,10,205abced42c07357369676973a2aa900c282fd79625d8b288e1cef6e34903f7d,2.908864974975586,0.13770322994749465,40c1b354005383acf8731095a053b9cd3b0ee9cc50d0b8712e6500de81a97af2,0.223424386111377,336,False,44,False,False,6c0c6083348522f35e475b7297892c3d8e424b91f4bb4a9d79219737925cd299,0.24029088020324707,0.012950127818306546,0c3a85809d5fe9cf2e2209d2a139b79772e24fca4eafec611217bd6e2522f281,0.01923349403407018,2048,1024,early_fusion_vs_x_to_z,5,0.3625865242108196,78.25291631836444,0.4379359413378333,0.42798065005679026,0.8503746428049384,True,True,0.4241401757912671,0.41043008342135356,0.823743343072228,0.4241401757912671,0.41043008342135356,0.823743343072228,True,0.0,0.4241401757912671,0.41043008342135356,reference
ed90c13751c6168d,latentflow-fusion-identity-audit-all28-five-seed-v1,latentflow_process_preserving_unfreeze2,False,ETTh2,7,0.6184962333194793,137.73199537605979,0.4738423076276673,0.47044063034142236,0.9413493601937142,True,True,0.4511602481575769,0.43759845636049677,0.8963979245997424,0.4511602481575769,0.43759845636049677,0.8963979245997424,True,0.0,0.4511602481575769,0.43759845636049677,reference,False,False,10,c1357935e3b4ecc66986267022e09a2a3c13d9e72ce95ca0c561f201bb5579aa,2.472869396209717,0.16481047560237183,e8b77b43b6cf41b0475cc0c32447cce92715273345522e2596fa2accd43fa67a,0.2548316366662289,720,False,44,False,False,4dd2129d073e1ae4658076cbc483c74ee3bebdd37e18360d070e9382ff8110fb,4.118933200836182,0.23790105668245753,e8b77b43b6cf41b0475cc0c32447cce92715273345522e2596fa2accd43fa67a,0.4079326050109863,2048,1024,early_fusion_vs_x_to_z,2,0.6187348609878903,nan,0.4553393876847753,0.44722480515303187,0.8872713041989575,False,False,0.4511602481575769,0.43759845636049677,0.8963979245997424,0.4553393876847753,0.44722480515303187,0.8872713041989575,False,0.0096263487925351,0.4511602481575769,0.43759845636049677,extension
f045ddda4040f009,latentflow-fusion-identity-audit-all28-five-seed-v1,latentflow_process_preserving_unfreeze2,False,ETTh2,3,0.22550336661792936,135.83404248254374,0.35976254090678234,0.3121204633126557,0.5362020754207701,True,True,0.35057852634907055,0.30207650445613776,0.6210019495746177,0.35057852634907055,0.30207650445613776,0.6210019495746177,True,0.0,0.35057852634907055,0.30207650445613776,reference,False,False,10,f24a6d553f4f3e4c9c69a351bcce2b488ac337e3237272c1eab480dd5c40de35,2.4152801036834717,0.1369057932144329,6bf5c0d4810c3829aff02e047de1b773bbe1ef67e2c28f2546a96f1c41a2e8b0,0.2070636599545441,96,False,44,False,False,34e258a8a6c2fffc38d56fb1a5fd6b859bcfa5d6612bb73fa3d990e1950dfed6,0.18660640716552734,0.01379905438636171,ec7d454e2f182dd624f132c4176ea1d87ab01af4dfbd28ea02b0ef8fe53ff4a0,0.02041985828287868,2048,1024,early_fusion_vs_x_to_z,3,0.24330844925273032,81.76918216934428,0.3729269749100946,0.3295657151742319,0.6216775574846799,True,True,0.35057852634907055,0.30207650445613776,0.6210019495746177,0.35057852634907055,0.30207650445613776,0.6210019495746177,True,0.0,0.35057852634907055,0.30207650445613776,reference
88b6711b6409fe94,latentflow-fusion-identity-audit-all28-five-seed-v1,latentflow_process_preserving_unfreeze2,False,ETTm1,2,0.5133092777714843,nan,0.3961726812597228,0.3768079483536472,0.7286580450690132,False,False,0.39690445315149436,0.38091796920713705,0.7457139851509478,0.3961726812597228,0.3768079483536472,0.7286580450690132,False,-0.004110020853489826,0.39690445315149436,0.38091796920713705,extension,False,False,10,49af9cbcd63a9e29b070540b17f1fefee214f754a2715aff0ed8710640c5b892,0.629463255405426,0.02926450726955857,29ddb6106245cb0db6a9c00a77984e0ffd4e6f73d49d24b72a7403e6c87a89a1,0.04591494277995109,192,False,44,False,False,49af9cbcd63a9e29b070540b17f1fefee214f754a2715aff0ed8710640c5b892,0.629463255405426,0.02926450726955857,29ddb6106245cb0db6a9c00a77984e0ffd4e6f73d49d24b72a7403e6c87a89a1,0.04591494277995109,2048,1024,early_fusion_vs_x_to_z,2,0.5153836673569112,nan,0.39946061132618704,0.38161926333989016,0.7300499499670162,False,False,0.39690445315149436,0.38091796920713705,0.7457139851509478,0.39946061132618704,0.38161926333989016,0.7300499499670162,False,0.0007012941327531053,0.39690445315149436,0.38091796920713705,extension
765918871bf74eae,latentflow-fusion-identity-audit-all28-five-seed-v1,latentflow_process_preserving_unfreeze2,False,ETTm1,2,0.6556512551242802,nan,0.4180870108749017,0.41899690400362916,0.7914081274317374,False,False,0.42013383945823324,0.41942832109940376,0.8047217844744372,0.4180870108749017,0.41899690400362916,0.7914081274317374,False,-0.00043141709577459997,0.42013383945823324,0.41942832109940376,extension,False,False,10,7246e1f33e93c6549452a3a87d23b1d2480ce2f0e3b4acbab5de93b189ead45e,0.7046453952789307,0.02820945607310227,6bdba847314b6b9a57953a46051b8800f4c70de0b823ebedff55b71c2ff2feef,0.043688025557330916,336,False,44,False,False,7246e1f33e93c6549452a3a87d23b1d2480ce2f0e3b4acbab5de93b189ead45e,0.7046453952789307,0.02820945607310227,6bdba847314b6b9a57953a46051b8800f4c70de0b823ebedff55b71c2ff2feef,0.043688025557330916,2048,1024,early_fusion_vs_x_to_z,2,0.6570571709652336,nan,0.4199070302931535,0.42036354239157736,0.7924857343793927,False,False,0.42013383945823324,0.41942832109940376,0.8047217844744372,0.4199070302931535,0.42036354239157736,0.7924857343793927,False,0.0009352212921736047,0.42013383945823324,0.41942832109940376,extension
3da1223ec7bffaac,latentflow-fusion-identity-audit-all28-five-seed-v1,latentflow_process_preserving_unfreeze2,False,ETTm1,3,0.9957158156803676,nan,0.47800096242328033,0.5111590951471042,0.9245902901832157,False,False,0.4723798172097284,0.4975596802034616,0.9273014094209067,0.47800096242328033,0.5111590951471042,0.9245902901832157,False,0.01359941494364264,0.4723798172097284,0.4975596802034616,extension,False,False,10,a1066be22493a1118457ffd3cc1d69b3038e7eee759293f87f41cf976bcd4df3,1.531529188156128,0.05323749814070747,c92a4f3c74e00a2b8af87092072e67a9b6568b9e314eee8c1c23b6f5c8d570c8,0.0806302038337981,720,False,44,False,False,a1066be22493a1118457ffd3cc1d69b3038e7eee759293f87f41cf976bcd4df3,1.531529188156128,0.05323749814070747,c92a4f3c74e00a2b8af87092072e67a9b6568b9e314eee8c1c23b6f5c8d570c8,0.0806302038337981,2048,1024,early_fusion_vs_x_to_z,3,0.9972518523534138,nan,0.48432150491625425,0.5223803185952797,0.9263703926339567,False,False,0.4723798172097284,0.4975596802034616,0.9273014094209067,0.48432150491625425,0.5223803185952797,0.9263703926339567,False,0.024820638391818084,0.4723798172097284,0.4975596802034616,extension
2eeee12b7f9df09f,latentflow-fusion-identity-audit-all28-five-seed-v1,latentflow_process_preserving_unfreeze2,False,ETTm1,1,0.39564883504949866,nan,0.37238363092884963,0.33469404368049294,0.6670714051913902,False,False,0.3739250022798351,0.33656029815014,0.686429368783139,0.37238363092884963,0.33469404368049294,0.6670714051913902,False,-0.001866254469647055,0.3739250022798351,0.33656029815014,extension,False,False,10,ee2d7d3fd93b9ab6c9eacd08decd2f47852be8d349fb283b69ca9e9099b02a23,0.5477954149246216,0.03736542467976276,685236a03ce5a57b4db216738a499cb26c4a68cdc542430bae7fecbf244c91b2,0.05881927006893231,96,False,44,False,False,ee2d7d3fd93b9ab6c9eacd08decd2f47852be8d349fb283b69ca9e9099b02a23,0.5477954149246216,0.03736542467976276,685236a03ce5a57b4db216738a499cb26c4a68cdc542430bae7fecbf244c91b2,0.05881927006893231,2048,1024,early_fusion_vs_x_to_z,2,0.39587713299053057,nan,0.37364526844253215,0.3362576175791852,0.6674551163251864,False,False,0.3739250022798351,0.33656029815014,0.686429368783139,0.37364526844253215,0.3362576175791852,0.6674551163251864,False,-0.00030268057095478307,0.3739250022798351,0.33656029815014,extension
208a2ed1949ae980,latentflow-fusion-identity-audit-all28-five-seed-v1,latentflow_process_preserving_unfreeze2,False,ETTm2,1,0.16989797362614245,nan,0.30333983710211126,0.24299855961477393,0.46334902968811575,False,False,0.30433047977007194,0.24387946023680443,0.4853612113544997,0.30333983710211126,0.24299855961477393,0.46334902968811575,False,-0.0008809006220305005,0.30433047977007194,0.24387946023680443,extension,False,False,10,ec861f19f710ea7e127d476ba99891469a0e5292ca172c919b1e16477040b9c9,0.4780278205871582,0.018051400878061473,e8ff6ea580e8b88dd1931cb73225222e5e07db873211424579837a485e12ebd8,0.027428800502255973,192,False,44,False,False,ec861f19f710ea7e127d476ba99891469a0e5292ca172c919b1e16477040b9c9,0.4780278205871582,0.018051400878061473,e8ff6ea580e8b88dd1931cb73225222e5e07db873211424579837a485e12ebd8,0.027428800502255973,2048,1024,early_fusion_vs_x_to_z,1,0.17079310420723187,nan,0.3044539015430886,0.24431321154033225,0.4678975556383066,False,False,0.30433047977007194,0.24387946023680443,0.4853612113544997,0.3044539015430886,0.24431321154033225,0.4678975556383066,False,0.000433751303527824,0.30433047977007194,0.24387946023680443,extension
fa337e13e13bd52e,latentflow-fusion-identity-audit-all28-five-seed-v1,latentflow_process_preserving_unfreeze2,False,ETTm2,2,0.21535616373123767,nan,0.3425327285445917,0.30526077989715694,0.5802243912688285,False,False,0.346752295492731,0.30991552585025506,0.6230884316021382,0.3425327285445917,0.30526077989715694,0.5802243912688285,False,-0.004654745953098116,0.346752295492731,0.30991552585025506,extension,False,False,10,e300828d2c3555143b4e5b7ae26a04fed216ed0e60de196502d2562eae602616,0.44224345684051514,0.01871333199645503,a6294231a284fd30cff5e7490c2e8a81aa3885d28432df46f55d1e9a7125b6ff,0.030069092338041666,336,False,44,False,False,e300828d2c3555143b4e5b7ae26a04fed216ed0e60de196502d2562eae602616,0.44224345684051514,0.01871333199645503,a6294231a284fd30cff5e7490c2e8a81aa3885d28432df46f55d1e9a7125b6ff,0.030069092338041666,2048,1024,early_fusion_vs_x_to_z,2,0.21584124792189824,nan,0.3427441427632044,0.30523913676173237,0.5775360749210957,False,False,0.346752295492731,0.30991552585025506,0.6230884316021382,0.3427441427632044,0.30523913676173237,0.5775360749210957,False,-0.004676389088522692,0.346752295492731,0.30991552585025506,extension
6c949b41674dab87,latentflow-fusion-identity-audit-all28-five-seed-v1,latentflow_process_preserving_unfreeze2,False,ETTm2,8,0.3043603938723367,131.6751547185704,0.42181704276603443,0.4345631066994794,0.8303896409197545,True,True,0.406837863068797,0.41702886235783804,0.7909408286151792,0.406837863068797,0.41702886235783804,0.7909408286151792,True,0.0,0.406837863068797,0.41702886235783804,reference,False,False,10,13b8b894cdf2f5654f76bb040a01ea6df9efcd1233a9e2a440a15ad062f5a6e4,2.6263625621795654,0.14063302347435877,1051fcc605918cff6c18144f92d220ea96e224e46a8f5d56e0d24de7ebbad184,0.21897300809124323,720,False,44,False,False,4629fb0071f0f1e8aad23e58a830638568970e29248848923ea696b5d4257806,0.2709474563598633,0.01151854812443091,910fd5eb45484c0b27838b6af04dd61be7782250849c9f170b8bab6525f724b9,0.017449589491722633,2048,1024,early_fusion_vs_x_to_z,4,0.30662194622887506,79.65748741757125,0.40835362150885973,0.4124759411401642,0.8580095510981214,True,True,0.406837863068797,0.41702886235783804,0.7909408286151792,0.406837863068797,0.41702886235783804,0.7909408286151792,True,0.0,0.406837863068797,0.41702886235783804,reference
9a983b5e2bc941fa,latentflow-fusion-identity-audit-all28-five-seed-v1,latentflow_process_preserving_unfreeze2,False,ETTm2,3,0.12806850636289233,nan,0.2581294183988453,0.17459994139715546,-0.05443057785582391,False,False,0.2594324529460411,0.1759595858709159,0.3249077569927686,0.2581294183988453,0.17459994139715546,-0.05443057785582391,False,-0.0013596444737604407,0.2594324529460411,0.1759595858709159,extension,False,False,10,4ca2d49c995e9ab391964bef02d751943d52c79ee97d400d7090236445ab6990,0.5878355503082275,0.03761742674960571,54e096f5c312881ab47a83d3dbe8118cab0b45b2e9a4e8a119c756b4e27f2251,0.058356941234095475,96,False,44,False,False,4ca2d49c995e9ab391964bef02d751943d52c79ee97d400d7090236445ab6990,0.5878355503082275,0.03761742674960571,54e096f5c312881ab47a83d3dbe8118cab0b45b2e9a4e8a119c756b4e27f2251,0.058356941234095475,2048,1024,early_fusion_vs_x_to_z,1,0.12866582810169175,nan,0.2588264319433872,0.17548397530164894,0.30136765633945106,False,False,0.2594324529460411,0.1759595858709159,0.3249077569927686,0.2588264319433872,0.17548397530164894,0.30136765633945106,False,-0.00047561056926695433,0.2594324529460411,0.1759595858709159,extension
0ae2311d40ee0552,latentflow-fusion-identity-audit-all28-five-seed-v1,latentflow_process_preserving_unfreeze2,False,Electricity,10,0.14549487491881982,nan,0.26212239705269336,0.16844089304626086,0.3076792711414451,False,False,0.2683383279235023,0.1773355172662888,0.33040128119350115,0.26212239705269336,0.16844089304626086,0.3076792711414451,False,-0.00889462422002793,0.2683383279235023,0.1773355172662888,extension,False,False,10,ccbd0a494705bb03187a5b0c0472b75bba69b99666ba51d23f22405da8d9bdf0,2.873065948486328,0.043464898186670736,667947f2011468ae46b7fcc8892f164ce12a7921c70cfc07acd1cbf88a1a74cd,0.0672047376078697,192,False,44,False,False,ccbd0a494705bb03187a5b0c0472b75bba69b99666ba51d23f22405da8d9bdf0,2.873065948486328,0.043464898186670736,667947f2011468ae46b7fcc8892f164ce12a7921c70cfc07acd1cbf88a1a74cd,0.0672047376078697,2048,1024,early_fusion_vs_x_to_z,10,0.14497706544733494,nan,0.26000107504759484,0.16781767532942188,0.28341561814303984,False,False,0.2683383279235023,0.1773355172662888,0.33040128119350115,0.26000107504759484,0.16781767532942188,0.28341561814303984,False,-0.009517841936866916,0.2683383279235023,0.1773355172662888,extension
c3c515ed3fb49d3f,latentflow-fusion-identity-audit-all28-five-seed-v1,latentflow_process_preserving_unfreeze2,False,Electricity,10,0.16151910375689316,nan,0.2774077085541765,0.1840201733931118,0.3636322401649985,False,False,0.28420340836451774,0.1934285180488271,0.3935825958778439,0.2774077085541765,0.1840201733931118,0.3636322401649985,False,-0.0094083446557153,0.28420340836451774,0.1934285180488271,extension,False,False,10,e88611d269937cf7e4e6c179a9b5c98ee2c737af9f8f3580c5eed2c827beb830,3.351318120956421,0.05644975704142338,0a0df163f0b538f76183bbccb7886c5717b75eb0a21b14b49b732e6a476d4a0f,0.08350310994850191,336,False,44,False,False,e88611d269937cf7e4e6c179a9b5c98ee2c737af9f8f3580c5eed2c827beb830,3.351318120956421,0.05644975704142338,0a0df163f0b538f76183bbccb7886c5717b75eb0a21b14b49b732e6a476d4a0f,0.08350310994850191,2048,1024,early_fusion_vs_x_to_z,10,0.1624182541387015,nan,0.27704960205622675,0.18407357249939243,0.3455154926268305,False,False,0.28420340836451774,0.1934285180488271,0.3935825958778439,0.27704960205622675,0.18407357249939243,0.3455154926268305,False,-0.009354945549434668,0.28420340836451774,0.1934285180488271,extension
1e08809b67e223a1,latentflow-fusion-identity-audit-all28-five-seed-v1,latentflow_process_preserving_unfreeze2,False,Electricity,8,0.19341941218179748,nan,0.30488135876440514,0.21199077667750013,0.48072331902373605,False,False,0.3137325625271815,0.22898968459258237,0.49002326432235854,0.30488135876440514,0.21199077667750013,0.48072331902373605,False,-0.01699890791508224,0.3137325625271815,0.22898968459258237,extension,False,False,10,e439bc4ad026c4e6a6487a31bf0a30ea88b4804a45b76871656bb96f2a358fd2,3.3815956115722656,0.08486594444102759,4cc707acd4cf253f5cc13a9fcaabeb57a396706e0e32daecd9174d8aa1f860f8,0.12384929732953401,720,False,44,False,False,e439bc4ad026c4e6a6487a31bf0a30ea88b4804a45b76871656bb96f2a358fd2,3.3815956115722656,0.08486594444102759,4cc707acd4cf253f5cc13a9fcaabeb57a396706e0e32daecd9174d8aa1f860f8,0.12384929732953401,2048,1024,early_fusion_vs_x_to_z,4,0.1993369704920266,nan,0.3084435919362361,0.2217096689271851,0.4833574382686258,False,False,0.3137325625271815,0.22898968459258237,0.49002326432235854,0.3084435919362361,0.2217096689271851,0.4833574382686258,False,-0.007280015665397266,0.3137325625271815,0.22898968459258237,extension
5745b1ec56705029,latentflow-fusion-identity-audit-all28-five-seed-v1,latentflow_process_preserving_unfreeze2,False,Electricity,10,0.13190486689841882,nan,0.2493747864188243,0.1540307187075337,0.23834673547234084,False,False,0.25770278107895644,0.16636889186059933,0.2827853314408743,0.2493747864188243,0.1540307187075337,0.23834673547234084,False,-0.012338173153065624,0.25770278107895644,0.16636889186059933,extension,False,False,10,ea869b7d10869094795536484e87bdd3f7a9e1db744c7e6a6c21c4429da3429b,2.7358007431030273,0.03735431523930058,6616a98cd27bb9af05d7cb89bd9f38ed755e6725fc612062479d06a1cad50132,0.060669356579395164,96,False,44,False,False,ea869b7d10869094795536484e87bdd3f7a9e1db744c7e6a6c21c4429da3429b,2.7358007431030273,0.03735431523930058,6616a98cd27bb9af05d7cb89bd9f38ed755e6725fc612062479d06a1cad50132,0.060669356579395164,2048,1024,early_fusion_vs_x_to_z,10,0.13189972177349024,nan,0.24756817351086619,0.1536248742462256,0.2284289789402879,False,False,0.25770278107895644,0.16636889186059933,0.2827853314408743,0.24756817351086619,0.1536248742462256,0.2284289789402879,False,-0.012744017614373743,0.25770278107895644,0.16636889186059933,extension
b4fec32664043cd6,latentflow-fusion-identity-audit-all28-five-seed-v1,latentflow_process_preserving_unfreeze2,False,Traffic,10,0.38622752991371717,nan,0.2949554473674518,0.4502779023842273,0.34979413076674015,False,False,0.30739572277259186,0.46082103677292563,0.46661244754368875,0.2949554473674518,0.4502779023842273,0.34979413076674015,False,-0.010543134388698305,0.30739572277259186,0.46082103677292563,extension,False,False,10,31283c813189885f73b4f8cffc02b94f9c72604206c4afd4dc50e807ec2d416d,13.742301940917969,0.06322171294595968,65a7a2f1fa9a9a8e640f2bacf1b132c9a8a29a41c70a6f989ad433e1614b1d11,0.12028263648029126,192,False,44,False,False,31283c813189885f73b4f8cffc02b94f9c72604206c4afd4dc50e807ec2d416d,13.742301940917969,0.06322171294595968,65a7a2f1fa9a9a8e640f2bacf1b132c9a8a29a41c70a6f989ad433e1614b1d11,0.12028263648029126,2048,1024,early_fusion_vs_x_to_z,10,0.3811646080348995,nan,0.2918734562764045,0.44292250826087887,0.34625693658239404,False,False,0.30739572277259186,0.46082103677292563,0.46661244754368875,0.2918734562764045,0.44292250826087887,0.34625693658239404,False,-0.017898528512046763,0.30739572277259186,0.46082103677292563,extension
ab942ccc50974b0e,latentflow-fusion-identity-audit-all28-five-seed-v1,latentflow_process_preserving_unfreeze2,False,Traffic,10,0.3976111141782665,nan,0.29901945188985946,0.4628875489067528,0.3586127264762488,False,False,0.31206508369540015,0.47452687093646717,0.4816912088431711,0.29901945188985946,0.4628875489067528,0.3586127264762488,False,-0.01163932202971435,0.31206508369540015,0.47452687093646717,extension,False,False,10,91950d1663f6450f6352cd2356d8d7a858fd201568a6412e908186cdeb761009,14.438358306884766,0.058146729567787436,0b6f8974c0ce71a81b305152df45c36604f0e3fc0792af47698cb8c8fbf3704c,0.10909645527223871,336,False,44,False,False,91950d1663f6450f6352cd2356d8d7a858fd201568a6412e908186cdeb761009,14.438358306884766,0.058146729567787436,0b6f8974c0ce71a81b305152df45c36604f0e3fc0792af47698cb8c8fbf3704c,0.10909645527223871,2048,1024,early_fusion_vs_x_to_z,10,0.3936439757978781,nan,0.29598305516062956,0.45795705082751764,0.353443419999025,False,False,0.31206508369540015,0.47452687093646717,0.4816912088431711,0.29598305516062956,0.45795705082751764,0.353443419999025,False,-0.01656982010894953,0.31206508369540015,0.47452687093646717,extension
75cb14e2af1b6c93,latentflow-fusion-identity-audit-all28-five-seed-v1,latentflow_process_preserving_unfreeze2,False,Traffic,10,0.4419290041548593,nan,0.315658808257728,0.49071056743075814,0.42270688885046737,False,False,0.32872690371730795,0.5039912666880244,0.5401875948615503,0.315658808257728,0.49071056743075814,0.42270688885046737,False,-0.01328069925726627,0.32872690371730795,0.5039912666880244,extension,False,False,10,2ff9ce9cc1e75a79fec24f60a4e0461c5996e9f6ec2eebea47b2f0f2e689c13d,16.279085159301758,0.062278189920512324,0355aba5ea504b0b78e33c735ddc8ff9a04f9823e798beade84d09efb18e35c3,0.12617773167606364,720,False,44,False,False,2ff9ce9cc1e75a79fec24f60a4e0461c5996e9f6ec2eebea47b2f0f2e689c13d,16.279085159301758,0.062278189920512324,0355aba5ea504b0b78e33c735ddc8ff9a04f9823e798beade84d09efb18e35c3,0.12617773167606364,2048,1024,early_fusion_vs_x_to_z,10,0.4382622292251371,nan,0.31155239347394337,0.48335353069736087,0.4161493019663019,False,False,0.32872690371730795,0.5039912666880244,0.5401875948615503,0.31155239347394337,0.48335353069736087,0.4161493019663019,False,-0.02063773599066354,0.32872690371730795,0.5039912666880244,extension
cabbe06d518bb2c4,latentflow-fusion-identity-audit-all28-five-seed-v1,latentflow_process_preserving_unfreeze2,False,Traffic,10,0.39135836227310783,nan,0.29422866860286173,0.43346210221896675,0.36903466688329967,False,False,0.30655234342666093,0.4496583836624306,0.4659472597509317,0.29422866860286173,0.43346210221896675,0.36903466688329967,False,-0.016196281443463856,0.30655234342666093,0.4496583836624306,extension,False,False,10,97f65e2dc4cbc1e4950795c8dc3fd1ab337861c6e9b5a0dd92cced33e8c7aa6b,12.202381134033203,0.05091222069903424,a23bb6af0d3f0a41db0a198f5f5ddaee94c824c18c2ce700abe6fb783d89ba0e,0.0922594077099573,96,False,44,False,False,97f65e2dc4cbc1e4950795c8dc3fd1ab337861c6e9b5a0dd92cced33e8c7aa6b,12.202381134033203,0.05091222069903424,a23bb6af0d3f0a41db0a198f5f5ddaee94c824c18c2ce700abe6fb783d89ba0e,0.0922594077099573,2048,1024,early_fusion_vs_x_to_z,10,0.3903885506329754,nan,0.2911766300250076,0.43011539834240914,0.36097678083975526,False,False,0.30655234342666093,0.4496583836624306,0.4659472597509317,0.2911766300250076,0.43011539834240914,0.36097678083975526,False,-0.019542985320021466,0.30655234342666093,0.4496583836624306,extension
47e25b26b1b46932,latentflow-fusion-identity-audit-all28-five-seed-v1,latentflow_process_preserving_unfreeze2,False,Weather,3,0.4764091582998397,nan,0.2583028384776833,0.21569367311880894,-0.10360666345839127,False,False,0.2600385955754893,0.21730064049684683,0.3480487661099969,0.2583028384776833,0.21569367311880894,-0.10360666345839127,False,-0.0016069673780378935,0.2600385955754893,0.21730064049684683,extension,False,False,10,41ab3857dc28af27b4ab604f7c10fec7cde44418050f61aac2ad8d9f489e173d,1.0817408561706543,0.021037298602260588,53a362d37db3f997cfadd7bc6d8f0b747638a349d2821b191d36c04f2ee73c45,0.039642834947162635,192,False,44,False,False,41ab3857dc28af27b4ab604f7c10fec7cde44418050f61aac2ad8d9f489e173d,1.0817408561706543,0.021037298602260588,53a362d37db3f997cfadd7bc6d8f0b747638a349d2821b191d36c04f2ee73c45,0.039642834947162635,2048,1024,early_fusion_vs_x_to_z,1,0.47947535167137784,nan,0.2593231465397586,0.216751674125304,0.31983032776164305,False,False,0.2600385955754893,0.21730064049684683,0.3480487661099969,0.2593231465397586,0.216751674125304,0.31983032776164305,False,-0.0005489663715428361,0.2600385955754893,0.21730064049684683,extension
d8f7ac24688bb077,latentflow-fusion-identity-audit-all28-five-seed-v1,latentflow_process_preserving_unfreeze2,False,Weather,3,0.5649595374152774,nan,0.298843413310467,0.2741593578640097,0.04159184787367662,False,False,0.29850318916989743,0.2750726298429799,0.4897128366360998,0.298843413310467,0.2741593578640097,0.04159184787367662,False,-0.0009132719789702315,0.29850318916989743,0.2750726298429799,extension,False,False,10,adfb130efa6ec7c5d42f8762d31730f9852581ad766ba617f1e04f2eed243bfd,0.6853963136672974,0.02017106962846872,af63c5e47291376c34b456ce589d781e4bb6f44079331b9f7ccc58acfe429abb,0.03688266096927041,336,False,44,False,False,adfb130efa6ec7c5d42f8762d31730f9852581ad766ba617f1e04f2eed243bfd,0.6853963136672974,0.02017106962846872,af63c5e47291376c34b456ce589d781e4bb6f44079331b9f7ccc58acfe429abb,0.03688266096927041,2048,1024,early_fusion_vs_x_to_z,3,0.5660440906916075,nan,0.29887537782732365,0.2743366014064485,0.3936031988533994,False,False,0.29850318916989743,0.2750726298429799,0.4897128366360998,0.29887537782732365,0.2743366014064485,0.3936031988533994,False,-0.0007360284365314218,0.29850318916989743,0.2750726298429799,extension
9d5e4bdd4b098be4,latentflow-fusion-identity-audit-all28-five-seed-v1,latentflow_process_preserving_unfreeze2,False,Weather,3,0.6869685490926106,nan,0.35024654371807773,0.35268949306992486,0.20054268038219716,False,False,0.34861569143513804,0.3508948760519777,0.6391158970974696,0.35024654371807773,0.35268949306992486,0.20054268038219716,False,0.0017946170179471421,0.34861569143513804,0.3508948760519777,extension,False,False,10,31503b8796b0c4422a3215b8907cfdd7ce9fa33cc594fed57d9e103a1c07a857,1.0691401958465576,0.019787763643430784,9ca272a2bc11518777fb5ef3a829d6573f6583f7d67b67a31c8658e4a400171b,0.040416126567580084,720,False,44,False,False,31503b8796b0c4422a3215b8907cfdd7ce9fa33cc594fed57d9e103a1c07a857,1.0691401958465576,0.019787763643430784,9ca272a2bc11518777fb5ef3a829d6573f6583f7d67b67a31c8658e4a400171b,0.040416126567580084,2048,1024,early_fusion_vs_x_to_z,1,0.6878154325737524,nan,0.34926855333590484,0.35101066799707825,0.606438158813774,False,False,0.34861569143513804,0.3508948760519777,0.6391158970974696,0.34926855333590484,0.35101066799707825,0.606438158813774,False,0.00011579194510052959,0.34861569143513804,0.3508948760519777,extension
6d0c22539a57460f,latentflow-fusion-identity-audit-all28-five-seed-v1,latentflow_process_preserving_unfreeze2,False,Weather,2,0.4323927579181535,nan,0.21328044642864563,0.16678065468009604,-0.21965995938060184,False,False,0.21463701233574736,0.1676124202927663,0.1408876858493817,0.21328044642864563,0.16678065468009604,-0.21965995938060184,False,-0.00083176561267026,0.21463701233574736,0.1676124202927663,extension,False,False,10,dcbf5bc6208fcf0f9ed9ea9c5ae2b45e9eddb38fb01ea470a2a28f8fb9a359ee,0.5330743193626404,0.008809215181754192,d264bcc632cb77e084188dc07c647c7f4a3841e4b8d80a36a87e0210cd643214,0.016706105108345796,96,False,44,False,False,dcbf5bc6208fcf0f9ed9ea9c5ae2b45e9eddb38fb01ea470a2a28f8fb9a359ee,0.5330743193626404,0.008809215181754192,d264bcc632cb77e084188dc07c647c7f4a3841e4b8d80a36a87e0210cd643214,0.016706105108345796,2048,1024,early_fusion_vs_x_to_z,2,0.4338852372907457,nan,0.21382746299624175,0.1673440770039064,0.0632181270901326,False,False,0.21463701233574736,0.1676124202927663,0.1408876858493817,0.21382746299624175,0.1673440770039064,0.0632181270901326,False,-0.0002683432888598847,0.21463701233574736,0.1676124202927663,extension
de111d4606cd8f76,latentflow-fusion-identity-audit-all28-five-seed-v1,latentflow_process_preserving_unfreeze2,False,ETTh1,2,1.022425535888899,nan,0.4499220684349899,0.47313719365424045,0.8449083716065168,False,False,0.43936014096883713,0.45546616455614775,0.8613999970742166,0.4499220684349899,0.47313719365424045,0.8449083716065168,False,0.017671029098092705,0.43936014096883713,0.45546616455614775,extension,False,False,10,bd3b3b992031836db7094148133dcc98406e2be8c01bbf73dca7aac5b2dbf2f5,1.0501604080200195,0.0540016465972497,77a4fdef768dfb715a5c2a4650b7048203e07d2134f5fc751a02def939e4562c,0.0810759922437699,192,False,45,False,False,bd3b3b992031836db7094148133dcc98406e2be8c01bbf73dca7aac5b2dbf2f5,1.0501604080200195,0.0540016465972497,77a4fdef768dfb715a5c2a4650b7048203e07d2134f5fc751a02def939e4562c,0.0810759922437699,2048,1024,early_fusion_vs_x_to_z,2,1.0172845824133783,nan,0.4479362907336034,0.4721826256682079,0.8445680461305808,False,False,0.43936014096883713,0.45546616455614775,0.8613999970742166,0.4479362907336034,0.4721826256682079,0.8445680461305808,False,0.016716461112060155,0.43936014096883713,0.45546616455614775,extension
3918e6b4a9a4a7cf,latentflow-fusion-identity-audit-all28-five-seed-v1,latentflow_process_preserving_unfreeze2,False,ETTh1,2,1.3222998952379033,134.88349149096757,0.47087400447184263,0.49427590597370996,0.9675168176062683,True,True,0.4569962442296437,0.48986910685960405,0.9114520707158537,0.4569962442296437,0.48986910685960405,0.9114520707158537,nan,nan,nan,nan,reference,False,False,10,75e39f2294f05cae828f2ab0c52076ec083d1a1046bc80b3df25ddbff9aac069,1.9296119213104248,0.11592997461207039,2ba83e55ddcf843854b4f4129ee249cd5990f6e7e0a41b35a1225810912c9a3c,0.16845247219855675,336,False,45,False,False,a82b6a364df577c127e7b8e8cec6475a0d3e9f93e20a1382338c1af00ea195c7,0.41606175899505615,0.031345229971699085,511ffb177c645adb3c2718ae048d23783850fc239c5bdeb301e167dea7cf8a3b,0.047146006787763414,2048,1024,early_fusion_vs_x_to_z,2,1.320070033170739,81.13511518808082,0.4693481256471653,0.49689461815757585,1.0081576409649053,True,True,0.4569962442296437,0.48986910685960405,0.9114520707158537,0.4569962442296437,0.48986910685960405,0.9114520707158537,nan,nan,nan,nan,reference
cb388f7372064f13,latentflow-fusion-identity-audit-all28-five-seed-v1,latentflow_process_preserving_unfreeze2,False,ETTh1,2,1.620757830332196,130.10399756813422,0.4919682268648303,0.5258460162705041,1.065710053627053,True,True,0.48077424157540805,0.4952980946486845,0.9793709183886667,0.48077424157540805,0.4952980946486845,0.9793709183886667,True,0.0,0.48077424157540805,0.4952980946486845,reference,False,False,10,a000b23a0ba0c4ffe50ff2480632405ed1a813cd1209215ac9b0f5b6440f2bf6,2.569671869277954,0.17253866749119262,c45df568a05be432fa640b755d44e1dbd808744d66a6c706e95dff136d3ec053,0.26524456344697767,720,False,45,False,False,8b80dc6096902be3cac41290e950eef7bbfd3e7caa04953704793ce8e6d4c05c,0.40037107467651367,0.025909569338995922,312e1696667b19e41ff26cffb4aff026456a4b104c2509161a84ba251f6f14a7,0.03879907499143804,2048,1024,early_fusion_vs_x_to_z,2,1.661087687810262,78.02872501499951,0.5056157288905395,0.516893710673854,1.2121405160741527,True,True,0.48077424157540805,0.4952980946486845,0.9793709183886667,0.48077424157540805,0.4952980946486845,0.9793709183886667,True,0.0,0.48077424157540805,0.4952980946486845,reference
82c315a98628b49a,latentflow-fusion-identity-audit-all28-five-seed-v1,latentflow_process_preserving_unfreeze2,False,ETTh1,2,0.7619148514100483,nan,0.41629576293731374,0.4029827796914511,0.7648057083895219,False,False,0.4119331443025443,0.3993355176974089,0.7876615743020706,0.41629576293731374,0.4029827796914511,0.7648057083895219,False,0.0036472619940421946,0.4119331443025443,0.3993355176974089,extension,False,False,10,4b676dc4e179d5689551c11c843d7978e05f89901ffc46c03d63bc93bc04696f,0.5570898056030273,0.03021886483979298,264285249ed82ff88f6ec629f2c575003734334cdebf363a495190c79f607012,0.04536128923073294,96,False,45,False,False,4b676dc4e179d5689551c11c843d7978e05f89901ffc46c03d63bc93bc04696f,0.5570898056030273,0.03021886483979298,264285249ed82ff88f6ec629f2c575003734334cdebf363a495190c79f607012,0.04536128923073294,2048,1024,early_fusion_vs_x_to_z,2,0.7630484905980882,nan,0.41643292488293165,0.402515921112084,0.7674757238992455,False,False,0.4119331443025443,0.3993355176974089,0.7876615743020706,0.41643292488293165,0.402515921112084,0.7674757238992455,False,0.003180403414675126,0.4119331443025443,0.3993355176974089,extension
8fe57466d9686330,latentflow-fusion-identity-audit-all28-five-seed-v1,latentflow_process_preserving_unfreeze2,False,ETTh2,1,0.29265065313804717,135.85062981583178,0.41275985549699507,0.40468717766014145,0.7681232450973947,True,True,0.3962504142475208,0.38262124571531453,0.746778183774285,0.3962504142475208,0.38262124571531453,0.746778183774285,True,0.0,0.3962504142475208,0.38262124571531453,reference,False,False,10,320361845cb6f2bc17f6cb436f21d75bb99eecf73b9d710d5e29a3a25f81b52f,2.2981371879577637,0.13354420298699668,2bdcba581df12f00798a6e45b3bf93f3fc1b945b00812679f5bf18507afd61cf,0.2131254827290792,192,False,45,False,False,eb91d223b71c32d2674087368e1e7c35ae4e84b9eaaeb03785ef7771fbdd5ea9,0.22364020347595215,0.012085144394249275,ed1b35e52923b9e487899977e07af06cbfdb14f0a4522eaccacc114e0f9221c6,0.017925962633434468,2048,1024,early_fusion_vs_x_to_z,4,0.28965561216076213,82.05518987961113,0.41113600308431225,0.3957976093139227,0.7178782850847496,True,True,0.3962504142475208,0.38262124571531453,0.746778183774285,0.3962504142475208,0.38262124571531453,0.746778183774285,True,0.0,0.3962504142475208,0.38262124571531453,reference
3b9c4bb3ddafde3f,latentflow-fusion-identity-audit-all28-five-seed-v1,latentflow_process_preserving_unfreeze2,False,ETTh2,5,0.3715270674553047,127.02354835672304,0.4481536420255188,0.4446607243827856,0.8468256245427609,True,True,0.43800290746301246,0.43231183527695677,0.8534525850198592,0.43800290746301246,0.43231183527695677,0.8534525850198592,True,0.0,0.43800290746301246,0.43231183527695677,reference,False,False,10,5b96d41d0be529d120bb2c94d0cd5af5793188d68441c5015121d5644f918daf,3.182216167449951,0.15806620186797687,f87510abe70127e9f1afb5938ed1053b70b21bdfd9621529cc4567691b570570,0.23261014996939736,336,False,45,False,False,57386b79327f89b22ff2fddef52856318fc4d37dd9976ec9b68388ce412c72ae,3.8454484939575195,0.19253952305211994,f87510abe70127e9f1afb5938ed1053b70b21bdfd9621529cc4567691b570570,0.31434966785977697,2048,1024,early_fusion_vs_x_to_z,5,0.35755576061553695,nan,0.4282525351137278,0.42307920084139455,0.7853262091900839,False,False,0.43800290746301246,0.43231183527695677,0.8534525850198592,0.4282525351137278,0.42307920084139455,0.7853262091900839,False,-0.009232634435562215,0.43800290746301246,0.43231183527695677,extension
6d9b8b5374b4f5d0,latentflow-fusion-identity-audit-all28-five-seed-v1,latentflow_process_preserving_unfreeze2,False,ETTh2,3,0.6191003767270891,133.39888034807518,0.46931151128812226,0.4616508462311486,0.9870447280615472,True,True,0.44404134140585694,0.4243852729579089,0.8776367962332801,0.44404134140585694,0.4243852729579089,0.8776367962332801,True,0.0,0.44404134140585694,0.4243852729579089,reference,False,False,10,8814280919a781ce2033e35e333552f964b8f9c9a528af6d9dd21915596fb201,2.060333251953125,0.13777830005596098,ed9af01315f782e61742c2af64dda078a4e65ba522c86e6192c1cf1c03143dca,0.20221800468336618,720,False,45,False,False,4d6f7bd46e2a67222e32ac3d923ad46d4d0353c7773eecbbbac8522c56589749,0.34085893630981445,0.013558146791990125,5603d272971707b77efe8f08361f32384a5c2e29b092c063fb5f458b6d4d7025,0.020608359735451456,2048,1024,early_fusion_vs_x_to_z,7,0.6307323486085922,79.73610719013959,0.4595592958836108,0.4453213868887516,0.9406876768684123,True,True,0.44404134140585694,0.4243852729579089,0.8776367962332801,0.44404134140585694,0.4243852729579089,0.8776367962332801,True,0.0,0.44404134140585694,0.4243852729579089,reference
d1ea798358926a4d,latentflow-fusion-identity-audit-all28-five-seed-v1,latentflow_process_preserving_unfreeze2,False,ETTh2,1,0.22213000742097697,nan,0.34752605247774765,0.29937274882230247,0.5806007756672706,False,False,0.35010995524881683,0.3019044523270933,0.6206100360013852,0.34752605247774765,0.29937274882230247,0.5806007756672706,False,-0.0025317035047908165,0.35010995524881683,0.3019044523270933,extension,False,False,10,6b64aff9632dbea45284172910ec5c21ef03c1dd074056718eaaaee253d0c98f,0.8462220430374146,0.01803437114599567,18fd8cd8f56e991cb813ce1874e19805c3bb8d6d13170fca7c6406747f82e7d1,0.03977460305745258,96,False,45,False,False,6b64aff9632dbea45284172910ec5c21ef03c1dd074056718eaaaee253d0c98f,0.8462220430374146,0.01803437114599567,18fd8cd8f56e991cb813ce1874e19805c3bb8d6d13170fca7c6406747f82e7d1,0.03977460305745258,2048,1024,early_fusion_vs_x_to_z,1,0.22270467895127477,nan,0.3475271860758464,0.2995979832962883,0.5859528520323429,False,False,0.35010995524881683,0.3019044523270933,0.6206100360013852,0.3475271860758464,0.2995979832962883,0.5859528520323429,False,-0.002306469030805003,0.35010995524881683,0.3019044523270933,extension
bd6b0f676ef05015,latentflow-fusion-identity-audit-all28-five-seed-v1,latentflow_process_preserving_unfreeze2,False,ETTm1,10,0.5253557953096571,126.93505336018279,0.42354098252587224,0.42518721641439605,0.7502309343765183,True,True,0.40250063238337175,0.39295605597909256,0.7572856087088637,0.40250063238337175,0.39295605597909256,0.7572856087088637,True,0.0,0.40250063238337175,0.39295605597909256,reference,False,False,10,c57c4ed93467807804895b871ce2129d10b5b4289d8f126713665c75297ede00,3.708364248275757,0.21678503069556712,44657e36e4e95cd4a187abd01d5b46829a43f69057d586b0a174a801457ba868,0.3323370759823131,192,False,45,False,False,dfd8ce48a962b1e7216e82c6f64c23aefcd3e0dfcc4afdc4b51482375e2085cd,0.4321610927581787,0.024543751489090052,0a56913cc72294ab060715d9f51c0999e09172b13a74fa805f032d00600745f9,0.03951083863763283,2048,1024,early_fusion_vs_x_to_z,6,0.521951785577195,76.68098646169528,0.4383566810538289,0.4459639806469122,1.0149551430671568,True,True,0.40250063238337175,0.39295605597909256,0.7572856087088637,0.40250063238337175,0.39295605597909256,0.7572856087088637,True,0.0,0.40250063238337175,0.39295605597909256,reference
fef3b205f5629d3a,latentflow-fusion-identity-audit-all28-five-seed-v1,latentflow_process_preserving_unfreeze2,False,ETTm1,6,0.661359542486619,138.0179140609689,0.4387112478440366,0.4401094009706456,1.1378467042690203,True,True,0.43958715140634486,0.4606223764176206,0.851927985844465,0.43958715140634486,0.4606223764176206,0.851927985844465,True,0.0,0.43958715140634486,0.4606223764176206,reference,False,False,10,7a69e3652a554d28724689b99eaf975ae5f160d9c4e0fdaa8ce50d4285c6c531,3.6401190757751465,0.1685758824382318,3e0c7bef70c50dd3afc3a1783ca8f68b6d6673fbca0ace8206c880ca92853f57,0.25956779333605734,336,False,45,False,False,5e71b58fb31651e72a66a4e20d36d04a2fbf2e3e83a8cfd58eeb3ea86e6a3b65,0.4964715242385864,0.02179474137538928,7811fe87c216e8a85ee5b35752c2a1d4aa5a9317bbc6277ebe48f8b30ff2211f,0.035495963060548544,2048,1024,early_fusion_vs_x_to_z,6,0.662299548890315,81.73031947086565,0.4389885318577653,0.4489798945819789,1.1565929740041188,True,True,0.43958715140634486,0.4606223764176206,0.851927985844465,0.43958715140634486,0.4606223764176206,0.851927985844465,True,0.0,0.43958715140634486,0.4606223764176206,reference
6fcd13e68b05b90d,latentflow-fusion-identity-audit-all28-five-seed-v1,latentflow_process_preserving_unfreeze2,False,ETTm1,5,0.9946414500947982,nan,0.4779956444921136,0.5041245632684106,0.8861322171566012,False,False,0.45882212620774127,0.4826467743064109,0.897495824356298,0.4779956444921136,0.5041245632684106,0.8861322171566012,False,0.0214777889619997,0.45882212620774127,0.4826467743064109,extension,False,False,10,721682b11a47d66b8983d2a063da99c63672e1d45f7afe66f234027c59ebc66e,5.29099702835083,0.24177513787858398,8e12e51ec7ea0895cca34908fd734af7defde2eac0ef1176148aa658c660189f,0.3650945334835038,720,False,45,False,False,721682b11a47d66b8983d2a063da99c63672e1d45f7afe66f234027c59ebc66e,8.031604766845703,0.5415505673887299,22f1312a46241d928b6b951815a8b156e81ed40f0bfcf398079787f463e381bc,0.8719171450598252,2048,1024,early_fusion_vs_x_to_z,10,1.018813041278294,79.12363106198609,0.495425057531198,0.5497395626582878,1.2966706226097413,True,True,0.45882212620774127,0.4826467743064109,0.897495824356298,0.45882212620774127,0.4826467743064109,0.897495824356298,True,0.0,0.45882212620774127,0.4826467743064109,reference
747c485bf45db03f,latentflow-fusion-identity-audit-all28-five-seed-v1,latentflow_process_preserving_unfreeze2,False,ETTm1,3,0.3926019858391512,nan,0.37445085632834596,0.33674564251865435,0.6682547969343365,False,False,0.3806962201733682,0.3441826463617657,0.6996299845019368,0.37445085632834596,0.33674564251865435,0.6682547969343365,False,-0.007437003843111356,0.3806962201733682,0.3441826463617657,extension,False,False,10,892b83fe8687d07b9421a248e23a216356b7598f5995a82d0e568409b7e84a83,0.646439790725708,0.02898308042430369,dc03c02843c9e8cd14cec85cec1064d00a6c13c82c2bda28b1d28709d13a1677,0.046197387363254544,96,False,45,False,False,892b83fe8687d07b9421a248e23a216356b7598f5995a82d0e568409b7e84a83,0.646439790725708,0.02898308042430369,dc03c02843c9e8cd14cec85cec1064d00a6c13c82c2bda28b1d28709d13a1677,0.046197387363254544,2048,1024,early_fusion_vs_x_to_z,3,0.39491601039965946,nan,0.3755089315255632,0.3384636680153468,0.6678154260585293,False,False,0.3806962201733682,0.3441826463617657,0.6996299845019368,0.3755089315255632,0.3384636680153468,0.6678154260585293,False,-0.005718978346418935,0.3806962201733682,0.3441826463617657,extension
6b8988052d22669a,latentflow-fusion-identity-audit-all28-five-seed-v1,latentflow_process_preserving_unfreeze2,False,ETTm2,1,0.16952562580506006,nan,0.302166399438985,0.24268946758821666,0.45549637513998587,False,False,0.30330142306865804,0.2440229780396618,0.48221759675180803,0.302166399438985,0.24268946758821666,0.45549637513998587,False,-0.0013335104514451412,0.30330142306865804,0.2440229780396618,extension,False,False,10,f53ccbd0919c3e2059cb6e8906273ae7db5433b569131b3a92539ad24e523251,0.9593706130981445,0.052513147832575824,e88ce32d8b9acecd7f9f9418c77da06dde5ae7f8abdb2412efb2b404ae65ccf4,0.08389706584038087,192,False,45,False,False,f53ccbd0919c3e2059cb6e8906273ae7db5433b569131b3a92539ad24e523251,0.9593706130981445,0.052513147832575824,e88ce32d8b9acecd7f9f9418c77da06dde5ae7f8abdb2412efb2b404ae65ccf4,0.08389706584038087,2048,1024,early_fusion_vs_x_to_z,2,0.16894309444441682,nan,0.3022934388460783,0.24189172322151742,0.4296483685585492,False,False,0.30330142306865804,0.2440229780396618,0.48221759675180803,0.3022934388460783,0.24189172322151742,0.4296483685585492,False,-0.0021312548181443847,0.30330142306865804,0.2440229780396618,extension
3929317d3f04f222,latentflow-fusion-identity-audit-all28-five-seed-v1,latentflow_process_preserving_unfreeze2,False,ETTm2,2,0.21684902754365182,nan,0.34376740721119414,0.3067680277648408,0.5762499046974487,False,False,0.34664563749960886,0.310168011943214,0.6224925621191625,0.34376740721119414,0.3067680277648408,0.5762499046974487,False,-0.003399984178373172,0.34664563749960886,0.310168011943214,extension,False,False,10,3e816b07bb8638e7a6e5994da76e6c69917a1afdd72a5292bcf1941ea0dd68f3,0.8485888242721558,0.03591288398731997,e0bf5c23982c116fcd9b24974b5516c59ed58e24b94b2b53fae12a93f0a0b8ca,0.05408124512986429,336,False,45,False,False,3e816b07bb8638e7a6e5994da76e6c69917a1afdd72a5292bcf1941ea0dd68f3,0.8485888242721558,0.03591288398731997,e0bf5c23982c116fcd9b24974b5516c59ed58e24b94b2b53fae12a93f0a0b8ca,0.05408124512986429,2048,1024,early_fusion_vs_x_to_z,2,0.2179584094659001,nan,0.34559995791790993,0.30807113897219734,0.5772053435183379,False,False,0.34664563749960886,0.310168011943214,0.6224925621191625,0.34559995791790993,0.30807113897219734,0.5772053435183379,False,-0.002096872971016628,0.34664563749960886,0.310168011943214,extension
43b271fa9385cb09,latentflow-fusion-identity-audit-all28-five-seed-v1,latentflow_process_preserving_unfreeze2,False,ETTm2,1,0.304714116028377,nan,0.40566832762735083,0.4149310988742253,0.7610707079720778,False,False,0.40612095146496446,0.4155853570173753,0.789489027802872,0.40566832762735083,0.4149310988742253,0.7610707079720778,False,-0.0006542581431500105,0.40612095146496446,0.4155853570173753,extension,False,False,10,d428c0fb3e679c0b8bd5ff1fdb7f2edac2010b440cc7dc2431dc7320ce321c13,0.12402035295963287,0.003485190876403258,07781ce24292bdec7f76c4daa1808a860f148229d4f19a956fce0b75ea490790,0.005855148109976374,720,False,45,False,False,d428c0fb3e679c0b8bd5ff1fdb7f2edac2010b440cc7dc2431dc7320ce321c13,0.12402035295963287,0.003485190876403258,07781ce24292bdec7f76c4daa1808a860f148229d4f19a956fce0b75ea490790,0.005855148109976374,2048,1024,early_fusion_vs_x_to_z,1,0.30482245380916295,nan,0.40580580631129815,0.41512392815325627,0.7619934323628449,False,False,0.40612095146496446,0.4155853570173753,0.789489027802872,0.40580580631129815,0.41512392815325627,0.7619934323628449,False,-0.00046142886411904005,0.40612095146496446,0.4155853570173753,extension
3e8a6c65d862679d,latentflow-fusion-identity-audit-all28-five-seed-v1,latentflow_process_preserving_unfreeze2,False,ETTm2,6,0.1269630536525732,nan,0.25700317672979117,0.1746580771877205,-0.2019412259466506,False,False,0.26215322569830907,0.1793267550403356,0.33495129080452596,0.25700317672979117,0.1746580771877205,-0.2019412259466506,False,-0.0046686778526151,0.26215322569830907,0.1793267550403356,extension,False,False,10,2bbf13a61167fbd97f974e2d04440b04a8ac76d5f42ef9ce0f3595cf50f8950a,1.964372158050537,0.06571262357011332,7a774dd71122ea3d1b228b5d2e59ede8bb76f5c7a895d9fb7e93149351a0a268,0.10462495706869007,96,False,45,False,False,2bbf13a61167fbd97f974e2d04440b04a8ac76d5f42ef9ce0f3595cf50f8950a,1.964372158050537,0.06571262357011332,7a774dd71122ea3d1b228b5d2e59ede8bb76f5c7a895d9fb7e93149351a0a268,0.10462495706869007,2048,1024,early_fusion_vs_x_to_z,1,0.12780537961849145,nan,0.26009663677146017,0.17671456822904805,0.31039680831900573,False,False,0.26215322569830907,0.1793267550403356,0.33495129080452596,0.26009663677146017,0.17671456822904805,0.31039680831900573,False,-0.0026121868112875535,0.26215322569830907,0.1793267550403356,extension
6287942b08ee442e,latentflow-fusion-identity-audit-all28-five-seed-v1,latentflow_process_preserving_unfreeze2,False,Electricity,9,0.14477875472848165,nan,0.26236522101633347,0.16881624799036668,0.3021977006054987,False,False,0.2665284614537983,0.17529456341694755,0.3242571568864028,0.26236522101633347,0.16881624799036668,0.3021977006054987,False,-0.006478315426580866,0.2665284614537983,0.17529456341694755,extension,False,False,10,51cf39d1f9aab3568e4b45800e9498c6ba9801f0b3d5254927bb794b6dd99828,2.390225410461426,0.03958506614249704,d04492fb7d6f8636db9aeeeb6c62dc3fe70a2512b8ea2ba53b17d5ce2228676c,0.05832725264494456,192,False,45,False,False,51cf39d1f9aab3568e4b45800e9498c6ba9801f0b3d5254927bb794b6dd99828,2.390225410461426,0.03958506614249704,d04492fb7d6f8636db9aeeeb6c62dc3fe70a2512b8ea2ba53b17d5ce2228676c,0.05832725264494456,2048,1024,early_fusion_vs_x_to_z,9,0.14440041987819216,nan,0.26037351397018194,0.16821391909444158,0.2809455998916288,False,False,0.2665284614537983,0.17529456341694755,0.3242571568864028,0.26037351397018194,0.16821391909444158,0.2809455998916288,False,-0.007080644322505963,0.2665284614537983,0.17529456341694755,extension
ab96c577187a76c5,latentflow-fusion-identity-audit-all28-five-seed-v1,latentflow_process_preserving_unfreeze2,False,Electricity,8,0.1627722542676033,nan,0.2785506892902688,0.185230531654056,0.36337844197857033,False,False,0.2820610529226776,0.19104857623485663,0.3867402526447733,0.2785506892902688,0.185230531654056,0.36337844197857033,False,-0.005818044580800624,0.2820610529226776,0.19104857623485663,extension,False,False,10,8df89df43e99d0663c322749ba49477f315cdf8d4d47973d367ad85fc1c8b9a8,4.276454448699951,0.04898208748114664,1e2dfa45f68947d4c13faf69c1da1f3cf990b9bbff4614e1fc9e242e828d8c73,0.0733428862849882,336,False,45,False,False,8df89df43e99d0663c322749ba49477f315cdf8d4d47973d367ad85fc1c8b9a8,4.276454448699951,0.04898208748114664,1e2dfa45f68947d4c13faf69c1da1f3cf990b9bbff4614e1fc9e242e828d8c73,0.0733428862849882,2048,1024,early_fusion_vs_x_to_z,9,0.16119421007654078,nan,0.27700357148497834,0.18472888083552266,0.347832562964805,False,False,0.2820610529226776,0.19104857623485663,0.3867402526447733,0.27700357148497834,0.18472888083552266,0.347832562964805,False,-0.006319695399333969,0.2820610529226776,0.19104857623485663,extension
8953be1226b83695,latentflow-fusion-identity-audit-all28-five-seed-v1,latentflow_process_preserving_unfreeze2,False,Electricity,9,0.19905123078480605,nan,0.3118091482195687,0.2239215637887649,0.5224847256573134,False,False,0.32463368513362695,0.24211678077606394,0.5242791518670673,0.3118091482195687,0.2239215637887649,0.5224847256573134,False,-0.018195216987299034,0.32463368513362695,0.24211678077606394,extension,False,False,10,f1f93b556e69ac725ba0de741afc0ae95ba1411e84ffec6a807a6e3ceafb41f6,4.044816970825195,0.10484490791753624,277d6865f9ff5af662094ac5ce70d0d8851ed6400cb968b8b80944af725c3a3b,0.15990922678651304,720,False,45,False,False,f1f93b556e69ac725ba0de741afc0ae95ba1411e84ffec6a807a6e3ceafb41f6,4.044816970825195,0.10484490791753624,277d6865f9ff5af662094ac5ce70d0d8851ed6400cb968b8b80944af725c3a3b,0.15990922678651304,2048,1024,early_fusion_vs_x_to_z,7,0.20153574106725453,nan,0.31195015018514766,0.22514813776876558,0.48666737281932404,False,False,0.32463368513362695,0.24211678077606394,0.5242791518670673,0.31195015018514766,0.22514813776876558,0.48666737281932404,False,-0.016968643007298362,0.32463368513362695,0.24211678077606394,extension
a4257abceafccf2a,latentflow-fusion-identity-audit-all28-five-seed-v1,latentflow_process_preserving_unfreeze2,False,Electricity,10,0.134060627636756,nan,0.2515580307729658,0.1557202782396755,0.2576248762157238,False,False,0.25727565885079723,0.16459865282916966,0.2813616220765241,0.2515580307729658,0.1557202782396755,0.2576248762157238,False,-0.00887837458949417,0.25727565885079723,0.16459865282916966,extension,False,False,10,55af292947a89b5867ac0456ac42b0a34622068a875dbbfb8c6b532aae4bb725,2.767563819885254,0.03542347121606096,2cb36d25c89a2aec4c6dc5c87a6895f549cb58ec0725764d54aba3389c7a669d,0.05641833887077752,96,False,45,False,False,55af292947a89b5867ac0456ac42b0a34622068a875dbbfb8c6b532aae4bb725,2.767563819885254,0.03542347121606096,2cb36d25c89a2aec4c6dc5c87a6895f549cb58ec0725764d54aba3389c7a669d,0.05641833887077752,2048,1024,early_fusion_vs_x_to_z,10,0.13288671551958917,nan,0.24854540987500714,0.15443425547609813,0.22764526136558,False,False,0.25727565885079723,0.16459865282916966,0.2813616220765241,0.24854540987500714,0.15443425547609813,0.22764526136558,False,-0.010164397353071536,0.25727565885079723,0.16459865282916966,extension
6e361c64b58f4c14,latentflow-fusion-identity-audit-all28-five-seed-v1,latentflow_process_preserving_unfreeze2,False,Traffic,8,0.38697379011565736,nan,0.29917642694857827,0.4525569049733878,0.3646800609624828,False,False,0.30840479394333203,0.4627301891851882,0.4740580128739849,0.29917642694857827,0.4525569049733878,0.3646800609624828,False,-0.010173284211800415,0.30840479394333203,0.4627301891851882,extension,False,False,10,411ed869e27bccbf1e842072562f4cc6571b169858ac07fe053f2e0d07ae3943,10.572425842285156,0.06799436343990746,0b406e20506fe1673b67d02d41d19370e5718d0704e71fa2f6de6852276aca25,0.11670685701156759,192,False,45,False,False,411ed869e27bccbf1e842072562f4cc6571b169858ac07fe053f2e0d07ae3943,10.572425842285156,0.06799436343990746,0b406e20506fe1673b67d02d41d19370e5718d0704e71fa2f6de6852276aca25,0.11670685701156759,2048,1024,early_fusion_vs_x_to_z,10,0.38478463948095665,nan,0.2933301902456593,0.4484728859795897,0.3489601474797449,False,False,0.30840479394333203,0.4627301891851882,0.4740580128739849,0.2933301902456593,0.4484728859795897,0.3489601474797449,False,-0.014257303205598537,0.30840479394333203,0.4627301891851882,extension
99d589673eddae46,latentflow-fusion-identity-audit-all28-five-seed-v1,latentflow_process_preserving_unfreeze2,False,Traffic,7,0.40114729302507146,nan,0.30521791190825265,0.46878124427049217,0.38106207198045383,False,False,0.3113033041670799,0.48136893085398835,0.4759349895086814,0.30521791190825265,0.46878124427049217,0.38106207198045383,False,-0.012587686583496183,0.3113033041670799,0.48136893085398835,extension,False,False,10,3f0818b9c4ddfcc9c5d34c6a3291674f0ac07da371c667436d057e638df77d26,19.052772521972656,0.07328577784855575,65468e115e20dfdf812f33599289c7358863a29fd1f566d2501e343badc0bd38,0.13237207798810888,336,False,45,False,False,3f0818b9c4ddfcc9c5d34c6a3291674f0ac07da371c667436d057e638df77d26,19.052772521972656,0.07328577784855575,65468e115e20dfdf812f33599289c7358863a29fd1f566d2501e343badc0bd38,0.13237207798810888,2048,1024,early_fusion_vs_x_to_z,9,0.397767149352353,nan,0.30073126072362694,0.46208779480526796,0.37269952368548537,False,False,0.3113033041670799,0.48136893085398835,0.4759349895086814,0.30073126072362694,0.46208779480526796,0.37269952368548537,False,-0.019281136048720393,0.3113033041670799,0.48136893085398835,extension
d6426afccc5be38e,latentflow-fusion-identity-audit-all28-five-seed-v1,latentflow_process_preserving_unfreeze2,False,Traffic,10,0.4428718749811183,nan,0.3163148069698098,0.4939292711617296,0.4258141675460129,False,False,0.32861205325498655,0.5060871590050963,0.5372579189365118,0.3163148069698098,0.4939292711617296,0.4258141675460129,False,-0.012157887843366688,0.32861205325498655,0.5060871590050963,extension,False,False,10,0a841ba1e03313baf81ddc85c8261238e577a861318647328fea301bfae089ec,17.44634246826172,0.07246013456805916,3813e54b74d2f25efeee9c34196ca478d66d7157c92d6d4853b39a23a29edaba,0.13223551822202256,720,False,45,False,False,0a841ba1e03313baf81ddc85c8261238e577a861318647328fea301bfae089ec,17.44634246826172,0.07246013456805916,3813e54b74d2f25efeee9c34196ca478d66d7157c92d6d4853b39a23a29edaba,0.13223551822202256,2048,1024,early_fusion_vs_x_to_z,9,0.4401108956392293,nan,0.31257145818415943,0.48636470825927747,0.42057596148662096,False,False,0.32861205325498655,0.5060871590050963,0.5372579189365118,0.31257145818415943,0.48636470825927747,0.42057596148662096,False,-0.019722450745818798,0.32861205325498655,0.5060871590050963,extension
dd578d4d8bbae179,latentflow-fusion-identity-audit-all28-five-seed-v1,latentflow_process_preserving_unfreeze2,False,Traffic,10,0.3935839490934757,nan,0.2956603929609589,0.4376154009051256,0.3768311419258355,False,False,0.3135031868017734,0.45799241917177924,0.4937858789330171,0.2956603929609589,0.4376154009051256,0.3768311419258355,False,-0.020377018266653668,0.3135031868017734,0.45799241917177924,extension,False,False,10,a52c98a6e1febb4ad9393bfc2a2cd0aecaf17851bb347f39ce8ca8c3fd3be29f,17.049270629882812,0.07844130431264691,8b8876683d8f3c3299f7d36ed7f58ba4fb751b385d0069c57b96a84be1c9211c,0.14054010211611445,96,False,45,False,False,a52c98a6e1febb4ad9393bfc2a2cd0aecaf17851bb347f39ce8ca8c3fd3be29f,17.049270629882812,0.07844130431264691,8b8876683d8f3c3299f7d36ed7f58ba4fb751b385d0069c57b96a84be1c9211c,0.14054010211611445,2048,1024,early_fusion_vs_x_to_z,9,0.39387803158830137,nan,0.29485485015060964,0.43507246031293806,0.3798134700401985,False,False,0.3135031868017734,0.45799241917177924,0.4937858789330171,0.29485485015060964,0.43507246031293806,0.3798134700401985,False,-0.022919958858841183,0.3135031868017734,0.45799241917177924,extension
fd1972129390ff78,latentflow-fusion-identity-audit-all28-five-seed-v1,latentflow_process_preserving_unfreeze2,False,Weather,6,0.48485224244613495,nan,0.25848836597644326,0.21713294510334633,0.1738837010019758,False,False,0.25972269854933,0.21939001848127834,0.37529311884194255,0.25848836597644326,0.21713294510334633,0.1738837010019758,False,-0.0022570733779320173,0.25972269854933,0.21939001848127834,extension,False,False,10,f73a41450162a03925f828f435c7ae389859837d34c317c2fb0afd60e0d23b5d,1.3422343730926514,0.02887084379009048,7df7068e2c26daac86dfba273497599e57495e5ddee9b1fd2d5a4eb5ebafbd6f,0.05307597545217159,192,False,45,False,False,f73a41450162a03925f828f435c7ae389859837d34c317c2fb0afd60e0d23b5d,1.3422343730926514,0.02887084379009048,7df7068e2c26daac86dfba273497599e57495e5ddee9b1fd2d5a4eb5ebafbd6f,0.05307597545217159,2048,1024,early_fusion_vs_x_to_z,3,0.4858831524375885,nan,0.25935788280081473,0.21827681590852085,0.24750859472927267,False,False,0.25972269854933,0.21939001848127834,0.37529311884194255,0.25935788280081473,0.21827681590852085,0.24750859472927267,False,-0.001113202572757488,0.25972269854933,0.21939001848127834,extension
4ec7d988a02c80c7,latentflow-fusion-identity-audit-all28-five-seed-v1,latentflow_process_preserving_unfreeze2,False,Weather,4,0.5614855075909707,nan,0.3011118838714238,0.276570510794328,0.06956422883074499,False,False,0.30122201465247034,0.27820171240198194,0.5084424113538089,0.3011118838714238,0.276570510794328,0.06956422883074499,False,-0.0016312016076539537,0.30122201465247034,0.27820171240198194,extension,False,False,10,62c94c401a0ee5e717b3aa7ee3ae9cbaa24be7f9e4c70d4efb8877dea6904e18,0.8425867557525635,0.015278856397508183,1331d5af6b6b973412c661ddd4cc063e42f64d5c14f0aaea60d7f044952acec1,0.029178172467788973,336,False,45,False,False,62c94c401a0ee5e717b3aa7ee3ae9cbaa24be7f9e4c70d4efb8877dea6904e18,0.8425867557525635,0.015278856397508183,1331d5af6b6b973412c661ddd4cc063e42f64d5c14f0aaea60d7f044952acec1,0.029178172467788973,2048,1024,early_fusion_vs_x_to_z,4,0.5620949453507421,nan,0.3013786407335319,0.2772847781413974,0.36720584487247737,False,False,0.30122201465247034,0.27820171240198194,0.5084424113538089,0.3013786407335319,0.2772847781413974,0.36720584487247737,False,-0.0009169342605845343,0.30122201465247034,0.27820171240198194,extension
88fea290e77405eb,latentflow-fusion-identity-audit-all28-five-seed-v1,latentflow_process_preserving_unfreeze2,False,Weather,5,0.6821852578057184,nan,0.34850245343407915,0.3501224918244749,0.12406395563462982,False,False,0.34876944269920834,0.3508158971610765,0.6446390249993527,0.34850245343407915,0.3501224918244749,0.12406395563462982,False,-0.0006934053366015602,0.34876944269920834,0.3508158971610765,extension,False,False,10,a8dab45f7402e90d9764e9e3bc7bfc588141b0b1ad162db5c2c80df3bec4adf1,1.3629226684570312,0.032587647534471915,f676ce86613de1010cef9df51d6e2a0791d72f323791279a27586a9b28f59c42,0.059130352843736904,720,False,45,False,False,a8dab45f7402e90d9764e9e3bc7bfc588141b0b1ad162db5c2c80df3bec4adf1,1.3629226684570312,0.032587647534471915,f676ce86613de1010cef9df51d6e2a0791d72f323791279a27586a9b28f59c42,0.059130352843736904,2048,1024,early_fusion_vs_x_to_z,4,0.6861901666752245,nan,0.3493795064361226,0.3514817886576591,0.315163450371639,False,False,0.34876944269920834,0.3508158971610765,0.6446390249993527,0.3493795064361226,0.3514817886576591,0.315163450371639,False,0.0006658914965826379,0.34876944269920834,0.3508158971610765,extension
c50a02d01fb5afb5,latentflow-fusion-identity-audit-all28-five-seed-v1,latentflow_process_preserving_unfreeze2,False,Weather,5,0.4296366245973678,nan,0.212916325625363,0.1658982224764308,-0.00300348975168262,False,False,0.21526523111739862,0.16898268626653212,0.1634988431704207,0.212916325625363,0.1658982224764308,-0.00300348975168262,False,-0.003084463790101327,0.21526523111739862,0.16898268626653212,extension,False,False,10,0c5378beb87c50cc1e24e7dcdb63ce6dab7bd4d905c70849e7597e3d0e823abd,1.801116943359375,0.03285436721665874,dc957f9485bd2d2c951d5885863732536f7de45bbfef599da2ecb8e5d3aecc96,0.06181637123177332,96,False,45,False,False,0c5378beb87c50cc1e24e7dcdb63ce6dab7bd4d905c70849e7597e3d0e823abd,1.801116943359375,0.03285436721665874,dc957f9485bd2d2c951d5885863732536f7de45bbfef599da2ecb8e5d3aecc96,0.06181637123177332,2048,1024,early_fusion_vs_x_to_z,6,0.42887722405176315,nan,0.21212465333689687,0.1659228268332142,-0.03126871403317422,False,False,0.21526523111739862,0.16898268626653212,0.1634988431704207,0.21212465333689687,0.1659228268332142,-0.03126871403317422,False,-0.003059859433317935,0.21526523111739862,0.16898268626653212,extension
0167804789de7a8a,latentflow-fusion-identity-audit-all28-five-seed-v1,latentflow_process_preserving_unfreeze2,False,ETTh1,3,1.048861940347013,125.995306792669,0.4489787005532062,0.46108704352657925,0.8733356585507944,True,True,0.43696133683285093,0.44908814311257633,0.8561239444708549,0.43696133683285093,0.44908814311257633,0.8561239444708549,nan,nan,nan,nan,reference,False,False,10,cb838276270c6b1412581aa8e208f89173ca194d3fd04e0052ce32c9015849c7,1.46437406539917,0.11021680794025919,a0dcb7917963d3933408f1c8aec32a0cd6a52fb83eafe3389ad65b071947b22f,0.15923345621737328,192,False,46,False,False,5a29d7a8aa42b18dae415555519275b7c6348b1ea395d051ea92f335c40e53d4,0.3793558180332184,0.024193302504733435,f9be4dd4e583b88c3b9ff9c3d1ce709a008a792d867197cd259281c2465a11d6,0.03662228040417994,2048,1024,early_fusion_vs_x_to_z,3,1.047247122795809,76.19511676486582,0.44787241951554463,0.4575549211988294,0.885283996798195,True,True,0.43696133683285093,0.44908814311257633,0.8561239444708549,0.43696133683285093,0.44908814311257633,0.8561239444708549,nan,nan,nan,nan,reference
2309d21030fb8272,latentflow-fusion-identity-audit-all28-five-seed-v1,latentflow_process_preserving_unfreeze2,False,ETTh1,1,1.2883782577352458,nan,0.45413973127296564,0.4821135051777207,0.8889180775475642,False,False,0.4549913390898745,0.48266760462079833,0.9052391761412555,0.45413973127296564,0.4821135051777207,0.8889180775475642,False,-0.0005540994430776047,0.4549913390898745,0.48266760462079833,extension,False,False,10,8031beb5bb6e8ceb05a0ad6fa7bd69f95fac0ffb32b2eaefd13e071591d45248,0.5674467086791992,0.02605763113093244,5d1dd2f7b3f678467998f4fe10546d4d42ef1e9f0407de1bce28c58ed33b2fe1,0.041062079360546566,336,False,46,False,False,8031beb5bb6e8ceb05a0ad6fa7bd69f95fac0ffb32b2eaefd13e071591d45248,0.5674467086791992,0.02605763113093244,5d1dd2f7b3f678467998f4fe10546d4d42ef1e9f0407de1bce28c58ed33b2fe1,0.041062079360546566,2048,1024,early_fusion_vs_x_to_z,1,1.286507216440577,nan,0.4531445011211159,0.47898674695931487,0.8887453339188881,False,False,0.4549913390898745,0.48266760462079833,0.9052391761412555,0.4531445011211159,0.47898674695931487,0.8887453339188881,False,-0.003680857661483461,0.4549913390898745,0.48266760462079833,extension
ec3137fed001ff5e,latentflow-fusion-identity-audit-all28-five-seed-v1,latentflow_process_preserving_unfreeze2,False,ETTh1,2,1.6252425458696154,130.6434844932519,0.48968423848833637,0.49885489232075547,1.0166952645320795,True,True,0.48477995297188375,0.5024117612303217,0.987789223228324,0.48477995297188375,0.5024117612303217,0.987789223228324,True,0.0,0.48477995297188375,0.5024117612303217,reference,False,False,10,05eb440653ab2e4b935726cd7a2933e99528802e9e1901265f1ca1e050c04cdf,3.2438840866088867,0.18437246645660962,fa19be49d4fc707aee2180d52df3f9427193777a5f0c0bd33199cba69135af11,0.2751183675178114,720,False,46,False,False,188031955d6042c4d98b0b62d6ceff377264cad0ccffdeb28ab5d7a7cf1ad761,0.37609922885894775,0.02608608299952316,aeec970365f4dd8f167be6905f7120103213588ef173160b90757f10f003d03d,0.03907831395814969,2048,1024,early_fusion_vs_x_to_z,4,1.6265411831083751,79.13079798128456,0.5123846752820478,0.556310834332864,1.0336147280326324,True,True,0.48477995297188375,0.5024117612303217,0.987789223228324,0.48477995297188375,0.5024117612303217,0.987789223228324,True,0.0,0.48477995297188375,0.5024117612303217,reference
f6aa6d6f839300c2,latentflow-fusion-identity-audit-all28-five-seed-v1,latentflow_process_preserving_unfreeze2,False,ETTh1,3,0.7615369678962798,nan,0.413688174066171,0.3999408151855364,0.7595718118403929,False,False,0.4071548060371273,0.39336411556933,0.7774477286441536,0.413688174066171,0.3999408151855364,0.7595718118403929,False,0.006576699616206438,0.4071548060371273,0.39336411556933,extension,False,False,10,1110eaf31986b4d90d94d6a37b8ca76dcc668bf357c99d9e50ace8063594a674,0.5558305382728577,0.037324593375841014,2b104958b19c1aceaa9488eb5d5a20c2ef3fc5b0d63dc9534801747c8cc3e590,0.05570356756291576,96,False,46,False,False,1110eaf31986b4d90d94d6a37b8ca76dcc668bf357c99d9e50ace8063594a674,0.5558305382728577,0.037324593375841014,2b104958b19c1aceaa9488eb5d5a20c2ef3fc5b0d63dc9534801747c8cc3e590,0.05570356756291576,2048,1024,early_fusion_vs_x_to_z,3,0.7623415323240417,nan,0.4162800028271743,0.403364415236841,0.7620675797950429,False,False,0.4071548060371273,0.39336411556933,0.7774477286441536,0.4162800028271743,0.403364415236841,0.7620675797950429,False,0.010000299667511037,0.4071548060371273,0.39336411556933,extension
ed7c7d49e22bd74d,latentflow-fusion-identity-audit-all28-five-seed-v1,latentflow_process_preserving_unfreeze2,False,ETTh2,3,0.28348700808627264,130.6851194901392,0.41456332375019556,0.39881712831046845,0.7199523971177424,True,True,0.4010127329049908,0.38344777443369743,0.7624845855428455,0.4010127329049908,0.38344777443369743,0.7624845855428455,nan,nan,nan,nan,reference,False,False,10,abcbf29d70c8b9c1d4ccb5eeadb652ece43c38d37d99d0c083f811c85579cad1,1.948317289352417,0.1327163512023485,daf184b1b78a5d509b6e69856b293492deabcff781467ce5579be709705bbb1e,0.19766480643735776,192,False,46,False,False,c84453d1fdd2a04f217ba2673b800e7af5ac86df94a860262ba0ebc3d4e25b0c,0.26282525062561035,0.016380391253472848,a55a79917f557c3e791d1abde616266f5145f791b6c65b87f1d0d22303b19152,0.024369736122093266,2048,1024,early_fusion_vs_x_to_z,2,0.2770482298164141,77.66676297504455,0.4081418609375947,0.3961160570247437,0.7427380206461687,True,True,0.4010127329049908,0.38344777443369743,0.7624845855428455,0.4010127329049908,0.38344777443369743,0.7624845855428455,nan,nan,nan,nan,reference
ca87690d726a1a07,latentflow-fusion-identity-audit-all28-five-seed-v1,latentflow_process_preserving_unfreeze2,False,ETTh2,5,0.3756352715751752,123.51345829712227,0.4486798131513549,0.4471702847626649,0.8420882049384426,True,True,0.42783686345478456,0.41502608460654644,0.8365592612733073,0.42783686345478456,0.41502608460654644,0.8365592612733073,True,0.0,0.42783686345478456,0.41502608460654644,reference,False,False,10,3eba433757e730aa859b44fb14a1a7198c2e0928e25e1b1c81baf0d0eda63a12,2.412850856781006,0.15231945076164718,ac2963a6f8e6d0e4f769ecc10f72dc8720c6becf1412ab4d2d006c4c88135e8c,0.2290212445573699,336,False,46,False,False,4c7dfb128404b4eb929c71561dc4ebefa485756e26e5268c8436d39464ec3b5b,3.055426836013794,0.19104657734235156,ac2963a6f8e6d0e4f769ecc10f72dc8720c6becf1412ab4d2d006c4c88135e8c,0.3103360144877211,2048,1024,early_fusion_vs_x_to_z,2,0.3567296580797961,nan,0.429034796819387,0.4148687239368634,0.8071035249294138,False,False,0.42783686345478456,0.41502608460654644,0.8365592612733073,0.429034796819387,0.4148687239368634,0.8071035249294138,False,-0.00015736066968302653,0.42783686345478456,0.41502608460654644,extension
87ef21d88184db83,latentflow-fusion-identity-audit-all28-five-seed-v1,latentflow_process_preserving_unfreeze2,False,ETTh2,5,0.6105460969228593,nan,0.45474120267054335,0.44294057209613985,0.8634673833626391,False,False,0.45505043959425506,0.4425535165026244,0.9018835325805967,0.45474120267054335,0.44294057209613985,0.8634673833626391,False,0.0003870555935154285,0.45505043959425506,0.4425535165026244,extension,False,False,10,56c7e1260b40e4af77cfdc121fe9732c14d23cc5ef1c56e461f84705d44b2a0c,2.0418925285339355,0.11703775991043108,8bd3099008ff5f53c52f1fce6e3916adf6ad459de40d425b8a08e572b78929a4,0.17763521491691206,720,False,46,False,False,56c7e1260b40e4af77cfdc121fe9732c14d23cc5ef1c56e461f84705d44b2a0c,2.0418925285339355,0.11703775991043108,8bd3099008ff5f53c52f1fce6e3916adf6ad459de40d425b8a08e572b78929a4,0.17763521491691206,2048,1024,early_fusion_vs_x_to_z,2,0.6224017374099247,nan,0.4529142605698259,0.43530945654500947,0.8902458200737151,False,False,0.45505043959425506,0.4425535165026244,0.9018835325805967,0.4529142605698259,0.43530945654500947,0.8902458200737151,False,-0.007244059957614957,0.45505043959425506,0.4425535165026244,extension
e891077338d30253,latentflow-fusion-identity-audit-all28-five-seed-v1,latentflow_process_preserving_unfreeze2,False,ETTh2,3,0.22659177838691644,122.72771325800568,0.3480024969474856,0.29662298952767796,0.5255498713763561,True,True,0.3458137481632707,0.298961461420965,0.6076124989740297,0.3458137481632707,0.298961461420965,0.6076124989740297,True,0.0,0.3458137481632707,0.298961461420965,reference,False,False,10,9d9fda50de7df3fe0c8bf559991795ab0f3f9f2bdc8af0124194f733432730e5,2.843299150466919,0.14044190838381532,d7f64aff01b30232155c48af1fb0c4fc0edf611307f12fe8179e7fe2e7073a91,0.21411210397768088,96,False,46,False,False,59d5df3b47144e83327ef0cd42e2145d7963fc30bfed683bc8b788e965d213f0,0.254680871963501,0.015762219409000362,2689dfceb5a42ea4ef9a3b6b29df8105f4c3116f079d5ad68d1c2e80887fec41,0.023559136489081135,2048,1024,early_fusion_vs_x_to_z,2,0.24612340845522426,74.01579791819677,0.3708351949509305,0.3255653688395401,0.6408666813073938,True,True,0.3458137481632707,0.298961461420965,0.6076124989740297,0.3458137481632707,0.298961461420965,0.6076124989740297,True,0.0,0.3458137481632707,0.298961461420965,reference
9fd02c7223fc9344,latentflow-fusion-identity-audit-all28-five-seed-v1,latentflow_process_preserving_unfreeze2,False,ETTm1,1,0.5140525716401282,nan,0.4026407252019085,0.393211360136241,0.7504028093310823,False,False,0.4032480942658258,0.39587090706678846,0.7634951309131202,0.4026407252019085,0.393211360136241,0.7504028093310823,False,-0.002659546930547485,0.4032480942658258,0.39587090706678846,extension,False,False,10,2fa385811846dce7fe2e93a4f1707e0356b02bbf531ac7aaea47bb27677464b6,3.308523654937744,0.1718471152207479,3923d23bb7c5b0a073b77b84fc16501e911a68e9b0e391fdcbf5eecacbe595e0,0.2675354649716016,192,False,46,False,False,2fa385811846dce7fe2e93a4f1707e0356b02bbf531ac7aaea47bb27677464b6,6.217040061950684,0.3887723238935417,655cde2a2b01f14debb0cd98ace14bfe04601b5a73099977a087cf42dbd21897,0.6587830324570896,2048,1024,early_fusion_vs_x_to_z,5,0.5222195062254157,77.65397512819618,0.40957555857499167,0.3943098226687966,1.0642197079655984,True,True,0.4032480942658258,0.39587090706678846,0.7634951309131202,0.4032480942658258,0.39587090706678846,0.7634951309131202,True,0.0,0.4032480942658258,0.39587090706678846,reference
f7adaf363c855d37,latentflow-fusion-identity-audit-all28-five-seed-v1,latentflow_process_preserving_unfreeze2,False,ETTm1,2,0.6595830313202475,nan,0.42075776808975424,0.41582612581748307,0.8000914265014893,False,False,0.42341318073679707,0.42376814818068975,0.8109329993563887,0.42075776808975424,0.41582612581748307,0.8000914265014893,False,-0.00794202236320668,0.42341318073679707,0.42376814818068975,extension,False,False,10,c7a6f39927df878a39620228f2357b4bfd30b630957c21ca5a936c0f7e03a8d8,0.9728569388389587,0.027406629931438137,0d566695cde524677755ce0fd3045ae061aba98d270470835accdfb4590cf8de,0.04442081003561136,336,False,46,False,False,c7a6f39927df878a39620228f2357b4bfd30b630957c21ca5a936c0f7e03a8d8,0.9728569388389587,0.027406629931438137,0d566695cde524677755ce0fd3045ae061aba98d270470835accdfb4590cf8de,0.04442081003561136,2048,1024,early_fusion_vs_x_to_z,2,0.6600306988978872,nan,0.42087055651166455,0.41624904585226713,0.7976522685802564,False,False,0.42341318073679707,0.42376814818068975,0.8109329993563887,0.42087055651166455,0.41624904585226713,0.7976522685802564,False,-0.007519102328422622,0.42341318073679707,0.42376814818068975,extension
f69492b5109aa6d5,latentflow-fusion-identity-audit-all28-five-seed-v1,latentflow_process_preserving_unfreeze2,False,ETTm1,2,0.9964766769182114,nan,0.46295840149030276,0.49483123712517824,0.8974110347376346,False,False,0.46232926631704946,0.4863695690212721,0.9044023308750877,0.46295840149030276,0.49483123712517824,0.8974110347376346,False,0.00846166810390614,0.46232926631704946,0.4863695690212721,extension,False,False,10,6b77d12eec263dfd7f86aae3b088a78f64013eb7f414b41dff671f699508b439,1.4025979042053223,0.04648595990012367,51f30e4bfb76dbbc81add2cdffe6287771125b8ace75065543f49cce4fd8271b,0.07594747260014782,720,False,46,False,False,6b77d12eec263dfd7f86aae3b088a78f64013eb7f414b41dff671f699508b439,1.4025979042053223,0.04648595990012367,51f30e4bfb76dbbc81add2cdffe6287771125b8ace75065543f49cce4fd8271b,0.07594747260014782,2048,1024,early_fusion_vs_x_to_z,1,0.9984704528536116,nan,0.45910770943232365,0.4846872052339472,0.8988301938810279,False,False,0.46232926631704946,0.4863695690212721,0.9044023308750877,0.45910770943232365,0.4846872052339472,0.8988301938810279,False,-0.001682363787324892,0.46232926631704946,0.4863695690212721,extension
9524cda34393df9e,latentflow-fusion-identity-audit-all28-five-seed-v1,latentflow_process_preserving_unfreeze2,False,ETTm1,1,0.39491384139373187,nan,0.37107611931151646,0.33211215314957526,0.6740178550359196,False,False,0.37149360342722354,0.33439381997312273,0.6869693043951915,0.37107611931151646,0.33211215314957526,0.6740178550359196,False,-0.002281666823547468,0.37149360342722354,0.33439381997312273,extension,False,False,10,592477473656bd7881ffcef251670863f60cc5ec1944d1004669cce726eb38ad,0.38428378105163574,0.012748449388972216,89f815d5f527b234abd6568a6aeb40b32e9fd3727da4de3b66c0d10144b9cc6f,0.01982598769291648,96,False,46,False,False,592477473656bd7881ffcef251670863f60cc5ec1944d1004669cce726eb38ad,0.38428378105163574,0.012748449388972216,89f815d5f527b234abd6568a6aeb40b32e9fd3727da4de3b66c0d10144b9cc6f,0.01982598769291648,2048,1024,early_fusion_vs_x_to_z,1,0.395753921320041,nan,0.37220083227353357,0.3335578177925993,0.6753415956512844,False,False,0.37149360342722354,0.33439381997312273,0.6869693043951915,0.37220083227353357,0.3335578177925993,0.6753415956512844,False,-0.0008360021805234319,0.37149360342722354,0.33439381997312273,extension
2af2200c93f78a06,latentflow-fusion-identity-audit-all28-five-seed-v1,latentflow_process_preserving_unfreeze2,False,ETTm2,1,0.16906310387310527,nan,0.30122310912862293,0.23997719947612398,0.44492341941018265,False,False,0.300782304084927,0.24018694105602445,0.47497898222661056,0.30122310912862293,0.23997719947612398,0.44492341941018265,False,-0.00020974157990047426,0.300782304084927,0.24018694105602445,extension,False,False,10,a76cdf56d11b6c9d3e302dc0f17b834c66da6fdf9dff6963f6873d57be276859,2.23239803314209,0.08947450453636492,3681be2cb4c6ff598dc5061d95f9e6aa925deb6fe96a1d8973fd651bdda85611,0.13829589921191549,192,False,46,False,False,a76cdf56d11b6c9d3e302dc0f17b834c66da6fdf9dff6963f6873d57be276859,2.504533290863037,0.13720561982221954,9e5fcffe01fae8382447a956b8ed1f71b8ac6a9d34e4e00bd8dd7e6afa5f42b5,0.20440201153531767,2048,1024,early_fusion_vs_x_to_z,2,0.17165997668745972,76.29770469083451,0.3052964136171367,0.2460294037548615,0.5086664445825881,True,True,0.300782304084927,0.24018694105602445,0.47497898222661056,0.300782304084927,0.24018694105602445,0.47497898222661056,True,0.0,0.300782304084927,0.24018694105602445,reference
3d147b47dcc01f5e,latentflow-fusion-identity-audit-all28-five-seed-v1,latentflow_process_preserving_unfreeze2,False,ETTm2,3,0.21555896539266417,nan,0.3433453311778466,0.3049086632544317,0.5696603158647906,False,False,0.34648394825235657,0.30777939181879294,0.6245032709386661,0.3433453311778466,0.3049086632544317,0.5696603158647906,False,-0.0028707285643612135,0.34648394825235657,0.30777939181879294,extension,False,False,10,19bd71e8a37d5cdf0a893ae4b1b69907992261bc53f86e4d9136d900b22028e2,1.8919909000396729,0.10353562733873904,7b58037927011d2b2554d3b5c1533c92e512757e3136588df6fd8175d65bc715,0.15890582358805558,336,False,46,False,False,19bd71e8a37d5cdf0a893ae4b1b69907992261bc53f86e4d9136d900b22028e2,3.1265013217926025,0.15964881419741103,85ac65d6797c996cf288182bfa55eea20d927fea87537236b623cc19fa7f8047,0.2555140767068314,2048,1024,early_fusion_vs_x_to_z,2,0.2228463753348305,77.28558782488108,0.3531793100834422,0.3167135031839523,0.6771566621229805,True,True,0.34648394825235657,0.30777939181879294,0.6245032709386661,0.34648394825235657,0.30777939181879294,0.6245032709386661,True,0.0,0.34648394825235657,0.30777939181879294,reference
8ee6934fb852f376,latentflow-fusion-identity-audit-all28-five-seed-v1,latentflow_process_preserving_unfreeze2,False,ETTm2,2,0.299557311951168,nan,0.4020350293274651,0.40646888654571467,0.7435426755411052,False,False,0.40494165511476077,0.41341775118483637,0.7881506711241824,0.4020350293274651,0.40646888654571467,0.7435426755411052,False,-0.006948864639121699,0.40494165511476077,0.41341775118483637,extension,False,False,10,94db544c3e85cd132cb1b1900694835307a962b01954ebcaa9bf1f012c3172b1,1.8731091022491455,0.09010058648667058,2738282fa3e839ffce534d6cf602e42db804a7f7f01e92bf7baf8b1f8f93f412,0.1360858199587436,720,False,46,False,False,94db544c3e85cd132cb1b1900694835307a962b01954ebcaa9bf1f012c3172b1,3.7197885513305664,0.199476823882373,2a70b135e9f4b47fbb29a577d297127e5c16c5308bcfde04437ab3750050fd14,0.3298717600904256,2048,1024,early_fusion_vs_x_to_z,3,0.3048943227245694,75.67620759503916,0.41278327837409307,0.41899999631813767,0.8765401596019096,True,True,0.40494165511476077,0.41341775118483637,0.7881506711241824,0.40494165511476077,0.41341775118483637,0.7881506711241824,True,0.0,0.40494165511476077,0.41341775118483637,reference
54394db32816106c,latentflow-fusion-identity-audit-all28-five-seed-v1,latentflow_process_preserving_unfreeze2,False,ETTm2,2,0.12858459459883825,nan,0.25723779180490364,0.1726481219581158,0.0757619917620059,False,False,0.2605228048207127,0.17592421691765744,0.33128138324368084,0.25723779180490364,0.1726481219581158,0.0757619917620059,False,-0.0032760949595416478,0.2605228048207127,0.17592421691765744,extension,False,False,10,776c2f0a329ed1960fc862a775af545e64955ade423468729906dacd5da720e8,0.6229463815689087,0.029786688486562928,4e50dda130ba323ad689b90844a6e12cc7c64747fcb87cc600b39ac9c6191fa1,0.04645151840835434,96,False,46,False,False,776c2f0a329ed1960fc862a775af545e64955ade423468729906dacd5da720e8,0.6229463815689087,0.029786688486562928,4e50dda130ba323ad689b90844a6e12cc7c64747fcb87cc600b39ac9c6191fa1,0.04645151840835434,2048,1024,early_fusion_vs_x_to_z,1,0.1294767234385723,nan,0.2586402003129373,0.17387199751446616,0.30388485061718024,False,False,0.2605228048207127,0.17592421691765744,0.33128138324368084,0.2586402003129373,0.17387199751446616,0.30388485061718024,False,-0.00205221940319128,0.2605228048207127,0.17592421691765744,extension
cc526272bcd4c982,latentflow-fusion-identity-audit-all28-five-seed-v1,latentflow_process_preserving_unfreeze2,False,Electricity,10,0.14309395591294158,nan,0.2602844155228284,0.16670314560423483,0.29590581864077437,False,False,0.2648719766273542,0.17412285292431368,0.3212050210557448,0.2602844155228284,0.16670314560423483,0.29590581864077437,False,-0.00741970732007885,0.2648719766273542,0.17412285292431368,extension,False,False,10,129097b9f9c4d814ecf8f81a4fc790451cf8844dc53fc0aab745a0f1982b7865,5.216065406799316,0.046753741227428966,a9bbd00115450170c3ceb93b0e4190389c799e88d58464d4c5ef0ab205e99728,0.0738386988665778,192,False,46,False,False,129097b9f9c4d814ecf8f81a4fc790451cf8844dc53fc0aab745a0f1982b7865,5.216065406799316,0.046753741227428966,a9bbd00115450170c3ceb93b0e4190389c799e88d58464d4c5ef0ab205e99728,0.0738386988665778,2048,1024,early_fusion_vs_x_to_z,9,0.14395684644440623,nan,0.25915246549732457,0.16682453641973458,0.2790303796623802,False,False,0.2648719766273542,0.17412285292431368,0.3212050210557448,0.25915246549732457,0.16682453641973458,0.2790303796623802,False,-0.0072983165045791,0.2648719766273542,0.17412285292431368,extension
094f311958d8428f,latentflow-fusion-identity-audit-all28-five-seed-v1,latentflow_process_preserving_unfreeze2,False,Electricity,10,0.15850107455143958,nan,0.2758329594040852,0.18149363014451073,0.35805696371798346,False,False,0.28189336253196406,0.19103395762254038,0.3860541556823658,0.2758329594040852,0.18149363014451073,0.35805696371798346,False,-0.009540327478029659,0.28189336253196406,0.19103395762254038,extension,False,False,10,124ebea76eabcf0b2b07043b216cce0ea36633ba07dbed1f4255226de005188a,2.7384636402130127,0.05871193569574731,72a6c3f64c75cf2f9f71dafe448d14f6f9e8de13a80f61596132cee73765fe03,0.08607169441611148,336,False,46,False,False,124ebea76eabcf0b2b07043b216cce0ea36633ba07dbed1f4255226de005188a,2.7384636402130127,0.05871193569574731,72a6c3f64c75cf2f9f71dafe448d14f6f9e8de13a80f61596132cee73765fe03,0.08607169441611148,2048,1024,early_fusion_vs_x_to_z,10,0.15962159239278492,nan,0.2754289020613987,0.18270176514868575,0.3399951295204716,False,False,0.28189336253196406,0.19103395762254038,0.3860541556823658,0.2754289020613987,0.18270176514868575,0.3399951295204716,False,-0.008332192473854638,0.28189336253196406,0.19103395762254038,extension
48dfc368a79714fd,latentflow-fusion-identity-audit-all28-five-seed-v1,latentflow_process_preserving_unfreeze2,False,Electricity,9,0.19260653244578413,nan,0.3121225275205962,0.2249728613253965,0.5026048740022329,False,False,0.3190936333975747,0.23692712918547754,0.5070331155296047,0.3121225275205962,0.2249728613253965,0.5026048740022329,False,-0.011954267860081025,0.3190936333975747,0.23692712918547754,extension,False,False,10,6557072cc08912aeaa101c7679558ed92f4e4e1966701d0723bf35e66cda2888,3.590582847595215,0.07742160740546974,0110a38cb2f5615229e15d7851bb0291095302706e80ae13f19197508a661be0,0.11717754048449729,720,False,46,False,False,6557072cc08912aeaa101c7679558ed92f4e4e1966701d0723bf35e66cda2888,3.590582847595215,0.07742160740546974,0110a38cb2f5615229e15d7851bb0291095302706e80ae13f19197508a661be0,0.11717754048449729,2048,1024,early_fusion_vs_x_to_z,7,0.19908999264467211,nan,0.3120875427750564,0.22633908212374151,0.4787717084776534,False,False,0.3190936333975747,0.23692712918547754,0.5070331155296047,0.3120875427750564,0.22633908212374151,0.4787717084776534,False,-0.010588047061736022,0.3190936333975747,0.23692712918547754,extension
cc2baf2aa2d8bcfa,latentflow-fusion-identity-audit-all28-five-seed-v1,latentflow_process_preserving_unfreeze2,False,Electricity,10,0.1318019103038348,nan,0.24995038535425784,0.1544772230916571,0.2479944648729424,False,False,0.25537575353967024,0.16234266746846313,0.2735122160256797,0.24995038535425784,0.1544772230916571,0.2479944648729424,False,-0.00786544437680603,0.25537575353967024,0.16234266746846313,extension,False,False,10,2a6af841f42f5168d0d14d74e3c1afcbaa6b21d5aebb855fc12619003f182b8c,2.8993492126464844,0.040951831443518494,d44204a32b5d2a448d40088748ea44529937d6175fbef828e2ea9a7262404808,0.06716466515689709,96,False,46,False,False,2a6af841f42f5168d0d14d74e3c1afcbaa6b21d5aebb855fc12619003f182b8c,2.8993492126464844,0.040951831443518494,d44204a32b5d2a448d40088748ea44529937d6175fbef828e2ea9a7262404808,0.06716466515689709,2048,1024,early_fusion_vs_x_to_z,10,0.13143030610535128,nan,0.247912773877071,0.1536595017810664,0.22590291480471955,False,False,0.25537575353967024,0.16234266746846313,0.2735122160256797,0.247912773877071,0.1536595017810664,0.22590291480471955,False,-0.008683165687396716,0.25537575353967024,0.16234266746846313,extension
724867a509b9a62e,latentflow-fusion-identity-audit-all28-five-seed-v1,latentflow_process_preserving_unfreeze2,False,Traffic,10,0.38096894511674967,nan,0.2960296698835554,0.44489000686270097,0.3558695952049685,False,False,0.30785787397651004,0.4581918886079996,0.48148703224941275,0.2960296698835554,0.44489000686270097,0.3558695952049685,False,-0.013301881745298616,0.30785787397651004,0.4581918886079996,extension,False,False,10,eb6a984d00133bd5c41e496f1ea5b426389bbd5567c7c02e9411d8a32f1e9cd7,19.261659622192383,0.06141573580771223,08d8ce662ade3bed9d7b87dfb5a84b4b50d9a61902bdb6f5c285370cd89a9e4e,0.12140914420725893,192,False,46,False,False,eb6a984d00133bd5c41e496f1ea5b426389bbd5567c7c02e9411d8a32f1e9cd7,19.261659622192383,0.06141573580771223,08d8ce662ade3bed9d7b87dfb5a84b4b50d9a61902bdb6f5c285370cd89a9e4e,0.12140914420725893,2048,1024,early_fusion_vs_x_to_z,10,0.376825332272818,nan,0.2912350197642205,0.4384637243249675,0.34137510630641943,False,False,0.30785787397651004,0.4581918886079996,0.48148703224941275,0.2912350197642205,0.4384637243249675,0.34137510630641943,False,-0.01972816428303209,0.30785787397651004,0.4581918886079996,extension
238c416750d1b6d8,latentflow-fusion-identity-audit-all28-five-seed-v1,latentflow_process_preserving_unfreeze2,False,Traffic,9,0.3964798895381008,nan,0.30146463018480363,0.46096469103448784,0.36864096646233807,False,False,0.31247496313812717,0.47121257601690814,0.48547034607158873,0.30146463018480363,0.46096469103448784,0.36864096646233807,False,-0.010247884982420297,0.31247496313812717,0.47121257601690814,extension,False,False,10,7b4277a40554ded52ffb07d5496222f553f87ae2268e338ab5014ec11595e610,18.510154724121094,0.06108436740428923,5bd315dc686de8700d24063513f98e7497be86da8076208b20c840ff94441878,0.11981761063456309,336,False,46,False,False,7b4277a40554ded52ffb07d5496222f553f87ae2268e338ab5014ec11595e610,18.510154724121094,0.06108436740428923,5bd315dc686de8700d24063513f98e7497be86da8076208b20c840ff94441878,0.11981761063456309,2048,1024,early_fusion_vs_x_to_z,9,0.3930803916820728,nan,0.2985002542868409,0.45577563684941064,0.3669036723872808,False,False,0.31247496313812717,0.47121257601690814,0.48547034607158873,0.2985002542868409,0.45577563684941064,0.3669036723872808,False,-0.015436939167497499,0.31247496313812717,0.47121257601690814,extension
11f80ac4ba389c4d,latentflow-fusion-identity-audit-all28-five-seed-v1,latentflow_process_preserving_unfreeze2,False,Traffic,8,0.4402305083780075,nan,0.3132381640869161,0.48901049771215466,0.4112469415560456,False,False,0.32211792715716114,0.49668069226993433,0.5174923774932115,0.3132381640869161,0.48901049771215466,0.4112469415560456,False,-0.007670194557779675,0.32211792715716114,0.49668069226993433,extension,False,False,10,9001d340e1764d57b6e12a2b6e61ceca375d58f5b5d3af1f744ac12d20efff91,18.16012954711914,0.0663531405985591,f441d79623674ab73ce70046f2ba06a674a07392169f5e5183a56da10d1a9802,0.11930451834878153,720,False,46,False,False,9001d340e1764d57b6e12a2b6e61ceca375d58f5b5d3af1f744ac12d20efff91,18.16012954711914,0.0663531405985591,f441d79623674ab73ce70046f2ba06a674a07392169f5e5183a56da10d1a9802,0.11930451834878153,2048,1024,early_fusion_vs_x_to_z,10,0.4384642233950602,nan,0.3097609891850984,0.48478698702759554,0.40349412906216875,False,False,0.32211792715716114,0.49668069226993433,0.5174923774932115,0.3097609891850984,0.48478698702759554,0.40349412906216875,False,-0.011893705242338792,0.32211792715716114,0.49668069226993433,extension
6dafbe7845eeb16e,latentflow-fusion-identity-audit-all28-five-seed-v1,latentflow_process_preserving_unfreeze2,False,Traffic,10,0.3899595951351747,nan,0.2914693998949409,0.4299700054579281,0.35980757164003907,False,False,0.3062827343762385,0.44833995954221006,0.47012078547809344,0.2914693998949409,0.4299700054579281,0.35980757164003907,False,-0.018369954084281992,0.3062827343762385,0.44833995954221006,extension,False,False,10,c86f31e3ad4b5b319167e5166fe759148c0af5987625feeb22c8191c51e609cb,8.835200309753418,0.03795885308665652,c35ee23299e3558bf995e8dfeec402abef56ddd57f9efac45f56659484d1e988,0.06669990080779888,96,False,46,False,False,c86f31e3ad4b5b319167e5166fe759148c0af5987625feeb22c8191c51e609cb,8.835200309753418,0.03795885308665652,c35ee23299e3558bf995e8dfeec402abef56ddd57f9efac45f56659484d1e988,0.06669990080779888,2048,1024,early_fusion_vs_x_to_z,10,0.3876782343171865,nan,0.28823253345130656,0.4259902299617092,0.3460980597845283,False,False,0.3062827343762385,0.44833995954221006,0.47012078547809344,0.28823253345130656,0.4259902299617092,0.3460980597845283,False,-0.022349729580500854,0.3062827343762385,0.44833995954221006,extension
d28f5de93b6e299e,latentflow-fusion-identity-audit-all28-five-seed-v1,latentflow_process_preserving_unfreeze2,False,Weather,4,0.48697526705643485,nan,0.2598965770877531,0.21916406947466943,-0.17008489264183035,False,False,0.2610379490759773,0.22125755915870343,0.37424540630115993,0.2598965770877531,0.21916406947466943,-0.17008489264183035,False,-0.002093489684034,0.2610379490759773,0.22125755915870343,extension,False,False,10,4de457f391385ef84ddac73aa9ccd9db896015dd36428d428c9bbb165361d0b0,3.139604091644287,0.03906944529749771,19feedaee3afe834a0d67397c123d1027212a6e77f00b121be581a8cfb972210,0.07774390356087445,192,False,46,False,False,4de457f391385ef84ddac73aa9ccd9db896015dd36428d428c9bbb165361d0b0,3.139604091644287,0.03906944529749771,19feedaee3afe834a0d67397c123d1027212a6e77f00b121be581a8cfb972210,0.07774390356087445,2048,1024,early_fusion_vs_x_to_z,5,0.4893476605888397,nan,0.2582641284749086,0.21667610470023055,0.20473453674636663,False,False,0.2610379490759773,0.22125755915870343,0.37424540630115993,0.2582641284749086,0.21667610470023055,0.20473453674636663,False,-0.004581454458472883,0.2610379490759773,0.22125755915870343,extension
f59e74c0306a0f37,latentflow-fusion-identity-audit-all28-five-seed-v1,latentflow_process_preserving_unfreeze2,False,Weather,3,0.5645038427409131,nan,0.29824321999984843,0.2741699825113613,0.038957865521611096,False,False,0.29987274557019467,0.27636567996559347,0.5130964882580572,0.29824321999984843,0.2741699825113613,0.038957865521611096,False,-0.0021956974542321483,0.29987274557019467,0.27636567996559347,extension,False,False,10,bf0690e84364553eecda92e4e54650fdce16c4aa76cfe0870cc58caf1ee70d96,1.1417951583862305,0.021762677173686507,f1367fdd6cb3804aef15f234711c9fc3640dde1d56817f0a57dda7dcd8e4014b,0.03900830860929082,336,False,46,False,False,bf0690e84364553eecda92e4e54650fdce16c4aa76cfe0870cc58caf1ee70d96,1.1417951583862305,0.021762677173686507,f1367fdd6cb3804aef15f234711c9fc3640dde1d56817f0a57dda7dcd8e4014b,0.03900830860929082,2048,1024,early_fusion_vs_x_to_z,2,0.5663393442592923,nan,0.29905534091938235,0.27569675887915746,0.4354773882336619,False,False,0.29987274557019467,0.27636567996559347,0.5130964882580572,0.29905534091938235,0.27569675887915746,0.4354773882336619,False,-0.000668921086436014,0.29987274557019467,0.27636567996559347,extension
91138d73c60df5b8,latentflow-fusion-identity-audit-all28-five-seed-v1,latentflow_process_preserving_unfreeze2,False,Weather,2,0.6846262765309167,nan,0.34855698459097745,0.35064037712565255,0.41166264953245557,False,False,0.3490808893967225,0.35182791531965923,0.6463366405272748,0.34855698459097745,0.35064037712565255,0.41166264953245557,False,-0.0011875381940066876,0.3490808893967225,0.35182791531965923,extension,False,False,10,2863bb0dd52adaed8e7d81ad2f59c4bc9d327d2d605ce0aeb4fa91441b9ef197,0.6301199197769165,0.011347024959245193,c407a2e635630c262004c7a33b803da4660866ea1e5b9fc1e745c9107e979347,0.022403257288916498,720,False,46,False,False,2863bb0dd52adaed8e7d81ad2f59c4bc9d327d2d605ce0aeb4fa91441b9ef197,0.6301199197769165,0.011347024959245193,c407a2e635630c262004c7a33b803da4660866ea1e5b9fc1e745c9107e979347,0.022403257288916498,2048,1024,early_fusion_vs_x_to_z,2,0.6844300784761943,nan,0.3485484357909608,0.35068356230134234,0.5682575968554568,False,False,0.3490808893967225,0.35182791531965923,0.6463366405272748,0.3485484357909608,0.35068356230134234,0.5682575968554568,False,-0.0011443530183168904,0.3490808893967225,0.35182791531965923,extension
5bc9e470788e6c30,latentflow-fusion-identity-audit-all28-five-seed-v1,latentflow_process_preserving_unfreeze2,False,Weather,7,0.4335936519598204,nan,0.210548001377288,0.16423021676658908,-0.46727884336967196,False,False,0.2207154064892525,0.1740178268106704,0.19210463704457956,0.210548001377288,0.16423021676658908,-0.46727884336967196,False,-0.009787610044081324,0.2207154064892525,0.1740178268106704,extension,False,False,10,4aabaac674aee71d701ed54eb87f2064e1596528f0ebc94a68d65e6dd5704328,2.9600939750671387,0.045244930437439435,716ba2579d1996df93d96783a0d62712086e0f4820109376a3c183e57a5ee804,0.08676709910521167,96,False,46,False,False,4aabaac674aee71d701ed54eb87f2064e1596528f0ebc94a68d65e6dd5704328,2.9600939750671387,0.045244930437439435,716ba2579d1996df93d96783a0d62712086e0f4820109376a3c183e57a5ee804,0.08676709910521167,2048,1024,early_fusion_vs_x_to_z,6,0.4400581308300533,nan,0.21560344193870795,0.1696928246538463,-0.003367423122261003,False,False,0.2207154064892525,0.1740178268106704,0.19210463704457956,0.21560344193870795,0.1696928246538463,-0.003367423122261003,False,-0.004325002156824104,0.2207154064892525,0.1740178268106704,extension
