source_table,dataset,horizon,mae,mse,seed,variant,mae_mean,mae_sd,mse_mean,mse_sd,seeds,batch_size,channels,dense_covariance_reference_mb,implementation_dense_channel_covariance,input_length,latency_ms,latency_sd_ms,parameters,peak_gpu_memory_mb,checkpoint,corruption,irregular_time_claim,missing_rate,model,num_windows,rmse,correlation,nrmse,predicted_process,setting,true_process,family,inducing_chamfer_error_samples,inducing_times,learned_length_samples,learned_period_samples,length_relative_error,name,oracle_inducing_times,period_relative_error,component_correlation,component_nrmse,identity_accuracy,inducing_chamfer_error,component_correlation_mean,component_correlation_sd,component_nrmse_mean,identity_accuracy_mean,inducing_chamfer_error_mean,mean,metric,sd_across_seeds,tasks,bootstrap_repetitions,dataset_seed_cluster_bootstrap_lower_95,dataset_seed_cluster_bootstrap_upper_95,latentflow_mean,losses,paired_task_wilcoxon_one_sided_p,paired_task_wilcoxon_statistic,relative_improvement_percent,ties,timepro_mean,wins,best_epoch,best_validation_mse,control_scope,inference_ms_batch,latentflow_gain_over_separator_control_percent,latentflow_mse,separator_gain_over_vpnet_percent,training_ms_optimizer_step,vpnet_mse,forecast_step,matern_approximate_variance,matern_leave_out_effect,ou_approximate_variance,ou_leave_out_effect,periodic_approximate_variance,periodic_leave_out_effect,prediction,predictive_variance,target
summary/central_ablation_runs.csv,ETTm2,720,0.4080426387217376,0.4151268912819473,42,x_to_z,,,,,,,,,,,,,,,,,,,,,,,,,,,,,,,,,,,,,,,,,,,,,,,,,,,,,,,,,,,,,,,,,,,,,,,,,,,,,,
summary/central_ablation_runs.csv,ETTm2,720,0.40200900606024353,0.40906615162205906,43,x_to_z,,,,,,,,,,,,,,,,,,,,,,,,,,,,,,,,,,,,,,,,,,,,,,,,,,,,,,,,,,,,,,,,,,,,,,,,,,,,,,
summary/central_ablation_runs.csv,ETTm2,720,0.406837863068797,0.41702886235783804,44,x_to_z,,,,,,,,,,,,,,,,,,,,,,,,,,,,,,,,,,,,,,,,,,,,,,,,,,,,,,,,,,,,,,,,,,,,,,,,,,,,,,
summary/central_ablation_runs.csv,ETTm2,720,0.40580382117056407,0.41512327015311373,45,x_to_z,,,,,,,,,,,,,,,,,,,,,,,,,,,,,,,,,,,,,,,,,,,,,,,,,,,,,,,,,,,,,,,,,,,,,,,,,,,,,,
summary/central_ablation_runs.csv,ETTm2,720,0.4029335729151153,0.4086552458195858,46,x_to_z,,,,,,,,,,,,,,,,,,,,,,,,,,,,,,,,,,,,,,,,,,,,,,,,,,,,,,,,,,,,,,,,,,,,,,,,,,,,,,
summary/central_ablation_runs.csv,ETTm2,720,0.4152626898515971,0.4278253215877849,42,early_fusion,,,,,,,,,,,,,,,,,,,,,,,,,,,,,,,,,,,,,,,,,,,,,,,,,,,,,,,,,,,,,,,,,,,,,,,,,,,,,,
summary/central_ablation_runs.csv,ETTm2,720,0.416620237429977,0.43014719486464315,43,early_fusion,,,,,,,,,,,,,,,,,,,,,,,,,,,,,,,,,,,,,,,,,,,,,,,,,,,,,,,,,,,,,,,,,,,,,,,,,,,,,,
summary/central_ablation_runs.csv,ETTm2,720,0.42379454069819983,0.4451024857666277,44,early_fusion,,,,,,,,,,,,,,,,,,,,,,,,,,,,,,,,,,,,,,,,,,,,,,,,,,,,,,,,,,,,,,,,,,,,,,,,,,,,,,
summary/central_ablation_runs.csv,ETTm2,720,0.41015784095148183,0.4172766015843931,45,early_fusion,,,,,,,,,,,,,,,,,,,,,,,,,,,,,,,,,,,,,,,,,,,,,,,,,,,,,,,,,,,,,,,,,,,,,,,,,,,,,,
summary/central_ablation_runs.csv,ETTm2,720,0.4024410047908456,0.4071089048656097,46,early_fusion,,,,,,,,,,,,,,,,,,,,,,,,,,,,,,,,,,,,,,,,,,,,,,,,,,,,,,,,,,,,,,,,,,,,,,,,,,,,,,
summary/central_ablation_runs.csv,ETTm2,720,0.4080426387217376,0.4151268912819473,42,process_preserving,,,,,,,,,,,,,,,,,,,,,,,,,,,,,,,,,,,,,,,,,,,,,,,,,,,,,,,,,,,,,,,,,,,,,,,,,,,,,,
summary/central_ablation_runs.csv,ETTm2,720,0.40401097189075413,0.41161284154999433,43,process_preserving,,,,,,,,,,,,,,,,,,,,,,,,,,,,,,,,,,,,,,,,,,,,,,,,,,,,,,,,,,,,,,,,,,,,,,,,,,,,,,
summary/central_ablation_runs.csv,ETTm2,720,0.4088832683674428,0.42347080571789475,44,process_preserving,,,,,,,,,,,,,,,,,,,,,,,,,,,,,,,,,,,,,,,,,,,,,,,,,,,,,,,,,,,,,,,,,,,,,,,,,,,,,,
summary/central_ablation_runs.csv,ETTm2,720,0.4060152875904324,0.4153220309681664,45,process_preserving,,,,,,,,,,,,,,,,,,,,,,,,,,,,,,,,,,,,,,,,,,,,,,,,,,,,,,,,,,,,,,,,,,,,,,,,,,,,,,
summary/central_ablation_runs.csv,ETTm2,720,0.4044029239595885,0.4119620727722223,46,process_preserving,,,,,,,,,,,,,,,,,,,,,,,,,,,,,,,,,,,,,,,,,,,,,,,,,,,,,,,,,,,,,,,,,,,,,,,,,,,,,,
summary/central_ablation_runs.csv,ETTm2,720,0.4080426387217376,0.4151268912819473,42,full,,,,,,,,,,,,,,,,,,,,,,,,,,,,,,,,,,,,,,,,,,,,,,,,,,,,,,,,,,,,,,,,,,,,,,,,,,,,,,
summary/central_ablation_runs.csv,ETTm2,720,0.40400258907469067,0.411601239391644,43,full,,,,,,,,,,,,,,,,,,,,,,,,,,,,,,,,,,,,,,,,,,,,,,,,,,,,,,,,,,,,,,,,,,,,,,,,,,,,,,
summary/central_ablation_runs.csv,ETTm2,720,0.40942025808729854,0.4240582069528165,44,full,,,,,,,,,,,,,,,,,,,,,,,,,,,,,,,,,,,,,,,,,,,,,,,,,,,,,,,,,,,,,,,,,,,,,,,,,,,,,,
summary/central_ablation_runs.csv,ETTm2,720,0.4060159077251933,0.41532443879473396,45,full,,,,,,,,,,,,,,,,,,,,,,,,,,,,,,,,,,,,,,,,,,,,,,,,,,,,,,,,,,,,,,,,,,,,,,,,,,,,,,
summary/central_ablation_runs.csv,ETTm2,720,0.40494165511476077,0.41341775118483637,46,full,,,,,,,,,,,,,,,,,,,,,,,,,,,,,,,,,,,,,,,,,,,,,,,,,,,,,,,,,,,,,,,,,,,,,,,,,,,,,,
summary/central_ablation_runs.csv,Weather,720,0.35067685489849154,0.35225412389049454,42,x_to_z,,,,,,,,,,,,,,,,,,,,,,,,,,,,,,,,,,,,,,,,,,,,,,,,,,,,,,,,,,,,,,,,,,,,,,,,,,,,,,
summary/central_ablation_runs.csv,Weather,720,0.34896578123303795,0.3516883182138394,43,x_to_z,,,,,,,,,,,,,,,,,,,,,,,,,,,,,,,,,,,,,,,,,,,,,,,,,,,,,,,,,,,,,,,,,,,,,,,,,,,,,,
summary/central_ablation_runs.csv,Weather,720,0.3492225410429526,0.35091061398093754,44,x_to_z,,,,,,,,,,,,,,,,,,,,,,,,,,,,,,,,,,,,,,,,,,,,,,,,,,,,,,,,,,,,,,,,,,,,,,,,,,,,,,
summary/central_ablation_runs.csv,Weather,720,0.3494502229583823,0.35223371339600373,45,x_to_z,,,,,,,,,,,,,,,,,,,,,,,,,,,,,,,,,,,,,,,,,,,,,,,,,,,,,,,,,,,,,,,,,,,,,,,,,,,,,,
summary/central_ablation_runs.csv,Weather,720,0.348449497524791,0.3505679847490146,46,x_to_z,,,,,,,,,,,,,,,,,,,,,,,,,,,,,,,,,,,,,,,,,,,,,,,,,,,,,,,,,,,,,,,,,,,,,,,,,,,,,,
summary/central_ablation_runs.csv,Weather,720,0.34967532176972266,0.3511769740361608,42,early_fusion,,,,,,,,,,,,,,,,,,,,,,,,,,,,,,,,,,,,,,,,,,,,,,,,,,,,,,,,,,,,,,,,,,,,,,,,,,,,,,
summary/central_ablation_runs.csv,Weather,720,0.3491153538635895,0.3520624298801473,43,early_fusion,,,,,,,,,,,,,,,,,,,,,,,,,,,,,,,,,,,,,,,,,,,,,,,,,,,,,,,,,,,,,,,,,,,,,,,,,,,,,,
summary/central_ablation_runs.csv,Weather,720,0.35004540660048666,0.3522019104773057,44,early_fusion,,,,,,,,,,,,,,,,,,,,,,,,,,,,,,,,,,,,,,,,,,,,,,,,,,,,,,,,,,,,,,,,,,,,,,,,,,,,,,
summary/central_ablation_runs.csv,Weather,720,0.349000053009468,0.35180013198924015,45,early_fusion,,,,,,,,,,,,,,,,,,,,,,,,,,,,,,,,,,,,,,,,,,,,,,,,,,,,,,,,,,,,,,,,,,,,,,,,,,,,,,
summary/central_ablation_runs.csv,Weather,720,0.3486128574783516,0.35070473537645785,46,early_fusion,,,,,,,,,,,,,,,,,,,,,,,,,,,,,,,,,,,,,,,,,,,,,,,,,,,,,,,,,,,,,,,,,,,,,,,,,,,,,,
summary/central_ablation_runs.csv,Weather,720,0.3521357410021579,0.3539100077528846,42,process_preserving,,,,,,,,,,,,,,,,,,,,,,,,,,,,,,,,,,,,,,,,,,,,,,,,,,,,,,,,,,,,,,,,,,,,,,,,,,,,,,
summary/central_ablation_runs.csv,Weather,720,0.3479597131578536,0.350385464184523,43,process_preserving,,,,,,,,,,,,,,,,,,,,,,,,,,,,,,,,,,,,,,,,,,,,,,,,,,,,,,,,,,,,,,,,,,,,,,,,,,,,,,
summary/central_ablation_runs.csv,Weather,720,0.3491677514835748,0.35070419508036443,44,process_preserving,,,,,,,,,,,,,,,,,,,,,,,,,,,,,,,,,,,,,,,,,,,,,,,,,,,,,,,,,,,,,,,,,,,,,,,,,,,,,,
summary/central_ablation_runs.csv,Weather,720,0.3489643085519826,0.35170108421176816,45,process_preserving,,,,,,,,,,,,,,,,,,,,,,,,,,,,,,,,,,,,,,,,,,,,,,,,,,,,,,,,,,,,,,,,,,,,,,,,,,,,,,
summary/central_ablation_runs.csv,Weather,720,0.3480540900402169,0.3497267275798045,46,process_preserving,,,,,,,,,,,,,,,,,,,,,,,,,,,,,,,,,,,,,,,,,,,,,,,,,,,,,,,,,,,,,,,,,,,,,,,,,,,,,,
summary/central_ablation_runs.csv,Weather,720,0.3532897798650574,0.35555996850853744,42,full,,,,,,,,,,,,,,,,,,,,,,,,,,,,,,,,,,,,,,,,,,,,,,,,,,,,,,,,,,,,,,,,,,,,,,,,,,,,,,
summary/central_ablation_runs.csv,Weather,720,0.3480680971487005,0.35034044455641483,43,full,,,,,,,,,,,,,,,,,,,,,,,,,,,,,,,,,,,,,,,,,,,,,,,,,,,,,,,,,,,,,,,,,,,,,,,,,,,,,,
summary/central_ablation_runs.csv,Weather,720,0.3492251244364064,0.35101765657013184,44,full,,,,,,,,,,,,,,,,,,,,,,,,,,,,,,,,,,,,,,,,,,,,,,,,,,,,,,,,,,,,,,,,,,,,,,,,,,,,,,
summary/central_ablation_runs.csv,Weather,720,0.3494161614447048,0.3522480572984346,45,full,,,,,,,,,,,,,,,,,,,,,,,,,,,,,,,,,,,,,,,,,,,,,,,,,,,,,,,,,,,,,,,,,,,,,,,,,,,,,,
summary/central_ablation_runs.csv,Weather,720,0.3494759547998711,0.35224466667015586,46,full,,,,,,,,,,,,,,,,,,,,,,,,,,,,,,,,,,,,,,,,,,,,,,,,,,,,,,,,,,,,,,,,,,,,,,,,,,,,,,
summary/central_ablation_runs.csv,Traffic,720,0.31711205654414454,0.491300669579911,42,x_to_z,,,,,,,,,,,,,,,,,,,,,,,,,,,,,,,,,,,,,,,,,,,,,,,,,,,,,,,,,,,,,,,,,,,,,,,,,,,,,,
summary/central_ablation_runs.csv,Traffic,720,0.31616841429055237,0.4941987281419215,43,x_to_z,,,,,,,,,,,,,,,,,,,,,,,,,,,,,,,,,,,,,,,,,,,,,,,,,,,,,,,,,,,,,,,,,,,,,,,,,,,,,,
summary/central_ablation_runs.csv,Traffic,720,0.31172447929035285,0.4835852219666984,44,x_to_z,,,,,,,,,,,,,,,,,,,,,,,,,,,,,,,,,,,,,,,,,,,,,,,,,,,,,,,,,,,,,,,,,,,,,,,,,,,,,,
summary/central_ablation_runs.csv,Traffic,720,0.31260694490108754,0.48944914781048243,45,x_to_z,,,,,,,,,,,,,,,,,,,,,,,,,,,,,,,,,,,,,,,,,,,,,,,,,,,,,,,,,,,,,,,,,,,,,,,,,,,,,,
summary/central_ablation_runs.csv,Traffic,720,0.3098903149734064,0.48480845358229396,46,x_to_z,,,,,,,,,,,,,,,,,,,,,,,,,,,,,,,,,,,,,,,,,,,,,,,,,,,,,,,,,,,,,,,,,,,,,,,,,,,,,,
summary/central_ablation_runs.csv,Traffic,720,0.3190641741222454,0.4976920690243559,42,early_fusion,,,,,,,,,,,,,,,,,,,,,,,,,,,,,,,,,,,,,,,,,,,,,,,,,,,,,,,,,,,,,,,,,,,,,,,,,,,,,,
summary/central_ablation_runs.csv,Traffic,720,0.31781083657220865,0.4971260179229582,43,early_fusion,,,,,,,,,,,,,,,,,,,,,,,,,,,,,,,,,,,,,,,,,,,,,,,,,,,,,,,,,,,,,,,,,,,,,,,,,,,,,,
summary/central_ablation_runs.csv,Traffic,720,0.31557105932432156,0.49133499686503845,44,early_fusion,,,,,,,,,,,,,,,,,,,,,,,,,,,,,,,,,,,,,,,,,,,,,,,,,,,,,,,,,,,,,,,,,,,,,,,,,,,,,,
summary/central_ablation_runs.csv,Traffic,720,0.3165014478154749,0.4939475158137059,45,early_fusion,,,,,,,,,,,,,,,,,,,,,,,,,,,,,,,,,,,,,,,,,,,,,,,,,,,,,,,,,,,,,,,,,,,,,,,,,,,,,,
summary/central_ablation_runs.csv,Traffic,720,0.313287723031179,0.4889450222162922,46,early_fusion,,,,,,,,,,,,,,,,,,,,,,,,,,,,,,,,,,,,,,,,,,,,,,,,,,,,,,,,,,,,,,,,,,,,,,,,,,,,,,
summary/central_ablation_runs.csv,Traffic,720,0.318071645296694,0.4915771626737703,42,process_preserving,,,,,,,,,,,,,,,,,,,,,,,,,,,,,,,,,,,,,,,,,,,,,,,,,,,,,,,,,,,,,,,,,,,,,,,,,,,,,,
summary/central_ablation_runs.csv,Traffic,720,0.31766755520693657,0.49587181850239725,43,process_preserving,,,,,,,,,,,,,,,,,,,,,,,,,,,,,,,,,,,,,,,,,,,,,,,,,,,,,,,,,,,,,,,,,,,,,,,,,,,,,,
summary/central_ablation_runs.csv,Traffic,720,0.3155346982888712,0.48848492176370406,44,process_preserving,,,,,,,,,,,,,,,,,,,,,,,,,,,,,,,,,,,,,,,,,,,,,,,,,,,,,,,,,,,,,,,,,,,,,,,,,,,,,,
summary/central_ablation_runs.csv,Traffic,720,0.31596762508631765,0.4937158891296339,45,process_preserving,,,,,,,,,,,,,,,,,,,,,,,,,,,,,,,,,,,,,,,,,,,,,,,,,,,,,,,,,,,,,,,,,,,,,,,,,,,,,,
summary/central_ablation_runs.csv,Traffic,720,0.3144478690943868,0.48899382872417085,46,process_preserving,,,,,,,,,,,,,,,,,,,,,,,,,,,,,,,,,,,,,,,,,,,,,,,,,,,,,,,,,,,,,,,,,,,,,,,,,,,,,,
summary/central_ablation_runs.csv,Traffic,720,0.31807813636845,0.49146881208700643,42,full,,,,,,,,,,,,,,,,,,,,,,,,,,,,,,,,,,,,,,,,,,,,,,,,,,,,,,,,,,,,,,,,,,,,,,,,,,,,,,
summary/central_ablation_runs.csv,Traffic,720,0.3176904925377131,0.49584779061874296,43,full,,,,,,,,,,,,,,,,,,,,,,,,,,,,,,,,,,,,,,,,,,,,,,,,,,,,,,,,,,,,,,,,,,,,,,,,,,,,,,
summary/central_ablation_runs.csv,Traffic,720,0.3156007152185296,0.4885315060333116,44,full,,,,,,,,,,,,,,,,,,,,,,,,,,,,,,,,,,,,,,,,,,,,,,,,,,,,,,,,,,,,,,,,,,,,,,,,,,,,,,
summary/central_ablation_runs.csv,Traffic,720,0.3159814805019984,0.4937812131207309,45,full,,,,,,,,,,,,,,,,,,,,,,,,,,,,,,,,,,,,,,,,,,,,,,,,,,,,,,,,,,,,,,,,,,,,,,,,,,,,,,
summary/central_ablation_runs.csv,Traffic,720,0.31439001826797486,0.48891071282741716,46,full,,,,,,,,,,,,,,,,,,,,,,,,,,,,,,,,,,,,,,,,,,,,,,,,,,,,,,,,,,,,,,,,,,,,,,,,,,,,,,
summary/central_ablation_summary.csv,ETTm2,,,,,x_to_z,0.4051253803872915,0.0025699749007592615,0.4130000842469087,0.0038605610499025562,5,,,,,,,,,,,,,,,,,,,,,,,,,,,,,,,,,,,,,,,,,,,,,,,,,,,,,,,,,,,,,,,,,,,,,,,,,
summary/central_ablation_summary.csv,ETTm2,,,,,early_fusion,0.4136552627444203,0.007939952689750625,0.4254921017338117,0.014292632181113304,5,,,,,,,,,,,,,,,,,,,,,,,,,,,,,,,,,,,,,,,,,,,,,,,,,,,,,,,,,,,,,,,,,,,,,,,,,
summary/central_ablation_summary.csv,ETTm2,,,,,process_preserving,0.4062710181059911,0.0021578620070576353,0.41549892845804504,0.004778377104930418,5,,,,,,,,,,,,,,,,,,,,,,,,,,,,,,,,,,,,,,,,,,,,,,,,,,,,,,,,,,,,,,,,,,,,,,,,,
summary/central_ablation_summary.csv,ETTm2,,,,,full,0.40648460974473616,0.0022252136225643943,0.41590570552119566,0.004799115743014372,5,,,,,,,,,,,,,,,,,,,,,,,,,,,,,,,,,,,,,,,,,,,,,,,,,,,,,,,,,,,,,,,,,,,,,,,,,
summary/central_ablation_summary.csv,Weather,,,,,x_to_z,0.34935297953153105,0.0008284501689106272,0.35153095084605795,0.0007670952471060423,5,,,,,,,,,,,,,,,,,,,,,,,,,,,,,,,,,,,,,,,,,,,,,,,,,,,,,,,,,,,,,,,,,,,,,,,,,
summary/central_ablation_summary.csv,Weather,,,,,early_fusion,0.34928979854432374,0.0005683758264267417,0.35158923635186234,0.0006316765116542265,5,,,,,,,,,,,,,,,,,,,,,,,,,,,,,,,,,,,,,,,,,,,,,,,,,,,,,,,,,,,,,,,,,,,,,,,,,
summary/central_ablation_summary.csv,Weather,,,,,process_preserving,0.3492563208471572,0.0016963730835845134,0.3512854957618689,0.0016308358683991336,5,,,,,,,,,,,,,,,,,,,,,,,,,,,,,,,,,,,,,,,,,,,,,,,,,,,,,,,,,,,,,,,,,,,,,,,,,
summary/central_ablation_summary.csv,Weather,,,,,full,0.349895023538948,0.0019821530509778335,0.3522821587207349,0.002007226018082828,5,,,,,,,,,,,,,,,,,,,,,,,,,,,,,,,,,,,,,,,,,,,,,,,,,,,,,,,,,,,,,,,,,,,,,,,,,
summary/central_ablation_summary.csv,Traffic,,,,,x_to_z,0.31350044199990873,0.003047426517514217,0.4886684442162615,0.004440180877460203,5,,,,,,,,,,,,,,,,,,,,,,,,,,,,,,,,,,,,,,,,,,,,,,,,,,,,,,,,,,,,,,,,,,,,,,,,,
summary/central_ablation_summary.csv,Traffic,,,,,early_fusion,0.3164470481730859,0.002205726533813878,0.4938091243684701,0.0037376125700321647,5,,,,,,,,,,,,,,,,,,,,,,,,,,,,,,,,,,,,,,,,,,,,,,,,,,,,,,,,,,,,,,,,,,,,,,,,,
summary/central_ablation_summary.csv,Traffic,,,,,process_preserving,0.31633787859464124,0.0015106545804291984,0.49172872415873525,0.0031280558363697207,5,,,,,,,,,,,,,,,,,,,,,,,,,,,,,,,,,,,,,,,,,,,,,,,,,,,,,,,,,,,,,,,,,,,,,,,,,
summary/central_ablation_summary.csv,Traffic,,,,,full,0.3163481685789332,0.0015266074704333096,0.49170800693744177,0.0031387983096556656,5,,,,,,,,,,,,,,,,,,,,,,,,,,,,,,,,,,,,,,,,,,,,,,,,,,,,,,,,,,,,,,,,,,,,,,,,,
summary/channel_scaling.csv,,96,,,,,,,,,,1,7,0.0007476806640625,False,96,7.94204156845808,0.2576442525223883,1428265,38.7763671875,,,,,,,,,,,,,,,,,,,,,,,,,,,,,,,,,,,,,,,,,,,,,,,,,,,,,,,,,,,,,,,,
summary/channel_scaling.csv,,96,,,,,,,,,,1,21,0.0067291259765625,False,96,7.702426239848137,0.0979750368036988,1428307,39.220703125,,,,,,,,,,,,,,,,,,,,,,,,,,,,,,,,,,,,,,,,,,,,,,,,,,,,,,,,,,,,,,,,
summary/channel_scaling.csv,,96,,,,,,,,,,1,64,0.0625,False,96,9.29010696709156,0.547655514505881,1428436,41.8173828125,,,,,,,,,,,,,,,,,,,,,,,,,,,,,,,,,,,,,,,,,,,,,,,,,,,,,,,,,,,,,,,,
summary/channel_scaling.csv,,96,,,,,,,,,,1,128,0.25,False,96,7.877907902002335,0.11527273902190398,1428628,46.08349609375,,,,,,,,,,,,,,,,,,,,,,,,,,,,,,,,,,,,,,,,,,,,,,,,,,,,,,,,,,,,,,,,
summary/channel_scaling.csv,,96,,,,,,,,,,1,321,1.5722808837890625,False,96,7.91911743581295,0.11644824865322673,1429207,58.95263671875,,,,,,,,,,,,,,,,,,,,,,,,,,,,,,,,,,,,,,,,,,,,,,,,,,,,,,,,,,,,,,,,
summary/channel_scaling.csv,,96,,,,,,,,,,1,512,4.0,False,96,7.88371916860342,0.10703524620678183,1429780,71.6845703125,,,,,,,,,,,,,,,,,,,,,,,,,,,,,,,,,,,,,,,,,,,,,,,,,,,,,,,,,,,,,,,,
summary/channel_scaling.csv,,96,,,,,,,,,,1,862,11.33795166015625,False,96,7.906205393373966,0.0564968118931318,1430830,95.02099609375,,,,,,,,,,,,,,,,,,,,,,,,,,,,,,,,,,,,,,,,,,,,,,,,,,,,,,,,,,,,,,,,
summary/channel_scaling.csv,,96,,,,,,,,,,1,1024,16.0,False,96,7.79113732278347,0.10132405772577872,1431316,105.8193359375,,,,,,,,,,,,,,,,,,,,,,,,,,,,,,,,,,,,,,,,,,,,,,,,,,,,,,,,,,,,,,,,
summary/channel_scaling.csv,,96,,,,,,,,,,1,2048,64.0,False,96,7.846471853554249,0.1486504317166035,1434388,174.0888671875,,,,,,,,,,,,,,,,,,,,,,,,,,,,,,,,,,,,,,,,,,,,,,,,,,,,,,,,,,,,,,,,
summary/missing_prefix.csv,Traffic,192,0.2996243785765195,0.45163088284431097,42,,,,,,,,,,,,,,,,/work/11617/sujato_ts/vista/motion_code-master/physics_modal_v4/results/final/checkpoints/LatentFlow/seed42/Traffic/h192.pt,elementwise MCAR mask followed by prefix-only forward fill,False,0.0,LatentFlow,3319,0.6720348821633524,,,,,,,,,,,,,,,,,,,,,,,,,,,,,,,,,,,,,,,,,,,,,,,,,,,,,,,,,
summary/missing_prefix.csv,Traffic,192,0.30904085829380284,0.46347232223142604,42,,,,,,,,,,,,,,,,/work/11617/sujato_ts/vista/motion_code-master/physics_modal_v4/results/final/checkpoints/LatentFlow/seed42/Traffic/h192.pt,elementwise MCAR mask followed by prefix-only forward fill,False,0.2,LatentFlow,3319,0.6807880156344015,,,,,,,,,,,,,,,,,,,,,,,,,,,,,,,,,,,,,,,,,,,,,,,,,,,,,,,,,
summary/missing_prefix.csv,Traffic,192,0.324310661559568,0.4815004567050312,42,,,,,,,,,,,,,,,,/work/11617/sujato_ts/vista/motion_code-master/physics_modal_v4/results/final/checkpoints/LatentFlow/seed42/Traffic/h192.pt,elementwise MCAR mask followed by prefix-only forward fill,False,0.4,LatentFlow,3319,0.6939023394578168,,,,,,,,,,,,,,,,,,,,,,,,,,,,,,,,,,,,,,,,,,,,,,,,,,,,,,,,,
summary/missing_prefix.csv,Traffic,192,0.2954379715990039,0.4490257180179623,42,,,,,,,,,,,,,,,,/work/11617/sujato_ts/vista/motion_code-master/physics_modal_v4/results/final/checkpoints/TimePro/seed42/Traffic/h192.pt,elementwise MCAR mask followed by prefix-only forward fill,False,0.0,TimePro,3319,0.6700938128485908,,,,,,,,,,,,,,,,,,,,,,,,,,,,,,,,,,,,,,,,,,,,,,,,,,,,,,,,,
summary/missing_prefix.csv,Traffic,192,0.30434513023351045,0.4608965719827622,42,,,,,,,,,,,,,,,,/work/11617/sujato_ts/vista/motion_code-master/physics_modal_v4/results/final/checkpoints/TimePro/seed42/Traffic/h192.pt,elementwise MCAR mask followed by prefix-only forward fill,False,0.2,TimePro,3319,0.6788936381958238,,,,,,,,,,,,,,,,,,,,,,,,,,,,,,,,,,,,,,,,,,,,,,,,,,,,,,,,,
summary/missing_prefix.csv,Traffic,192,0.3199214866248316,0.4792078560355661,42,,,,,,,,,,,,,,,,/work/11617/sujato_ts/vista/motion_code-master/physics_modal_v4/results/final/checkpoints/TimePro/seed42/Traffic/h192.pt,elementwise MCAR mask followed by prefix-only forward fill,False,0.4,TimePro,3319,0.6922484063077112,,,,,,,,,,,,,,,,,,,,,,,,,,,,,,,,,,,,,,,,,,,,,,,,,,,,,,,,,
summary/missing_prefix.csv,Traffic,192,0.32738889789651365,0.4899475157234075,42,,,,,,,,,,,,,,,,/work/11617/sujato_ts/vista/motion_code-master/physics_modal_v4/results/final/checkpoints/VPNet/seed42/Traffic/h192.pt,elementwise MCAR mask followed by prefix-only forward fill,False,0.0,VPNet,3319,0.6999625102270889,,,,,,,,,,,,,,,,,,,,,,,,,,,,,,,,,,,,,,,,,,,,,,,,,,,,,,,,,
summary/missing_prefix.csv,Traffic,192,0.3386223732999731,0.5079672881100813,42,,,,,,,,,,,,,,,,/work/11617/sujato_ts/vista/motion_code-master/physics_modal_v4/results/final/checkpoints/VPNet/seed42/Traffic/h192.pt,elementwise MCAR mask followed by prefix-only forward fill,False,0.2,VPNet,3319,0.7127182389346307,,,,,,,,,,,,,,,,,,,,,,,,,,,,,,,,,,,,,,,,,,,,,,,,,,,,,,,,,
summary/missing_prefix.csv,Traffic,192,0.35445894472350414,0.5311429493581391,42,,,,,,,,,,,,,,,,/work/11617/sujato_ts/vista/motion_code-master/physics_modal_v4/results/final/checkpoints/VPNet/seed42/Traffic/h192.pt,elementwise MCAR mask followed by prefix-only forward fill,False,0.4,VPNet,3319,0.7287955470213434,,,,,,,,,,,,,,,,,,,,,,,,,,,,,,,,,,,,,,,,,,,,,,,,,,,,,,,,,
summary/missing_prefix.csv,Traffic,336,0.2988856047073473,0.4595566871458172,42,,,,,,,,,,,,,,,,/work/11617/sujato_ts/vista/motion_code-master/physics_modal_v4/results/final/checkpoints/LatentFlow/seed42/Traffic/h336.pt,elementwise MCAR mask followed by prefix-only forward fill,False,0.0,LatentFlow,3175,0.677906104962787,,,,,,,,,,,,,,,,,,,,,,,,,,,,,,,,,,,,,,,,,,,,,,,,,,,,,,,,,
summary/missing_prefix.csv,Traffic,336,0.3062996833288095,0.4687416696829841,42,,,,,,,,,,,,,,,,/work/11617/sujato_ts/vista/motion_code-master/physics_modal_v4/results/final/checkpoints/LatentFlow/seed42/Traffic/h336.pt,elementwise MCAR mask followed by prefix-only forward fill,False,0.2,LatentFlow,3175,0.6846471132510412,,,,,,,,,,,,,,,,,,,,,,,,,,,,,,,,,,,,,,,,,,,,,,,,,,,,,,,,,
summary/missing_prefix.csv,Traffic,336,0.3195825729671516,0.4837309804127225,42,,,,,,,,,,,,,,,,/work/11617/sujato_ts/vista/motion_code-master/physics_modal_v4/results/final/checkpoints/LatentFlow/seed42/Traffic/h336.pt,elementwise MCAR mask followed by prefix-only forward fill,False,0.4,LatentFlow,3175,0.6955077141288387,,,,,,,,,,,,,,,,,,,,,,,,,,,,,,,,,,,,,,,,,,,,,,,,,,,,,,,,,
summary/missing_prefix.csv,Traffic,336,0.3022081405350542,0.46479092033540037,42,,,,,,,,,,,,,,,,/work/11617/sujato_ts/vista/motion_code-master/physics_modal_v4/results/final/checkpoints/TimePro/seed42/Traffic/h336.pt,elementwise MCAR mask followed by prefix-only forward fill,False,0.0,TimePro,3175,0.6817557629645681,,,,,,,,,,,,,,,,,,,,,,,,,,,,,,,,,,,,,,,,,,,,,,,,,,,,,,,,,
summary/missing_prefix.csv,Traffic,336,0.3091828685662588,0.47407582321269803,42,,,,,,,,,,,,,,,,/work/11617/sujato_ts/vista/motion_code-master/physics_modal_v4/results/final/checkpoints/TimePro/seed42/Traffic/h336.pt,elementwise MCAR mask followed by prefix-only forward fill,False,0.2,TimePro,3175,0.6885316428550674,,,,,,,,,,,,,,,,,,,,,,,,,,,,,,,,,,,,,,,,,,,,,,,,,,,,,,,,,
summary/missing_prefix.csv,Traffic,336,0.3223144145119911,0.48853334389384256,42,,,,,,,,,,,,,,,,/work/11617/sujato_ts/vista/motion_code-master/physics_modal_v4/results/final/checkpoints/TimePro/seed42/Traffic/h336.pt,elementwise MCAR mask followed by prefix-only forward fill,False,0.4,TimePro,3175,0.6989516033988638,,,,,,,,,,,,,,,,,,,,,,,,,,,,,,,,,,,,,,,,,,,,,,,,,,,,,,,,,
summary/missing_prefix.csv,Traffic,336,0.3303995092034247,0.4961930676883378,42,,,,,,,,,,,,,,,,/work/11617/sujato_ts/vista/motion_code-master/physics_modal_v4/results/final/checkpoints/VPNet/seed42/Traffic/h336.pt,elementwise MCAR mask followed by prefix-only forward fill,False,0.0,VPNet,3175,0.7044097299784677,,,,,,,,,,,,,,,,,,,,,,,,,,,,,,,,,,,,,,,,,,,,,,,,,,,,,,,,,
summary/missing_prefix.csv,Traffic,336,0.334762040523375,0.5043203214646748,42,,,,,,,,,,,,,,,,/work/11617/sujato_ts/vista/motion_code-master/physics_modal_v4/results/final/checkpoints/VPNet/seed42/Traffic/h336.pt,elementwise MCAR mask followed by prefix-only forward fill,False,0.2,VPNet,3175,0.7101551390116633,,,,,,,,,,,,,,,,,,,,,,,,,,,,,,,,,,,,,,,,,,,,,,,,,,,,,,,,,
summary/missing_prefix.csv,Traffic,336,0.3441052544303844,0.5164689519532579,42,,,,,,,,,,,,,,,,/work/11617/sujato_ts/vista/motion_code-master/physics_modal_v4/results/final/checkpoints/VPNet/seed42/Traffic/h336.pt,elementwise MCAR mask followed by prefix-only forward fill,False,0.4,VPNet,3175,0.718657743263967,,,,,,,,,,,,,,,,,,,,,,,,,,,,,,,,,,,,,,,,,,,,,,,,,,,,,,,,,
summary/missing_prefix.csv,Traffic,720,0.31807813636845,0.49146881208700643,42,,,,,,,,,,,,,,,,/work/11617/sujato_ts/vista/motion_code-master/physics_modal_v4/results/final/checkpoints/LatentFlow/seed42/Traffic/h720.pt,elementwise MCAR mask followed by prefix-only forward fill,False,0.0,LatentFlow,2791,0.701048366439154,,,,,,,,,,,,,,,,,,,,,,,,,,,,,,,,,,,,,,,,,,,,,,,,,,,,,,,,,
summary/missing_prefix.csv,Traffic,720,0.3217763037919203,0.49569558984789247,42,,,,,,,,,,,,,,,,/work/11617/sujato_ts/vista/motion_code-master/physics_modal_v4/results/final/checkpoints/LatentFlow/seed42/Traffic/h720.pt,elementwise MCAR mask followed by prefix-only forward fill,False,0.2,LatentFlow,2791,0.7040565246114068,,,,,,,,,,,,,,,,,,,,,,,,,,,,,,,,,,,,,,,,,,,,,,,,,,,,,,,,,
summary/missing_prefix.csv,Traffic,720,0.3303580210878931,0.5043381123673241,42,,,,,,,,,,,,,,,,/work/11617/sujato_ts/vista/motion_code-master/physics_modal_v4/results/final/checkpoints/LatentFlow/seed42/Traffic/h720.pt,elementwise MCAR mask followed by prefix-only forward fill,False,0.4,LatentFlow,2791,0.7101676649688607,,,,,,,,,,,,,,,,,,,,,,,,,,,,,,,,,,,,,,,,,,,,,,,,,,,,,,,,,
summary/missing_prefix.csv,Traffic,720,0.32249309351148625,0.49770260598414656,42,,,,,,,,,,,,,,,,/work/11617/sujato_ts/vista/motion_code-master/physics_modal_v4/results/final/checkpoints/TimePro/seed42/Traffic/h720.pt,elementwise MCAR mask followed by prefix-only forward fill,False,0.0,TimePro,2791,0.7054804079378438,,,,,,,,,,,,,,,,,,,,,,,,,,,,,,,,,,,,,,,,,,,,,,,,,,,,,,,,,
summary/missing_prefix.csv,Traffic,720,0.32672686203202916,0.5027022943079226,42,,,,,,,,,,,,,,,,/work/11617/sujato_ts/vista/motion_code-master/physics_modal_v4/results/final/checkpoints/TimePro/seed42/Traffic/h720.pt,elementwise MCAR mask followed by prefix-only forward fill,False,0.2,TimePro,2791,0.7090150169833659,,,,,,,,,,,,,,,,,,,,,,,,,,,,,,,,,,,,,,,,,,,,,,,,,,,,,,,,,
summary/missing_prefix.csv,Traffic,720,0.3357131018864705,0.5115024937071003,42,,,,,,,,,,,,,,,,/work/11617/sujato_ts/vista/motion_code-master/physics_modal_v4/results/final/checkpoints/TimePro/seed42/Traffic/h720.pt,elementwise MCAR mask followed by prefix-only forward fill,False,0.4,TimePro,2791,0.7151940252177029,,,,,,,,,,,,,,,,,,,,,,,,,,,,,,,,,,,,,,,,,,,,,,,,,,,,,,,,,
summary/missing_prefix.csv,Traffic,720,0.3482940891755476,0.5286068472135281,42,,,,,,,,,,,,,,,,/work/11617/sujato_ts/vista/motion_code-master/physics_modal_v4/results/final/checkpoints/VPNet/seed42/Traffic/h720.pt,elementwise MCAR mask followed by prefix-only forward fill,False,0.0,VPNet,2791,0.7270535380654771,,,,,,,,,,,,,,,,,,,,,,,,,,,,,,,,,,,,,,,,,,,,,,,,,,,,,,,,,
summary/missing_prefix.csv,Traffic,720,0.3529151677761535,0.5351212633317843,42,,,,,,,,,,,,,,,,/work/11617/sujato_ts/vista/motion_code-master/physics_modal_v4/results/final/checkpoints/VPNet/seed42/Traffic/h720.pt,elementwise MCAR mask followed by prefix-only forward fill,False,0.2,VPNet,2791,0.7315198311268016,,,,,,,,,,,,,,,,,,,,,,,,,,,,,,,,,,,,,,,,,,,,,,,,,,,,,,,,,
summary/missing_prefix.csv,Traffic,720,0.3606685495631282,0.5437104600344818,42,,,,,,,,,,,,,,,,/work/11617/sujato_ts/vista/motion_code-master/physics_modal_v4/results/final/checkpoints/VPNet/seed42/Traffic/h720.pt,elementwise MCAR mask followed by prefix-only forward fill,False,0.4,VPNet,2791,0.7373672490926633,,,,,,,,,,,,,,,,,,,,,,,,,,,,,,,,,,,,,,,,,,,,,,,,,,,,,,,,,
summary/missing_prefix.csv,Traffic,96,0.2922119657591534,0.43147983364527814,42,,,,,,,,,,,,,,,,/work/11617/sujato_ts/vista/motion_code-master/physics_modal_v4/results/final/checkpoints/LatentFlow/seed42/Traffic/h96.pt,elementwise MCAR mask followed by prefix-only forward fill,False,0.0,LatentFlow,3415,0.6568712458657923,,,,,,,,,,,,,,,,,,,,,,,,,,,,,,,,,,,,,,,,,,,,,,,,,,,,,,,,,
summary/missing_prefix.csv,Traffic,96,0.30320826495220704,0.4463098819725483,42,,,,,,,,,,,,,,,,/work/11617/sujato_ts/vista/motion_code-master/physics_modal_v4/results/final/checkpoints/LatentFlow/seed42/Traffic/h96.pt,elementwise MCAR mask followed by prefix-only forward fill,False,0.2,LatentFlow,3415,0.668064279820848,,,,,,,,,,,,,,,,,,,,,,,,,,,,,,,,,,,,,,,,,,,,,,,,,,,,,,,,,
summary/missing_prefix.csv,Traffic,96,0.31973465670308165,0.46657753374343963,42,,,,,,,,,,,,,,,,/work/11617/sujato_ts/vista/motion_code-master/physics_modal_v4/results/final/checkpoints/LatentFlow/seed42/Traffic/h96.pt,elementwise MCAR mask followed by prefix-only forward fill,False,0.4,LatentFlow,3415,0.6830648093288364,,,,,,,,,,,,,,,,,,,,,,,,,,,,,,,,,,,,,,,,,,,,,,,,,,,,,,,,,
summary/missing_prefix.csv,Traffic,96,0.29054548423009013,0.43464174585753557,42,,,,,,,,,,,,,,,,/work/11617/sujato_ts/vista/motion_code-master/physics_modal_v4/results/final/checkpoints/TimePro/seed42/Traffic/h96.pt,elementwise MCAR mask followed by prefix-only forward fill,False,0.0,TimePro,3415,0.6592736502072076,,,,,,,,,,,,,,,,,,,,,,,,,,,,,,,,,,,,,,,,,,,,,,,,,,,,,,,,,
summary/missing_prefix.csv,Traffic,96,0.29993787248240505,0.4485774856633403,42,,,,,,,,,,,,,,,,/work/11617/sujato_ts/vista/motion_code-master/physics_modal_v4/results/final/checkpoints/TimePro/seed42/Traffic/h96.pt,elementwise MCAR mask followed by prefix-only forward fill,False,0.2,TimePro,3415,0.6697592744138302,,,,,,,,,,,,,,,,,,,,,,,,,,,,,,,,,,,,,,,,,,,,,,,,,,,,,,,,,
summary/missing_prefix.csv,Traffic,96,0.316428787916305,0.46878849447541804,42,,,,,,,,,,,,,,,,/work/11617/sujato_ts/vista/motion_code-master/physics_modal_v4/results/final/checkpoints/TimePro/seed42/Traffic/h96.pt,elementwise MCAR mask followed by prefix-only forward fill,False,0.4,TimePro,3415,0.6846813086943575,,,,,,,,,,,,,,,,,,,,,,,,,,,,,,,,,,,,,,,,,,,,,,,,,,,,,,,,,
summary/missing_prefix.csv,Traffic,96,0.3194330075320664,0.46756939006251386,42,,,,,,,,,,,,,,,,/work/11617/sujato_ts/vista/motion_code-master/physics_modal_v4/results/final/checkpoints/VPNet/seed42/Traffic/h96.pt,elementwise MCAR mask followed by prefix-only forward fill,False,0.0,VPNet,3415,0.6837904577153106,,,,,,,,,,,,,,,,,,,,,,,,,,,,,,,,,,,,,,,,,,,,,,,,,,,,,,,,,
summary/missing_prefix.csv,Traffic,96,0.3260529729735779,0.4808290701314876,42,,,,,,,,,,,,,,,,/work/11617/sujato_ts/vista/motion_code-master/physics_modal_v4/results/final/checkpoints/VPNet/seed42/Traffic/h96.pt,elementwise MCAR mask followed by prefix-only forward fill,False,0.2,VPNet,3415,0.6934183947167017,,,,,,,,,,,,,,,,,,,,,,,,,,,,,,,,,,,,,,,,,,,,,,,,,,,,,,,,,
summary/missing_prefix.csv,Traffic,96,0.33799685122816475,0.49831921717231764,42,,,,,,,,,,,,,,,,/work/11617/sujato_ts/vista/motion_code-master/physics_modal_v4/results/final/checkpoints/VPNet/seed42/Traffic/h96.pt,elementwise MCAR mask followed by prefix-only forward fill,False,0.4,VPNet,3415,0.7059172877698333,,,,,,,,,,,,,,,,,,,,,,,,,,,,,,,,,,,,,,,,,,,,,,,,,,,,,,,,,
summary/missing_prefix.csv,Weather,192,0.2551927824683744,0.21354596359925804,42,,,,,,,,,,,,,,,,/work/11617/sujato_ts/vista/motion_code-master/physics_modal_v4/results/final/checkpoints/LatentFlow/seed42/Weather/h192.pt,elementwise MCAR mask followed by prefix-only forward fill,False,0.0,LatentFlow,10349,0.46211033704003857,,,,,,,,,,,,,,,,,,,,,,,,,,,,,,,,,,,,,,,,,,,,,,,,,,,,,,,,,
summary/missing_prefix.csv,Weather,192,0.2556021266851289,0.21402420059204405,42,,,,,,,,,,,,,,,,/work/11617/sujato_ts/vista/motion_code-master/physics_modal_v4/results/final/checkpoints/LatentFlow/seed42/Weather/h192.pt,elementwise MCAR mask followed by prefix-only forward fill,False,0.2,LatentFlow,10349,0.46262749658017954,,,,,,,,,,,,,,,,,,,,,,,,,,,,,,,,,,,,,,,,,,,,,,,,,,,,,,,,,
summary/missing_prefix.csv,Weather,192,0.2557744988678599,0.21424659779309765,42,,,,,,,,,,,,,,,,/work/11617/sujato_ts/vista/motion_code-master/physics_modal_v4/results/final/checkpoints/LatentFlow/seed42/Weather/h192.pt,elementwise MCAR mask followed by prefix-only forward fill,False,0.4,LatentFlow,10349,0.4628677973170068,,,,,,,,,,,,,,,,,,,,,,,,,,,,,,,,,,,,,,,,,,,,,,,,,,,,,,,,,
summary/missing_prefix.csv,Weather,192,0.2650676060335634,0.2326213336062835,42,,,,,,,,,,,,,,,,/work/11617/sujato_ts/vista/motion_code-master/physics_modal_v4/results/final/checkpoints/TimePro/seed42/Weather/h192.pt,elementwise MCAR mask followed by prefix-only forward fill,False,0.0,TimePro,10349,0.48230833872771006,,,,,,,,,,,,,,,,,,,,,,,,,,,,,,,,,,,,,,,,,,,,,,,,,,,,,,,,,
summary/missing_prefix.csv,Weather,192,0.26528995452019566,0.23293632641414672,42,,,,,,,,,,,,,,,,/work/11617/sujato_ts/vista/motion_code-master/physics_modal_v4/results/final/checkpoints/TimePro/seed42/Weather/h192.pt,elementwise MCAR mask followed by prefix-only forward fill,False,0.2,TimePro,10349,0.48263477538833305,,,,,,,,,,,,,,,,,,,,,,,,,,,,,,,,,,,,,,,,,,,,,,,,,,,,,,,,,
summary/missing_prefix.csv,Weather,192,0.2653250324843067,0.23317358041374717,42,,,,,,,,,,,,,,,,/work/11617/sujato_ts/vista/motion_code-master/physics_modal_v4/results/final/checkpoints/TimePro/seed42/Weather/h192.pt,elementwise MCAR mask followed by prefix-only forward fill,False,0.4,TimePro,10349,0.48288050324458864,,,,,,,,,,,,,,,,,,,,,,,,,,,,,,,,,,,,,,,,,,,,,,,,,,,,,,,,,
summary/missing_prefix.csv,Weather,192,0.25920548742752336,0.21966009469111983,42,,,,,,,,,,,,,,,,/work/11617/sujato_ts/vista/motion_code-master/physics_modal_v4/results/final/checkpoints/VPNet/seed42/Weather/h192.pt,elementwise MCAR mask followed by prefix-only forward fill,False,0.0,VPNet,10349,0.4686790956412712,,,,,,,,,,,,,,,,,,,,,,,,,,,,,,,,,,,,,,,,,,,,,,,,,,,,,,,,,
summary/missing_prefix.csv,Weather,192,0.25971980937341216,0.22018818913889515,42,,,,,,,,,,,,,,,,/work/11617/sujato_ts/vista/motion_code-master/physics_modal_v4/results/final/checkpoints/VPNet/seed42/Weather/h192.pt,elementwise MCAR mask followed by prefix-only forward fill,False,0.2,VPNet,10349,0.46924214339602444,,,,,,,,,,,,,,,,,,,,,,,,,,,,,,,,,,,,,,,,,,,,,,,,,,,,,,,,,
summary/missing_prefix.csv,Weather,192,0.2598925842370626,0.22043812765181697,42,,,,,,,,,,,,,,,,/work/11617/sujato_ts/vista/motion_code-master/physics_modal_v4/results/final/checkpoints/VPNet/seed42/Weather/h192.pt,elementwise MCAR mask followed by prefix-only forward fill,False,0.4,VPNet,10349,0.4695083893306029,,,,,,,,,,,,,,,,,,,,,,,,,,,,,,,,,,,,,,,,,,,,,,,,,,,,,,,,,
summary/missing_prefix.csv,Weather,336,0.2985933936166014,0.27262603924511813,42,,,,,,,,,,,,,,,,/work/11617/sujato_ts/vista/motion_code-master/physics_modal_v4/results/final/checkpoints/LatentFlow/seed42/Weather/h336.pt,elementwise MCAR mask followed by prefix-only forward fill,False,0.0,LatentFlow,10205,0.5221360351911349,,,,,,,,,,,,,,,,,,,,,,,,,,,,,,,,,,,,,,,,,,,,,,,,,,,,,,,,,
summary/missing_prefix.csv,Weather,336,0.29909738420037424,0.27323297692351567,42,,,,,,,,,,,,,,,,/work/11617/sujato_ts/vista/motion_code-master/physics_modal_v4/results/final/checkpoints/LatentFlow/seed42/Weather/h336.pt,elementwise MCAR mask followed by prefix-only forward fill,False,0.2,LatentFlow,10205,0.5227169185357555,,,,,,,,,,,,,,,,,,,,,,,,,,,,,,,,,,,,,,,,,,,,,,,,,,,,,,,,,
summary/missing_prefix.csv,Weather,336,0.29941653690024234,0.27355744754483596,42,,,,,,,,,,,,,,,,/work/11617/sujato_ts/vista/motion_code-master/physics_modal_v4/results/final/checkpoints/LatentFlow/seed42/Weather/h336.pt,elementwise MCAR mask followed by prefix-only forward fill,False,0.4,LatentFlow,10205,0.5230271957984938,,,,,,,,,,,,,,,,,,,,,,,,,,,,,,,,,,,,,,,,,,,,,,,,,,,,,,,,,
summary/missing_prefix.csv,Weather,336,0.30177767659764787,0.28428064579385337,42,,,,,,,,,,,,,,,,/work/11617/sujato_ts/vista/motion_code-master/physics_modal_v4/results/final/checkpoints/TimePro/seed42/Weather/h336.pt,elementwise MCAR mask followed by prefix-only forward fill,False,0.0,TimePro,10205,0.5331797499847996,,,,,,,,,,,,,,,,,,,,,,,,,,,,,,,,,,,,,,,,,,,,,,,,,,,,,,,,,
summary/missing_prefix.csv,Weather,336,0.3019406628511941,0.2844734373890074,42,,,,,,,,,,,,,,,,/work/11617/sujato_ts/vista/motion_code-master/physics_modal_v4/results/final/checkpoints/TimePro/seed42/Weather/h336.pt,elementwise MCAR mask followed by prefix-only forward fill,False,0.2,TimePro,10205,0.5333605135262709,,,,,,,,,,,,,,,,,,,,,,,,,,,,,,,,,,,,,,,,,,,,,,,,,,,,,,,,,
summary/missing_prefix.csv,Weather,336,0.30195961909869085,0.28473605724009143,42,,,,,,,,,,,,,,,,/work/11617/sujato_ts/vista/motion_code-master/physics_modal_v4/results/final/checkpoints/TimePro/seed42/Weather/h336.pt,elementwise MCAR mask followed by prefix-only forward fill,False,0.4,TimePro,10205,0.5336066502959754,,,,,,,,,,,,,,,,,,,,,,,,,,,,,,,,,,,,,,,,,,,,,,,,,,,,,,,,,
summary/missing_prefix.csv,Weather,336,0.3027372855317804,0.27825949499587355,42,,,,,,,,,,,,,,,,/work/11617/sujato_ts/vista/motion_code-master/physics_modal_v4/results/final/checkpoints/VPNet/seed42/Weather/h336.pt,elementwise MCAR mask followed by prefix-only forward fill,False,0.0,VPNet,10205,0.5275030758165051,,,,,,,,,,,,,,,,,,,,,,,,,,,,,,,,,,,,,,,,,,,,,,,,,,,,,,,,,
summary/missing_prefix.csv,Weather,336,0.3033689756957247,0.2789452425098256,42,,,,,,,,,,,,,,,,/work/11617/sujato_ts/vista/motion_code-master/physics_modal_v4/results/final/checkpoints/VPNet/seed42/Weather/h336.pt,elementwise MCAR mask followed by prefix-only forward fill,False,0.2,VPNet,10205,0.5281526696986636,,,,,,,,,,,,,,,,,,,,,,,,,,,,,,,,,,,,,,,,,,,,,,,,,,,,,,,,,
summary/missing_prefix.csv,Weather,336,0.303732470962379,0.2791166790797747,42,,,,,,,,,,,,,,,,/work/11617/sujato_ts/vista/motion_code-master/physics_modal_v4/results/final/checkpoints/VPNet/seed42/Weather/h336.pt,elementwise MCAR mask followed by prefix-only forward fill,False,0.4,VPNet,10205,0.5283149430782502,,,,,,,,,,,,,,,,,,,,,,,,,,,,,,,,,,,,,,,,,,,,,,,,,,,,,,,,,
summary/missing_prefix.csv,Weather,720,0.3532897798650574,0.35555996850853744,42,,,,,,,,,,,,,,,,/work/11617/sujato_ts/vista/motion_code-master/physics_modal_v4/results/final/checkpoints/LatentFlow/seed42/Weather/h720.pt,elementwise MCAR mask followed by prefix-only forward fill,False,0.0,LatentFlow,9821,0.5962884943620307,,,,,,,,,,,,,,,,,,,,,,,,,,,,,,,,,,,,,,,,,,,,,,,,,,,,,,,,,
summary/missing_prefix.csv,Weather,720,0.35350781797267145,0.35580501058280606,42,,,,,,,,,,,,,,,,/work/11617/sujato_ts/vista/motion_code-master/physics_modal_v4/results/final/checkpoints/LatentFlow/seed42/Weather/h720.pt,elementwise MCAR mask followed by prefix-only forward fill,False,0.2,LatentFlow,9821,0.5964939317233714,,,,,,,,,,,,,,,,,,,,,,,,,,,,,,,,,,,,,,,,,,,,,,,,,,,,,,,,,
summary/missing_prefix.csv,Weather,720,0.3537910383227497,0.3564486237108823,42,,,,,,,,,,,,,,,,/work/11617/sujato_ts/vista/motion_code-master/physics_modal_v4/results/final/checkpoints/LatentFlow/seed42/Weather/h720.pt,elementwise MCAR mask followed by prefix-only forward fill,False,0.4,LatentFlow,9821,0.5970331847652041,,,,,,,,,,,,,,,,,,,,,,,,,,,,,,,,,,,,,,,,,,,,,,,,,,,,,,,,,
summary/missing_prefix.csv,Weather,720,0.35272248753893437,0.36088408244914494,42,,,,,,,,,,,,,,,,/work/11617/sujato_ts/vista/motion_code-master/physics_modal_v4/results/final/checkpoints/TimePro/seed42/Weather/h720.pt,elementwise MCAR mask followed by prefix-only forward fill,False,0.0,TimePro,9821,0.6007362836129885,,,,,,,,,,,,,,,,,,,,,,,,,,,,,,,,,,,,,,,,,,,,,,,,,,,,,,,,,
summary/missing_prefix.csv,Weather,720,0.3527252221910929,0.36085311500461437,42,,,,,,,,,,,,,,,,/work/11617/sujato_ts/vista/motion_code-master/physics_modal_v4/results/final/checkpoints/TimePro/seed42/Weather/h720.pt,elementwise MCAR mask followed by prefix-only forward fill,False,0.2,TimePro,9821,0.6007105084852556,,,,,,,,,,,,,,,,,,,,,,,,,,,,,,,,,,,,,,,,,,,,,,,,,,,,,,,,,
summary/missing_prefix.csv,Weather,720,0.3527948641189023,0.36111343136703034,42,,,,,,,,,,,,,,,,/work/11617/sujato_ts/vista/motion_code-master/physics_modal_v4/results/final/checkpoints/TimePro/seed42/Weather/h720.pt,elementwise MCAR mask followed by prefix-only forward fill,False,0.4,TimePro,9821,0.600927143143851,,,,,,,,,,,,,,,,,,,,,,,,,,,,,,,,,,,,,,,,,,,,,,,,,,,,,,,,,
summary/missing_prefix.csv,Weather,720,0.3502758129877065,0.35387318366337633,42,,,,,,,,,,,,,,,,/work/11617/sujato_ts/vista/motion_code-master/physics_modal_v4/results/final/checkpoints/VPNet/seed42/Weather/h720.pt,elementwise MCAR mask followed by prefix-only forward fill,False,0.0,VPNet,9821,0.594872409566435,,,,,,,,,,,,,,,,,,,,,,,,,,,,,,,,,,,,,,,,,,,,,,,,,,,,,,,,,
summary/missing_prefix.csv,Weather,720,0.35080550589850656,0.3546012818411832,42,,,,,,,,,,,,,,,,/work/11617/sujato_ts/vista/motion_code-master/physics_modal_v4/results/final/checkpoints/VPNet/seed42/Weather/h720.pt,elementwise MCAR mask followed by prefix-only forward fill,False,0.2,VPNet,9821,0.5954840735411681,,,,,,,,,,,,,,,,,,,,,,,,,,,,,,,,,,,,,,,,,,,,,,,,,,,,,,,,,
summary/missing_prefix.csv,Weather,720,0.35104340582610105,0.3549286791637019,42,,,,,,,,,,,,,,,,/work/11617/sujato_ts/vista/motion_code-master/physics_modal_v4/results/final/checkpoints/VPNet/seed42/Weather/h720.pt,elementwise MCAR mask followed by prefix-only forward fill,False,0.4,VPNet,9821,0.5957589102679891,,,,,,,,,,,,,,,,,,,,,,,,,,,,,,,,,,,,,,,,,,,,,,,,,,,,,,,,,
summary/missing_prefix.csv,Weather,96,0.21390171667402463,0.16728448753957223,42,,,,,,,,,,,,,,,,/work/11617/sujato_ts/vista/motion_code-master/physics_modal_v4/results/final/checkpoints/LatentFlow/seed42/Weather/h96.pt,elementwise MCAR mask followed by prefix-only forward fill,False,0.0,LatentFlow,10445,0.40900426347358804,,,,,,,,,,,,,,,,,,,,,,,,,,,,,,,,,,,,,,,,,,,,,,,,,,,,,,,,,
summary/missing_prefix.csv,Weather,96,0.21453152723605928,0.16804971469511412,42,,,,,,,,,,,,,,,,/work/11617/sujato_ts/vista/motion_code-master/physics_modal_v4/results/final/checkpoints/LatentFlow/seed42/Weather/h96.pt,elementwise MCAR mask followed by prefix-only forward fill,False,0.2,LatentFlow,10445,0.4099386718707008,,,,,,,,,,,,,,,,,,,,,,,,,,,,,,,,,,,,,,,,,,,,,,,,,,,,,,,,,
summary/missing_prefix.csv,Weather,96,0.21483274228519927,0.16817100970873547,42,,,,,,,,,,,,,,,,/work/11617/sujato_ts/vista/motion_code-master/physics_modal_v4/results/final/checkpoints/LatentFlow/seed42/Weather/h96.pt,elementwise MCAR mask followed by prefix-only forward fill,False,0.4,LatentFlow,10445,0.4100865880624913,,,,,,,,,,,,,,,,,,,,,,,,,,,,,,,,,,,,,,,,,,,,,,,,,,,,,,,,,
summary/missing_prefix.csv,Weather,96,0.2212649731216953,0.17898738217924293,42,,,,,,,,,,,,,,,,/work/11617/sujato_ts/vista/motion_code-master/physics_modal_v4/results/final/checkpoints/TimePro/seed42/Weather/h96.pt,elementwise MCAR mask followed by prefix-only forward fill,False,0.0,TimePro,10445,0.4230690040398173,,,,,,,,,,,,,,,,,,,,,,,,,,,,,,,,,,,,,,,,,,,,,,,,,,,,,,,,,
summary/missing_prefix.csv,Weather,96,0.2217117913628539,0.1795965696455984,42,,,,,,,,,,,,,,,,/work/11617/sujato_ts/vista/motion_code-master/physics_modal_v4/results/final/checkpoints/TimePro/seed42/Weather/h96.pt,elementwise MCAR mask followed by prefix-only forward fill,False,0.2,TimePro,10445,0.42378835477818216,,,,,,,,,,,,,,,,,,,,,,,,,,,,,,,,,,,,,,,,,,,,,,,,,,,,,,,,,
summary/missing_prefix.csv,Weather,96,0.22190448830232734,0.17989250782294128,42,,,,,,,,,,,,,,,,/work/11617/sujato_ts/vista/motion_code-master/physics_modal_v4/results/final/checkpoints/TimePro/seed42/Weather/h96.pt,elementwise MCAR mask followed by prefix-only forward fill,False,0.4,TimePro,10445,0.4241373690479787,,,,,,,,,,,,,,,,,,,,,,,,,,,,,,,,,,,,,,,,,,,,,,,,,,,,,,,,,
summary/missing_prefix.csv,Weather,96,0.21899188694288738,0.172610905899662,42,,,,,,,,,,,,,,,,/work/11617/sujato_ts/vista/motion_code-master/physics_modal_v4/results/final/checkpoints/VPNet/seed42/Weather/h96.pt,elementwise MCAR mask followed by prefix-only forward fill,False,0.0,VPNet,10445,0.4154646867059365,,,,,,,,,,,,,,,,,,,,,,,,,,,,,,,,,,,,,,,,,,,,,,,,,,,,,,,,,
summary/missing_prefix.csv,Weather,96,0.21970890769832987,0.1731833008750935,42,,,,,,,,,,,,,,,,/work/11617/sujato_ts/vista/motion_code-master/physics_modal_v4/results/final/checkpoints/VPNet/seed42/Weather/h96.pt,elementwise MCAR mask followed by prefix-only forward fill,False,0.2,VPNet,10445,0.41615297773185944,,,,,,,,,,,,,,,,,,,,,,,,,,,,,,,,,,,,,,,,,,,,,,,,,,,,,,,,,
summary/missing_prefix.csv,Weather,96,0.2201977129485515,0.17345403389394964,42,,,,,,,,,,,,,,,,/work/11617/sujato_ts/vista/motion_code-master/physics_modal_v4/results/final/checkpoints/VPNet/seed42/Weather/h96.pt,elementwise MCAR mask followed by prefix-only forward fill,False,0.4,VPNet,10445,0.4164781313513948,,,,,,,,,,,,,,,,,,,,,,,,,,,,,,,,,,,,,,,,,,,,,,,,,,,,,,,,,
summary/synthetic_assignments.csv,,,,,42,early_fusion,,,,,,,,,,,,,,,,,,,,,,0.6408926129604946,0.7676718235015869,0,independent,0,,,,,,,,,,,,,,,,,,,,,,,,,,,,,,,,,,,,,,,,,,,,,,,,,,,,
summary/synthetic_assignments.csv,,,,,42,early_fusion,,,,,,,,,,,,,,,,,,,,,,0.422591647729058,0.909424364566803,1,independent,1,,,,,,,,,,,,,,,,,,,,,,,,,,,,,,,,,,,,,,,,,,,,,,,,,,,,
summary/synthetic_assignments.csv,,,,,42,early_fusion,,,,,,,,,,,,,,,,,,,,,,0.3998470591354214,0.9167526364326477,2,independent,2,,,,,,,,,,,,,,,,,,,,,,,,,,,,,,,,,,,,,,,,,,,,,,,,,,,,
summary/synthetic_assignments.csv,,,,,43,early_fusion,,,,,,,,,,,,,,,,,,,,,,0.6654031502514636,0.7471517324447632,0,independent,0,,,,,,,,,,,,,,,,,,,,,,,,,,,,,,,,,,,,,,,,,,,,,,,,,,,,
summary/synthetic_assignments.csv,,,,,43,early_fusion,,,,,,,,,,,,,,,,,,,,,,0.45754057959524574,0.9146929383277893,1,independent,1,,,,,,,,,,,,,,,,,,,,,,,,,,,,,,,,,,,,,,,,,,,,,,,,,,,,
summary/synthetic_assignments.csv,,,,,43,early_fusion,,,,,,,,,,,,,,,,,,,,,,0.41567675532385123,0.9101937413215637,2,independent,2,,,,,,,,,,,,,,,,,,,,,,,,,,,,,,,,,,,,,,,,,,,,,,,,,,,,
summary/synthetic_assignments.csv,,,,,44,early_fusion,,,,,,,,,,,,,,,,,,,,,,0.7258470908736027,0.6903403401374817,0,independent,0,,,,,,,,,,,,,,,,,,,,,,,,,,,,,,,,,,,,,,,,,,,,,,,,,,,,
summary/synthetic_assignments.csv,,,,,44,early_fusion,,,,,,,,,,,,,,,,,,,,,,0.43799313151694863,0.9042800664901733,1,independent,1,,,,,,,,,,,,,,,,,,,,,,,,,,,,,,,,,,,,,,,,,,,,,,,,,,,,
summary/synthetic_assignments.csv,,,,,44,early_fusion,,,,,,,,,,,,,,,,,,,,,,0.41386257166066537,0.9138751029968262,2,independent,2,,,,,,,,,,,,,,,,,,,,,,,,,,,,,,,,,,,,,,,,,,,,,,,,,,,,
summary/synthetic_assignments.csv,,,,,45,early_fusion,,,,,,,,,,,,,,,,,,,,,,0.6860097087634078,0.7280363440513611,0,independent,0,,,,,,,,,,,,,,,,,,,,,,,,,,,,,,,,,,,,,,,,,,,,,,,,,,,,
summary/synthetic_assignments.csv,,,,,45,early_fusion,,,,,,,,,,,,,,,,,,,,,,0.3802114316508732,0.9397491812705994,1,independent,1,,,,,,,,,,,,,,,,,,,,,,,,,,,,,,,,,,,,,,,,,,,,,,,,,,,,
summary/synthetic_assignments.csv,,,,,45,early_fusion,,,,,,,,,,,,,,,,,,,,,,0.35041787117260204,0.9373964071273804,2,independent,2,,,,,,,,,,,,,,,,,,,,,,,,,,,,,,,,,,,,,,,,,,,,,,,,,,,,
summary/synthetic_assignments.csv,,,,,46,early_fusion,,,,,,,,,,,,,,,,,,,,,,0.874302975349438,0.48603323101997375,0,independent,0,,,,,,,,,,,,,,,,,,,,,,,,,,,,,,,,,,,,,,,,,,,,,,,,,,,,
summary/synthetic_assignments.csv,,,,,46,early_fusion,,,,,,,,,,,,,,,,,,,,,,0.3779822180499136,0.9924850463867188,1,independent,1,,,,,,,,,,,,,,,,,,,,,,,,,,,,,,,,,,,,,,,,,,,,,,,,,,,,
summary/synthetic_assignments.csv,,,,,46,early_fusion,,,,,,,,,,,,,,,,,,,,,,0.42776903429053464,0.9060879349708557,2,independent,2,,,,,,,,,,,,,,,,,,,,,,,,,,,,,,,,,,,,,,,,,,,,,,,,,,,,
summary/synthetic_assignments.csv,,,,,42,independent_branches,,,,,,,,,,,,,,,,,,,,,,0.6426080411963733,0.7662539482116699,0,independent,0,,,,,,,,,,,,,,,,,,,,,,,,,,,,,,,,,,,,,,,,,,,,,,,,,,,,
summary/synthetic_assignments.csv,,,,,42,independent_branches,,,,,,,,,,,,,,,,,,,,,,0.42091582219668566,0.9102410078048706,1,independent,1,,,,,,,,,,,,,,,,,,,,,,,,,,,,,,,,,,,,,,,,,,,,,,,,,,,,
summary/synthetic_assignments.csv,,,,,42,independent_branches,,,,,,,,,,,,,,,,,,,,,,0.4026374096873552,0.915504515171051,2,independent,2,,,,,,,,,,,,,,,,,,,,,,,,,,,,,,,,,,,,,,,,,,,,,,,,,,,,
summary/synthetic_assignments.csv,,,,,43,independent_branches,,,,,,,,,,,,,,,,,,,,,,0.6678409525922014,0.7449474334716797,0,independent,0,,,,,,,,,,,,,,,,,,,,,,,,,,,,,,,,,,,,,,,,,,,,,,,,,,,,
summary/synthetic_assignments.csv,,,,,43,independent_branches,,,,,,,,,,,,,,,,,,,,,,0.45624373548442526,0.915325403213501,1,independent,1,,,,,,,,,,,,,,,,,,,,,,,,,,,,,,,,,,,,,,,,,,,,,,,,,,,,
summary/synthetic_assignments.csv,,,,,43,independent_branches,,,,,,,,,,,,,,,,,,,,,,0.4172193110893022,0.9095795750617981,2,independent,2,,,,,,,,,,,,,,,,,,,,,,,,,,,,,,,,,,,,,,,,,,,,,,,,,,,,
summary/synthetic_assignments.csv,,,,,44,independent_branches,,,,,,,,,,,,,,,,,,,,,,0.7261810372929811,0.6899526715278625,0,independent,0,,,,,,,,,,,,,,,,,,,,,,,,,,,,,,,,,,,,,,,,,,,,,,,,,,,,
summary/synthetic_assignments.csv,,,,,44,independent_branches,,,,,,,,,,,,,,,,,,,,,,0.43556553878724225,0.9054836630821228,1,independent,1,,,,,,,,,,,,,,,,,,,,,,,,,,,,,,,,,,,,,,,,,,,,,,,,,,,,
summary/synthetic_assignments.csv,,,,,44,independent_branches,,,,,,,,,,,,,,,,,,,,,,0.4158128290996329,0.9129790663719177,2,independent,2,,,,,,,,,,,,,,,,,,,,,,,,,,,,,,,,,,,,,,,,,,,,,,,,,,,,
summary/synthetic_assignments.csv,,,,,45,independent_branches,,,,,,,,,,,,,,,,,,,,,,0.6874680514549295,0.7266941070556641,0,independent,0,,,,,,,,,,,,,,,,,,,,,,,,,,,,,,,,,,,,,,,,,,,,,,,,,,,,
summary/synthetic_assignments.csv,,,,,45,independent_branches,,,,,,,,,,,,,,,,,,,,,,0.3786706774622184,0.9404072165489197,1,independent,1,,,,,,,,,,,,,,,,,,,,,,,,,,,,,,,,,,,,,,,,,,,,,,,,,,,,
summary/synthetic_assignments.csv,,,,,45,independent_branches,,,,,,,,,,,,,,,,,,,,,,0.35234196075140317,0.9366793036460876,2,independent,2,,,,,,,,,,,,,,,,,,,,,,,,,,,,,,,,,,,,,,,,,,,,,,,,,,,,
summary/synthetic_assignments.csv,,,,,46,independent_branches,,,,,,,,,,,,,,,,,,,,,,0.8749176697631398,0.484945148229599,0,independent,0,,,,,,,,,,,,,,,,,,,,,,,,,,,,,,,,,,,,,,,,,,,,,,,,,,,,
summary/synthetic_assignments.csv,,,,,46,independent_branches,,,,,,,,,,,,,,,,,,,,,,0.3776359266204347,0.9926246404647827,1,independent,1,,,,,,,,,,,,,,,,,,,,,,,,,,,,,,,,,,,,,,,,,,,,,,,,,,,,
summary/synthetic_assignments.csv,,,,,46,independent_branches,,,,,,,,,,,,,,,,,,,,,,0.4333999958530895,0.9035993814468384,2,independent,2,,,,,,,,,,,,,,,,,,,,,,,,,,,,,,,,,,,,,,,,,,,,,,,,,,,,
summary/synthetic_assignments.csv,,,,,42,process_preserving,,,,,,,,,,,,,,,,,,,,,,0.6434799729294389,0.7655124068260193,0,independent,0,,,,,,,,,,,,,,,,,,,,,,,,,,,,,,,,,,,,,,,,,,,,,,,,,,,,
summary/synthetic_assignments.csv,,,,,42,process_preserving,,,,,,,,,,,,,,,,,,,,,,0.42433490551578923,0.9085890054702759,1,independent,1,,,,,,,,,,,,,,,,,,,,,,,,,,,,,,,,,,,,,,,,,,,,,,,,,,,,
summary/synthetic_assignments.csv,,,,,42,process_preserving,,,,,,,,,,,,,,,,,,,,,,0.4032372750834441,0.9152628183364868,2,independent,2,,,,,,,,,,,,,,,,,,,,,,,,,,,,,,,,,,,,,,,,,,,,,,,,,,,,
summary/synthetic_assignments.csv,,,,,43,process_preserving,,,,,,,,,,,,,,,,,,,,,,0.6666414023884019,0.7460252642631531,0,independent,0,,,,,,,,,,,,,,,,,,,,,,,,,,,,,,,,,,,,,,,,,,,,,,,,,,,,
summary/synthetic_assignments.csv,,,,,43,process_preserving,,,,,,,,,,,,,,,,,,,,,,0.45830697202619985,0.9142310619354248,1,independent,1,,,,,,,,,,,,,,,,,,,,,,,,,,,,,,,,,,,,,,,,,,,,,,,,,,,,
summary/synthetic_assignments.csv,,,,,43,process_preserving,,,,,,,,,,,,,,,,,,,,,,0.4181008293222653,0.9090973138809204,2,independent,2,,,,,,,,,,,,,,,,,,,,,,,,,,,,,,,,,,,,,,,,,,,,,,,,,,,,
summary/synthetic_assignments.csv,,,,,44,process_preserving,,,,,,,,,,,,,,,,,,,,,,0.7266205620841403,0.6895210146903992,0,independent,0,,,,,,,,,,,,,,,,,,,,,,,,,,,,,,,,,,,,,,,,,,,,,,,,,,,,
summary/synthetic_assignments.csv,,,,,44,process_preserving,,,,,,,,,,,,,,,,,,,,,,0.43797925440254587,0.9042106866836548,1,independent,1,,,,,,,,,,,,,,,,,,,,,,,,,,,,,,,,,,,,,,,,,,,,,,,,,,,,
summary/synthetic_assignments.csv,,,,,44,process_preserving,,,,,,,,,,,,,,,,,,,,,,0.41569919865334315,0.9130321145057678,2,independent,2,,,,,,,,,,,,,,,,,,,,,,,,,,,,,,,,,,,,,,,,,,,,,,,,,,,,
summary/synthetic_assignments.csv,,,,,45,process_preserving,,,,,,,,,,,,,,,,,,,,,,0.6865000523284532,0.7275848984718323,0,independent,0,,,,,,,,,,,,,,,,,,,,,,,,,,,,,,,,,,,,,,,,,,,,,,,,,,,,
summary/synthetic_assignments.csv,,,,,45,process_preserving,,,,,,,,,,,,,,,,,,,,,,0.38059289096970306,0.9396677613258362,1,independent,1,,,,,,,,,,,,,,,,,,,,,,,,,,,,,,,,,,,,,,,,,,,,,,,,,,,,
summary/synthetic_assignments.csv,,,,,45,process_preserving,,,,,,,,,,,,,,,,,,,,,,0.35108012845066144,0.9371458888053894,2,independent,2,,,,,,,,,,,,,,,,,,,,,,,,,,,,,,,,,,,,,,,,,,,,,,,,,,,,
summary/synthetic_assignments.csv,,,,,46,process_preserving,,,,,,,,,,,,,,,,,,,,,,0.8747072943518222,0.4853176772594452,0,independent,0,,,,,,,,,,,,,,,,,,,,,,,,,,,,,,,,,,,,,,,,,,,,,,,,,,,,
summary/synthetic_assignments.csv,,,,,46,process_preserving,,,,,,,,,,,,,,,,,,,,,,0.3783551208517901,0.9923264980316162,1,independent,1,,,,,,,,,,,,,,,,,,,,,,,,,,,,,,,,,,,,,,,,,,,,,,,,,,,,
summary/synthetic_assignments.csv,,,,,46,process_preserving,,,,,,,,,,,,,,,,,,,,,,0.4307455773924026,0.9047882556915283,2,independent,2,,,,,,,,,,,,,,,,,,,,,,,,,,,,,,,,,,,,,,,,,,,,,,,,,,,,
summary/synthetic_assignments.csv,,,,,42,full,,,,,,,,,,,,,,,,,,,,,,0.6432778092427455,0.7656831741333008,0,independent,0,,,,,,,,,,,,,,,,,,,,,,,,,,,,,,,,,,,,,,,,,,,,,,,,,,,,
summary/synthetic_assignments.csv,,,,,42,full,,,,,,,,,,,,,,,,,,,,,,0.42399629864771193,0.9087510704994202,1,independent,1,,,,,,,,,,,,,,,,,,,,,,,,,,,,,,,,,,,,,,,,,,,,,,,,,,,,
summary/synthetic_assignments.csv,,,,,42,full,,,,,,,,,,,,,,,,,,,,,,0.4035188697882955,0.9151374101638794,2,independent,2,,,,,,,,,,,,,,,,,,,,,,,,,,,,,,,,,,,,,,,,,,,,,,,,,,,,
summary/synthetic_assignments.csv,,,,,43,full,,,,,,,,,,,,,,,,,,,,,,0.6666497385461858,0.7460182309150696,0,independent,0,,,,,,,,,,,,,,,,,,,,,,,,,,,,,,,,,,,,,,,,,,,,,,,,,,,,
summary/synthetic_assignments.csv,,,,,43,full,,,,,,,,,,,,,,,,,,,,,,0.45834645315558004,0.9142151474952698,1,independent,1,,,,,,,,,,,,,,,,,,,,,,,,,,,,,,,,,,,,,,,,,,,,,,,,,,,,
summary/synthetic_assignments.csv,,,,,43,full,,,,,,,,,,,,,,,,,,,,,,0.4181453889827128,0.909075915813446,2,independent,2,,,,,,,,,,,,,,,,,,,,,,,,,,,,,,,,,,,,,,,,,,,,,,,,,,,,
summary/synthetic_assignments.csv,,,,,44,full,,,,,,,,,,,,,,,,,,,,,,0.7267932522404092,0.689340353012085,0,independent,0,,,,,,,,,,,,,,,,,,,,,,,,,,,,,,,,,,,,,,,,,,,,,,,,,,,,
summary/synthetic_assignments.csv,,,,,44,full,,,,,,,,,,,,,,,,,,,,,,0.43820463867349335,0.9040900468826294,1,independent,1,,,,,,,,,,,,,,,,,,,,,,,,,,,,,,,,,,,,,,,,,,,,,,,,,,,,
summary/synthetic_assignments.csv,,,,,44,full,,,,,,,,,,,,,,,,,,,,,,0.4158275896749541,0.9129723310470581,2,independent,2,,,,,,,,,,,,,,,,,,,,,,,,,,,,,,,,,,,,,,,,,,,,,,,,,,,,
summary/synthetic_assignments.csv,,,,,45,full,,,,,,,,,,,,,,,,,,,,,,0.6865078505573456,0.7275781035423279,0,independent,0,,,,,,,,,,,,,,,,,,,,,,,,,,,,,,,,,,,,,,,,,,,,,,,,,,,,
summary/synthetic_assignments.csv,,,,,45,full,,,,,,,,,,,,,,,,,,,,,,0.380671462883105,0.9396348595619202,1,independent,1,,,,,,,,,,,,,,,,,,,,,,,,,,,,,,,,,,,,,,,,,,,,,,,,,,,,
summary/synthetic_assignments.csv,,,,,45,full,,,,,,,,,,,,,,,,,,,,,,0.35117586907666454,0.9371091723442078,2,independent,2,,,,,,,,,,,,,,,,,,,,,,,,,,,,,,,,,,,,,,,,,,,,,,,,,,,,
summary/synthetic_assignments.csv,,,,,46,full,,,,,,,,,,,,,,,,,,,,,,0.8747223383163232,0.48529064655303955,0,independent,0,,,,,,,,,,,,,,,,,,,,,,,,,,,,,,,,,,,,,,,,,,,,,,,,,,,,
summary/synthetic_assignments.csv,,,,,46,full,,,,,,,,,,,,,,,,,,,,,,0.3783555582995424,0.9923095703125,1,independent,1,,,,,,,,,,,,,,,,,,,,,,,,,,,,,,,,,,,,,,,,,,,,,,,,,,,,
summary/synthetic_assignments.csv,,,,,46,full,,,,,,,,,,,,,,,,,,,,,,0.43074058305886415,0.9047916531562805,2,independent,2,,,,,,,,,,,,,,,,,,,,,,,,,,,,,,,,,,,,,,,,,,,,,,,,,,,,
summary/synthetic_assignments.csv,,,,,42,early_fusion,,,,,,,,,,,,,,,,,,,,,,0.6438031654495486,0.7652239203453064,0,interacting,0,,,,,,,,,,,,,,,,,,,,,,,,,,,,,,,,,,,,,,,,,,,,,,,,,,,,
summary/synthetic_assignments.csv,,,,,42,early_fusion,,,,,,,,,,,,,,,,,,,,,,0.4253926243328969,0.9080792665481567,1,interacting,1,,,,,,,,,,,,,,,,,,,,,,,,,,,,,,,,,,,,,,,,,,,,,,,,,,,,
summary/synthetic_assignments.csv,,,,,42,early_fusion,,,,,,,,,,,,,,,,,,,,,,0.4011529075623005,0.9162490367889404,2,interacting,2,,,,,,,,,,,,,,,,,,,,,,,,,,,,,,,,,,,,,,,,,,,,,,,,,,,,
summary/synthetic_assignments.csv,,,,,43,early_fusion,,,,,,,,,,,,,,,,,,,,,,0.6734115771917676,0.7402807474136353,0,interacting,0,,,,,,,,,,,,,,,,,,,,,,,,,,,,,,,,,,,,,,,,,,,,,,,,,,,,
summary/synthetic_assignments.csv,,,,,43,early_fusion,,,,,,,,,,,,,,,,,,,,,,0.46500700922743504,0.9105514287948608,1,interacting,1,,,,,,,,,,,,,,,,,,,,,,,,,,,,,,,,,,,,,,,,,,,,,,,,,,,,
summary/synthetic_assignments.csv,,,,,43,early_fusion,,,,,,,,,,,,,,,,,,,,,,0.412611528050954,0.9112301468849182,2,interacting,2,,,,,,,,,,,,,,,,,,,,,,,,,,,,,,,,,,,,,,,,,,,,,,,,,,,,
summary/synthetic_assignments.csv,,,,,44,early_fusion,,,,,,,,,,,,,,,,,,,,,,0.7272065698954698,0.6888751983642578,0,interacting,0,,,,,,,,,,,,,,,,,,,,,,,,,,,,,,,,,,,,,,,,,,,,,,,,,,,,
summary/synthetic_assignments.csv,,,,,44,early_fusion,,,,,,,,,,,,,,,,,,,,,,0.4436270837616633,0.9017314314842224,1,interacting,1,,,,,,,,,,,,,,,,,,,,,,,,,,,,,,,,,,,,,,,,,,,,,,,,,,,,
summary/synthetic_assignments.csv,,,,,44,early_fusion,,,,,,,,,,,,,,,,,,,,,,0.41464233298158365,0.9135977029800415,2,interacting,2,,,,,,,,,,,,,,,,,,,,,,,,,,,,,,,,,,,,,,,,,,,,,,,,,,,,
summary/synthetic_assignments.csv,,,,,45,early_fusion,,,,,,,,,,,,,,,,,,,,,,0.6742780418831399,0.7386153936386108,0,interacting,0,,,,,,,,,,,,,,,,,,,,,,,,,,,,,,,,,,,,,,,,,,,,,,,,,,,,
summary/synthetic_assignments.csv,,,,,45,early_fusion,,,,,,,,,,,,,,,,,,,,,,0.37411291511663586,0.9424923062324524,1,interacting,1,,,,,,,,,,,,,,,,,,,,,,,,,,,,,,,,,,,,,,,,,,,,,,,,,,,,
summary/synthetic_assignments.csv,,,,,45,early_fusion,,,,,,,,,,,,,,,,,,,,,,0.3540698063589951,0.9359557628631592,2,interacting,2,,,,,,,,,,,,,,,,,,,,,,,,,,,,,,,,,,,,,,,,,,,,,,,,,,,,
summary/synthetic_assignments.csv,,,,,46,early_fusion,,,,,,,,,,,,,,,,,,,,,,0.8352998743287979,0.549852192401886,0,interacting,0,,,,,,,,,,,,,,,,,,,,,,,,,,,,,,,,,,,,,,,,,,,,,,,,,,,,
summary/synthetic_assignments.csv,,,,,46,early_fusion,,,,,,,,,,,,,,,,,,,,,,0.37145144877856306,0.992065966129303,1,interacting,1,,,,,,,,,,,,,,,,,,,,,,,,,,,,,,,,,,,,,,,,,,,,,,,,,,,,
summary/synthetic_assignments.csv,,,,,46,early_fusion,,,,,,,,,,,,,,,,,,,,,,0.4341716347218061,0.9034115076065063,2,interacting,2,,,,,,,,,,,,,,,,,,,,,,,,,,,,,,,,,,,,,,,,,,,,,,,,,,,,
summary/synthetic_assignments.csv,,,,,42,independent_branches,,,,,,,,,,,,,,,,,,,,,,0.6460587160952327,0.7633264660835266,0,interacting,0,,,,,,,,,,,,,,,,,,,,,,,,,,,,,,,,,,,,,,,,,,,,,,,,,,,,
summary/synthetic_assignments.csv,,,,,42,independent_branches,,,,,,,,,,,,,,,,,,,,,,0.4244531838015988,0.908503532409668,1,interacting,1,,,,,,,,,,,,,,,,,,,,,,,,,,,,,,,,,,,,,,,,,,,,,,,,,,,,
summary/synthetic_assignments.csv,,,,,42,independent_branches,,,,,,,,,,,,,,,,,,,,,,0.40365177959738563,0.9151389002799988,2,interacting,2,,,,,,,,,,,,,,,,,,,,,,,,,,,,,,,,,,,,,,,,,,,,,,,,,,,,
summary/synthetic_assignments.csv,,,,,43,independent_branches,,,,,,,,,,,,,,,,,,,,,,0.6753300554973604,0.7385149002075195,0,interacting,0,,,,,,,,,,,,,,,,,,,,,,,,,,,,,,,,,,,,,,,,,,,,,,,,,,,,
summary/synthetic_assignments.csv,,,,,43,independent_branches,,,,,,,,,,,,,,,,,,,,,,0.4642023627790369,0.9109587073326111,1,interacting,1,,,,,,,,,,,,,,,,,,,,,,,,,,,,,,,,,,,,,,,,,,,,,,,,,,,,
summary/synthetic_assignments.csv,,,,,43,independent_branches,,,,,,,,,,,,,,,,,,,,,,0.41412179265921123,0.9105958938598633,2,interacting,2,,,,,,,,,,,,,,,,,,,,,,,,,,,,,,,,,,,,,,,,,,,,,,,,,,,,
summary/synthetic_assignments.csv,,,,,44,independent_branches,,,,,,,,,,,,,,,,,,,,,,0.7272362280832066,0.688827633857727,0,interacting,0,,,,,,,,,,,,,,,,,,,,,,,,,,,,,,,,,,,,,,,,,,,,,,,,,,,,
summary/synthetic_assignments.csv,,,,,44,independent_branches,,,,,,,,,,,,,,,,,,,,,,0.44133582493064616,0.9028770923614502,1,interacting,1,,,,,,,,,,,,,,,,,,,,,,,,,,,,,,,,,,,,,,,,,,,,,,,,,,,,
summary/synthetic_assignments.csv,,,,,44,independent_branches,,,,,,,,,,,,,,,,,,,,,,0.41724724644615147,0.91239994764328,2,interacting,2,,,,,,,,,,,,,,,,,,,,,,,,,,,,,,,,,,,,,,,,,,,,,,,,,,,,
summary/synthetic_assignments.csv,,,,,45,independent_branches,,,,,,,,,,,,,,,,,,,,,,0.6748821622333647,0.7380810379981995,0,interacting,0,,,,,,,,,,,,,,,,,,,,,,,,,,,,,,,,,,,,,,,,,,,,,,,,,,,,
summary/synthetic_assignments.csv,,,,,45,independent_branches,,,,,,,,,,,,,,,,,,,,,,0.3720056179605703,0.9433503150939941,1,interacting,1,,,,,,,,,,,,,,,,,,,,,,,,,,,,,,,,,,,,,,,,,,,,,,,,,,,,
summary/synthetic_assignments.csv,,,,,45,independent_branches,,,,,,,,,,,,,,,,,,,,,,0.35585438339010195,0.9352987408638,2,interacting,2,,,,,,,,,,,,,,,,,,,,,,,,,,,,,,,,,,,,,,,,,,,,,,,,,,,,
summary/synthetic_assignments.csv,,,,,46,independent_branches,,,,,,,,,,,,,,,,,,,,,,0.8357595699643567,0.5491543412208557,0,interacting,0,,,,,,,,,,,,,,,,,,,,,,,,,,,,,,,,,,,,,,,,,,,,,,,,,,,,
summary/synthetic_assignments.csv,,,,,46,independent_branches,,,,,,,,,,,,,,,,,,,,,,0.3704885222748932,0.9924624562263489,1,interacting,1,,,,,,,,,,,,,,,,,,,,,,,,,,,,,,,,,,,,,,,,,,,,,,,,,,,,
summary/synthetic_assignments.csv,,,,,46,independent_branches,,,,,,,,,,,,,,,,,,,,,,0.439252419767842,0.9012328386306763,2,interacting,2,,,,,,,,,,,,,,,,,,,,,,,,,,,,,,,,,,,,,,,,,,,,,,,,,,,,
summary/synthetic_assignments.csv,,,,,42,process_preserving,,,,,,,,,,,,,,,,,,,,,,0.6457287385581221,0.7636030912399292,0,interacting,0,,,,,,,,,,,,,,,,,,,,,,,,,,,,,,,,,,,,,,,,,,,,,,,,,,,,
summary/synthetic_assignments.csv,,,,,42,process_preserving,,,,,,,,,,,,,,,,,,,,,,0.426791492649115,0.9074215292930603,1,interacting,1,,,,,,,,,,,,,,,,,,,,,,,,,,,,,,,,,,,,,,,,,,,,,,,,,,,,
summary/synthetic_assignments.csv,,,,,42,process_preserving,,,,,,,,,,,,,,,,,,,,,,0.4050843708460818,0.9144843220710754,2,interacting,2,,,,,,,,,,,,,,,,,,,,,,,,,,,,,,,,,,,,,,,,,,,,,,,,,,,,
summary/synthetic_assignments.csv,,,,,43,process_preserving,,,,,,,,,,,,,,,,,,,,,,0.6742424547524648,0.7394922375679016,0,interacting,0,,,,,,,,,,,,,,,,,,,,,,,,,,,,,,,,,,,,,,,,,,,,,,,,,,,,
summary/synthetic_assignments.csv,,,,,43,process_preserving,,,,,,,,,,,,,,,,,,,,,,0.4659964161595782,0.9100472331047058,1,interacting,1,,,,,,,,,,,,,,,,,,,,,,,,,,,,,,,,,,,,,,,,,,,,,,,,,,,,
summary/synthetic_assignments.csv,,,,,43,process_preserving,,,,,,,,,,,,,,,,,,,,,,0.4143198716445155,0.910456120967865,2,interacting,2,,,,,,,,,,,,,,,,,,,,,,,,,,,,,,,,,,,,,,,,,,,,,,,,,,,,
summary/synthetic_assignments.csv,,,,,44,process_preserving,,,,,,,,,,,,,,,,,,,,,,0.728139740396165,0.6878747344017029,0,interacting,0,,,,,,,,,,,,,,,,,,,,,,,,,,,,,,,,,,,,,,,,,,,,,,,,,,,,
summary/synthetic_assignments.csv,,,,,44,process_preserving,,,,,,,,,,,,,,,,,,,,,,0.4439404486575035,0.9014986753463745,1,interacting,1,,,,,,,,,,,,,,,,,,,,,,,,,,,,,,,,,,,,,,,,,,,,,,,,,,,,
summary/synthetic_assignments.csv,,,,,44,process_preserving,,,,,,,,,,,,,,,,,,,,,,0.4171924495035043,0.9124120473861694,2,interacting,2,,,,,,,,,,,,,,,,,,,,,,,,,,,,,,,,,,,,,,,,,,,,,,,,,,,,
summary/synthetic_assignments.csv,,,,,45,process_preserving,,,,,,,,,,,,,,,,,,,,,,0.6737764571292407,0.7390751242637634,0,interacting,0,,,,,,,,,,,,,,,,,,,,,,,,,,,,,,,,,,,,,,,,,,,,,,,,,,,,
summary/synthetic_assignments.csv,,,,,45,process_preserving,,,,,,,,,,,,,,,,,,,,,,0.373437829070311,0.9427780508995056,1,interacting,1,,,,,,,,,,,,,,,,,,,,,,,,,,,,,,,,,,,,,,,,,,,,,,,,,,,,
summary/synthetic_assignments.csv,,,,,45,process_preserving,,,,,,,,,,,,,,,,,,,,,,0.35451892367528404,0.9357933402061462,2,interacting,2,,,,,,,,,,,,,,,,,,,,,,,,,,,,,,,,,,,,,,,,,,,,,,,,,,,,
summary/synthetic_assignments.csv,,,,,46,process_preserving,,,,,,,,,,,,,,,,,,,,,,0.8358761237805141,0.5489752292633057,0,interacting,0,,,,,,,,,,,,,,,,,,,,,,,,,,,,,,,,,,,,,,,,,,,,,,,,,,,,
summary/synthetic_assignments.csv,,,,,46,process_preserving,,,,,,,,,,,,,,,,,,,,,,0.3716916418739071,0.991877019405365,1,interacting,1,,,,,,,,,,,,,,,,,,,,,,,,,,,,,,,,,,,,,,,,,,,,,,,,,,,,
summary/synthetic_assignments.csv,,,,,46,process_preserving,,,,,,,,,,,,,,,,,,,,,,0.4362584619714143,0.902492880821228,2,interacting,2,,,,,,,,,,,,,,,,,,,,,,,,,,,,,,,,,,,,,,,,,,,,,,,,,,,,
summary/synthetic_assignments.csv,,,,,42,full,,,,,,,,,,,,,,,,,,,,,,0.6459756112868483,0.763394832611084,0,interacting,0,,,,,,,,,,,,,,,,,,,,,,,,,,,,,,,,,,,,,,,,,,,,,,,,,,,,
summary/synthetic_assignments.csv,,,,,42,full,,,,,,,,,,,,,,,,,,,,,,0.4272292166505825,0.9072062373161316,1,interacting,1,,,,,,,,,,,,,,,,,,,,,,,,,,,,,,,,,,,,,,,,,,,,,,,,,,,,
summary/synthetic_assignments.csv,,,,,42,full,,,,,,,,,,,,,,,,,,,,,,0.4053285155632147,0.9143731594085693,2,interacting,2,,,,,,,,,,,,,,,,,,,,,,,,,,,,,,,,,,,,,,,,,,,,,,,,,,,,
summary/synthetic_assignments.csv,,,,,43,full,,,,,,,,,,,,,,,,,,,,,,0.6742458326520319,0.7394890785217285,0,interacting,0,,,,,,,,,,,,,,,,,,,,,,,,,,,,,,,,,,,,,,,,,,,,,,,,,,,,
summary/synthetic_assignments.csv,,,,,43,full,,,,,,,,,,,,,,,,,,,,,,0.46600635566637755,0.9100445508956909,1,interacting,1,,,,,,,,,,,,,,,,,,,,,,,,,,,,,,,,,,,,,,,,,,,,,,,,,,,,
summary/synthetic_assignments.csv,,,,,43,full,,,,,,,,,,,,,,,,,,,,,,0.41431904754742677,0.9104577302932739,2,interacting,2,,,,,,,,,,,,,,,,,,,,,,,,,,,,,,,,,,,,,,,,,,,,,,,,,,,,
summary/synthetic_assignments.csv,,,,,44,full,,,,,,,,,,,,,,,,,,,,,,0.7282372001697988,0.6877748370170593,0,interacting,0,,,,,,,,,,,,,,,,,,,,,,,,,,,,,,,,,,,,,,,,,,,,,,,,,,,,
summary/synthetic_assignments.csv,,,,,44,full,,,,,,,,,,,,,,,,,,,,,,0.4440006746510965,0.901481568813324,1,interacting,1,,,,,,,,,,,,,,,,,,,,,,,,,,,,,,,,,,,,,,,,,,,,,,,,,,,,
summary/synthetic_assignments.csv,,,,,44,full,,,,,,,,,,,,,,,,,,,,,,0.4171230870013572,0.9124498963356018,2,interacting,2,,,,,,,,,,,,,,,,,,,,,,,,,,,,,,,,,,,,,,,,,,,,,,,,,,,,
summary/synthetic_assignments.csv,,,,,45,full,,,,,,,,,,,,,,,,,,,,,,0.6737381177356271,0.7391099333763123,0,interacting,0,,,,,,,,,,,,,,,,,,,,,,,,,,,,,,,,,,,,,,,,,,,,,,,,,,,,
summary/synthetic_assignments.csv,,,,,45,full,,,,,,,,,,,,,,,,,,,,,,0.3734487936468018,0.9427724480628967,1,interacting,1,,,,,,,,,,,,,,,,,,,,,,,,,,,,,,,,,,,,,,,,,,,,,,,,,,,,
summary/synthetic_assignments.csv,,,,,45,full,,,,,,,,,,,,,,,,,,,,,,0.3545135757053065,0.9357960224151611,2,interacting,2,,,,,,,,,,,,,,,,,,,,,,,,,,,,,,,,,,,,,,,,,,,,,,,,,,,,
summary/synthetic_assignments.csv,,,,,46,full,,,,,,,,,,,,,,,,,,,,,,0.8358881678538598,0.5489569306373596,0,interacting,0,,,,,,,,,,,,,,,,,,,,,,,,,,,,,,,,,,,,,,,,,,,,,,,,,,,,
summary/synthetic_assignments.csv,,,,,46,full,,,,,,,,,,,,,,,,,,,,,,0.37168661021118465,0.9918704628944397,1,interacting,1,,,,,,,,,,,,,,,,,,,,,,,,,,,,,,,,,,,,,,,,,,,,,,,,,,,,
summary/synthetic_assignments.csv,,,,,46,full,,,,,,,,,,,,,,,,,,,,,,0.4362853122398374,0.9024825096130371,2,interacting,2,,,,,,,,,,,,,,,,,,,,,,,,,,,,,,,,,,,,,,,,,,,,,,,,,,,,
summary/synthetic_kernel_recovery.csv,,,,,42,early_fusion,,,,,,,,,,,,,,,,,,,,,,,,,independent,,periodic,2.054653376340866,"[5.860981464385986, 11.708340644836426, 17.521989822387695, 22.962791442871094, 28.412893295288086, 33.863033294677734, 39.32206726074219, 44.80094909667969, 50.27359390258789, 55.72523880004883, 61.19112777709961, 66.62480926513672, 72.01901245117188, 77.54244232177734, 83.32196807861328, 89.14756774902344]",0.6847125291824341,24.30694580078125,,periodic,"[0.0, 12.0, 18.0, 29.0, 35.0, 41.0, 47.0, 50.0, 54.0, 62.0, 75.0, 80.0, 81.0, 87.0, 92.0, 93.0]",0.012789408365885416,,,,,,,,,,,,,,,,,,,,,,,,,,,,,,,,,,,,,,,,,,,
summary/synthetic_kernel_recovery.csv,,,,,42,early_fusion,,,,,,,,,,,,,,,,,,,,,,,,,independent,,matern,1.9770019948482513,"[5.1647772789001465, 10.589004516601562, 16.364112854003906, 22.13095474243164, 27.896785736083984, 33.67068099975586, 39.42534637451172, 45.150184631347656, 50.85209274291992, 56.55792999267578, 62.23454666137695, 67.91060638427734, 73.54552459716797, 79.14911651611328, 84.73712921142578, 89.90364074707031]",48.04043960571289,,1.668913311428494,matern,"[0.0, 11.0, 17.0, 23.0, 29.0, 35.0, 41.0, 47.0, 53.0, 59.0, 65.0, 71.0, 77.0, 83.0, 89.0, 95.0]",,,,,,,,,,,,,,,,,,,,,,,,,,,,,,,,,,,,,,,,,,,,
summary/synthetic_kernel_recovery.csv,,,,,42,early_fusion,,,,,,,,,,,,,,,,,,,,,,,,,independent,,ou,1.8285066485404968,"[5.421430587768555, 10.991562843322754, 16.693342208862305, 22.288434982299805, 27.990068435668945, 33.50233840942383, 38.996891021728516, 44.73550796508789, 50.25935363769531, 55.99473571777344, 61.498844146728516, 67.00248718261719, 72.6937026977539, 78.29627227783203, 84.0074462890625, 89.59210968017578]",4.8727803230285645,,0.0329921706999332,ou,"[0.0, 11.0, 17.0, 23.0, 29.0, 35.0, 41.0, 47.0, 53.0, 59.0, 65.0, 71.0, 77.0, 83.0, 89.0, 95.0]",,,,,,,,,,,,,,,,,,,,,,,,,,,,,,,,,,,,,,,,,,,,
summary/synthetic_kernel_recovery.csv,,,,,43,early_fusion,,,,,,,,,,,,,,,,,,,,,,,,,independent,,periodic,2.086752265691757,"[5.83424711227417, 11.637356758117676, 17.386228561401367, 22.853147506713867, 28.269140243530273, 33.673431396484375, 39.120391845703125, 44.586917877197266, 50.04482650756836, 55.526031494140625, 60.973995208740234, 66.42498779296875, 71.8397216796875, 77.37646484375, 83.22295379638672, 89.11080169677734]",0.6854810118675232,24.32213592529297,,periodic,"[0.0, 12.0, 18.0, 29.0, 35.0, 41.0, 47.0, 50.0, 54.0, 62.0, 75.0, 80.0, 81.0, 87.0, 92.0, 93.0]",0.013422330220540365,,,,,,,,,,,,,,,,,,,,,,,,,,,,,,,,,,,,,,,,,,,
summary/synthetic_kernel_recovery.csv,,,,,43,early_fusion,,,,,,,,,,,,,,,,,,,,,,,,,independent,,matern,2.0518288016319275,"[5.224796295166016, 10.572524070739746, 16.22505760192871, 21.897747039794922, 27.555131912231445, 33.21354675292969, 38.87097930908203, 44.53934097290039, 50.218502044677734, 55.89390182495117, 61.582576751708984, 67.28252410888672, 72.97606658935547, 78.66181182861328, 84.35613250732422, 89.78246307373047]",48.05833435058594,,1.669907463921441,matern,"[0.0, 11.0, 17.0, 23.0, 29.0, 35.0, 41.0, 47.0, 53.0, 59.0, 65.0, 71.0, 77.0, 83.0, 89.0, 95.0]",,,,,,,,,,,,,,,,,,,,,,,,,,,,,,,,,,,,,,,,,,,,
summary/synthetic_kernel_recovery.csv,,,,,43,early_fusion,,,,,,,,,,,,,,,,,,,,,,,,,independent,,ou,1.8321925401687622,"[5.406947135925293, 10.985005378723145, 16.686037063598633, 22.289323806762695, 27.987285614013672, 33.47975540161133, 39.00617599487305, 44.741737365722656, 50.27314758300781, 56.01130676269531, 61.51206970214844, 67.0296401977539, 72.71984100341797, 78.31207275390625, 84.00977325439453, 89.5577163696289]",4.874106407165527,,0.032729008058126126,ou,"[0.0, 11.0, 17.0, 23.0, 29.0, 35.0, 41.0, 47.0, 53.0, 59.0, 65.0, 71.0, 77.0, 83.0, 89.0, 95.0]",,,,,,,,,,,,,,,,,,,,,,,,,,,,,,,,,,,,,,,,,,,,
summary/synthetic_kernel_recovery.csv,,,,,44,early_fusion,,,,,,,,,,,,,,,,,,,,,,,,,independent,,periodic,2.0775664150714874,"[5.849795818328857, 11.655730247497559, 17.444026947021484, 22.939105987548828, 28.35771369934082, 33.78611373901367, 39.255252838134766, 44.75257110595703, 50.2503776550293, 55.719051361083984, 61.168678283691406, 66.609619140625, 72.00387573242188, 77.54657745361328, 83.34278869628906, 89.15997314453125]",0.6853152513504028,24.311546325683594,,periodic,"[0.0, 12.0, 18.0, 29.0, 35.0, 41.0, 47.0, 50.0, 54.0, 62.0, 75.0, 80.0, 81.0, 87.0, 92.0, 93.0]",0.012981096903483072,,,,,,,,,,,,,,,,,,,,,,,,,,,,,,,,,,,,,,,,,,,
summary/synthetic_kernel_recovery.csv,,,,,44,early_fusion,,,,,,,,,,,,,,,,,,,,,,,,,independent,,matern,2.009790360927582,"[5.25872802734375, 10.713339805603027, 16.38261604309082, 22.06053352355957, 27.747201919555664, 33.455570220947266, 39.181671142578125, 44.87876892089844, 50.558719635009766, 56.24922180175781, 61.951904296875, 67.62529754638672, 73.25289916992188, 78.87741088867188, 84.48593139648438, 89.8161392211914]",48.01673889160156,,1.6675966050889757,matern,"[0.0, 11.0, 17.0, 23.0, 29.0, 35.0, 41.0, 47.0, 53.0, 59.0, 65.0, 71.0, 77.0, 83.0, 89.0, 95.0]",,,,,,,,,,,,,,,,,,,,,,,,,,,,,,,,,,,,,,,,,,,,
summary/synthetic_kernel_recovery.csv,,,,,44,early_fusion,,,,,,,,,,,,,,,,,,,,,,,,,independent,,ou,1.8304909765720367,"[5.4389119148254395, 10.985467910766602, 16.683324813842773, 22.267126083374023, 27.977386474609375, 33.482601165771484, 39.002628326416016, 44.751163482666016, 50.28624725341797, 56.00529479980469, 61.506587982177734, 67.00670623779297, 72.69524383544922, 78.29187774658203, 83.99739837646484, 89.5794448852539]",4.873502254486084,,0.032848902724494186,ou,"[0.0, 11.0, 17.0, 23.0, 29.0, 35.0, 41.0, 47.0, 53.0, 59.0, 65.0, 71.0, 77.0, 83.0, 89.0, 95.0]",,,,,,,,,,,,,,,,,,,,,,,,,,,,,,,,,,,,,,,,,,,,
summary/synthetic_kernel_recovery.csv,,,,,45,early_fusion,,,,,,,,,,,,,,,,,,,,,,,,,independent,,periodic,2.0851447582244873,"[5.843961715698242, 11.66667652130127, 17.415061950683594, 22.873254776000977, 28.274084091186523, 33.68937301635742, 39.12665939331055, 44.59883117675781, 50.05162048339844, 55.52527618408203, 60.99472427368164, 66.43840026855469, 71.84303283691406, 77.43032836914062, 83.25739288330078, 89.12255859375]",0.6848621368408203,24.311159133911133,,periodic,"[0.0, 12.0, 18.0, 29.0, 35.0, 41.0, 47.0, 50.0, 54.0, 62.0, 75.0, 80.0, 81.0, 87.0, 92.0, 93.0]",0.012964963912963867,,,,,,,,,,,,,,,,,,,,,,,,,,,,,,,,,,,,,,,,,,,
summary/synthetic_kernel_recovery.csv,,,,,45,early_fusion,,,,,,,,,,,,,,,,,,,,,,,,,independent,,matern,2.0870437026023865,"[5.146120071411133, 10.485154151916504, 16.186315536499023, 21.897239685058594, 27.611787796020508, 33.33878707885742, 39.0621337890625, 44.79666519165039, 50.529727935791016, 56.25341796875, 61.96182632446289, 67.63348388671875, 73.29325103759766, 78.95752716064453, 84.60474395751953, 89.87577819824219]",48.01736068725586,,1.6676311492919922,matern,"[0.0, 11.0, 17.0, 23.0, 29.0, 35.0, 41.0, 47.0, 53.0, 59.0, 65.0, 71.0, 77.0, 83.0, 89.0, 95.0]",,,,,,,,,,,,,,,,,,,,,,,,,,,,,,,,,,,,,,,,,,,,
summary/synthetic_kernel_recovery.csv,,,,,45,early_fusion,,,,,,,,,,,,,,,,,,,,,,,,,independent,,ou,1.833397775888443,"[5.419025897979736, 10.984655380249023, 16.68466567993164, 22.27916145324707, 27.962928771972656, 33.466705322265625, 38.97142791748047, 44.70947265625, 50.25137710571289, 55.98006820678711, 61.49137496948242, 66.99358367919922, 72.67318725585938, 78.28482818603516, 83.99942779541016, 89.58659362792969]",4.872955322265625,,0.032957441937062584,ou,"[0.0, 11.0, 17.0, 23.0, 29.0, 35.0, 41.0, 47.0, 53.0, 59.0, 65.0, 71.0, 77.0, 83.0, 89.0, 95.0]",,,,,,,,,,,,,,,,,,,,,,,,,,,,,,,,,,,,,,,,,,,,
summary/synthetic_kernel_recovery.csv,,,,,46,early_fusion,,,,,,,,,,,,,,,,,,,,,,,,,independent,,periodic,2.044068455696106,"[5.870469093322754, 11.736254692077637, 17.53506851196289, 23.043643951416016, 28.459447860717773, 33.91802215576172, 39.39748764038086, 44.87895202636719, 50.3355827331543, 55.801876068115234, 61.25127029418945, 66.66460418701172, 72.0633773803711, 77.5690689086914, 83.33576965332031, 89.15308380126953]",0.6848084330558777,24.303321838378906,,periodic,"[0.0, 12.0, 18.0, 29.0, 35.0, 41.0, 47.0, 50.0, 54.0, 62.0, 75.0, 80.0, 81.0, 87.0, 92.0, 93.0]",0.012638409932454428,,,,,,,,,,,,,,,,,,,,,,,,,,,,,,,,,,,,,,,,,,,
summary/synthetic_kernel_recovery.csv,,,,,46,early_fusion,,,,,,,,,,,,,,,,,,,,,,,,,independent,,matern,2.063034862279892,"[5.1856770515441895, 10.503586769104004, 16.209218978881836, 21.938831329345703, 27.684642791748047, 33.41859436035156, 39.13677215576172, 44.84196472167969, 50.5471305847168, 56.25644302368164, 61.960792541503906, 67.63119506835938, 73.28630065917969, 78.94345092773438, 84.58683776855469, 89.86376953125]",48.04417419433594,,1.6691207885742188,matern,"[0.0, 11.0, 17.0, 23.0, 29.0, 35.0, 41.0, 47.0, 53.0, 59.0, 65.0, 71.0, 77.0, 83.0, 89.0, 95.0]",,,,,,,,,,,,,,,,,,,,,,,,,,,,,,,,,,,,,,,,,,,,
summary/synthetic_kernel_recovery.csv,,,,,46,early_fusion,,,,,,,,,,,,,,,,,,,,,,,,,independent,,ou,1.8317433297634125,"[5.430013179779053, 10.993097305297852, 16.682376861572266, 22.27703857421875, 27.98271942138672, 33.489253997802734, 38.98710632324219, 44.71936798095703, 50.258724212646484, 55.98615646362305, 61.50593185424805, 66.99881744384766, 72.68745422363281, 78.28848266601562, 83.99980926513672, 89.58798217773438]",4.872642993927002,,0.033019423789052385,ou,"[0.0, 11.0, 17.0, 23.0, 29.0, 35.0, 41.0, 47.0, 53.0, 59.0, 65.0, 71.0, 77.0, 83.0, 89.0, 95.0]",,,,,,,,,,,,,,,,,,,,,,,,,,,,,,,,,,,,,,,,,,,,
summary/synthetic_kernel_recovery.csv,,,,,42,independent_branches,,,,,,,,,,,,,,,,,,,,,,,,,independent,,periodic,2.084547847509384,"[5.841755390167236, 11.662952423095703, 17.437715530395508, 22.86274528503418, 28.257041931152344, 33.66645812988281, 39.09579086303711, 44.54214859008789, 50.01247024536133, 55.455299377441406, 60.949440002441406, 66.40292358398438, 71.82396697998047, 77.39085388183594, 83.23851013183594, 89.10797882080078]",0.6848070025444031,24.31497573852539,,periodic,"[0.0, 12.0, 18.0, 29.0, 35.0, 41.0, 47.0, 50.0, 54.0, 62.0, 75.0, 80.0, 81.0, 87.0, 92.0, 93.0]",0.01312398910522461,,,,,,,,,,,,,,,,,,,,,,,,,,,,,,,,,,,,,,,,,,,
summary/synthetic_kernel_recovery.csv,,,,,42,independent_branches,,,,,,,,,,,,,,,,,,,,,,,,,independent,,matern,2.1921254098415375,"[5.091902256011963, 10.283921241760254, 15.98544692993164, 21.691211700439453, 27.38793182373047, 33.08981704711914, 38.7945556640625, 44.51750183105469, 50.25688552856445, 55.98674011230469, 61.734130859375, 67.47212219238281, 73.21532440185547, 78.95687866210938, 84.6652603149414, 89.90457916259766]",48.1011848449707,,1.6722880469428167,matern,"[0.0, 11.0, 17.0, 23.0, 29.0, 35.0, 41.0, 47.0, 53.0, 59.0, 65.0, 71.0, 77.0, 83.0, 89.0, 95.0]",,,,,,,,,,,,,,,,,,,,,,,,,,,,,,,,,,,,,,,,,,,,
summary/synthetic_kernel_recovery.csv,,,,,42,independent_branches,,,,,,,,,,,,,,,,,,,,,,,,,independent,,ou,1.8135817050933838,"[5.387251853942871, 10.99162769317627, 16.69635772705078, 22.312576293945312, 27.985530853271484, 33.480403900146484, 39.025909423828125, 44.796730041503906, 50.35038757324219, 56.0501823425293, 61.539215087890625, 67.00225830078125, 72.68231201171875, 78.28860473632812, 83.99219512939453, 89.58016967773438]",4.8746466636657715,,0.03262179364850102,ou,"[0.0, 11.0, 17.0, 23.0, 29.0, 35.0, 41.0, 47.0, 53.0, 59.0, 65.0, 71.0, 77.0, 83.0, 89.0, 95.0]",,,,,,,,,,,,,,,,,,,,,,,,,,,,,,,,,,,,,,,,,,,,
summary/synthetic_kernel_recovery.csv,,,,,43,independent_branches,,,,,,,,,,,,,,,,,,,,,,,,,independent,,periodic,2.0577419698238373,"[5.873323917388916, 11.732080459594727, 17.522323608398438, 22.994043350219727, 28.391765594482422, 33.782325744628906, 39.220664978027344, 44.6556510925293, 50.07621383666992, 55.558345794677734, 61.00629425048828, 66.44998931884766, 71.84778594970703, 77.39384460449219, 83.23204803466797, 89.11003112792969]",0.6850353479385376,24.30854034423828,,periodic,"[0.0, 12.0, 18.0, 29.0, 35.0, 41.0, 47.0, 50.0, 54.0, 62.0, 75.0, 80.0, 81.0, 87.0, 92.0, 93.0]",0.012855847676595053,,,,,,,,,,,,,,,,,,,,,,,,,,,,,,,,,,,,,,,,,,,
summary/synthetic_kernel_recovery.csv,,,,,43,independent_branches,,,,,,,,,,,,,,,,,,,,,,,,,independent,,matern,2.183837592601776,"[5.059323310852051, 10.275558471679688, 15.955072402954102, 21.660110473632812, 27.372055053710938, 33.10047912597656, 38.85140609741211, 44.59419631958008, 50.32546615600586, 56.05647277832031, 61.7829704284668, 67.51268005371094, 73.23261260986328, 78.92890930175781, 84.63402557373047, 89.90692138671875]",48.1113395690918,,1.6728521982828777,matern,"[0.0, 11.0, 17.0, 23.0, 29.0, 35.0, 41.0, 47.0, 53.0, 59.0, 65.0, 71.0, 77.0, 83.0, 89.0, 95.0]",,,,,,,,,,,,,,,,,,,,,,,,,,,,,,,,,,,,,,,,,,,,
summary/synthetic_kernel_recovery.csv,,,,,43,independent_branches,,,,,,,,,,,,,,,,,,,,,,,,,independent,,ou,1.8200365006923676,"[5.385797023773193, 10.989137649536133, 16.706186294555664, 22.29863166809082, 27.95981788635254, 33.47762680053711, 39.009674072265625, 44.77516555786133, 50.347625732421875, 56.02027130126953, 61.511898040771484, 67.00322723388672, 72.68590545654297, 78.31351470947266, 84.00541687011719, 89.57765197753906]",4.877146244049072,,0.03212574957501929,ou,"[0.0, 11.0, 17.0, 23.0, 29.0, 35.0, 41.0, 47.0, 53.0, 59.0, 65.0, 71.0, 77.0, 83.0, 89.0, 95.0]",,,,,,,,,,,,,,,,,,,,,,,,,,,,,,,,,,,,,,,,,,,,
summary/synthetic_kernel_recovery.csv,,,,,44,independent_branches,,,,,,,,,,,,,,,,,,,,,,,,,independent,,periodic,2.0577892661094666,"[5.866813659667969, 11.71053409576416, 17.481502532958984, 22.99267578125, 28.409072875976562, 33.86277770996094, 39.342308044433594, 44.860530853271484, 50.322792053222656, 55.81940460205078, 61.30659866333008, 66.77132415771484, 72.15676879882812, 77.68011474609375, 83.42538452148438, 89.2015609741211]",0.6843526363372803,24.294143676757812,,periodic,"[0.0, 12.0, 18.0, 29.0, 35.0, 41.0, 47.0, 50.0, 54.0, 62.0, 75.0, 80.0, 81.0, 87.0, 92.0, 93.0]",0.012255986531575521,,,,,,,,,,,,,,,,,,,,,,,,,,,,,,,,,,,,,,,,,,,
summary/synthetic_kernel_recovery.csv,,,,,44,independent_branches,,,,,,,,,,,,,,,,,,,,,,,,,independent,,matern,2.1247104704380035,"[5.1194682121276855, 10.342439651489258, 15.989886283874512, 21.67909049987793, 27.37464714050293, 33.087894439697266, 38.792388916015625, 44.48930358886719, 50.174720764160156, 55.88359832763672, 61.57276916503906, 67.2645263671875, 72.9723129272461, 78.7078628540039, 84.43280029296875, 89.82839965820312]",48.102256774902344,,1.6723475986056857,matern,"[0.0, 11.0, 17.0, 23.0, 29.0, 35.0, 41.0, 47.0, 53.0, 59.0, 65.0, 71.0, 77.0, 83.0, 89.0, 95.0]",,,,,,,,,,,,,,,,,,,,,,,,,,,,,,,,,,,,,,,,,,,,
summary/synthetic_kernel_recovery.csv,,,,,44,independent_branches,,,,,,,,,,,,,,,,,,,,,,,,,independent,,ou,1.796406865119934,"[5.426909446716309, 11.013665199279785, 16.7401065826416, 22.403274536132812, 28.08342742919922, 33.6345329284668, 39.171077728271484, 44.91667938232422, 50.45738983154297, 56.141273498535156, 61.6359748840332, 67.12694549560547, 72.78478240966797, 78.38294219970703, 84.05314636230469, 89.59053802490234]",4.876488208770752,,0.03225633729371536,ou,"[0.0, 11.0, 17.0, 23.0, 29.0, 35.0, 41.0, 47.0, 53.0, 59.0, 65.0, 71.0, 77.0, 83.0, 89.0, 95.0]",,,,,,,,,,,,,,,,,,,,,,,,,,,,,,,,,,,,,,,,,,,,
summary/synthetic_kernel_recovery.csv,,,,,45,independent_branches,,,,,,,,,,,,,,,,,,,,,,,,,independent,,periodic,2.0699009597301483,"[5.831702709197998, 11.653030395507812, 17.437423706054688, 22.985626220703125, 28.378894805908203, 33.760589599609375, 39.19192886352539, 44.648441314697266, 50.08457565307617, 55.569244384765625, 61.03620910644531, 66.46940612792969, 71.8853759765625, 77.42669677734375, 83.2412338256836, 89.1143798828125]",0.6846856474876404,24.308147430419922,,periodic,"[0.0, 12.0, 18.0, 29.0, 35.0, 41.0, 47.0, 50.0, 54.0, 62.0, 75.0, 80.0, 81.0, 87.0, 92.0, 93.0]",0.012839476267496744,,,,,,,,,,,,,,,,,,,,,,,,,,,,,,,,,,,,,,,,,,,
summary/synthetic_kernel_recovery.csv,,,,,45,independent_branches,,,,,,,,,,,,,,,,,,,,,,,,,independent,,matern,2.107919156551361,"[5.166536331176758, 10.47209644317627, 16.105682373046875, 21.76399040222168, 27.412765502929688, 33.05476379394531, 38.7117919921875, 44.3882942199707, 50.084388732910156, 55.7801628112793, 61.47911071777344, 67.19844055175781, 72.96369171142578, 78.71894073486328, 84.452880859375, 89.83704376220703]",48.100643157958984,,1.6722579532199435,matern,"[0.0, 11.0, 17.0, 23.0, 29.0, 35.0, 41.0, 47.0, 53.0, 59.0, 65.0, 71.0, 77.0, 83.0, 89.0, 95.0]",,,,,,,,,,,,,,,,,,,,,,,,,,,,,,,,,,,,,,,,,,,,
summary/synthetic_kernel_recovery.csv,,,,,45,independent_branches,,,,,,,,,,,,,,,,,,,,,,,,,independent,,ou,1.8092315793037415,"[5.429201126098633, 10.98585033416748, 16.703081130981445, 22.331254959106445, 28.041818618774414, 33.550662994384766, 39.09210968017578, 44.80589294433594, 50.32984924316406, 56.051055908203125, 61.53336715698242, 67.03843688964844, 72.70587921142578, 78.3079833984375, 84.00276947021484, 89.59223175048828]",4.875514984130859,,0.03244947463709121,ou,"[0.0, 11.0, 17.0, 23.0, 29.0, 35.0, 41.0, 47.0, 53.0, 59.0, 65.0, 71.0, 77.0, 83.0, 89.0, 95.0]",,,,,,,,,,,,,,,,,,,,,,,,,,,,,,,,,,,,,,,,,,,,
summary/synthetic_kernel_recovery.csv,,,,,46,independent_branches,,,,,,,,,,,,,,,,,,,,,,,,,independent,,periodic,2.116114914417267,"[5.822384834289551, 11.599981307983398, 17.29029083251953, 22.728439331054688, 28.109338760375977, 33.55049514770508, 39.01907730102539, 44.54156494140625, 50.00176239013672, 55.51167297363281, 60.98624038696289, 66.45079040527344, 71.88206481933594, 77.4300308227539, 83.25540924072266, 89.12088775634766]",0.6847679018974304,24.297725677490234,,periodic,"[0.0, 12.0, 18.0, 29.0, 35.0, 41.0, 47.0, 50.0, 54.0, 62.0, 75.0, 80.0, 81.0, 87.0, 92.0, 93.0]",0.0124052365620931,,,,,,,,,,,,,,,,,,,,,,,,,,,,,,,,,,,,,,,,,,,
summary/synthetic_kernel_recovery.csv,,,,,46,independent_branches,,,,,,,,,,,,,,,,,,,,,,,,,independent,,matern,2.055626004934311,"[5.178907871246338, 10.57744312286377, 16.2886905670166, 21.971202850341797, 27.65478515625, 33.33107376098633, 39.02272415161133, 44.72246170043945, 50.41245651245117, 56.09736251831055, 61.78719711303711, 67.47560119628906, 73.16740417480469, 78.8551025390625, 84.52651977539062, 89.85760498046875]",48.09617614746094,,1.672009785970052,matern,"[0.0, 11.0, 17.0, 23.0, 29.0, 35.0, 41.0, 47.0, 53.0, 59.0, 65.0, 71.0, 77.0, 83.0, 89.0, 95.0]",,,,,,,,,,,,,,,,,,,,,,,,,,,,,,,,,,,,,,,,,,,,
summary/synthetic_kernel_recovery.csv,,,,,46,independent_branches,,,,,,,,,,,,,,,,,,,,,,,,,independent,,ou,1.8225657641887665,"[5.4058451652526855, 10.974090576171875, 16.689361572265625, 22.312793731689453, 28.008066177368164, 33.523712158203125, 39.01106643676758, 44.72628402709961, 50.249610900878906, 55.99130630493164, 61.48406219482422, 67.00337982177734, 72.68907165527344, 78.30101013183594, 83.9940414428711, 89.56594848632812]",4.874818801879883,,0.03258763265832038,ou,"[0.0, 11.0, 17.0, 23.0, 29.0, 35.0, 41.0, 47.0, 53.0, 59.0, 65.0, 71.0, 77.0, 83.0, 89.0, 95.0]",,,,,,,,,,,,,,,,,,,,,,,,,,,,,,,,,,,,,,,,,,,,
summary/synthetic_kernel_recovery.csv,,,,,42,process_preserving,,,,,,,,,,,,,,,,,,,,,,,,,independent,,periodic,2.088785082101822,"[5.838100910186768, 11.649311065673828, 17.436315536499023, 22.822113037109375, 28.24581527709961, 33.697261810302734, 39.14150619506836, 44.593875885009766, 50.09353256225586, 55.57782745361328, 61.060916900634766, 66.51922607421875, 71.92618560791016, 77.46978759765625, 83.29363250732422, 89.1322250366211]",0.6845677495002747,24.31472396850586,,periodic,"[0.0, 12.0, 18.0, 29.0, 35.0, 41.0, 47.0, 50.0, 54.0, 62.0, 75.0, 80.0, 81.0, 87.0, 92.0, 93.0]",0.01311349868774414,,,,,,,,,,,,,,,,,,,,,,,,,,,,,,,,,,,,,,,,,,,
summary/synthetic_kernel_recovery.csv,,,,,42,process_preserving,,,,,,,,,,,,,,,,,,,,,,,,,independent,,matern,2.1039291620254517,"[5.139355659484863, 10.399231910705566, 16.132593154907227, 21.879364013671875, 27.63686180114746, 33.39748764038086, 39.140098571777344, 44.86817169189453, 50.580780029296875, 56.306644439697266, 62.00602340698242, 67.7049789428711, 73.39723205566406, 79.07718658447266, 84.7289047241211, 89.91890716552734]",48.02157211303711,,1.6678651173909504,matern,"[0.0, 11.0, 17.0, 23.0, 29.0, 35.0, 41.0, 47.0, 53.0, 59.0, 65.0, 71.0, 77.0, 83.0, 89.0, 95.0]",,,,,,,,,,,,,,,,,,,,,,,,,,,,,,,,,,,,,,,,,,,,
summary/synthetic_kernel_recovery.csv,,,,,42,process_preserving,,,,,,,,,,,,,,,,,,,,,,,,,independent,,ou,1.8197950720787048,"[5.375587463378906, 10.965323448181152, 16.693227767944336, 22.29964256286621, 27.99761962890625, 33.5024528503418, 39.02008819580078, 44.76103591918945, 50.300018310546875, 55.99668502807617, 61.49604797363281, 66.99420166015625, 72.69458770751953, 78.30361938476562, 84.0054931640625, 89.57649993896484]",4.872568130493164,,0.0330342805077736,ou,"[0.0, 11.0, 17.0, 23.0, 29.0, 35.0, 41.0, 47.0, 53.0, 59.0, 65.0, 71.0, 77.0, 83.0, 89.0, 95.0]",,,,,,,,,,,,,,,,,,,,,,,,,,,,,,,,,,,,,,,,,,,,
summary/synthetic_kernel_recovery.csv,,,,,43,process_preserving,,,,,,,,,,,,,,,,,,,,,,,,,independent,,periodic,2.078099548816681,"[5.843591690063477, 11.662066459655762, 17.435447692871094, 22.885528564453125, 28.304147720336914, 33.699710845947266, 39.12798309326172, 44.58036804199219, 50.02214050292969, 55.51362228393555, 60.95697784423828, 66.4245834350586, 71.82520294189453, 77.36888122558594, 83.21004486083984, 89.10502624511719]",0.6852314472198486,24.31706428527832,,periodic,"[0.0, 12.0, 18.0, 29.0, 35.0, 41.0, 47.0, 50.0, 54.0, 62.0, 75.0, 80.0, 81.0, 87.0, 92.0, 93.0]",0.01321101188659668,,,,,,,,,,,,,,,,,,,,,,,,,,,,,,,,,,,,,,,,,,,
summary/synthetic_kernel_recovery.csv,,,,,43,process_preserving,,,,,,,,,,,,,,,,,,,,,,,,,independent,,matern,2.114708513021469,"[5.1736016273498535, 10.46245288848877, 16.11687660217285, 21.811763763427734, 27.50473403930664, 33.207088470458984, 38.919349670410156, 44.626434326171875, 50.33055114746094, 56.03939437866211, 61.75389862060547, 67.45930480957031, 73.156005859375, 78.84422302246094, 84.52489471435547, 89.84471130371094]",48.04624557495117,,1.6692358652750652,matern,"[0.0, 11.0, 17.0, 23.0, 29.0, 35.0, 41.0, 47.0, 53.0, 59.0, 65.0, 71.0, 77.0, 83.0, 89.0, 95.0]",,,,,,,,,,,,,,,,,,,,,,,,,,,,,,,,,,,,,,,,,,,,
summary/synthetic_kernel_recovery.csv,,,,,43,process_preserving,,,,,,,,,,,,,,,,,,,,,,,,,independent,,ou,1.8029363453388214,"[5.401857852935791, 10.998113632202148, 16.724781036376953, 22.350088119506836, 28.06025505065918, 33.564876556396484, 39.110389709472656, 44.86863327026367, 50.38002014160156, 56.090415954589844, 61.57798385620117, 67.0799560546875, 72.74635314941406, 78.34329223632812, 84.01677703857422, 89.56625366210938]",4.874135971069336,,0.03272314107366297,ou,"[0.0, 11.0, 17.0, 23.0, 29.0, 35.0, 41.0, 47.0, 53.0, 59.0, 65.0, 71.0, 77.0, 83.0, 89.0, 95.0]",,,,,,,,,,,,,,,,,,,,,,,,,,,,,,,,,,,,,,,,,,,,
summary/synthetic_kernel_recovery.csv,,,,,44,process_preserving,,,,,,,,,,,,,,,,,,,,,,,,,independent,,periodic,2.0735218822956085,"[5.857455730438232, 11.690499305725098, 17.44672393798828, 22.936458587646484, 28.36090087890625, 33.80113220214844, 39.27518844604492, 44.76064682006836, 50.271278381347656, 55.743072509765625, 61.228397369384766, 66.67498016357422, 72.0631332397461, 77.60040283203125, 83.39408111572266, 89.1836929321289]",0.6845266222953796,24.299930572509766,,periodic,"[0.0, 12.0, 18.0, 29.0, 35.0, 41.0, 47.0, 50.0, 54.0, 62.0, 75.0, 80.0, 81.0, 87.0, 92.0, 93.0]",0.0124971071879069,,,,,,,,,,,,,,,,,,,,,,,,,,,,,,,,,,,,,,,,,,,
summary/synthetic_kernel_recovery.csv,,,,,44,process_preserving,,,,,,,,,,,,,,,,,,,,,,,,,independent,,matern,2.136593759059906,"[5.118521690368652, 10.357105255126953, 15.999860763549805, 21.679214477539062, 27.37031364440918, 33.07100296020508, 38.769073486328125, 44.460609436035156, 50.145790100097656, 55.86425018310547, 61.581504821777344, 67.29640197753906, 73.01329803466797, 78.73921203613281, 84.44507598876953, 89.82466125488281]",48.0316047668457,,1.6684224870469835,matern,"[0.0, 11.0, 17.0, 23.0, 29.0, 35.0, 41.0, 47.0, 53.0, 59.0, 65.0, 71.0, 77.0, 83.0, 89.0, 95.0]",,,,,,,,,,,,,,,,,,,,,,,,,,,,,,,,,,,,,,,,,,,,
summary/synthetic_kernel_recovery.csv,,,,,44,process_preserving,,,,,,,,,,,,,,,,,,,,,,,,,independent,,ou,1.8402716219425201,"[5.424510478973389, 10.978348731994629, 16.6651611328125, 22.26800537109375, 27.94913101196289, 33.45283508300781, 38.966033935546875, 44.72065353393555, 50.28459930419922, 55.972259521484375, 61.49714660644531, 67.00445556640625, 72.70323944091797, 78.30850219726562, 84.01738739013672, 89.57548522949219]",4.8738813400268555,,0.03277367284307145,ou,"[0.0, 11.0, 17.0, 23.0, 29.0, 35.0, 41.0, 47.0, 53.0, 59.0, 65.0, 71.0, 77.0, 83.0, 89.0, 95.0]",,,,,,,,,,,,,,,,,,,,,,,,,,,,,,,,,,,,,,,,,,,,
summary/synthetic_kernel_recovery.csv,,,,,45,process_preserving,,,,,,,,,,,,,,,,,,,,,,,,,independent,,periodic,2.0727071464061737,"[5.836819171905518, 11.653544425964355, 17.438541412353516, 22.943843841552734, 28.34906768798828, 33.740474700927734, 39.19253158569336, 44.65990447998047, 50.10133361816406, 55.567466735839844, 61.02537155151367, 66.4593505859375, 71.86695861816406, 77.41664123535156, 83.24069213867188, 89.11312866210938]",0.6845904588699341,24.300426483154297,,periodic,"[0.0, 12.0, 18.0, 29.0, 35.0, 41.0, 47.0, 50.0, 54.0, 62.0, 75.0, 80.0, 81.0, 87.0, 92.0, 93.0]",0.012517770131429037,,,,,,,,,,,,,,,,,,,,,,,,,,,,,,,,,,,,,,,,,,,
summary/synthetic_kernel_recovery.csv,,,,,45,process_preserving,,,,,,,,,,,,,,,,,,,,,,,,,independent,,matern,2.1002157628536224,"[5.175295352935791, 10.517350196838379, 16.188505172729492, 21.890708923339844, 27.602039337158203, 33.31199645996094, 39.01371383666992, 44.723472595214844, 50.45063400268555, 56.173030853271484, 61.87898635864258, 67.57024383544922, 73.26943969726562, 78.95464324951172, 84.61620330810547, 89.899169921875]",48.0363655090332,,1.6686869727240667,matern,"[0.0, 11.0, 17.0, 23.0, 29.0, 35.0, 41.0, 47.0, 53.0, 59.0, 65.0, 71.0, 77.0, 83.0, 89.0, 95.0]",,,,,,,,,,,,,,,,,,,,,,,,,,,,,,,,,,,,,,,,,,,,
summary/synthetic_kernel_recovery.csv,,,,,45,process_preserving,,,,,,,,,,,,,,,,,,,,,,,,,independent,,ou,1.8325576782226562,"[5.429366111755371, 10.98725414276123, 16.693462371826172, 22.271432876586914, 27.980674743652344, 33.484893798828125, 38.99268341064453, 44.696372985839844, 50.22614669799805, 55.96918869018555, 61.45844268798828, 67.00098419189453, 72.68640899658203, 78.29132843017578, 84.00593566894531, 89.59356689453125]",4.872625827789307,,0.03302283042519228,ou,"[0.0, 11.0, 17.0, 23.0, 29.0, 35.0, 41.0, 47.0, 53.0, 59.0, 65.0, 71.0, 77.0, 83.0, 89.0, 95.0]",,,,,,,,,,,,,,,,,,,,,,,,,,,,,,,,,,,,,,,,,,,,
summary/synthetic_kernel_recovery.csv,,,,,46,process_preserving,,,,,,,,,,,,,,,,,,,,,,,,,independent,,periodic,2.095973014831543,"[5.84223747253418, 11.66390609741211, 17.363765716552734, 22.81403350830078, 28.201173782348633, 33.647586822509766, 39.10833740234375, 44.59193420410156, 50.06992721557617, 55.532447814941406, 61.0063362121582, 66.45499420166016, 71.88251495361328, 77.4345932006836, 83.26344299316406, 89.1268081665039]",0.684892475605011,24.299819946289062,,periodic,"[0.0, 12.0, 18.0, 29.0, 35.0, 41.0, 47.0, 50.0, 54.0, 62.0, 75.0, 80.0, 81.0, 87.0, 92.0, 93.0]",0.012492497762044271,,,,,,,,,,,,,,,,,,,,,,,,,,,,,,,,,,,,,,,,,,,
summary/synthetic_kernel_recovery.csv,,,,,46,process_preserving,,,,,,,,,,,,,,,,,,,,,,,,,independent,,matern,2.0057875216007233,"[5.226257801055908, 10.639726638793945, 16.364173889160156, 22.08249855041504, 27.818021774291992, 33.521507263183594, 39.21656799316406, 44.909358978271484, 50.603294372558594, 56.28868103027344, 61.96246337890625, 67.62078094482422, 73.28170776367188, 78.92926025390625, 84.56775665283203, 89.85887145996094]",48.05112075805664,,1.6695067087809246,matern,"[0.0, 11.0, 17.0, 23.0, 29.0, 35.0, 41.0, 47.0, 53.0, 59.0, 65.0, 71.0, 77.0, 83.0, 89.0, 95.0]",,,,,,,,,,,,,,,,,,,,,,,,,,,,,,,,,,,,,,,,,,,,
summary/synthetic_kernel_recovery.csv,,,,,46,process_preserving,,,,,,,,,,,,,,,,,,,,,,,,,independent,,ou,1.8337189555168152,"[5.430448532104492, 10.99902629852295, 16.683929443359375, 22.277162551879883, 27.98176383972168, 33.506011962890625, 39.006839752197266, 44.71974182128906, 50.28216552734375, 56.000999450683594, 61.50504684448242, 67.02145385742188, 72.71739196777344, 78.32189178466797, 84.01053619384766, 89.57975006103516]",4.872745990753174,,0.032998983972213,ou,"[0.0, 11.0, 17.0, 23.0, 29.0, 35.0, 41.0, 47.0, 53.0, 59.0, 65.0, 71.0, 77.0, 83.0, 89.0, 95.0]",,,,,,,,,,,,,,,,,,,,,,,,,,,,,,,,,,,,,,,,,,,,
summary/synthetic_kernel_recovery.csv,,,,,42,full,,,,,,,,,,,,,,,,,,,,,,,,,independent,,periodic,2.0834091007709503,"[5.845936298370361, 11.659804344177246, 17.4417724609375, 22.85411262512207, 28.272668838500977, 33.73674774169922, 39.17635726928711, 44.62498474121094, 50.116397857666016, 55.58499526977539, 61.04656219482422, 66.50626373291016, 71.90941619873047, 77.46636199951172, 83.2874526977539, 89.12895202636719]",0.6845686435699463,24.312503814697266,,periodic,"[0.0, 12.0, 18.0, 29.0, 35.0, 41.0, 47.0, 50.0, 54.0, 62.0, 75.0, 80.0, 81.0, 87.0, 92.0, 93.0]",0.013020992279052734,,,,,,,,,,,,,,,,,,,,,,,,,,,,,,,,,,,,,,,,,,,
summary/synthetic_kernel_recovery.csv,,,,,42,full,,,,,,,,,,,,,,,,,,,,,,,,,independent,,matern,2.1106457114219666,"[5.135952949523926, 10.395933151245117, 16.12247085571289, 21.855121612548828, 27.60619354248047, 33.34758377075195, 39.07652282714844, 44.80190658569336, 50.51225280761719, 56.24116516113281, 61.939720153808594, 67.6412582397461, 73.33303833007812, 79.01717376708984, 84.6793441772461, 89.90570831298828]",48.02424621582031,,1.668013678656684,matern,"[0.0, 11.0, 17.0, 23.0, 29.0, 35.0, 41.0, 47.0, 53.0, 59.0, 65.0, 71.0, 77.0, 83.0, 89.0, 95.0]",,,,,,,,,,,,,,,,,,,,,,,,,,,,,,,,,,,,,,,,,,,,
summary/synthetic_kernel_recovery.csv,,,,,42,full,,,,,,,,,,,,,,,,,,,,,,,,,independent,,ou,1.8135503828525543,"[5.3904805183410645, 10.984161376953125, 16.706926345825195, 22.321908950805664, 28.02503204345703, 33.54075622558594, 39.04725646972656, 44.77536392211914, 50.33794021606445, 56.02926254272461, 61.515804290771484, 67.02677154541016, 72.71240997314453, 78.31897735595703, 84.01691436767578, 89.57884979248047]",4.872601509094238,,0.03302765649305714,ou,"[0.0, 11.0, 17.0, 23.0, 29.0, 35.0, 41.0, 47.0, 53.0, 59.0, 65.0, 71.0, 77.0, 83.0, 89.0, 95.0]",,,,,,,,,,,,,,,,,,,,,,,,,,,,,,,,,,,,,,,,,,,,
summary/synthetic_kernel_recovery.csv,,,,,43,full,,,,,,,,,,,,,,,,,,,,,,,,,independent,,periodic,2.0772567987442017,"[5.8450469970703125, 11.66524887084961, 17.439563751220703, 22.88991928100586, 28.30893325805664, 33.70441436767578, 39.133392333984375, 44.58628845214844, 50.02851104736328, 55.520423889160156, 60.963401794433594, 66.43023681640625, 71.8304443359375, 77.37287902832031, 83.21207427978516, 89.10598754882812]",0.685236394405365,24.316967010498047,,periodic,"[0.0, 12.0, 18.0, 29.0, 35.0, 41.0, 47.0, 50.0, 54.0, 62.0, 75.0, 80.0, 81.0, 87.0, 92.0, 93.0]",0.013206958770751953,,,,,,,,,,,,,,,,,,,,,,,,,,,,,,,,,,,,,,,,,,,
summary/synthetic_kernel_recovery.csv,,,,,43,full,,,,,,,,,,,,,,,,,,,,,,,,,independent,,matern,2.1145943105220795,"[5.172989368438721, 10.461583137512207, 16.116191864013672, 21.812255859375, 27.50592041015625, 33.20905685424805, 38.92184829711914, 44.62860870361328, 50.332618713378906, 56.040950775146484, 61.754981994628906, 67.46070098876953, 73.1582260131836, 78.84613037109375, 84.5262222290039, 89.84563446044922]",48.04634475708008,,1.6692413753933377,matern,"[0.0, 11.0, 17.0, 23.0, 29.0, 35.0, 41.0, 47.0, 53.0, 59.0, 65.0, 71.0, 77.0, 83.0, 89.0, 95.0]",,,,,,,,,,,,,,,,,,,,,,,,,,,,,,,,,,,,,,,,,,,,
summary/synthetic_kernel_recovery.csv,,,,,43,full,,,,,,,,,,,,,,,,,,,,,,,,,independent,,ou,1.803142249584198,"[5.403013229370117, 11.000672340393066, 16.728147506713867, 22.354206085205078, 28.064878463745117, 33.569732666015625, 39.115474700927734, 44.873634338378906, 50.38508224487305, 56.09637451171875, 61.58464050292969, 67.08672332763672, 72.75379943847656, 78.35102844238281, 84.0246353149414, 89.5702133178711]",4.874120712280273,,0.03272616919467621,ou,"[0.0, 11.0, 17.0, 23.0, 29.0, 35.0, 41.0, 47.0, 53.0, 59.0, 65.0, 71.0, 77.0, 83.0, 89.0, 95.0]",,,,,,,,,,,,,,,,,,,,,,,,,,,,,,,,,,,,,,,,,,,,
summary/synthetic_kernel_recovery.csv,,,,,44,full,,,,,,,,,,,,,,,,,,,,,,,,,independent,,periodic,2.07562917470932,"[5.857027053833008, 11.688015937805176, 17.443790435791016, 22.927379608154297, 28.352279663085938, 33.78921127319336, 39.25782775878906, 44.744937896728516, 50.25921630859375, 55.734649658203125, 61.22419738769531, 66.67391967773438, 72.06390380859375, 77.59869384765625, 83.39008331298828, 89.18045043945312]",0.6844969391822815,24.295223236083984,,periodic,"[0.0, 12.0, 18.0, 29.0, 35.0, 41.0, 47.0, 50.0, 54.0, 62.0, 75.0, 80.0, 81.0, 87.0, 92.0, 93.0]",0.012300968170166016,,,,,,,,,,,,,,,,,,,,,,,,,,,,,,,,,,,,,,,,,,,
summary/synthetic_kernel_recovery.csv,,,,,44,full,,,,,,,,,,,,,,,,,,,,,,,,,independent,,matern,2.1291437447071075,"[5.121406078338623, 10.365344047546387, 16.0225772857666, 21.713848114013672, 27.414283752441406, 33.1201171875, 38.823936462402344, 44.52333450317383, 50.20200729370117, 55.91758346557617, 61.63362503051758, 67.34403228759766, 73.0586166381836, 78.76750946044922, 84.45604705810547, 89.82344055175781]",48.031524658203125,,1.6684180365668402,matern,"[0.0, 11.0, 17.0, 23.0, 29.0, 35.0, 41.0, 47.0, 53.0, 59.0, 65.0, 71.0, 77.0, 83.0, 89.0, 95.0]",,,,,,,,,,,,,,,,,,,,,,,,,,,,,,,,,,,,,,,,,,,,
summary/synthetic_kernel_recovery.csv,,,,,44,full,,,,,,,,,,,,,,,,,,,,,,,,,independent,,ou,1.8379179537296295,"[5.426825046539307, 10.977092742919922, 16.6646728515625, 22.265623092651367, 27.947452545166016, 33.458919525146484, 38.962120056152344, 44.71515655517578, 50.276371002197266, 55.962100982666016, 61.489830017089844, 66.99501037597656, 72.6863021850586, 78.29734802246094, 84.01031494140625, 89.5748291015625]",4.87387228012085,,0.032775470789923065,ou,"[0.0, 11.0, 17.0, 23.0, 29.0, 35.0, 41.0, 47.0, 53.0, 59.0, 65.0, 71.0, 77.0, 83.0, 89.0, 95.0]",,,,,,,,,,,,,,,,,,,,,,,,,,,,,,,,,,,,,,,,,,,,
summary/synthetic_kernel_recovery.csv,,,,,45,full,,,,,,,,,,,,,,,,,,,,,,,,,independent,,periodic,2.072530061006546,"[5.837561130523682, 11.654090881347656, 17.44113540649414, 22.945083618164062, 28.35003089904785, 33.740543365478516, 39.19173049926758, 44.65755081176758, 50.09928512573242, 55.56385803222656, 61.0195426940918, 66.45309448242188, 71.86063385009766, 77.41350555419922, 83.23887634277344, 89.11143493652344]",0.6846112012863159,24.30063247680664,,periodic,"[0.0, 12.0, 18.0, 29.0, 35.0, 41.0, 47.0, 50.0, 54.0, 62.0, 75.0, 80.0, 81.0, 87.0, 92.0, 93.0]",0.012526353200276693,,,,,,,,,,,,,,,,,,,,,,,,,,,,,,,,,,,,,,,,,,,
summary/synthetic_kernel_recovery.csv,,,,,45,full,,,,,,,,,,,,,,,,,,,,,,,,,independent,,matern,2.0984316766262054,"[5.17616605758667, 10.52081298828125, 16.190582275390625, 21.891759872436523, 27.603412628173828, 33.31412887573242, 39.016578674316406, 44.726558685302734, 50.453006744384766, 56.17404556274414, 61.87843322753906, 67.56848907470703, 73.26719665527344, 78.9518814086914, 84.6137466430664, 89.898193359375]",48.03553009033203,,1.6686405605740018,matern,"[0.0, 11.0, 17.0, 23.0, 29.0, 35.0, 41.0, 47.0, 53.0, 59.0, 65.0, 71.0, 77.0, 83.0, 89.0, 95.0]",,,,,,,,,,,,,,,,,,,,,,,,,,,,,,,,,,,,,,,,,,,,
summary/synthetic_kernel_recovery.csv,,,,,45,full,,,,,,,,,,,,,,,,,,,,,,,,,independent,,ou,1.8328248858451843,"[5.426186561584473, 10.98609733581543, 16.69671058654785, 22.271696090698242, 27.975126266479492, 33.479736328125, 38.986854553222656, 44.697021484375, 50.229732513427734, 55.97501754760742, 61.4603157043457, 66.99787902832031, 72.68350219726562, 78.29104614257812, 84.00540161132812, 89.59266662597656]",4.872641086578369,,0.03301980230417904,ou,"[0.0, 11.0, 17.0, 23.0, 29.0, 35.0, 41.0, 47.0, 53.0, 59.0, 65.0, 71.0, 77.0, 83.0, 89.0, 95.0]",,,,,,,,,,,,,,,,,,,,,,,,,,,,,,,,,,,,,,,,,,,,
summary/synthetic_kernel_recovery.csv,,,,,46,full,,,,,,,,,,,,,,,,,,,,,,,,,independent,,periodic,2.0956315100193024,"[5.8426032066345215, 11.66480541229248, 17.364023208618164, 22.816020965576172, 28.20372772216797, 33.649959564208984, 39.111183166503906, 44.59541320800781, 50.07259750366211, 55.535675048828125, 61.00921630859375, 66.45771789550781, 71.88465118408203, 77.43639373779297, 83.26481628417969, 89.12731170654297]",0.6848747730255127,24.299671173095703,,periodic,"[0.0, 12.0, 18.0, 29.0, 35.0, 41.0, 47.0, 50.0, 54.0, 62.0, 75.0, 80.0, 81.0, 87.0, 92.0, 93.0]",0.01248629887898763,,,,,,,,,,,,,,,,,,,,,,,,,,,,,,,,,,,,,,,,,,,
summary/synthetic_kernel_recovery.csv,,,,,46,full,,,,,,,,,,,,,,,,,,,,,,,,,independent,,matern,2.0108413100242615,"[5.225440979003906, 10.637307167053223, 16.357336044311523, 22.072189331054688, 27.804431915283203, 33.50285720825195, 39.195804595947266, 44.889610290527344, 50.58515930175781, 56.2729377746582, 61.94791793823242, 67.60770416259766, 73.2710952758789, 78.92100524902344, 84.56303405761719, 89.85771179199219]",48.05076217651367,,1.6694867875840929,matern,"[0.0, 11.0, 17.0, 23.0, 29.0, 35.0, 41.0, 47.0, 53.0, 59.0, 65.0, 71.0, 77.0, 83.0, 89.0, 95.0]",,,,,,,,,,,,,,,,,,,,,,,,,,,,,,,,,,,,,,,,,,,,
summary/synthetic_kernel_recovery.csv,,,,,46,full,,,,,,,,,,,,,,,,,,,,,,,,,independent,,ou,1.8341306447982788,"[5.430412292480469, 10.997661590576172, 16.6837215423584, 22.280248641967773, 27.98196029663086, 33.50623321533203, 39.008602142333984, 44.720760345458984, 50.27898406982422, 55.99985122680664, 61.506465911865234, 67.02594757080078, 72.71765899658203, 78.32405853271484, 84.0118408203125, 89.5759048461914]",4.872732162475586,,0.03300172820688125,ou,"[0.0, 11.0, 17.0, 23.0, 29.0, 35.0, 41.0, 47.0, 53.0, 59.0, 65.0, 71.0, 77.0, 83.0, 89.0, 95.0]",,,,,,,,,,,,,,,,,,,,,,,,,,,,,,,,,,,,,,,,,,,,
summary/synthetic_kernel_recovery.csv,,,,,42,early_fusion,,,,,,,,,,,,,,,,,,,,,,,,,interacting,,periodic,2.0494402647018433,"[5.865449905395508, 11.715615272521973, 17.55173110961914, 23.021013259887695, 28.45172882080078, 33.88837814331055, 39.34071350097656, 44.8379020690918, 50.3121452331543, 55.771873474121094, 61.23306655883789, 66.66276550292969, 72.05199432373047, 77.5265121459961, 83.30807495117188, 89.1465072631836]",0.6847892999649048,24.30841064453125,,periodic,"[0.0, 12.0, 18.0, 29.0, 35.0, 41.0, 47.0, 50.0, 54.0, 62.0, 75.0, 80.0, 81.0, 87.0, 92.0, 93.0]",0.012850443522135416,,,,,,,,,,,,,,,,,,,,,,,,,,,,,,,,,,,,,,,,,,,
summary/synthetic_kernel_recovery.csv,,,,,42,early_fusion,,,,,,,,,,,,,,,,,,,,,,,,,interacting,,matern,2.0494329631328583,"[5.1591668128967285, 10.56000804901123, 16.298500061035156, 22.035316467285156, 27.773704528808594, 33.51386642456055, 39.22471618652344, 44.93558120727539, 50.654544830322266, 56.3774299621582, 62.07780456542969, 67.77433013916016, 73.45598602294922, 79.11273193359375, 84.74720001220703, 89.90816497802734]",48.04945755004883,,1.669414308336046,matern,"[0.0, 11.0, 17.0, 23.0, 29.0, 35.0, 41.0, 47.0, 53.0, 59.0, 65.0, 71.0, 77.0, 83.0, 89.0, 95.0]",,,,,,,,,,,,,,,,,,,,,,,,,,,,,,,,,,,,,,,,,,,,
summary/synthetic_kernel_recovery.csv,,,,,42,early_fusion,,,,,,,,,,,,,,,,,,,,,,,,,interacting,,ou,1.8290905952453613,"[5.423508644104004, 10.988957405090332, 16.69526481628418, 22.288436889648438, 27.981340408325195, 33.49998092651367, 38.98963928222656, 44.7310791015625, 50.254947662353516, 55.99876403808594, 61.49980926513672, 66.99666595458984, 72.69221496582031, 78.28895568847656, 83.99893188476562, 89.59125518798828]",4.87294864654541,,0.032958766740005876,ou,"[0.0, 11.0, 17.0, 23.0, 29.0, 35.0, 41.0, 47.0, 53.0, 59.0, 65.0, 71.0, 77.0, 83.0, 89.0, 95.0]",,,,,,,,,,,,,,,,,,,,,,,,,,,,,,,,,,,,,,,,,,,,
summary/synthetic_kernel_recovery.csv,,,,,43,early_fusion,,,,,,,,,,,,,,,,,,,,,,,,,interacting,,periodic,2.0880898237228394,"[5.828655242919922, 11.628739356994629, 17.378646850585938, 22.850812911987305, 28.273757934570312, 33.68313980102539, 39.13379669189453, 44.612144470214844, 50.083229064941406, 55.54431915283203, 61.00087356567383, 66.46480560302734, 71.87413024902344, 77.40316772460938, 83.24200439453125, 89.11878967285156]",0.6855809688568115,24.322383880615234,,periodic,"[0.0, 12.0, 18.0, 29.0, 35.0, 41.0, 47.0, 50.0, 54.0, 62.0, 75.0, 80.0, 81.0, 87.0, 92.0, 93.0]",0.013432661692301432,,,,,,,,,,,,,,,,,,,,,,,,,,,,,,,,,,,,,,,,,,,
summary/synthetic_kernel_recovery.csv,,,,,43,early_fusion,,,,,,,,,,,,,,,,,,,,,,,,,interacting,,matern,2.036745071411133,"[5.250995635986328, 10.628843307495117, 16.295555114746094, 21.978858947753906, 27.654861450195312, 33.31330108642578, 38.96751022338867, 44.631309509277344, 50.31283187866211, 56.0025520324707, 61.685089111328125, 67.35770416259766, 73.04069519042969, 78.72953033447266, 84.40734100341797, 89.80182647705078]",48.056671142578125,,1.6698150634765625,matern,"[0.0, 11.0, 17.0, 23.0, 29.0, 35.0, 41.0, 47.0, 53.0, 59.0, 65.0, 71.0, 77.0, 83.0, 89.0, 95.0]",,,,,,,,,,,,,,,,,,,,,,,,,,,,,,,,,,,,,,,,,,,,
summary/synthetic_kernel_recovery.csv,,,,,43,early_fusion,,,,,,,,,,,,,,,,,,,,,,,,,interacting,,ou,1.8312101066112518,"[5.409440517425537, 10.981571197509766, 16.67262840270996, 22.280954360961914, 27.98816680908203, 33.4598503112793, 38.99517822265625, 44.73173904418945, 50.269691467285156, 55.991817474365234, 61.488651275634766, 67.00885772705078, 72.69859313964844, 78.29993438720703, 83.99862670898438, 89.55825805664062]",4.87421989440918,,0.03270648640809014,ou,"[0.0, 11.0, 17.0, 23.0, 29.0, 35.0, 41.0, 47.0, 53.0, 59.0, 65.0, 71.0, 77.0, 83.0, 89.0, 95.0]",,,,,,,,,,,,,,,,,,,,,,,,,,,,,,,,,,,,,,,,,,,,
summary/synthetic_kernel_recovery.csv,,,,,44,early_fusion,,,,,,,,,,,,,,,,,,,,,,,,,interacting,,periodic,2.0745136737823486,"[5.8565874099731445, 11.685416221618652, 17.46871566772461, 22.95915985107422, 28.37025260925293, 33.7962532043457, 39.24722671508789, 44.74357986450195, 50.23860168457031, 55.702919006347656, 61.14325714111328, 66.57679748535156, 71.97623443603516, 77.5003890991211, 83.31914520263672, 89.14923858642578]",0.6852571368217468,24.306249618530273,,periodic,"[0.0, 12.0, 18.0, 29.0, 35.0, 41.0, 47.0, 50.0, 54.0, 62.0, 75.0, 80.0, 81.0, 87.0, 92.0, 93.0]",0.012760400772094727,,,,,,,,,,,,,,,,,,,,,,,,,,,,,,,,,,,,,,,,,,,
summary/synthetic_kernel_recovery.csv,,,,,44,early_fusion,,,,,,,,,,,,,,,,,,,,,,,,,interacting,,matern,2.0178017020225525,"[5.210570335388184, 10.634124755859375, 16.33417510986328, 22.025327682495117, 27.718740463256836, 33.4360466003418, 39.16920471191406, 44.88344955444336, 50.574134826660156, 56.271915435791016, 61.96046447753906, 67.63117218017578, 73.25872039794922, 78.86909484863281, 84.47616577148438, 89.81198120117188]",48.018070220947266,,1.6676705678304036,matern,"[0.0, 11.0, 17.0, 23.0, 29.0, 35.0, 41.0, 47.0, 53.0, 59.0, 65.0, 71.0, 77.0, 83.0, 89.0, 95.0]",,,,,,,,,,,,,,,,,,,,,,,,,,,,,,,,,,,,,,,,,,,,
summary/synthetic_kernel_recovery.csv,,,,,44,early_fusion,,,,,,,,,,,,,,,,,,,,,,,,,interacting,,ou,1.8279883563518524,"[5.429210186004639, 10.98788833618164, 16.68596076965332, 22.277629852294922, 27.987770080566406, 33.483375549316406, 38.99468231201172, 44.74732208251953, 50.26696014404297, 55.98676681518555, 61.49482345581055, 66.99541473388672, 72.69523620605469, 78.28684997558594, 83.99397277832031, 89.58102416992188]",4.873369216918945,,0.03287530415457839,ou,"[0.0, 11.0, 17.0, 23.0, 29.0, 35.0, 41.0, 47.0, 53.0, 59.0, 65.0, 71.0, 77.0, 83.0, 89.0, 95.0]",,,,,,,,,,,,,,,,,,,,,,,,,,,,,,,,,,,,,,,,,,,,
summary/synthetic_kernel_recovery.csv,,,,,45,early_fusion,,,,,,,,,,,,,,,,,,,,,,,,,interacting,,periodic,2.08657443523407,"[5.841794013977051, 11.644739151000977, 17.41318130493164, 22.871667861938477, 28.279054641723633, 33.700401306152344, 39.161476135253906, 44.643314361572266, 50.11168670654297, 55.587886810302734, 61.04819869995117, 66.4952163696289, 71.90409088134766, 77.44944763183594, 83.27806854248047, 89.13313293457031]",0.6847315430641174,24.303447723388672,,periodic,"[0.0, 12.0, 18.0, 29.0, 35.0, 41.0, 47.0, 50.0, 54.0, 62.0, 75.0, 80.0, 81.0, 87.0, 92.0, 93.0]",0.012643655141194662,,,,,,,,,,,,,,,,,,,,,,,,,,,,,,,,,,,,,,,,,,,
summary/synthetic_kernel_recovery.csv,,,,,45,early_fusion,,,,,,,,,,,,,,,,,,,,,,,,,interacting,,matern,2.029540568590164,"[5.196136951446533, 10.598329544067383, 16.31072998046875, 22.02647590637207, 27.756824493408203, 33.50411605834961, 39.24828338623047, 44.9908447265625, 50.72515869140625, 56.46133804321289, 62.18474578857422, 67.84226989746094, 73.466552734375, 79.08358001708984, 84.66603088378906, 89.89212036132812]",48.00532531738281,,1.6669625176323786,matern,"[0.0, 11.0, 17.0, 23.0, 29.0, 35.0, 41.0, 47.0, 53.0, 59.0, 65.0, 71.0, 77.0, 83.0, 89.0, 95.0]",,,,,,,,,,,,,,,,,,,,,,,,,,,,,,,,,,,,,,,,,,,,
summary/synthetic_kernel_recovery.csv,,,,,45,early_fusion,,,,,,,,,,,,,,,,,,,,,,,,,interacting,,ou,1.8323434889316559,"[5.437595844268799, 10.993139266967773, 16.686555862426758, 22.278539657592773, 27.977075576782227, 33.486671447753906, 38.993202209472656, 44.720542907714844, 50.244876861572266, 55.98660659790039, 61.487693786621094, 67.0024642944336, 72.68328094482422, 78.2906265258789, 84.00687408447266, 89.59252166748047]",4.8725457191467285,,0.0330387280605118,ou,"[0.0, 11.0, 17.0, 23.0, 29.0, 35.0, 41.0, 47.0, 53.0, 59.0, 65.0, 71.0, 77.0, 83.0, 89.0, 95.0]",,,,,,,,,,,,,,,,,,,,,,,,,,,,,,,,,,,,,,,,,,,,
summary/synthetic_kernel_recovery.csv,,,,,46,early_fusion,,,,,,,,,,,,,,,,,,,,,,,,,interacting,,periodic,2.043528139591217,"[5.875328063964844, 11.74319076538086, 17.545181274414062, 23.04787254333496, 28.466432571411133, 33.920921325683594, 39.38298416137695, 44.84893798828125, 50.29957580566406, 55.758460998535156, 61.20098114013672, 66.61161041259766, 72.01338958740234, 77.54681396484375, 83.32207489013672, 89.14965057373047]",0.6846218109130859,24.30202865600586,,periodic,"[0.0, 12.0, 18.0, 29.0, 35.0, 41.0, 47.0, 50.0, 54.0, 62.0, 75.0, 80.0, 81.0, 87.0, 92.0, 93.0]",0.012584527333577475,,,,,,,,,,,,,,,,,,,,,,,,,,,,,,,,,,,,,,,,,,,
summary/synthetic_kernel_recovery.csv,,,,,46,early_fusion,,,,,,,,,,,,,,,,,,,,,,,,,interacting,,matern,2.1444075107574463,"[5.170058250427246, 10.458231925964355, 16.10466766357422, 21.78470230102539, 27.491989135742188, 33.217994689941406, 38.963462829589844, 44.69830322265625, 50.42445373535156, 56.1579475402832, 61.89838409423828, 67.61598205566406, 73.3099365234375, 78.98760986328125, 84.6359634399414, 89.8870620727539]",48.052330017089844,,1.6695738898383246,matern,"[0.0, 11.0, 17.0, 23.0, 29.0, 35.0, 41.0, 47.0, 53.0, 59.0, 65.0, 71.0, 77.0, 83.0, 89.0, 95.0]",,,,,,,,,,,,,,,,,,,,,,,,,,,,,,,,,,,,,,,,,,,,
summary/synthetic_kernel_recovery.csv,,,,,46,early_fusion,,,,,,,,,,,,,,,,,,,,,,,,,interacting,,ou,1.8270813524723053,"[5.439591884613037, 10.99936580657959, 16.687732696533203, 22.28292465209961, 27.998863220214844, 33.50963592529297, 39.00619888305664, 44.73927688598633, 50.28575134277344, 56.00498962402344, 61.52108383178711, 67.00419616699219, 72.69462585449219, 78.28900909423828, 83.99853515625, 89.59700775146484]",4.872409820556641,,0.03306569726328599,ou,"[0.0, 11.0, 17.0, 23.0, 29.0, 35.0, 41.0, 47.0, 53.0, 59.0, 65.0, 71.0, 77.0, 83.0, 89.0, 95.0]",,,,,,,,,,,,,,,,,,,,,,,,,,,,,,,,,,,,,,,,,,,,
summary/synthetic_kernel_recovery.csv,,,,,42,independent_branches,,,,,,,,,,,,,,,,,,,,,,,,,interacting,,periodic,2.07076033949852,"[5.849359035491943, 11.682828903198242, 17.475852966308594, 22.92471694946289, 28.327312469482422, 33.752471923828125, 39.226112365722656, 44.6941032409668, 50.16887664794922, 55.64779281616211, 61.097877502441406, 66.53103637695312, 71.93360900878906, 77.42904663085938, 83.24710083007812, 89.11198425292969]",0.6844356060028076,24.31079864501953,,periodic,"[0.0, 12.0, 18.0, 29.0, 35.0, 41.0, 47.0, 50.0, 54.0, 62.0, 75.0, 80.0, 81.0, 87.0, 92.0, 93.0]",0.012949943542480469,,,,,,,,,,,,,,,,,,,,,,,,,,,,,,,,,,,,,,,,,,,
summary/synthetic_kernel_recovery.csv,,,,,42,independent_branches,,,,,,,,,,,,,,,,,,,,,,,,,interacting,,matern,2.226662278175354,"[5.079891204833984, 10.235281944274902, 15.905743598937988, 21.598670959472656, 27.291513442993164, 33.01279830932617, 38.741249084472656, 44.48015594482422, 50.23257827758789, 55.98107147216797, 61.71671676635742, 67.46835327148438, 73.22637176513672, 78.97566223144531, 84.70466613769531, 89.9247817993164]",48.101314544677734,,1.6722952524820964,matern,"[0.0, 11.0, 17.0, 23.0, 29.0, 35.0, 41.0, 47.0, 53.0, 59.0, 65.0, 71.0, 77.0, 83.0, 89.0, 95.0]",,,,,,,,,,,,,,,,,,,,,,,,,,,,,,,,,,,,,,,,,,,,
summary/synthetic_kernel_recovery.csv,,,,,42,independent_branches,,,,,,,,,,,,,,,,,,,,,,,,,interacting,,ou,1.8241321444511414,"[5.3939313888549805, 10.990011215209961, 16.693012237548828, 22.301687240600586, 27.96884536743164, 33.459144592285156, 39.004966735839844, 44.76077651977539, 50.292457580566406, 55.984886169433594, 61.5146369934082, 66.99160766601562, 72.67896270751953, 78.29293060302734, 84.0000228881836, 89.5849609375]",4.874832630157471,,0.032584888423652134,ou,"[0.0, 11.0, 17.0, 23.0, 29.0, 35.0, 41.0, 47.0, 53.0, 59.0, 65.0, 71.0, 77.0, 83.0, 89.0, 95.0]",,,,,,,,,,,,,,,,,,,,,,,,,,,,,,,,,,,,,,,,,,,,
summary/synthetic_kernel_recovery.csv,,,,,43,independent_branches,,,,,,,,,,,,,,,,,,,,,,,,,interacting,,periodic,2.0567860305309296,"[5.877673625946045, 11.735188484191895, 17.53306007385254, 23.014951705932617, 28.412261962890625, 33.82855224609375, 39.26935577392578, 44.714439392089844, 50.15913391113281, 55.64982986450195, 61.07947540283203, 66.52413177490234, 71.92045593261719, 77.43746185302734, 83.26622772216797, 89.12451171875]",0.6848845481872559,24.303422927856445,,periodic,"[0.0, 12.0, 18.0, 29.0, 35.0, 41.0, 47.0, 50.0, 54.0, 62.0, 75.0, 80.0, 81.0, 87.0, 92.0, 93.0]",0.012642621994018555,,,,,,,,,,,,,,,,,,,,,,,,,,,,,,,,,,,,,,,,,,,
summary/synthetic_kernel_recovery.csv,,,,,43,independent_branches,,,,,,,,,,,,,,,,,,,,,,,,,interacting,,matern,2.155125916004181,"[5.064881324768066, 10.286666870117188, 16.01801872253418, 21.752986907958984, 27.485427856445312, 33.23012924194336, 38.98563003540039, 44.72739028930664, 50.46432113647461, 56.185935974121094, 61.90330123901367, 67.61914825439453, 73.3307113647461, 79.01490783691406, 84.6806411743164, 89.91316223144531]",48.107444763183594,,1.6726358201768663,matern,"[0.0, 11.0, 17.0, 23.0, 29.0, 35.0, 41.0, 47.0, 53.0, 59.0, 65.0, 71.0, 77.0, 83.0, 89.0, 95.0]",,,,,,,,,,,,,,,,,,,,,,,,,,,,,,,,,,,,,,,,,,,,
summary/synthetic_kernel_recovery.csv,,,,,43,independent_branches,,,,,,,,,,,,,,,,,,,,,,,,,interacting,,ou,1.8262839615345001,"[5.382288455963135, 10.98704719543457, 16.701290130615234, 22.287002563476562, 27.937301635742188, 33.43772888183594, 38.95111846923828, 44.71993637084961, 50.27133560180664, 55.9638671875, 61.469730377197266, 66.96488952636719, 72.6531982421875, 78.28062438964844, 83.99056243896484, 89.58015441894531]",4.876704216003418,,0.03221347045562165,ou,"[0.0, 11.0, 17.0, 23.0, 29.0, 35.0, 41.0, 47.0, 53.0, 59.0, 65.0, 71.0, 77.0, 83.0, 89.0, 95.0]",,,,,,,,,,,,,,,,,,,,,,,,,,,,,,,,,,,,,,,,,,,,
summary/synthetic_kernel_recovery.csv,,,,,44,independent_branches,,,,,,,,,,,,,,,,,,,,,,,,,interacting,,periodic,2.0814189016819,"[5.851651668548584, 11.683643341064453, 17.42262077331543, 22.906278610229492, 28.306774139404297, 33.73594665527344, 39.177032470703125, 44.6916618347168, 50.148502349853516, 55.634464263916016, 61.13021469116211, 66.59130096435547, 71.98658752441406, 77.53955841064453, 83.33026123046875, 89.15440368652344]",0.6845874786376953,24.298492431640625,,periodic,"[0.0, 12.0, 18.0, 29.0, 35.0, 41.0, 47.0, 50.0, 54.0, 62.0, 75.0, 80.0, 81.0, 87.0, 92.0, 93.0]",0.012437184651692709,,,,,,,,,,,,,,,,,,,,,,,,,,,,,,,,,,,,,,,,,,,
summary/synthetic_kernel_recovery.csv,,,,,44,independent_branches,,,,,,,,,,,,,,,,,,,,,,,,,interacting,,matern,2.1327558755874634,"[5.1182708740234375, 10.357463836669922, 16.01350212097168, 21.717754364013672, 27.42518424987793, 33.133934020996094, 38.84783935546875, 44.561527252197266, 50.25895690917969, 55.976802825927734, 61.67407989501953, 67.36253356933594, 73.068359375, 78.79315185546875, 84.5080337524414, 89.85485076904297]",48.10002899169922,,1.6722238328721788,matern,"[0.0, 11.0, 17.0, 23.0, 29.0, 35.0, 41.0, 47.0, 53.0, 59.0, 65.0, 71.0, 77.0, 83.0, 89.0, 95.0]",,,,,,,,,,,,,,,,,,,,,,,,,,,,,,,,,,,,,,,,,,,,
summary/synthetic_kernel_recovery.csv,,,,,44,independent_branches,,,,,,,,,,,,,,,,,,,,,,,,,interacting,,ou,1.8094695210456848,"[5.428840637207031, 11.0067777633667, 16.724443435668945, 22.36637306213379, 28.064218521118164, 33.612945556640625, 39.164215087890625, 44.91463088989258, 50.45163345336914, 56.148048400878906, 61.6549186706543, 67.14680480957031, 72.81580352783203, 78.40338134765625, 84.06763458251953, 89.59967041015625]",4.8762993812561035,,0.03229381029125423,ou,"[0.0, 11.0, 17.0, 23.0, 29.0, 35.0, 41.0, 47.0, 53.0, 59.0, 65.0, 71.0, 77.0, 83.0, 89.0, 95.0]",,,,,,,,,,,,,,,,,,,,,,,,,,,,,,,,,,,,,,,,,,,,
summary/synthetic_kernel_recovery.csv,,,,,45,independent_branches,,,,,,,,,,,,,,,,,,,,,,,,,interacting,,periodic,2.066993832588196,"[5.833261489868164, 11.646268844604492, 17.440881729125977, 23.014789581298828, 28.420167922973633, 33.81285858154297, 39.26020812988281, 44.735599517822266, 50.17079162597656, 55.645851135253906, 61.104461669921875, 66.5475845336914, 71.97205352783203, 77.52092742919922, 83.30774688720703, 89.15276336669922]",0.6843886971473694,24.316417694091797,,periodic,"[0.0, 12.0, 18.0, 29.0, 35.0, 41.0, 47.0, 50.0, 54.0, 62.0, 75.0, 80.0, 81.0, 87.0, 92.0, 93.0]",0.013184070587158203,,,,,,,,,,,,,,,,,,,,,,,,,,,,,,,,,,,,,,,,,,,
summary/synthetic_kernel_recovery.csv,,,,,45,independent_branches,,,,,,,,,,,,,,,,,,,,,,,,,interacting,,matern,2.040161609649658,"[5.1965436935424805, 10.557524681091309, 16.247943878173828, 21.93540382385254, 27.5897159576416, 33.202842712402344, 38.83168411254883, 44.499549865722656, 50.176021575927734, 55.83430480957031, 61.49806594848633, 67.19603729248047, 72.92980194091797, 78.65978240966797, 84.38944244384766, 89.79289245605469]",48.100807189941406,,1.6722670661078558,matern,"[0.0, 11.0, 17.0, 23.0, 29.0, 35.0, 41.0, 47.0, 53.0, 59.0, 65.0, 71.0, 77.0, 83.0, 89.0, 95.0]",,,,,,,,,,,,,,,,,,,,,,,,,,,,,,,,,,,,,,,,,,,,
summary/synthetic_kernel_recovery.csv,,,,,45,independent_branches,,,,,,,,,,,,,,,,,,,,,,,,,interacting,,ou,1.8161084651947021,"[5.425809860229492, 10.984382629394531, 16.702964782714844, 22.34912872314453, 28.046600341796875, 33.55644607543945, 39.10052490234375, 44.81326675415039, 50.34143829345703, 56.067501068115234, 61.562618255615234, 67.06417083740234, 72.74217224121094, 78.34013366699219, 84.03954315185547, 89.62358093261719]",4.875851154327393,,0.03238276134601822,ou,"[0.0, 11.0, 17.0, 23.0, 29.0, 35.0, 41.0, 47.0, 53.0, 59.0, 65.0, 71.0, 77.0, 83.0, 89.0, 95.0]",,,,,,,,,,,,,,,,,,,,,,,,,,,,,,,,,,,,,,,,,,,,
summary/synthetic_kernel_recovery.csv,,,,,46,independent_branches,,,,,,,,,,,,,,,,,,,,,,,,,interacting,,periodic,2.0925691425800323,"[5.830569744110107, 11.622661590576172, 17.359594345092773, 22.842355728149414, 28.223779678344727, 33.670867919921875, 39.150394439697266, 44.6453742980957, 50.0833740234375, 55.55879211425781, 61.028656005859375, 66.5036392211914, 71.9316177368164, 77.46260070800781, 83.27120971679688, 89.13278198242188]",0.6847026348114014,24.294708251953125,,periodic,"[0.0, 12.0, 18.0, 29.0, 35.0, 41.0, 47.0, 50.0, 54.0, 62.0, 75.0, 80.0, 81.0, 87.0, 92.0, 93.0]",0.012279510498046875,,,,,,,,,,,,,,,,,,,,,,,,,,,,,,,,,,,,,,,,,,,
summary/synthetic_kernel_recovery.csv,,,,,46,independent_branches,,,,,,,,,,,,,,,,,,,,,,,,,interacting,,matern,2.0038134157657623,"[5.207656383514404, 10.660017967224121, 16.39048957824707, 22.086790084838867, 27.78009033203125, 33.470157623291016, 39.1672477722168, 44.859867095947266, 50.518375396728516, 56.1793327331543, 61.85000228881836, 67.5073471069336, 73.1910629272461, 78.8750228881836, 84.53965759277344, 89.85527038574219]",48.098331451416016,,1.6721295250786676,matern,"[0.0, 11.0, 17.0, 23.0, 29.0, 35.0, 41.0, 47.0, 53.0, 59.0, 65.0, 71.0, 77.0, 83.0, 89.0, 95.0]",,,,,,,,,,,,,,,,,,,,,,,,,,,,,,,,,,,,,,,,,,,,
summary/synthetic_kernel_recovery.csv,,,,,46,independent_branches,,,,,,,,,,,,,,,,,,,,,,,,,interacting,,ou,1.8160911798477173,"[5.423903465270996, 10.993779182434082, 16.715396881103516, 22.349456787109375, 28.051122665405273, 33.574825286865234, 39.06123352050781, 44.78411102294922, 50.332096099853516, 56.07565689086914, 61.56297302246094, 67.06549072265625, 72.74490356445312, 78.34107971191406, 84.02117156982422, 89.59557342529297]",4.874495506286621,,0.03265179097228845,ou,"[0.0, 11.0, 17.0, 23.0, 29.0, 35.0, 41.0, 47.0, 53.0, 59.0, 65.0, 71.0, 77.0, 83.0, 89.0, 95.0]",,,,,,,,,,,,,,,,,,,,,,,,,,,,,,,,,,,,,,,,,,,,
summary/synthetic_kernel_recovery.csv,,,,,42,process_preserving,,,,,,,,,,,,,,,,,,,,,,,,,interacting,,periodic,2.0851995050907135,"[5.830263614654541, 11.6405029296875, 17.43511199951172, 22.815677642822266, 28.22050666809082, 33.65914535522461, 39.120941162109375, 44.570316314697266, 50.02995681762695, 55.49076843261719, 60.95701217651367, 66.39949798583984, 71.80451965332031, 77.36038970947266, 83.23021697998047, 89.10456848144531]",0.6845531463623047,24.31096649169922,,periodic,"[0.0, 12.0, 18.0, 29.0, 35.0, 41.0, 47.0, 50.0, 54.0, 62.0, 75.0, 80.0, 81.0, 87.0, 92.0, 93.0]",0.012956937154134115,,,,,,,,,,,,,,,,,,,,,,,,,,,,,,,,,,,,,,,,,,,
summary/synthetic_kernel_recovery.csv,,,,,42,process_preserving,,,,,,,,,,,,,,,,,,,,,,,,,interacting,,matern,2.1035819351673126,"[5.129867076873779, 10.395041465759277, 16.131023406982422, 21.877307891845703, 27.625682830810547, 33.38810348510742, 39.140846252441406, 44.889461517333984, 50.619998931884766, 56.368865966796875, 62.069679260253906, 67.7628173828125, 73.44114685058594, 79.09562683105469, 84.74118041992188, 89.91568756103516]",48.03756332397461,,1.6687535179985895,matern,"[0.0, 11.0, 17.0, 23.0, 29.0, 35.0, 41.0, 47.0, 53.0, 59.0, 65.0, 71.0, 77.0, 83.0, 89.0, 95.0]",,,,,,,,,,,,,,,,,,,,,,,,,,,,,,,,,,,,,,,,,,,,
summary/synthetic_kernel_recovery.csv,,,,,42,process_preserving,,,,,,,,,,,,,,,,,,,,,,,,,interacting,,ou,1.8099183440208435,"[5.3988752365112305, 11.014633178710938, 16.750137329101562, 22.355621337890625, 28.043155670166016, 33.53561782836914, 39.048606872558594, 44.7821159362793, 50.304622650146484, 56.00263214111328, 61.508060455322266, 67.01409149169922, 72.70559692382812, 78.31822204589844, 84.0267562866211, 89.5873031616211]",4.873068332672119,,0.03293501491580826,ou,"[0.0, 11.0, 17.0, 23.0, 29.0, 35.0, 41.0, 47.0, 53.0, 59.0, 65.0, 71.0, 77.0, 83.0, 89.0, 95.0]",,,,,,,,,,,,,,,,,,,,,,,,,,,,,,,,,,,,,,,,,,,,
summary/synthetic_kernel_recovery.csv,,,,,43,process_preserving,,,,,,,,,,,,,,,,,,,,,,,,,interacting,,periodic,2.077404409646988,"[5.845634937286377, 11.661152839660645, 17.436447143554688, 22.91365623474121, 28.324729919433594, 33.72352600097656, 39.16101837158203, 44.61919403076172, 50.0804328918457, 55.54444885253906, 60.99272155761719, 66.46499633789062, 71.86396789550781, 77.3854751586914, 83.23666381835938, 89.11541748046875]",0.6854106783866882,24.317073822021484,,periodic,"[0.0, 12.0, 18.0, 29.0, 35.0, 41.0, 47.0, 50.0, 54.0, 62.0, 75.0, 80.0, 81.0, 87.0, 92.0, 93.0]",0.013211409250895182,,,,,,,,,,,,,,,,,,,,,,,,,,,,,,,,,,,,,,,,,,,
summary/synthetic_kernel_recovery.csv,,,,,43,process_preserving,,,,,,,,,,,,,,,,,,,,,,,,,interacting,,matern,2.084969848394394,"[5.177614688873291, 10.4764986038208, 16.189184188842773, 21.91596031188965, 27.641386032104492, 33.36317443847656, 39.08295440673828, 44.78897476196289, 50.50339126586914, 56.21995544433594, 61.93317794799805, 67.62037658691406, 73.2902603149414, 78.9545669555664, 84.5955810546875, 89.87201690673828]",48.03804397583008,,1.6687802208794489,matern,"[0.0, 11.0, 17.0, 23.0, 29.0, 35.0, 41.0, 47.0, 53.0, 59.0, 65.0, 71.0, 77.0, 83.0, 89.0, 95.0]",,,,,,,,,,,,,,,,,,,,,,,,,,,,,,,,,,,,,,,,,,,,
summary/synthetic_kernel_recovery.csv,,,,,43,process_preserving,,,,,,,,,,,,,,,,,,,,,,,,,interacting,,ou,1.8310341238975525,"[5.393774032592773, 10.971457481384277, 16.6739559173584, 22.28787612915039, 28.002544403076172, 33.49454116821289, 39.0417366027832, 44.78348159790039, 50.32912826538086, 56.0435676574707, 61.54313659667969, 67.06340026855469, 72.74382019042969, 78.33932495117188, 84.02827453613281, 89.5826416015625]",4.874181747436523,,0.032714056710623246,ou,"[0.0, 11.0, 17.0, 23.0, 29.0, 35.0, 41.0, 47.0, 53.0, 59.0, 65.0, 71.0, 77.0, 83.0, 89.0, 95.0]",,,,,,,,,,,,,,,,,,,,,,,,,,,,,,,,,,,,,,,,,,,,
summary/synthetic_kernel_recovery.csv,,,,,44,process_preserving,,,,,,,,,,,,,,,,,,,,,,,,,interacting,,periodic,2.0677753388881683,"[5.856124401092529, 11.689509391784668, 17.46750831604004, 22.965856552124023, 28.390533447265625, 33.83335494995117, 39.29600143432617, 44.783966064453125, 50.28030776977539, 55.75233459472656, 61.211490631103516, 66.64588165283203, 72.02729797363281, 77.57086181640625, 83.36121368408203, 89.16595458984375]",0.684629499912262,24.306753158569336,,periodic,"[0.0, 12.0, 18.0, 29.0, 35.0, 41.0, 47.0, 50.0, 54.0, 62.0, 75.0, 80.0, 81.0, 87.0, 92.0, 93.0]",0.012781381607055664,,,,,,,,,,,,,,,,,,,,,,,,,,,,,,,,,,,,,,,,,,,
summary/synthetic_kernel_recovery.csv,,,,,44,process_preserving,,,,,,,,,,,,,,,,,,,,,,,,,interacting,,matern,2.1517414450645447,"[5.113307952880859, 10.381808280944824, 16.023401260375977, 21.736818313598633, 27.464452743530273, 33.1726188659668, 38.890899658203125, 44.61006164550781, 50.323150634765625, 56.07213592529297, 61.804317474365234, 67.52770233154297, 73.2223892211914, 78.90626525878906, 84.56614685058594, 89.8540267944336]",48.032188415527344,,1.6684549119737413,matern,"[0.0, 11.0, 17.0, 23.0, 29.0, 35.0, 41.0, 47.0, 53.0, 59.0, 65.0, 71.0, 77.0, 83.0, 89.0, 95.0]",,,,,,,,,,,,,,,,,,,,,,,,,,,,,,,,,,,,,,,,,,,,
summary/synthetic_kernel_recovery.csv,,,,,44,process_preserving,,,,,,,,,,,,,,,,,,,,,,,,,interacting,,ou,1.8591819405555725,"[5.4280595779418945, 10.970943450927734, 16.651636123657227, 22.25259017944336, 27.94850730895996, 33.47606658935547, 39.014930725097656, 44.78669357299805, 50.36114501953125, 56.08428955078125, 61.6172981262207, 67.12118530273438, 72.80579376220703, 78.39693450927734, 84.07825469970703, 89.60808563232422]",4.873715877532959,,0.032806509030308795,ou,"[0.0, 11.0, 17.0, 23.0, 29.0, 35.0, 41.0, 47.0, 53.0, 59.0, 65.0, 71.0, 77.0, 83.0, 89.0, 95.0]",,,,,,,,,,,,,,,,,,,,,,,,,,,,,,,,,,,,,,,,,,,,
summary/synthetic_kernel_recovery.csv,,,,,45,process_preserving,,,,,,,,,,,,,,,,,,,,,,,,,interacting,,periodic,2.076343208551407,"[5.82788610458374, 11.621563911437988, 17.409507751464844, 22.93402099609375, 28.34962272644043, 33.74705505371094, 39.204105377197266, 44.671630859375, 50.1214714050293, 55.574241638183594, 61.02548599243164, 66.46215057373047, 71.88224792480469, 77.43336486816406, 83.25321960449219, 89.12136840820312]",0.6847878098487854,24.302722930908203,,periodic,"[0.0, 12.0, 18.0, 29.0, 35.0, 41.0, 47.0, 50.0, 54.0, 62.0, 75.0, 80.0, 81.0, 87.0, 92.0, 93.0]",0.012613455454508463,,,,,,,,,,,,,,,,,,,,,,,,,,,,,,,,,,,,,,,,,,,
summary/synthetic_kernel_recovery.csv,,,,,45,process_preserving,,,,,,,,,,,,,,,,,,,,,,,,,interacting,,matern,2.0115640461444855,"[5.2447028160095215, 10.679221153259277, 16.3918399810791, 22.112253189086914, 27.807153701782227, 33.47724914550781, 39.1488037109375, 44.836246490478516, 50.53379821777344, 56.222904205322266, 61.897216796875, 67.56837463378906, 73.23258209228516, 78.90663146972656, 84.56080627441406, 89.8655776977539]",48.04427719116211,,1.6691265106201172,matern,"[0.0, 11.0, 17.0, 23.0, 29.0, 35.0, 41.0, 47.0, 53.0, 59.0, 65.0, 71.0, 77.0, 83.0, 89.0, 95.0]",,,,,,,,,,,,,,,,,,,,,,,,,,,,,,,,,,,,,,,,,,,,
summary/synthetic_kernel_recovery.csv,,,,,45,process_preserving,,,,,,,,,,,,,,,,,,,,,,,,,interacting,,ou,1.8411053121089935,"[5.445934772491455, 10.98326587677002, 16.671878814697266, 22.257959365844727, 27.962078094482422, 33.48258972167969, 39.00901794433594, 44.70368194580078, 50.246055603027344, 56.01829528808594, 61.49529266357422, 67.02057647705078, 72.69340515136719, 78.30271911621094, 84.02088928222656, 89.60908508300781]",4.872511386871338,,0.0330455413327916,ou,"[0.0, 11.0, 17.0, 23.0, 29.0, 35.0, 41.0, 47.0, 53.0, 59.0, 65.0, 71.0, 77.0, 83.0, 89.0, 95.0]",,,,,,,,,,,,,,,,,,,,,,,,,,,,,,,,,,,,,,,,,,,,
summary/synthetic_kernel_recovery.csv,,,,,46,process_preserving,,,,,,,,,,,,,,,,,,,,,,,,,interacting,,periodic,2.0681864619255066,"[5.857535362243652, 11.703516006469727, 17.449968338012695, 22.96698760986328, 28.351459503173828, 33.816184997558594, 39.28078842163086, 44.761295318603516, 50.226932525634766, 55.67551803588867, 61.13758087158203, 66.58013916015625, 71.98731231689453, 77.51433563232422, 83.30905151367188, 89.15138244628906]",0.6847164034843445,24.294593811035156,,periodic,"[0.0, 12.0, 18.0, 29.0, 35.0, 41.0, 47.0, 50.0, 54.0, 62.0, 75.0, 80.0, 81.0, 87.0, 92.0, 93.0]",0.012274742126464844,,,,,,,,,,,,,,,,,,,,,,,,,,,,,,,,,,,,,,,,,,,
summary/synthetic_kernel_recovery.csv,,,,,46,process_preserving,,,,,,,,,,,,,,,,,,,,,,,,,interacting,,matern,2.0122804641723633,"[5.222410202026367, 10.63973617553711, 16.360380172729492, 22.06903076171875, 27.802276611328125, 33.50699234008789, 39.19538116455078, 44.8842658996582, 50.563053131103516, 56.2297248840332, 61.902183532714844, 67.5776596069336, 73.26261138916016, 78.92906951904297, 84.57391357421875, 89.86114501953125]",48.05255889892578,,1.6695866054958768,matern,"[0.0, 11.0, 17.0, 23.0, 29.0, 35.0, 41.0, 47.0, 53.0, 59.0, 65.0, 71.0, 77.0, 83.0, 89.0, 95.0]",,,,,,,,,,,,,,,,,,,,,,,,,,,,,,,,,,,,,,,,,,,,
summary/synthetic_kernel_recovery.csv,,,,,46,process_preserving,,,,,,,,,,,,,,,,,,,,,,,,,interacting,,ou,1.831641048192978,"[5.436934947967529, 10.999313354492188, 16.67550277709961, 22.273839950561523, 27.99555015563965, 33.554508209228516, 39.051876068115234, 44.764617919921875, 50.327545166015625, 56.05166244506836, 61.56486129760742, 67.06909942626953, 72.74107360839844, 78.33541107177734, 84.02601623535156, 89.60289001464844]",4.872576713562012,,0.033032577189703656,ou,"[0.0, 11.0, 17.0, 23.0, 29.0, 35.0, 41.0, 47.0, 53.0, 59.0, 65.0, 71.0, 77.0, 83.0, 89.0, 95.0]",,,,,,,,,,,,,,,,,,,,,,,,,,,,,,,,,,,,,,,,,,,,
summary/synthetic_kernel_recovery.csv,,,,,42,full,,,,,,,,,,,,,,,,,,,,,,,,,interacting,,periodic,2.081091731786728,"[5.840379238128662, 11.66014575958252, 17.455678939819336, 22.836145401000977, 28.240819931030273, 33.67753982543945, 39.12870407104492, 44.57280349731445, 50.03401565551758, 55.488407135009766, 60.96285629272461, 66.40792846679688, 71.81784057617188, 77.37455749511719, 83.23281860351562, 89.1070556640625]",0.6845274567604065,24.305904388427734,,periodic,"[0.0, 12.0, 18.0, 29.0, 35.0, 41.0, 47.0, 50.0, 54.0, 62.0, 75.0, 80.0, 81.0, 87.0, 92.0, 93.0]",0.012746016184488932,,,,,,,,,,,,,,,,,,,,,,,,,,,,,,,,,,,,,,,,,,,
summary/synthetic_kernel_recovery.csv,,,,,42,full,,,,,,,,,,,,,,,,,,,,,,,,,interacting,,matern,2.1120603680610657,"[5.128266334533691, 10.393495559692383, 16.132125854492188, 21.873058319091797, 27.620086669921875, 33.390541076660156, 39.14303970336914, 44.89779281616211, 50.64497756958008, 56.400421142578125, 62.10965347290039, 67.80916595458984, 73.49215698242188, 79.15055084228516, 84.79509735107422, 89.93618774414062]",48.03380584716797,,1.6685447692871094,matern,"[0.0, 11.0, 17.0, 23.0, 29.0, 35.0, 41.0, 47.0, 53.0, 59.0, 65.0, 71.0, 77.0, 83.0, 89.0, 95.0]",,,,,,,,,,,,,,,,,,,,,,,,,,,,,,,,,,,,,,,,,,,,
summary/synthetic_kernel_recovery.csv,,,,,42,full,,,,,,,,,,,,,,,,,,,,,,,,,interacting,,ou,1.8005616962909698,"[5.398539066314697, 11.013908386230469, 16.754470825195312, 22.363449096679688, 28.0489501953125, 33.555477142333984, 39.06126022338867, 44.801963806152344, 50.3325080871582, 56.01925277709961, 61.50861358642578, 67.00521087646484, 72.6967544555664, 78.3050765991211, 84.01564025878906, 89.58589935302734]",4.872802257537842,,0.03298781777597667,ou,"[0.0, 11.0, 17.0, 23.0, 29.0, 35.0, 41.0, 47.0, 53.0, 59.0, 65.0, 71.0, 77.0, 83.0, 89.0, 95.0]",,,,,,,,,,,,,,,,,,,,,,,,,,,,,,,,,,,,,,,,,,,,
summary/synthetic_kernel_recovery.csv,,,,,43,full,,,,,,,,,,,,,,,,,,,,,,,,,interacting,,periodic,2.0774273574352264,"[5.846215724945068, 11.661955833435059, 17.437217712402344, 22.913728713989258, 28.324848175048828, 33.72406005859375, 39.16189193725586, 44.620426177978516, 50.082069396972656, 55.54642868041992, 60.99497604370117, 66.46728515625, 71.86626434326172, 77.3879623413086, 83.23814392089844, 89.11614227294922]",0.6854062676429749,24.316940307617188,,periodic,"[0.0, 12.0, 18.0, 29.0, 35.0, 41.0, 47.0, 50.0, 54.0, 62.0, 75.0, 80.0, 81.0, 87.0, 92.0, 93.0]",0.013205846150716146,,,,,,,,,,,,,,,,,,,,,,,,,,,,,,,,,,,,,,,,,,,
summary/synthetic_kernel_recovery.csv,,,,,43,full,,,,,,,,,,,,,,,,,,,,,,,,,interacting,,matern,2.083499312400818,"[5.177831649780273, 10.47793960571289, 16.191410064697266, 21.919042587280273, 27.64435577392578, 33.365386962890625, 39.08417510986328, 44.78795623779297, 50.50065231323242, 56.21528244018555, 61.92667770385742, 67.6142349243164, 73.28553771972656, 78.9513168334961, 84.59400177001953, 89.87185668945312]",48.03840637207031,,1.6688003540039062,matern,"[0.0, 11.0, 17.0, 23.0, 29.0, 35.0, 41.0, 47.0, 53.0, 59.0, 65.0, 71.0, 77.0, 83.0, 89.0, 95.0]",,,,,,,,,,,,,,,,,,,,,,,,,,,,,,,,,,,,,,,,,,,,
summary/synthetic_kernel_recovery.csv,,,,,43,full,,,,,,,,,,,,,,,,,,,,,,,,,interacting,,ou,1.832996279001236,"[5.390723705291748, 10.965949058532715, 16.664649963378906, 22.275779724121094, 27.985361099243164, 33.48283004760742, 39.03589630126953, 44.78135681152344, 50.32612991333008, 56.042083740234375, 61.539337158203125, 67.05601501464844, 72.7359848022461, 78.33385467529297, 84.0221939086914, 89.57765197753906]",4.874176979064941,,0.032715002998439886,ou,"[0.0, 11.0, 17.0, 23.0, 29.0, 35.0, 41.0, 47.0, 53.0, 59.0, 65.0, 71.0, 77.0, 83.0, 89.0, 95.0]",,,,,,,,,,,,,,,,,,,,,,,,,,,,,,,,,,,,,,,,,,,,
summary/synthetic_kernel_recovery.csv,,,,,44,full,,,,,,,,,,,,,,,,,,,,,,,,,interacting,,periodic,2.0671274662017822,"[5.856345176696777, 11.691753387451172, 17.467851638793945, 22.968000411987305, 28.39252471923828, 33.83702087402344, 39.29431915283203, 44.78383255004883, 50.276649475097656, 55.74661636352539, 61.20710754394531, 66.64351654052734, 72.02643585205078, 77.5682601928711, 83.36042785644531, 89.1653060913086]",0.6846598982810974,24.30682373046875,,periodic,"[0.0, 12.0, 18.0, 29.0, 35.0, 41.0, 47.0, 50.0, 54.0, 62.0, 75.0, 80.0, 81.0, 87.0, 92.0, 93.0]",0.012784322102864584,,,,,,,,,,,,,,,,,,,,,,,,,,,,,,,,,,,,,,,,,,,
summary/synthetic_kernel_recovery.csv,,,,,44,full,,,,,,,,,,,,,,,,,,,,,,,,,interacting,,matern,2.149610549211502,"[5.11386251449585, 10.38184642791748, 16.024564743041992, 21.740142822265625, 27.473283767700195, 33.18700408935547, 38.91015625, 44.631065368652344, 50.34012985229492, 56.08628463745117, 61.820072174072266, 67.54084014892578, 73.23394775390625, 78.91568756103516, 84.57205200195312, 89.85728454589844]",48.03171157836914,,1.6684284210205078,matern,"[0.0, 11.0, 17.0, 23.0, 29.0, 35.0, 41.0, 47.0, 53.0, 59.0, 65.0, 71.0, 77.0, 83.0, 89.0, 95.0]",,,,,,,,,,,,,,,,,,,,,,,,,,,,,,,,,,,,,,,,,,,,
summary/synthetic_kernel_recovery.csv,,,,,44,full,,,,,,,,,,,,,,,,,,,,,,,,,interacting,,ou,1.8567096590995789,"[5.430482864379883, 10.973431587219238, 16.65345001220703, 22.252113342285156, 27.948741912841797, 33.465049743652344, 38.99281311035156, 44.756683349609375, 50.319766998291016, 56.0371208190918, 61.57106018066406, 67.07794952392578, 72.77337646484375, 78.37211608886719, 84.0627670288086, 89.60042572021484]",4.873711585998535,,0.03280736068934377,ou,"[0.0, 11.0, 17.0, 23.0, 29.0, 35.0, 41.0, 47.0, 53.0, 59.0, 65.0, 71.0, 77.0, 83.0, 89.0, 95.0]",,,,,,,,,,,,,,,,,,,,,,,,,,,,,,,,,,,,,,,,,,,,
summary/synthetic_kernel_recovery.csv,,,,,45,full,,,,,,,,,,,,,,,,,,,,,,,,,interacting,,periodic,2.0775959193706512,"[5.826701641082764, 11.619181632995605, 17.405099868774414, 22.928049087524414, 28.341224670410156, 33.73908615112305, 39.19557571411133, 44.6628532409668, 50.11223602294922, 55.56488800048828, 61.0163459777832, 66.45256805419922, 71.87319946289062, 77.4267349243164, 83.25, 89.11956787109375]",0.6847888827323914,24.30293083190918,,periodic,"[0.0, 12.0, 18.0, 29.0, 35.0, 41.0, 47.0, 50.0, 54.0, 62.0, 75.0, 80.0, 81.0, 87.0, 92.0, 93.0]",0.01262211799621582,,,,,,,,,,,,,,,,,,,,,,,,,,,,,,,,,,,,,,,,,,,
summary/synthetic_kernel_recovery.csv,,,,,45,full,,,,,,,,,,,,,,,,,,,,,,,,,interacting,,matern,2.0092671513557434,"[5.244248390197754, 10.680614471435547, 16.393875122070312, 22.116134643554688, 27.81370735168457, 33.48551940917969, 39.15875244140625, 44.847259521484375, 50.54594421386719, 56.23491668701172, 61.90731430053711, 67.5769271850586, 73.23945617675781, 78.91207885742188, 84.56521606445312, 89.86682891845703]",48.04392623901367,,1.6691070132785373,matern,"[0.0, 11.0, 17.0, 23.0, 29.0, 35.0, 41.0, 47.0, 53.0, 59.0, 65.0, 71.0, 77.0, 83.0, 89.0, 95.0]",,,,,,,,,,,,,,,,,,,,,,,,,,,,,,,,,,,,,,,,,,,,
summary/synthetic_kernel_recovery.csv,,,,,45,full,,,,,,,,,,,,,,,,,,,,,,,,,interacting,,ou,1.8430322706699371,"[5.4445719718933105, 10.98091983795166, 16.670244216918945, 22.253232955932617, 27.955507278442383, 33.4796028137207, 39.0069694519043, 44.70383834838867, 50.241546630859375, 56.0163688659668, 61.498409271240234, 67.02409362792969, 72.69373321533203, 78.30231475830078, 84.02108001708984, 89.60871887207031]",4.872513294219971,,0.033045162817664946,ou,"[0.0, 11.0, 17.0, 23.0, 29.0, 35.0, 41.0, 47.0, 53.0, 59.0, 65.0, 71.0, 77.0, 83.0, 89.0, 95.0]",,,,,,,,,,,,,,,,,,,,,,,,,,,,,,,,,,,,,,,,,,,,
summary/synthetic_kernel_recovery.csv,,,,,46,full,,,,,,,,,,,,,,,,,,,,,,,,,interacting,,periodic,2.0694928765296936,"[5.856977462768555, 11.701330184936523, 17.445512771606445, 22.962194442749023, 28.345970153808594, 33.809749603271484, 39.27442169189453, 44.75496292114258, 50.22055435180664, 55.67074203491211, 61.13301086425781, 66.57762145996094, 71.9852066040039, 77.5133285522461, 83.30792999267578, 89.15082550048828]",0.6847257018089294,24.294748306274414,,periodic,"[0.0, 12.0, 18.0, 29.0, 35.0, 41.0, 47.0, 50.0, 54.0, 62.0, 75.0, 80.0, 81.0, 87.0, 92.0, 93.0]",0.012281179428100586,,,,,,,,,,,,,,,,,,,,,,,,,,,,,,,,,,,,,,,,,,,
summary/synthetic_kernel_recovery.csv,,,,,46,full,,,,,,,,,,,,,,,,,,,,,,,,,interacting,,matern,2.0085575878620148,"[5.224393367767334, 10.64454174041748, 16.367321014404297, 22.076791763305664, 27.81157684326172, 33.51773452758789, 39.20743942260742, 44.8967170715332, 50.57525634765625, 56.24173355102539, 61.912620544433594, 67.58575439453125, 73.26838684082031, 78.93356323242188, 84.57674407958984, 89.86176300048828]",48.05248260498047,,1.6695823669433594,matern,"[0.0, 11.0, 17.0, 23.0, 29.0, 35.0, 41.0, 47.0, 53.0, 59.0, 65.0, 71.0, 77.0, 83.0, 89.0, 95.0]",,,,,,,,,,,,,,,,,,,,,,,,,,,,,,,,,,,,,,,,,,,,
summary/synthetic_kernel_recovery.csv,,,,,46,full,,,,,,,,,,,,,,,,,,,,,,,,,interacting,,ou,1.8310714960098267,"[5.43742561340332, 11.000225067138672, 16.676769256591797, 22.27639389038086, 27.99653434753418, 33.55563735961914, 39.05437088012695, 44.76713562011719, 50.32866668701172, 56.0523567199707, 61.564857482910156, 67.06947326660156, 72.74168395996094, 78.33724212646484, 84.02688598632812, 89.6020736694336]",4.872568130493164,,0.0330342805077736,ou,"[0.0, 11.0, 17.0, 23.0, 29.0, 35.0, 41.0, 47.0, 53.0, 59.0, 65.0, 71.0, 77.0, 83.0, 89.0, 95.0]",,,,,,,,,,,,,,,,,,,,,,,,,,,,,,,,,,,,,,,,,,,,
summary/synthetic_runs.csv,,,0.797174399551652,1.0414322772533906,42,early_fusion,,,,,,,,,,,,,,,,,,,,,,,,,independent,,,,,,,,,,,0.4877771066083246,0.8646162748336792,1.0,1.9533873399098713,,,,,,,,,,,,,,,,,,,,,,,,,,,,,,,,,,,,,,,
summary/synthetic_runs.csv,,,0.7040622537711393,0.8752762420977339,43,early_fusion,,,,,,,,,,,,,,,,,,,,,,,,,independent,,,,,,,,,,,0.5128734950568535,0.8573461373647054,1.0,1.990257869164149,,,,,,,,,,,,,,,,,,,,,,,,,,,,,,,,,,,,,,,
summary/synthetic_runs.csv,,,0.8291086376962354,1.1417050698478732,44,early_fusion,,,,,,,,,,,,,,,,,,,,,,,,,independent,,,,,,,,,,,0.5259009313504056,0.836165169874827,1.0,1.972615917523702,,,,,,,,,,,,,,,,,,,,,,,,,,,,,,,,,,,,,,,
summary/synthetic_runs.csv,,,0.7905787002141544,1.0370513152087268,45,early_fusion,,,,,,,,,,,,,,,,,,,,,,,,,independent,,,,,,,,,,,0.4722130038622943,0.8683939774831136,1.0,2.0018620789051056,,,,,,,,,,,,,,,,,,,,,,,,,,,,,,,,,,,,,,,
summary/synthetic_runs.csv,,,0.7317927363212949,0.8806546137692939,46,early_fusion,,,,,,,,,,,,,,,,,,,,,,,,,independent,,,,,,,,,,,0.5600180758966288,0.7948687374591827,1.0,1.9796155492464702,,,,,,,,,,,,,,,,,,,,,,,,,,,,,,,,,,,,,,,
summary/synthetic_runs.csv,,,0.7755737156351896,0.9908070210942853,42,independent_branches,,,,,,,,,,,,,,,,,,,,,,,,,independent,,,,,,,,,,,0.48872042436013796,0.8639998237291971,1.0,2.0300849874814353,,,,,,,,,,,,,,,,,,,,,,,,,,,,,,,,,,,,,,,
summary/synthetic_runs.csv,,,0.6948582963826049,0.8500315484281594,43,independent_branches,,,,,,,,,,,,,,,,,,,,,,,,,independent,,,,,,,,,,,0.5137679997219763,0.8566174705823263,1.0,2.0205386877059937,,,,,,,,,,,,,,,,,,,,,,,,,,,,,,,,,,,,,,,
summary/synthetic_runs.csv,,,0.8128761494229231,1.0923967499484715,44,independent_branches,,,,,,,,,,,,,,,,,,,,,,,,,independent,,,,,,,,,,,0.5258531350599521,0.8361384669939677,1.0,1.9929688672224681,,,,,,,,,,,,,,,,,,,,,,,,,,,,,,,,,,,,,,,
summary/synthetic_runs.csv,,,0.7852365914470667,1.0298216414518555,45,independent_branches,,,,,,,,,,,,,,,,,,,,,,,,,independent,,,,,,,,,,,0.4728268965561837,0.8679268757502238,1.0,1.9956838985284169,,,,,,,,,,,,,,,,,,,,,,,,,,,,,,,,,,,,,,,
summary/synthetic_runs.csv,,,0.7242520905694737,0.8610582320781319,46,independent_branches,,,,,,,,,,,,,,,,,,,,,,,,,independent,,,,,,,,,,,0.5619845307455548,0.79372305671374,1.0,1.9981022278467815,,,,,,,,,,,,,,,,,,,,,,,,,,,,,,,,,,,,,,,
summary/synthetic_runs.csv,,,0.7913719201144608,1.0273360765168311,42,process_preserving,,,,,,,,,,,,,,,,,,,,,,,,,independent,,,,,,,,,,,0.49035071784289075,0.8631214102109274,1.0,2.0041697720686593,,,,,,,,,,,,,,,,,,,,,,,,,,,,,,,,,,,,,,,
summary/synthetic_runs.csv,,,0.7002457393943735,0.861673737478761,43,process_preserving,,,,,,,,,,,,,,,,,,,,,,,,,independent,,,,,,,,,,,0.5143497345789557,0.8564512133598328,1.0,1.9985814690589905,,,,,,,,,,,,,,,,,,,,,,,,,,,,,,,,,,,,,,,
summary/synthetic_runs.csv,,,0.8205330985286216,1.115249250588754,44,process_preserving,,,,,,,,,,,,,,,,,,,,,,,,,independent,,,,,,,,,,,0.5267663383800097,0.8355879386266073,1.0,2.0167957544326782,,,,,,,,,,,,,,,,,,,,,,,,,,,,,,,,,,,,,,,
summary/synthetic_runs.csv,,,0.7890330454936989,1.0343503653294943,45,process_preserving,,,,,,,,,,,,,,,,,,,,,,,,,independent,,,,,,,,,,,0.4727243572496059,0.8681328495343527,1.0,2.0018268624941506,,,,,,,,,,,,,,,,,,,,,,,,,,,,,,,,,,,,,,,
summary/synthetic_runs.csv,,,0.729508537791877,0.8750715550348295,46,process_preserving,,,,,,,,,,,,,,,,,,,,,,,,,independent,,,,,,,,,,,0.5612693308653384,0.7941441436608633,1.0,1.9784931639830272,,,,,,,,,,,,,,,,,,,,,,,,,,,,,,,,,,,,,,,
summary/synthetic_runs.csv,,,0.7919719953159967,1.030037234065908,42,full,,,,,,,,,,,,,,,,,,,,,,,,,independent,,,,,,,,,,,0.4902643258929176,0.8631905515988668,1.0,2.002535065015157,,,,,,,,,,,,,,,,,,,,,,,,,,,,,,,,,,,,,,,
summary/synthetic_runs.csv,,,0.7003717395702534,0.8620106494563217,43,full,,,,,,,,,,,,,,,,,,,,,,,,,independent,,,,,,,,,,,0.5143805268948262,0.8564364314079285,1.0,1.9983311196168263,,,,,,,,,,,,,,,,,,,,,,,,,,,,,,,,,,,,,,,
summary/synthetic_runs.csv,,,0.8204792770151702,1.115691070655531,44,full,,,,,,,,,,,,,,,,,,,,,,,,,independent,,,,,,,,,,,0.5269418268629523,0.8354675769805908,1.0,2.0142302910486856,,,,,,,,,,,,,,,,,,,,,,,,,,,,,,,,,,,,,,,
summary/synthetic_runs.csv,,,0.7890726601647414,1.034419415140801,45,full,,,,,,,,,,,,,,,,,,,,,,,,,independent,,,,,,,,,,,0.47278506083903843,0.8681073784828186,1.0,2.0012622078259787,,,,,,,,,,,,,,,,,,,,,,,,,,,,,,,,,,,,,,,
summary/synthetic_runs.csv,,,0.7293735655782341,0.874619609826995,46,full,,,,,,,,,,,,,,,,,,,,,,,,,independent,,,,,,,,,,,0.5612728265582433,0.7941306233406067,1.0,1.9802011549472809,,,,,,,,,,,,,,,,,,,,,,,,,,,,,,,,,,,,,,,
summary/synthetic_runs.csv,,,0.7914336932403373,1.026505713999516,42,early_fusion,,,,,,,,,,,,,,,,,,,,,,,,,interacting,,,,,,,,,,,0.49011623244824865,0.8631840745608012,1.0,1.9759879410266876,,,,,,,,,,,,,,,,,,,,,,,,,,,,,,,,,,,,,,,
summary/synthetic_runs.csv,,,0.7007270542275805,0.8631131509437652,43,early_fusion,,,,,,,,,,,,,,,,,,,,,,,,,interacting,,,,,,,,,,,0.517010038156719,0.8540207743644714,1.0,1.9853483339150746,,,,,,,,,,,,,,,,,,,,,,,,,,,,,,,,,,,,,,,
summary/synthetic_runs.csv,,,0.8119646407378933,1.093798096995293,44,early_fusion,,,,,,,,,,,,,,,,,,,,,,,,,interacting,,,,,,,,,,,0.5284919955462389,0.8347347776095072,1.0,1.9734345773855846,,,,,,,,,,,,,,,,,,,,,,,,,,,,,,,,,,,,,,,
summary/synthetic_runs.csv,,,0.8062717776031725,1.09011818693585,45,early_fusion,,,,,,,,,,,,,,,,,,,,,,,,,interacting,,,,,,,,,,,0.4674869211195903,0.8723544875780741,1.0,1.9828194975852966,,,,,,,,,,,,,,,,,,,,,,,,,,,,,,,,,,,,,,,
summary/synthetic_runs.csv,,,0.7159632029505574,0.8557911290028462,46,early_fusion,,,,,,,,,,,,,,,,,,,,,,,,,interacting,,,,,,,,,,,0.5469743192763891,0.8151098887125651,1.0,2.0050056676069894,,,,,,,,,,,,,,,,,,,,,,,,,,,,,,,,,,,,,,,
summary/synthetic_runs.csv,,,0.7729092682636333,0.9852324840342105,42,independent_branches,,,,,,,,,,,,,,,,,,,,,,,,,interacting,,,,,,,,,,,0.4913878931647391,0.8623229662577311,1.0,2.0405182540416718,,,,,,,,,,,,,,,,,,,,,,,,,,,,,,,,,,,,,,,
summary/synthetic_runs.csv,,,0.6944047753150068,0.8486598215290629,43,independent_branches,,,,,,,,,,,,,,,,,,,,,,,,,interacting,,,,,,,,,,,0.5178847369785361,0.8533565004666647,1.0,2.012731969356537,,,,,,,,,,,,,,,,,,,,,,,,,,,,,,,,,,,,,,,
summary/synthetic_runs.csv,,,0.7985089883662166,1.0563503433494543,44,independent_branches,,,,,,,,,,,,,,,,,,,,,,,,,interacting,,,,,,,,,,,0.5286064331533348,0.8347015579541525,1.0,2.0078814327716827,,,,,,,,,,,,,,,,,,,,,,,,,,,,,,,,,,,,,,,
summary/synthetic_runs.csv,,,0.7982654056479025,1.0683703205193524,45,independent_branches,,,,,,,,,,,,,,,,,,,,,,,,,interacting,,,,,,,,,,,0.467580721194679,0.8722433646519979,1.0,1.9744213024775188,,,,,,,,,,,,,,,,,,,,,,,,,,,,,,,,,,,,,,,
summary/synthetic_runs.csv,,,0.7070591651123732,0.8310494755637596,46,independent_branches,,,,,,,,,,,,,,,,,,,,,,,,,interacting,,,,,,,,,,,0.5485001706690307,0.8142832120259603,1.0,1.9708245793978374,,,,,,,,,,,,,,,,,,,,,,,,,,,,,,,,,,,,,,,
summary/synthetic_runs.csv,,,0.7844490814373801,1.0110425320730583,42,process_preserving,,,,,,,,,,,,,,,,,,,,,,,,,interacting,,,,,,,,,,,0.4925348673511063,0.861836314201355,1.0,1.9995665947596233,,,,,,,,,,,,,,,,,,,,,,,,,,,,,,,,,,,,,,,
summary/synthetic_runs.csv,,,0.700280047977272,0.8614686707179163,43,process_preserving,,,,,,,,,,,,,,,,,,,,,,,,,interacting,,,,,,,,,,,0.5181862475188529,0.8533318638801575,1.0,1.9978027939796448,,,,,,,,,,,,,,,,,,,,,,,,,,,,,,,,,,,,,,,
summary/synthetic_runs.csv,,,0.8076249606976578,1.0821961563383948,44,process_preserving,,,,,,,,,,,,,,,,,,,,,,,,,interacting,,,,,,,,,,,0.5297575461857242,0.8339284857114156,1.0,2.0262329081694284,,,,,,,,,,,,,,,,,,,,,,,,,,,,,,,,,,,,,,,
summary/synthetic_runs.csv,,,0.8024969461490074,1.0776801565651968,45,process_preserving,,,,,,,,,,,,,,,,,,,,,,,,,interacting,,,,,,,,,,,0.46724440329161193,0.8725488384564718,1.0,1.9763375222682953,,,,,,,,,,,,,,,,,,,,,,,,,,,,,,,,,,,,,,,
summary/synthetic_runs.csv,,,0.7123765774436583,0.843651450769668,46,process_preserving,,,,,,,,,,,,,,,,,,,,,,,,,interacting,,,,,,,,,,,0.5479420758752785,0.8144483764966329,1.0,1.9707026580969493,,,,,,,,,,,,,,,,,,,,,,,,,,,,,,,,,,,,,,,
summary/synthetic_runs.csv,,,0.7852635116807892,1.0115695896919203,42,full,,,,,,,,,,,,,,,,,,,,,,,,,interacting,,,,,,,,,,,0.4928444478335485,0.8616580764452616,1.0,1.9979045987129211,,,,,,,,,,,,,,,,,,,,,,,,,,,,,,,,,,,,,,,
summary/synthetic_runs.csv,,,0.7004272455168893,0.8618290809092395,43,full,,,,,,,,,,,,,,,,,,,,,,,,,interacting,,,,,,,,,,,0.5181904119552787,0.8533304532368978,1.0,1.9979743162790935,,,,,,,,,,,,,,,,,,,,,,,,,,,,,,,,,,,,,,,
summary/synthetic_runs.csv,,,0.8081516530400966,1.0840045486420529,44,full,,,,,,,,,,,,,,,,,,,,,,,,,interacting,,,,,,,,,,,0.5297869872740841,0.833902100721995,1.0,2.0244825581709542,,,,,,,,,,,,,,,,,,,,,,,,,,,,,,,,,,,,,,,
summary/synthetic_runs.csv,,,0.8024735153043314,1.0776492930766857,45,full,,,,,,,,,,,,,,,,,,,,,,,,,interacting,,,,,,,,,,,0.4672334956959118,0.8725594679514567,1.0,1.9766317804654439,,,,,,,,,,,,,,,,,,,,,,,,,,,,,,,,,,,,,,,
summary/synthetic_runs.csv,,,0.7123520835271585,0.8437681921256184,46,full,,,,,,,,,,,,,,,,,,,,,,,,,interacting,,,,,,,,,,,0.5479533634349606,0.8144366343816122,1.0,1.969707320133845,,,,,,,,,,,,,,,,,,,,,,,,,,,,,,,,,,,,,,,
summary/synthetic_summary.csv,,,,,,early_fusion,0.7705433455108952,,0.9952239036354037,0.11495112210749493,5,,,,,,,,,,,,,,,,,,,,independent,,,,,,,,,,,,,,,0.5117565225549013,0.03416574204679433,0.8442780594031017,1.0,1.9795477509498596,,,,,,,,,,,,,,,,,,,,,,,,,,,,,,,,,,
summary/synthetic_summary.csv,,,,,,independent_branches,0.7585593686914516,,0.9648230386001806,0.10620647206570343,5,,,,,,,,,,,,,,,,,,,,independent,,,,,,,,,,,,,,,0.512630597288761,0.03452524764048956,0.843681138753891,1.0,2.007475733757019,,,,,,,,,,,,,,,,,,,,,,,,,,,,,,,,,,
summary/synthetic_summary.csv,,,,,,process_preserving,0.7661384682646063,,0.9827361969897341,0.11006892753122607,5,,,,,,,,,,,,,,,,,,,,independent,,,,,,,,,,,,,,,0.51309209578336,0.034118679381818194,0.8434875110785167,1.0,1.9999734044075008,,,,,,,,,,,,,,,,,,,,,,,,,,,,,,,,,,
summary/synthetic_summary.csv,,,,,,full,0.7662538475288792,,0.9833555958291115,0.11050732730318116,5,,,,,,,,,,,,,,,,,,,,independent,,,,,,,,,,,,,,,0.5131289134095955,0.03413434959902396,0.8434665123621624,1.0,1.999311967690786,,,,,,,,,,,,,,,,,,,,,,,,,,,,,,,,,,
summary/synthetic_summary.csv,,,,,,early_fusion,0.7652720737519083,,0.9858652555754542,0.11848752720249646,5,,,,,,,,,,,,,,,,,,,,interacting,,,,,,,,,,,,,,,0.5100159013094372,0.03146791875815329,0.8478808005650837,1.0,1.9845192035039265,,,,,,,,,,,,,,,,,,,,,,,,,,,,,,,,,,
summary/synthetic_summary.csv,,,,,,independent_branches,0.7542295205410265,,0.9579324889991678,0.11254742707986523,5,,,,,,,,,,,,,,,,,,,,interacting,,,,,,,,,,,,,,,0.510791991032064,0.03175413776065676,0.8473815202713013,1.0,2.001275507609049,,,,,,,,,,,,,,,,,,,,,,,,,,,,,,,,,,
summary/synthetic_summary.csv,,,,,,process_preserving,0.7614455227409952,,0.9752077932928469,0.11562318412349602,5,,,,,,,,,,,,,,,,,,,,interacting,,,,,,,,,,,,,,,0.5111330280445148,0.0317160430501341,0.8472187757492066,1.0,1.9941284954547882,,,,,,,,,,,,,,,,,,,,,,,,,,,,,,,,,,
summary/synthetic_summary.csv,,,,,,full,0.7617336018138531,,0.9757641408891035,0.11595551803748977,5,,,,,,,,,,,,,,,,,,,,interacting,,,,,,,,,,,,,,,0.5112017412387567,0.031682532489965706,0.8471773465474446,1.0,1.9933401147524517,,,,,,,,,,,,,,,,,,,,,,,,,,,,,,,,,,
summary/timepro_five_seed_dataset_summary.csv,ETTh1,,,,,,,,,,5,,,,,,,,,,,,,,LatentFlow,,,,,,,,,,,,,,,,,,,,,,,,,,0.4599416777977253,mse,0.0034812448357562434,4,,,,,,,,,,,,,,,,,,,,,,,,,,,,,,
summary/timepro_five_seed_dataset_summary.csv,ETTh1,,,,,,,,,,5,,,,,,,,,,,,,,TimePro,,,,,,,,,,,,,,,,,,,,,,,,,,0.4605888004549851,mse,0.000833266426287014,4,,,,,,,,,,,,,,,,,,,,,,,,,,,,,,
summary/timepro_five_seed_dataset_summary.csv,ETTh2,,,,,,,,,,5,,,,,,,,,,,,,,LatentFlow,,,,,,,,,,,,,,,,,,,,,,,,,,0.38188219221013564,mse,0.00485312697316488,4,,,,,,,,,,,,,,,,,,,,,,,,,,,,,,
summary/timepro_five_seed_dataset_summary.csv,ETTh2,,,,,,,,,,5,,,,,,,,,,,,,,TimePro,,,,,,,,,,,,,,,,,,,,,,,,,,0.3823982232834826,mse,0.0011324138362433186,4,,,,,,,,,,,,,,,,,,,,,,,,,,,,,,
summary/timepro_five_seed_dataset_summary.csv,ETTm1,,,,,,,,,,5,,,,,,,,,,,,,,LatentFlow,,,,,,,,,,,,,,,,,,,,,,,,,,0.4116425951673108,mse,0.005489092413169238,4,,,,,,,,,,,,,,,,,,,,,,,,,,,,,,
summary/timepro_five_seed_dataset_summary.csv,ETTm1,,,,,,,,,,5,,,,,,,,,,,,,,TimePro,,,,,,,,,,,,,,,,,,,,,,,,,,0.41094604396245693,mse,0.0014436714858006845,4,,,,,,,,,,,,,,,,,,,,,,,,,,,,,,
summary/timepro_five_seed_dataset_summary.csv,ETTm2,,,,,,,,,,5,,,,,,,,,,,,,,LatentFlow,,,,,,,,,,,,,,,,,,,,,,,,,,0.2849630052238752,mse,0.0015251375046599531,4,,,,,,,,,,,,,,,,,,,,,,,,,,,,,,
summary/timepro_five_seed_dataset_summary.csv,ETTm2,,,,,,,,,,5,,,,,,,,,,,,,,TimePro,,,,,,,,,,,,,,,,,,,,,,,,,,0.2924919677014881,mse,0.00032055743160113186,4,,,,,,,,,,,,,,,,,,,,,,,,,,,,,,
summary/timepro_five_seed_dataset_summary.csv,Weather,,,,,,,,,,5,,,,,,,,,,,,,,LatentFlow,,,,,,,,,,,,,,,,,,,,,,,,,,0.2519003233081388,mse,0.0006362689930893633,4,,,,,,,,,,,,,,,,,,,,,,,,,,,,,,
summary/timepro_five_seed_dataset_summary.csv,Weather,,,,,,,,,,5,,,,,,,,,,,,,,TimePro,,,,,,,,,,,,,,,,,,,,,,,,,,0.2644615294106843,mse,0.00033765325333452235,4,,,,,,,,,,,,,,,,,,,,,,,,,,,,,,
summary/timepro_five_seed_dataset_summary.csv,Electricity,,,,,,,,,,5,,,,,,,,,,,,,,LatentFlow,,,,,,,,,,,,,,,,,,,,,,,,,,0.18383407351043726,mse,0.0013045292434788842,4,,,,,,,,,,,,,,,,,,,,,,,,,,,,,,
summary/timepro_five_seed_dataset_summary.csv,Electricity,,,,,,,,,,5,,,,,,,,,,,,,,TimePro,,,,,,,,,,,,,,,,,,,,,,,,,,0.1867291480526922,mse,0.00018437307772666657,4,,,,,,,,,,,,,,,,,,,,,,,,,,,,,,
summary/timepro_five_seed_dataset_summary.csv,Traffic,,,,,,,,,,5,,,,,,,,,,,,,,LatentFlow,,,,,,,,,,,,,,,,,,,,,,,,,,0.4600972265103508,mse,0.0028024425754935574,4,,,,,,,,,,,,,,,,,,,,,,,,,,,,,,
summary/timepro_five_seed_dataset_summary.csv,Traffic,,,,,,,,,,5,,,,,,,,,,,,,,TimePro,,,,,,,,,,,,,,,,,,,,,,,,,,0.46188969140186736,mse,0.0003605977502219864,4,,,,,,,,,,,,,,,,,,,,,,,,,,,,,,
summary/timepro_five_seed_dataset_summary.csv,ETTh1,,,,,,,,,,5,,,,,,,,,,,,,,LatentFlow,,,,,,,,,,,,,,,,,,,,,,,,,,0.44686011657360664,mae,0.0016209892960274551,4,,,,,,,,,,,,,,,,,,,,,,,,,,,,,,
summary/timepro_five_seed_dataset_summary.csv,ETTh1,,,,,,,,,,5,,,,,,,,,,,,,,TimePro,,,,,,,,,,,,,,,,,,,,,,,,,,0.44952903499209124,mae,0.0005244525878276479,4,,,,,,,,,,,,,,,,,,,,,,,,,,,,,,
summary/timepro_five_seed_dataset_summary.csv,ETTh2,,,,,,,,,,5,,,,,,,,,,,,,,LatentFlow,,,,,,,,,,,,,,,,,,,,,,,,,,0.4043082108489271,mae,0.002886777606213135,4,,,,,,,,,,,,,,,,,,,,,,,,,,,,,,
summary/timepro_five_seed_dataset_summary.csv,ETTh2,,,,,,,,,,5,,,,,,,,,,,,,,TimePro,,,,,,,,,,,,,,,,,,,,,,,,,,0.4067753272984313,mae,0.000975330528116487,4,,,,,,,,,,,,,,,,,,,,,,,,,,,,,,
summary/timepro_five_seed_dataset_summary.csv,ETTm1,,,,,,,,,,5,,,,,,,,,,,,,,LatentFlow,,,,,,,,,,,,,,,,,,,,,,,,,,0.416533123978544,mae,0.002187190733342881,4,,,,,,,,,,,,,,,,,,,,,,,,,,,,,,
summary/timepro_five_seed_dataset_summary.csv,ETTm1,,,,,,,,,,5,,,,,,,,,,,,,,TimePro,,,,,,,,,,,,,,,,,,,,,,,,,,0.41228343821292635,mae,0.0009342177297466624,4,,,,,,,,,,,,,,,,,,,,,,,,,,,,,,
summary/timepro_five_seed_dataset_summary.csv,ETTm2,,,,,,,,,,5,,,,,,,,,,,,,,LatentFlow,,,,,,,,,,,,,,,,,,,,,,,,,,0.32812548886046927,mae,0.0005359607911559884,4,,,,,,,,,,,,,,,,,,,,,,,,,,,,,,
summary/timepro_five_seed_dataset_summary.csv,ETTm2,,,,,,,,,,5,,,,,,,,,,,,,,TimePro,,,,,,,,,,,,,,,,,,,,,,,,,,0.33461792733944956,mae,0.0002793650772075137,4,,,,,,,,,,,,,,,,,,,,,,,,,,,,,,
summary/timepro_five_seed_dataset_summary.csv,Weather,,,,,,,,,,5,,,,,,,,,,,,,,LatentFlow,,,,,,,,,,,,,,,,,,,,,,,,,,0.2795695346925391,mae,0.0007514404981860884,4,,,,,,,,,,,,,,,,,,,,,,,,,,,,,,
summary/timepro_five_seed_dataset_summary.csv,Weather,,,,,,,,,,5,,,,,,,,,,,,,,TimePro,,,,,,,,,,,,,,,,,,,,,,,,,,0.2853803634666815,mae,0.0001964442659782925,4,,,,,,,,,,,,,,,,,,,,,,,,,,,,,,
summary/timepro_five_seed_dataset_summary.csv,Electricity,,,,,,,,,,5,,,,,,,,,,,,,,LatentFlow,,,,,,,,,,,,,,,,,,,,,,,,,,0.27582072489189446,mae,0.0008793875027425992,4,,,,,,,,,,,,,,,,,,,,,,,,,,,,,,
summary/timepro_five_seed_dataset_summary.csv,Electricity,,,,,,,,,,5,,,,,,,,,,,,,,TimePro,,,,,,,,,,,,,,,,,,,,,,,,,,0.27555552366266145,mae,0.0001419417062389613,4,,,,,,,,,,,,,,,,,,,,,,,,,,,,,,
summary/timepro_five_seed_dataset_summary.csv,Traffic,,,,,,,,,,5,,,,,,,,,,,,,,LatentFlow,,,,,,,,,,,,,,,,,,,,,,,,,,0.3023813305914395,mae,0.0007394258656983402,4,,,,,,,,,,,,,,,,,,,,,,,,,,,,,,
summary/timepro_five_seed_dataset_summary.csv,Traffic,,,,,,,,,,5,,,,,,,,,,,,,,TimePro,,,,,,,,,,,,,,,,,,,,,,,,,,0.30289606111854644,mae,0.00015310353105513756,4,,,,,,,,,,,,,,,,,,,,,,,,,,,,,,
summary/timepro_five_seed_inference.csv,,,,,,,,,,,5,,,,,,,,,,,,,,,,,,,,,,,,,,,,,,,,,,,,,,,,,mse,,28,50000,0.16150199690403616,2.9827991037149153,0.34775158481828194,10,0.008943457156419754,306.0,1.446221827748515,0,0.3513579148953795,18,,,,,,,,,,,,,,,,,,,
summary/timepro_five_seed_inference.csv,,,,,,,,,,,5,,,,,,,,,,,,,,,,,,,,,,,,,,,,,,,,,,,,,,,,,mae,,28,50000,-0.15922270596622073,1.4718265041391654,0.3505140757767743,9,0.02976546436548233,286.0,0.6355534921234556,0,0.3524339537272554,19,,,,,,,,,,,,,,,,,,,
summary/timepro_five_seed_runs.csv,ETTh1,96,0.4114095289177025,0.4032240676423306,42,,,,,,,,,,,,,,,,,,,,LatentFlow,,,,,,,,,,,,,,,,,,,,,,,,,,,,,,,,,,,,,,,,,,,,,,,,,,,,,,,,,,,
summary/timepro_five_seed_runs.csv,ETTh1,96,0.40937122595435566,0.39567699300291964,42,,,,,,,,,,,,,,,,,,,,TimePro,,,,,,,,,,,,,,,,,,,,,,,,,,,,,,,,,,,,,,,,,,,,,,,,,,,,,,,,,,,
summary/timepro_five_seed_runs.csv,ETTh1,96,0.4114736750236564,0.4003103101315677,43,,,,,,,,,,,,,,,,,,,,LatentFlow,,,,,,,,,,,,,,,,,,,,,,,,,,,,,,,,,,,,,,,,,,,,,,,,,,,,,,,,,,,
summary/timepro_five_seed_runs.csv,ETTh1,96,0.40736714050261663,0.3924750616114863,43,,,,,,,,,,,,,,,,,,,,TimePro,,,,,,,,,,,,,,,,,,,,,,,,,,,,,,,,,,,,,,,,,,,,,,,,,,,,,,,,,,,
summary/timepro_five_seed_runs.csv,ETTh1,96,0.41170120836883933,0.4035129706594815,44,,,,,,,,,,,,,,,,,,,,LatentFlow,,,,,,,,,,,,,,,,,,,,,,,,,,,,,,,,,,,,,,,,,,,,,,,,,,,,,,,,,,,
summary/timepro_five_seed_runs.csv,ETTh1,96,0.40969507136364886,0.39508297223866246,44,,,,,,,,,,,,,,,,,,,,TimePro,,,,,,,,,,,,,,,,,,,,,,,,,,,,,,,,,,,,,,,,,,,,,,,,,,,,,,,,,,,
summary/timepro_five_seed_runs.csv,ETTh1,96,0.41118490576713507,0.39887433377781456,45,,,,,,,,,,,,,,,,,,,,LatentFlow,,,,,,,,,,,,,,,,,,,,,,,,,,,,,,,,,,,,,,,,,,,,,,,,,,,,,,,,,,,
summary/timepro_five_seed_runs.csv,ETTh1,96,0.4070770425430432,0.39222871177551366,45,,,,,,,,,,,,,,,,,,,,TimePro,,,,,,,,,,,,,,,,,,,,,,,,,,,,,,,,,,,,,,,,,,,,,,,,,,,,,,,,,,,
summary/timepro_five_seed_runs.csv,ETTh1,96,0.4071548060371273,0.39336411556933,46,,,,,,,,,,,,,,,,,,,,LatentFlow,,,,,,,,,,,,,,,,,,,,,,,,,,,,,,,,,,,,,,,,,,,,,,,,,,,,,,,,,,,
summary/timepro_five_seed_runs.csv,ETTh1,96,0.40787172254725607,0.3927596360218263,46,,,,,,,,,,,,,,,,,,,,TimePro,,,,,,,,,,,,,,,,,,,,,,,,,,,,,,,,,,,,,,,,,,,,,,,,,,,,,,,,,,,
summary/timepro_five_seed_runs.csv,ETTh1,192,0.43770838134248974,0.44768580283511344,42,,,,,,,,,,,,,,,,,,,,LatentFlow,,,,,,,,,,,,,,,,,,,,,,,,,,,,,,,,,,,,,,,,,,,,,,,,,,,,,,,,,,,
summary/timepro_five_seed_runs.csv,ETTh1,192,0.438956172033638,0.45101260500532314,42,,,,,,,,,,,,,,,,,,,,TimePro,,,,,,,,,,,,,,,,,,,,,,,,,,,,,,,,,,,,,,,,,,,,,,,,,,,,,,,,,,,
summary/timepro_five_seed_runs.csv,ETTh1,192,0.43839850534904096,0.44978147276794406,43,,,,,,,,,,,,,,,,,,,,LatentFlow,,,,,,,,,,,,,,,,,,,,,,,,,,,,,,,,,,,,,,,,,,,,,,,,,,,,,,,,,,,
summary/timepro_five_seed_runs.csv,ETTh1,192,0.4387948873810683,0.45015716860104305,43,,,,,,,,,,,,,,,,,,,,TimePro,,,,,,,,,,,,,,,,,,,,,,,,,,,,,,,,,,,,,,,,,,,,,,,,,,,,,,,,,,,
summary/timepro_five_seed_runs.csv,ETTh1,192,0.4332067512963872,0.4469198834136318,44,,,,,,,,,,,,,,,,,,,,LatentFlow,,,,,,,,,,,,,,,,,,,,,,,,,,,,,,,,,,,,,,,,,,,,,,,,,,,,,,,,,,,
summary/timepro_five_seed_runs.csv,ETTh1,192,0.43784106890478736,0.44769498552865084,44,,,,,,,,,,,,,,,,,,,,TimePro,,,,,,,,,,,,,,,,,,,,,,,,,,,,,,,,,,,,,,,,,,,,,,,,,,,,,,,,,,,
summary/timepro_five_seed_runs.csv,ETTh1,192,0.44622507081657264,0.46477881293448897,45,,,,,,,,,,,,,,,,,,,,LatentFlow,,,,,,,,,,,,,,,,,,,,,,,,,,,,,,,,,,,,,,,,,,,,,,,,,,,,,,,,,,,
summary/timepro_five_seed_runs.csv,ETTh1,192,0.43942130934124124,0.4506287323383374,45,,,,,,,,,,,,,,,,,,,,TimePro,,,,,,,,,,,,,,,,,,,,,,,,,,,,,,,,,,,,,,,,,,,,,,,,,,,,,,,,,,,
summary/timepro_five_seed_runs.csv,ETTh1,192,0.4362416943355538,0.447930855774597,46,,,,,,,,,,,,,,,,,,,,LatentFlow,,,,,,,,,,,,,,,,,,,,,,,,,,,,,,,,,,,,,,,,,,,,,,,,,,,,,,,,,,,
summary/timepro_five_seed_runs.csv,ETTh1,192,0.4388489159722176,0.4502261264367803,46,,,,,,,,,,,,,,,,,,,,TimePro,,,,,,,,,,,,,,,,,,,,,,,,,,,,,,,,,,,,,,,,,,,,,,,,,,,,,,,,,,,
summary/timepro_five_seed_runs.csv,ETTh1,336,0.45415585197978037,0.4817180077371921,42,,,,,,,,,,,,,,,,,,,,LatentFlow,,,,,,,,,,,,,,,,,,,,,,,,,,,,,,,,,,,,,,,,,,,,,,,,,,,,,,,,,,,
summary/timepro_five_seed_runs.csv,ETTh1,336,0.45556990441452244,0.4838739426674556,42,,,,,,,,,,,,,,,,,,,,TimePro,,,,,,,,,,,,,,,,,,,,,,,,,,,,,,,,,,,,,,,,,,,,,,,,,,,,,,,,,,,
summary/timepro_five_seed_runs.csv,ETTh1,336,0.4605197977717322,0.4966021921924544,43,,,,,,,,,,,,,,,,,,,,LatentFlow,,,,,,,,,,,,,,,,,,,,,,,,,,,,,,,,,,,,,,,,,,,,,,,,,,,,,,,,,,,
summary/timepro_five_seed_runs.csv,ETTh1,336,0.4594977097814449,0.48992698953612557,43,,,,,,,,,,,,,,,,,,,,TimePro,,,,,,,,,,,,,,,,,,,,,,,,,,,,,,,,,,,,,,,,,,,,,,,,,,,,,,,,,,,
summary/timepro_five_seed_runs.csv,ETTh1,336,0.45960576987732715,0.49471651836941954,44,,,,,,,,,,,,,,,,,,,,LatentFlow,,,,,,,,,,,,,,,,,,,,,,,,,,,,,,,,,,,,,,,,,,,,,,,,,,,,,,,,,,,
summary/timepro_five_seed_runs.csv,ETTh1,336,0.46026578709233607,0.4907982482824505,44,,,,,,,,,,,,,,,,,,,,TimePro,,,,,,,,,,,,,,,,,,,,,,,,,,,,,,,,,,,,,,,,,,,,,,,,,,,,,,,,,,,
summary/timepro_five_seed_runs.csv,ETTh1,336,0.4569962442296437,0.48986910685960405,45,,,,,,,,,,,,,,,,,,,,LatentFlow,,,,,,,,,,,,,,,,,,,,,,,,,,,,,,,,,,,,,,,,,,,,,,,,,,,,,,,,,,,
summary/timepro_five_seed_runs.csv,ETTh1,336,0.4583610181763989,0.4891053977270799,45,,,,,,,,,,,,,,,,,,,,TimePro,,,,,,,,,,,,,,,,,,,,,,,,,,,,,,,,,,,,,,,,,,,,,,,,,,,,,,,,,,,
summary/timepro_five_seed_runs.csv,ETTh1,336,0.4536123250953631,0.4820595616682389,46,,,,,,,,,,,,,,,,,,,,LatentFlow,,,,,,,,,,,,,,,,,,,,,,,,,,,,,,,,,,,,,,,,,,,,,,,,,,,,,,,,,,,
summary/timepro_five_seed_runs.csv,ETTh1,336,0.4582279564905012,0.4874817011588103,46,,,,,,,,,,,,,,,,,,,,TimePro,,,,,,,,,,,,,,,,,,,,,,,,,,,,,,,,,,,,,,,,,,,,,,,,,,,,,,,,,,,
summary/timepro_five_seed_runs.csv,ETTh1,720,0.4786009474572534,0.49215886750318655,42,,,,,,,,,,,,,,,,,,,,LatentFlow,,,,,,,,,,,,,,,,,,,,,,,,,,,,,,,,,,,,,,,,,,,,,,,,,,,,,,,,,,,
summary/timepro_five_seed_runs.csv,ETTh1,720,0.4957512531235826,0.5151804667763313,42,,,,,,,,,,,,,,,,,,,,TimePro,,,,,,,,,,,,,,,,,,,,,,,,,,,,,,,,,,,,,,,,,,,,,,,,,,,,,,,,,,,
summary/timepro_five_seed_runs.csv,ETTh1,720,0.48321969007132837,0.5091477053166293,43,,,,,,,,,,,,,,,,,,,,LatentFlow,,,,,,,,,,,,,,,,,,,,,,,,,,,,,,,,,,,,,,,,,,,,,,,,,,,,,,,,,,,
summary/timepro_five_seed_runs.csv,ETTh1,720,0.49316550693100214,0.5112820798894734,43,,,,,,,,,,,,,,,,,,,,TimePro,,,,,,,,,,,,,,,,,,,,,,,,,,,,,,,,,,,,,,,,,,,,,,,,,,,,,,,,,,,
summary/timepro_five_seed_runs.csv,ETTh1,720,0.4802329831879081,0.4984691149224758,44,,,,,,,,,,,,,,,,,,,,LatentFlow,,,,,,,,,,,,,,,,,,,,,,,,,,,,,,,,,,,,,,,,,,,,,,,,,,,,,,,,,,,
summary/timepro_five_seed_runs.csv,ETTh1,720,0.49197419014704724,0.5092944667064083,44,,,,,,,,,,,,,,,,,,,,TimePro,,,,,,,,,,,,,,,,,,,,,,,,,,,,,,,,,,,,,,,,,,,,,,,,,,,,,,,,,,,
summary/timepro_five_seed_runs.csv,ETTh1,720,0.48077424157540805,0.4952980946486845,45,,,,,,,,,,,,,,,,,,,,LatentFlow,,,,,,,,,,,,,,,,,,,,,,,,,,,,,,,,,,,,,,,,,,,,,,,,,,,,,,,,,,,
summary/timepro_five_seed_runs.csv,ETTh1,720,0.492786855030691,0.5105212690431947,45,,,,,,,,,,,,,,,,,,,,TimePro,,,,,,,,,,,,,,,,,,,,,,,,,,,,,,,,,,,,,,,,,,,,,,,,,,,,,,,,,,,
summary/timepro_five_seed_runs.csv,ETTh1,720,0.48477995297188375,0.5024117612303217,46,,,,,,,,,,,,,,,,,,,,LatentFlow,,,,,,,,,,,,,,,,,,,,,,,,,,,,,,,,,,,,,,,,,,,,,,,,,,,,,,,,,,,
summary/timepro_five_seed_runs.csv,ETTh1,720,0.48973596211042514,0.5063684547518295,46,,,,,,,,,,,,,,,,,,,,TimePro,,,,,,,,,,,,,,,,,,,,,,,,,,,,,,,,,,,,,,,,,,,,,,,,,,,,,,,,,,,
summary/timepro_five_seed_runs.csv,ETTh2,96,0.34268046750302417,0.2934846773242975,42,,,,,,,,,,,,,,,,,,,,LatentFlow,,,,,,,,,,,,,,,,,,,,,,,,,,,,,,,,,,,,,,,,,,,,,,,,,,,,,,,,,,,
summary/timepro_five_seed_runs.csv,ETTh2,96,0.34869215242004786,0.29814079453764364,42,,,,,,,,,,,,,,,,,,,,TimePro,,,,,,,,,,,,,,,,,,,,,,,,,,,,,,,,,,,,,,,,,,,,,,,,,,,,,,,,,,,
summary/timepro_five_seed_runs.csv,ETTh2,96,0.3446854704127736,0.29659152826284907,43,,,,,,,,,,,,,,,,,,,,LatentFlow,,,,,,,,,,,,,,,,,,,,,,,,,,,,,,,,,,,,,,,,,,,,,,,,,,,,,,,,,,,
summary/timepro_five_seed_runs.csv,ETTh2,96,0.3462688320323301,0.2960521189485889,43,,,,,,,,,,,,,,,,,,,,TimePro,,,,,,,,,,,,,,,,,,,,,,,,,,,,,,,,,,,,,,,,,,,,,,,,,,,,,,,,,,,
summary/timepro_five_seed_runs.csv,ETTh2,96,0.3518202495827699,0.30441245197016653,44,,,,,,,,,,,,,,,,,,,,LatentFlow,,,,,,,,,,,,,,,,,,,,,,,,,,,,,,,,,,,,,,,,,,,,,,,,,,,,,,,,,,,
summary/timepro_five_seed_runs.csv,ETTh2,96,0.3509181352194491,0.3011673897140463,44,,,,,,,,,,,,,,,,,,,,TimePro,,,,,,,,,,,,,,,,,,,,,,,,,,,,,,,,,,,,,,,,,,,,,,,,,,,,,,,,,,,
summary/timepro_five_seed_runs.csv,ETTh2,96,0.34930985199545983,0.30112829894869514,45,,,,,,,,,,,,,,,,,,,,LatentFlow,,,,,,,,,,,,,,,,,,,,,,,,,,,,,,,,,,,,,,,,,,,,,,,,,,,,,,,,,,,
summary/timepro_five_seed_runs.csv,ETTh2,96,0.3466719740138478,0.29438193702306403,45,,,,,,,,,,,,,,,,,,,,TimePro,,,,,,,,,,,,,,,,,,,,,,,,,,,,,,,,,,,,,,,,,,,,,,,,,,,,,,,,,,,
summary/timepro_five_seed_runs.csv,ETTh2,96,0.3458137481632707,0.298961461420965,46,,,,,,,,,,,,,,,,,,,,LatentFlow,,,,,,,,,,,,,,,,,,,,,,,,,,,,,,,,,,,,,,,,,,,,,,,,,,,,,,,,,,,
summary/timepro_five_seed_runs.csv,ETTh2,96,0.34668837861443236,0.29504435672875784,46,,,,,,,,,,,,,,,,,,,,TimePro,,,,,,,,,,,,,,,,,,,,,,,,,,,,,,,,,,,,,,,,,,,,,,,,,,,,,,,,,,,
summary/timepro_five_seed_runs.csv,ETTh2,192,0.3902497946414888,0.36935875294162884,42,,,,,,,,,,,,,,,,,,,,LatentFlow,,,,,,,,,,,,,,,,,,,,,,,,,,,,,,,,,,,,,,,,,,,,,,,,,,,,,,,,,,,
summary/timepro_five_seed_runs.csv,ETTh2,192,0.3971484885017911,0.3775067888668014,42,,,,,,,,,,,,,,,,,,,,TimePro,,,,,,,,,,,,,,,,,,,,,,,,,,,,,,,,,,,,,,,,,,,,,,,,,,,,,,,,,,,
summary/timepro_five_seed_runs.csv,ETTh2,192,0.39616170797824446,0.38277998701682386,43,,,,,,,,,,,,,,,,,,,,LatentFlow,,,,,,,,,,,,,,,,,,,,,,,,,,,,,,,,,,,,,,,,,,,,,,,,,,,,,,,,,,,
summary/timepro_five_seed_runs.csv,ETTh2,192,0.398574338120321,0.3787297690287727,43,,,,,,,,,,,,,,,,,,,,TimePro,,,,,,,,,,,,,,,,,,,,,,,,,,,,,,,,,,,,,,,,,,,,,,,,,,,,,,,,,,,
summary/timepro_five_seed_runs.csv,ETTh2,192,0.40038104993692547,0.38934538500320265,44,,,,,,,,,,,,,,,,,,,,LatentFlow,,,,,,,,,,,,,,,,,,,,,,,,,,,,,,,,,,,,,,,,,,,,,,,,,,,,,,,,,,,
summary/timepro_five_seed_runs.csv,ETTh2,192,0.39932386518257257,0.37706178162121534,44,,,,,,,,,,,,,,,,,,,,TimePro,,,,,,,,,,,,,,,,,,,,,,,,,,,,,,,,,,,,,,,,,,,,,,,,,,,,,,,,,,,
summary/timepro_five_seed_runs.csv,ETTh2,192,0.3963399472574656,0.3814257277054827,45,,,,,,,,,,,,,,,,,,,,LatentFlow,,,,,,,,,,,,,,,,,,,,,,,,,,,,,,,,,,,,,,,,,,,,,,,,,,,,,,,,,,,
summary/timepro_five_seed_runs.csv,ETTh2,192,0.3987256086099167,0.3802770597634235,45,,,,,,,,,,,,,,,,,,,,TimePro,,,,,,,,,,,,,,,,,,,,,,,,,,,,,,,,,,,,,,,,,,,,,,,,,,,,,,,,,,,
summary/timepro_five_seed_runs.csv,ETTh2,192,0.4010127329049908,0.38344777443369743,46,,,,,,,,,,,,,,,,,,,,LatentFlow,,,,,,,,,,,,,,,,,,,,,,,,,,,,,,,,,,,,,,,,,,,,,,,,,,,,,,,,,,,
summary/timepro_five_seed_runs.csv,ETTh2,192,0.40318137227335227,0.3867204142223961,46,,,,,,,,,,,,,,,,,,,,TimePro,,,,,,,,,,,,,,,,,,,,,,,,,,,,,,,,,,,,,,,,,,,,,,,,,,,,,,,,,,,
summary/timepro_five_seed_runs.csv,ETTh2,336,0.4269980570079633,0.4155208339614433,42,,,,,,,,,,,,,,,,,,,,LatentFlow,,,,,,,,,,,,,,,,,,,,,,,,,,,,,,,,,,,,,,,,,,,,,,,,,,,,,,,,,,,
summary/timepro_five_seed_runs.csv,ETTh2,336,0.43004225745464375,0.4183147705472937,42,,,,,,,,,,,,,,,,,,,,TimePro,,,,,,,,,,,,,,,,,,,,,,,,,,,,,,,,,,,,,,,,,,,,,,,,,,,,,,,,,,,
summary/timepro_five_seed_runs.csv,ETTh2,336,0.43381622256536495,0.4267743105826104,43,,,,,,,,,,,,,,,,,,,,LatentFlow,,,,,,,,,,,,,,,,,,,,,,,,,,,,,,,,,,,,,,,,,,,,,,,,,,,,,,,,,,,
summary/timepro_five_seed_runs.csv,ETTh2,336,0.43504597361410297,0.42410592163195243,43,,,,,,,,,,,,,,,,,,,,TimePro,,,,,,,,,,,,,,,,,,,,,,,,,,,,,,,,,,,,,,,,,,,,,,,,,,,,,,,,,,,
summary/timepro_five_seed_runs.csv,ETTh2,336,0.4239168061299145,0.41156372430863924,44,,,,,,,,,,,,,,,,,,,,LatentFlow,,,,,,,,,,,,,,,,,,,,,,,,,,,,,,,,,,,,,,,,,,,,,,,,,,,,,,,,,,,
summary/timepro_five_seed_runs.csv,ETTh2,336,0.4350113648173883,0.4228481689117045,44,,,,,,,,,,,,,,,,,,,,TimePro,,,,,,,,,,,,,,,,,,,,,,,,,,,,,,,,,,,,,,,,,,,,,,,,,,,,,,,,,,,
summary/timepro_five_seed_runs.csv,ETTh2,336,0.4348568315601447,0.4267020386210415,45,,,,,,,,,,,,,,,,,,,,LatentFlow,,,,,,,,,,,,,,,,,,,,,,,,,,,,,,,,,,,,,,,,,,,,,,,,,,,,,,,,,,,
summary/timepro_five_seed_runs.csv,ETTh2,336,0.433131601162239,0.4235555255699675,45,,,,,,,,,,,,,,,,,,,,TimePro,,,,,,,,,,,,,,,,,,,,,,,,,,,,,,,,,,,,,,,,,,,,,,,,,,,,,,,,,,,
summary/timepro_five_seed_runs.csv,ETTh2,336,0.42783686345478456,0.41502608460654644,46,,,,,,,,,,,,,,,,,,,,LatentFlow,,,,,,,,,,,,,,,,,,,,,,,,,,,,,,,,,,,,,,,,,,,,,,,,,,,,,,,,,,,
summary/timepro_five_seed_runs.csv,ETTh2,336,0.4333458088000115,0.4220198815118393,46,,,,,,,,,,,,,,,,,,,,TimePro,,,,,,,,,,,,,,,,,,,,,,,,,,,,,,,,,,,,,,,,,,,,,,,,,,,,,,,,,,,
summary/timepro_five_seed_runs.csv,ETTh2,720,0.43854124645959064,0.4182081405769548,42,,,,,,,,,,,,,,,,,,,,LatentFlow,,,,,,,,,,,,,,,,,,,,,,,,,,,,,,,,,,,,,,,,,,,,,,,,,,,,,,,,,,,
summary/timepro_five_seed_runs.csv,ETTh2,720,0.44512384791440857,0.4286815907901354,42,,,,,,,,,,,,,,,,,,,,TimePro,,,,,,,,,,,,,,,,,,,,,,,,,,,,,,,,,,,,,,,,,,,,,,,,,,,,,,,,,,,
summary/timepro_five_seed_runs.csv,ETTh2,720,0.4468676601619024,0.4368366578280885,43,,,,,,,,,,,,,,,,,,,,LatentFlow,,,,,,,,,,,,,,,,,,,,,,,,,,,,,,,,,,,,,,,,,,,,,,,,,,,,,,,,,,,
summary/timepro_five_seed_runs.csv,ETTh2,720,0.44877195315896445,0.43361941791414865,43,,,,,,,,,,,,,,,,,,,,TimePro,,,,,,,,,,,,,,,,,,,,,,,,,,,,,,,,,,,,,,,,,,,,,,,,,,,,,,,,,,,
summary/timepro_five_seed_runs.csv,ETTh2,720,0.4511602481575769,0.43759845636049677,44,,,,,,,,,,,,,,,,,,,,LatentFlow,,,,,,,,,,,,,,,,,,,,,,,,,,,,,,,,,,,,,,,,,,,,,,,,,,,,,,,,,,,
summary/timepro_five_seed_runs.csv,ETTh2,720,0.44490292596073444,0.42806755260879614,44,,,,,,,,,,,,,,,,,,,,TimePro,,,,,,,,,,,,,,,,,,,,,,,,,,,,,,,,,,,,,,,,,,,,,,,,,,,,,,,,,,,
summary/timepro_five_seed_runs.csv,ETTh2,720,0.44404134140585694,0.4243852729579089,45,,,,,,,,,,,,,,,,,,,,LatentFlow,,,,,,,,,,,,,,,,,,,,,,,,,,,,,,,,,,,,,,,,,,,,,,,,,,,,,,,,,,,
summary/timepro_five_seed_runs.csv,ETTh2,720,0.4469799828403444,0.4308772098830452,45,,,,,,,,,,,,,,,,,,,,TimePro,,,,,,,,,,,,,,,,,,,,,,,,,,,,,,,,,,,,,,,,,,,,,,,,,,,,,,,,,,,
summary/timepro_five_seed_runs.csv,ETTh2,720,0.4396739196990294,0.4240922793711736,46,,,,,,,,,,,,,,,,,,,,LatentFlow,,,,,,,,,,,,,,,,,,,,,,,,,,,,,,,,,,,,,,,,,,,,,,,,,,,,,,,,,,,
summary/timepro_five_seed_runs.csv,ETTh2,720,0.4469576852577288,0.4307920158460595,46,,,,,,,,,,,,,,,,,,,,TimePro,,,,,,,,,,,,,,,,,,,,,,,,,,,,,,,,,,,,,,,,,,,,,,,,,,,,,,,,,,,
summary/timepro_five_seed_runs.csv,ETTm1,96,0.3788299991861661,0.34608704034718446,42,,,,,,,,,,,,,,,,,,,,LatentFlow,,,,,,,,,,,,,,,,,,,,,,,,,,,,,,,,,,,,,,,,,,,,,,,,,,,,,,,,,,,
summary/timepro_five_seed_runs.csv,ETTm1,96,0.38154726210293377,0.3534657453956536,42,,,,,,,,,,,,,,,,,,,,TimePro,,,,,,,,,,,,,,,,,,,,,,,,,,,,,,,,,,,,,,,,,,,,,,,,,,,,,,,,,,,
summary/timepro_five_seed_runs.csv,ETTm1,96,0.37386706990699814,0.3350524801073614,43,,,,,,,,,,,,,,,,,,,,LatentFlow,,,,,,,,,,,,,,,,,,,,,,,,,,,,,,,,,,,,,,,,,,,,,,,,,,,,,,,,,,,
summary/timepro_five_seed_runs.csv,ETTm1,96,0.38161281514542916,0.35281042443025334,43,,,,,,,,,,,,,,,,,,,,TimePro,,,,,,,,,,,,,,,,,,,,,,,,,,,,,,,,,,,,,,,,,,,,,,,,,,,,,,,,,,,
summary/timepro_five_seed_runs.csv,ETTm1,96,0.37215081161343205,0.33476287593465925,44,,,,,,,,,,,,,,,,,,,,LatentFlow,,,,,,,,,,,,,,,,,,,,,,,,,,,,,,,,,,,,,,,,,,,,,,,,,,,,,,,,,,,
summary/timepro_five_seed_runs.csv,ETTm1,96,0.37682363178626416,0.3520064771146815,44,,,,,,,,,,,,,,,,,,,,TimePro,,,,,,,,,,,,,,,,,,,,,,,,,,,,,,,,,,,,,,,,,,,,,,,,,,,,,,,,,,,
summary/timepro_five_seed_runs.csv,ETTm1,96,0.37568321943506666,0.33880093374686576,45,,,,,,,,,,,,,,,,,,,,LatentFlow,,,,,,,,,,,,,,,,,,,,,,,,,,,,,,,,,,,,,,,,,,,,,,,,,,,,,,,,,,,
summary/timepro_five_seed_runs.csv,ETTm1,96,0.3830590520665784,0.3552188831813089,45,,,,,,,,,,,,,,,,,,,,TimePro,,,,,,,,,,,,,,,,,,,,,,,,,,,,,,,,,,,,,,,,,,,,,,,,,,,,,,,,,,,
summary/timepro_five_seed_runs.csv,ETTm1,96,0.37159831370713126,0.3327581605039761,46,,,,,,,,,,,,,,,,,,,,LatentFlow,,,,,,,,,,,,,,,,,,,,,,,,,,,,,,,,,,,,,,,,,,,,,,,,,,,,,,,,,,,
summary/timepro_five_seed_runs.csv,ETTm1,96,0.38055099148246985,0.3520591668157487,46,,,,,,,,,,,,,,,,,,,,TimePro,,,,,,,,,,,,,,,,,,,,,,,,,,,,,,,,,,,,,,,,,,,,,,,,,,,,,,,,,,,
summary/timepro_five_seed_runs.csv,ETTm1,192,0.3980640535317856,0.3813478510583697,42,,,,,,,,,,,,,,,,,,,,LatentFlow,,,,,,,,,,,,,,,,,,,,,,,,,,,,,,,,,,,,,,,,,,,,,,,,,,,,,,,,,,,
summary/timepro_five_seed_runs.csv,ETTm1,192,0.3970211975708049,0.3861454318180428,42,,,,,,,,,,,,,,,,,,,,TimePro,,,,,,,,,,,,,,,,,,,,,,,,,,,,,,,,,,,,,,,,,,,,,,,,,,,,,,,,,,,
summary/timepro_five_seed_runs.csv,ETTm1,192,0.39651534458020243,0.38090578920044743,43,,,,,,,,,,,,,,,,,,,,LatentFlow,,,,,,,,,,,,,,,,,,,,,,,,,,,,,,,,,,,,,,,,,,,,,,,,,,,,,,,,,,,
summary/timepro_five_seed_runs.csv,ETTm1,192,0.39737701510216966,0.38682121559074667,43,,,,,,,,,,,,,,,,,,,,TimePro,,,,,,,,,,,,,,,,,,,,,,,,,,,,,,,,,,,,,,,,,,,,,,,,,,,,,,,,,,,
summary/timepro_five_seed_runs.csv,ETTm1,192,0.39596875756155353,0.3784693725809327,44,,,,,,,,,,,,,,,,,,,,LatentFlow,,,,,,,,,,,,,,,,,,,,,,,,,,,,,,,,,,,,,,,,,,,,,,,,,,,,,,,,,,,
summary/timepro_five_seed_runs.csv,ETTm1,192,0.3968994909476289,0.3870205359079733,44,,,,,,,,,,,,,,,,,,,,TimePro,,,,,,,,,,,,,,,,,,,,,,,,,,,,,,,,,,,,,,,,,,,,,,,,,,,,,,,,,,,
summary/timepro_five_seed_runs.csv,ETTm1,192,0.40250063238337175,0.39295605597909256,45,,,,,,,,,,,,,,,,,,,,LatentFlow,,,,,,,,,,,,,,,,,,,,,,,,,,,,,,,,,,,,,,,,,,,,,,,,,,,,,,,,,,,
summary/timepro_five_seed_runs.csv,ETTm1,192,0.4003038255850356,0.39497370076113664,45,,,,,,,,,,,,,,,,,,,,TimePro,,,,,,,,,,,,,,,,,,,,,,,,,,,,,,,,,,,,,,,,,,,,,,,,,,,,,,,,,,,
summary/timepro_five_seed_runs.csv,ETTm1,192,0.4011710910993459,0.3904489017529929,46,,,,,,,,,,,,,,,,,,,,LatentFlow,,,,,,,,,,,,,,,,,,,,,,,,,,,,,,,,,,,,,,,,,,,,,,,,,,,,,,,,,,,
summary/timepro_five_seed_runs.csv,ETTm1,192,0.39495896165681177,0.3832192582915626,46,,,,,,,,,,,,,,,,,,,,TimePro,,,,,,,,,,,,,,,,,,,,,,,,,,,,,,,,,,,,,,,,,,,,,,,,,,,,,,,,,,,
summary/timepro_five_seed_runs.csv,ETTm1,336,0.4211018372895208,0.4224221247003277,42,,,,,,,,,,,,,,,,,,,,LatentFlow,,,,,,,,,,,,,,,,,,,,,,,,,,,,,,,,,,,,,,,,,,,,,,,,,,,,,,,,,,,
summary/timepro_five_seed_runs.csv,ETTm1,336,0.418566446436364,0.42107523627730403,42,,,,,,,,,,,,,,,,,,,,TimePro,,,,,,,,,,,,,,,,,,,,,,,,,,,,,,,,,,,,,,,,,,,,,,,,,,,,,,,,,,,
summary/timepro_five_seed_runs.csv,ETTm1,336,0.4203169403424651,0.4135662009150009,43,,,,,,,,,,,,,,,,,,,,LatentFlow,,,,,,,,,,,,,,,,,,,,,,,,,,,,,,,,,,,,,,,,,,,,,,,,,,,,,,,,,,,
summary/timepro_five_seed_runs.csv,ETTm1,336,0.41756327443722047,0.4192714632127158,43,,,,,,,,,,,,,,,,,,,,TimePro,,,,,,,,,,,,,,,,,,,,,,,,,,,,,,,,,,,,,,,,,,,,,,,,,,,,,,,,,,,
summary/timepro_five_seed_runs.csv,ETTm1,336,0.4169673195980457,0.4161082527945975,44,,,,,,,,,,,,,,,,,,,,LatentFlow,,,,,,,,,,,,,,,,,,,,,,,,,,,,,,,,,,,,,,,,,,,,,,,,,,,,,,,,,,,
summary/timepro_five_seed_runs.csv,ETTm1,336,0.41807258023171046,0.4214474314123123,44,,,,,,,,,,,,,,,,,,,,TimePro,,,,,,,,,,,,,,,,,,,,,,,,,,,,,,,,,,,,,,,,,,,,,,,,,,,,,,,,,,,
summary/timepro_five_seed_runs.csv,ETTm1,336,0.43958715140634486,0.4606223764176206,45,,,,,,,,,,,,,,,,,,,,LatentFlow,,,,,,,,,,,,,,,,,,,,,,,,,,,,,,,,,,,,,,,,,,,,,,,,,,,,,,,,,,,
summary/timepro_five_seed_runs.csv,ETTm1,336,0.4178885851901144,0.4209000876666778,45,,,,,,,,,,,,,,,,,,,,TimePro,,,,,,,,,,,,,,,,,,,,,,,,,,,,,,,,,,,,,,,,,,,,,,,,,,,,,,,,,,,
summary/timepro_five_seed_runs.csv,ETTm1,336,0.4213948481586211,0.4184764185739717,46,,,,,,,,,,,,,,,,,,,,LatentFlow,,,,,,,,,,,,,,,,,,,,,,,,,,,,,,,,,,,,,,,,,,,,,,,,,,,,,,,,,,,
summary/timepro_five_seed_runs.csv,ETTm1,336,0.41663294606019147,0.41939734888371,46,,,,,,,,,,,,,,,,,,,,TimePro,,,,,,,,,,,,,,,,,,,,,,,,,,,,,,,,,,,,,,,,,,,,,,,,,,,,,,,,,,,
summary/timepro_five_seed_runs.csv,ETTm1,720,0.47642321199393256,0.5111196980764312,42,,,,,,,,,,,,,,,,,,,,LatentFlow,,,,,,,,,,,,,,,,,,,,,,,,,,,,,,,,,,,,,,,,,,,,,,,,,,,,,,,,,,,
summary/timepro_five_seed_runs.csv,ETTm1,720,0.4549325970633704,0.48495843425876994,42,,,,,,,,,,,,,,,,,,,,TimePro,,,,,,,,,,,,,,,,,,,,,,,,,,,,,,,,,,,,,,,,,,,,,,,,,,,,,,,,,,,
summary/timepro_five_seed_runs.csv,ETTm1,720,0.4686201564713423,0.48906182206480814,43,,,,,,,,,,,,,,,,,,,,LatentFlow,,,,,,,,,,,,,,,,,,,,,,,,,,,,,,,,,,,,,,,,,,,,,,,,,,,,,,,,,,,
summary/timepro_five_seed_runs.csv,ETTm1,720,0.45304943421992494,0.4821970373823638,43,,,,,,,,,,,,,,,,,,,,TimePro,,,,,,,,,,,,,,,,,,,,,,,,,,,,,,,,,,,,,,,,,,,,,,,,,,,,,,,,,,,
summary/timepro_five_seed_runs.csv,ETTm1,720,0.47736329221450136,0.5127293497781451,44,,,,,,,,,,,,,,,,,,,,LatentFlow,,,,,,,,,,,,,,,,,,,,,,,,,,,,,,,,,,,,,,,,,,,,,,,,,,,,,,,,,,,
summary/timepro_five_seed_runs.csv,ETTm1,720,0.45429921627624203,0.48350438916129934,44,,,,,,,,,,,,,,,,,,,,TimePro,,,,,,,,,,,,,,,,,,,,,,,,,,,,,,,,,,,,,,,,,,,,,,,,,,,,,,,,,,,
summary/timepro_five_seed_runs.csv,ETTm1,720,0.45882212620774127,0.4826467743064109,45,,,,,,,,,,,,,,,,,,,,LatentFlow,,,,,,,,,,,,,,,,,,,,,,,,,,,,,,,,,,,,,,,,,,,,,,,,,,,,,,,,,,,
summary/timepro_five_seed_runs.csv,ETTm1,720,0.45204379655586124,0.480831657917339,45,,,,,,,,,,,,,,,,,,,,TimePro,,,,,,,,,,,,,,,,,,,,,,,,,,,,,,,,,,,,,,,,,,,,,,,,,,,,,,,,,,,
summary/timepro_five_seed_runs.csv,ETTm1,720,0.4637163028833114,0.49450942450701996,46,,,,,,,,,,,,,,,,,,,,LatentFlow,,,,,,,,,,,,,,,,,,,,,,,,,,,,,,,,,,,,,,,,,,,,,,,,,,,,,,,,,,,
summary/timepro_five_seed_runs.csv,ETTm1,720,0.45246564434140196,0.4815969537695376,46,,,,,,,,,,,,,,,,,,,,TimePro,,,,,,,,,,,,,,,,,,,,,,,,,,,,,,,,,,,,,,,,,,,,,,,,,,,,,,,,,,,
summary/timepro_five_seed_runs.csv,ETTm2,96,0.2580017761321096,0.17361310991953224,42,,,,,,,,,,,,,,,,,,,,LatentFlow,,,,,,,,,,,,,,,,,,,,,,,,,,,,,,,,,,,,,,,,,,,,,,,,,,,,,,,,,,,
summary/timepro_five_seed_runs.csv,ETTm2,96,0.268579313330468,0.1858021968636051,42,,,,,,,,,,,,,,,,,,,,TimePro,,,,,,,,,,,,,,,,,,,,,,,,,,,,,,,,,,,,,,,,,,,,,,,,,,,,,,,,,,,
summary/timepro_five_seed_runs.csv,ETTm2,96,0.25903178996389903,0.17500009207821418,43,,,,,,,,,,,,,,,,,,,,LatentFlow,,,,,,,,,,,,,,,,,,,,,,,,,,,,,,,,,,,,,,,,,,,,,,,,,,,,,,,,,,,
summary/timepro_five_seed_runs.csv,ETTm2,96,0.26385792027392263,0.1811039498846792,43,,,,,,,,,,,,,,,,,,,,TimePro,,,,,,,,,,,,,,,,,,,,,,,,,,,,,,,,,,,,,,,,,,,,,,,,,,,,,,,,,,,
summary/timepro_five_seed_runs.csv,ETTm2,96,0.2590363641623421,0.1761702158561135,44,,,,,,,,,,,,,,,,,,,,LatentFlow,,,,,,,,,,,,,,,,,,,,,,,,,,,,,,,,,,,,,,,,,,,,,,,,,,,,,,,,,,,
summary/timepro_five_seed_runs.csv,ETTm2,96,0.2662350143054208,0.1839325527361287,44,,,,,,,,,,,,,,,,,,,,TimePro,,,,,,,,,,,,,,,,,,,,,,,,,,,,,,,,,,,,,,,,,,,,,,,,,,,,,,,,,,,
summary/timepro_five_seed_runs.csv,ETTm2,96,0.2605578148040819,0.1772413624591277,45,,,,,,,,,,,,,,,,,,,,LatentFlow,,,,,,,,,,,,,,,,,,,,,,,,,,,,,,,,,,,,,,,,,,,,,,,,,,,,,,,,,,,
summary/timepro_five_seed_runs.csv,ETTm2,96,0.26516971440666526,0.181950657406213,45,,,,,,,,,,,,,,,,,,,,TimePro,,,,,,,,,,,,,,,,,,,,,,,,,,,,,,,,,,,,,,,,,,,,,,,,,,,,,,,,,,,
summary/timepro_five_seed_runs.csv,ETTm2,96,0.2584597509697575,0.17346998582001066,46,,,,,,,,,,,,,,,,,,,,LatentFlow,,,,,,,,,,,,,,,,,,,,,,,,,,,,,,,,,,,,,,,,,,,,,,,,,,,,,,,,,,,
summary/timepro_five_seed_runs.csv,ETTm2,96,0.2668811970784588,0.18498844070112605,46,,,,,,,,,,,,,,,,,,,,TimePro,,,,,,,,,,,,,,,,,,,,,,,,,,,,,,,,,,,,,,,,,,,,,,,,,,,,,,,,,,,
summary/timepro_five_seed_runs.csv,ETTm2,192,0.2998266398193433,0.24021859779491156,42,,,,,,,,,,,,,,,,,,,,LatentFlow,,,,,,,,,,,,,,,,,,,,,,,,,,,,,,,,,,,,,,,,,,,,,,,,,,,,,,,,,,,
summary/timepro_five_seed_runs.csv,ETTm2,192,0.31121740317175206,0.25223105070485335,42,,,,,,,,,,,,,,,,,,,,TimePro,,,,,,,,,,,,,,,,,,,,,,,,,,,,,,,,,,,,,,,,,,,,,,,,,,,,,,,,,,,
summary/timepro_five_seed_runs.csv,ETTm2,192,0.30190450481182957,0.24148138810610306,43,,,,,,,,,,,,,,,,,,,,LatentFlow,,,,,,,,,,,,,,,,,,,,,,,,,,,,,,,,,,,,,,,,,,,,,,,,,,,,,,,,,,,
summary/timepro_five_seed_runs.csv,ETTm2,192,0.31221493131825023,0.25279074953977615,43,,,,,,,,,,,,,,,,,,,,TimePro,,,,,,,,,,,,,,,,,,,,,,,,,,,,,,,,,,,,,,,,,,,,,,,,,,,,,,,,,,,
summary/timepro_five_seed_runs.csv,ETTm2,192,0.30233384534809365,0.24194695701033272,44,,,,,,,,,,,,,,,,,,,,LatentFlow,,,,,,,,,,,,,,,,,,,,,,,,,,,,,,,,,,,,,,,,,,,,,,,,,,,,,,,,,,,
summary/timepro_five_seed_runs.csv,ETTm2,192,0.3114244342734671,0.2520272573673077,44,,,,,,,,,,,,,,,,,,,,TimePro,,,,,,,,,,,,,,,,,,,,,,,,,,,,,,,,,,,,,,,,,,,,,,,,,,,,,,,,,,,
summary/timepro_five_seed_runs.csv,ETTm2,192,0.3013738311833415,0.241445003199563,45,,,,,,,,,,,,,,,,,,,,LatentFlow,,,,,,,,,,,,,,,,,,,,,,,,,,,,,,,,,,,,,,,,,,,,,,,,,,,,,,,,,,,
summary/timepro_five_seed_runs.csv,ETTm2,192,0.3103530226075311,0.2510435633970047,45,,,,,,,,,,,,,,,,,,,,TimePro,,,,,,,,,,,,,,,,,,,,,,,,,,,,,,,,,,,,,,,,,,,,,,,,,,,,,,,,,,,
summary/timepro_five_seed_runs.csv,ETTm2,192,0.30041260414628135,0.2393030272939203,46,,,,,,,,,,,,,,,,,,,,LatentFlow,,,,,,,,,,,,,,,,,,,,,,,,,,,,,,,,,,,,,,,,,,,,,,,,,,,,,,,,,,,
summary/timepro_five_seed_runs.csv,ETTm2,192,0.31178619749072267,0.2524562112351339,46,,,,,,,,,,,,,,,,,,,,TimePro,,,,,,,,,,,,,,,,,,,,,,,,,,,,,,,,,,,,,,,,,,,,,,,,,,,,,,,,,,,
summary/timepro_five_seed_runs.csv,ETTm2,336,0.34600727935710557,0.3080357600960941,42,,,,,,,,,,,,,,,,,,,,LatentFlow,,,,,,,,,,,,,,,,,,,,,,,,,,,,,,,,,,,,,,,,,,,,,,,,,,,,,,,,,,,
summary/timepro_five_seed_runs.csv,ETTm2,336,0.3519572388440343,0.31552059316420955,42,,,,,,,,,,,,,,,,,,,,TimePro,,,,,,,,,,,,,,,,,,,,,,,,,,,,,,,,,,,,,,,,,,,,,,,,,,,,,,,,,,,
summary/timepro_five_seed_runs.csv,ETTm2,336,0.34588291606166616,0.30786420258596997,43,,,,,,,,,,,,,,,,,,,,LatentFlow,,,,,,,,,,,,,,,,,,,,,,,,,,,,,,,,,,,,,,,,,,,,,,,,,,,,,,,,,,,
summary/timepro_five_seed_runs.csv,ETTm2,336,0.3529049665207155,0.31642616266427614,43,,,,,,,,,,,,,,,,,,,,TimePro,,,,,,,,,,,,,,,,,,,,,,,,,,,,,,,,,,,,,,,,,,,,,,,,,,,,,,,,,,,
summary/timepro_five_seed_runs.csv,ETTm2,336,0.34424359451627157,0.30633467707777917,44,,,,,,,,,,,,,,,,,,,,LatentFlow,,,,,,,,,,,,,,,,,,,,,,,,,,,,,,,,,,,,,,,,,,,,,,,,,,,,,,,,,,,
summary/timepro_five_seed_runs.csv,ETTm2,336,0.3527085157818425,0.316607896494386,44,,,,,,,,,,,,,,,,,,,,TimePro,,,,,,,,,,,,,,,,,,,,,,,,,,,,,,,,,,,,,,,,,,,,,,,,,,,,,,,,,,,
summary/timepro_five_seed_runs.csv,ETTm2,336,0.3465300689572259,0.3098278057550611,45,,,,,,,,,,,,,,,,,,,,LatentFlow,,,,,,,,,,,,,,,,,,,,,,,,,,,,,,,,,,,,,,,,,,,,,,,,,,,,,,,,,,,
summary/timepro_five_seed_runs.csv,ETTm2,336,0.35358106836996656,0.31718909311889226,45,,,,,,,,,,,,,,,,,,,,TimePro,,,,,,,,,,,,,,,,,,,,,,,,,,,,,,,,,,,,,,,,,,,,,,,,,,,,,,,,,,,
summary/timepro_five_seed_runs.csv,ETTm2,336,0.34648394825235657,0.30777939181879294,46,,,,,,,,,,,,,,,,,,,,LatentFlow,,,,,,,,,,,,,,,,,,,,,,,,,,,,,,,,,,,,,,,,,,,,,,,,,,,,,,,,,,,
summary/timepro_five_seed_runs.csv,ETTm2,336,0.35349176982877445,0.31702243359623195,46,,,,,,,,,,,,,,,,,,,,TimePro,,,,,,,,,,,,,,,,,,,,,,,,,,,,,,,,,,,,,,,,,,,,,,,,,,,,,,,,,,,
summary/timepro_five_seed_runs.csv,ETTm2,720,0.4080426387217376,0.4151268912819473,42,,,,,,,,,,,,,,,,,,,,LatentFlow,,,,,,,,,,,,,,,,,,,,,,,,,,,,,,,,,,,,,,,,,,,,,,,,,,,,,,,,,,,
summary/timepro_five_seed_runs.csv,ETTm2,720,0.40756027753557567,0.4170459548888955,42,,,,,,,,,,,,,,,,,,,,TimePro,,,,,,,,,,,,,,,,,,,,,,,,,,,,,,,,,,,,,,,,,,,,,,,,,,,,,,,,,,,
summary/timepro_five_seed_runs.csv,ETTm2,720,0.40400258907469067,0.411601239391644,43,,,,,,,,,,,,,,,,,,,,LatentFlow,,,,,,,,,,,,,,,,,,,,,,,,,,,,,,,,,,,,,,,,,,,,,,,,,,,,,,,,,,,
summary/timepro_five_seed_runs.csv,ETTm2,720,0.40898080820482735,0.4196525841149401,43,,,,,,,,,,,,,,,,,,,,TimePro,,,,,,,,,,,,,,,,,,,,,,,,,,,,,,,,,,,,,,,,,,,,,,,,,,,,,,,,,,,
summary/timepro_five_seed_runs.csv,ETTm2,720,0.40942025808729854,0.4240582069528165,44,,,,,,,,,,,,,,,,,,,,LatentFlow,,,,,,,,,,,,,,,,,,,,,,,,,,,,,,,,,,,,,,,,,,,,,,,,,,,,,,,,,,,
summary/timepro_five_seed_runs.csv,ETTm2,720,0.40710561113352234,0.4165117396345766,44,,,,,,,,,,,,,,,,,,,,TimePro,,,,,,,,,,,,,,,,,,,,,,,,,,,,,,,,,,,,,,,,,,,,,,,,,,,,,,,,,,,
summary/timepro_five_seed_runs.csv,ETTm2,720,0.4060159077251933,0.41532443879473396,45,,,,,,,,,,,,,,,,,,,,LatentFlow,,,,,,,,,,,,,,,,,,,,,,,,,,,,,,,,,,,,,,,,,,,,,,,,,,,,,,,,,,,
summary/timepro_five_seed_runs.csv,ETTm2,720,0.40851862837461805,0.41827351173319044,45,,,,,,,,,,,,,,,,,,,,TimePro,,,,,,,,,,,,,,,,,,,,,,,,,,,,,,,,,,,,,,,,,,,,,,,,,,,,,,,,,,,
summary/timepro_five_seed_runs.csv,ETTm2,720,0.40494165511476077,0.41341775118483637,46,,,,,,,,,,,,,,,,,,,,LatentFlow,,,,,,,,,,,,,,,,,,,,,,,,,,,,,,,,,,,,,,,,,,,,,,,,,,,,,,,,,,,
summary/timepro_five_seed_runs.csv,ETTm2,720,0.4078305139384559,0.4172627547843358,46,,,,,,,,,,,,,,,,,,,,TimePro,,,,,,,,,,,,,,,,,,,,,,,,,,,,,,,,,,,,,,,,,,,,,,,,,,,,,,,,,,,
summary/timepro_five_seed_runs.csv,Weather,96,0.21390171667402463,0.16728448753957223,42,,,,,,,,,,,,,,,,,,,,LatentFlow,,,,,,,,,,,,,,,,,,,,,,,,,,,,,,,,,,,,,,,,,,,,,,,,,,,,,,,,,,,
summary/timepro_five_seed_runs.csv,Weather,96,0.2212649731216953,0.17898738217924293,42,,,,,,,,,,,,,,,,,,,,TimePro,,,,,,,,,,,,,,,,,,,,,,,,,,,,,,,,,,,,,,,,,,,,,,,,,,,,,,,,,,,
summary/timepro_five_seed_runs.csv,Weather,96,0.2135363554876087,0.16748385235432967,43,,,,,,,,,,,,,,,,,,,,LatentFlow,,,,,,,,,,,,,,,,,,,,,,,,,,,,,,,,,,,,,,,,,,,,,,,,,,,,,,,,,,,
summary/timepro_five_seed_runs.csv,Weather,96,0.22159088381026598,0.17986155554318314,43,,,,,,,,,,,,,,,,,,,,TimePro,,,,,,,,,,,,,,,,,,,,,,,,,,,,,,,,,,,,,,,,,,,,,,,,,,,,,,,,,,,
summary/timepro_five_seed_runs.csv,Weather,96,0.21244098584170623,0.16576364421081438,44,,,,,,,,,,,,,,,,,,,,LatentFlow,,,,,,,,,,,,,,,,,,,,,,,,,,,,,,,,,,,,,,,,,,,,,,,,,,,,,,,,,,,
summary/timepro_five_seed_runs.csv,Weather,96,0.22121463023663432,0.17925308326263742,44,,,,,,,,,,,,,,,,,,,,TimePro,,,,,,,,,,,,,,,,,,,,,,,,,,,,,,,,,,,,,,,,,,,,,,,,,,,,,,,,,,,
summary/timepro_five_seed_runs.csv,Weather,96,0.2133187449723805,0.16644158285842253,45,,,,,,,,,,,,,,,,,,,,LatentFlow,,,,,,,,,,,,,,,,,,,,,,,,,,,,,,,,,,,,,,,,,,,,,,,,,,,,,,,,,,,
summary/timepro_five_seed_runs.csv,Weather,96,0.22011493676281615,0.1773832909877386,45,,,,,,,,,,,,,,,,,,,,TimePro,,,,,,,,,,,,,,,,,,,,,,,,,,,,,,,,,,,,,,,,,,,,,,,,,,,,,,,,,,,
summary/timepro_five_seed_runs.csv,Weather,96,0.2104491648021511,0.16420154691678182,46,,,,,,,,,,,,,,,,,,,,LatentFlow,,,,,,,,,,,,,,,,,,,,,,,,,,,,,,,,,,,,,,,,,,,,,,,,,,,,,,,,,,,
summary/timepro_five_seed_runs.csv,Weather,96,0.22173827044651717,0.17997344547746424,46,,,,,,,,,,,,,,,,,,,,TimePro,,,,,,,,,,,,,,,,,,,,,,,,,,,,,,,,,,,,,,,,,,,,,,,,,,,,,,,,,,,
summary/timepro_five_seed_runs.csv,Weather,192,0.2551927824683744,0.21354596359925804,42,,,,,,,,,,,,,,,,,,,,LatentFlow,,,,,,,,,,,,,,,,,,,,,,,,,,,,,,,,,,,,,,,,,,,,,,,,,,,,,,,,,,,
summary/timepro_five_seed_runs.csv,Weather,192,0.2650676060335634,0.2326213336062835,42,,,,,,,,,,,,,,,,,,,,TimePro,,,,,,,,,,,,,,,,,,,,,,,,,,,,,,,,,,,,,,,,,,,,,,,,,,,,,,,,,,,
summary/timepro_five_seed_runs.csv,Weather,192,0.2543178559677759,0.21328350694861964,43,,,,,,,,,,,,,,,,,,,,LatentFlow,,,,,,,,,,,,,,,,,,,,,,,,,,,,,,,,,,,,,,,,,,,,,,,,,,,,,,,,,,,
summary/timepro_five_seed_runs.csv,Weather,192,0.26477165650393825,0.23228141198023702,43,,,,,,,,,,,,,,,,,,,,TimePro,,,,,,,,,,,,,,,,,,,,,,,,,,,,,,,,,,,,,,,,,,,,,,,,,,,,,,,,,,,
summary/timepro_five_seed_runs.csv,Weather,192,0.2578295327054666,0.21451243150107824,44,,,,,,,,,,,,,,,,,,,,LatentFlow,,,,,,,,,,,,,,,,,,,,,,,,,,,,,,,,,,,,,,,,,,,,,,,,,,,,,,,,,,,
summary/timepro_five_seed_runs.csv,Weather,192,0.2661880190954443,0.23410416287744998,44,,,,,,,,,,,,,,,,,,,,TimePro,,,,,,,,,,,,,,,,,,,,,,,,,,,,,,,,,,,,,,,,,,,,,,,,,,,,,,,,,,,
summary/timepro_five_seed_runs.csv,Weather,192,0.2582373794013568,0.21670704516821218,45,,,,,,,,,,,,,,,,,,,,LatentFlow,,,,,,,,,,,,,,,,,,,,,,,,,,,,,,,,,,,,,,,,,,,,,,,,,,,,,,,,,,,
summary/timepro_five_seed_runs.csv,Weather,192,0.2654807488635162,0.23323748291043334,45,,,,,,,,,,,,,,,,,,,,TimePro,,,,,,,,,,,,,,,,,,,,,,,,,,,,,,,,,,,,,,,,,,,,,,,,,,,,,,,,,,,
summary/timepro_five_seed_runs.csv,Weather,192,0.25552453894657057,0.21526644318518767,46,,,,,,,,,,,,,,,,,,,,LatentFlow,,,,,,,,,,,,,,,,,,,,,,,,,,,,,,,,,,,,,,,,,,,,,,,,,,,,,,,,,,,
summary/timepro_five_seed_runs.csv,Weather,192,0.26522157997409956,0.23287167219648344,46,,,,,,,,,,,,,,,,,,,,TimePro,,,,,,,,,,,,,,,,,,,,,,,,,,,,,,,,,,,,,,,,,,,,,,,,,,,,,,,,,,,
summary/timepro_five_seed_runs.csv,Weather,336,0.2985933936166014,0.27262603924511813,42,,,,,,,,,,,,,,,,,,,,LatentFlow,,,,,,,,,,,,,,,,,,,,,,,,,,,,,,,,,,,,,,,,,,,,,,,,,,,,,,,,,,,
summary/timepro_five_seed_runs.csv,Weather,336,0.30177767659764787,0.28428064579385337,42,,,,,,,,,,,,,,,,,,,,TimePro,,,,,,,,,,,,,,,,,,,,,,,,,,,,,,,,,,,,,,,,,,,,,,,,,,,,,,,,,,,
summary/timepro_five_seed_runs.csv,Weather,336,0.2996672418216085,0.27418203388984486,43,,,,,,,,,,,,,,,,,,,,LatentFlow,,,,,,,,,,,,,,,,,,,,,,,,,,,,,,,,,,,,,,,,,,,,,,,,,,,,,,,,,,,
summary/timepro_five_seed_runs.csv,Weather,336,0.30257225097354085,0.28530035930392567,43,,,,,,,,,,,,,,,,,,,,TimePro,,,,,,,,,,,,,,,,,,,,,,,,,,,,,,,,,,,,,,,,,,,,,,,,,,,,,,,,,,,
summary/timepro_five_seed_runs.csv,Weather,336,0.2991313967099949,0.27397567632948405,44,,,,,,,,,,,,,,,,,,,,LatentFlow,,,,,,,,,,,,,,,,,,,,,,,,,,,,,,,,,,,,,,,,,,,,,,,,,,,,,,,,,,,
summary/timepro_five_seed_runs.csv,Weather,336,0.3028554935481154,0.28540834920506025,44,,,,,,,,,,,,,,,,,,,,TimePro,,,,,,,,,,,,,,,,,,,,,,,,,,,,,,,,,,,,,,,,,,,,,,,,,,,,,,,,,,,
summary/timepro_five_seed_runs.csv,Weather,336,0.30039976187299394,0.2758081530352698,45,,,,,,,,,,,,,,,,,,,,LatentFlow,,,,,,,,,,,,,,,,,,,,,,,,,,,,,,,,,,,,,,,,,,,,,,,,,,,,,,,,,,,
summary/timepro_five_seed_runs.csv,Weather,336,0.30269573581802117,0.2849322217277572,45,,,,,,,,,,,,,,,,,,,,TimePro,,,,,,,,,,,,,,,,,,,,,,,,,,,,,,,,,,,,,,,,,,,,,,,,,,,,,,,,,,,
summary/timepro_five_seed_runs.csv,Weather,336,0.2993747248674269,0.2755132657771087,46,,,,,,,,,,,,,,,,,,,,LatentFlow,,,,,,,,,,,,,,,,,,,,,,,,,,,,,,,,,,,,,,,,,,,,,,,,,,,,,,,,,,,
summary/timepro_five_seed_runs.csv,Weather,336,0.30224041028798726,0.28483619273202043,46,,,,,,,,,,,,,,,,,,,,TimePro,,,,,,,,,,,,,,,,,,,,,,,,,,,,,,,,,,,,,,,,,,,,,,,,,,,,,,,,,,,
summary/timepro_five_seed_runs.csv,Weather,720,0.3532897798650574,0.35555996850853744,42,,,,,,,,,,,,,,,,,,,,LatentFlow,,,,,,,,,,,,,,,,,,,,,,,,,,,,,,,,,,,,,,,,,,,,,,,,,,,,,,,,,,,
summary/timepro_five_seed_runs.csv,Weather,720,0.35272248753893437,0.36088408244914494,42,,,,,,,,,,,,,,,,,,,,TimePro,,,,,,,,,,,,,,,,,,,,,,,,,,,,,,,,,,,,,,,,,,,,,,,,,,,,,,,,,,,
summary/timepro_five_seed_runs.csv,Weather,720,0.3480680971487005,0.35034044455641483,43,,,,,,,,,,,,,,,,,,,,LatentFlow,,,,,,,,,,,,,,,,,,,,,,,,,,,,,,,,,,,,,,,,,,,,,,,,,,,,,,,,,,,
summary/timepro_five_seed_runs.csv,Weather,720,0.3524602035243693,0.3607094251013024,43,,,,,,,,,,,,,,,,,,,,TimePro,,,,,,,,,,,,,,,,,,,,,,,,,,,,,,,,,,,,,,,,,,,,,,,,,,,,,,,,,,,
summary/timepro_five_seed_runs.csv,Weather,720,0.3492251244364064,0.35101765657013184,44,,,,,,,,,,,,,,,,,,,,LatentFlow,,,,,,,,,,,,,,,,,,,,,,,,,,,,,,,,,,,,,,,,,,,,,,,,,,,,,,,,,,,
summary/timepro_five_seed_runs.csv,Weather,720,0.3523141194456667,0.36056855381845954,44,,,,,,,,,,,,,,,,,,,,TimePro,,,,,,,,,,,,,,,,,,,,,,,,,,,,,,,,,,,,,,,,,,,,,,,,,,,,,,,,,,,
summary/timepro_five_seed_runs.csv,Weather,720,0.3494161614447048,0.3522480572984346,45,,,,,,,,,,,,,,,,,,,,LatentFlow,,,,,,,,,,,,,,,,,,,,,,,,,,,,,,,,,,,,,,,,,,,,,,,,,,,,,,,,,,,
summary/timepro_five_seed_runs.csv,Weather,720,0.3524612494980421,0.3605947601124699,45,,,,,,,,,,,,,,,,,,,,TimePro,,,,,,,,,,,,,,,,,,,,,,,,,,,,,,,,,,,,,,,,,,,,,,,,,,,,,,,,,,,
summary/timepro_five_seed_runs.csv,Weather,720,0.3494759547998711,0.35224466667015586,46,,,,,,,,,,,,,,,,,,,,LatentFlow,,,,,,,,,,,,,,,,,,,,,,,,,,,,,,,,,,,,,,,,,,,,,,,,,,,,,,,,,,,
summary/timepro_five_seed_runs.csv,Weather,720,0.3528543372528141,0.36114117694853787,46,,,,,,,,,,,,,,,,,,,,TimePro,,,,,,,,,,,,,,,,,,,,,,,,,,,,,,,,,,,,,,,,,,,,,,,,,,,,,,,,,,,
summary/timepro_five_seed_runs.csv,Electricity,96,0.2508596638764409,0.15570696800612818,42,,,,,,,,,,,,,,,,,,,,LatentFlow,,,,,,,,,,,,,,,,,,,,,,,,,,,,,,,,,,,,,,,,,,,,,,,,,,,,,,,,,,,
summary/timepro_five_seed_runs.csv,Electricity,96,0.24881143273413056,0.15639527165138026,42,,,,,,,,,,,,,,,,,,,,TimePro,,,,,,,,,,,,,,,,,,,,,,,,,,,,,,,,,,,,,,,,,,,,,,,,,,,,,,,,,,,
summary/timepro_five_seed_runs.csv,Electricity,96,0.25180967333746596,0.15713535401457257,43,,,,,,,,,,,,,,,,,,,,LatentFlow,,,,,,,,,,,,,,,,,,,,,,,,,,,,,,,,,,,,,,,,,,,,,,,,,,,,,,,,,,,
summary/timepro_five_seed_runs.csv,Electricity,96,0.24858665995026563,0.15640738746760688,43,,,,,,,,,,,,,,,,,,,,TimePro,,,,,,,,,,,,,,,,,,,,,,,,,,,,,,,,,,,,,,,,,,,,,,,,,,,,,,,,,,,
summary/timepro_five_seed_runs.csv,Electricity,96,0.2508139978174621,0.15581252207241159,44,,,,,,,,,,,,,,,,,,,,LatentFlow,,,,,,,,,,,,,,,,,,,,,,,,,,,,,,,,,,,,,,,,,,,,,,,,,,,,,,,,,,,
summary/timepro_five_seed_runs.csv,Electricity,96,0.24890118252988427,0.15666582196466924,44,,,,,,,,,,,,,,,,,,,,TimePro,,,,,,,,,,,,,,,,,,,,,,,,,,,,,,,,,,,,,,,,,,,,,,,,,,,,,,,,,,,
summary/timepro_five_seed_runs.csv,Electricity,96,0.25239620311076083,0.1579665403845659,45,,,,,,,,,,,,,,,,,,,,LatentFlow,,,,,,,,,,,,,,,,,,,,,,,,,,,,,,,,,,,,,,,,,,,,,,,,,,,,,,,,,,,
summary/timepro_five_seed_runs.csv,Electricity,96,0.24908326498513936,0.1563557956826901,45,,,,,,,,,,,,,,,,,,,,TimePro,,,,,,,,,,,,,,,,,,,,,,,,,,,,,,,,,,,,,,,,,,,,,,,,,,,,,,,,,,,
summary/timepro_five_seed_runs.csv,Electricity,96,0.2511194333509155,0.156195225551409,46,,,,,,,,,,,,,,,,,,,,LatentFlow,,,,,,,,,,,,,,,,,,,,,,,,,,,,,,,,,,,,,,,,,,,,,,,,,,,,,,,,,,,
summary/timepro_five_seed_runs.csv,Electricity,96,0.24760149622511338,0.15579265191202438,46,,,,,,,,,,,,,,,,,,,,TimePro,,,,,,,,,,,,,,,,,,,,,,,,,,,,,,,,,,,,,,,,,,,,,,,,,,,,,,,,,,,
summary/timepro_five_seed_runs.csv,Electricity,192,0.26124667811432056,0.16815630626409142,42,,,,,,,,,,,,,,,,,,,,LatentFlow,,,,,,,,,,,,,,,,,,,,,,,,,,,,,,,,,,,,,,,,,,,,,,,,,,,,,,,,,,,
summary/timepro_five_seed_runs.csv,Electricity,192,0.25917625441658504,0.16874314580679559,42,,,,,,,,,,,,,,,,,,,,TimePro,,,,,,,,,,,,,,,,,,,,,,,,,,,,,,,,,,,,,,,,,,,,,,,,,,,,,,,,,,,
summary/timepro_five_seed_runs.csv,Electricity,192,0.2635374277582527,0.17135636828394213,43,,,,,,,,,,,,,,,,,,,,LatentFlow,,,,,,,,,,,,,,,,,,,,,,,,,,,,,,,,,,,,,,,,,,,,,,,,,,,,,,,,,,,
summary/timepro_five_seed_runs.csv,Electricity,192,0.25973627191945187,0.1694357225806307,43,,,,,,,,,,,,,,,,,,,,TimePro,,,,,,,,,,,,,,,,,,,,,,,,,,,,,,,,,,,,,,,,,,,,,,,,,,,,,,,,,,,
summary/timepro_five_seed_runs.csv,Electricity,192,0.26344067830166146,0.17008842271942068,44,,,,,,,,,,,,,,,,,,,,LatentFlow,,,,,,,,,,,,,,,,,,,,,,,,,,,,,,,,,,,,,,,,,,,,,,,,,,,,,,,,,,,
summary/timepro_five_seed_runs.csv,Electricity,192,0.26023904569334927,0.16967698801067546,44,,,,,,,,,,,,,,,,,,,,TimePro,,,,,,,,,,,,,,,,,,,,,,,,,,,,,,,,,,,,,,,,,,,,,,,,,,,,,,,,,,,
summary/timepro_five_seed_runs.csv,Electricity,192,0.26411917792891787,0.17108092049020457,45,,,,,,,,,,,,,,,,,,,,LatentFlow,,,,,,,,,,,,,,,,,,,,,,,,,,,,,,,,,,,,,,,,,,,,,,,,,,,,,,,,,,,
summary/timepro_five_seed_runs.csv,Electricity,192,0.260259470661259,0.16971306606926068,45,,,,,,,,,,,,,,,,,,,,TimePro,,,,,,,,,,,,,,,,,,,,,,,,,,,,,,,,,,,,,,,,,,,,,,,,,,,,,,,,,,,
summary/timepro_five_seed_runs.csv,Electricity,192,0.26171679721166136,0.16918815544271146,46,,,,,,,,,,,,,,,,,,,,LatentFlow,,,,,,,,,,,,,,,,,,,,,,,,,,,,,,,,,,,,,,,,,,,,,,,,,,,,,,,,,,,
summary/timepro_five_seed_runs.csv,Electricity,192,0.2591270693375599,0.16887992229366794,46,,,,,,,,,,,,,,,,,,,,TimePro,,,,,,,,,,,,,,,,,,,,,,,,,,,,,,,,,,,,,,,,,,,,,,,,,,,,,,,,,,,
summary/timepro_five_seed_runs.csv,Electricity,336,0.2815852144186746,0.18853918673404638,42,,,,,,,,,,,,,,,,,,,,LatentFlow,,,,,,,,,,,,,,,,,,,,,,,,,,,,,,,,,,,,,,,,,,,,,,,,,,,,,,,,,,,
summary/timepro_five_seed_runs.csv,Electricity,336,0.2769026703880042,0.18619556606506169,42,,,,,,,,,,,,,,,,,,,,TimePro,,,,,,,,,,,,,,,,,,,,,,,,,,,,,,,,,,,,,,,,,,,,,,,,,,,,,,,,,,,
summary/timepro_five_seed_runs.csv,Electricity,336,0.2812145097940341,0.1885600741318635,43,,,,,,,,,,,,,,,,,,,,LatentFlow,,,,,,,,,,,,,,,,,,,,,,,,,,,,,,,,,,,,,,,,,,,,,,,,,,,,,,,,,,,
summary/timepro_five_seed_runs.csv,Electricity,336,0.2781982870970633,0.1876079432355192,43,,,,,,,,,,,,,,,,,,,,TimePro,,,,,,,,,,,,,,,,,,,,,,,,,,,,,,,,,,,,,,,,,,,,,,,,,,,,,,,,,,,
summary/timepro_five_seed_runs.csv,Electricity,336,0.2786012430289432,0.1852753420112633,44,,,,,,,,,,,,,,,,,,,,LatentFlow,,,,,,,,,,,,,,,,,,,,,,,,,,,,,,,,,,,,,,,,,,,,,,,,,,,,,,,,,,,
summary/timepro_five_seed_runs.csv,Electricity,336,0.27810343770248624,0.1873251970944162,44,,,,,,,,,,,,,,,,,,,,TimePro,,,,,,,,,,,,,,,,,,,,,,,,,,,,,,,,,,,,,,,,,,,,,,,,,,,,,,,,,,,
summary/timepro_five_seed_runs.csv,Electricity,336,0.28011170114927947,0.18787994826900992,45,,,,,,,,,,,,,,,,,,,,LatentFlow,,,,,,,,,,,,,,,,,,,,,,,,,,,,,,,,,,,,,,,,,,,,,,,,,,,,,,,,,,,
summary/timepro_five_seed_runs.csv,Electricity,336,0.27756876610487885,0.18714081345994824,45,,,,,,,,,,,,,,,,,,,,TimePro,,,,,,,,,,,,,,,,,,,,,,,,,,,,,,,,,,,,,,,,,,,,,,,,,,,,,,,,,,,
summary/timepro_five_seed_runs.csv,Electricity,336,0.2782694804756646,0.1853711764685714,46,,,,,,,,,,,,,,,,,,,,LatentFlow,,,,,,,,,,,,,,,,,,,,,,,,,,,,,,,,,,,,,,,,,,,,,,,,,,,,,,,,,,,
summary/timepro_five_seed_runs.csv,Electricity,336,0.27838691787733494,0.18770431084457853,46,,,,,,,,,,,,,,,,,,,,TimePro,,,,,,,,,,,,,,,,,,,,,,,,,,,,,,,,,,,,,,,,,,,,,,,,,,,,,,,,,,,
summary/timepro_five_seed_runs.csv,Electricity,720,0.3067955012720217,0.21688893757710398,42,,,,,,,,,,,,,,,,,,,,LatentFlow,,,,,,,,,,,,,,,,,,,,,,,,,,,,,,,,,,,,,,,,,,,,,,,,,,,,,,,,,,,
summary/timepro_five_seed_runs.csv,Electricity,720,0.3182204044010782,0.23569094571988525,42,,,,,,,,,,,,,,,,,,,,TimePro,,,,,,,,,,,,,,,,,,,,,,,,,,,,,,,,,,,,,,,,,,,,,,,,,,,,,,,,,,,
summary/timepro_five_seed_runs.csv,Electricity,720,0.30972592475459204,0.22361917824319316,43,,,,,,,,,,,,,,,,,,,,LatentFlow,,,,,,,,,,,,,,,,,,,,,,,,,,,,,,,,,,,,,,,,,,,,,,,,,,,,,,,,,,,
summary/timepro_five_seed_runs.csv,Electricity,720,0.3150234092726272,0.23326369953375983,43,,,,,,,,,,,,,,,,,,,,TimePro,,,,,,,,,,,,,,,,,,,,,,,,,,,,,,,,,,,,,,,,,,,,,,,,,,,,,,,,,,,
summary/timepro_five_seed_runs.csv,Electricity,720,0.3073082810152213,0.2199037071369894,44,,,,,,,,,,,,,,,,,,,,LatentFlow,,,,,,,,,,,,,,,,,,,,,,,,,,,,,,,,,,,,,,,,,,,,,,,,,,,,,,,,,,,
summary/timepro_five_seed_runs.csv,Electricity,720,0.31487620454410215,0.23287032094225893,44,,,,,,,,,,,,,,,,,,,,TimePro,,,,,,,,,,,,,,,,,,,,,,,,,,,,,,,,,,,,,,,,,,,,,,,,,,,,,,,,,,,
summary/timepro_five_seed_runs.csv,Electricity,720,0.3111675658865609,0.2234869616835649,45,,,,,,,,,,,,,,,,,,,,LatentFlow,,,,,,,,,,,,,,,,,,,,,,,,,,,,,,,,,,,,,,,,,,,,,,,,,,,,,,,,,,,
summary/timepro_five_seed_runs.csv,Electricity,720,0.31514574459994005,0.23297617265290307,45,,,,,,,,,,,,,,,,,,,,TimePro,,,,,,,,,,,,,,,,,,,,,,,,,,,,,,,,,,,,,,,,,,,,,,,,,,,,,,,,,,,
summary/timepro_five_seed_runs.csv,Electricity,720,0.31057534523503805,0.22447017472368186,46,,,,,,,,,,,,,,,,,,,,LatentFlow,,,,,,,,,,,,,,,,,,,,,,,,,,,,,,,,,,,,,,,,,,,,,,,,,,,,,,,,,,,
summary/timepro_five_seed_runs.csv,Electricity,720,0.3171624828129758,0.23574221806611195,46,,,,,,,,,,,,,,,,,,,,TimePro,,,,,,,,,,,,,,,,,,,,,,,,,,,,,,,,,,,,,,,,,,,,,,,,,,,,,,,,,,,
summary/timepro_five_seed_runs.csv,Traffic,96,0.2922119657591534,0.43147983364527814,42,,,,,,,,,,,,,,,,,,,,LatentFlow,,,,,,,,,,,,,,,,,,,,,,,,,,,,,,,,,,,,,,,,,,,,,,,,,,,,,,,,,,,
summary/timepro_five_seed_runs.csv,Traffic,96,0.29054548423009013,0.43464174585753557,42,,,,,,,,,,,,,,,,,,,,TimePro,,,,,,,,,,,,,,,,,,,,,,,,,,,,,,,,,,,,,,,,,,,,,,,,,,,,,,,,,,,
summary/timepro_five_seed_runs.csv,Traffic,96,0.29427307107964956,0.4364217044297948,43,,,,,,,,,,,,,,,,,,,,LatentFlow,,,,,,,,,,,,,,,,,,,,,,,,,,,,,,,,,,,,,,,,,,,,,,,,,,,,,,,,,,,
summary/timepro_five_seed_runs.csv,Traffic,96,0.2910613484230413,0.4353074051123463,43,,,,,,,,,,,,,,,,,,,,TimePro,,,,,,,,,,,,,,,,,,,,,,,,,,,,,,,,,,,,,,,,,,,,,,,,,,,,,,,,,,,
summary/timepro_five_seed_runs.csv,Traffic,96,0.29474155862099277,0.43269573674983036,44,,,,,,,,,,,,,,,,,,,,LatentFlow,,,,,,,,,,,,,,,,,,,,,,,,,,,,,,,,,,,,,,,,,,,,,,,,,,,,,,,,,,,
summary/timepro_five_seed_runs.csv,Traffic,96,0.2914213509794989,0.4357112119710792,44,,,,,,,,,,,,,,,,,,,,TimePro,,,,,,,,,,,,,,,,,,,,,,,,,,,,,,,,,,,,,,,,,,,,,,,,,,,,,,,,,,,
summary/timepro_five_seed_runs.csv,Traffic,96,0.2966698663522413,0.4405515763489529,45,,,,,,,,,,,,,,,,,,,,LatentFlow,,,,,,,,,,,,,,,,,,,,,,,,,,,,,,,,,,,,,,,,,,,,,,,,,,,,,,,,,,,
summary/timepro_five_seed_runs.csv,Traffic,96,0.29163566144672676,0.43663733650676256,45,,,,,,,,,,,,,,,,,,,,TimePro,,,,,,,,,,,,,,,,,,,,,,,,,,,,,,,,,,,,,,,,,,,,,,,,,,,,,,,,,,,
summary/timepro_five_seed_runs.csv,Traffic,96,0.2930334983996972,0.434119454250074,46,,,,,,,,,,,,,,,,,,,,LatentFlow,,,,,,,,,,,,,,,,,,,,,,,,,,,,,,,,,,,,,,,,,,,,,,,,,,,,,,,,,,,
summary/timepro_five_seed_runs.csv,Traffic,96,0.29157106277380757,0.43517785920113117,46,,,,,,,,,,,,,,,,,,,,TimePro,,,,,,,,,,,,,,,,,,,,,,,,,,,,,,,,,,,,,,,,,,,,,,,,,,,,,,,,,,,
summary/timepro_five_seed_runs.csv,Traffic,192,0.2996243785765195,0.45163088284431097,42,,,,,,,,,,,,,,,,,,,,LatentFlow,,,,,,,,,,,,,,,,,,,,,,,,,,,,,,,,,,,,,,,,,,,,,,,,,,,,,,,,,,,
summary/timepro_five_seed_runs.csv,Traffic,192,0.2954379715990039,0.4490257180179623,42,,,,,,,,,,,,,,,,,,,,TimePro,,,,,,,,,,,,,,,,,,,,,,,,,,,,,,,,,,,,,,,,,,,,,,,,,,,,,,,,,,,
summary/timepro_five_seed_runs.csv,Traffic,192,0.29695253036295993,0.44952500596177614,43,,,,,,,,,,,,,,,,,,,,LatentFlow,,,,,,,,,,,,,,,,,,,,,,,,,,,,,,,,,,,,,,,,,,,,,,,,,,,,,,,,,,,
summary/timepro_five_seed_runs.csv,Traffic,192,0.29524936200111246,0.44958255905087535,43,,,,,,,,,,,,,,,,,,,,TimePro,,,,,,,,,,,,,,,,,,,,,,,,,,,,,,,,,,,,,,,,,,,,,,,,,,,,,,,,,,,
summary/timepro_five_seed_runs.csv,Traffic,192,0.29846839764880734,0.4494369994875605,44,,,,,,,,,,,,,,,,,,,,LatentFlow,,,,,,,,,,,,,,,,,,,,,,,,,,,,,,,,,,,,,,,,,,,,,,,,,,,,,,,,,,,
summary/timepro_five_seed_runs.csv,Traffic,192,0.29540392553877665,0.448151151047514,44,,,,,,,,,,,,,,,,,,,,TimePro,,,,,,,,,,,,,,,,,,,,,,,,,,,,,,,,,,,,,,,,,,,,,,,,,,,,,,,,,,,
summary/timepro_five_seed_runs.csv,Traffic,192,0.2972674751581343,0.4540958267583308,45,,,,,,,,,,,,,,,,,,,,LatentFlow,,,,,,,,,,,,,,,,,,,,,,,,,,,,,,,,,,,,,,,,,,,,,,,,,,,,,,,,,,,
summary/timepro_five_seed_runs.csv,Traffic,192,0.2955770780689349,0.44972228746835546,45,,,,,,,,,,,,,,,,,,,,TimePro,,,,,,,,,,,,,,,,,,,,,,,,,,,,,,,,,,,,,,,,,,,,,,,,,,,,,,,,,,,
summary/timepro_five_seed_runs.csv,Traffic,192,0.29519471427321464,0.44701208567089357,46,,,,,,,,,,,,,,,,,,,,LatentFlow,,,,,,,,,,,,,,,,,,,,,,,,,,,,,,,,,,,,,,,,,,,,,,,,,,,,,,,,,,,
summary/timepro_five_seed_runs.csv,Traffic,192,0.29467778028505465,0.44824256960022535,46,,,,,,,,,,,,,,,,,,,,TimePro,,,,,,,,,,,,,,,,,,,,,,,,,,,,,,,,,,,,,,,,,,,,,,,,,,,,,,,,,,,
summary/timepro_five_seed_runs.csv,Traffic,336,0.2988856047073473,0.4595566871458172,42,,,,,,,,,,,,,,,,,,,,LatentFlow,,,,,,,,,,,,,,,,,,,,,,,,,,,,,,,,,,,,,,,,,,,,,,,,,,,,,,,,,,,
summary/timepro_five_seed_runs.csv,Traffic,336,0.3022081405350542,0.46479092033540037,42,,,,,,,,,,,,,,,,,,,,TimePro,,,,,,,,,,,,,,,,,,,,,,,,,,,,,,,,,,,,,,,,,,,,,,,,,,,,,,,,,,,
summary/timepro_five_seed_runs.csv,Traffic,336,0.3046149092424207,0.4667781006669229,43,,,,,,,,,,,,,,,,,,,,LatentFlow,,,,,,,,,,,,,,,,,,,,,,,,,,,,,,,,,,,,,,,,,,,,,,,,,,,,,,,,,,,
summary/timepro_five_seed_runs.csv,Traffic,336,0.302756251117356,0.4657739473242505,43,,,,,,,,,,,,,,,,,,,,TimePro,,,,,,,,,,,,,,,,,,,,,,,,,,,,,,,,,,,,,,,,,,,,,,,,,,,,,,,,,,,
summary/timepro_five_seed_runs.csv,Traffic,336,0.30064818568031376,0.4621851543000643,44,,,,,,,,,,,,,,,,,,,,LatentFlow,,,,,,,,,,,,,,,,,,,,,,,,,,,,,,,,,,,,,,,,,,,,,,,,,,,,,,,,,,,
summary/timepro_five_seed_runs.csv,Traffic,336,0.3034342889608709,0.46658331897897914,44,,,,,,,,,,,,,,,,,,,,TimePro,,,,,,,,,,,,,,,,,,,,,,,,,,,,,,,,,,,,,,,,,,,,,,,,,,,,,,,,,,,
summary/timepro_five_seed_runs.csv,Traffic,336,0.3005735490874328,0.46749236432634145,45,,,,,,,,,,,,,,,,,,,,LatentFlow,,,,,,,,,,,,,,,,,,,,,,,,,,,,,,,,,,,,,,,,,,,,,,,,,,,,,,,,,,,
summary/timepro_five_seed_runs.csv,Traffic,336,0.30210878522770573,0.46478503902617235,45,,,,,,,,,,,,,,,,,,,,TimePro,,,,,,,,,,,,,,,,,,,,,,,,,,,,,,,,,,,,,,,,,,,,,,,,,,,,,,,,,,,
summary/timepro_five_seed_runs.csv,Traffic,336,0.30272606398524066,0.4604230829338582,46,,,,,,,,,,,,,,,,,,,,LatentFlow,,,,,,,,,,,,,,,,,,,,,,,,,,,,,,,,,,,,,,,,,,,,,,,,,,,,,,,,,,,
summary/timepro_five_seed_runs.csv,Traffic,336,0.3031189863615692,0.4655157694135028,46,,,,,,,,,,,,,,,,,,,,TimePro,,,,,,,,,,,,,,,,,,,,,,,,,,,,,,,,,,,,,,,,,,,,,,,,,,,,,,,,,,,
summary/timepro_five_seed_runs.csv,Traffic,720,0.31807813636845,0.49146881208700643,42,,,,,,,,,,,,,,,,,,,,LatentFlow,,,,,,,,,,,,,,,,,,,,,,,,,,,,,,,,,,,,,,,,,,,,,,,,,,,,,,,,,,,
summary/timepro_five_seed_runs.csv,Traffic,720,0.32249309351148625,0.49770260598414656,42,,,,,,,,,,,,,,,,,,,,TimePro,,,,,,,,,,,,,,,,,,,,,,,,,,,,,,,,,,,,,,,,,,,,,,,,,,,,,,,,,,,
summary/timepro_five_seed_runs.csv,Traffic,720,0.3176904925377131,0.49584779061874296,43,,,,,,,,,,,,,,,,,,,,LatentFlow,,,,,,,,,,,,,,,,,,,,,,,,,,,,,,,,,,,,,,,,,,,,,,,,,,,,,,,,,,,
summary/timepro_five_seed_runs.csv,Traffic,720,0.3230813698099252,0.49790886202442036,43,,,,,,,,,,,,,,,,,,,,TimePro,,,,,,,,,,,,,,,,,,,,,,,,,,,,,,,,,,,,,,,,,,,,,,,,,,,,,,,,,,,
summary/timepro_five_seed_runs.csv,Traffic,720,0.3156007152185296,0.4885315060333116,44,,,,,,,,,,,,,,,,,,,,LatentFlow,,,,,,,,,,,,,,,,,,,,,,,,,,,,,,,,,,,,,,,,,,,,,,,,,,,,,,,,,,,
summary/timepro_five_seed_runs.csv,Traffic,720,0.3216299578377572,0.4962455568007306,44,,,,,,,,,,,,,,,,,,,,TimePro,,,,,,,,,,,,,,,,,,,,,,,,,,,,,,,,,,,,,,,,,,,,,,,,,,,,,,,,,,,
summary/timepro_five_seed_runs.csv,Traffic,720,0.3159814805019984,0.4937812131207309,45,,,,,,,,,,,,,,,,,,,,LatentFlow,,,,,,,,,,,,,,,,,,,,,,,,,,,,,,,,,,,,,,,,,,,,,,,,,,,,,,,,,,,
summary/timepro_five_seed_runs.csv,Traffic,720,0.322651418841731,0.4984189719305595,45,,,,,,,,,,,,,,,,,,,,TimePro,,,,,,,,,,,,,,,,,,,,,,,,,,,,,,,,,,,,,,,,,,,,,,,,,,,,,,,,,,,
summary/timepro_five_seed_runs.csv,Traffic,720,0.31439001826797486,0.48891071282741716,46,,,,,,,,,,,,,,,,,,,,LatentFlow,,,,,,,,,,,,,,,,,,,,,,,,,,,,,,,,,,,,,,,,,,,,,,,,,,,,,,,,,,,
summary/timepro_five_seed_runs.csv,Traffic,720,0.3218579048214259,0.4978689923853986,46,,,,,,,,,,,,,,,,,,,,TimePro,,,,,,,,,,,,,,,,,,,,,,,,,,,,,,,,,,,,,,,,,,,,,,,,,,,,,,,,,,,
summary/vpnet_separator_control.csv,ETTh1,192,0.4634060857062465,0.48580083293273374,42,,,,,,,,,,,,,,675438,,/work/11617/sujato_ts/vista/motion_code-master/physics_modal_v4/additions/results/vpnet_separator_control/checkpoints/ETTh1/h192.pt,,,,VPNet+StochasticSeparator,2689.0,0.6969941412470652,,,,,,,,,,,,,,,,,,,,,,,,,,,,,,,,,,,,,,,1,1.1019245982170105,early stochastic separation followed by matched VPNet; no process-preserving continuation or cross-process exchange,12.236556172800324,7.845814069013315,0.44768580283511344,-1.8183893984748425,40.65721844517611,0.47712484532780347,,,,,,,,,,
summary/vpnet_separator_control.csv,ETTh1,336,0.4668810720978919,0.4915804757275673,42,,,,,,,,,,,,,,675501,,/work/11617/sujato_ts/vista/motion_code-master/physics_modal_v4/additions/results/vpnet_separator_control/checkpoints/ETTh1/h336.pt,,,,VPNet+StochasticSeparator,2545.0,0.7011280023844201,,,,,,,,,,,,,,,,,,,,,,,,,,,,,,,,,,,,,,,5,1.3144751543901405,early stochastic separation followed by matched VPNet; no process-preserving continuation or cross-process exchange,12.160757090896368,2.006277400618524,0.4817180077371921,0.1644875074869291,39.89699964040483,0.49239039641773985,,,,,,,,,,
summary/vpnet_separator_control.csv,ETTh1,720,0.5723909130146732,0.6989772745270598,42,,,,,,,,,,,,,,675669,,/work/11617/sujato_ts/vista/motion_code-master/physics_modal_v4/additions/results/vpnet_separator_control/checkpoints/ETTh1/h720.pt,,,,VPNet+StochasticSeparator,2161.0,0.8360486077537955,,,,,,,,,,,,,,,,,,,,,,,,,,,,,,,,,,,,,,,5,1.6033676170167468,early stochastic separation followed by matched VPNet; no process-preserving continuation or cross-process exchange,11.864933701763764,29.588716909832325,0.49215886750318655,-31.46616993076781,38.726831066412615,0.5316784347601763,,,,,,,,,,
summary/vpnet_separator_control.csv,ETTh1,96,0.4275868592837473,0.41529965765549404,42,,,,,,,,,,,,,,675396,,/work/11617/sujato_ts/vista/motion_code-master/physics_modal_v4/additions/results/vpnet_separator_control/checkpoints/ETTh1/h96.pt,,,,VPNet+StochasticSeparator,2785.0,0.6444374738137859,,,,,,,,,,,,,,,,,,,,,,,,,,,,,,,,,,,,,,,5,0.7929525421488852,early stochastic separation followed by matched VPNet; no process-preserving continuation or cross-process exchange,12.291507892353687,2.907681186479709,0.4032240676423306,7.611005364521763,41.24325335396861,0.44951204339224954,,,,,,,,,,
summary/vpnet_separator_control.csv,ETTh2,192,0.41207129956685046,0.4000921667041207,42,,,,,,,,,,,,,,673862,,/work/11617/sujato_ts/vista/motion_code-master/physics_modal_v4/additions/results/vpnet_separator_control/checkpoints/ETTh2/h192.pt,,,,VPNet+StochasticSeparator,2689.0,0.6325283920142405,,,,,,,,,,,,,,,,,,,,,,,,,,,,,,,,,,,,,,,3,0.2918048713888441,early stochastic separation followed by matched VPNet; no process-preserving continuation or cross-process exchange,12.750788227917102,7.681583475044651,0.36935875294162884,5.174644818345795,40.84090953513927,0.4219253025076211,,,,,,,,,,
summary/vpnet_separator_control.csv,ETTh2,336,0.42928286039884855,0.41296509608052606,42,,,,,,,,,,,,,,673925,,/work/11617/sujato_ts/vista/motion_code-master/physics_modal_v4/additions/results/vpnet_separator_control/checkpoints/ETTh2/h336.pt,,,,VPNet+StochasticSeparator,2545.0,0.6426236037374647,,,,,,,,,,,,,,,,,,,,,,,,,,,,,,,,,,,,,,,7,0.36143947053117814,early stochastic separation followed by matched VPNet; no process-preserving continuation or cross-process exchange,12.888996083808097,-0.6188750345183833,0.4155208339614433,3.4543387905268306,40.58942247502273,0.4277407093256361,,,,,,,,,,
summary/vpnet_separator_control.csv,ETTh2,720,0.46004805660813103,0.4548030806394388,42,,,,,,,,,,,,,,674093,,/work/11617/sujato_ts/vista/motion_code-master/physics_modal_v4/additions/results/vpnet_separator_control/checkpoints/ETTh2/h720.pt,,,,VPNet+StochasticSeparator,2161.0,0.6743908960235442,,,,,,,,,,,,,,,,,,,,,,,,,,,,,,,,,,,,,,,4,0.6213876773440649,early stochastic separation followed by matched VPNet; no process-preserving continuation or cross-process exchange,12.68863358878906,8.046326337770767,0.4182081405769548,-1.2727277125800198,40.57218814172562,0.449087420583956,,,,,,,,,,
summary/vpnet_separator_control.csv,ETTh2,96,0.3595488984961688,0.3137667435850457,42,,,,,,,,,,,,,,673820,,/work/11617/sujato_ts/vista/motion_code-master/physics_modal_v4/additions/results/vpnet_separator_control/checkpoints/ETTh2/h96.pt,,,,VPNet+StochasticSeparator,2785.0,0.5601488584162657,,,,,,,,,,,,,,,,,,,,,,,,,,,,,,,,,,,,,,,3,0.2326004524670896,early stochastic separation followed by matched VPNet; no process-preserving continuation or cross-process exchange,11.565465253987753,6.464058628077893,0.2934846773242975,1.375272870915678,40.03173623884019,0.31814206509729975,,,,,,,,,,
summary/vpnet_separator_control.csv,ETTm1,192,0.4223591633486874,0.4180326523844619,42,,,,,,,,,,,,,,673862,,/work/11617/sujato_ts/vista/motion_code-master/physics_modal_v4/additions/results/vpnet_separator_control/checkpoints/ETTm1/h192.pt,,,,VPNet+StochasticSeparator,11329.0,0.6465544465738844,,,,,,,,,,,,,,,,,,,,,,,,,,,,,,,,,,,,,,,3,0.5630619286426476,early stochastic separation followed by matched VPNet; no process-preserving continuation or cross-process exchange,11.893967878948791,8.775582748582382,0.3813478510583697,-2.02081465351882,38.49642483335932,0.40975231750910496,,,,,,,,,,
summary/vpnet_separator_control.csv,ETTm1,336,0.4532192953620274,0.46850817380030607,42,,,,,,,,,,,,,,673925,,/work/11617/sujato_ts/vista/motion_code-master/physics_modal_v4/additions/results/vpnet_separator_control/checkpoints/ETTm1/h336.pt,,,,VPNet+StochasticSeparator,11185.0,0.6844765692120557,,,,,,,,,,,,,,,,,,,,,,,,,,,,,,,,,,,,,,,3,0.693508658482104,early stochastic separation followed by matched VPNet; no process-preserving continuation or cross-process exchange,11.786548071207324,9.836765221437055,0.4224221247003277,-3.5282661690059873,40.08555890080364,0.45254131179545126,,,,,,,,,,
summary/vpnet_separator_control.csv,ETTm1,720,0.4825670290143037,0.5206044321812524,42,,,,,,,,,,,,,,674093,,/work/11617/sujato_ts/vista/motion_code-master/physics_modal_v4/additions/results/vpnet_separator_control/checkpoints/ETTm1/h720.pt,,,,VPNet+StochasticSeparator,10801.0,0.7215292316886769,,,,,,,,,,,,,,,,,,,,,,,,,,,,,,,,,,,,,,,9,1.0194358208822825,early stochastic separation followed by matched VPNet; no process-preserving continuation or cross-process exchange,12.494662881950442,1.8218696420008618,0.5111196980764312,5.427675330628019,39.0191183952993,0.5504828542613317,,,,,,,,,,
summary/vpnet_separator_control.csv,ETTm1,96,0.3992994757713198,0.3750249840451291,42,,,,,,,,,,,,,,673820,,/work/11617/sujato_ts/vista/motion_code-master/physics_modal_v4/additions/results/vpnet_separator_control/checkpoints/ETTm1/h96.pt,,,,VPNet+StochasticSeparator,11425.0,0.6123928347434586,,,,,,,,,,,,,,,,,,,,,,,,,,,,,,,,,,,,,,,3,0.4073818702073324,early stochastic separation followed by matched VPNet; no process-preserving continuation or cross-process exchange,12.23620100581671,7.716270896357757,0.34608704034718446,1.8827601669773046,39.88201172614936,0.38222129432437346,,,,,,,,,,
summary/vpnet_separator_control.csv,ETTm2,192,0.3217237215015778,0.25968666507561133,42,,,,,,,,,,,,,,673798,,/work/11617/sujato_ts/vista/motion_code-master/physics_modal_v4/additions/results/vpnet_separator_control/checkpoints/ETTm2/h192.pt,,,,VPNet+StochasticSeparator,11329.0,0.5095946085621504,,,,,,,,,,,,,,,,,,,,,,,,,,,,,,,,,,,,,,,3,0.1856855419242666,early stochastic separation followed by matched VPNet; no process-preserving continuation or cross-process exchange,11.66667773314558,7.496752778981308,0.24021859779491156,0.6629028066325361,39.21298949747628,0.2614196230941909,,,,,,,,,,
summary/vpnet_separator_control.csv,ETTm2,336,0.3628363236842167,0.3277135245639547,42,,,,,,,,,,,,,,673861,,/work/11617/sujato_ts/vista/motion_code-master/physics_modal_v4/additions/results/vpnet_separator_control/checkpoints/ETTm2/h336.pt,,,,VPNet+StochasticSeparator,11185.0,0.5724626839925505,,,,,,,,,,,,,,,,,,,,,,,,,,,,,,,,,,,,,,,2,0.23182489809130324,early stochastic separation followed by matched VPNet; no process-preserving continuation or cross-process exchange,11.32772893599504,6.004562824815724,0.3080357600960941,-0.17427654872324866,38.121063719154336,0.32714339035386975,,,,,,,,,,
summary/vpnet_separator_control.csv,ETTm2,720,0.41892366883978494,0.4328742072073508,42,,,,,,,,,,,,,,674029,,/work/11617/sujato_ts/vista/motion_code-master/physics_modal_v4/additions/results/vpnet_separator_control/checkpoints/ETTm2/h720.pt,,,,VPNet+StochasticSeparator,10801.0,0.6579317648566231,,,,,,,,,,,,,,,,,,,,,,,,,,,,,,,,,,,,,,,1,0.31302353124769905,early stochastic separation followed by matched VPNet; no process-preserving continuation or cross-process exchange,11.798711371150707,4.099878354937971,0.4151268912819473,1.7883265022374608,39.281439335923096,0.4407563701856812,,,,,,,,,,
summary/vpnet_separator_control.csv,ETTm2,96,0.2751673009816192,0.1904809989623133,42,,,,,,,,,,,,,,673756,,/work/11617/sujato_ts/vista/motion_code-master/physics_modal_v4/additions/results/vpnet_separator_control/checkpoints/ETTm2/h96.pt,,,,VPNet+StochasticSeparator,11425.0,0.4364412892501273,,,,,,,,,,,,,,,,,,,,,,,,,,,,,,,,,,,,,,,8,0.13806469232908317,early stochastic separation followed by matched VPNet; no process-preserving continuation or cross-process exchange,13.04217042639162,8.855418196393629,0.17361310991953224,1.1118522447338535,41.81665422802325,0.19262267853749895,,,,,,,,,,
summary/vpnet_separator_control.csv,Electricity,192,0.30202546268882774,0.20848463375299764,42,,,,,,,,,,,,,,675697,,/work/11617/sujato_ts/vista/motion_code-master/physics_modal_v4/additions/results/vpnet_separator_control/checkpoints/Electricity/h192.pt,,,,VPNet+StochasticSeparator,5071.0,0.4566011758121059,,,,,,,,,,,,,,,,,,,,,,,,,,,,,,,,,,,,,,,10,0.1824657446622601,early stochastic separation followed by matched VPNet; no process-preserving continuation or cross-process exchange,13.412193842513611,19.343549096613632,0.16815630626409142,-14.48108101461926,43.953008465427956,0.18211274029319666,,,,,,,,,,
summary/vpnet_separator_control.csv,Electricity,336,0.34183929913374395,0.2545307555727225,42,,,,,,,,,,,,,,675760,,/work/11617/sujato_ts/vista/motion_code-master/physics_modal_v4/additions/results/vpnet_separator_control/checkpoints/Electricity/h336.pt,,,,VPNet+StochasticSeparator,4927.0,0.5045104117584913,,,,,,,,,,,,,,,,,,,,,,,,,,,,,,,,,,,,,,,4,0.22643479613341064,early stochastic separation followed by matched VPNet; no process-preserving continuation or cross-process exchange,15.244066772785613,25.926756352169598,0.18853918673404638,-27.1550301249486,48.95837635142795,0.20017356397352776,,,,,,,,,,
summary/vpnet_separator_control.csv,Electricity,720,0.37406273068336965,0.29554130255671224,42,,,,,,,,,,,,,,675928,,/work/11617/sujato_ts/vista/motion_code-master/physics_modal_v4/additions/results/vpnet_separator_control/checkpoints/Electricity/h720.pt,,,,VPNet+StochasticSeparator,4543.0,0.543637105573849,,,,,,,,,,,,,,,,,,,,,,,,,,,,,,,,,,,,,,,5,0.2554221364196587,early stochastic separation followed by matched VPNet; no process-preserving continuation or cross-process exchange,15.518582133536032,26.612985832839875,0.21688893757710398,-20.17726744451024,47.62861813965458,0.24592113703465032,,,,,,,,,,
summary/vpnet_separator_control.csv,Electricity,96,0.2854212649945693,0.18793451440836975,42,,,,,,,,,,,,,,675655,,/work/11617/sujato_ts/vista/motion_code-master/physics_modal_v4/additions/results/vpnet_separator_control/checkpoints/Electricity/h96.pt,,,,VPNet+StochasticSeparator,5167.0,0.4335141455689419,,,,,,,,,,,,,,,,,,,,,,,,,,,,,,,,,,,,,,,8,0.16262230345145687,early stochastic separation followed by matched VPNet; no process-preserving continuation or cross-process exchange,15.191331185949172,17.148285137350108,0.15570696800612818,-10.399284049142103,48.12051912340394,0.17023164237615376,,,,,,,,,,
summary/vpnet_separator_control.csv,Traffic,192,0.3436684243752632,0.5057658396922547,42,,,,,,,,,,,,,,675697,,/work/11617/sujato_ts/vista/motion_code-master/physics_modal_v4/additions/results/vpnet_separator_control/checkpoints/Traffic/h192.pt,,,,VPNet+StochasticSeparator,3319.0,0.7111721589687372,,,,,,,,,,,,,,,,,,,,,,,,,,,,,,,,,,,,,,,9,0.4323963971444091,early stochastic separation followed by matched VPNet; no process-preserving continuation or cross-process exchange,40.218535138649536,10.703561332035292,0.45163088284431097,-3.228575196568043,85.20762277480571,0.4899475157234075,,,,,,,,,,
summary/vpnet_separator_control.csv,Traffic,336,0.3533436621815291,0.5286120350480588,42,,,,,,,,,,,,,,675760,,/work/11617/sujato_ts/vista/motion_code-master/physics_modal_v4/additions/results/vpnet_separator_control/checkpoints/Traffic/h336.pt,,,,VPNet+StochasticSeparator,3175.0,0.7270571057682187,,,,,,,,,,,,,,,,,,,,,,,,,,,,,,,,,,,,,,,10,0.4469809925710282,early stochastic separation followed by matched VPNet; no process-preserving continuation or cross-process exchange,40.30838787010071,13.063521699040276,0.4595566871458172,-6.53353895304388,84.98601645060262,0.4961930676883378,,,,,,,,,,
summary/vpnet_separator_control.csv,Traffic,720,0.3706223580946112,0.5496292637258368,42,,,,,,,,,,,,,,675928,,/work/11617/sujato_ts/vista/motion_code-master/physics_modal_v4/additions/results/vpnet_separator_control/checkpoints/Traffic/h720.pt,,,,VPNet+StochasticSeparator,2791.0,0.7413698562295589,,,,,,,,,,,,,,,,,,,,,,,,,,,,,,,,,,,,,,,10,0.48504477705221627,early stochastic separation followed by matched VPNet; no process-preserving continuation or cross-process exchange,42.27858094462386,10.58176037508833,0.49146881208700643,-3.976947446504931,86.6860951474564,0.5286068472135281,,,,,,,,,,
summary/vpnet_separator_control.csv,Traffic,96,0.33135411421253286,0.4843016237605896,42,,,,,,,,,,,,,,675655,,/work/11617/sujato_ts/vista/motion_code-master/physics_modal_v4/additions/results/vpnet_separator_control/checkpoints/Traffic/h96.pt,,,,VPNet+StochasticSeparator,3415.0,0.6959178283106344,,,,,,,,,,,,,,,,,,,,,,,,,,,,,,,,,,,,,,,9,0.43178080655029366,early stochastic separation followed by matched VPNet; no process-preserving continuation or cross-process exchange,39.22538455147209,10.906795997327373,0.43147983364527814,-3.578556264309487,84.18513374163012,0.46756939006251386,,,,,,,,,,
summary/vpnet_separator_control.csv,Weather,192,0.270246171461941,0.235000087809529,42,,,,,,,,,,,,,,675540,,/work/11617/sujato_ts/vista/motion_code-master/physics_modal_v4/additions/results/vpnet_separator_control/checkpoints/Weather/h192.pt,,,,VPNet+StochasticSeparator,10349.0,0.48476807631023827,,,,,,,,,,,,,,,,,,,,,,,,,,,,,,,,,,,,,,,1,0.5453671739687995,early stochastic separation followed by matched VPNet; no process-preserving continuation or cross-process exchange,27.056982602866352,9.129411146288524,0.21354596359925804,-6.983513842138627,76.08867526749918,0.21966009469111983,,,,,,,,,,
summary/vpnet_separator_control.csv,Weather,336,0.30141791474607127,0.2765648423795179,42,,,,,,,,,,,,,,675603,,/work/11617/sujato_ts/vista/motion_code-master/physics_modal_v4/additions/results/vpnet_separator_control/checkpoints/Weather/h336.pt,,,,VPNet+StochasticSeparator,10205.0,0.5258943262476958,,,,,,,,,,,,,,,,,,,,,,,,,,,,,,,,,,,,,,,10,0.5874099953104309,early stochastic separation followed by matched VPNet; no process-preserving continuation or cross-process exchange,26.073180713087506,1.4241879410668952,0.27262603924511813,0.6090187924695194,75.50638023822103,0.27825949499587355,,,,,,,,,,
summary/vpnet_separator_control.csv,Weather,720,0.3511712941665737,0.35574350762284107,42,,,,,,,,,,,,,,675771,,/work/11617/sujato_ts/vista/motion_code-master/physics_modal_v4/additions/results/vpnet_separator_control/checkpoints/Weather/h720.pt,,,,VPNet+StochasticSeparator,9821.0,0.5964423757772758,,,,,,,,,,,,,,,,,,,,,,,,,,,,,,,,,,,,,,,4,0.7275623462818287,early stochastic separation followed by matched VPNet; no process-preserving continuation or cross-process exchange,26.373459284157292,0.05159310299999078,0.35555996850853744,-0.5285294409999408,74.31551111611563,0.35387318366337633,,,,,,,,,,
summary/vpnet_separator_control.csv,Weather,96,0.22403808666561625,0.18015832222232572,42,,,,,,,,,,,,,,675498,,/work/11617/sujato_ts/vista/motion_code-master/physics_modal_v4/additions/results/vpnet_separator_control/checkpoints/Weather/h96.pt,,,,VPNet+StochasticSeparator,10445.0,0.4244506122298868,,,,,,,,,,,,,,,,,,,,,,,,,,,,,,,,,,,,,,,7,0.464395991393498,early stochastic separation followed by matched VPNet; no process-preserving continuation or cross-process exchange,27.124654175499067,7.145845123305734,0.16728448753957223,-4.3725025851211345,76.69506888050819,0.172610905899662,,,,,,,,,,
process_visualization/Traffic/h720/process_decomposition.csv,,,,,,,,,,,,,,,,,,,,,,,,,,,,,,,,,,,,,,,,,,,,,,,,,,,,,,,,,,,,,,,,,,,,,,,,,,,1,0.4491508574799486,-0.0008737379685044289,0.05424125109891206,0.024652060121297836,0.425431919581554,0.13098379969596863,-0.00812229048460722,0.12115921825170517,-0.1331011950969696
process_visualization/Traffic/h720/process_decomposition.csv,,,,,,,,,,,,,,,,,,,,,,,,,,,,,,,,,,,,,,,,,,,,,,,,,,,,,,,,,,,,,,,,,,,,,,,,,,,2,0.4491508574799486,-0.000328749418258667,0.05424125109891206,0.01633813977241516,0.425431919581554,0.10000953078269958,-0.18340185284614563,0.15200677514076233,-0.10867033898830414
process_visualization/Traffic/h720/process_decomposition.csv,,,,,,,,,,,,,,,,,,,,,,,,,,,,,,,,,,,,,,,,,,,,,,,,,,,,,,,,,,,,,,,,,,,,,,,,,,,3,0.4491508574799486,-0.00020578503608703613,0.05424125109891206,0.010644763708114624,0.425431919581554,0.03949946165084839,-0.39692553877830505,0.15998655557632446,-0.2405969351530075
process_visualization/Traffic/h720/process_decomposition.csv,,,,,,,,,,,,,,,,,,,,,,,,,,,,,,,,,,,,,,,,,,,,,,,,,,,,,,,,,,,,,,,,,,,,,,,,,,,4,0.4491508574799486,-0.0006483793258666992,0.05424125109891206,0.0030496716499328613,0.425431919581554,-0.014230728149414062,-0.6621015667915344,0.172902449965477,-0.5484256744384766
process_visualization/Traffic/h720/process_decomposition.csv,,,,,,,,,,,,,,,,,,,,,,,,,,,,,,,,,,,,,,,,,,,,,,,,,,,,,,,,,,,,,,,,,,,,,,,,,,,5,0.4491508574799486,-0.00016355514526367188,0.05424125109891206,-0.00685805082321167,0.425431919581554,-0.027640461921691895,-0.9052380323410034,0.18050937354564667,-0.9490916728973389
process_visualization/Traffic/h720/process_decomposition.csv,,,,,,,,,,,,,,,,,,,,,,,,,,,,,,,,,,,,,,,,,,,,,,,,,,,,,,,,,,,,,,,,,,,,,,,,,,,6,0.4491508574799486,-0.0005699396133422852,0.05424125109891206,-0.01038968563079834,0.425431919581554,-0.04736137390136719,-1.0982731580734253,0.19180575013160706,-1.2715789079666138
process_visualization/Traffic/h720/process_decomposition.csv,,,,,,,,,,,,,,,,,,,,,,,,,,,,,,,,,,,,,,,,,,,,,,,,,,,,,,,,,,,,,,,,,,,,,,,,,,,7,0.4491508574799486,-0.0008862018585205078,0.05424125109891206,-0.008252263069152832,0.425431919581554,-0.05483973026275635,-1.2709468603134155,0.19785670936107635,-1.291123628616333
process_visualization/Traffic/h720/process_decomposition.csv,,,,,,,,,,,,,,,,,,,,,,,,,,,,,,,,,,,,,,,,,,,,,,,,,,,,,,,,,,,,,,,,,,,,,,,,,,,8,0.4491508574799486,-0.0008225440979003906,0.05424125109891206,-0.008240461349487305,0.425431919581554,-0.05820417404174805,-1.3900465965270996,0.19576436281204224,-1.291123628616333
process_visualization/Traffic/h720/process_decomposition.csv,,,,,,,,,,,,,,,,,,,,,,,,,,,,,,,,,,,,,,,,,,,,,,,,,,,,,,,,,,,,,,,,,,,,,,,,,,,9,0.4491508574799486,-0.001376032829284668,0.05424125109891206,-0.004901289939880371,0.425431919581554,-0.07698512077331543,-1.3418831825256348,0.19069619476795197,-1.2813512086868286
process_visualization/Traffic/h720/process_decomposition.csv,,,,,,,,,,,,,,,,,,,,,,,,,,,,,,,,,,,,,,,,,,,,,,,,,,,,,,,,,,,,,,,,,,,,,,,,,,,10,0.4491508574799486,-0.0007202625274658203,0.05424125109891206,0.0035310983657836914,0.425431919581554,-0.048960089683532715,-0.9399583339691162,0.1902727484703064,-0.7047831416130066
process_visualization/Traffic/h720/process_decomposition.csv,,,,,,,,,,,,,,,,,,,,,,,,,,,,,,,,,,,,,,,,,,,,,,,,,,,,,,,,,,,,,,,,,,,,,,,,,,,11,0.4491508574799486,-0.0010739564895629883,0.05424125109891206,0.0172291100025177,0.425431919581554,0.021640926599502563,-0.32155272364616394,0.19501642882823944,0.14052435755729675
process_visualization/Traffic/h720/process_decomposition.csv,,,,,,,,,,,,,,,,,,,,,,,,,,,,,,,,,,,,,,,,,,,,,,,,,,,,,,,,,,,,,,,,,,,,,,,,,,,12,0.4491508574799486,-0.0013039708137512207,0.05424125109891206,0.030434012413024902,0.425431919581554,0.12023785710334778,0.37216493487358093,0.20637203752994537,0.9125393033027649
process_visualization/Traffic/h720/process_decomposition.csv,,,,,,,,,,,,,,,,,,,,,,,,,,,,,,,,,,,,,,,,,,,,,,,,,,,,,,,,,,,,,,,,,,,,,,,,,,,13,0.4491508574799486,-0.0014797449111938477,0.05424125109891206,0.040204524993896484,0.425431919581554,0.12330180406570435,0.7833677530288696,0.2787168622016907,1.068896770477295
process_visualization/Traffic/h720/process_decomposition.csv,,,,,,,,,,,,,,,,,,,,,,,,,,,,,,,,,,,,,,,,,,,,,,,,,,,,,,,,,,,,,,,,,,,,,,,,,,,14,0.4491508574799486,-0.0016539692878723145,0.05424125109891206,0.04494446516036987,0.425431919581554,0.03539323806762695,0.6715404987335205,0.4037541449069977,0.8978807926177979
process_visualization/Traffic/h720/process_decomposition.csv,,,,,,,,,,,,,,,,,,,,,,,,,,,,,,,,,,,,,,,,,,,,,,,,,,,,,,,,,,,,,,,,,,,,,,,,,,,15,0.4491508574799486,-0.0012292563915252686,0.05424125109891206,0.04387405514717102,0.425431919581554,-0.022022783756256104,0.2970575988292694,0.3977859914302826,0.9369701147079468
process_visualization/Traffic/h720/process_decomposition.csv,,,,,,,,,,,,,,,,,,,,,,,,,,,,,,,,,,,,,,,,,,,,,,,,,,,,,,,,,,,,,,,,,,,,,,,,,,,16,0.4491508574799486,-0.0012860596179962158,0.05424125109891206,0.03610113263130188,0.425431919581554,0.031752727925777435,0.15285232663154602,0.25511613488197327,0.7610679864883423
process_visualization/Traffic/h720/process_decomposition.csv,,,,,,,,,,,,,,,,,,,,,,,,,,,,,,,,,,,,,,,,,,,,,,,,,,,,,,,,,,,,,,,,,,,,,,,,,,,17,0.4491508574799486,-0.000500798225402832,0.05424125109891206,0.05564865469932556,0.425431919581554,0.21731501817703247,0.20775511860847473,0.20437858998775482,0.6047105193138123
process_visualization/Traffic/h720/process_decomposition.csv,,,,,,,,,,,,,,,,,,,,,,,,,,,,,,,,,,,,,,,,,,,,,,,,,,,,,,,,,,,,,,,,,,,,,,,,,,,18,0.4491508574799486,-0.0003319382667541504,0.05424125109891206,0.06324121356010437,0.425431919581554,0.2505957782268524,0.3930202126502991,0.2081214189529419,0.6975477933883667
process_visualization/Traffic/h720/process_decomposition.csv,,,,,,,,,,,,,,,,,,,,,,,,,,,,,,,,,,,,,,,,,,,,,,,,,,,,,,,,,,,,,,,,,,,,,,,,,,,19,0.4491508574799486,4.07099723815918e-05,0.05424125109891206,0.06665319204330444,0.425431919581554,0.28796276450157166,0.483759343624115,0.20531845092773438,0.643799901008606
process_visualization/Traffic/h720/process_decomposition.csv,,,,,,,,,,,,,,,,,,,,,,,,,,,,,,,,,,,,,,,,,,,,,,,,,,,,,,,,,,,,,,,,,,,,,,,,,,,20,0.4491508574799486,0.00011014938354492188,0.05424125109891206,0.06531429290771484,0.425431919581554,0.30406278371810913,0.5176250338554382,0.2018909603357315,0.7268648147583008
process_visualization/Traffic/h720/process_decomposition.csv,,,,,,,,,,,,,,,,,,,,,,,,,,,,,,,,,,,,,,,,,,,,,,,,,,,,,,,,,,,,,,,,,,,,,,,,,,,21,0.4491508574799486,-0.00041985511779785156,0.05424125109891206,0.06507748365402222,0.425431919581554,0.29134565591812134,0.5328776836395264,0.20315158367156982,0.8050435185432434
process_visualization/Traffic/h720/process_decomposition.csv,,,,,,,,,,,,,,,,,,,,,,,,,,,,,,,,,,,,,,,,,,,,,,,,,,,,,,,,,,,,,,,,,,,,,,,,,,,22,0.4491508574799486,-0.0005776882171630859,0.05424125109891206,0.06286007165908813,0.425431919581554,0.25258976221084595,0.6119140982627869,0.19634929299354553,0.9711733460426331
process_visualization/Traffic/h720/process_decomposition.csv,,,,,,,,,,,,,,,,,,,,,,,,,,,,,,,,,,,,,,,,,,,,,,,,,,,,,,,,,,,,,,,,,,,,,,,,,,,23,0.4491508574799486,-0.0006742477416992188,0.05424125109891206,0.05532923340797424,0.425431919581554,0.20896214246749878,0.5439009070396423,0.1969570815563202,1.0493520498275757
process_visualization/Traffic/h720/process_decomposition.csv,,,,,,,,,,,,,,,,,,,,,,,,,,,,,,,,,,,,,,,,,,,,,,,,,,,,,,,,,,,,,,,,,,,,,,,,,,,24,0.4491508574799486,-0.00014674663543701172,0.05424125109891206,0.03218454122543335,0.425431919581554,0.14128586649894714,0.3334841728210449,0.20801971852779388,0.4825562834739685
process_visualization/Traffic/h720/process_decomposition.csv,,,,,,,,,,,,,,,,,,,,,,,,,,,,,,,,,,,,,,,,,,,,,,,,,,,,,,,,,,,,,,,,,,,,,,,,,,,25,0.4491508574799486,-0.0006786026060581207,0.05424125109891206,0.029575727880001068,0.425431919581554,0.13907259702682495,-0.018663674592971802,0.22607813775539398,-0.0598086342215538
process_visualization/Traffic/h720/process_decomposition.csv,,,,,,,,,,,,,,,,,,,,,,,,,,,,,,,,,,,,,,,,,,,,,,,,,,,,,,,,,,,,,,,,,,,,,,,,,,,26,0.4491508574799486,-0.0001423954963684082,0.05424125109891206,0.020582884550094604,0.425431919581554,0.09807273745536804,-0.3329732418060303,0.2229052633047104,-0.3090033233165741
process_visualization/Traffic/h720/process_decomposition.csv,,,,,,,,,,,,,,,,,,,,,,,,,,,,,,,,,,,,,,,,,,,,,,,,,,,,,,,,,,,,,,,,,,,,,,,,,,,27,0.4491508574799486,-0.00027245283126831055,0.05424125109891206,0.01620262861251831,0.425431919581554,0.08959966897964478,-0.5524433255195618,0.22147557139396667,-0.5044501423835754
process_visualization/Traffic/h720/process_decomposition.csv,,,,,,,,,,,,,,,,,,,,,,,,,,,,,,,,,,,,,,,,,,,,,,,,,,,,,,,,,,,,,,,,,,,,,,,,,,,28,0.4491508574799486,-0.0003936886787414551,0.05424125109891206,0.01204758882522583,0.425431919581554,0.07039636373519897,-0.8005711436271667,0.21926474571228027,-0.7585310339927673
process_visualization/Traffic/h720/process_decomposition.csv,,,,,,,,,,,,,,,,,,,,,,,,,,,,,,,,,,,,,,,,,,,,,,,,,,,,,,,,,,,,,,,,,,,,,,,,,,,29,0.4491508574799486,-0.0008258819580078125,0.05424125109891206,0.007808685302734375,0.425431919581554,0.06017661094665527,-1.0280710458755493,0.21662014722824097,-1.2129448652267456
process_visualization/Traffic/h720/process_decomposition.csv,,,,,,,,,,,,,,,,,,,,,,,,,,,,,,,,,,,,,,,,,,,,,,,,,,,,,,,,,,,,,,,,,,,,,,,,,,,30,0.4491508574799486,-0.0005595684051513672,0.05424125109891206,0.008183836936950684,0.425431919581554,0.0529712438583374,-1.1624553203582764,0.22478006780147552,-1.2813512086868286
process_visualization/Traffic/h720/process_decomposition.csv,,,,,,,,,,,,,,,,,,,,,,,,,,,,,,,,,,,,,,,,,,,,,,,,,,,,,,,,,,,,,,,,,,,,,,,,,,,31,0.4491508574799486,-0.000514984130859375,0.05424125109891206,0.00830996036529541,0.425431919581554,0.02173030376434326,-1.2493460178375244,0.22652027010917664,-1.291123628616333
process_visualization/Traffic/h720/process_decomposition.csv,,,,,,,,,,,,,,,,,,,,,,,,,,,,,,,,,,,,,,,,,,,,,,,,,,,,,,,,,,,,,,,,,,,,,,,,,,,32,0.4491508574799486,-7.200241088867188e-05,0.05424125109891206,0.003234386444091797,0.425431919581554,0.025266170501708984,-1.2880170345306396,0.22553764283657074,-1.2960097789764404
process_visualization/Traffic/h720/process_decomposition.csv,,,,,,,,,,,,,,,,,,,,,,,,,,,,,,,,,,,,,,,,,,,,,,,,,,,,,,,,,,,,,,,,,,,,,,,,,,,33,0.4491508574799486,-0.00018334388732910156,0.05424125109891206,0.0036391019821166992,0.425431919581554,-0.05219101905822754,-1.2817823886871338,0.2328680455684662,-1.2764650583267212
process_visualization/Traffic/h720/process_decomposition.csv,,,,,,,,,,,,,,,,,,,,,,,,,,,,,,,,,,,,,,,,,,,,,,,,,,,,,,,,,,,,,,,,,,,,,,,,,,,34,0.4491508574799486,0.00011593103408813477,0.05424125109891206,0.008798480033874512,0.425431919581554,-0.013164103031158447,-0.9355485439300537,0.24505352973937988,-0.7829618453979492
process_visualization/Traffic/h720/process_decomposition.csv,,,,,,,,,,,,,,,,,,,,,,,,,,,,,,,,,,,,,,,,,,,,,,,,,,,,,,,,,,,,,,,,,,,,,,,,,,,35,0.4491508574799486,8.974969387054443e-05,0.05424125109891206,0.02268214523792267,0.425431919581554,0.16958385705947876,-0.1569809913635254,0.22344541549682617,0.16984137892723083
process_visualization/Traffic/h720/process_decomposition.csv,,,,,,,,,,,,,,,,,,,,,,,,,,,,,,,,,,,,,,,,,,,,,,,,,,,,,,,,,,,,,,,,,,,,,,,,,,,36,0.4491508574799486,0.0004321932792663574,0.05424125109891206,0.03689122200012207,0.425431919581554,0.38854336738586426,0.9096058011054993,0.21025751531124115,0.8343605399131775
process_visualization/Traffic/h720/process_decomposition.csv,,,,,,,,,,,,,,,,,,,,,,,,,,,,,,,,,,,,,,,,,,,,,,,,,,,,,,,,,,,,,,,,,,,,,,,,,,,37,0.4491508574799486,0.000811457633972168,0.05424125109891206,0.04998886585235596,0.425431919581554,0.47038698196411133,1.701765775680542,0.21659167110919952,0.6095967292785645
process_visualization/Traffic/h720/process_decomposition.csv,,,,,,,,,,,,,,,,,,,,,,,,,,,,,,,,,,,,,,,,,,,,,,,,,,,,,,,,,,,,,,,,,,,,,,,,,,,38,0.4491508574799486,0.0005602836608886719,0.05424125109891206,0.053258419036865234,0.425431919581554,0.30852675437927246,1.5418003797531128,0.3309764862060547,-1.3057820796966553
process_visualization/Traffic/h720/process_decomposition.csv,,,,,,,,,,,,,,,,,,,,,,,,,,,,,,,,,,,,,,,,,,,,,,,,,,,,,,,,,,,,,,,,,,,,,,,,,,,39,0.4491508574799486,0.0006551146507263184,0.05424125109891206,0.05276745557785034,0.425431919581554,0.11905056238174438,0.7687544822692871,0.36852720379829407,-0.9051161408424377
process_visualization/Traffic/h720/process_decomposition.csv,,,,,,,,,,,,,,,,,,,,,,,,,,,,,,,,,,,,,,,,,,,,,,,,,,,,,,,,,,,,,,,,,,,,,,,,,,,40,0.4491508574799486,-0.00020885467529296875,0.05424125109891206,0.05472943186759949,0.425431919581554,0.15193217992782593,0.2382933497428894,0.2250148355960846,0.7757264971733093
process_visualization/Traffic/h720/process_decomposition.csv,,,,,,,,,,,,,,,,,,,,,,,,,,,,,,,,,,,,,,,,,,,,,,,,,,,,,,,,,,,,,,,,,,,,,,,,,,,41,0.4491508574799486,0.0001474320888519287,0.05424125109891206,0.06588228046894073,0.425431919581554,0.2987654507160187,0.13021716475486755,0.24243012070655823,0.7268648147583008
process_visualization/Traffic/h720/process_decomposition.csv,,,,,,,,,,,,,,,,,,,,,,,,,,,,,,,,,,,,,,,,,,,,,,,,,,,,,,,,,,,,,,,,,,,,,,,,,,,42,0.4491508574799486,0.00013935565948486328,0.05424125109891206,0.06592890620231628,0.425431919581554,0.3340166509151459,0.27752989530563354,0.23930148780345917,0.8392467498779297
process_visualization/Traffic/h720/process_decomposition.csv,,,,,,,,,,,,,,,,,,,,,,,,,,,,,,,,,,,,,,,,,,,,,,,,,,,,,,,,,,,,,,,,,,,,,,,,,,,43,0.4491508574799486,0.0003021359443664551,0.05424125109891206,0.06700673699378967,0.425431919581554,0.3819710910320282,0.41395169496536255,0.2378397136926651,0.6682307720184326
process_visualization/Traffic/h720/process_decomposition.csv,,,,,,,,,,,,,,,,,,,,,,,,,,,,,,,,,,,,,,,,,,,,,,,,,,,,,,,,,,,,,,,,,,,,,,,,,,,44,0.4491508574799486,0.0006613731384277344,0.05424125109891206,0.06128823757171631,0.425431919581554,0.38939547538757324,0.5003694891929626,0.21887512505054474,0.785498857498169
process_visualization/Traffic/h720/process_decomposition.csv,,,,,,,,,,,,,,,,,,,,,,,,,,,,,,,,,,,,,,,,,,,,,,,,,,,,,,,,,,,,,,,,,,,,,,,,,,,45,0.4491508574799486,0.0012941956520080566,0.05424125109891206,0.05697077512741089,0.425431919581554,0.4049209952354431,0.6840779781341553,0.22325819730758667,0.8636775612831116
process_visualization/Traffic/h720/process_decomposition.csv,,,,,,,,,,,,,,,,,,,,,,,,,,,,,,,,,,,,,,,,,,,,,,,,,,,,,,,,,,,,,,,,,,,,,,,,,,,46,0.4491508574799486,0.001269221305847168,0.05424125109891206,0.05247598886489868,0.425431919581554,0.38202640414237976,0.8531898260116577,0.25109410285949707,1.0004903078079224
process_visualization/Traffic/h720/process_decomposition.csv,,,,,,,,,,,,,,,,,,,,,,,,,,,,,,,,,,,,,,,,,,,,,,,,,,,,,,,,,,,,,,,,,,,,,,,,,,,47,0.4491508574799486,0.0010564327239990234,0.05424125109891206,0.0432431697845459,0.425431919581554,0.29669803380966187,0.8279896974563599,0.2903648614883423,0.9467424750328064
process_visualization/Traffic/h720/process_decomposition.csv,,,,,,,,,,,,,,,,,,,,,,,,,,,,,,,,,,,,,,,,,,,,,,,,,,,,,,,,,,,,,,,,,,,,,,,,,,,48,0.4491508574799486,0.0009034574031829834,0.05424125109891206,0.03333190083503723,0.425431919581554,0.22119329869747162,0.4603387117385864,0.26791298389434814,0.6193690299987793
process_visualization/Traffic/h720/process_decomposition.csv,,,,,,,,,,,,,,,,,,,,,,,,,,,,,,,,,,,,,,,,,,,,,,,,,,,,,,,,,,,,,,,,,,,,,,,,,,,49,0.4491508574799486,0.0008326694369316101,0.05424125109891206,0.028867274522781372,0.425431919581554,0.24808821082115173,0.04055856913328171,0.23117955029010773,-0.025605442002415657
process_visualization/Traffic/h720/process_decomposition.csv,,,,,,,,,,,,,,,,,,,,,,,,,,,,,,,,,,,,,,,,,,,,,,,,,,,,,,,,,,,,,,,,,,,,,,,,,,,50,0.4491508574799486,0.0006603002548217773,0.05424125109891206,0.025062620639801025,0.425431919581554,0.1871693730354309,-0.2645775377750397,0.23480503261089325,-0.26014161109924316
process_visualization/Traffic/h720/process_decomposition.csv,,,,,,,,,,,,,,,,,,,,,,,,,,,,,,,,,,,,,,,,,,,,,,,,,,,,,,,,,,,,,,,,,,,,,,,,,,,51,0.4491508574799486,0.00019019842147827148,0.05424125109891206,0.02115786075592041,0.425431919581554,0.1389145851135254,-0.5020558834075928,0.23143751919269562,-0.4116128981113434
process_visualization/Traffic/h720/process_decomposition.csv,,,,,,,,,,,,,,,,,,,,,,,,,,,,,,,,,,,,,,,,,,,,,,,,,,,,,,,,,,,,,,,,,,,,,,,,,,,52,0.4491508574799486,2.110004425048828e-05,0.05424125109891206,0.015287995338439941,0.425431919581554,0.05760824680328369,-0.7604018449783325,0.2309306263923645,-0.7829618453979492
process_visualization/Traffic/h720/process_decomposition.csv,,,,,,,,,,,,,,,,,,,,,,,,,,,,,,,,,,,,,,,,,,,,,,,,,,,,,,,,,,,,,,,,,,,,,,,,,,,53,0.4491508574799486,-0.00014960765838623047,0.05424125109891206,0.01210939884185791,0.425431919581554,0.005090475082397461,-1.0019398927688599,0.22929364442825317,-1.0663597583770752
process_visualization/Traffic/h720/process_decomposition.csv,,,,,,,,,,,,,,,,,,,,,,,,,,,,,,,,,,,,,,,,,,,,,,,,,,,,,,,,,,,,,,,,,,,,,,,,,,,54,0.4491508574799486,-0.00034999847412109375,0.05424125109891206,0.010020732879638672,0.425431919581554,-0.008540987968444824,-1.1548876762390137,0.23356162011623383,-1.261806607246399
process_visualization/Traffic/h720/process_decomposition.csv,,,,,,,,,,,,,,,,,,,,,,,,,,,,,,,,,,,,,,,,,,,,,,,,,,,,,,,,,,,,,,,,,,,,,,,,,,,55,0.4491508574799486,-0.0005929470062255859,0.05424125109891206,0.010040879249572754,0.425431919581554,-0.04311513900756836,-1.2552571296691895,0.23451155424118042,-1.286237359046936
process_visualization/Traffic/h720/process_decomposition.csv,,,,,,,,,,,,,,,,,,,,,,,,,,,,,,,,,,,,,,,,,,,,,,,,,,,,,,,,,,,,,,,,,,,,,,,,,,,56,0.4491508574799486,-0.0004342794418334961,0.05424125109891206,0.006025910377502441,0.425431919581554,-0.04679560661315918,-1.3428070545196533,0.23478370904922485,-1.286237359046936
process_visualization/Traffic/h720/process_decomposition.csv,,,,,,,,,,,,,,,,,,,,,,,,,,,,,,,,,,,,,,,,,,,,,,,,,,,,,,,,,,,,,,,,,,,,,,,,,,,57,0.4491508574799486,-0.0005499124526977539,0.05424125109891206,-2.205371856689453e-05,0.425431919581554,-0.11497259140014648,-1.3108664751052856,0.2411416471004486,-1.291123628616333
process_visualization/Traffic/h720/process_decomposition.csv,,,,,,,,,,,,,,,,,,,,,,,,,,,,,,,,,,,,,,,,,,,,,,,,,,,,,,,,,,,,,,,,,,,,,,,,,,,58,0.4491508574799486,-0.00012475252151489258,0.05424125109891206,0.010209143161773682,0.425431919581554,-0.049486398696899414,-0.9635329842567444,0.24182862043380737,-0.6998969316482544
process_visualization/Traffic/h720/process_decomposition.csv,,,,,,,,,,,,,,,,,,,,,,,,,,,,,,,,,,,,,,,,,,,,,,,,,,,,,,,,,,,,,,,,,,,,,,,,,,,59,0.4491508574799486,-0.0002770721912384033,0.05424125109891206,0.023085564374923706,0.425431919581554,0.12817341089248657,-0.12409888207912445,0.23475249111652374,0.1942722201347351
process_visualization/Traffic/h720/process_decomposition.csv,,,,,,,,,,,,,,,,,,,,,,,,,,,,,,,,,,,,,,,,,,,,,,,,,,,,,,,,,,,,,,,,,,,,,,,,,,,60,0.4491508574799486,0.0005154609680175781,0.05424125109891206,0.03887897729873657,0.425431919581554,0.3989284634590149,1.017259120941162,0.2775459885597229,0.8441329002380371
process_visualization/Traffic/h720/process_decomposition.csv,,,,,,,,,,,,,,,,,,,,,,,,,,,,,,,,,,,,,,,,,,,,,,,,,,,,,,,,,,,,,,,,,,,,,,,,,,,61,0.4491508574799486,0.0010390281677246094,0.05424125109891206,0.05053150653839111,0.425431919581554,0.526386022567749,1.8881303071975708,0.2597987651824951,1.5233105421066284
process_visualization/Traffic/h720/process_decomposition.csv,,,,,,,,,,,,,,,,,,,,,,,,,,,,,,,,,,,,,,,,,,,,,,,,,,,,,,,,,,,,,,,,,,,,,,,,,,,62,0.4491508574799486,0.0010131597518920898,0.05424125109891206,0.04678750038146973,0.425431919581554,0.34544312953948975,1.6916767358779907,0.24990741908550262,1.5037659406661987
process_visualization/Traffic/h720/process_decomposition.csv,,,,,,,,,,,,,,,,,,,,,,,,,,,,,,,,,,,,,,,,,,,,,,,,,,,,,,,,,,,,,,,,,,,,,,,,,,,63,0.4491508574799486,0.0007906556129455566,0.05424125109891206,0.039770305156707764,0.425431919581554,0.13658422231674194,0.8062033653259277,0.2954230010509491,1.0102627277374268
process_visualization/Traffic/h720/process_decomposition.csv,,,,,,,,,,,,,,,,,,,,,,,,,,,,,,,,,,,,,,,,,,,,,,,,,,,,,,,,,,,,,,,,,,,,,,,,,,,64,0.4491508574799486,0.0004308372735977173,0.05424125109891206,0.040533602237701416,0.425431919581554,0.15112397074699402,0.15131917595863342,0.2187199890613556,0.7561818361282349
process_visualization/Traffic/h720/process_decomposition.csv,,,,,,,,,,,,,,,,,,,,,,,,,,,,,,,,,,,,,,,,,,,,,,,,,,,,,,,,,,,,,,,,,,,,,,,,,,,65,0.4491508574799486,0.0012379437685012817,0.05424125109891206,0.04660901427268982,0.425431919581554,0.20082494616508484,0.06103115528821945,0.2447565793991089,0.7024339437484741
process_visualization/Traffic/h720/process_decomposition.csv,,,,,,,,,,,,,,,,,,,,,,,,,,,,,,,,,,,,,,,,,,,,,,,,,,,,,,,,,,,,,,,,,,,,,,,,,,,66,0.4491508574799486,0.0010082423686981201,0.05424125109891206,0.04837749898433685,0.425431919581554,0.20309606194496155,0.281078040599823,0.23395223915576935,0.8197020292282104
process_visualization/Traffic/h720/process_decomposition.csv,,,,,,,,,,,,,,,,,,,,,,,,,,,,,,,,,,,,,,,,,,,,,,,,,,,,,,,,,,,,,,,,,,,,,,,,,,,67,0.4491508574799486,0.0007711946964263916,0.05424125109891206,0.0503484308719635,0.425431919581554,0.23291859030723572,0.413584440946579,0.22647644579410553,0.6291413903236389
process_visualization/Traffic/h720/process_decomposition.csv,,,,,,,,,,,,,,,,,,,,,,,,,,,,,,,,,,,,,,,,,,,,,,,,,,,,,,,,,,,,,,,,,,,,,,,,,,,68,0.4491508574799486,0.0006260573863983154,0.05424125109891206,0.048441559076309204,0.425431919581554,0.25550633668899536,0.47327882051467896,0.21468617022037506,0.7806126475334167
process_visualization/Traffic/h720/process_decomposition.csv,,,,,,,,,,,,,,,,,,,,,,,,,,,,,,,,,,,,,,,,,,,,,,,,,,,,,,,,,,,,,,,,,,,,,,,,,,,69,0.4491508574799486,0.0004892349243164062,0.05424125109891206,0.04775083065032959,0.425431919581554,0.2905168831348419,0.6269874572753906,0.20890453457832336,0.9027669429779053
process_visualization/Traffic/h720/process_decomposition.csv,,,,,,,,,,,,,,,,,,,,,,,,,,,,,,,,,,,,,,,,,,,,,,,,,,,,,,,,,,,,,,,,,,,,,,,,,,,70,0.4491508574799486,0.000803828239440918,0.05424125109891206,0.04556751251220703,0.425431919581554,0.30280888080596924,0.824507474899292,0.21237152814865112,1.068896770477295
process_visualization/Traffic/h720/process_decomposition.csv,,,,,,,,,,,,,,,,,,,,,,,,,,,,,,,,,,,,,,,,,,,,,,,,,,,,,,,,,,,,,,,,,,,,,,,,,,,71,0.4491508574799486,0.0005737543106079102,0.05424125109891206,0.041789710521698,0.425431919581554,0.25147414207458496,0.7757647633552551,0.22391992807388306,0.8929945826530457
process_visualization/Traffic/h720/process_decomposition.csv,,,,,,,,,,,,,,,,,,,,,,,,,,,,,,,,,,,,,,,,,,,,,,,,,,,,,,,,,,,,,,,,,,,,,,,,,,,72,0.4491508574799486,0.00019246339797973633,0.05424125109891206,0.03464019298553467,0.425431919581554,0.1877097189426422,0.44969481229782104,0.23250913619995117,0.4874424636363983
process_visualization/Traffic/h720/process_decomposition.csv,,,,,,,,,,,,,,,,,,,,,,,,,,,,,,,,,,,,,,,,,,,,,,,,,,,,,,,,,,,,,,,,,,,,,,,,,,,73,0.4491508574799486,0.0009482987225055695,0.05424125109891206,0.02717810496687889,0.425431919581554,0.14680400490760803,-0.003953937441110611,0.23866617679595947,0.10632115602493286
process_visualization/Traffic/h720/process_decomposition.csv,,,,,,,,,,,,,,,,,,,,,,,,,,,,,,,,,,,,,,,,,,,,,,,,,,,,,,,,,,,,,,,,,,,,,,,,,,,74,0.4491508574799486,0.00035509467124938965,0.05424125109891206,0.019967734813690186,0.425431919581554,0.10437685251235962,-0.272157222032547,0.2190757393836975,-0.19662140309810638
process_visualization/Traffic/h720/process_decomposition.csv,,,,,,,,,,,,,,,,,,,,,,,,,,,,,,,,,,,,,,,,,,,,,,,,,,,,,,,,,,,,,,,,,,,,,,,,,,,75,0.4491508574799486,0.00045299530029296875,0.05424125109891206,0.015094667673110962,0.425431919581554,0.05610525608062744,-0.48795899748802185,0.20627622306346893,-0.31877565383911133
process_visualization/Traffic/h720/process_decomposition.csv,,,,,,,,,,,,,,,,,,,,,,,,,,,,,,,,,,,,,,,,,,,,,,,,,,,,,,,,,,,,,,,,,,,,,,,,,,,76,0.4491508574799486,-4.839897155761719e-05,0.05424125109891206,0.012101888656616211,0.425431919581554,-0.022381365299224854,-0.7864187955856323,0.205422505736351,-0.6901246309280396
process_visualization/Traffic/h720/process_decomposition.csv,,,,,,,,,,,,,,,,,,,,,,,,,,,,,,,,,,,,,,,,,,,,,,,,,,,,,,,,,,,,,,,,,,,,,,,,,,,77,0.4491508574799486,-0.00042426586151123047,0.05424125109891206,0.011464238166809082,0.425431919581554,-0.06155604124069214,-1.0443429946899414,0.20090892910957336,-1.1054490804672241
process_visualization/Traffic/h720/process_decomposition.csv,,,,,,,,,,,,,,,,,,,,,,,,,,,,,,,,,,,,,,,,,,,,,,,,,,,,,,,,,,,,,,,,,,,,,,,,,,,78,0.4491508574799486,1.6689300537109375e-05,0.05424125109891206,0.005866527557373047,0.425431919581554,-0.09147536754608154,-1.181541085243225,0.20461665093898773,-1.2666927576065063
process_visualization/Traffic/h720/process_decomposition.csv,,,,,,,,,,,,,,,,,,,,,,,,,,,,,,,,,,,,,,,,,,,,,,,,,,,,,,,,,,,,,,,,,,,,,,,,,,,79,0.4491508574799486,-0.0006128549575805664,0.05424125109891206,0.003945112228393555,0.425431919581554,-0.11945044994354248,-1.3016343116760254,0.2074856460094452,-1.291123628616333
process_visualization/Traffic/h720/process_decomposition.csv,,,,,,,,,,,,,,,,,,,,,,,,,,,,,,,,,,,,,,,,,,,,,,,,,,,,,,,,,,,,,,,,,,,,,,,,,,,80,0.4491508574799486,-0.000971674919128418,0.05424125109891206,-0.00218355655670166,0.425431919581554,-0.1330411434173584,-1.339868187904358,0.20882178843021393,-1.2960097789764404
process_visualization/Traffic/h720/process_decomposition.csv,,,,,,,,,,,,,,,,,,,,,,,,,,,,,,,,,,,,,,,,,,,,,,,,,,,,,,,,,,,,,,,,,,,,,,,,,,,81,0.4491508574799486,-0.0003483295440673828,0.05424125109891206,0.0033354759216308594,0.425431919581554,-0.08083772659301758,-1.345029592514038,0.1967448890209198,-1.2715789079666138
process_visualization/Traffic/h720/process_decomposition.csv,,,,,,,,,,,,,,,,,,,,,,,,,,,,,,,,,,,,,,,,,,,,,,,,,,,,,,,,,,,,,,,,,,,,,,,,,,,82,0.4491508574799486,-0.00027555227279663086,0.05424125109891206,0.009676635265350342,0.425431919581554,-0.005225718021392822,-0.9568310379981995,0.20197683572769165,-0.7585310339927673
process_visualization/Traffic/h720/process_decomposition.csv,,,,,,,,,,,,,,,,,,,,,,,,,,,,,,,,,,,,,,,,,,,,,,,,,,,,,,,,,,,,,,,,,,,,,,,,,,,83,0.4491508574799486,4.5165419578552246e-05,0.05424125109891206,0.020129576325416565,0.425431919581554,0.17359061539173126,-0.11987508833408356,0.21890024840831757,0.07211796194314957
process_visualization/Traffic/h720/process_decomposition.csv,,,,,,,,,,,,,,,,,,,,,,,,,,,,,,,,,,,,,,,,,,,,,,,,,,,,,,,,,,,,,,,,,,,,,,,,,,,84,0.4491508574799486,0.0010001659393310547,0.05424125109891206,0.037622928619384766,0.425431919581554,0.43224525451660156,0.9991482496261597,0.28631097078323364,0.956514835357666
process_visualization/Traffic/h720/process_decomposition.csv,,,,,,,,,,,,,,,,,,,,,,,,,,,,,,,,,,,,,,,,,,,,,,,,,,,,,,,,,,,,,,,,,,,,,,,,,,,85,0.4491508574799486,0.0010808706283569336,0.05424125109891206,0.05244314670562744,0.425431919581554,0.5698493719100952,1.7845433950424194,0.28003957867622375,2.2464637756347656
process_visualization/Traffic/h720/process_decomposition.csv,,,,,,,,,,,,,,,,,,,,,,,,,,,,,,,,,,,,,,,,,,,,,,,,,,,,,,,,,,,,,,,,,,,,,,,,,,,86,0.4491508574799486,0.0008484125137329102,0.05424125109891206,0.051813721656799316,0.425431919581554,0.40210413932800293,1.55451238155365,0.20256651937961578,1.166620135307312
process_visualization/Traffic/h720/process_decomposition.csv,,,,,,,,,,,,,,,,,,,,,,,,,,,,,,,,,,,,,,,,,,,,,,,,,,,,,,,,,,,,,,,,,,,,,,,,,,,87,0.4491508574799486,0.0004596114158630371,0.05424125109891206,0.04561173915863037,0.425431919581554,0.2015775442123413,0.6975886821746826,0.22260916233062744,0.8050435185432434
process_visualization/Traffic/h720/process_decomposition.csv,,,,,,,,,,,,,,,,,,,,,,,,,,,,,,,,,,,,,,,,,,,,,,,,,,,,,,,,,,,,,,,,,,,,,,,,,,,88,0.4491508574799486,0.00037539005279541016,0.05424125109891206,0.045497991144657135,0.425431919581554,0.21737611293792725,0.1322157382965088,0.21293680369853973,0.8197020292282104
process_visualization/Traffic/h720/process_decomposition.csv,,,,,,,,,,,,,,,,,,,,,,,,,,,,,,,,,,,,,,,,,,,,,,,,,,,,,,,,,,,,,,,,,,,,,,,,,,,89,0.4491508574799486,-0.00015525519847869873,0.05424125109891206,0.050080686807632446,0.425431919581554,0.259010910987854,0.15445324778556824,0.2636261582374573,0.7170924544334412
process_visualization/Traffic/h720/process_decomposition.csv,,,,,,,,,,,,,,,,,,,,,,,,,,,,,,,,,,,,,,,,,,,,,,,,,,,,,,,,,,,,,,,,,,,,,,,,,,,90,0.4491508574799486,-5.462765693664551e-05,0.05424125109891206,0.05595290660858154,0.425431919581554,0.2496618777513504,0.3977457880973816,0.21345773339271545,0.8392467498779297
process_visualization/Traffic/h720/process_decomposition.csv,,,,,,,,,,,,,,,,,,,,,,,,,,,,,,,,,,,,,,,,,,,,,,,,,,,,,,,,,,,,,,,,,,,,,,,,,,,91,0.4491508574799486,0.0004794597625732422,0.05424125109891206,0.0563359260559082,0.425431919581554,0.25194111466407776,0.5934808850288391,0.20205576717853546,0.8490190505981445
process_visualization/Traffic/h720/process_decomposition.csv,,,,,,,,,,,,,,,,,,,,,,,,,,,,,,,,,,,,,,,,,,,,,,,,,,,,,,,,,,,,,,,,,,,,,,,,,,,92,0.4491508574799486,0.0004887580871582031,0.05424125109891206,0.055250465869903564,0.425431919581554,0.26283037662506104,0.7216699123382568,0.20351631939411163,0.7464094758033752
process_visualization/Traffic/h720/process_decomposition.csv,,,,,,,,,,,,,,,,,,,,,,,,,,,,,,,,,,,,,,,,,,,,,,,,,,,,,,,,,,,,,,,,,,,,,,,,,,,93,0.4491508574799486,0.0009200572967529297,0.05424125109891206,0.05712604522705078,0.425431919581554,0.32486897706985474,0.8487693071365356,0.19578467309474945,0.9956041574478149
process_visualization/Traffic/h720/process_decomposition.csv,,,,,,,,,,,,,,,,,,,,,,,,,,,,,,,,,,,,,,,,,,,,,,,,,,,,,,,,,,,,,,,,,,,,,,,,,,,94,0.4491508574799486,0.001238107681274414,0.05424125109891206,0.05433577299118042,0.425431919581554,0.3631093502044678,1.0231165885925293,0.1999683678150177,1.0493520498275757
process_visualization/Traffic/h720/process_decomposition.csv,,,,,,,,,,,,,,,,,,,,,,,,,,,,,,,,,,,,,,,,,,,,,,,,,,,,,,,,,,,,,,,,,,,,,,,,,,,95,0.4491508574799486,0.0003236532211303711,0.05424125109891206,0.04933851957321167,0.425431919581554,0.2935138940811157,0.9481813907623291,0.20645499229431152,1.5819445848464966
process_visualization/Traffic/h720/process_decomposition.csv,,,,,,,,,,,,,,,,,,,,,,,,,,,,,,,,,,,,,,,,,,,,,,,,,,,,,,,,,,,,,,,,,,,,,,,,,,,96,0.4491508574799486,0.000683903694152832,0.05424125109891206,0.04123729467391968,0.425431919581554,0.18372446298599243,0.5621427297592163,0.21720987558364868,0.6780030727386475
process_visualization/Traffic/h720/process_decomposition.csv,,,,,,,,,,,,,,,,,,,,,,,,,,,,,,,,,,,,,,,,,,,,,,,,,,,,,,,,,,,,,,,,,,,,,,,,,,,97,0.4491508574799486,0.0010151267051696777,0.05424125109891206,0.01759258657693863,0.425431919581554,0.11994096636772156,0.12889529764652252,0.2155640870332718,0.057459454983472824
process_visualization/Traffic/h720/process_decomposition.csv,,,,,,,,,,,,,,,,,,,,,,,,,,,,,,,,,,,,,,,,,,,,,,,,,,,,,,,,,,,,,,,,,,,,,,,,,,,98,0.4491508574799486,0.0009075403213500977,0.05424125109891206,0.008907362818717957,0.425431919581554,0.09442883729934692,-0.18437924981117249,0.2079351842403412,-0.15264587104320526
process_visualization/Traffic/h720/process_decomposition.csv,,,,,,,,,,,,,,,,,,,,,,,,,,,,,,,,,,,,,,,,,,,,,,,,,,,,,,,,,,,,,,,,,,,,,,,,,,,99,0.4491508574799486,0.0007453560829162598,0.05424125109891206,0.008546054363250732,0.425431919581554,0.06431779265403748,-0.4280182719230652,0.1952018141746521,-0.31877565383911133
process_visualization/Traffic/h720/process_decomposition.csv,,,,,,,,,,,,,,,,,,,,,,,,,,,,,,,,,,,,,,,,,,,,,,,,,,,,,,,,,,,,,,,,,,,,,,,,,,,100,0.4491508574799486,0.0011845827102661133,0.05424125109891206,0.005724906921386719,0.425431919581554,-0.005101978778839111,-0.7013851404190063,0.2002338021993637,-0.6705799102783203
process_visualization/Traffic/h720/process_decomposition.csv,,,,,,,,,,,,,,,,,,,,,,,,,,,,,,,,,,,,,,,,,,,,,,,,,,,,,,,,,,,,,,,,,,,,,,,,,,,101,0.4491508574799486,0.0009132623672485352,0.05424125109891206,0.003557920455932617,0.425431919581554,-0.03838258981704712,-0.9748727083206177,0.2021249532699585,-1.0517011880874634
process_visualization/Traffic/h720/process_decomposition.csv,,,,,,,,,,,,,,,,,,,,,,,,,,,,,,,,,,,,,,,,,,,,,,,,,,,,,,,,,,,,,,,,,,,,,,,,,,,102,0.4491508574799486,0.0009783506393432617,0.05424125109891206,-0.0015975236892700195,0.425431919581554,-0.06028711795806885,-1.1185836791992188,0.21186456084251404,-1.2666927576065063
process_visualization/Traffic/h720/process_decomposition.csv,,,,,,,,,,,,,,,,,,,,,,,,,,,,,,,,,,,,,,,,,,,,,,,,,,,,,,,,,,,,,,,,,,,,,,,,,,,103,0.4491508574799486,0.0006526708602905273,0.05424125109891206,-0.0022143125534057617,0.425431919581554,-0.08751940727233887,-1.268790364265442,0.2082434743642807,-1.2666927576065063
process_visualization/Traffic/h720/process_decomposition.csv,,,,,,,,,,,,,,,,,,,,,,,,,,,,,,,,,,,,,,,,,,,,,,,,,,,,,,,,,,,,,,,,,,,,,,,,,,,104,0.4491508574799486,0.0001531839370727539,0.05424125109891206,-0.0019763708114624023,0.425431919581554,-0.10817503929138184,-1.3310352563858032,0.2054249793291092,-1.2813512086868286
process_visualization/Traffic/h720/process_decomposition.csv,,,,,,,,,,,,,,,,,,,,,,,,,,,,,,,,,,,,,,,,,,,,,,,,,,,,,,,,,,,,,,,,,,,,,,,,,,,105,0.4491508574799486,-0.001015782356262207,0.05424125109891206,0.0006109476089477539,0.425431919581554,-0.0778958797454834,-1.2466862201690674,0.20484481751918793,-1.2813512086868286
process_visualization/Traffic/h720/process_decomposition.csv,,,,,,,,,,,,,,,,,,,,,,,,,,,,,,,,,,,,,,,,,,,,,,,,,,,,,,,,,,,,,,,,,,,,,,,,,,,106,0.4491508574799486,-0.00054168701171875,0.05424125109891206,0.009810984134674072,0.425431919581554,-0.01832425594329834,-0.9151734709739685,0.20384764671325684,-0.7634171843528748
process_visualization/Traffic/h720/process_decomposition.csv,,,,,,,,,,,,,,,,,,,,,,,,,,,,,,,,,,,,,,,,,,,,,,,,,,,,,,,,,,,,,,,,,,,,,,,,,,,107,0.4491508574799486,-0.00010383129119873047,0.05424125109891206,0.0260610431432724,0.425431919581554,0.14125818014144897,-0.17364557087421417,0.21158269047737122,0.03791477158665657
process_visualization/Traffic/h720/process_decomposition.csv,,,,,,,,,,,,,,,,,,,,,,,,,,,,,,,,,,,,,,,,,,,,,,,,,,,,,,,,,,,,,,,,,,,,,,,,,,,108,0.4491508574799486,0.0008417367935180664,0.05424125109891206,0.04212743043899536,0.425431919581554,0.37379345297813416,0.8288257122039795,0.2564448118209839,0.814815878868103
process_visualization/Traffic/h720/process_decomposition.csv,,,,,,,,,,,,,,,,,,,,,,,,,,,,,,,,,,,,,,,,,,,,,,,,,,,,,,,,,,,,,,,,,,,,,,,,,,,109,0.4491508574799486,0.001280665397644043,0.05424125109891206,0.05646085739135742,0.425431919581554,0.5211938619613647,1.5284788608551025,0.2615334987640381,1.1226446628570557
process_visualization/Traffic/h720/process_decomposition.csv,,,,,,,,,,,,,,,,,,,,,,,,,,,,,,,,,,,,,,,,,,,,,,,,,,,,,,,,,,,,,,,,,,,,,,,,,,,110,0.4491508574799486,0.0010150671005249023,0.05424125109891206,0.05954170227050781,0.425431919581554,0.4155522584915161,1.4075204133987427,0.20797960460186005,0.9174254536628723
process_visualization/Traffic/h720/process_decomposition.csv,,,,,,,,,,,,,,,,,,,,,,,,,,,,,,,,,,,,,,,,,,,,,,,,,,,,,,,,,,,,,,,,,,,,,,,,,,,111,0.4491508574799486,0.0003998875617980957,0.05424125109891206,0.05425542593002319,0.425431919581554,0.24952852725982666,0.7890725135803223,0.23493894934654236,0.8441329002380371
process_visualization/Traffic/h720/process_decomposition.csv,,,,,,,,,,,,,,,,,,,,,,,,,,,,,,,,,,,,,,,,,,,,,,,,,,,,,,,,,,,,,,,,,,,,,,,,,,,112,0.4491508574799486,0.00018095970153808594,0.05424125109891206,0.05125248432159424,0.425431919581554,0.25449618697166443,0.4066489338874817,0.20527952909469604,0.8783360719680786
process_visualization/Traffic/h720/process_decomposition.csv,,,,,,,,,,,,,,,,,,,,,,,,,,,,,,,,,,,,,,,,,,,,,,,,,,,,,,,,,,,,,,,,,,,,,,,,,,,113,0.4491508574799486,-0.0008198320865631104,0.05424125109891206,0.05119025707244873,0.425431919581554,0.17197957634925842,0.3725222945213318,0.22048026323318481,1.166620135307312
process_visualization/Traffic/h720/process_decomposition.csv,,,,,,,,,,,,,,,,,,,,,,,,,,,,,,,,,,,,,,,,,,,,,,,,,,,,,,,,,,,,,,,,,,,,,,,,,,,114,0.4491508574799486,-0.000736236572265625,0.05424125109891206,0.05929297208786011,0.425431919581554,0.18237602710723877,0.5725298523902893,0.19791488349437714,0.8978807926177979
process_visualization/Traffic/h720/process_decomposition.csv,,,,,,,,,,,,,,,,,,,,,,,,,,,,,,,,,,,,,,,,,,,,,,,,,,,,,,,,,,,,,,,,,,,,,,,,,,,115,0.4491508574799486,0.00010579824447631836,0.05424125109891206,0.064785897731781,0.425431919581554,0.21600502729415894,0.6771414875984192,0.19746249914169312,1.0444658994674683
process_visualization/Traffic/h720/process_decomposition.csv,,,,,,,,,,,,,,,,,,,,,,,,,,,,,,,,,,,,,,,,,,,,,,,,,,,,,,,,,,,,,,,,,,,,,,,,,,,116,0.4491508574799486,1.424551010131836e-05,0.05424125109891206,0.06497204303741455,0.425431919581554,0.24612349271774292,0.7925624251365662,0.19566437602043152,0.956514835357666
process_visualization/Traffic/h720/process_decomposition.csv,,,,,,,,,,,,,,,,,,,,,,,,,,,,,,,,,,,,,,,,,,,,,,,,,,,,,,,,,,,,,,,,,,,,,,,,,,,117,0.4491508574799486,0.00047206878662109375,0.05424125109891206,0.06360870599746704,0.425431919581554,0.31158214807510376,0.8968726396560669,0.1900424212217331,0.8539052605628967
process_visualization/Traffic/h720/process_decomposition.csv,,,,,,,,,,,,,,,,,,,,,,,,,,,,,,,,,,,,,,,,,,,,,,,,,,,,,,,,,,,,,,,,,,,,,,,,,,,118,0.4491508574799486,0.0006165504455566406,0.05424125109891206,0.061315953731536865,0.425431919581554,0.3774912357330322,1.0187376737594604,0.20359382033348083,0.9614009857177734
process_visualization/Traffic/h720/process_decomposition.csv,,,,,,,,,,,,,,,,,,,,,,,,,,,,,,,,,,,,,,,,,,,,,,,,,,,,,,,,,,,,,,,,,,,,,,,,,,,119,0.4491508574799486,0.0005761981010437012,0.05424125109891206,0.05600595474243164,0.425431919581554,0.32400596141815186,0.9589752554893494,0.20240750908851624,1.0395797491073608
process_visualization/Traffic/h720/process_decomposition.csv,,,,,,,,,,,,,,,,,,,,,,,,,,,,,,,,,,,,,,,,,,,,,,,,,,,,,,,,,,,,,,,,,,,,,,,,,,,120,0.4491508574799486,-0.0001010894775390625,0.05424125109891206,0.04733312129974365,0.425431919581554,0.20278605818748474,0.5698401927947998,0.2069503664970398,0.5118733048439026
process_visualization/Traffic/h720/process_decomposition.csv,,,,,,,,,,,,,,,,,,,,,,,,,,,,,,,,,,,,,,,,,,,,,,,,,,,,,,,,,,,,,,,,,,,,,,,,,,,121,0.4491508574799486,0.00038833916187286377,0.05424125109891206,0.014150887727737427,0.425431919581554,0.04087454080581665,0.12238292396068573,0.23969636857509613,0.1209796667098999
process_visualization/Traffic/h720/process_decomposition.csv,,,,,,,,,,,,,,,,,,,,,,,,,,,,,,,,,,,,,,,,,,,,,,,,,,,,,,,,,,,,,,,,,,,,,,,,,,,122,0.4491508574799486,0.00040572136640548706,0.05424125109891206,0.002964787185192108,0.425431919581554,0.05057979375123978,-0.09781032800674438,0.22219708561897278,-0.18684907257556915
process_visualization/Traffic/h720/process_decomposition.csv,,,,,,,,,,,,,,,,,,,,,,,,,,,,,,,,,,,,,,,,,,,,,,,,,,,,,,,,,,,,,,,,,,,,,,,,,,,123,0.4491508574799486,0.0007515847682952881,0.05424125109891206,0.0049485862255096436,0.425431919581554,0.07285693287849426,-0.2897948622703552,0.20565159618854523,-0.29923099279403687
process_visualization/Traffic/h720/process_decomposition.csv,,,,,,,,,,,,,,,,,,,,,,,,,,,,,,,,,,,,,,,,,,,,,,,,,,,,,,,,,,,,,,,,,,,,,,,,,,,124,0.4491508574799486,0.0009245872497558594,0.05424125109891206,0.005645275115966797,0.425431919581554,0.044428229331970215,-0.5425970554351807,0.1990320086479187,-0.5093362927436829
process_visualization/Traffic/h720/process_decomposition.csv,,,,,,,,,,,,,,,,,,,,,,,,,,,,,,,,,,,,,,,,,,,,,,,,,,,,,,,,,,,,,,,,,,,,,,,,,,,125,0.4491508574799486,0.000367581844329834,0.05424125109891206,0.0016043782234191895,0.425431919581554,0.009689569473266602,-0.8199165463447571,0.1988225281238556,-0.7634171843528748
process_visualization/Traffic/h720/process_decomposition.csv,,,,,,,,,,,,,,,,,,,,,,,,,,,,,,,,,,,,,,,,,,,,,,,,,,,,,,,,,,,,,,,,,,,,,,,,,,,126,0.4491508574799486,0.00021588802337646484,0.05424125109891206,-0.0048902034759521484,0.425431919581554,-0.019116759300231934,-1.0472404956817627,0.20131246745586395,-1.1689692735671997
process_visualization/Traffic/h720/process_decomposition.csv,,,,,,,,,,,,,,,,,,,,,,,,,,,,,,,,,,,,,,,,,,,,,,,,,,,,,,,,,,,,,,,,,,,,,,,,,,,127,0.4491508574799486,-0.0003685951232910156,0.05424125109891206,-0.007024407386779785,0.425431919581554,-0.059288859367370605,-1.2246644496917725,0.19767546653747559,-1.2666927576065063
process_visualization/Traffic/h720/process_decomposition.csv,,,,,,,,,,,,,,,,,,,,,,,,,,,,,,,,,,,,,,,,,,,,,,,,,,,,,,,,,,,,,,,,,,,,,,,,,,,128,0.4491508574799486,-0.0008004903793334961,0.05424125109891206,-0.005286812782287598,0.425431919581554,-0.09483563899993896,-1.3239017724990845,0.1990227848291397,-1.2764650583267212
process_visualization/Traffic/h720/process_decomposition.csv,,,,,,,,,,,,,,,,,,,,,,,,,,,,,,,,,,,,,,,,,,,,,,,,,,,,,,,,,,,,,,,,,,,,,,,,,,,129,0.4491508574799486,-0.0008924007415771484,0.05424125109891206,-0.008614420890808105,0.425431919581554,-0.10623407363891602,-1.2940782308578491,0.20371262729167938,-1.2764650583267212
process_visualization/Traffic/h720/process_decomposition.csv,,,,,,,,,,,,,,,,,,,,,,,,,,,,,,,,,,,,,,,,,,,,,,,,,,,,,,,,,,,,,,,,,,,,,,,,,,,130,0.4491508574799486,-0.00035822391510009766,0.05424125109891206,-0.0020258426666259766,0.425431919581554,-0.06395876407623291,-1.2034178972244263,0.21502499282360077,-1.261806607246399
process_visualization/Traffic/h720/process_decomposition.csv,,,,,,,,,,,,,,,,,,,,,,,,,,,,,,,,,,,,,,,,,,,,,,,,,,,,,,,,,,,,,,,,,,,,,,,,,,,131,0.4491508574799486,2.491474151611328e-05,0.05424125109891206,0.013772785663604736,0.425431919581554,0.07150495052337646,-0.8492113947868347,0.25057128071784973,-0.9881809949874878
process_visualization/Traffic/h720/process_decomposition.csv,,,,,,,,,,,,,,,,,,,,,,,,,,,,,,,,,,,,,,,,,,,,,,,,,,,,,,,,,,,,,,,,,,,,,,,,,,,132,0.4491508574799486,0.0005150437355041504,0.05424125109891206,0.022119909524917603,0.425431919581554,0.22895896434783936,-0.289264440536499,0.35409337282180786,-0.6217182278633118
process_visualization/Traffic/h720/process_decomposition.csv,,,,,,,,,,,,,,,,,,,,,,,,,,,,,,,,,,,,,,,,,,,,,,,,,,,,,,,,,,,,,,,,,,,,,,,,,,,133,0.4491508574799486,0.0011076033115386963,0.05424125109891206,0.026054099202156067,0.425431919581554,0.3592967689037323,0.2561221718788147,0.437144935131073,-0.1673043817281723
process_visualization/Traffic/h720/process_decomposition.csv,,,,,,,,,,,,,,,,,,,,,,,,,,,,,,,,,,,,,,,,,,,,,,,,,,,,,,,,,,,,,,,,,,,,,,,,,,,134,0.4491508574799486,0.0005474090576171875,0.05424125109891206,0.034503549337387085,0.425431919581554,0.3756709694862366,0.37637245655059814,0.38544705510139465,0.17472754418849945
process_visualization/Traffic/h720/process_decomposition.csv,,,,,,,,,,,,,,,,,,,,,,,,,,,,,,,,,,,,,,,,,,,,,,,,,,,,,,,,,,,,,,,,,,,,,,,,,,,135,0.4491508574799486,-2.2232532501220703e-05,0.05424125109891206,0.04482784867286682,0.425431919581554,0.34097588062286377,0.1974007934331894,0.3563879132270813,-1.291123628616333
process_visualization/Traffic/h720/process_decomposition.csv,,,,,,,,,,,,,,,,,,,,,,,,,,,,,,,,,,,,,,,,,,,,,,,,,,,,,,,,,,,,,,,,,,,,,,,,,,,136,0.4491508574799486,-0.0003615766763687134,0.05424125109891206,0.05440916121006012,0.425431919581554,0.3590814471244812,0.21902813017368317,0.341632604598999,-1.3057820796966553
process_visualization/Traffic/h720/process_decomposition.csv,,,,,,,,,,,,,,,,,,,,,,,,,,,,,,,,,,,,,,,,,,,,,,,,,,,,,,,,,,,,,,,,,,,,,,,,,,,137,0.4491508574799486,0.00043123960494995117,0.05424125109891206,0.04803374409675598,0.425431919581554,0.24917501211166382,0.3635205626487732,0.21319332718849182,-1.291123628616333
process_visualization/Traffic/h720/process_decomposition.csv,,,,,,,,,,,,,,,,,,,,,,,,,,,,,,,,,,,,,,,,,,,,,,,,,,,,,,,,,,,,,,,,,,,,,,,,,,,138,0.4491508574799486,0.00034159421920776367,0.05424125109891206,0.05366194248199463,0.425431919581554,0.25364530086517334,0.5719576478004456,0.2039811909198761,-1.3057820796966553
process_visualization/Traffic/h720/process_decomposition.csv,,,,,,,,,,,,,,,,,,,,,,,,,,,,,,,,,,,,,,,,,,,,,,,,,,,,,,,,,,,,,,,,,,,,,,,,,,,139,0.4491508574799486,0.00021636486053466797,0.05424125109891206,0.055845677852630615,0.425431919581554,0.24067580699920654,0.6077532768249512,0.19323556125164032,-1.217831015586853
process_visualization/Traffic/h720/process_decomposition.csv,,,,,,,,,,,,,,,,,,,,,,,,,,,,,,,,,,,,,,,,,,,,,,,,,,,,,,,,,,,,,,,,,,,,,,,,,,,140,0.4491508574799486,0.00012028217315673828,0.05424125109891206,0.055249691009521484,0.425431919581554,0.22467225790023804,0.6719215512275696,0.18850450217723846,-1.3057820796966553
process_visualization/Traffic/h720/process_decomposition.csv,,,,,,,,,,,,,,,,,,,,,,,,,,,,,,,,,,,,,,,,,,,,,,,,,,,,,,,,,,,,,,,,,,,,,,,,,,,141,0.4491508574799486,-0.00010246038436889648,0.05424125109891206,0.05594414472579956,0.425431919581554,0.22706979513168335,0.7300474643707275,0.19521717727184296,-1.3057820796966553
process_visualization/Traffic/h720/process_decomposition.csv,,,,,,,,,,,,,,,,,,,,,,,,,,,,,,,,,,,,,,,,,,,,,,,,,,,,,,,,,,,,,,,,,,,,,,,,,,,142,0.4491508574799486,-0.00011104345321655273,0.05424125109891206,0.055189311504364014,0.425431919581554,0.2772979736328125,0.7718849778175354,0.22474220395088196,-1.261806607246399
process_visualization/Traffic/h720/process_decomposition.csv,,,,,,,,,,,,,,,,,,,,,,,,,,,,,,,,,,,,,,,,,,,,,,,,,,,,,,,,,,,,,,,,,,,,,,,,,,,143,0.4491508574799486,-0.0004150867462158203,0.05424125109891206,0.059890925884246826,0.425431919581554,0.2971107065677643,0.7490617036819458,0.2616075873374939,-1.3057820796966553
process_visualization/Traffic/h720/process_decomposition.csv,,,,,,,,,,,,,,,,,,,,,,,,,,,,,,,,,,,,,,,,,,,,,,,,,,,,,,,,,,,,,,,,,,,,,,,,,,,144,0.4491508574799486,-0.0005179345607757568,0.05424125109891206,0.061272889375686646,0.425431919581554,0.24052844941616058,0.4869232773780823,0.25863635540008545,0.04280094429850578
process_visualization/Traffic/h720/process_decomposition.csv,,,,,,,,,,,,,,,,,,,,,,,,,,,,,,,,,,,,,,,,,,,,,,,,,,,,,,,,,,,,,,,,,,,,,,,,,,,145,0.4491508574799486,0.00011675804853439331,0.05424125109891206,0.025683045387268066,0.425431919581554,0.08073839545249939,0.09934867173433304,0.21766604483127594,-0.010946931317448616
process_visualization/Traffic/h720/process_decomposition.csv,,,,,,,,,,,,,,,,,,,,,,,,,,,,,,,,,,,,,,,,,,,,,,,,,,,,,,,,,,,,,,,,,,,,,,,,,,,146,0.4491508574799486,0.0006883293390274048,0.05424125109891206,0.013939104974269867,0.425431919581554,0.08738473057746887,-0.0816597044467926,0.22203782200813293,-0.09889800101518631
process_visualization/Traffic/h720/process_decomposition.csv,,,,,,,,,,,,,,,,,,,,,,,,,,,,,,,,,,,,,,,,,,,,,,,,,,,,,,,,,,,,,,,,,,,,,,,,,,,147,0.4491508574799486,0.00045034289360046387,0.05424125109891206,0.011944383382797241,0.425431919581554,0.09263604879379272,-0.23669037222862244,0.21176853775978088,-0.0598086342215538
process_visualization/Traffic/h720/process_decomposition.csv,,,,,,,,,,,,,,,,,,,,,,,,,,,,,,,,,,,,,,,,,,,,,,,,,,,,,,,,,,,,,,,,,,,,,,,,,,,148,0.4491508574799486,-6.961822509765625e-05,0.05424125109891206,0.006606549024581909,0.425431919581554,0.056992679834365845,-0.48885342478752136,0.20750094950199127,-0.19173523783683777
process_visualization/Traffic/h720/process_decomposition.csv,,,,,,,,,,,,,,,,,,,,,,,,,,,,,,,,,,,,,,,,,,,,,,,,,,,,,,,,,,,,,,,,,,,,,,,,,,,149,0.4491508574799486,0.00033909082412719727,0.05424125109891206,-0.0026158690452575684,0.425431919581554,0.018787741661071777,-0.7438199520111084,0.21263398230075836,-0.3920682370662689
process_visualization/Traffic/h720/process_decomposition.csv,,,,,,,,,,,,,,,,,,,,,,,,,,,,,,,,,,,,,,,,,,,,,,,,,,,,,,,,,,,,,,,,,,,,,,,,,,,150,0.4491508574799486,0.00012552738189697266,0.05424125109891206,-0.008968472480773926,0.425431919581554,-0.01521986722946167,-0.9918729066848755,0.22225011885166168,-0.6998969316482544
process_visualization/Traffic/h720/process_decomposition.csv,,,,,,,,,,,,,,,,,,,,,,,,,,,,,,,,,,,,,,,,,,,,,,,,,,,,,,,,,,,,,,,,,,,,,,,,,,,151,0.4491508574799486,6.818771362304688e-05,0.05424125109891206,-0.00973057746887207,0.425431919581554,-0.04803633689880371,-1.213819980621338,0.22774383425712585,-0.9979533553123474
process_visualization/Traffic/h720/process_decomposition.csv,,,,,,,,,,,,,,,,,,,,,,,,,,,,,,,,,,,,,,,,,,,,,,,,,,,,,,,,,,,,,,,,,,,,,,,,,,,152,0.4491508574799486,-0.00047469139099121094,0.05424125109891206,-0.003527402877807617,0.425431919581554,-0.07171308994293213,-1.3572697639465332,0.22669173777103424,-1.0272704362869263
process_visualization/Traffic/h720/process_decomposition.csv,,,,,,,,,,,,,,,,,,,,,,,,,,,,,,,,,,,,,,,,,,,,,,,,,,,,,,,,,,,,,,,,,,,,,,,,,,,153,0.4491508574799486,-0.0006372928619384766,0.05424125109891206,-0.0001590251922607422,0.425431919581554,-0.08125889301300049,-1.3369808197021484,0.22969162464141846,-1.0223841667175293
process_visualization/Traffic/h720/process_decomposition.csv,,,,,,,,,,,,,,,,,,,,,,,,,,,,,,,,,,,,,,,,,,,,,,,,,,,,,,,,,,,,,,,,,,,,,,,,,,,154,0.4491508574799486,-0.0007841587066650391,0.05424125109891206,0.0036031007766723633,0.425431919581554,-0.09809994697570801,-1.3122133016586304,0.2270110696554184,-1.0223841667175293
process_visualization/Traffic/h720/process_decomposition.csv,,,,,,,,,,,,,,,,,,,,,,,,,,,,,,,,,,,,,,,,,,,,,,,,,,,,,,,,,,,,,,,,,,,,,,,,,,,155,0.4491508574799486,-0.0008559226989746094,0.05424125109891206,0.0118941068649292,0.425431919581554,-0.09041905403137207,-1.1562138795852661,0.21629215776920319,-1.0174980163574219
process_visualization/Traffic/h720/process_decomposition.csv,,,,,,,,,,,,,,,,,,,,,,,,,,,,,,,,,,,,,,,,,,,,,,,,,,,,,,,,,,,,,,,,,,,,,,,,,,,156,0.4491508574799486,-0.000898897647857666,0.05424125109891206,0.020027875900268555,0.425431919581554,-0.05635404586791992,-0.8861356377601624,0.2123439759016037,-0.866026759147644
process_visualization/Traffic/h720/process_decomposition.csv,,,,,,,,,,,,,,,,,,,,,,,,,,,,,,,,,,,,,,,,,,,,,,,,,,,,,,,,,,,,,,,,,,,,,,,,,,,157,0.4491508574799486,-0.0006647109985351562,0.05424125109891206,0.027001619338989258,0.425431919581554,0.004789829254150391,-0.5777682065963745,0.2102077454328537,-0.49956396222114563
process_visualization/Traffic/h720/process_decomposition.csv,,,,,,,,,,,,,,,,,,,,,,,,,,,,,,,,,,,,,,,,,,,,,,,,,,,,,,,,,,,,,,,,,,,,,,,,,,,158,0.4491508574799486,-0.0008650720119476318,0.05424125109891206,0.03585606813430786,0.425431919581554,0.07060641050338745,-0.3261840045452118,0.2117307484149933,-0.04515012353658676
process_visualization/Traffic/h720/process_decomposition.csv,,,,,,,,,,,,,,,,,,,,,,,,,,,,,,,,,,,,,,,,,,,,,,,,,,,,,,,,,,,,,,,,,,,,,,,,,,,159,0.4491508574799486,-0.0012935400009155273,0.05424125109891206,0.04248623549938202,0.425431919581554,0.12769411504268646,-0.1902502328157425,0.21984003484249115,-0.3383203446865082
process_visualization/Traffic/h720/process_decomposition.csv,,,,,,,,,,,,,,,,,,,,,,,,,,,,,,,,,,,,,,,,,,,,,,,,,,,,,,,,,,,,,,,,,,,,,,,,,,,160,0.4491508574799486,-0.0012956149876117706,0.05424125109891206,0.04566106200218201,0.425431919581554,0.20712268352508545,0.02523857355117798,0.22754928469657898,-0.8464820981025696
process_visualization/Traffic/h720/process_decomposition.csv,,,,,,,,,,,,,,,,,,,,,,,,,,,,,,,,,,,,,,,,,,,,,,,,,,,,,,,,,,,,,,,,,,,,,,,,,,,161,0.4491508574799486,-0.0008605718612670898,0.05424125109891206,0.05456329882144928,0.425431919581554,0.2055623084306717,0.19799023866653442,0.20812982320785522,-0.8415958881378174
process_visualization/Traffic/h720/process_decomposition.csv,,,,,,,,,,,,,,,,,,,,,,,,,,,,,,,,,,,,,,,,,,,,,,,,,,,,,,,,,,,,,,,,,,,,,,,,,,,162,0.4491508574799486,-0.0003069937229156494,0.05424125109891206,0.05675101280212402,0.425431919581554,0.21433183550834656,0.4094764292240143,0.21180246770381927,-0.8171650767326355
process_visualization/Traffic/h720/process_decomposition.csv,,,,,,,,,,,,,,,,,,,,,,,,,,,,,,,,,,,,,,,,,,,,,,,,,,,,,,,,,,,,,,,,,,,,,,,,,,,163,0.4491508574799486,-9.34898853302002e-05,0.05424125109891206,0.06132936477661133,0.425431919581554,0.20698629319667816,0.4309837520122528,0.21341365575790405,-0.8269373774528503
process_visualization/Traffic/h720/process_decomposition.csv,,,,,,,,,,,,,,,,,,,,,,,,,,,,,,,,,,,,,,,,,,,,,,,,,,,,,,,,,,,,,,,,,,,,,,,,,,,164,0.4491508574799486,-0.0005738139152526855,0.05424125109891206,0.0692259669303894,0.425431919581554,0.2182585597038269,0.4508153796195984,0.21550598740577698,0.6389137506484985
process_visualization/Traffic/h720/process_decomposition.csv,,,,,,,,,,,,,,,,,,,,,,,,,,,,,,,,,,,,,,,,,,,,,,,,,,,,,,,,,,,,,,,,,,,,,,,,,,,165,0.4491508574799486,-0.0003311038017272949,0.05424125109891206,0.07119664549827576,0.425431919581554,0.221289724111557,0.4807114005088806,0.2084101289510727,1.0298073291778564
process_visualization/Traffic/h720/process_decomposition.csv,,,,,,,,,,,,,,,,,,,,,,,,,,,,,,,,,,,,,,,,,,,,,,,,,,,,,,,,,,,,,,,,,,,,,,,,,,,166,0.4491508574799486,-0.00017756223678588867,0.05424125109891206,0.06742164492607117,0.425431919581554,0.2290140986442566,0.5117072463035583,0.20876839756965637,1.0493520498275757
process_visualization/Traffic/h720/process_decomposition.csv,,,,,,,,,,,,,,,,,,,,,,,,,,,,,,,,,,,,,,,,,,,,,,,,,,,,,,,,,,,,,,,,,,,,,,,,,,,167,0.4491508574799486,-0.0004603266716003418,0.05424125109891206,0.06300383806228638,0.425431919581554,0.21281352639198303,0.4352197051048279,0.22222647070884705,0.8099297285079956
process_visualization/Traffic/h720/process_decomposition.csv,,,,,,,,,,,,,,,,,,,,,,,,,,,,,,,,,,,,,,,,,,,,,,,,,,,,,,,,,,,,,,,,,,,,,,,,,,,168,0.4491508574799486,-0.000228196382522583,0.05424125109891206,0.04882150888442993,0.425431919581554,0.1791354864835739,0.23527860641479492,0.23257480561733246,0.5265318155288696
process_visualization/Traffic/h720/process_decomposition.csv,,,,,,,,,,,,,,,,,,,,,,,,,,,,,,,,,,,,,,,,,,,,,,,,,,,,,,,,,,,,,,,,,,,,,,,,,,,169,0.4491508574799486,4.126317799091339e-05,0.05424125109891206,0.029511798173189163,0.425431919581554,0.10312391817569733,-0.009462687186896801,0.2237047553062439,0.32131266593933105
process_visualization/Traffic/h720/process_decomposition.csv,,,,,,,,,,,,,,,,,,,,,,,,,,,,,,,,,,,,,,,,,,,,,,,,,,,,,,,,,,,,,,,,,,,,,,,,,,,170,0.4491508574799486,0.00037385523319244385,0.05424125109891206,0.0187671035528183,0.425431919581554,0.08887001872062683,-0.2192341536283493,0.22273118793964386,0.23336158692836761
process_visualization/Traffic/h720/process_decomposition.csv,,,,,,,,,,,,,,,,,,,,,,,,,,,,,,,,,,,,,,,,,,,,,,,,,,,,,,,,,,,,,,,,,,,,,,,,,,,171,0.4491508574799486,0.00040161609649658203,0.05424125109891206,0.016248226165771484,0.425431919581554,0.06265410780906677,-0.4023761749267578,0.22469890117645264,0.1258658468723297
process_visualization/Traffic/h720/process_decomposition.csv,,,,,,,,,,,,,,,,,,,,,,,,,,,,,,,,,,,,,,,,,,,,,,,,,,,,,,,,,,,,,,,,,,,,,,,,,,,172,0.4491508574799486,5.4717063903808594e-05,0.05424125109891206,0.013598263263702393,0.425431919581554,0.02929013967514038,-0.645054280757904,0.23008394241333008,-0.28945863246917725
process_visualization/Traffic/h720/process_decomposition.csv,,,,,,,,,,,,,,,,,,,,,,,,,,,,,,,,,,,,,,,,,,,,,,,,,,,,,,,,,,,,,,,,,,,,,,,,,,,173,0.4491508574799486,4.231929779052734e-06,0.05424125109891206,0.005172133445739746,0.425431919581554,0.023506760597229004,-0.9019465446472168,0.23104189336299896,-0.6754661202430725
process_visualization/Traffic/h720/process_decomposition.csv,,,,,,,,,,,,,,,,,,,,,,,,,,,,,,,,,,,,,,,,,,,,,,,,,,,,,,,,,,,,,,,,,,,,,,,,,,,174,0.4491508574799486,-1.3470649719238281e-05,0.05424125109891206,-0.0006641149520874023,0.425431919581554,0.00817859172821045,-1.1241862773895264,0.23994573950767517,-1.2080587148666382
process_visualization/Traffic/h720/process_decomposition.csv,,,,,,,,,,,,,,,,,,,,,,,,,,,,,,,,,,,,,,,,,,,,,,,,,,,,,,,,,,,,,,,,,,,,,,,,,,,175,0.4491508574799486,-0.0007035732269287109,0.05424125109891206,-0.0010968446731567383,0.425431919581554,-0.01565384864807129,-1.3129918575286865,0.2470390945672989,-1.2422618865966797
process_visualization/Traffic/h720/process_decomposition.csv,,,,,,,,,,,,,,,,,,,,,,,,,,,,,,,,,,,,,,,,,,,,,,,,,,,,,,,,,,,,,,,,,,,,,,,,,,,176,0.4491508574799486,-0.0007915496826171875,0.05424125109891206,0.0024938583374023438,0.425431919581554,0.009865760803222656,-1.3860740661621094,0.24404704570770264,-1.2373757362365723
process_visualization/Traffic/h720/process_decomposition.csv,,,,,,,,,,,,,,,,,,,,,,,,,,,,,,,,,,,,,,,,,,,,,,,,,,,,,,,,,,,,,,,,,,,,,,,,,,,177,0.4491508574799486,-0.0008507966995239258,0.05424125109891206,0.0010491609573364258,0.425431919581554,-0.06758522987365723,-1.2991572618484497,0.2597733736038208,-1.2080587148666382
process_visualization/Traffic/h720/process_decomposition.csv,,,,,,,,,,,,,,,,,,,,,,,,,,,,,,,,,,,,,,,,,,,,,,,,,,,,,,,,,,,,,,,,,,,,,,,,,,,178,0.4491508574799486,-0.0007603168487548828,0.05424125109891206,0.009217679500579834,0.425431919581554,-0.012619554996490479,-0.9250543117523193,0.26125484704971313,-0.6461490988731384
process_visualization/Traffic/h720/process_decomposition.csv,,,,,,,,,,,,,,,,,,,,,,,,,,,,,,,,,,,,,,,,,,,,,,,,,,,,,,,,,,,,,,,,,,,,,,,,,,,179,0.4491508574799486,-0.0006493330001831055,0.05424125109891206,0.021109044551849365,0.425431919581554,0.09437483549118042,-0.3162934184074402,0.2519938051700592,0.23824776709079742
process_visualization/Traffic/h720/process_decomposition.csv,,,,,,,,,,,,,,,,,,,,,,,,,,,,,,,,,,,,,,,,,,,,,,,,,,,,,,,,,,,,,,,,,,,,,,,,,,,180,0.4491508574799486,-0.0007902681827545166,0.05424125109891206,0.03370875120162964,0.425431919581554,0.22327113151550293,0.3570052683353424,0.24456660449504852,1.166620135307312
process_visualization/Traffic/h720/process_decomposition.csv,,,,,,,,,,,,,,,,,,,,,,,,,,,,,,,,,,,,,,,,,,,,,,,,,,,,,,,,,,,,,,,,,,,,,,,,,,,181,0.4491508574799486,-0.0008223056793212891,0.05424125109891206,0.04257017374038696,0.425431919581554,0.24939727783203125,0.7602159976959229,0.2630934715270996,4.327972412109375
process_visualization/Traffic/h720/process_decomposition.csv,,,,,,,,,,,,,,,,,,,,,,,,,,,,,,,,,,,,,,,,,,,,,,,,,,,,,,,,,,,,,,,,,,,,,,,,,,,182,0.4491508574799486,-0.0011397600173950195,0.05424125109891206,0.0488700270652771,0.425431919581554,0.13869190216064453,0.6781257390975952,0.341697633266449,5.173279762268066
process_visualization/Traffic/h720/process_decomposition.csv,,,,,,,,,,,,,,,,,,,,,,,,,,,,,,,,,,,,,,,,,,,,,,,,,,,,,,,,,,,,,,,,,,,,,,,,,,,183,0.4491508574799486,-0.0011138617992401123,0.05424125109891206,0.05054295063018799,0.425431919581554,0.032698363065719604,0.31315383315086365,0.3845447301864624,1.4939935207366943
process_visualization/Traffic/h720/process_decomposition.csv,,,,,,,,,,,,,,,,,,,,,,,,,,,,,,,,,,,,,,,,,,,,,,,,,,,,,,,,,,,,,,,,,,,,,,,,,,,184,0.4491508574799486,-0.001074954867362976,0.05424125109891206,0.0487678125500679,0.425431919581554,0.07940454035997391,0.1731395423412323,0.28040823340415955,0.7708403468132019
process_visualization/Traffic/h720/process_decomposition.csv,,,,,,,,,,,,,,,,,,,,,,,,,,,,,,,,,,,,,,,,,,,,,,,,,,,,,,,,,,,,,,,,,,,,,,,,,,,185,0.4491508574799486,-0.000757262110710144,0.05424125109891206,0.07615597546100616,0.425431919581554,0.2703081965446472,0.19701643288135529,0.2543312907218933,0.7464094758033752
process_visualization/Traffic/h720/process_decomposition.csv,,,,,,,,,,,,,,,,,,,,,,,,,,,,,,,,,,,,,,,,,,,,,,,,,,,,,,,,,,,,,,,,,,,,,,,,,,,186,0.4491508574799486,-0.0003574490547180176,0.05424125109891206,0.08480140566825867,0.425431919581554,0.30509957671165466,0.4034978747367859,0.2651931941509247,0.7708403468132019
process_visualization/Traffic/h720/process_decomposition.csv,,,,,,,,,,,,,,,,,,,,,,,,,,,,,,,,,,,,,,,,,,,,,,,,,,,,,,,,,,,,,,,,,,,,,,,,,,,187,0.4491508574799486,-0.00029784440994262695,0.05424125109891206,0.08556890487670898,0.425431919581554,0.34266233444213867,0.5029585361480713,0.2577495276927948,0.6926615834236145
process_visualization/Traffic/h720/process_decomposition.csv,,,,,,,,,,,,,,,,,,,,,,,,,,,,,,,,,,,,,,,,,,,,,,,,,,,,,,,,,,,,,,,,,,,,,,,,,,,188,0.4491508574799486,-0.00019377470016479492,0.05424125109891206,0.07823136448860168,0.425431919581554,0.35359781980514526,0.5670498609542847,0.2442006766796112,1.0053764581680298
process_visualization/Traffic/h720/process_decomposition.csv,,,,,,,,,,,,,,,,,,,,,,,,,,,,,,,,,,,,,,,,,,,,,,,,,,,,,,,,,,,,,,,,,,,,,,,,,,,189,0.4491508574799486,-7.873773574829102e-05,0.05424125109891206,0.07366818189620972,0.425431919581554,0.33791276812553406,0.597273588180542,0.23704847693443298,-0.40672674775123596
process_visualization/Traffic/h720/process_decomposition.csv,,,,,,,,,,,,,,,,,,,,,,,,,,,,,,,,,,,,,,,,,,,,,,,,,,,,,,,,,,,,,,,,,,,,,,,,,,,190,0.4491508574799486,-0.000164031982421875,0.05424125109891206,0.06967669725418091,0.425431919581554,0.3051001727581024,0.6470751762390137,0.23033681511878967,-1.2080587148666382
process_visualization/Traffic/h720/process_decomposition.csv,,,,,,,,,,,,,,,,,,,,,,,,,,,,,,,,,,,,,,,,,,,,,,,,,,,,,,,,,,,,,,,,,,,,,,,,,,,191,0.4491508574799486,-0.0001995563507080078,0.05424125109891206,0.06210029125213623,0.425431919581554,0.2622458040714264,0.6261377334594727,0.2283933013677597,-0.695010781288147
process_visualization/Traffic/h720/process_decomposition.csv,,,,,,,,,,,,,,,,,,,,,,,,,,,,,,,,,,,,,,,,,,,,,,,,,,,,,,,,,,,,,,,,,,,,,,,,,,,192,0.4491508574799486,0.0001055002212524414,0.05424125109891206,0.04053151607513428,0.425431919581554,0.18070024251937866,0.38334921002388,0.23931020498275757,-1.2080587148666382
process_visualization/Traffic/h720/process_decomposition.csv,,,,,,,,,,,,,,,,,,,,,,,,,,,,,,,,,,,,,,,,,,,,,,,,,,,,,,,,,,,,,,,,,,,,,,,,,,,193,0.4491508574799486,0.0003643631935119629,0.05424125109891206,0.05374893546104431,0.425431919581554,0.3219088912010193,0.10238572955131531,0.2478732168674469,-0.8464820981025696
process_visualization/Traffic/h720/process_decomposition.csv,,,,,,,,,,,,,,,,,,,,,,,,,,,,,,,,,,,,,,,,,,,,,,,,,,,,,,,,,,,,,,,,,,,,,,,,,,,194,0.4491508574799486,0.00043332576751708984,0.05424125109891206,0.04466995596885681,0.425431919581554,0.22983896732330322,-0.21559026837348938,0.249535471200943,-0.25036928057670593
process_visualization/Traffic/h720/process_decomposition.csv,,,,,,,,,,,,,,,,,,,,,,,,,,,,,,,,,,,,,,,,,,,,,,,,,,,,,,,,,,,,,,,,,,,,,,,,,,,195,0.4491508574799486,-0.00038635730743408203,0.05424125109891206,0.03801894187927246,0.425431919581554,0.1891103982925415,-0.5155001878738403,0.25178655982017517,-0.44092991948127747
process_visualization/Traffic/h720/process_decomposition.csv,,,,,,,,,,,,,,,,,,,,,,,,,,,,,,,,,,,,,,,,,,,,,,,,,,,,,,,,,,,,,,,,,,,,,,,,,,,196,0.4491508574799486,-0.0005148649215698242,0.05424125109891206,0.027269601821899414,0.425431919581554,0.14287763833999634,-0.7797373533248901,0.2524319887161255,-0.709669291973114
process_visualization/Traffic/h720/process_decomposition.csv,,,,,,,,,,,,,,,,,,,,,,,,,,,,,,,,,,,,,,,,,,,,,,,,,,,,,,,,,,,,,,,,,,,,,,,,,,,197,0.4491508574799486,-0.0006272792816162109,0.05424125109891206,0.019000768661499023,0.425431919581554,0.10727536678314209,-1.004035472869873,0.2477855086326599,-1.0614736080169678
process_visualization/Traffic/h720/process_decomposition.csv,,,,,,,,,,,,,,,,,,,,,,,,,,,,,,,,,,,,,,,,,,,,,,,,,,,,,,,,,,,,,,,,,,,,,,,,,,,198,0.4491508574799486,-0.0003827810287475586,0.05424125109891206,0.018444061279296875,0.425431919581554,0.08636105060577393,-1.1373142004013062,0.24697469174861908,-1.2129448652267456
process_visualization/Traffic/h720/process_decomposition.csv,,,,,,,,,,,,,,,,,,,,,,,,,,,,,,,,,,,,,,,,,,,,,,,,,,,,,,,,,,,,,,,,,,,,,,,,,,,199,0.4491508574799486,-0.0002645254135131836,0.05424125109891206,0.018837690353393555,0.425431919581554,0.049049973487854004,-1.242332935333252,0.2481420934200287,-1.2324895858764648
process_visualization/Traffic/h720/process_decomposition.csv,,,,,,,,,,,,,,,,,,,,,,,,,,,,,,,,,,,,,,,,,,,,,,,,,,,,,,,,,,,,,,,,,,,,,,,,,,,200,0.4491508574799486,1.0132789611816406e-05,0.05424125109891206,0.010607361793518066,0.425431919581554,0.026949167251586914,-1.3372474908828735,0.25879576802253723,-1.2373757362365723
process_visualization/Traffic/h720/process_decomposition.csv,,,,,,,,,,,,,,,,,,,,,,,,,,,,,,,,,,,,,,,,,,,,,,,,,,,,,,,,,,,,,,,,,,,,,,,,,,,201,0.4491508574799486,0.0003533363342285156,0.05424125109891206,0.012454032897949219,0.425431919581554,-0.006818532943725586,-1.2769215106964111,0.2779623568058014,-1.217831015586853
process_visualization/Traffic/h720/process_decomposition.csv,,,,,,,,,,,,,,,,,,,,,,,,,,,,,,,,,,,,,,,,,,,,,,,,,,,,,,,,,,,,,,,,,,,,,,,,,,,202,0.4491508574799486,0.0007693767547607422,0.05424125109891206,0.01755577325820923,0.425431919581554,0.03948533535003662,-0.879052996635437,0.279674768447876,-0.6901246309280396
process_visualization/Traffic/h720/process_decomposition.csv,,,,,,,,,,,,,,,,,,,,,,,,,,,,,,,,,,,,,,,,,,,,,,,,,,,,,,,,,,,,,,,,,,,,,,,,,,,203,0.4491508574799486,0.0005858838558197021,0.05424125109891206,0.03155668079853058,0.425431919581554,0.2091808319091797,-0.07483352720737457,0.25669604539871216,0.32131266593933105
process_visualization/Traffic/h720/process_decomposition.csv,,,,,,,,,,,,,,,,,,,,,,,,,,,,,,,,,,,,,,,,,,,,,,,,,,,,,,,,,,,,,,,,,,,,,,,,,,,204,0.4491508574799486,0.0011295676231384277,0.05424125109891206,0.04897797107696533,0.425431919581554,0.4431033134460449,0.9941480755805969,0.25600290298461914,1.3425222635269165
process_visualization/Traffic/h720/process_decomposition.csv,,,,,,,,,,,,,,,,,,,,,,,,,,,,,,,,,,,,,,,,,,,,,,,,,,,,,,,,,,,,,,,,,,,,,,,,,,,205,0.4491508574799486,0.0011968612670898438,0.05424125109891206,0.06367301940917969,0.425431919581554,0.5078216791152954,1.7486063241958618,0.24995125830173492,2.7448532581329346
process_visualization/Traffic/h720/process_decomposition.csv,,,,,,,,,,,,,,,,,,,,,,,,,,,,,,,,,,,,,,,,,,,,,,,,,,,,,,,,,,,,,,,,,,,,,,,,,,,206,0.4491508574799486,0.0006577968597412109,0.05424125109891206,0.06313729286193848,0.425431919581554,0.312857985496521,1.5091795921325684,0.3694121241569519,1.2936605215072632
process_visualization/Traffic/h720/process_decomposition.csv,,,,,,,,,,,,,,,,,,,,,,,,,,,,,,,,,,,,,,,,,,,,,,,,,,,,,,,,,,,,,,,,,,,,,,,,,,,207,0.4491508574799486,0.0003661513328552246,0.05424125109891206,0.058135390281677246,0.425431919581554,0.11659854650497437,0.6829360127449036,0.4416886568069458,1.239912748336792
process_visualization/Traffic/h720/process_decomposition.csv,,,,,,,,,,,,,,,,,,,,,,,,,,,,,,,,,,,,,,,,,,,,,,,,,,,,,,,,,,,,,,,,,,,,,,,,,,,208,0.4491508574799486,0.00015345215797424316,0.05424125109891206,0.05421467870473862,0.425431919581554,0.12426714599132538,0.16707049310207367,0.27391570806503296,0.941856324672699
process_visualization/Traffic/h720/process_decomposition.csv,,,,,,,,,,,,,,,,,,,,,,,,,,,,,,,,,,,,,,,,,,,,,,,,,,,,,,,,,,,,,,,,,,,,,,,,,,,209,0.4491508574799486,9.268522262573242e-05,0.05424125109891206,0.06704991310834885,0.425431919581554,0.2828933298587799,0.18075546622276306,0.2568381428718567,0.8245882391929626
process_visualization/Traffic/h720/process_decomposition.csv,,,,,,,,,,,,,,,,,,,,,,,,,,,,,,,,,,,,,,,,,,,,,,,,,,,,,,,,,,,,,,,,,,,,,,,,,,,210,0.4491508574799486,0.00048351287841796875,0.05424125109891206,0.06884309649467468,0.425431919581554,0.31696078181266785,0.34905245900154114,0.2596709728240967,-0.5191086530685425
process_visualization/Traffic/h720/process_decomposition.csv,,,,,,,,,,,,,,,,,,,,,,,,,,,,,,,,,,,,,,,,,,,,,,,,,,,,,,,,,,,,,,,,,,,,,,,,,,,211,0.4491508574799486,0.0008068382740020752,0.05424125109891206,0.07193508744239807,0.425431919581554,0.3515550494194031,0.4547751247882843,0.2550285756587982,-1.2080587148666382
process_visualization/Traffic/h720/process_decomposition.csv,,,,,,,,,,,,,,,,,,,,,,,,,,,,,,,,,,,,,,,,,,,,,,,,,,,,,,,,,,,,,,,,,,,,,,,,,,,212,0.4491508574799486,0.0011760592460632324,0.05424125109891206,0.07064926624298096,0.425431919581554,0.379664808511734,0.5629650950431824,0.23850278556346893,-1.2080587148666382
process_visualization/Traffic/h720/process_decomposition.csv,,,,,,,,,,,,,,,,,,,,,,,,,,,,,,,,,,,,,,,,,,,,,,,,,,,,,,,,,,,,,,,,,,,,,,,,,,,213,0.4491508574799486,0.0013396143913269043,0.05424125109891206,0.07015115022659302,0.425431919581554,0.4104246199131012,0.7045171856880188,0.23279358446598053,-1.2080587148666382
process_visualization/Traffic/h720/process_decomposition.csv,,,,,,,,,,,,,,,,,,,,,,,,,,,,,,,,,,,,,,,,,,,,,,,,,,,,,,,,,,,,,,,,,,,,,,,,,,,214,0.4491508574799486,0.0013608932495117188,0.05424125109891206,0.06707930564880371,0.425431919581554,0.3942173719406128,0.8662137985229492,0.2338913530111313,-1.2080587148666382
process_visualization/Traffic/h720/process_decomposition.csv,,,,,,,,,,,,,,,,,,,,,,,,,,,,,,,,,,,,,,,,,,,,,,,,,,,,,,,,,,,,,,,,,,,,,,,,,,,215,0.4491508574799486,0.0011930465698242188,0.05424125109891206,0.05645328760147095,0.425431919581554,0.3131752014160156,0.8123474717140198,0.2510572671890259,-1.2080587148666382
process_visualization/Traffic/h720/process_decomposition.csv,,,,,,,,,,,,,,,,,,,,,,,,,,,,,,,,,,,,,,,,,,,,,,,,,,,,,,,,,,,,,,,,,,,,,,,,,,,216,0.4491508574799486,0.0008255839347839355,0.05424125109891206,0.045645564794540405,0.425431919581554,0.23271416127681732,0.47807642817497253,0.273691326379776,-1.2080587148666382
process_visualization/Traffic/h720/process_decomposition.csv,,,,,,,,,,,,,,,,,,,,,,,,,,,,,,,,,,,,,,,,,,,,,,,,,,,,,,,,,,,,,,,,,,,,,,,,,,,217,0.4491508574799486,0.0007377155125141144,0.05424125109891206,0.0323961079120636,0.425431919581554,0.17028537392616272,0.057508304715156555,0.27782678604125977,-0.6412628889083862
process_visualization/Traffic/h720/process_decomposition.csv,,,,,,,,,,,,,,,,,,,,,,,,,,,,,,,,,,,,,,,,,,,,,,,,,,,,,,,,,,,,,,,,,,,,,,,,,,,218,0.4491508574799486,0.0004737377166748047,0.05424125109891206,0.02691406011581421,0.425431919581554,0.1377265751361847,-0.2699453830718994,0.2672945559024811,-0.1721905618906021
process_visualization/Traffic/h720/process_decomposition.csv,,,,,,,,,,,,,,,,,,,,,,,,,,,,,,,,,,,,,,,,,,,,,,,,,,,,,,,,,,,,,,,,,,,,,,,,,,,219,0.4491508574799486,0.00045222043991088867,0.05424125109891206,0.02272796630859375,0.425431919581554,0.11683815717697144,-0.5019086599349976,0.2563331723213196,-0.33343419432640076
process_visualization/Traffic/h720/process_decomposition.csv,,,,,,,,,,,,,,,,,,,,,,,,,,,,,,,,,,,,,,,,,,,,,,,,,,,,,,,,,,,,,,,,,,,,,,,,,,,220,0.4491508574799486,4.708766937255859e-06,0.05424125109891206,0.02124875783920288,0.425431919581554,0.06974422931671143,-0.7610185146331787,0.2534840703010559,-0.6803522706031799
process_visualization/Traffic/h720/process_decomposition.csv,,,,,,,,,,,,,,,,,,,,,,,,,,,,,,,,,,,,,,,,,,,,,,,,,,,,,,,,,,,,,,,,,,,,,,,,,,,221,0.4491508574799486,0.00039768218994140625,0.05424125109891206,0.02021157741546631,0.425431919581554,0.044960618019104004,-1.0153157711029053,0.25489121675491333,-0.9197746515274048
process_visualization/Traffic/h720/process_decomposition.csv,,,,,,,,,,,,,,,,,,,,,,,,,,,,,,,,,,,,,,,,,,,,,,,,,,,,,,,,,,,,,,,,,,,,,,,,,,,222,0.4491508574799486,5.0067901611328125e-05,0.05424125109891206,0.017931461334228516,0.425431919581554,0.027927041053771973,-1.171036720275879,0.258274644613266,-1.2031725645065308
process_visualization/Traffic/h720/process_decomposition.csv,,,,,,,,,,,,,,,,,,,,,,,,,,,,,,,,,,,,,,,,,,,,,,,,,,,,,,,,,,,,,,,,,,,,,,,,,,,223,0.4491508574799486,1.239776611328125e-05,0.05424125109891206,0.01652204990386963,0.425431919581554,-0.021791696548461914,-1.2657088041305542,0.256285697221756,-1.2324895858764648
process_visualization/Traffic/h720/process_decomposition.csv,,,,,,,,,,,,,,,,,,,,,,,,,,,,,,,,,,,,,,,,,,,,,,,,,,,,,,,,,,,,,,,,,,,,,,,,,,,224,0.4491508574799486,0.00012040138244628906,0.05424125109891206,0.016234755516052246,0.425431919581554,-0.006479501724243164,-1.3225563764572144,0.2580260634422302,-1.2276033163070679
process_visualization/Traffic/h720/process_decomposition.csv,,,,,,,,,,,,,,,,,,,,,,,,,,,,,,,,,,,,,,,,,,,,,,,,,,,,,,,,,,,,,,,,,,,,,,,,,,,225,0.4491508574799486,0.0001690387725830078,0.05424125109891206,0.003915667533874512,0.425431919581554,-0.09569418430328369,-1.3218830823898315,0.2643314301967621,-1.217831015586853
process_visualization/Traffic/h720/process_decomposition.csv,,,,,,,,,,,,,,,,,,,,,,,,,,,,,,,,,,,,,,,,,,,,,,,,,,,,,,,,,,,,,,,,,,,,,,,,,,,226,0.4491508574799486,0.0004302859306335449,0.05424125109891206,0.012121617794036865,0.425431919581554,-0.04192376136779785,-0.9941639304161072,0.2605346143245697,-0.6217182278633118
process_visualization/Traffic/h720/process_decomposition.csv,,,,,,,,,,,,,,,,,,,,,,,,,,,,,,,,,,,,,,,,,,,,,,,,,,,,,,,,,,,,,,,,,,,,,,,,,,,227,0.4491508574799486,-8.814036846160889e-05,0.05424125109891206,0.023528873920440674,0.425431919581554,0.1445472687482834,-0.21647968888282776,0.250719279050827,0.25290626287460327
process_visualization/Traffic/h720/process_decomposition.csv,,,,,,,,,,,,,,,,,,,,,,,,,,,,,,,,,,,,,,,,,,,,,,,,,,,,,,,,,,,,,,,,,,,,,,,,,,,228,0.4491508574799486,0.0001246929168701172,0.05424125109891206,0.03749161958694458,0.425431919581554,0.4098789095878601,0.9288332462310791,0.2910824120044708,1.2154818773269653
process_visualization/Traffic/h720/process_decomposition.csv,,,,,,,,,,,,,,,,,,,,,,,,,,,,,,,,,,,,,,,,,,,,,,,,,,,,,,,,,,,,,,,,,,,,,,,,,,,229,0.4491508574799486,0.0008087158203125,0.05424125109891206,0.048490285873413086,0.425431919581554,0.5571215152740479,1.8066768646240234,0.28670167922973633,2.0510170459747314
process_visualization/Traffic/h720/process_decomposition.csv,,,,,,,,,,,,,,,,,,,,,,,,,,,,,,,,,,,,,,,,,,,,,,,,,,,,,,,,,,,,,,,,,,,,,,,,,,,230,0.4491508574799486,0.0012290477752685547,0.05424125109891206,0.04734373092651367,0.425431919581554,0.39381206035614014,1.6116790771484375,0.25686901807785034,2.930527687072754
process_visualization/Traffic/h720/process_decomposition.csv,,,,,,,,,,,,,,,,,,,,,,,,,,,,,,,,,,,,,,,,,,,,,,,,,,,,,,,,,,,,,,,,,,,,,,,,,,,231,0.4491508574799486,0.0015341639518737793,0.05424125109891206,0.043530941009521484,0.425431919581554,0.17730224132537842,0.7597658634185791,0.2915993928909302,1.0346934795379639
process_visualization/Traffic/h720/process_decomposition.csv,,,,,,,,,,,,,,,,,,,,,,,,,,,,,,,,,,,,,,,,,,,,,,,,,,,,,,,,,,,,,,,,,,,,,,,,,,,232,0.4491508574799486,0.0012470781803131104,0.05424125109891206,0.04866395145654678,0.425431919581554,0.22095157206058502,0.1562938392162323,0.25863394141197205,-1.2080587148666382
process_visualization/Traffic/h720/process_decomposition.csv,,,,,,,,,,,,,,,,,,,,,,,,,,,,,,,,,,,,,,,,,,,,,,,,,,,,,,,,,,,,,,,,,,,,,,,,,,,233,0.4491508574799486,0.0008948072791099548,0.05424125109891206,0.060624755918979645,0.425431919581554,0.275982141494751,0.08867835253477097,0.3295497000217438,-1.2080587148666382
process_visualization/Traffic/h720/process_decomposition.csv,,,,,,,,,,,,,,,,,,,,,,,,,,,,,,,,,,,,,,,,,,,,,,,,,,,,,,,,,,,,,,,,,,,,,,,,,,,234,0.4491508574799486,0.0004443526268005371,0.05424125109891206,0.061218589544296265,0.425431919581554,0.261284738779068,0.3077734112739563,0.27381274104118347,-1.2080587148666382
process_visualization/Traffic/h720/process_decomposition.csv,,,,,,,,,,,,,,,,,,,,,,,,,,,,,,,,,,,,,,,,,,,,,,,,,,,,,,,,,,,,,,,,,,,,,,,,,,,235,0.4491508574799486,0.00026410818099975586,0.05424125109891206,0.06077408790588379,0.425431919581554,0.2557418942451477,0.42193010449409485,0.24973781406879425,-0.44092991948127747
process_visualization/Traffic/h720/process_decomposition.csv,,,,,,,,,,,,,,,,,,,,,,,,,,,,,,,,,,,,,,,,,,,,,,,,,,,,,,,,,,,,,,,,,,,,,,,,,,,236,0.4491508574799486,0.00038319826126098633,0.05424125109891206,0.05561208724975586,0.425431919581554,0.2337660789489746,0.5110108256340027,0.23458850383758545,-1.2080587148666382
process_visualization/Traffic/h720/process_decomposition.csv,,,,,,,,,,,,,,,,,,,,,,,,,,,,,,,,,,,,,,,,,,,,,,,,,,,,,,,,,,,,,,,,,,,,,,,,,,,237,0.4491508574799486,5.2034854888916016e-05,0.05424125109891206,0.05322623252868652,0.425431919581554,0.2506328821182251,0.6278563737869263,0.2280428558588028,-1.2080587148666382
process_visualization/Traffic/h720/process_decomposition.csv,,,,,,,,,,,,,,,,,,,,,,,,,,,,,,,,,,,,,,,,,,,,,,,,,,,,,,,,,,,,,,,,,,,,,,,,,,,238,0.4491508574799486,-4.231929779052734e-06,0.05424125109891206,0.04947364330291748,0.425431919581554,0.2657420039176941,0.8223473429679871,0.24838848412036896,-1.2080587148666382
process_visualization/Traffic/h720/process_decomposition.csv,,,,,,,,,,,,,,,,,,,,,,,,,,,,,,,,,,,,,,,,,,,,,,,,,,,,,,,,,,,,,,,,,,,,,,,,,,,239,0.4491508574799486,8.147954940795898e-05,0.05424125109891206,0.04378306865692139,0.425431919581554,0.22065842151641846,0.8136184215545654,0.2794733941555023,-1.2080587148666382
process_visualization/Traffic/h720/process_decomposition.csv,,,,,,,,,,,,,,,,,,,,,,,,,,,,,,,,,,,,,,,,,,,,,,,,,,,,,,,,,,,,,,,,,,,,,,,,,,,240,0.4491508574799486,-6.490945816040039e-05,0.05424125109891206,0.03908094763755798,0.425431919581554,0.16655728220939636,0.5008872747421265,0.2858946919441223,-0.9197746515274048
process_visualization/Traffic/h720/process_decomposition.csv,,,,,,,,,,,,,,,,,,,,,,,,,,,,,,,,,,,,,,,,,,,,,,,,,,,,,,,,,,,,,,,,,,,,,,,,,,,241,0.4491508574799486,0.0009174719452857971,0.05424125109891206,0.03454677388072014,0.425431919581554,0.18050259351730347,0.04317733645439148,0.24514718353748322,0.23824776709079742
process_visualization/Traffic/h720/process_decomposition.csv,,,,,,,,,,,,,,,,,,,,,,,,,,,,,,,,,,,,,,,,,,,,,,,,,,,,,,,,,,,,,,,,,,,,,,,,,,,242,0.4491508574799486,0.0003598928451538086,0.05424125109891206,0.027445852756500244,0.425431919581554,0.12329378724098206,-0.22682428359985352,0.24218936264514923,-0.07935331761837006
process_visualization/Traffic/h720/process_decomposition.csv,,,,,,,,,,,,,,,,,,,,,,,,,,,,,,,,,,,,,,,,,,,,,,,,,,,,,,,,,,,,,,,,,,,,,,,,,,,243,0.4491508574799486,2.294778823852539e-05,0.05424125109891206,0.02355825901031494,0.425431919581554,0.0665050745010376,-0.4606192111968994,0.23324285447597504,-0.26014161109924316
process_visualization/Traffic/h720/process_decomposition.csv,,,,,,,,,,,,,,,,,,,,,,,,,,,,,,,,,,,,,,,,,,,,,,,,,,,,,,,,,,,,,,,,,,,,,,,,,,,244,0.4491508574799486,-0.00019496679306030273,0.05424125109891206,0.018838882446289062,0.425431919581554,-0.029205143451690674,-0.736617922782898,0.24218666553497314,-0.6119458675384521
process_visualization/Traffic/h720/process_decomposition.csv,,,,,,,,,,,,,,,,,,,,,,,,,,,,,,,,,,,,,,,,,,,,,,,,,,,,,,,,,,,,,,,,,,,,,,,,,,,245,0.4491508574799486,-0.00024175643920898438,0.05424125109891206,0.01660287380218506,0.425431919581554,-0.07381367683410645,-0.9975404739379883,0.24331727623939514,-1.07613205909729
process_visualization/Traffic/h720/process_decomposition.csv,,,,,,,,,,,,,,,,,,,,,,,,,,,,,,,,,,,,,,,,,,,,,,,,,,,,,,,,,,,,,,,,,,,,,,,,,,,246,0.4491508574799486,-0.0002598762512207031,0.05424125109891206,0.010905742645263672,0.425431919581554,-0.09866976737976074,-1.1443488597869873,0.24509863555431366,-1.217831015586853
process_visualization/Traffic/h720/process_decomposition.csv,,,,,,,,,,,,,,,,,,,,,,,,,,,,,,,,,,,,,,,,,,,,,,,,,,,,,,,,,,,,,,,,,,,,,,,,,,,247,0.4491508574799486,0.0,0.05424125109891206,0.007834076881408691,0.425431919581554,-0.12068033218383789,-1.2715966701507568,0.24802570044994354,-1.2373757362365723
process_visualization/Traffic/h720/process_decomposition.csv,,,,,,,,,,,,,,,,,,,,,,,,,,,,,,,,,,,,,,,,,,,,,,,,,,,,,,,,,,,,,,,,,,,,,,,,,,,248,0.4491508574799486,-0.00045418739318847656,0.05424125109891206,0.0021419525146484375,0.425431919581554,-0.1363588571548462,-1.3490864038467407,0.2423047125339508,-1.2422618865966797
process_visualization/Traffic/h720/process_decomposition.csv,,,,,,,,,,,,,,,,,,,,,,,,,,,,,,,,,,,,,,,,,,,,,,,,,,,,,,,,,,,,,,,,,,,,,,,,,,,249,0.4491508574799486,-0.0001811981201171875,0.05424125109891206,0.007181048393249512,0.425431919581554,-0.08819854259490967,-1.2982149124145508,0.23514163494110107,-1.2031725645065308
process_visualization/Traffic/h720/process_decomposition.csv,,,,,,,,,,,,,,,,,,,,,,,,,,,,,,,,,,,,,,,,,,,,,,,,,,,,,,,,,,,,,,,,,,,,,,,,,,,250,0.4491508574799486,-0.00036656856536865234,0.05424125109891206,0.011868059635162354,0.425431919581554,-0.02213233709335327,-0.9070183634757996,0.23043331503868103,-0.6168320775032043
process_visualization/Traffic/h720/process_decomposition.csv,,,,,,,,,,,,,,,,,,,,,,,,,,,,,,,,,,,,,,,,,,,,,,,,,,,,,,,,,,,,,,,,,,,,,,,,,,,251,0.4491508574799486,0.00017948076128959656,0.05424125109891206,0.022747360169887543,0.425431919581554,0.170781210064888,-0.02969355881214142,0.23689821362495422,0.2235892415046692
process_visualization/Traffic/h720/process_decomposition.csv,,,,,,,,,,,,,,,,,,,,,,,,,,,,,,,,,,,,,,,,,,,,,,,,,,,,,,,,,,,,,,,,,,,,,,,,,,,252,0.4491508574799486,0.001024007797241211,0.05424125109891206,0.04151594638824463,0.425431919581554,0.4609050154685974,1.0623350143432617,0.3343275189399719,1.0786690711975098
process_visualization/Traffic/h720/process_decomposition.csv,,,,,,,,,,,,,,,,,,,,,,,,,,,,,,,,,,,,,,,,,,,,,,,,,,,,,,,,,,,,,,,,,,,,,,,,,,,253,0.4491508574799486,0.0012538433074951172,0.05424125109891206,0.05600154399871826,0.425431919581554,0.6096309423446655,1.7919552326202393,0.3466119170188904,1.489107370376587
process_visualization/Traffic/h720/process_decomposition.csv,,,,,,,,,,,,,,,,,,,,,,,,,,,,,,,,,,,,,,,,,,,,,,,,,,,,,,,,,,,,,,,,,,,,,,,,,,,254,0.4491508574799486,0.0009654760360717773,0.05424125109891206,0.0546870231628418,0.425431919581554,0.43713104724884033,1.5556588172912598,0.23510636389255524,1.5575138330459595
process_visualization/Traffic/h720/process_decomposition.csv,,,,,,,,,,,,,,,,,,,,,,,,,,,,,,,,,,,,,,,,,,,,,,,,,,,,,,,,,,,,,,,,,,,,,,,,,,,255,0.4491508574799486,0.0004926919937133789,0.05424125109891206,0.04848635196685791,0.425431919581554,0.2270265817642212,0.748397171497345,0.27233147621154785,0.8392467498779297
process_visualization/Traffic/h720/process_decomposition.csv,,,,,,,,,,,,,,,,,,,,,,,,,,,,,,,,,,,,,,,,,,,,,,,,,,,,,,,,,,,,,,,,,,,,,,,,,,,256,0.4491508574799486,0.00027623772621154785,0.05424125109891206,0.04985915124416351,0.425431919581554,0.23404543101787567,0.24144960939884186,0.23481306433677673,-1.2080587148666382
process_visualization/Traffic/h720/process_decomposition.csv,,,,,,,,,,,,,,,,,,,,,,,,,,,,,,,,,,,,,,,,,,,,,,,,,,,,,,,,,,,,,,,,,,,,,,,,,,,257,0.4491508574799486,0.0004411041736602783,0.05424125109891206,0.058424219489097595,0.425431919581554,0.25918108224868774,0.210041344165802,0.26564547419548035,-1.2080587148666382
process_visualization/Traffic/h720/process_decomposition.csv,,,,,,,,,,,,,,,,,,,,,,,,,,,,,,,,,,,,,,,,,,,,,,,,,,,,,,,,,,,,,,,,,,,,,,,,,,,258,0.4491508574799486,-6.324052810668945e-05,0.05424125109891206,0.06663906574249268,0.425431919581554,0.2594943046569824,0.45706433057785034,0.2357812076807022,-1.2080587148666382
process_visualization/Traffic/h720/process_decomposition.csv,,,,,,,,,,,,,,,,,,,,,,,,,,,,,,,,,,,,,,,,,,,,,,,,,,,,,,,,,,,,,,,,,,,,,,,,,,,259,0.4491508574799486,0.0003777742385864258,0.05424125109891206,0.06755721569061279,0.425431919581554,0.2708502411842346,0.6306196451187134,0.22031061351299286,-1.2080587148666382
process_visualization/Traffic/h720/process_decomposition.csv,,,,,,,,,,,,,,,,,,,,,,,,,,,,,,,,,,,,,,,,,,,,,,,,,,,,,,,,,,,,,,,,,,,,,,,,,,,260,0.4491508574799486,0.0007067322731018066,0.05424125109891206,0.06566351652145386,0.425431919581554,0.2893163561820984,0.7147985100746155,0.2134343832731247,0.6780030727386475
process_visualization/Traffic/h720/process_decomposition.csv,,,,,,,,,,,,,,,,,,,,,,,,,,,,,,,,,,,,,,,,,,,,,,,,,,,,,,,,,,,,,,,,,,,,,,,,,,,261,0.4491508574799486,0.0009705424308776855,0.05424125109891206,0.06693494319915771,0.425431919581554,0.34443116188049316,0.8374488353729248,0.21754132211208344,1.0102627277374268
process_visualization/Traffic/h720/process_decomposition.csv,,,,,,,,,,,,,,,,,,,,,,,,,,,,,,,,,,,,,,,,,,,,,,,,,,,,,,,,,,,,,,,,,,,,,,,,,,,262,0.4491508574799486,0.0013916492462158203,0.05424125109891206,0.06348562240600586,0.425431919581554,0.3707965016365051,0.9824469089508057,0.22043955326080322,1.1763924360275269
process_visualization/Traffic/h720/process_decomposition.csv,,,,,,,,,,,,,,,,,,,,,,,,,,,,,,,,,,,,,,,,,,,,,,,,,,,,,,,,,,,,,,,,,,,,,,,,,,,263,0.4491508574799486,0.0010004043579101562,0.05424125109891206,0.05927664041519165,0.425431919581554,0.30849945545196533,0.931804895401001,0.22678335011005402,1.5428552627563477
process_visualization/Traffic/h720/process_decomposition.csv,,,,,,,,,,,,,,,,,,,,,,,,,,,,,,,,,,,,,,,,,,,,,,,,,,,,,,,,,,,,,,,,,,,,,,,,,,,264,0.4491508574799486,0.0008183121681213379,0.05424125109891206,0.05132216215133667,0.425431919581554,0.21209442615509033,0.5879709124565125,0.24946001172065735,0.7024339437484741
process_visualization/Traffic/h720/process_decomposition.csv,,,,,,,,,,,,,,,,,,,,,,,,,,,,,,,,,,,,,,,,,,,,,,,,,,,,,,,,,,,,,,,,,,,,,,,,,,,265,0.4491508574799486,0.001203104853630066,0.05424125109891206,0.025142386555671692,0.425431919581554,0.10826729238033295,0.14810700714588165,0.26401397585868835,0.21870307624340057
process_visualization/Traffic/h720/process_decomposition.csv,,,,,,,,,,,,,,,,,,,,,,,,,,,,,,,,,,,,,,,,,,,,,,,,,,,,,,,,,,,,,,,,,,,,,,,,,,,266,0.4491508574799486,0.0013251006603240967,0.05424125109891206,0.012565523386001587,0.425431919581554,0.08950231969356537,-0.16837596893310547,0.2330925166606903,-0.03537778556346893
process_visualization/Traffic/h720/process_decomposition.csv,,,,,,,,,,,,,,,,,,,,,,,,,,,,,,,,,,,,,,,,,,,,,,,,,,,,,,,,,,,,,,,,,,,,,,,,,,,267,0.4491508574799486,0.000990152359008789,0.05424125109891206,0.011729568243026733,0.425431919581554,0.06988891959190369,-0.4285772740840912,0.21196740865707397,-0.28945863246917725
process_visualization/Traffic/h720/process_decomposition.csv,,,,,,,,,,,,,,,,,,,,,,,,,,,,,,,,,,,,,,,,,,,,,,,,,,,,,,,,,,,,,,,,,,,,,,,,,,,268,0.4491508574799486,0.0008706450462341309,0.05424125109891206,0.010111808776855469,0.425431919581554,0.00818026065826416,-0.7300913333892822,0.20524165034294128,-0.5630841851234436
process_visualization/Traffic/h720/process_decomposition.csv,,,,,,,,,,,,,,,,,,,,,,,,,,,,,,,,,,,,,,,,,,,,,,,,,,,,,,,,,,,,,,,,,,,,,,,,,,,269,0.4491508574799486,0.0008106827735900879,0.05424125109891206,0.0065857768058776855,0.425431919581554,-0.030192315578460693,-0.9869394302368164,0.20956139266490936,-0.8318235874176025
process_visualization/Traffic/h720/process_decomposition.csv,,,,,,,,,,,,,,,,,,,,,,,,,,,,,,,,,,,,,,,,,,,,,,,,,,,,,,,,,,,,,,,,,,,,,,,,,,,270,0.4491508574799486,0.0007781982421875,0.05424125109891206,0.00013875961303710938,0.425431919581554,-0.060277700424194336,-1.135666847229004,0.21772506833076477,-1.2129448652267456
process_visualization/Traffic/h720/process_decomposition.csv,,,,,,,,,,,,,,,,,,,,,,,,,,,,,,,,,,,,,,,,,,,,,,,,,,,,,,,,,,,,,,,,,,,,,,,,,,,271,0.4491508574799486,0.000339508056640625,0.05424125109891206,-0.0017379522323608398,0.425431919581554,-0.09577584266662598,-1.272990345954895,0.2249016910791397,-1.2129448652267456
process_visualization/Traffic/h720/process_decomposition.csv,,,,,,,,,,,,,,,,,,,,,,,,,,,,,,,,,,,,,,,,,,,,,,,,,,,,,,,,,,,,,,,,,,,,,,,,,,,272,0.4491508574799486,0.00017571449279785156,0.05424125109891206,-0.002333998680114746,0.425431919581554,-0.11109459400177002,-1.3149700164794922,0.2257917821407318,-1.2276033163070679
process_visualization/Traffic/h720/process_decomposition.csv,,,,,,,,,,,,,,,,,,,,,,,,,,,,,,,,,,,,,,,,,,,,,,,,,,,,,,,,,,,,,,,,,,,,,,,,,,,273,0.4491508574799486,-0.0008362531661987305,0.05424125109891206,-0.0003796815872192383,0.425431919581554,-0.05266773700714111,-1.2491133213043213,0.21806398034095764,-1.2080587148666382
process_visualization/Traffic/h720/process_decomposition.csv,,,,,,,,,,,,,,,,,,,,,,,,,,,,,,,,,,,,,,,,,,,,,,,,,,,,,,,,,,,,,,,,,,,,,,,,,,,274,0.4491508574799486,-0.0007591843605041504,0.05424125109891206,0.008426249027252197,0.425431919581554,0.01579129695892334,-0.899033784866333,0.22390177845954895,-0.695010781288147
process_visualization/Traffic/h720/process_decomposition.csv,,,,,,,,,,,,,,,,,,,,,,,,,,,,,,,,,,,,,,,,,,,,,,,,,,,,,,,,,,,,,,,,,,,,,,,,,,,275,0.4491508574799486,0.0003176480531692505,0.05424125109891206,0.023289382457733154,0.425431919581554,0.2015894055366516,-0.13080288469791412,0.25189298391342163,0.10632115602493286
process_visualization/Traffic/h720/process_decomposition.csv,,,,,,,,,,,,,,,,,,,,,,,,,,,,,,,,,,,,,,,,,,,,,,,,,,,,,,,,,,,,,,,,,,,,,,,,,,,276,0.4491508574799486,0.0010820627212524414,0.05424125109891206,0.041705965995788574,0.425431919581554,0.4668503999710083,0.8788347244262695,0.35233211517333984,0.9174254536628723
process_visualization/Traffic/h720/process_decomposition.csv,,,,,,,,,,,,,,,,,,,,,,,,,,,,,,,,,,,,,,,,,,,,,,,,,,,,,,,,,,,,,,,,,,,,,,,,,,,277,0.4491508574799486,0.001440286636352539,0.05424125109891206,0.05695080757141113,0.425431919581554,0.6239904165267944,1.5713531970977783,0.40088391304016113,1.3278638124465942
process_visualization/Traffic/h720/process_decomposition.csv,,,,,,,,,,,,,,,,,,,,,,,,,,,,,,,,,,,,,,,,,,,,,,,,,,,,,,,,,,,,,,,,,,,,,,,,,,,278,0.4491508574799486,0.0011359453201293945,0.05424125109891206,0.061519742012023926,0.425431919581554,0.4878183603286743,1.4081058502197266,0.24842463433742523,1.2301403284072876
process_visualization/Traffic/h720/process_decomposition.csv,,,,,,,,,,,,,,,,,,,,,,,,,,,,,,,,,,,,,,,,,,,,,,,,,,,,,,,,,,,,,,,,,,,,,,,,,,,279,0.4491508574799486,0.0006282329559326172,0.05424125109891206,0.057367682456970215,0.425431919581554,0.2870132327079773,0.7987404465675354,0.23016801476478577,1.0102627277374268
process_visualization/Traffic/h720/process_decomposition.csv,,,,,,,,,,,,,,,,,,,,,,,,,,,,,,,,,,,,,,,,,,,,,,,,,,,,,,,,,,,,,,,,,,,,,,,,,,,280,0.4491508574799486,-3.784894943237305e-05,0.05424125109891206,0.05550315976142883,0.425431919581554,0.280314177274704,0.45073312520980835,0.2276296466588974,1.137303113937378
process_visualization/Traffic/h720/process_decomposition.csv,,,,,,,,,,,,,,,,,,,,,,,,,,,,,,,,,,,,,,,,,,,,,,,,,,,,,,,,,,,,,,,,,,,,,,,,,,,281,0.4491508574799486,-0.0008163750171661377,0.05424125109891206,0.050503671169281006,0.425431919581554,0.21163463592529297,0.4306008219718933,0.24551460146903992,0.31154030561447144
process_visualization/Traffic/h720/process_decomposition.csv,,,,,,,,,,,,,,,,,,,,,,,,,,,,,,,,,,,,,,,,,,,,,,,,,,,,,,,,,,,,,,,,,,,,,,,,,,,282,0.4491508574799486,-0.0008817911148071289,0.05424125109891206,0.05905503034591675,0.425431919581554,0.22205913066864014,0.603642463684082,0.2246004343032837,-1.2080587148666382
process_visualization/Traffic/h720/process_decomposition.csv,,,,,,,,,,,,,,,,,,,,,,,,,,,,,,,,,,,,,,,,,,,,,,,,,,,,,,,,,,,,,,,,,,,,,,,,,,,283,0.4491508574799486,0.0005919337272644043,0.05424125109891206,0.06340253353118896,0.425431919581554,0.24805399775505066,0.7160757780075073,0.2159673571586609,-0.83670973777771
process_visualization/Traffic/h720/process_decomposition.csv,,,,,,,,,,,,,,,,,,,,,,,,,,,,,,,,,,,,,,,,,,,,,,,,,,,,,,,,,,,,,,,,,,,,,,,,,,,284,0.4491508574799486,0.0005568861961364746,0.05424125109891206,0.06430494785308838,0.425431919581554,0.2656404376029968,0.8307231664657593,0.21293556690216064,-1.2080587148666382
process_visualization/Traffic/h720/process_decomposition.csv,,,,,,,,,,,,,,,,,,,,,,,,,,,,,,,,,,,,,,,,,,,,,,,,,,,,,,,,,,,,,,,,,,,,,,,,,,,285,0.4491508574799486,0.00030875205993652344,0.05424125109891206,0.06575238704681396,0.425431919581554,0.3222235441207886,0.9348662495613098,0.22453132271766663,-1.2080587148666382
process_visualization/Traffic/h720/process_decomposition.csv,,,,,,,,,,,,,,,,,,,,,,,,,,,,,,,,,,,,,,,,,,,,,,,,,,,,,,,,,,,,,,,,,,,,,,,,,,,286,0.4491508574799486,0.0004967451095581055,0.05424125109891206,0.06477868556976318,0.425431919581554,0.37741726636886597,1.0266618728637695,0.2438250035047531,-0.8562543988227844
process_visualization/Traffic/h720/process_decomposition.csv,,,,,,,,,,,,,,,,,,,,,,,,,,,,,,,,,,,,,,,,,,,,,,,,,,,,,,,,,,,,,,,,,,,,,,,,,,,287,0.4491508574799486,-0.00039517879486083984,0.05424125109891206,0.06323456764221191,0.425431919581554,0.3195762038230896,0.9513081312179565,0.23295897245407104,-1.2080587148666382
process_visualization/Traffic/h720/process_decomposition.csv,,,,,,,,,,,,,,,,,,,,,,,,,,,,,,,,,,,,,,,,,,,,,,,,,,,,,,,,,,,,,,,,,,,,,,,,,,,288,0.4491508574799486,-0.00032019615173339844,0.05424125109891206,0.055834949016571045,0.425431919581554,0.19617867469787598,0.5630146265029907,0.22304996848106384,0.16495519876480103
process_visualization/Traffic/h720/process_decomposition.csv,,,,,,,,,,,,,,,,,,,,,,,,,,,,,,,,,,,,,,,,,,,,,,,,,,,,,,,,,,,,,,,,,,,,,,,,,,,289,0.4491508574799486,0.00021857023239135742,0.05424125109891206,0.02174362540245056,0.425431919581554,0.07683593034744263,0.13295111060142517,0.2626464068889618,0.15029668807983398
process_visualization/Traffic/h720/process_decomposition.csv,,,,,,,,,,,,,,,,,,,,,,,,,,,,,,,,,,,,,,,,,,,,,,,,,,,,,,,,,,,,,,,,,,,,,,,,,,,290,0.4491508574799486,0.0006090998649597168,0.05424125109891206,0.008649855852127075,0.425431919581554,0.06650647521018982,-0.11539994925260544,0.25061580538749695,-0.15753205120563507
process_visualization/Traffic/h720/process_decomposition.csv,,,,,,,,,,,,,,,,,,,,,,,,,,,,,,,,,,,,,,,,,,,,,,,,,,,,,,,,,,,,,,,,,,,,,,,,,,,291,0.4491508574799486,0.0011694729328155518,0.05424125109891206,0.00875699520111084,0.425431919581554,0.08055073022842407,-0.3154265284538269,0.23109103739261627,-0.22593842446804047
process_visualization/Traffic/h720/process_decomposition.csv,,,,,,,,,,,,,,,,,,,,,,,,,,,,,,,,,,,,,,,,,,,,,,,,,,,,,,,,,,,,,,,,,,,,,,,,,,,292,0.4491508574799486,0.00047469139099121094,0.05424125109891206,0.00820392370223999,0.425431919581554,0.03963887691497803,-0.5792476534843445,0.2265699952840805,-0.47513312101364136
process_visualization/Traffic/h720/process_decomposition.csv,,,,,,,,,,,,,,,,,,,,,,,,,,,,,,,,,,,,,,,,,,,,,,,,,,,,,,,,,,,,,,,,,,,,,,,,,,,293,0.4491508574799486,0.00030434131622314453,0.05424125109891206,0.0030168890953063965,0.425431919581554,-0.0034332871437072754,-0.8355646133422852,0.2397654801607132,-0.5288810133934021
process_visualization/Traffic/h720/process_decomposition.csv,,,,,,,,,,,,,,,,,,,,,,,,,,,,,,,,,,,,,,,,,,,,,,,,,,,,,,,,,,,,,,,,,,,,,,,,,,,294,0.4491508574799486,0.00024759769439697266,0.05424125109891206,-0.0028688907623291016,0.425431919581554,-0.025996923446655273,-1.0435503721237183,0.2517147660255432,-1.1005629301071167
process_visualization/Traffic/h720/process_decomposition.csv,,,,,,,,,,,,,,,,,,,,,,,,,,,,,,,,,,,,,,,,,,,,,,,,,,,,,,,,,,,,,,,,,,,,,,,,,,,295,0.4491508574799486,0.00012123584747314453,0.05424125109891206,-0.004167675971984863,0.425431919581554,-0.04655587673187256,-1.2310818433761597,0.24009163677692413,-1.2227171659469604
process_visualization/Traffic/h720/process_decomposition.csv,,,,,,,,,,,,,,,,,,,,,,,,,,,,,,,,,,,,,,,,,,,,,,,,,,,,,,,,,,,,,,,,,,,,,,,,,,,296,0.4491508574799486,-0.00045621395111083984,0.05424125109891206,-0.0007116794586181641,0.425431919581554,-0.057016611099243164,-1.3181698322296143,0.23420339822769165,-1.2276033163070679
process_visualization/Traffic/h720/process_decomposition.csv,,,,,,,,,,,,,,,,,,,,,,,,,,,,,,,,,,,,,,,,,,,,,,,,,,,,,,,,,,,,,,,,,,,,,,,,,,,297,0.4491508574799486,-0.0011529922485351562,0.05424125109891206,-0.002054452896118164,0.425431919581554,-0.12400102615356445,-1.3022133111953735,0.22989290952682495,-1.2324895858764648
process_visualization/Traffic/h720/process_decomposition.csv,,,,,,,,,,,,,,,,,,,,,,,,,,,,,,,,,,,,,,,,,,,,,,,,,,,,,,,,,,,,,,,,,,,,,,,,,,,298,0.4491508574799486,-0.0007759332656860352,0.05424125109891206,0.006984591484069824,0.425431919581554,-0.09214937686920166,-1.225352168083191,0.22961516678333282,-1.2276033163070679
process_visualization/Traffic/h720/process_decomposition.csv,,,,,,,,,,,,,,,,,,,,,,,,,,,,,,,,,,,,,,,,,,,,,,,,,,,,,,,,,,,,,,,,,,,,,,,,,,,299,0.4491508574799486,-0.00037533044815063477,0.05424125109891206,0.02349531650543213,0.425431919581554,0.019330501556396484,-0.8810800313949585,0.24158410727977753,-0.9442054629325867
process_visualization/Traffic/h720/process_decomposition.csv,,,,,,,,,,,,,,,,,,,,,,,,,,,,,,,,,,,,,,,,,,,,,,,,,,,,,,,,,,,,,,,,,,,,,,,,,,,300,0.4491508574799486,0.00012183189392089844,0.05424125109891206,0.032408297061920166,0.425431919581554,0.16298723220825195,-0.33078375458717346,0.30656811594963074,-0.4946778118610382
process_visualization/Traffic/h720/process_decomposition.csv,,,,,,,,,,,,,,,,,,,,,,,,,,,,,,,,,,,,,,,,,,,,,,,,,,,,,,,,,,,,,,,,,,,,,,,,,,,301,0.4491508574799486,4.8279762268066406e-05,0.05424125109891206,0.039794355630874634,0.425431919581554,0.3134060502052307,0.24388065934181213,0.3903149962425232,-0.1331011950969696
process_visualization/Traffic/h720/process_decomposition.csv,,,,,,,,,,,,,,,,,,,,,,,,,,,,,,,,,,,,,,,,,,,,,,,,,,,,,,,,,,,,,,,,,,,,,,,,,,,302,0.4491508574799486,-1.8656253814697266e-05,0.05424125109891206,0.04890996217727661,0.425431919581554,0.36968475580215454,0.4585760235786438,0.38368624448776245,-0.6510352492332458
process_visualization/Traffic/h720/process_decomposition.csv,,,,,,,,,,,,,,,,,,,,,,,,,,,,,,,,,,,,,,,,,,,,,,,,,,,,,,,,,,,,,,,,,,,,,,,,,,,303,0.4491508574799486,-0.0004955828189849854,0.05424125109891206,0.05799177289009094,0.425431919581554,0.35214588046073914,0.32190874218940735,0.3684690296649933,-1.2080587148666382
process_visualization/Traffic/h720/process_decomposition.csv,,,,,,,,,,,,,,,,,,,,,,,,,,,,,,,,,,,,,,,,,,,,,,,,,,,,,,,,,,,,,,,,,,,,,,,,,,,304,0.4491508574799486,-0.00039637088775634766,0.05424125109891206,0.06575638055801392,0.425431919581554,0.3797050416469574,0.31974074244499207,0.38214540481567383,-0.2063937485218048
process_visualization/Traffic/h720/process_decomposition.csv,,,,,,,,,,,,,,,,,,,,,,,,,,,,,,,,,,,,,,,,,,,,,,,,,,,,,,,,,,,,,,,,,,,,,,,,,,,305,0.4491508574799486,-0.0001431107521057129,0.05424125109891206,0.05843198299407959,0.425431919581554,0.2112971544265747,0.39957064390182495,0.24552150070667267,0.5851658582687378
process_visualization/Traffic/h720/process_decomposition.csv,,,,,,,,,,,,,,,,,,,,,,,,,,,,,,,,,,,,,,,,,,,,,,,,,,,,,,,,,,,,,,,,,,,,,,,,,,,306,0.4491508574799486,0.00011372566223144531,0.05424125109891206,0.06313514709472656,0.425431919581554,0.22914770245552063,0.5721027851104736,0.22330628335475922,0.7122063040733337
process_visualization/Traffic/h720/process_decomposition.csv,,,,,,,,,,,,,,,,,,,,,,,,,,,,,,,,,,,,,,,,,,,,,,,,,,,,,,,,,,,,,,,,,,,,,,,,,,,307,0.4491508574799486,0.0004852414131164551,0.05424125109891206,0.06302422285079956,0.425431919581554,0.21989095211029053,0.5987959504127502,0.21619486808776855,0.6828892827033997
process_visualization/Traffic/h720/process_decomposition.csv,,,,,,,,,,,,,,,,,,,,,,,,,,,,,,,,,,,,,,,,,,,,,,,,,,,,,,,,,,,,,,,,,,,,,,,,,,,308,0.4491508574799486,-0.00012481212615966797,0.05424125109891206,0.06109511852264404,0.425431919581554,0.2092168629169464,0.6216234564781189,0.2137591540813446,0.7512956261634827
process_visualization/Traffic/h720/process_decomposition.csv,,,,,,,,,,,,,,,,,,,,,,,,,,,,,,,,,,,,,,,,,,,,,,,,,,,,,,,,,,,,,,,,,,,,,,,,,,,309,0.4491508574799486,6.80088996887207e-05,0.05424125109891206,0.05955922603607178,0.425431919581554,0.2245166003704071,0.6651546955108643,0.21895651519298553,0.8392467498779297
process_visualization/Traffic/h720/process_decomposition.csv,,,,,,,,,,,,,,,,,,,,,,,,,,,,,,,,,,,,,,,,,,,,,,,,,,,,,,,,,,,,,,,,,,,,,,,,,,,310,0.4491508574799486,0.0001679062843322754,0.05424125109891206,0.060681164264678955,0.425431919581554,0.3042522966861725,0.7276139855384827,0.2409176230430603,0.8441329002380371
process_visualization/Traffic/h720/process_decomposition.csv,,,,,,,,,,,,,,,,,,,,,,,,,,,,,,,,,,,,,,,,,,,,,,,,,,,,,,,,,,,,,,,,,,,,,,,,,,,311,0.4491508574799486,0.00014263391494750977,0.05424125109891206,0.06717181205749512,0.425431919581554,0.34321796894073486,0.7515193819999695,0.27330395579338074,0.67311692237854
process_visualization/Traffic/h720/process_decomposition.csv,,,,,,,,,,,,,,,,,,,,,,,,,,,,,,,,,,,,,,,,,,,,,,,,,,,,,,,,,,,,,,,,,,,,,,,,,,,312,0.4491508574799486,-0.00015991926193237305,0.05424125109891206,0.06714692711830139,0.425431919581554,0.3003220558166504,0.5226894617080688,0.26981496810913086,0.35551583766937256
process_visualization/Traffic/h720/process_decomposition.csv,,,,,,,,,,,,,,,,,,,,,,,,,,,,,,,,,,,,,,,,,,,,,,,,,,,,,,,,,,,,,,,,,,,,,,,,,,,313,0.4491508574799486,0.0012832880020141602,0.05424125109891206,0.029796384274959564,0.425431919581554,0.15073710680007935,0.13601955771446228,0.2429666668176651,0.11609350144863129
process_visualization/Traffic/h720/process_decomposition.csv,,,,,,,,,,,,,,,,,,,,,,,,,,,,,,,,,,,,,,,,,,,,,,,,,,,,,,,,,,,,,,,,,,,,,,,,,,,314,0.4491508574799486,0.0014823898673057556,0.05424125109891206,0.015606015920639038,0.425431919581554,0.14726734161376953,-0.06823363900184631,0.23836146295070648,-0.05492246523499489
process_visualization/Traffic/h720/process_decomposition.csv,,,,,,,,,,,,,,,,,,,,,,,,,,,,,,,,,,,,,,,,,,,,,,,,,,,,,,,,,,,,,,,,,,,,,,,,,,,315,0.4491508574799486,0.0010388940572738647,0.05424125109891206,0.012449666857719421,0.425431919581554,0.13759852945804596,-0.24545510113239288,0.22823798656463623,-0.09889800101518631
process_visualization/Traffic/h720/process_decomposition.csv,,,,,,,,,,,,,,,,,,,,,,,,,,,,,,,,,,,,,,,,,,,,,,,,,,,,,,,,,,,,,,,,,,,,,,,,,,,316,0.4491508574799486,0.0006330907344818115,0.05424125109891206,0.01002606749534607,0.425431919581554,0.0985051691532135,-0.4809880554676056,0.2227276861667633,-0.2845724821090698
process_visualization/Traffic/h720/process_decomposition.csv,,,,,,,,,,,,,,,,,,,,,,,,,,,,,,,,,,,,,,,,,,,,,,,,,,,,,,,,,,,,,,,,,,,,,,,,,,,317,0.4491508574799486,0.00048679113388061523,0.05424125109891206,0.003296792507171631,0.425431919581554,0.06753396987915039,-0.7552409172058105,0.23123857378959656,-0.567970335483551
process_visualization/Traffic/h720/process_decomposition.csv,,,,,,,,,,,,,,,,,,,,,,,,,,,,,,,,,,,,,,,,,,,,,,,,,,,,,,,,,,,,,,,,,,,,,,,,,,,318,0.4491508574799486,0.0003936290740966797,0.05424125109891206,-0.004378199577331543,0.425431919581554,0.02731192111968994,-1.0232285261154175,0.24501414597034454,-0.9881809949874878
process_visualization/Traffic/h720/process_decomposition.csv,,,,,,,,,,,,,,,,,,,,,,,,,,,,,,,,,,,,,,,,,,,,,,,,,,,,,,,,,,,,,,,,,,,,,,,,,,,319,0.4491508574799486,-5.245208740234375e-06,0.05424125109891206,-0.003435492515563965,0.425431919581554,-0.010699868202209473,-1.2393913269042969,0.2473827302455902,-1.2666927576065063
process_visualization/Traffic/h720/process_decomposition.csv,,,,,,,,,,,,,,,,,,,,,,,,,,,,,,,,,,,,,,,,,,,,,,,,,,,,,,,,,,,,,,,,,,,,,,,,,,,320,0.4491508574799486,-0.00018978118896484375,0.05424125109891206,0.0056656599044799805,0.425431919581554,-0.025848984718322754,-1.3386108875274658,0.2390550822019577,-1.2813512086868286
process_visualization/Traffic/h720/process_decomposition.csv,,,,,,,,,,,,,,,,,,,,,,,,,,,,,,,,,,,,,,,,,,,,,,,,,,,,,,,,,,,,,,,,,,,,,,,,,,,321,0.4491508574799486,-0.00038492679595947266,0.05424125109891206,0.0025162696838378906,0.425431919581554,-0.06208920478820801,-1.2699620723724365,0.24390801787376404,-1.291123628616333
process_visualization/Traffic/h720/process_decomposition.csv,,,,,,,,,,,,,,,,,,,,,,,,,,,,,,,,,,,,,,,,,,,,,,,,,,,,,,,,,,,,,,,,,,,,,,,,,,,322,0.4491508574799486,-0.0002523660659790039,0.05424125109891206,0.004873514175415039,0.425431919581554,-0.06660175323486328,-1.2560651302337646,0.248317152261734,-1.3008959293365479
process_visualization/Traffic/h720/process_decomposition.csv,,,,,,,,,,,,,,,,,,,,,,,,,,,,,,,,,,,,,,,,,,,,,,,,,,,,,,,,,,,,,,,,,,,,,,,,,,,323,0.4491508574799486,-0.0002595186233520508,0.05424125109891206,0.014482736587524414,0.425431919581554,-0.034926652908325195,-1.0813426971435547,0.2385244071483612,-1.286237359046936
process_visualization/Traffic/h720/process_decomposition.csv,,,,,,,,,,,,,,,,,,,,,,,,,,,,,,,,,,,,,,,,,,,,,,,,,,,,,,,,,,,,,,,,,,,,,,,,,,,324,0.4491508574799486,-0.0005535483360290527,0.05424125109891206,0.021012604236602783,0.425431919581554,-0.00036895275115966797,-0.8039228320121765,0.2349839061498642,-1.1347661018371582
process_visualization/Traffic/h720/process_decomposition.csv,,,,,,,,,,,,,,,,,,,,,,,,,,,,,,,,,,,,,,,,,,,,,,,,,,,,,,,,,,,,,,,,,,,,,,,,,,,325,0.4491508574799486,-0.0003082454204559326,0.05424125109891206,0.026833325624465942,0.425431919581554,0.06178867816925049,-0.4974187910556793,0.2370857149362564,-0.7780756950378418
process_visualization/Traffic/h720/process_decomposition.csv,,,,,,,,,,,,,,,,,,,,,,,,,,,,,,,,,,,,,,,,,,,,,,,,,,,,,,,,,,,,,,,,,,,,,,,,,,,326,0.4491508574799486,-0.000668063759803772,0.05424125109891206,0.03743165731430054,0.425431919581554,0.1319568157196045,-0.23795810341835022,0.24736174941062927,-0.4946778118610382
process_visualization/Traffic/h720/process_decomposition.csv,,,,,,,,,,,,,,,,,,,,,,,,,,,,,,,,,,,,,,,,,,,,,,,,,,,,,,,,,,,,,,,,,,,,,,,,,,,327,0.4491508574799486,-0.0009296536445617676,0.05424125109891206,0.04806790500879288,0.425431919581554,0.18722565472126007,-0.0677889883518219,0.26246339082717896,-0.10378416627645493
process_visualization/Traffic/h720/process_decomposition.csv,,,,,,,,,,,,,,,,,,,,,,,,,,,,,,,,,,,,,,,,,,,,,,,,,,,,,,,,,,,,,,,,,,,,,,,,,,,328,0.4491508574799486,-0.0007290095090866089,0.05424125109891206,0.05508509278297424,0.425431919581554,0.25313127040863037,0.1495705544948578,0.2725066542625427,0.28222328424453735
process_visualization/Traffic/h720/process_decomposition.csv,,,,,,,,,,,,,,,,,,,,,,,,,,,,,,,,,,,,,,,,,,,,,,,,,,,,,,,,,,,,,,,,,,,,,,,,,,,329,0.4491508574799486,-0.00053444504737854,0.05424125109891206,0.05830928683280945,0.425431919581554,0.2231118083000183,0.26726391911506653,0.2302563637495041,0.35551583766937256
process_visualization/Traffic/h720/process_decomposition.csv,,,,,,,,,,,,,,,,,,,,,,,,,,,,,,,,,,,,,,,,,,,,,,,,,,,,,,,,,,,,,,,,,,,,,,,,,,,330,0.4491508574799486,3.3974647521972656e-05,0.05424125109891206,0.05841189622879028,0.425431919581554,0.23020638525485992,0.3952134847640991,0.22815150022506714,0.51675945520401
process_visualization/Traffic/h720/process_decomposition.csv,,,,,,,,,,,,,,,,,,,,,,,,,,,,,,,,,,,,,,,,,,,,,,,,,,,,,,,,,,,,,,,,,,,,,,,,,,,331,0.4491508574799486,0.0002582669258117676,0.05424125109891206,0.06094765663146973,0.425431919581554,0.23317457735538483,0.4013553261756897,0.23269475996494293,0.51675945520401
process_visualization/Traffic/h720/process_decomposition.csv,,,,,,,,,,,,,,,,,,,,,,,,,,,,,,,,,,,,,,,,,,,,,,,,,,,,,,,,,,,,,,,,,,,,,,,,,,,332,0.4491508574799486,-7.05718994140625e-05,0.05424125109891206,0.06501308083534241,0.425431919581554,0.25340357422828674,0.42819854617118835,0.24032972753047943,0.7415233254432678
process_visualization/Traffic/h720/process_decomposition.csv,,,,,,,,,,,,,,,,,,,,,,,,,,,,,,,,,,,,,,,,,,,,,,,,,,,,,,,,,,,,,,,,,,,,,,,,,,,333,0.4491508574799486,2.893805503845215e-05,0.05424125109891206,0.06387367844581604,0.425431919581554,0.2624242305755615,0.4564032554626465,0.2455930858850479,0.6975477933883667
process_visualization/Traffic/h720/process_decomposition.csv,,,,,,,,,,,,,,,,,,,,,,,,,,,,,,,,,,,,,,,,,,,,,,,,,,,,,,,,,,,,,,,,,,,,,,,,,,,334,0.4491508574799486,-0.0001621842384338379,0.05424125109891206,0.060236990451812744,0.425431919581554,0.2680743932723999,0.4756052494049072,0.257754921913147,0.658458411693573
process_visualization/Traffic/h720/process_decomposition.csv,,,,,,,,,,,,,,,,,,,,,,,,,,,,,,,,,,,,,,,,,,,,,,,,,,,,,,,,,,,,,,,,,,,,,,,,,,,335,0.4491508574799486,-0.0004930496215820312,0.05424125109891206,0.058723658323287964,0.425431919581554,0.2649487853050232,0.4193328619003296,0.28221747279167175,0.3457435071468353
process_visualization/Traffic/h720/process_decomposition.csv,,,,,,,,,,,,,,,,,,,,,,,,,,,,,,,,,,,,,,,,,,,,,,,,,,,,,,,,,,,,,,,,,,,,,,,,,,,336,0.4491508574799486,-0.0005069375038146973,0.05424125109891206,0.049137264490127563,0.425431919581554,0.23854592442512512,0.26568377017974854,0.2702866196632385,0.17961370944976807
process_visualization/Traffic/h720/process_decomposition.csv,,,,,,,,,,,,,,,,,,,,,,,,,,,,,,,,,,,,,,,,,,,,,,,,,,,,,,,,,,,,,,,,,,,,,,,,,,,337,0.4491508574799486,0.0003067031502723694,0.05424125109891206,0.03737840801477432,0.425431919581554,0.19305938482284546,0.11321121454238892,0.24943943321704865,0.07211796194314957
process_visualization/Traffic/h720/process_decomposition.csv,,,,,,,,,,,,,,,,,,,,,,,,,,,,,,,,,,,,,,,,,,,,,,,,,,,,,,,,,,,,,,,,,,,,,,,,,,,338,0.4491508574799486,0.0004976093769073486,0.05424125109891206,0.027371883392333984,0.425431919581554,0.14943304657936096,-0.1265454888343811,0.24967877566814423,0.018370090052485466
process_visualization/Traffic/h720/process_decomposition.csv,,,,,,,,,,,,,,,,,,,,,,,,,,,,,,,,,,,,,,,,,,,,,,,,,,,,,,,,,,,,,,,,,,,,,,,,,,,339,0.4491508574799486,0.0007452666759490967,0.05424125109891206,0.022374093532562256,0.425431919581554,0.10104447603225708,-0.33640551567077637,0.24508021771907806,-0.28945863246917725
process_visualization/Traffic/h720/process_decomposition.csv,,,,,,,,,,,,,,,,,,,,,,,,,,,,,,,,,,,,,,,,,,,,,,,,,,,,,,,,,,,,,,,,,,,,,,,,,,,340,0.4491508574799486,2.658367156982422e-05,0.05424125109891206,0.017366409301757812,0.425431919581554,0.057341039180755615,-0.6214903593063354,0.24470190703868866,-0.6901246309280396
process_visualization/Traffic/h720/process_decomposition.csv,,,,,,,,,,,,,,,,,,,,,,,,,,,,,,,,,,,,,,,,,,,,,,,,,,,,,,,,,,,,,,,,,,,,,,,,,,,341,0.4491508574799486,-0.000595390796661377,0.05424125109891206,0.01037830114364624,0.425431919581554,0.028806865215301514,-0.8966272473335266,0.25239405035972595,-1.0663597583770752
process_visualization/Traffic/h720/process_decomposition.csv,,,,,,,,,,,,,,,,,,,,,,,,,,,,,,,,,,,,,,,,,,,,,,,,,,,,,,,,,,,,,,,,,,,,,,,,,,,342,0.4491508574799486,-5.0902366638183594e-05,0.05424125109891206,0.005246996879577637,0.425431919581554,-0.0024646520614624023,-1.084446907043457,0.2703498899936676,-1.286237359046936
process_visualization/Traffic/h720/process_decomposition.csv,,,,,,,,,,,,,,,,,,,,,,,,,,,,,,,,,,,,,,,,,,,,,,,,,,,,,,,,,,,,,,,,,,,,,,,,,,,343,0.4491508574799486,5.7578086853027344e-05,0.05424125109891206,0.004160165786743164,0.425431919581554,-0.02617943286895752,-1.2285288572311401,0.2781370282173157,-1.2960097789764404
process_visualization/Traffic/h720/process_decomposition.csv,,,,,,,,,,,,,,,,,,,,,,,,,,,,,,,,,,,,,,,,,,,,,,,,,,,,,,,,,,,,,,,,,,,,,,,,,,,344,0.4491508574799486,0.00012564659118652344,0.05424125109891206,0.004108428955078125,0.425431919581554,-0.02090442180633545,-1.331783413887024,0.2706764042377472,-1.2960097789764404
process_visualization/Traffic/h720/process_decomposition.csv,,,,,,,,,,,,,,,,,,,,,,,,,,,,,,,,,,,,,,,,,,,,,,,,,,,,,,,,,,,,,,,,,,,,,,,,,,,345,0.4491508574799486,0.00026667118072509766,0.05424125109891206,0.0053604841232299805,0.425431919581554,-0.009901762008666992,-1.2291996479034424,0.270009309053421,-1.2764650583267212
process_visualization/Traffic/h720/process_decomposition.csv,,,,,,,,,,,,,,,,,,,,,,,,,,,,,,,,,,,,,,,,,,,,,,,,,,,,,,,,,,,,,,,,,,,,,,,,,,,346,0.4491508574799486,0.0001398324966430664,0.05424125109891206,0.010981380939483643,0.425431919581554,0.01651442050933838,-0.9059461951255798,0.27130499482154846,-0.6559213995933533
process_visualization/Traffic/h720/process_decomposition.csv,,,,,,,,,,,,,,,,,,,,,,,,,,,,,,,,,,,,,,,,,,,,,,,,,,,,,,,,,,,,,,,,,,,,,,,,,,,347,0.4491508574799486,-3.409385681152344e-05,0.05424125109891206,0.024023234844207764,0.425431919581554,0.09631681442260742,-0.3211089074611664,0.2662521004676819,0.20893073081970215
process_visualization/Traffic/h720/process_decomposition.csv,,,,,,,,,,,,,,,,,,,,,,,,,,,,,,,,,,,,,,,,,,,,,,,,,,,,,,,,,,,,,,,,,,,,,,,,,,,348,0.4491508574799486,-0.0002561211585998535,0.05424125109891206,0.03890317678451538,0.425431919581554,0.20385418832302094,0.38812485337257385,0.26911893486976624,0.8783360719680786
process_visualization/Traffic/h720/process_decomposition.csv,,,,,,,,,,,,,,,,,,,,,,,,,,,,,,,,,,,,,,,,,,,,,,,,,,,,,,,,,,,,,,,,,,,,,,,,,,,349,0.4491508574799486,-0.0002709627151489258,0.05424125109891206,0.05175137519836426,0.425431919581554,0.21241825819015503,0.8383952379226685,0.31264206767082214,1.279002070426941
process_visualization/Traffic/h720/process_decomposition.csv,,,,,,,,,,,,,,,,,,,,,,,,,,,,,,,,,,,,,,,,,,,,,,,,,,,,,,,,,,,,,,,,,,,,,,,,,,,350,0.4491508574799486,-0.0010690689086914062,0.05424125109891206,0.056330323219299316,0.425431919581554,0.0986739993095398,0.7356093525886536,0.4306679368019104,1.6259201765060425
process_visualization/Traffic/h720/process_decomposition.csv,,,,,,,,,,,,,,,,,,,,,,,,,,,,,,,,,,,,,,,,,,,,,,,,,,,,,,,,,,,,,,,,,,,,,,,,,,,351,0.4491508574799486,-0.001018524169921875,0.05424125109891206,0.05601763725280762,0.425431919581554,0.014036685228347778,0.3575202226638794,0.4584379196166992,0.7757264971733093
process_visualization/Traffic/h720/process_decomposition.csv,,,,,,,,,,,,,,,,,,,,,,,,,,,,,,,,,,,,,,,,,,,,,,,,,,,,,,,,,,,,,,,,,,,,,,,,,,,352,0.4491508574799486,-0.0009042620658874512,0.05424125109891206,0.04964543879032135,0.425431919581554,0.0696706622838974,0.21583539247512817,0.32518109679222107,0.5069871544837952
process_visualization/Traffic/h720/process_decomposition.csv,,,,,,,,,,,,,,,,,,,,,,,,,,,,,,,,,,,,,,,,,,,,,,,,,,,,,,,,,,,,,,,,,,,,,,,,,,,353,0.4491508574799486,-0.0010390281677246094,0.05424125109891206,0.07071287930011749,0.425431919581554,0.2739690840244293,0.27660197019577026,0.26456955075263977,0.67311692237854
process_visualization/Traffic/h720/process_decomposition.csv,,,,,,,,,,,,,,,,,,,,,,,,,,,,,,,,,,,,,,,,,,,,,,,,,,,,,,,,,,,,,,,,,,,,,,,,,,,354,0.4491508574799486,-0.00027740001678466797,0.05424125109891206,0.07882541418075562,0.425431919581554,0.2964598536491394,0.4788297414779663,0.26950162649154663,0.643799901008606
process_visualization/Traffic/h720/process_decomposition.csv,,,,,,,,,,,,,,,,,,,,,,,,,,,,,,,,,,,,,,,,,,,,,,,,,,,,,,,,,,,,,,,,,,,,,,,,,,,355,0.4491508574799486,1.71661376953125e-05,0.05424125109891206,0.08235645294189453,0.425431919581554,0.32428213953971863,0.527687668800354,0.27090272307395935,0.5802797079086304
process_visualization/Traffic/h720/process_decomposition.csv,,,,,,,,,,,,,,,,,,,,,,,,,,,,,,,,,,,,,,,,,,,,,,,,,,,,,,,,,,,,,,,,,,,,,,,,,,,356,0.4491508574799486,0.00010955333709716797,0.05424125109891206,0.08235198259353638,0.425431919581554,0.3471866548061371,0.5786855816841125,0.26332682371139526,0.7366371154785156
process_visualization/Traffic/h720/process_decomposition.csv,,,,,,,,,,,,,,,,,,,,,,,,,,,,,,,,,,,,,,,,,,,,,,,,,,,,,,,,,,,,,,,,,,,,,,,,,,,357,0.4491508574799486,-0.00013315677642822266,0.05424125109891206,0.08246934413909912,0.425431919581554,0.3376615047454834,0.5837085247039795,0.26086685061454773,0.7561818361282349
process_visualization/Traffic/h720/process_decomposition.csv,,,,,,,,,,,,,,,,,,,,,,,,,,,,,,,,,,,,,,,,,,,,,,,,,,,,,,,,,,,,,,,,,,,,,,,,,,,358,0.4491508574799486,0.00016158819198608398,0.05424125109891206,0.08051168918609619,0.425431919581554,0.3037181496620178,0.6377220153808594,0.24397911131381989,0.8734499216079712
process_visualization/Traffic/h720/process_decomposition.csv,,,,,,,,,,,,,,,,,,,,,,,,,,,,,,,,,,,,,,,,,,,,,,,,,,,,,,,,,,,,,,,,,,,,,,,,,,,359,0.4491508574799486,-0.00037109851837158203,0.05424125109891206,0.0724884569644928,0.425431919581554,0.25309044122695923,0.5425254702568054,0.24182680249214172,0.9076530933380127
process_visualization/Traffic/h720/process_decomposition.csv,,,,,,,,,,,,,,,,,,,,,,,,,,,,,,,,,,,,,,,,,,,,,,,,,,,,,,,,,,,,,,,,,,,,,,,,,,,360,0.4491508574799486,-0.00037485361099243164,0.05424125109891206,0.04824751615524292,0.425431919581554,0.17572040855884552,0.31915283203125,0.25027167797088623,0.7122063040733337
process_visualization/Traffic/h720/process_decomposition.csv,,,,,,,,,,,,,,,,,,,,,,,,,,,,,,,,,,,,,,,,,,,,,,,,,,,,,,,,,,,,,,,,,,,,,,,,,,,361,0.4491508574799486,-0.00026108697056770325,0.05424125109891206,0.04303421080112457,0.425431919581554,0.17955583333969116,0.00457029789686203,0.27407845854759216,0.0476871132850647
process_visualization/Traffic/h720/process_decomposition.csv,,,,,,,,,,,,,,,,,,,,,,,,,,,,,,,,,,,,,,,,,,,,,,,,,,,,,,,,,,,,,,,,,,,,,,,,,,,362,0.4491508574799486,-0.00011360645294189453,0.05424125109891206,0.03436315059661865,0.425431919581554,0.14475885033607483,-0.32184267044067383,0.2694385051727295,-0.3774097263813019
process_visualization/Traffic/h720/process_decomposition.csv,,,,,,,,,,,,,,,,,,,,,,,,,,,,,,,,,,,,,,,,,,,,,,,,,,,,,,,,,,,,,,,,,,,,,,,,,,,363,0.4491508574799486,-7.867813110351562e-06,0.05424125109891206,0.029583752155303955,0.425431919581554,0.14781701564788818,-0.5328186750411987,0.26459696888923645,-0.553311824798584
process_visualization/Traffic/h720/process_decomposition.csv,,,,,,,,,,,,,,,,,,,,,,,,,,,,,,,,,,,,,,,,,,,,,,,,,,,,,,,,,,,,,,,,,,,,,,,,,,,364,0.4491508574799486,-0.0002028346061706543,0.05424125109891206,0.024787068367004395,0.425431919581554,0.13141393661499023,-0.7800652980804443,0.2648695409297943,-0.8953437805175781
process_visualization/Traffic/h720/process_decomposition.csv,,,,,,,,,,,,,,,,,,,,,,,,,,,,,,,,,,,,,,,,,,,,,,,,,,,,,,,,,,,,,,,,,,,,,,,,,,,365,0.4491508574799486,-0.0006467103958129883,0.05424125109891206,0.01941072940826416,0.425431919581554,0.11244690418243408,-1.0008313655853271,0.2647688388824463,-1.1982862949371338
process_visualization/Traffic/h720/process_decomposition.csv,,,,,,,,,,,,,,,,,,,,,,,,,,,,,,,,,,,,,,,,,,,,,,,,,,,,,,,,,,,,,,,,,,,,,,,,,,,366,0.4491508574799486,-0.0005972385406494141,0.05424125109891206,0.016888141632080078,0.425431919581554,0.08561038970947266,-1.1584045886993408,0.2715381383895874,-1.286237359046936
process_visualization/Traffic/h720/process_decomposition.csv,,,,,,,,,,,,,,,,,,,,,,,,,,,,,,,,,,,,,,,,,,,,,,,,,,,,,,,,,,,,,,,,,,,,,,,,,,,367,0.4491508574799486,-0.00042831897735595703,0.05424125109891206,0.013803958892822266,0.425431919581554,0.04640853404998779,-1.2545205354690552,0.28310680389404297,-1.2960097789764404
process_visualization/Traffic/h720/process_decomposition.csv,,,,,,,,,,,,,,,,,,,,,,,,,,,,,,,,,,,,,,,,,,,,,,,,,,,,,,,,,,,,,,,,,,,,,,,,,,,368,0.4491508574799486,-0.00026404857635498047,0.05424125109891206,0.010446310043334961,0.425431919581554,0.06047201156616211,-1.2901962995529175,0.2723625898361206,-1.2960097789764404
process_visualization/Traffic/h720/process_decomposition.csv,,,,,,,,,,,,,,,,,,,,,,,,,,,,,,,,,,,,,,,,,,,,,,,,,,,,,,,,,,,,,,,,,,,,,,,,,,,369,0.4491508574799486,0.000156402587890625,0.05424125109891206,0.010982751846313477,0.425431919581554,-0.019469022750854492,-1.311945915222168,0.2848770022392273,-1.291123628616333
process_visualization/Traffic/h720/process_decomposition.csv,,,,,,,,,,,,,,,,,,,,,,,,,,,,,,,,,,,,,,,,,,,,,,,,,,,,,,,,,,,,,,,,,,,,,,,,,,,370,0.4491508574799486,0.00019443035125732422,0.05424125109891206,0.01730036735534668,0.425431919581554,0.03385603427886963,-0.9493166208267212,0.28561365604400635,-0.8073927164077759
process_visualization/Traffic/h720/process_decomposition.csv,,,,,,,,,,,,,,,,,,,,,,,,,,,,,,,,,,,,,,,,,,,,,,,,,,,,,,,,,,,,,,,,,,,,,,,,,,,371,0.4491508574799486,0.0004220902919769287,0.05424125109891206,0.029888629913330078,0.425431919581554,0.21720686554908752,-0.1630130112171173,0.264401376247406,0.17961370944976807
process_visualization/Traffic/h720/process_decomposition.csv,,,,,,,,,,,,,,,,,,,,,,,,,,,,,,,,,,,,,,,,,,,,,,,,,,,,,,,,,,,,,,,,,,,,,,,,,,,372,0.4491508574799486,0.0007307529449462891,0.05424125109891206,0.044853806495666504,0.425431919581554,0.4486352205276489,0.8930364847183228,0.25741639733314514,1.0298073291778564
process_visualization/Traffic/h720/process_decomposition.csv,,,,,,,,,,,,,,,,,,,,,,,,,,,,,,,,,,,,,,,,,,,,,,,,,,,,,,,,,,,,,,,,,,,,,,,,,,,373,0.4491508574799486,0.0007808208465576172,0.05424125109891206,0.05992722511291504,0.425431919581554,0.5438932180404663,1.6671550273895264,0.259514719247818,5.1977105140686035
process_visualization/Traffic/h720/process_decomposition.csv,,,,,,,,,,,,,,,,,,,,,,,,,,,,,,,,,,,,,,,,,,,,,,,,,,,,,,,,,,,,,,,,,,,,,,,,,,,374,0.4491508574799486,0.0007560253143310547,0.05424125109891206,0.06316757202148438,0.425431919581554,0.36850225925445557,1.4852485656738281,0.3190418779850006,2.7106499671936035
process_visualization/Traffic/h720/process_decomposition.csv,,,,,,,,,,,,,,,,,,,,,,,,,,,,,,,,,,,,,,,,,,,,,,,,,,,,,,,,,,,,,,,,,,,,,,,,,,,375,0.4491508574799486,0.0004137754440307617,0.05424125109891206,0.06200516223907471,0.425431919581554,0.15333998203277588,0.7212711572647095,0.38019827008247375,1.3962701559066772
process_visualization/Traffic/h720/process_decomposition.csv,,,,,,,,,,,,,,,,,,,,,,,,,,,,,,,,,,,,,,,,,,,,,,,,,,,,,,,,,,,,,,,,,,,,,,,,,,,376,0.4491508574799486,0.0005030333995819092,0.05424125109891206,0.061595767736434937,0.425431919581554,0.1743423491716385,0.2329089343547821,0.27169081568717957,0.7610679864883423
process_visualization/Traffic/h720/process_decomposition.csv,,,,,,,,,,,,,,,,,,,,,,,,,,,,,,,,,,,,,,,,,,,,,,,,,,,,,,,,,,,,,,,,,,,,,,,,,,,377,0.4491508574799486,-0.00010745227336883545,0.05424125109891206,0.07970345765352249,0.425431919581554,0.32141736149787903,0.16768121719360352,0.29481732845306396,0.7268648147583008
process_visualization/Traffic/h720/process_decomposition.csv,,,,,,,,,,,,,,,,,,,,,,,,,,,,,,,,,,,,,,,,,,,,,,,,,,,,,,,,,,,,,,,,,,,,,,,,,,,378,0.4491508574799486,0.0002028942108154297,0.05424125109891206,0.08201390504837036,0.425431919581554,0.3589668273925781,0.35061758756637573,0.28065577149391174,0.6095967292785645
process_visualization/Traffic/h720/process_decomposition.csv,,,,,,,,,,,,,,,,,,,,,,,,,,,,,,,,,,,,,,,,,,,,,,,,,,,,,,,,,,,,,,,,,,,,,,,,,,,379,0.4491508574799486,0.0002576112747192383,0.05424125109891206,0.08237144351005554,0.425431919581554,0.3865339159965515,0.4582250118255615,0.2727271318435669,0.5900520086288452
process_visualization/Traffic/h720/process_decomposition.csv,,,,,,,,,,,,,,,,,,,,,,,,,,,,,,,,,,,,,,,,,,,,,,,,,,,,,,,,,,,,,,,,,,,,,,,,,,,380,0.4491508574799486,0.0008472204208374023,0.05424125109891206,0.07643991708755493,0.425431919581554,0.38838377594947815,0.5323518514633179,0.2551499903202057,0.785498857498169
process_visualization/Traffic/h720/process_decomposition.csv,,,,,,,,,,,,,,,,,,,,,,,,,,,,,,,,,,,,,,,,,,,,,,,,,,,,,,,,,,,,,,,,,,,,,,,,,,,381,0.4491508574799486,0.0011472702026367188,0.05424125109891206,0.07290291786193848,0.425431919581554,0.40017977356910706,0.6713188290596008,0.25357311964035034,0.8685637712478638
process_visualization/Traffic/h720/process_decomposition.csv,,,,,,,,,,,,,,,,,,,,,,,,,,,,,,,,,,,,,,,,,,,,,,,,,,,,,,,,,,,,,,,,,,,,,,,,,,,382,0.4491508574799486,0.001313328742980957,0.05424125109891206,0.06705975532531738,0.425431919581554,0.38096314668655396,0.8467903137207031,0.2683693468570709,0.9907180070877075
process_visualization/Traffic/h720/process_decomposition.csv,,,,,,,,,,,,,,,,,,,,,,,,,,,,,,,,,,,,,,,,,,,,,,,,,,,,,,,,,,,,,,,,,,,,,,,,,,,383,0.4491508574799486,0.0009711980819702148,0.05424125109891206,0.05667698383331299,0.425431919581554,0.29504144191741943,0.8502248525619507,0.3162282407283783,1.347408413887024
process_visualization/Traffic/h720/process_decomposition.csv,,,,,,,,,,,,,,,,,,,,,,,,,,,,,,,,,,,,,,,,,,,,,,,,,,,,,,,,,,,,,,,,,,,,,,,,,,,384,0.4491508574799486,0.00109022855758667,0.05424125109891206,0.04530400037765503,0.425431919581554,0.21157261729240417,0.5031372308731079,0.32186898589134216,0.5509626865386963
process_visualization/Traffic/h720/process_decomposition.csv,,,,,,,,,,,,,,,,,,,,,,,,,,,,,,,,,,,,,,,,,,,,,,,,,,,,,,,,,,,,,,,,,,,,,,,,,,,385,0.4491508574799486,0.0011657774448394775,0.05424125109891206,0.047091662883758545,0.425431919581554,0.3273806571960449,0.14020465314388275,0.2802180349826813,0.07700413465499878
process_visualization/Traffic/h720/process_decomposition.csv,,,,,,,,,,,,,,,,,,,,,,,,,,,,,,,,,,,,,,,,,,,,,,,,,,,,,,,,,,,,,,,,,,,,,,,,,,,386,0.4491508574799486,0.0010780692100524902,0.05424125109891206,0.04173743724822998,0.425431919581554,0.24402497708797455,-0.17519178986549377,0.27519872784614563,-0.25036928057670593
process_visualization/Traffic/h720/process_decomposition.csv,,,,,,,,,,,,,,,,,,,,,,,,,,,,,,,,,,,,,,,,,,,,,,,,,,,,,,,,,,,,,,,,,,,,,,,,,,,387,0.4491508574799486,0.0004691481590270996,0.05424125109891206,0.03600883483886719,0.425431919581554,0.18910324573516846,-0.44895437359809875,0.2599155306816101,-0.43604376912117004
process_visualization/Traffic/h720/process_decomposition.csv,,,,,,,,,,,,,,,,,,,,,,,,,,,,,,,,,,,,,,,,,,,,,,,,,,,,,,,,,,,,,,,,,,,,,,,,,,,388,0.4491508574799486,0.0004705190658569336,0.05424125109891206,0.027888000011444092,0.425431919581554,0.10826551914215088,-0.717271089553833,0.25854915380477905,-0.7292140126228333
process_visualization/Traffic/h720/process_decomposition.csv,,,,,,,,,,,,,,,,,,,,,,,,,,,,,,,,,,,,,,,,,,,,,,,,,,,,,,,,,,,,,,,,,,,,,,,,,,,389,0.4491508574799486,0.00030231475830078125,0.05424125109891206,0.023939967155456543,0.425431919581554,0.0594402551651001,-0.9642939567565918,0.2657492160797119,-1.2129448652267456
process_visualization/Traffic/h720/process_decomposition.csv,,,,,,,,,,,,,,,,,,,,,,,,,,,,,,,,,,,,,,,,,,,,,,,,,,,,,,,,,,,,,,,,,,,,,,,,,,,390,0.4491508574799486,0.0004934072494506836,0.05424125109891206,0.01998424530029297,0.425431919581554,0.04311025142669678,-1.1044948101043701,0.27484428882598877,-1.2764650583267212
process_visualization/Traffic/h720/process_decomposition.csv,,,,,,,,,,,,,,,,,,,,,,,,,,,,,,,,,,,,,,,,,,,,,,,,,,,,,,,,,,,,,,,,,,,,,,,,,,,391,0.4491508574799486,0.0002803802490234375,0.05424125109891206,0.019819021224975586,0.425431919581554,0.0007481575012207031,-1.2142481803894043,0.27587801218032837,-1.286237359046936
process_visualization/Traffic/h720/process_decomposition.csv,,,,,,,,,,,,,,,,,,,,,,,,,,,,,,,,,,,,,,,,,,,,,,,,,,,,,,,,,,,,,,,,,,,,,,,,,,,392,0.4491508574799486,0.0004904270172119141,0.05424125109891206,0.01780557632446289,0.425431919581554,0.003928661346435547,-1.2994205951690674,0.2798255383968353,-1.291123628616333
process_visualization/Traffic/h720/process_decomposition.csv,,,,,,,,,,,,,,,,,,,,,,,,,,,,,,,,,,,,,,,,,,,,,,,,,,,,,,,,,,,,,,,,,,,,,,,,,,,393,0.4491508574799486,0.0003628730773925781,0.05424125109891206,0.01287698745727539,0.425431919581554,-0.0368959903717041,-1.2566051483154297,0.2797861099243164,-1.291123628616333
process_visualization/Traffic/h720/process_decomposition.csv,,,,,,,,,,,,,,,,,,,,,,,,,,,,,,,,,,,,,,,,,,,,,,,,,,,,,,,,,,,,,,,,,,,,,,,,,,,394,0.4491508574799486,0.0009905695915222168,0.05424125109891206,0.019791722297668457,0.425431919581554,0.011360883712768555,-0.9363778233528137,0.28137290477752686,-0.695010781288147
process_visualization/Traffic/h720/process_decomposition.csv,,,,,,,,,,,,,,,,,,,,,,,,,,,,,,,,,,,,,,,,,,,,,,,,,,,,,,,,,,,,,,,,,,,,,,,,,,,395,0.4491508574799486,0.0004435628652572632,0.05424125109891206,0.033433690667152405,0.425431919581554,0.18396247923374176,-0.1367720514535904,0.27224212884902954,0.15029668807983398
process_visualization/Traffic/h720/process_decomposition.csv,,,,,,,,,,,,,,,,,,,,,,,,,,,,,,,,,,,,,,,,,,,,,,,,,,,,,,,,,,,,,,,,,,,,,,,,,,,396,0.4491508574799486,0.0009192824363708496,0.05424125109891206,0.04954653978347778,0.425431919581554,0.4470682740211487,0.9663259387016296,0.31456276774406433,0.9174254536628723
process_visualization/Traffic/h720/process_decomposition.csv,,,,,,,,,,,,,,,,,,,,,,,,,,,,,,,,,,,,,,,,,,,,,,,,,,,,,,,,,,,,,,,,,,,,,,,,,,,397,0.4491508574799486,0.001232743263244629,0.05424125109891206,0.0629652738571167,0.425431919581554,0.5795092582702637,1.818673014640808,0.3084946870803833,1.8555701971054077
process_visualization/Traffic/h720/process_decomposition.csv,,,,,,,,,,,,,,,,,,,,,,,,,,,,,,,,,,,,,,,,,,,,,,,,,,,,,,,,,,,,,,,,,,,,,,,,,,,398,0.4491508574799486,0.0010573863983154297,0.05424125109891206,0.06081664562225342,0.425431919581554,0.4033031463623047,1.6488397121429443,0.29103171825408936,0.8929945826530457
process_visualization/Traffic/h720/process_decomposition.csv,,,,,,,,,,,,,,,,,,,,,,,,,,,,,,,,,,,,,,,,,,,,,,,,,,,,,,,,,,,,,,,,,,,,,,,,,,,399,0.4491508574799486,0.001583397388458252,0.05424125109891206,0.05276453495025635,0.425431919581554,0.1941719651222229,0.8309922814369202,0.35195666551589966,-1.3057820796966553
process_visualization/Traffic/h720/process_decomposition.csv,,,,,,,,,,,,,,,,,,,,,,,,,,,,,,,,,,,,,,,,,,,,,,,,,,,,,,,,,,,,,,,,,,,,,,,,,,,400,0.4491508574799486,0.001370355486869812,0.05424125109891206,0.05444641411304474,0.425431919581554,0.22347356379032135,0.22457018494606018,0.2741352319717407,-0.6217182278633118
process_visualization/Traffic/h720/process_decomposition.csv,,,,,,,,,,,,,,,,,,,,,,,,,,,,,,,,,,,,,,,,,,,,,,,,,,,,,,,,,,,,,,,,,,,,,,,,,,,401,0.4491508574799486,0.0010563284158706665,0.05424125109891206,0.05798664689064026,0.425431919581554,0.24083060026168823,0.1746848225593567,0.28341251611709595,0.6682307720184326
process_visualization/Traffic/h720/process_decomposition.csv,,,,,,,,,,,,,,,,,,,,,,,,,,,,,,,,,,,,,,,,,,,,,,,,,,,,,,,,,,,,,,,,,,,,,,,,,,,402,0.4491508574799486,0.0006369948387145996,0.05424125109891206,0.059315025806427,0.425431919581554,0.24507005512714386,0.3599109649658203,0.2682704031467438,-1.0126118659973145
process_visualization/Traffic/h720/process_decomposition.csv,,,,,,,,,,,,,,,,,,,,,,,,,,,,,,,,,,,,,,,,,,,,,,,,,,,,,,,,,,,,,,,,,,,,,,,,,,,403,0.4491508574799486,0.0007676482200622559,0.05424125109891206,0.06055322289466858,0.425431919581554,0.26782599091529846,0.47269904613494873,0.2558897137641907,-1.3057820796966553
process_visualization/Traffic/h720/process_decomposition.csv,,,,,,,,,,,,,,,,,,,,,,,,,,,,,,,,,,,,,,,,,,,,,,,,,,,,,,,,,,,,,,,,,,,,,,,,,,,404,0.4491508574799486,0.00048089027404785156,0.05424125109891206,0.05688789486885071,0.425431919581554,0.2769447863101959,0.5158525705337524,0.24203327298164368,-1.3057820796966553
process_visualization/Traffic/h720/process_decomposition.csv,,,,,,,,,,,,,,,,,,,,,,,,,,,,,,,,,,,,,,,,,,,,,,,,,,,,,,,,,,,,,,,,,,,,,,,,,,,405,0.4491508574799486,0.0005308985710144043,0.05424125109891206,0.054677367210388184,0.425431919581554,0.309198796749115,0.656015932559967,0.23543885350227356,-1.3057820796966553
process_visualization/Traffic/h720/process_decomposition.csv,,,,,,,,,,,,,,,,,,,,,,,,,,,,,,,,,,,,,,,,,,,,,,,,,,,,,,,,,,,,,,,,,,,,,,,,,,,406,0.4491508574799486,0.00022709369659423828,0.05424125109891206,0.05365878343582153,0.425431919581554,0.33336564898490906,0.8271279335021973,0.24024738371372223,0.46789777278900146
process_visualization/Traffic/h720/process_decomposition.csv,,,,,,,,,,,,,,,,,,,,,,,,,,,,,,,,,,,,,,,,,,,,,,,,,,,,,,,,,,,,,,,,,,,,,,,,,,,407,0.4491508574799486,-1.0788440704345703e-05,0.05424125109891206,0.050689518451690674,0.425431919581554,0.298589825630188,0.7890406250953674,0.2506994605064392,2.9842755794525146
process_visualization/Traffic/h720/process_decomposition.csv,,,,,,,,,,,,,,,,,,,,,,,,,,,,,,,,,,,,,,,,,,,,,,,,,,,,,,,,,,,,,,,,,,,,,,,,,,,408,0.4491508574799486,3.209710121154785e-05,0.05424125109891206,0.04444649815559387,0.425431919581554,0.2551721930503845,0.4938741624355316,0.2669350206851959,1.0004903078079224
process_visualization/Traffic/h720/process_decomposition.csv,,,,,,,,,,,,,,,,,,,,,,,,,,,,,,,,,,,,,,,,,,,,,,,,,,,,,,,,,,,,,,,,,,,,,,,,,,,409,0.4491508574799486,0.0011513829231262207,0.05424125109891206,0.037283048033714294,0.425431919581554,0.20883293449878693,0.06556236743927002,0.2787545621395111,0.10143499076366425
process_visualization/Traffic/h720/process_decomposition.csv,,,,,,,,,,,,,,,,,,,,,,,,,,,,,,,,,,,,,,,,,,,,,,,,,,,,,,,,,,,,,,,,,,,,,,,,,,,410,0.4491508574799486,0.0006363391876220703,0.05424125109891206,0.02898457646369934,0.425431919581554,0.15846064686775208,-0.1971626877784729,0.2556039094924927,-0.24548311531543732
process_visualization/Traffic/h720/process_decomposition.csv,,,,,,,,,,,,,,,,,,,,,,,,,,,,,,,,,,,,,,,,,,,,,,,,,,,,,,,,,,,,,,,,,,,,,,,,,,,411,0.4491508574799486,0.00012129545211791992,0.05424125109891206,0.02424997091293335,0.425431919581554,0.10169902443885803,-0.4472076892852783,0.24052101373672485,-0.4458160996437073
process_visualization/Traffic/h720/process_decomposition.csv,,,,,,,,,,,,,,,,,,,,,,,,,,,,,,,,,,,,,,,,,,,,,,,,,,,,,,,,,,,,,,,,,,,,,,,,,,,412,0.4491508574799486,7.87973403930664e-05,0.05424125109891206,0.02062225341796875,0.425431919581554,0.012815415859222412,-0.7518916130065918,0.23729681968688965,-0.7731895446777344
process_visualization/Traffic/h720/process_decomposition.csv,,,,,,,,,,,,,,,,,,,,,,,,,,,,,,,,,,,,,,,,,,,,,,,,,,,,,,,,,,,,,,,,,,,,,,,,,,,413,0.4491508574799486,-1.4543533325195312e-05,0.05424125109891206,0.01997387409210205,0.425431919581554,-0.027918875217437744,-0.9925905466079712,0.24352221190929413,-1.2324895858764648
process_visualization/Traffic/h720/process_decomposition.csv,,,,,,,,,,,,,,,,,,,,,,,,,,,,,,,,,,,,,,,,,,,,,,,,,,,,,,,,,,,,,,,,,,,,,,,,,,,414,0.4491508574799486,-0.0002989768981933594,0.05424125109891206,0.014140605926513672,0.425431919581554,-0.06290507316589355,-1.155160903930664,0.2496618926525116,-1.2227171659469604
process_visualization/Traffic/h720/process_decomposition.csv,,,,,,,,,,,,,,,,,,,,,,,,,,,,,,,,,,,,,,,,,,,,,,,,,,,,,,,,,,,,,,,,,,,,,,,,,,,415,0.4491508574799486,-0.0003305673599243164,0.05424125109891206,0.012805461883544922,0.425431919581554,-0.09017729759216309,-1.2985467910766602,0.2496393918991089,-1.2276033163070679
process_visualization/Traffic/h720/process_decomposition.csv,,,,,,,,,,,,,,,,,,,,,,,,,,,,,,,,,,,,,,,,,,,,,,,,,,,,,,,,,,,,,,,,,,,,,,,,,,,416,0.4491508574799486,-0.0008183717727661133,0.05424125109891206,0.008558034896850586,0.425431919581554,-0.09526526927947998,-1.346122145652771,0.24286344647407532,-1.2324895858764648
process_visualization/Traffic/h720/process_decomposition.csv,,,,,,,,,,,,,,,,,,,,,,,,,,,,,,,,,,,,,,,,,,,,,,,,,,,,,,,,,,,,,,,,,,,,,,,,,,,417,0.4491508574799486,-6.711483001708984e-05,0.05424125109891206,0.012439966201782227,0.425431919581554,-0.03368484973907471,-1.3059203624725342,0.23911245167255402,-1.217831015586853
process_visualization/Traffic/h720/process_decomposition.csv,,,,,,,,,,,,,,,,,,,,,,,,,,,,,,,,,,,,,,,,,,,,,,,,,,,,,,,,,,,,,,,,,,,,,,,,,,,418,0.4491508574799486,2.193450927734375e-05,0.05424125109891206,0.013729691505432129,0.425431919581554,0.015205442905426025,-0.9184876084327698,0.24065515398979187,-0.7683033347129822
process_visualization/Traffic/h720/process_decomposition.csv,,,,,,,,,,,,,,,,,,,,,,,,,,,,,,,,,,,,,,,,,,,,,,,,,,,,,,,,,,,,,,,,,,,,,,,,,,,419,0.4491508574799486,0.0005171895027160645,0.05424125109891206,0.02320554107427597,0.425431919581554,0.19502924382686615,-0.09767583012580872,0.24911145865917206,0.27733713388442993
process_visualization/Traffic/h720/process_decomposition.csv,,,,,,,,,,,,,,,,,,,,,,,,,,,,,,,,,,,,,,,,,,,,,,,,,,,,,,,,,,,,,,,,,,,,,,,,,,,420,0.4491508574799486,0.0010579824447631836,0.05424125109891206,0.041981637477874756,0.425431919581554,0.47512906789779663,0.980844259262085,0.3592877984046936,1.1128722429275513
process_visualization/Traffic/h720/process_decomposition.csv,,,,,,,,,,,,,,,,,,,,,,,,,,,,,,,,,,,,,,,,,,,,,,,,,,,,,,,,,,,,,,,,,,,,,,,,,,,421,0.4491508574799486,0.0011861324310302734,0.05424125109891206,0.05774116516113281,0.425431919581554,0.6319893598556519,1.696089744567871,0.4091612696647644,1.6405786275863647
process_visualization/Traffic/h720/process_decomposition.csv,,,,,,,,,,,,,,,,,,,,,,,,,,,,,,,,,,,,,,,,,,,,,,,,,,,,,,,,,,,,,,,,,,,,,,,,,,,422,0.4491508574799486,0.0015391111373901367,0.05424125109891206,0.05555999279022217,0.425431919581554,0.46152424812316895,1.4828850030899048,0.2541833817958832,4.552736282348633
process_visualization/Traffic/h720/process_decomposition.csv,,,,,,,,,,,,,,,,,,,,,,,,,,,,,,,,,,,,,,,,,,,,,,,,,,,,,,,,,,,,,,,,,,,,,,,,,,,423,0.4491508574799486,0.0013779401779174805,0.05424125109891206,0.05021309852600098,0.425431919581554,0.2585662603378296,0.711945652961731,0.2631385326385498,1.8506840467453003
process_visualization/Traffic/h720/process_decomposition.csv,,,,,,,,,,,,,,,,,,,,,,,,,,,,,,,,,,,,,,,,,,,,,,,,,,,,,,,,,,,,,,,,,,,,,,,,,,,424,0.4491508574799486,0.0009510666131973267,0.05424125109891206,0.05092675983905792,0.425431919581554,0.28471070528030396,0.2287939339876175,0.24926668405532837,0.8636775612831116
process_visualization/Traffic/h720/process_decomposition.csv,,,,,,,,,,,,,,,,,,,,,,,,,,,,,,,,,,,,,,,,,,,,,,,,,,,,,,,,,,,,,,,,,,,,,,,,,,,425,0.4491508574799486,0.0001405775547027588,0.05424125109891206,0.06420871615409851,0.425431919581554,0.35143670439720154,0.25439563393592834,0.31229034066200256,0.8832222819328308
process_visualization/Traffic/h720/process_decomposition.csv,,,,,,,,,,,,,,,,,,,,,,,,,,,,,,,,,,,,,,,,,,,,,,,,,,,,,,,,,,,,,,,,,,,,,,,,,,,426,0.4491508574799486,0.00011768937110900879,0.05424125109891206,0.06945580244064331,0.425431919581554,0.3219645917415619,0.4545769989490509,0.25871479511260986,0.8245882391929626
process_visualization/Traffic/h720/process_decomposition.csv,,,,,,,,,,,,,,,,,,,,,,,,,,,,,,,,,,,,,,,,,,,,,,,,,,,,,,,,,,,,,,,,,,,,,,,,,,,427,0.4491508574799486,0.0006633400917053223,0.05424125109891206,0.0685158371925354,0.425431919581554,0.2989863157272339,0.614119827747345,0.23836955428123474,0.8734499216079712
process_visualization/Traffic/h720/process_decomposition.csv,,,,,,,,,,,,,,,,,,,,,,,,,,,,,,,,,,,,,,,,,,,,,,,,,,,,,,,,,,,,,,,,,,,,,,,,,,,428,0.4491508574799486,0.0006223320960998535,0.05424125109891206,0.06708812713623047,0.425431919581554,0.2842460870742798,0.7163238525390625,0.22990471124649048,1.0591243505477905
process_visualization/Traffic/h720/process_decomposition.csv,,,,,,,,,,,,,,,,,,,,,,,,,,,,,,,,,,,,,,,,,,,,,,,,,,,,,,,,,,,,,,,,,,,,,,,,,,,429,0.4491508574799486,0.0009833574295043945,0.05424125109891206,0.06974565982818604,0.425431919581554,0.32821643352508545,0.8373992443084717,0.23048721253871918,1.1128722429275513
process_visualization/Traffic/h720/process_decomposition.csv,,,,,,,,,,,,,,,,,,,,,,,,,,,,,,,,,,,,,,,,,,,,,,,,,,,,,,,,,,,,,,,,,,,,,,,,,,,430,0.4491508574799486,0.001087963581085205,0.05424125109891206,0.06773751974105835,0.425431919581554,0.36314600706100464,0.9570997953414917,0.23747822642326355,1.1763924360275269
process_visualization/Traffic/h720/process_decomposition.csv,,,,,,,,,,,,,,,,,,,,,,,,,,,,,,,,,,,,,,,,,,,,,,,,,,,,,,,,,,,,,,,,,,,,,,,,,,,431,0.4491508574799486,0.0006046295166015625,0.05424125109891206,0.06319761276245117,0.425431919581554,0.30806154012680054,0.9038926362991333,0.2461855113506317,1.5233105421066284
process_visualization/Traffic/h720/process_decomposition.csv,,,,,,,,,,,,,,,,,,,,,,,,,,,,,,,,,,,,,,,,,,,,,,,,,,,,,,,,,,,,,,,,,,,,,,,,,,,432,0.4491508574799486,0.0009514689445495605,0.05424125109891206,0.05655544996261597,0.425431919581554,0.21450302004814148,0.5579936504364014,0.2571515142917633,0.7073200941085815
process_visualization/Traffic/h720/process_decomposition.csv,,,,,,,,,,,,,,,,,,,,,,,,,,,,,,,,,,,,,,,,,,,,,,,,,,,,,,,,,,,,,,,,,,,,,,,,,,,433,0.4491508574799486,0.0011838674545288086,0.05424125109891206,0.028684742748737335,0.425431919581554,0.1178126186132431,0.14522573351860046,0.26562848687171936,0.21381691098213196
process_visualization/Traffic/h720/process_decomposition.csv,,,,,,,,,,,,,,,,,,,,,,,,,,,,,,,,,,,,,,,,,,,,,,,,,,,,,,,,,,,,,,,,,,,,,,,,,,,434,0.4491508574799486,0.0010774433612823486,0.05424125109891206,0.01747797429561615,0.425431919581554,0.09301376342773438,-0.16740579903125763,0.2500615417957306,-0.07935331761837006
process_visualization/Traffic/h720/process_decomposition.csv,,,,,,,,,,,,,,,,,,,,,,,,,,,,,,,,,,,,,,,,,,,,,,,,,,,,,,,,,,,,,,,,,,,,,,,,,,,435,0.4491508574799486,0.001170039176940918,0.05424125109891206,0.015326201915740967,0.425431919581554,0.06273770332336426,-0.4146072268486023,0.22970470786094666,-0.265027791261673
process_visualization/Traffic/h720/process_decomposition.csv,,,,,,,,,,,,,,,,,,,,,,,,,,,,,,,,,,,,,,,,,,,,,,,,,,,,,,,,,,,,,,,,,,,,,,,,,,,436,0.4491508574799486,0.0009819269180297852,0.05424125109891206,0.01228100061416626,0.425431919581554,-0.011062562465667725,-0.6974061131477356,0.23010876774787903,-0.6901246309280396
process_visualization/Traffic/h720/process_decomposition.csv,,,,,,,,,,,,,,,,,,,,,,,,,,,,,,,,,,,,,,,,,,,,,,,,,,,,,,,,,,,,,,,,,,,,,,,,,,,437,0.4491508574799486,0.0009101033210754395,0.05424125109891206,0.00944674015045166,0.425431919581554,-0.04200989007949829,-0.9436445236206055,0.2384730577468872,-1.1347661018371582
process_visualization/Traffic/h720/process_decomposition.csv,,,,,,,,,,,,,,,,,,,,,,,,,,,,,,,,,,,,,,,,,,,,,,,,,,,,,,,,,,,,,,,,,,,,,,,,,,,438,0.4491508574799486,0.0007916688919067383,0.05424125109891206,0.00371706485748291,0.425431919581554,-0.060277581214904785,-1.0863655805587769,0.25143980979919434,-1.2715789079666138
process_visualization/Traffic/h720/process_decomposition.csv,,,,,,,,,,,,,,,,,,,,,,,,,,,,,,,,,,,,,,,,,,,,,,,,,,,,,,,,,,,,,,,,,,,,,,,,,,,439,0.4491508574799486,0.0006012916564941406,0.05424125109891206,0.0016666650772094727,0.425431919581554,-0.09054362773895264,-1.2298266887664795,0.2463342249393463,-1.2715789079666138
process_visualization/Traffic/h720/process_decomposition.csv,,,,,,,,,,,,,,,,,,,,,,,,,,,,,,,,,,,,,,,,,,,,,,,,,,,,,,,,,,,,,,,,,,,,,,,,,,,440,0.4491508574799486,0.0004558563232421875,0.05424125109891206,0.003403782844543457,0.425431919581554,-0.09641885757446289,-1.2893892526626587,0.23583859205245972,-1.286237359046936
process_visualization/Traffic/h720/process_decomposition.csv,,,,,,,,,,,,,,,,,,,,,,,,,,,,,,,,,,,,,,,,,,,,,,,,,,,,,,,,,,,,,,,,,,,,,,,,,,,441,0.4491508574799486,-0.0009903907775878906,0.05424125109891206,0.0035102367401123047,0.425431919581554,-0.08702683448791504,-1.2269501686096191,0.2360180914402008,-1.256920337677002
process_visualization/Traffic/h720/process_decomposition.csv,,,,,,,,,,,,,,,,,,,,,,,,,,,,,,,,,,,,,,,,,,,,,,,,,,,,,,,,,,,,,,,,,,,,,,,,,,,442,0.4491508574799486,-0.0008583664894104004,0.05424125109891206,0.011554419994354248,0.425431919581554,-0.022221148014068604,-0.9079094529151917,0.24016575515270233,-0.7976203560829163
process_visualization/Traffic/h720/process_decomposition.csv,,,,,,,,,,,,,,,,,,,,,,,,,,,,,,,,,,,,,,,,,,,,,,,,,,,,,,,,,,,,,,,,,,,,,,,,,,,443,0.4491508574799486,0.00031062960624694824,0.05424125109891206,0.025601252913475037,0.425431919581554,0.16256652772426605,-0.16477400064468384,0.25215786695480347,0.008597750216722488
process_visualization/Traffic/h720/process_decomposition.csv,,,,,,,,,,,,,,,,,,,,,,,,,,,,,,,,,,,,,,,,,,,,,,,,,,,,,,,,,,,,,,,,,,,,,,,,,,,444,0.4491508574799486,0.0008568167686462402,0.05424125109891206,0.04504549503326416,0.425431919581554,0.4526804983615875,0.8385980129241943,0.3556537628173828,0.9223116040229797
process_visualization/Traffic/h720/process_decomposition.csv,,,,,,,,,,,,,,,,,,,,,,,,,,,,,,,,,,,,,,,,,,,,,,,,,,,,,,,,,,,,,,,,,,,,,,,,,,,445,0.4491508574799486,0.0014066696166992188,0.05424125109891206,0.06110239028930664,0.425431919581554,0.6510895490646362,1.5323982238769531,0.43435943126678467,1.1861648559570312
process_visualization/Traffic/h720/process_decomposition.csv,,,,,,,,,,,,,,,,,,,,,,,,,,,,,,,,,,,,,,,,,,,,,,,,,,,,,,,,,,,,,,,,,,,,,,,,,,,446,0.4491508574799486,0.0019048452377319336,0.05424125109891206,0.06428492069244385,0.425431919581554,0.5318681001663208,1.4197624921798706,0.2730366587638855,1.0053764581680298
process_visualization/Traffic/h720/process_decomposition.csv,,,,,,,,,,,,,,,,,,,,,,,,,,,,,,,,,,,,,,,,,,,,,,,,,,,,,,,,,,,,,,,,,,,,,,,,,,,447,0.4491508574799486,0.0013834834098815918,0.05424125109891206,0.060453057289123535,0.425431919581554,0.32522982358932495,0.847389280796051,0.2636355459690094,0.7170924544334412
process_visualization/Traffic/h720/process_decomposition.csv,,,,,,,,,,,,,,,,,,,,,,,,,,,,,,,,,,,,,,,,,,,,,,,,,,,,,,,,,,,,,,,,,,,,,,,,,,,448,0.4491508574799486,0.0006751418113708496,0.05424125109891206,0.05932343006134033,0.425431919581554,0.3242596685886383,0.4790722131729126,0.24403241276741028,0.8099297285079956
process_visualization/Traffic/h720/process_decomposition.csv,,,,,,,,,,,,,,,,,,,,,,,,,,,,,,,,,,,,,,,,,,,,,,,,,,,,,,,,,,,,,,,,,,,,,,,,,,,449,0.4491508574799486,-0.0005921721458435059,0.05424125109891206,0.058817923069000244,0.425431919581554,0.200402170419693,0.4177625775337219,0.2541160583496094,0.8783360719680786
process_visualization/Traffic/h720/process_decomposition.csv,,,,,,,,,,,,,,,,,,,,,,,,,,,,,,,,,,,,,,,,,,,,,,,,,,,,,,,,,,,,,,,,,,,,,,,,,,,450,0.4491508574799486,-0.0008605122566223145,0.05424125109891206,0.0675957202911377,0.425431919581554,0.22245261073112488,0.5833407640457153,0.23536111414432526,-1.0859044790267944
process_visualization/Traffic/h720/process_decomposition.csv,,,,,,,,,,,,,,,,,,,,,,,,,,,,,,,,,,,,,,,,,,,,,,,,,,,,,,,,,,,,,,,,,,,,,,,,,,,451,0.4491508574799486,-8.493661880493164e-05,0.05424125109891206,0.073000967502594,0.425431919581554,0.2548622488975525,0.6969212889671326,0.22529037296772003,-1.3057820796966553
process_visualization/Traffic/h720/process_decomposition.csv,,,,,,,,,,,,,,,,,,,,,,,,,,,,,,,,,,,,,,,,,,,,,,,,,,,,,,,,,,,,,,,,,,,,,,,,,,,452,0.4491508574799486,0.00013905763626098633,0.05424125109891206,0.07511019706726074,0.425431919581554,0.2780953049659729,0.8119480609893799,0.22633805871009827,0.7024339437484741
process_visualization/Traffic/h720/process_decomposition.csv,,,,,,,,,,,,,,,,,,,,,,,,,,,,,,,,,,,,,,,,,,,,,,,,,,,,,,,,,,,,,,,,,,,,,,,,,,,453,0.4491508574799486,0.0002238750457763672,0.05424125109891206,0.0772046446800232,0.425431919581554,0.33207446336746216,0.9058513045310974,0.24289046227931976,1.0835552215576172
process_visualization/Traffic/h720/process_decomposition.csv,,,,,,,,,,,,,,,,,,,,,,,,,,,,,,,,,,,,,,,,,,,,,,,,,,,,,,,,,,,,,,,,,,,,,,,,,,,454,0.4491508574799486,0.00036394596099853516,0.05424125109891206,0.07549083232879639,0.425431919581554,0.38419270515441895,1.0091686248779297,0.2580539882183075,1.166620135307312
process_visualization/Traffic/h720/process_decomposition.csv,,,,,,,,,,,,,,,,,,,,,,,,,,,,,,,,,,,,,,,,,,,,,,,,,,,,,,,,,,,,,,,,,,,,,,,,,,,455,0.4491508574799486,-2.580881118774414e-05,0.05424125109891206,0.07020771503448486,0.425431919581554,0.3226744532585144,0.9447655081748962,0.23816876113414764,1.9142042398452759
process_visualization/Traffic/h720/process_decomposition.csv,,,,,,,,,,,,,,,,,,,,,,,,,,,,,,,,,,,,,,,,,,,,,,,,,,,,,,,,,,,,,,,,,,,,,,,,,,,456,0.4491508574799486,0.00033783912658691406,0.05424125109891206,0.0579947829246521,0.425431919581554,0.19457370042800903,0.6007568836212158,0.2391357719898224,0.51675945520401
process_visualization/Traffic/h720/process_decomposition.csv,,,,,,,,,,,,,,,,,,,,,,,,,,,,,,,,,,,,,,,,,,,,,,,,,,,,,,,,,,,,,,,,,,,,,,,,,,,457,0.4491508574799486,0.0007515698671340942,0.05424125109891206,0.021517880260944366,0.425431919581554,0.03809480369091034,0.13562314212322235,0.2630837559700012,0.008597750216722488
process_visualization/Traffic/h720/process_decomposition.csv,,,,,,,,,,,,,,,,,,,,,,,,,,,,,,,,,,,,,,,,,,,,,,,,,,,,,,,,,,,,,,,,,,,,,,,,,,,458,0.4491508574799486,0.0009170472621917725,0.05424125109891206,0.008847177028656006,0.425431919581554,0.05379769206047058,-0.10495193302631378,0.2524082064628601,-0.25525546073913574
process_visualization/Traffic/h720/process_decomposition.csv,,,,,,,,,,,,,,,,,,,,,,,,,,,,,,,,,,,,,,,,,,,,,,,,,,,,,,,,,,,,,,,,,,,,,,,,,,,459,0.4491508574799486,0.0009620189666748047,0.05424125109891206,0.011196494102478027,0.425431919581554,0.0901707112789154,-0.31838321685791016,0.23667477071285248,-0.32366183400154114
process_visualization/Traffic/h720/process_decomposition.csv,,,,,,,,,,,,,,,,,,,,,,,,,,,,,,,,,,,,,,,,,,,,,,,,,,,,,,,,,,,,,,,,,,,,,,,,,,,460,0.4491508574799486,0.0006065964698791504,0.05424125109891206,0.009864628314971924,0.425431919581554,0.05360454320907593,-0.5691362023353577,0.22992876172065735,-0.5288810133934021
process_visualization/Traffic/h720/process_decomposition.csv,,,,,,,,,,,,,,,,,,,,,,,,,,,,,,,,,,,,,,,,,,,,,,,,,,,,,,,,,,,,,,,,,,,,,,,,,,,461,0.4491508574799486,0.0005409717559814453,0.05424125109891206,0.003802359104156494,0.425431919581554,0.006787717342376709,-0.8204348087310791,0.23623166978359222,-0.7976203560829163
process_visualization/Traffic/h720/process_decomposition.csv,,,,,,,,,,,,,,,,,,,,,,,,,,,,,,,,,,,,,,,,,,,,,,,,,,,,,,,,,,,,,,,,,,,,,,,,,,,462,0.4491508574799486,0.0002415180206298828,0.05424125109891206,-0.0023974180221557617,0.425431919581554,-0.022317707538604736,-1.010575771331787,0.2465885579586029,-1.2422618865966797
process_visualization/Traffic/h720/process_decomposition.csv,,,,,,,,,,,,,,,,,,,,,,,,,,,,,,,,,,,,,,,,,,,,,,,,,,,,,,,,,,,,,,,,,,,,,,,,,,,463,0.4491508574799486,-0.0004391670227050781,0.05424125109891206,-0.004579305648803711,0.425431919581554,-0.056893348693847656,-1.2030019760131836,0.23993192613124847,-1.2813512086868286
process_visualization/Traffic/h720/process_decomposition.csv,,,,,,,,,,,,,,,,,,,,,,,,,,,,,,,,,,,,,,,,,,,,,,,,,,,,,,,,,,,,,,,,,,,,,,,,,,,464,0.4491508574799486,-0.0005213022232055664,0.05424125109891206,-0.0010085105895996094,0.425431919581554,-0.07400500774383545,-1.3015940189361572,0.22847963869571686,-1.2813512086868286
process_visualization/Traffic/h720/process_decomposition.csv,,,,,,,,,,,,,,,,,,,,,,,,,,,,,,,,,,,,,,,,,,,,,,,,,,,,,,,,,,,,,,,,,,,,,,,,,,,465,0.4491508574799486,-0.00060272216796875,0.05424125109891206,-0.003119945526123047,0.425431919581554,-0.08230209350585938,-1.260925531387329,0.23435869812965393,-1.2813512086868286
process_visualization/Traffic/h720/process_decomposition.csv,,,,,,,,,,,,,,,,,,,,,,,,,,,,,,,,,,,,,,,,,,,,,,,,,,,,,,,,,,,,,,,,,,,,,,,,,,,466,0.4491508574799486,-0.00010955333709716797,0.05424125109891206,0.005511760711669922,0.425431919581554,-0.03851878643035889,-1.1840448379516602,0.24222493171691895,-1.291123628616333
process_visualization/Traffic/h720/process_decomposition.csv,,,,,,,,,,,,,,,,,,,,,,,,,,,,,,,,,,,,,,,,,,,,,,,,,,,,,,,,,,,,,,,,,,,,,,,,,,,467,0.4491508574799486,-0.0001436471939086914,0.05424125109891206,0.02320629358291626,0.425431919581554,0.09265321493148804,-0.829856812953949,0.27071744203567505,-1.0565874576568604
process_visualization/Traffic/h720/process_decomposition.csv,,,,,,,,,,,,,,,,,,,,,,,,,,,,,,,,,,,,,,,,,,,,,,,,,,,,,,,,,,,,,,,,,,,,,,,,,,,468,0.4491508574799486,0.00046005845069885254,0.05424125109891206,0.03312674164772034,0.425431919581554,0.2539108097553253,-0.2627186179161072,0.3619060814380646,-0.6168320775032043
process_visualization/Traffic/h720/process_decomposition.csv,,,,,,,,,,,,,,,,,,,,,,,,,,,,,,,,,,,,,,,,,,,,,,,,,,,,,,,,,,,,,,,,,,,,,,,,,,,469,0.4491508574799486,0.0007453262805938721,0.05424125109891206,0.0389711856842041,0.425431919581554,0.40179821848869324,0.29420730471611023,0.4998302459716797,-0.15753205120563507
process_visualization/Traffic/h720/process_decomposition.csv,,,,,,,,,,,,,,,,,,,,,,,,,,,,,,,,,,,,,,,,,,,,,,,,,,,,,,,,,,,,,,,,,,,,,,,,,,,470,0.4491508574799486,0.0006326735019683838,0.05424125109891206,0.047299712896347046,0.425431919581554,0.4310778081417084,0.4645765721797943,0.4696585237979889,0.28710946440696716
process_visualization/Traffic/h720/process_decomposition.csv,,,,,,,,,,,,,,,,,,,,,,,,,,,,,,,,,,,,,,,,,,,,,,,,,,,,,,,,,,,,,,,,,,,,,,,,,,,471,0.4491508574799486,-8.404254913330078e-05,0.05424125109891206,0.05657055974006653,0.425431919581554,0.38020405173301697,0.32506442070007324,0.4045920968055725,0.49232861399650574
process_visualization/Traffic/h720/process_decomposition.csv,,,,,,,,,,,,,,,,,,,,,,,,,,,,,,,,,,,,,,,,,,,,,,,,,,,,,,,,,,,,,,,,,,,,,,,,,,,472,0.4491508574799486,-0.0004195570945739746,0.05424125109891206,0.06611493229866028,0.425431919581554,0.38041916489601135,0.3161322772502899,0.3888563811779022,0.6828892827033997
process_visualization/Traffic/h720/process_decomposition.csv,,,,,,,,,,,,,,,,,,,,,,,,,,,,,,,,,,,,,,,,,,,,,,,,,,,,,,,,,,,,,,,,,,,,,,,,,,,473,0.4491508574799486,-2.9802322387695312e-05,0.05424125109891206,0.05785652995109558,0.425431919581554,0.2371143251657486,0.3820491135120392,0.2479258030653,0.7122063040733337
process_visualization/Traffic/h720/process_decomposition.csv,,,,,,,,,,,,,,,,,,,,,,,,,,,,,,,,,,,,,,,,,,,,,,,,,,,,,,,,,,,,,,,,,,,,,,,,,,,474,0.4491508574799486,5.9723854064941406e-05,0.05424125109891206,0.06307122111320496,0.425431919581554,0.264582097530365,0.5442636013031006,0.2332671880722046,1.024921178817749
process_visualization/Traffic/h720/process_decomposition.csv,,,,,,,,,,,,,,,,,,,,,,,,,,,,,,,,,,,,,,,,,,,,,,,,,,,,,,,,,,,,,,,,,,,,,,,,,,,475,0.4491508574799486,8.70823860168457e-05,0.05424125109891206,0.06390225887298584,0.425431919581554,0.2608087956905365,0.5750012397766113,0.22344785928726196,0.785498857498169
process_visualization/Traffic/h720/process_decomposition.csv,,,,,,,,,,,,,,,,,,,,,,,,,,,,,,,,,,,,,,,,,,,,,,,,,,,,,,,,,,,,,,,,,,,,,,,,,,,476,0.4491508574799486,-0.00012165307998657227,0.05424125109891206,0.06452322006225586,0.425431919581554,0.25409749150276184,0.6532226800918579,0.22433312237262726,0.8783360719680786
process_visualization/Traffic/h720/process_decomposition.csv,,,,,,,,,,,,,,,,,,,,,,,,,,,,,,,,,,,,,,,,,,,,,,,,,,,,,,,,,,,,,,,,,,,,,,,,,,,477,0.4491508574799486,0.00034034252166748047,0.05424125109891206,0.06328326463699341,0.425431919581554,0.2598145306110382,0.7162283062934875,0.23621703684329987,0.7268648147583008
process_visualization/Traffic/h720/process_decomposition.csv,,,,,,,,,,,,,,,,,,,,,,,,,,,,,,,,,,,,,,,,,,,,,,,,,,,,,,,,,,,,,,,,,,,,,,,,,,,478,0.4491508574799486,-5.6684017181396484e-05,0.05424125109891206,0.0620732307434082,0.425431919581554,0.31360673904418945,0.7784579992294312,0.2807716429233551,0.6389137506484985
process_visualization/Traffic/h720/process_decomposition.csv,,,,,,,,,,,,,,,,,,,,,,,,,,,,,,,,,,,,,,,,,,,,,,,,,,,,,,,,,,,,,,,,,,,,,,,,,,,479,0.4491508574799486,-0.00033015012741088867,0.05424125109891206,0.06711584329605103,0.425431919581554,0.3376939296722412,0.7658950686454773,0.32378238439559937,0.4874424636363983
process_visualization/Traffic/h720/process_decomposition.csv,,,,,,,,,,,,,,,,,,,,,,,,,,,,,,,,,,,,,,,,,,,,,,,,,,,,,,,,,,,,,,,,,,,,,,,,,,,480,0.4491508574799486,-0.0001735091209411621,0.05424125109891206,0.06711655855178833,0.425431919581554,0.2748076915740967,0.5286755561828613,0.29978370666503906,0.2724509537220001
process_visualization/Traffic/h720/process_decomposition.csv,,,,,,,,,,,,,,,,,,,,,,,,,,,,,,,,,,,,,,,,,,,,,,,,,,,,,,,,,,,,,,,,,,,,,,,,,,,481,0.4491508574799486,0.0007306113839149475,0.05424125109891206,0.03653750568628311,0.425431919581554,0.15266355872154236,0.10419351607561111,0.2557629644870758,-0.050036296248435974
process_visualization/Traffic/h720/process_decomposition.csv,,,,,,,,,,,,,,,,,,,,,,,,,,,,,,,,,,,,,,,,,,,,,,,,,,,,,,,,,,,,,,,,,,,,,,,,,,,482,0.4491508574799486,0.0013196319341659546,0.05424125109891206,0.022516615688800812,0.425431919581554,0.14453545212745667,-0.053744032979011536,0.2526193857192993,-0.1331011950969696
process_visualization/Traffic/h720/process_decomposition.csv,,,,,,,,,,,,,,,,,,,,,,,,,,,,,,,,,,,,,,,,,,,,,,,,,,,,,,,,,,,,,,,,,,,,,,,,,,,483,0.4491508574799486,0.0007542669773101807,0.05424125109891206,0.019207894802093506,0.425431919581554,0.1408868134021759,-0.23667913675308228,0.2445899248123169,-0.1331011950969696
process_visualization/Traffic/h720/process_decomposition.csv,,,,,,,,,,,,,,,,,,,,,,,,,,,,,,,,,,,,,,,,,,,,,,,,,,,,,,,,,,,,,,,,,,,,,,,,,,,484,0.4491508574799486,0.00032782554626464844,0.05424125109891206,0.014741122722625732,0.425431919581554,0.11290022730827332,-0.47584545612335205,0.23846971988677979,-0.25525546073913574
process_visualization/Traffic/h720/process_decomposition.csv,,,,,,,,,,,,,,,,,,,,,,,,,,,,,,,,,,,,,,,,,,,,,,,,,,,,,,,,,,,,,,,,,,,,,,,,,,,485,0.4491508574799486,0.0005356073379516602,0.05424125109891206,0.006168246269226074,0.425431919581554,0.07254266738891602,-0.7579188346862793,0.24137967824935913,-0.5581980347633362
process_visualization/Traffic/h720/process_decomposition.csv,,,,,,,,,,,,,,,,,,,,,,,,,,,,,,,,,,,,,,,,,,,,,,,,,,,,,,,,,,,,,,,,,,,,,,,,,,,486,0.4491508574799486,0.0003571510314941406,0.05424125109891206,-0.0005352497100830078,0.425431919581554,0.03241705894470215,-1.001051425933838,0.2506895959377289,-1.0223841667175293
process_visualization/Traffic/h720/process_decomposition.csv,,,,,,,,,,,,,,,,,,,,,,,,,,,,,,,,,,,,,,,,,,,,,,,,,,,,,,,,,,,,,,,,,,,,,,,,,,,487,0.4491508574799486,-2.002716064453125e-05,0.05424125109891206,0.00015878677368164062,0.425431919581554,0.004583239555358887,-1.2227494716644287,0.24867673218250275,-1.2520341873168945
process_visualization/Traffic/h720/process_decomposition.csv,,,,,,,,,,,,,,,,,,,,,,,,,,,,,,,,,,,,,,,,,,,,,,,,,,,,,,,,,,,,,,,,,,,,,,,,,,,488,0.4491508574799486,-0.0003434419631958008,0.05424125109891206,0.006667733192443848,0.425431919581554,-0.0135422945022583,-1.3460942506790161,0.24229900538921356,-1.2813512086868286
process_visualization/Traffic/h720/process_decomposition.csv,,,,,,,,,,,,,,,,,,,,,,,,,,,,,,,,,,,,,,,,,,,,,,,,,,,,,,,,,,,,,,,,,,,,,,,,,,,489,0.4491508574799486,-0.0006045103073120117,0.05424125109891206,0.011762499809265137,0.425431919581554,-0.035709381103515625,-1.315077543258667,0.238777756690979,-1.291123628616333
process_visualization/Traffic/h720/process_decomposition.csv,,,,,,,,,,,,,,,,,,,,,,,,,,,,,,,,,,,,,,,,,,,,,,,,,,,,,,,,,,,,,,,,,,,,,,,,,,,490,0.4491508574799486,-0.0007379055023193359,0.05424125109891206,0.013937711715698242,0.425431919581554,-0.06376934051513672,-1.2886145114898682,0.24002748727798462,-1.2960097789764404
process_visualization/Traffic/h720/process_decomposition.csv,,,,,,,,,,,,,,,,,,,,,,,,,,,,,,,,,,,,,,,,,,,,,,,,,,,,,,,,,,,,,,,,,,,,,,,,,,,491,0.4491508574799486,-0.0010303258895874023,0.05424125109891206,0.024376869201660156,0.425431919581554,-0.052106618881225586,-1.11829674243927,0.23452484607696533,-1.2813512086868286
process_visualization/Traffic/h720/process_decomposition.csv,,,,,,,,,,,,,,,,,,,,,,,,,,,,,,,,,,,,,,,,,,,,,,,,,,,,,,,,,,,,,,,,,,,,,,,,,,,492,0.4491508574799486,-0.0014750957489013672,0.05424125109891206,0.03254091739654541,0.425431919581554,-0.033441245555877686,-0.8364917039871216,0.2331361323595047,-1.178741693496704
process_visualization/Traffic/h720/process_decomposition.csv,,,,,,,,,,,,,,,,,,,,,,,,,,,,,,,,,,,,,,,,,,,,,,,,,,,,,,,,,,,,,,,,,,,,,,,,,,,493,0.4491508574799486,-0.000845789909362793,0.05424125109891206,0.039040446281433105,0.425431919581554,0.02786874771118164,-0.5526154041290283,0.23554891347885132,-0.7536448240280151
process_visualization/Traffic/h720/process_decomposition.csv,,,,,,,,,,,,,,,,,,,,,,,,,,,,,,,,,,,,,,,,,,,,,,,,,,,,,,,,,,,,,,,,,,,,,,,,,,,494,0.4491508574799486,-0.00161704421043396,0.05424125109891206,0.04774034023284912,0.425431919581554,0.11428207159042358,-0.2980532944202423,0.24532295763492584,-0.3383203446865082
process_visualization/Traffic/h720/process_decomposition.csv,,,,,,,,,,,,,,,,,,,,,,,,,,,,,,,,,,,,,,,,,,,,,,,,,,,,,,,,,,,,,,,,,,,,,,,,,,,495,0.4491508574799486,-0.001033484935760498,0.05424125109891206,0.05321280658245087,0.425431919581554,0.19276735186576843,-0.12306985259056091,0.26942211389541626,-1.2666927576065063
process_visualization/Traffic/h720/process_decomposition.csv,,,,,,,,,,,,,,,,,,,,,,,,,,,,,,,,,,,,,,,,,,,,,,,,,,,,,,,,,,,,,,,,,,,,,,,,,,,496,0.4491508574799486,-0.001191467046737671,0.05424125109891206,0.05815636366605759,0.425431919581554,0.2743324935436249,0.11767198145389557,0.28547805547714233,-1.3057820796966553
process_visualization/Traffic/h720/process_decomposition.csv,,,,,,,,,,,,,,,,,,,,,,,,,,,,,,,,,,,,,,,,,,,,,,,,,,,,,,,,,,,,,,,,,,,,,,,,,,,497,0.4491508574799486,-0.0006456077098846436,0.05424125109891206,0.06613869965076447,0.425431919581554,0.23528511822223663,0.23460927605628967,0.24371971189975739,0.1600690335035324
process_visualization/Traffic/h720/process_decomposition.csv,,,,,,,,,,,,,,,,,,,,,,,,,,,,,,,,,,,,,,,,,,,,,,,,,,,,,,,,,,,,,,,,,,,,,,,,,,,498,0.4491508574799486,-6.431341171264648e-05,0.05424125109891206,0.06659555435180664,0.425431919581554,0.24210181832313538,0.38026079535484314,0.24238619208335876,0.31154030561447144
process_visualization/Traffic/h720/process_decomposition.csv,,,,,,,,,,,,,,,,,,,,,,,,,,,,,,,,,,,,,,,,,,,,,,,,,,,,,,,,,,,,,,,,,,,,,,,,,,,499,0.4491508574799486,8.767843246459961e-05,0.05424125109891206,0.07085323333740234,0.425431919581554,0.23711225390434265,0.41290369629859924,0.24140922725200653,0.3701743483543396
process_visualization/Traffic/h720/process_decomposition.csv,,,,,,,,,,,,,,,,,,,,,,,,,,,,,,,,,,,,,,,,,,,,,,,,,,,,,,,,,,,,,,,,,,,,,,,,,,,500,0.4491508574799486,-0.00025922060012817383,0.05424125109891206,0.07805073261260986,0.425431919581554,0.2472003847360611,0.4355197548866272,0.24586477875709534,0.27733713388442993
process_visualization/Traffic/h720/process_decomposition.csv,,,,,,,,,,,,,,,,,,,,,,,,,,,,,,,,,,,,,,,,,,,,,,,,,,,,,,,,,,,,,,,,,,,,,,,,,,,501,0.4491508574799486,0.00011450052261352539,0.05424125109891206,0.08045706152915955,0.425431919581554,0.26847878098487854,0.4759203791618347,0.24866899847984314,0.19915840029716492
process_visualization/Traffic/h720/process_decomposition.csv,,,,,,,,,,,,,,,,,,,,,,,,,,,,,,,,,,,,,,,,,,,,,,,,,,,,,,,,,,,,,,,,,,,,,,,,,,,502,0.4491508574799486,0.0002829432487487793,0.05424125109891206,0.07767194509506226,0.425431919581554,0.2928527593612671,0.5155234932899475,0.2642529010772705,0.4434669315814972
process_visualization/Traffic/h720/process_decomposition.csv,,,,,,,,,,,,,,,,,,,,,,,,,,,,,,,,,,,,,,,,,,,,,,,,,,,,,,,,,,,,,,,,,,,,,,,,,,,503,0.4491508574799486,-1.2129545211791992e-05,0.05424125109891206,0.07518830895423889,0.425431919581554,0.29407912492752075,0.4730228781700134,0.2957606613636017,0.2724509537220001
process_visualization/Traffic/h720/process_decomposition.csv,,,,,,,,,,,,,,,,,,,,,,,,,,,,,,,,,,,,,,,,,,,,,,,,,,,,,,,,,,,,,,,,,,,,,,,,,,,504,0.4491508574799486,0.00047206878662109375,0.05424125109891206,0.06147882342338562,0.425431919581554,0.26612356305122375,0.30865123867988586,0.2852230966091156,0.1942722201347351
process_visualization/Traffic/h720/process_decomposition.csv,,,,,,,,,,,,,,,,,,,,,,,,,,,,,,,,,,,,,,,,,,,,,,,,,,,,,,,,,,,,,,,,,,,,,,,,,,,505,0.4491508574799486,0.0004926733672618866,0.05424125109891206,0.03884269297122955,0.425431919581554,0.18658114969730377,0.042028702795505524,0.24794471263885498,0.07211796194314957
process_visualization/Traffic/h720/process_decomposition.csv,,,,,,,,,,,,,,,,,,,,,,,,,,,,,,,,,,,,,,,,,,,,,,,,,,,,,,,,,,,,,,,,,,,,,,,,,,,506,0.4491508574799486,0.0007627010345458984,0.05424125109891206,0.026533305644989014,0.425431919581554,0.15749569237232208,-0.20603811740875244,0.2490403950214386,-0.15753205120563507
process_visualization/Traffic/h720/process_decomposition.csv,,,,,,,,,,,,,,,,,,,,,,,,,,,,,,,,,,,,,,,,,,,,,,,,,,,,,,,,,,,,,,,,,,,,,,,,,,,507,0.4491508574799486,0.0009173452854156494,0.05424125109891206,0.02308747172355652,0.425431919581554,0.11797145009040833,-0.40882599353790283,0.24903982877731323,-0.40184056758880615
process_visualization/Traffic/h720/process_decomposition.csv,,,,,,,,,,,,,,,,,,,,,,,,,,,,,,,,,,,,,,,,,,,,,,,,,,,,,,,,,,,,,,,,,,,,,,,,,,,508,0.4491508574799486,0.0004277825355529785,0.05424125109891206,0.022646844387054443,0.425431919581554,0.08407902717590332,-0.6641507148742676,0.2484789788722992,-0.7292140126228333
process_visualization/Traffic/h720/process_decomposition.csv,,,,,,,,,,,,,,,,,,,,,,,,,,,,,,,,,,,,,,,,,,,,,,,,,,,,,,,,,,,,,,,,,,,,,,,,,,,509,0.4491508574799486,0.00014203786849975586,0.05424125109891206,0.015639781951904297,0.425431919581554,0.08228647708892822,-0.9178109169006348,0.2564081847667694,-0.866026759147644
process_visualization/Traffic/h720/process_decomposition.csv,,,,,,,,,,,,,,,,,,,,,,,,,,,,,,,,,,,,,,,,,,,,,,,,,,,,,,,,,,,,,,,,,,,,,,,,,,,510,0.4491508574799486,7.700920104980469e-05,0.05424125109891206,0.010514020919799805,0.425431919581554,0.07258272171020508,-1.1245896816253662,0.2733366787433624,-1.2227171659469604
process_visualization/Traffic/h720/process_decomposition.csv,,,,,,,,,,,,,,,,,,,,,,,,,,,,,,,,,,,,,,,,,,,,,,,,,,,,,,,,,,,,,,,,,,,,,,,,,,,511,0.4491508574799486,0.00015020370483398438,0.05424125109891206,0.009611368179321289,0.425431919581554,0.04419398307800293,-1.262817144393921,0.27836793661117554,-1.2227171659469604
process_visualization/Traffic/h720/process_decomposition.csv,,,,,,,,,,,,,,,,,,,,,,,,,,,,,,,,,,,,,,,,,,,,,,,,,,,,,,,,,,,,,,,,,,,,,,,,,,,512,0.4491508574799486,0.00018513202667236328,0.05424125109891206,0.013180255889892578,0.425431919581554,0.06021618843078613,-1.3429956436157227,0.26969966292381287,-1.2373757362365723
process_visualization/Traffic/h720/process_decomposition.csv,,,,,,,,,,,,,,,,,,,,,,,,,,,,,,,,,,,,,,,,,,,,,,,,,,,,,,,,,,,,,,,,,,,,,,,,,,,513,0.4491508574799486,-0.001071929931640625,0.05424125109891206,0.005586028099060059,0.425431919581554,-0.06743431091308594,-1.2718919515609741,0.2842601537704468,-1.2324895858764648
process_visualization/Traffic/h720/process_decomposition.csv,,,,,,,,,,,,,,,,,,,,,,,,,,,,,,,,,,,,,,,,,,,,,,,,,,,,,,,,,,,,,,,,,,,,,,,,,,,514,0.4491508574799486,-0.0003892183303833008,0.05424125109891206,0.010744452476501465,0.425431919581554,-0.009519457817077637,-0.8888933658599854,0.28045427799224854,-0.7145555019378662
process_visualization/Traffic/h720/process_decomposition.csv,,,,,,,,,,,,,,,,,,,,,,,,,,,,,,,,,,,,,,,,,,,,,,,,,,,,,,,,,,,,,,,,,,,,,,,,,,,515,0.4491508574799486,-0.000393599271774292,0.05424125109891206,0.023986637592315674,0.425431919581554,0.1030099093914032,-0.2649926543235779,0.2725244462490082,0.31642648577690125
process_visualization/Traffic/h720/process_decomposition.csv,,,,,,,,,,,,,,,,,,,,,,,,,,,,,,,,,,,,,,,,,,,,,,,,,,,,,,,,,,,,,,,,,,,,,,,,,,,516,0.4491508574799486,-0.00019344687461853027,0.05424125109891206,0.03737044334411621,0.425431919581554,0.23366373777389526,0.49582940340042114,0.27451014518737793,1.0737829208374023
process_visualization/Traffic/h720/process_decomposition.csv,,,,,,,,,,,,,,,,,,,,,,,,,,,,,,,,,,,,,,,,,,,,,,,,,,,,,,,,,,,,,,,,,,,,,,,,,,,517,0.4491508574799486,-0.0007699131965637207,0.05424125109891206,0.04787421226501465,0.425431919581554,0.25062310695648193,0.9307318329811096,0.29968389868736267,1.3864978551864624
process_visualization/Traffic/h720/process_decomposition.csv,,,,,,,,,,,,,,,,,,,,,,,,,,,,,,,,,,,,,,,,,,,,,,,,,,,,,,,,,,,,,,,,,,,,,,,,,,,518,0.4491508574799486,-0.0009464621543884277,0.05424125109891206,0.05301487445831299,0.425431919581554,0.14049500226974487,0.8151088953018188,0.38384151458740234,2.2904393672943115
process_visualization/Traffic/h720/process_decomposition.csv,,,,,,,,,,,,,,,,,,,,,,,,,,,,,,,,,,,,,,,,,,,,,,,,,,,,,,,,,,,,,,,,,,,,,,,,,,,519,0.4491508574799486,-0.0011536478996276855,0.05424125109891206,0.05547329783439636,0.425431919581554,0.03749507665634155,0.41233187913894653,0.42708542943000793,-1.2080587148666382
process_visualization/Traffic/h720/process_decomposition.csv,,,,,,,,,,,,,,,,,,,,,,,,,,,,,,,,,,,,,,,,,,,,,,,,,,,,,,,,,,,,,,,,,,,,,,,,,,,520,0.4491508574799486,-0.0009161531925201416,0.05424125109891206,0.0536922812461853,0.425431919581554,0.0900503396987915,0.25964897871017456,0.31469208002090454,-0.7389863133430481
process_visualization/Traffic/h720/process_decomposition.csv,,,,,,,,,,,,,,,,,,,,,,,,,,,,,,,,,,,,,,,,,,,,,,,,,,,,,,,,,,,,,,,,,,,,,,,,,,,521,0.4491508574799486,-0.000624239444732666,0.05424125109891206,0.08282025158405304,0.425431919581554,0.2912917733192444,0.29567891359329224,0.2814624011516571,0.6389137506484985
process_visualization/Traffic/h720/process_decomposition.csv,,,,,,,,,,,,,,,,,,,,,,,,,,,,,,,,,,,,,,,,,,,,,,,,,,,,,,,,,,,,,,,,,,,,,,,,,,,522,0.4491508574799486,-0.0002999305725097656,0.05424125109891206,0.08929219841957092,0.425431919581554,0.32991912961006165,0.43648746609687805,0.2903951406478882,0.16495519876480103
process_visualization/Traffic/h720/process_decomposition.csv,,,,,,,,,,,,,,,,,,,,,,,,,,,,,,,,,,,,,,,,,,,,,,,,,,,,,,,,,,,,,,,,,,,,,,,,,,,523,0.4491508574799486,-0.00013023614883422852,0.05424125109891206,0.09042656421661377,0.425431919581554,0.3838855028152466,0.5234749913215637,0.2956441640853882,-1.2080587148666382
process_visualization/Traffic/h720/process_decomposition.csv,,,,,,,,,,,,,,,,,,,,,,,,,,,,,,,,,,,,,,,,,,,,,,,,,,,,,,,,,,,,,,,,,,,,,,,,,,,524,0.4491508574799486,0.0002378225326538086,0.05424125109891206,0.08376255631446838,0.425431919581554,0.4061204195022583,0.5718064308166504,0.2901158034801483,-0.8611406087875366
process_visualization/Traffic/h720/process_decomposition.csv,,,,,,,,,,,,,,,,,,,,,,,,,,,,,,,,,,,,,,,,,,,,,,,,,,,,,,,,,,,,,,,,,,,,,,,,,,,525,0.4491508574799486,0.0007025003433227539,0.05424125109891206,0.07926911115646362,0.425431919581554,0.40054672956466675,0.6457077860832214,0.27727141976356506,-0.2063937485218048
process_visualization/Traffic/h720/process_decomposition.csv,,,,,,,,,,,,,,,,,,,,,,,,,,,,,,,,,,,,,,,,,,,,,,,,,,,,,,,,,,,,,,,,,,,,,,,,,,,526,0.4491508574799486,0.0008529424667358398,0.05424125109891206,0.07614868879318237,0.425431919581554,0.3688744306564331,0.6950408220291138,0.2661649286746979,-1.2080587148666382
process_visualization/Traffic/h720/process_decomposition.csv,,,,,,,,,,,,,,,,,,,,,,,,,,,,,,,,,,,,,,,,,,,,,,,,,,,,,,,,,,,,,,,,,,,,,,,,,,,527,0.4491508574799486,0.0004914999008178711,0.05424125109891206,0.07060295343399048,0.425431919581554,0.3295223116874695,0.6586664319038391,0.26278823614120483,1.6796680688858032
process_visualization/Traffic/h720/process_decomposition.csv,,,,,,,,,,,,,,,,,,,,,,,,,,,,,,,,,,,,,,,,,,,,,,,,,,,,,,,,,,,,,,,,,,,,,,,,,,,528,0.4491508574799486,0.0005428194999694824,0.05424125109891206,0.049706727266311646,0.425431919581554,0.2596317231655121,0.40223655104637146,0.25862380862236023,0.941856324672699
process_visualization/Traffic/h720/process_decomposition.csv,,,,,,,,,,,,,,,,,,,,,,,,,,,,,,,,,,,,,,,,,,,,,,,,,,,,,,,,,,,,,,,,,,,,,,,,,,,529,0.4491508574799486,0.0006838440895080566,0.05424125109891206,0.05528945103287697,0.425431919581554,0.33179232478141785,0.08908411860466003,0.26373979449272156,0.07211796194314957
process_visualization/Traffic/h720/process_decomposition.csv,,,,,,,,,,,,,,,,,,,,,,,,,,,,,,,,,,,,,,,,,,,,,,,,,,,,,,,,,,,,,,,,,,,,,,,,,,,530,0.4491508574799486,0.0003914833068847656,0.05424125109891206,0.048963695764541626,0.425431919581554,0.26372379064559937,-0.2122797667980194,0.2646942138671875,-0.29434481263160706
process_visualization/Traffic/h720/process_decomposition.csv,,,,,,,,,,,,,,,,,,,,,,,,,,,,,,,,,,,,,,,,,,,,,,,,,,,,,,,,,,,,,,,,,,,,,,,,,,,531,0.4491508574799486,0.00011283159255981445,0.05424125109891206,0.04285401105880737,0.425431919581554,0.23077327013015747,-0.47011715173721313,0.2645648121833801,-0.47024694085121155
process_visualization/Traffic/h720/process_decomposition.csv,,,,,,,,,,,,,,,,,,,,,,,,,,,,,,,,,,,,,,,,,,,,,,,,,,,,,,,,,,,,,,,,,,,,,,,,,,,532,0.4491508574799486,-7.092952728271484e-05,0.05424125109891206,0.03337162733078003,0.425431919581554,0.18298667669296265,-0.7499471306800842,0.2671724557876587,-0.8171650767326355
process_visualization/Traffic/h720/process_decomposition.csv,,,,,,,,,,,,,,,,,,,,,,,,,,,,,,,,,,,,,,,,,,,,,,,,,,,,,,,,,,,,,,,,,,,,,,,,,,,533,0.4491508574799486,-0.0001570582389831543,0.05424125109891206,0.025900602340698242,0.425431919581554,0.13736969232559204,-0.9884507656097412,0.2691216766834259,-1.2080587148666382
process_visualization/Traffic/h720/process_decomposition.csv,,,,,,,,,,,,,,,,,,,,,,,,,,,,,,,,,,,,,,,,,,,,,,,,,,,,,,,,,,,,,,,,,,,,,,,,,,,534,0.4491508574799486,-0.00022161006927490234,0.05424125109891206,0.024437785148620605,0.425431919581554,0.10224056243896484,-1.1070101261138916,0.27395105361938477,-1.2276033163070679
process_visualization/Traffic/h720/process_decomposition.csv,,,,,,,,,,,,,,,,,,,,,,,,,,,,,,,,,,,,,,,,,,,,,,,,,,,,,,,,,,,,,,,,,,,,,,,,,,,535,0.4491508574799486,-0.00015270709991455078,0.05424125109891206,0.022929906845092773,0.425431919581554,0.056171536445617676,-1.1900633573532104,0.278851181268692,-1.2227171659469604
process_visualization/Traffic/h720/process_decomposition.csv,,,,,,,,,,,,,,,,,,,,,,,,,,,,,,,,,,,,,,,,,,,,,,,,,,,,,,,,,,,,,,,,,,,,,,,,,,,536,0.4491508574799486,-3.552436828613281e-05,0.05424125109891206,0.01474905014038086,0.425431919581554,0.019954681396484375,-1.277761459350586,0.28253284096717834,-1.2373757362365723
process_visualization/Traffic/h720/process_decomposition.csv,,,,,,,,,,,,,,,,,,,,,,,,,,,,,,,,,,,,,,,,,,,,,,,,,,,,,,,,,,,,,,,,,,,,,,,,,,,537,0.4491508574799486,0.0003141164779663086,0.05424125109891206,0.01656162738800049,0.425431919581554,0.001288771629333496,-1.248343586921692,0.30271658301353455,-1.217831015586853
process_visualization/Traffic/h720/process_decomposition.csv,,,,,,,,,,,,,,,,,,,,,,,,,,,,,,,,,,,,,,,,,,,,,,,,,,,,,,,,,,,,,,,,,,,,,,,,,,,538,0.4491508574799486,0.0004380345344543457,0.05424125109891206,0.02049553394317627,0.425431919581554,0.0441206693649292,-0.9002407789230347,0.30127137899398804,-0.6266043782234192
process_visualization/Traffic/h720/process_decomposition.csv,,,,,,,,,,,,,,,,,,,,,,,,,,,,,,,,,,,,,,,,,,,,,,,,,,,,,,,,,,,,,,,,,,,,,,,,,,,539,0.4491508574799486,0.00073222815990448,0.05424125109891206,0.034262001514434814,0.425431919581554,0.21856899559497833,-0.0995524525642395,0.2789713740348816,0.2968817949295044
process_visualization/Traffic/h720/process_decomposition.csv,,,,,,,,,,,,,,,,,,,,,,,,,,,,,,,,,,,,,,,,,,,,,,,,,,,,,,,,,,,,,,,,,,,,,,,,,,,540,0.4491508574799486,0.001338362693786621,0.05424125109891206,0.051844775676727295,0.425431919581554,0.4620124101638794,0.9686728715896606,0.2707616686820984,1.2203680276870728
process_visualization/Traffic/h720/process_decomposition.csv,,,,,,,,,,,,,,,,,,,,,,,,,,,,,,,,,,,,,,,,,,,,,,,,,,,,,,,,,,,,,,,,,,,,,,,,,,,541,0.4491508574799486,0.0010099411010742188,0.05424125109891206,0.06879031658172607,0.425431919581554,0.5525970458984375,1.7618229389190674,0.2722608149051666,1.762732982635498
process_visualization/Traffic/h720/process_decomposition.csv,,,,,,,,,,,,,,,,,,,,,,,,,,,,,,,,,,,,,,,,,,,,,,,,,,,,,,,,,,,,,,,,,,,,,,,,,,,542,0.4491508574799486,0.0011970996856689453,0.05424125109891206,0.06772148609161377,0.425431919581554,0.3709219694137573,1.5982733964920044,0.3566567301750183,-0.7878480553627014
process_visualization/Traffic/h720/process_decomposition.csv,,,,,,,,,,,,,,,,,,,,,,,,,,,,,,,,,,,,,,,,,,,,,,,,,,,,,,,,,,,,,,,,,,,,,,,,,,,543,0.4491508574799486,0.0004857182502746582,0.05424125109891206,0.06393498182296753,0.425431919581554,0.1671045422554016,0.8100146651268005,0.4334741532802582,-1.2080587148666382
process_visualization/Traffic/h720/process_decomposition.csv,,,,,,,,,,,,,,,,,,,,,,,,,,,,,,,,,,,,,,,,,,,,,,,,,,,,,,,,,,,,,,,,,,,,,,,,,,,544,0.4491508574799486,0.00042492151260375977,0.05424125109891206,0.05930492281913757,0.425431919581554,0.15938566625118256,0.28044915199279785,0.30591773986816406,-1.2080587148666382
process_visualization/Traffic/h720/process_decomposition.csv,,,,,,,,,,,,,,,,,,,,,,,,,,,,,,,,,,,,,,,,,,,,,,,,,,,,,,,,,,,,,,,,,,,,,,,,,,,545,0.4491508574799486,0.0001223534345626831,0.05424125109891206,0.07201472669839859,0.425431919581554,0.31865930557250977,0.15675713121891022,0.2814960777759552,-1.2080587148666382
process_visualization/Traffic/h720/process_decomposition.csv,,,,,,,,,,,,,,,,,,,,,,,,,,,,,,,,,,,,,,,,,,,,,,,,,,,,,,,,,,,,,,,,,,,,,,,,,,,546,0.4491508574799486,1.2695789337158203e-05,0.05424125109891206,0.07623836398124695,0.425431919581554,0.3581438958644867,0.3411891460418701,0.27941378951072693,-1.2080587148666382
process_visualization/Traffic/h720/process_decomposition.csv,,,,,,,,,,,,,,,,,,,,,,,,,,,,,,,,,,,,,,,,,,,,,,,,,,,,,,,,,,,,,,,,,,,,,,,,,,,547,0.4491508574799486,0.0006863176822662354,0.05424125109891206,0.07879176735877991,0.425431919581554,0.3916044235229492,0.45648619532585144,0.27397966384887695,-1.2080587148666382
process_visualization/Traffic/h720/process_decomposition.csv,,,,,,,,,,,,,,,,,,,,,,,,,,,,,,,,,,,,,,,,,,,,,,,,,,,,,,,,,,,,,,,,,,,,,,,,,,,548,0.4491508574799486,0.001233816146850586,0.05424125109891206,0.07746285200119019,0.425431919581554,0.4205978214740753,0.5440012216567993,0.2659192383289337,-1.0321565866470337
process_visualization/Traffic/h720/process_decomposition.csv,,,,,,,,,,,,,,,,,,,,,,,,,,,,,,,,,,,,,,,,,,,,,,,,,,,,,,,,,,,,,,,,,,,,,,,,,,,549,0.4491508574799486,0.001403212547302246,0.05424125109891206,0.07712739706039429,0.425431919581554,0.447110116481781,0.6881581544876099,0.2613773047924042,-1.2080587148666382
process_visualization/Traffic/h720/process_decomposition.csv,,,,,,,,,,,,,,,,,,,,,,,,,,,,,,,,,,,,,,,,,,,,,,,,,,,,,,,,,,,,,,,,,,,,,,,,,,,550,0.4491508574799486,0.0015995502471923828,0.05424125109891206,0.07303875684738159,0.425431919581554,0.4256938099861145,0.8647930026054382,0.250137060880661,0.23336158692836761
process_visualization/Traffic/h720/process_decomposition.csv,,,,,,,,,,,,,,,,,,,,,,,,,,,,,,,,,,,,,,,,,,,,,,,,,,,,,,,,,,,,,,,,,,,,,,,,,,,551,0.4491508574799486,0.0012175440788269043,0.05424125109891206,0.06194585561752319,0.425431919581554,0.3429186940193176,0.8202029466629028,0.2568129301071167,1.5721722841262817
process_visualization/Traffic/h720/process_decomposition.csv,,,,,,,,,,,,,,,,,,,,,,,,,,,,,,,,,,,,,,,,,,,,,,,,,,,,,,,,,,,,,,,,,,,,,,,,,,,552,0.4491508574799486,0.0008990466594696045,0.05424125109891206,0.04974457621574402,0.425431919581554,0.2476014792919159,0.4903159439563751,0.28087320923805237,0.67311692237854
process_visualization/Traffic/h720/process_decomposition.csv,,,,,,,,,,,,,,,,,,,,,,,,,,,,,,,,,,,,,,,,,,,,,,,,,,,,,,,,,,,,,,,,,,,,,,,,,,,553,0.4491508574799486,0.0008493289351463318,0.05424125109891206,0.035084206610918045,0.425431919581554,0.16397079825401306,0.0606100894510746,0.29510757327079773,0.18449988961219788
process_visualization/Traffic/h720/process_decomposition.csv,,,,,,,,,,,,,,,,,,,,,,,,,,,,,,,,,,,,,,,,,,,,,,,,,,,,,,,,,,,,,,,,,,,,,,,,,,,554,0.4491508574799486,0.0003700554370880127,0.05424125109891206,0.030572623014450073,0.425431919581554,0.1392378807067871,-0.2669924795627594,0.27953606843948364,-0.18684907257556915
process_visualization/Traffic/h720/process_decomposition.csv,,,,,,,,,,,,,,,,,,,,,,,,,,,,,,,,,,,,,,,,,,,,,,,,,,,,,,,,,,,,,,,,,,,,,,,,,,,555,0.4491508574799486,0.0004533529281616211,0.05424125109891206,0.02716141939163208,0.425431919581554,0.12124276161193848,-0.5123709440231323,0.26868730783462524,-0.43604376912117004
process_visualization/Traffic/h720/process_decomposition.csv,,,,,,,,,,,,,,,,,,,,,,,,,,,,,,,,,,,,,,,,,,,,,,,,,,,,,,,,,,,,,,,,,,,,,,,,,,,556,0.4491508574799486,0.00010275840759277344,0.05424125109891206,0.02370619773864746,0.425431919581554,0.06947469711303711,-0.7864429950714111,0.26794981956481934,-0.6266043782234192
process_visualization/Traffic/h720/process_decomposition.csv,,,,,,,,,,,,,,,,,,,,,,,,,,,,,,,,,,,,,,,,,,,,,,,,,,,,,,,,,,,,,,,,,,,,,,,,,,,557,0.4491508574799486,0.00018477439880371094,0.05424125109891206,0.021003663539886475,0.425431919581554,0.036176860332489014,-0.9960398077964783,0.27341675758361816,-1.0419288873672485
process_visualization/Traffic/h720/process_decomposition.csv,,,,,,,,,,,,,,,,,,,,,,,,,,,,,,,,,,,,,,,,,,,,,,,,,,,,,,,,,,,,,,,,,,,,,,,,,,,558,0.4491508574799486,-1.728534698486328e-05,0.05424125109891206,0.0170285701751709,0.425431919581554,0.01129770278930664,-1.1431026458740234,0.2775381803512573,-1.2276033163070679
process_visualization/Traffic/h720/process_decomposition.csv,,,,,,,,,,,,,,,,,,,,,,,,,,,,,,,,,,,,,,,,,,,,,,,,,,,,,,,,,,,,,,,,,,,,,,,,,,,559,0.4491508574799486,-0.00023376941680908203,0.05424125109891206,0.013822436332702637,0.425431919581554,-0.04151773452758789,-1.267046332359314,0.2828563451766968,-1.2276033163070679
process_visualization/Traffic/h720/process_decomposition.csv,,,,,,,,,,,,,,,,,,,,,,,,,,,,,,,,,,,,,,,,,,,,,,,,,,,,,,,,,,,,,,,,,,,,,,,,,,,560,0.4491508574799486,3.838539123535156e-05,0.05424125109891206,0.014110207557678223,0.425431919581554,-0.020829081535339355,-1.3042184114456177,0.2828216850757599,-1.2373757362365723
process_visualization/Traffic/h720/process_decomposition.csv,,,,,,,,,,,,,,,,,,,,,,,,,,,,,,,,,,,,,,,,,,,,,,,,,,,,,,,,,,,,,,,,,,,,,,,,,,,561,0.4491508574799486,-6.80685043334961e-05,0.05424125109891206,0.005947470664978027,0.425431919581554,-0.06512212753295898,-1.3152228593826294,0.2828884720802307,-1.2129448652267456
process_visualization/Traffic/h720/process_decomposition.csv,,,,,,,,,,,,,,,,,,,,,,,,,,,,,,,,,,,,,,,,,,,,,,,,,,,,,,,,,,,,,,,,,,,,,,,,,,,562,0.4491508574799486,9.393692016601562e-05,0.05424125109891206,0.015824198722839355,0.425431919581554,-0.01051795482635498,-0.9966243505477905,0.2829171121120453,-0.6266043782234192
process_visualization/Traffic/h720/process_decomposition.csv,,,,,,,,,,,,,,,,,,,,,,,,,,,,,,,,,,,,,,,,,,,,,,,,,,,,,,,,,,,,,,,,,,,,,,,,,,,563,0.4491508574799486,0.0005293935537338257,0.05424125109891206,0.02748003602027893,0.425431919581554,0.16083687543869019,-0.22814536094665527,0.2708941698074341,0.10632115602493286
process_visualization/Traffic/h720/process_decomposition.csv,,,,,,,,,,,,,,,,,,,,,,,,,,,,,,,,,,,,,,,,,,,,,,,,,,,,,,,,,,,,,,,,,,,,,,,,,,,564,0.4491508574799486,0.0006945133209228516,0.05424125109891206,0.04287278652191162,0.425431919581554,0.41123706102371216,0.8412458896636963,0.30294859409332275,1.2545711994171143
process_visualization/Traffic/h720/process_decomposition.csv,,,,,,,,,,,,,,,,,,,,,,,,,,,,,,,,,,,,,,,,,,,,,,,,,,,,,,,,,,,,,,,,,,,,,,,,,,,565,0.4491508574799486,0.0009337663650512695,0.05424125109891206,0.055882811546325684,0.425431919581554,0.5430173873901367,1.6329957246780396,0.3079427480697632,2.945186138153076
process_visualization/Traffic/h720/process_decomposition.csv,,,,,,,,,,,,,,,,,,,,,,,,,,,,,,,,,,,,,,,,,,,,,,,,,,,,,,,,,,,,,,,,,,,,,,,,,,,566,0.4491508574799486,0.0013589859008789062,0.05424125109891206,0.05442368984222412,0.425431919581554,0.3776611089706421,1.4263824224472046,0.2798917889595032,2.6422436237335205
process_visualization/Traffic/h720/process_decomposition.csv,,,,,,,,,,,,,,,,,,,,,,,,,,,,,,,,,,,,,,,,,,,,,,,,,,,,,,,,,,,,,,,,,,,,,,,,,,,567,0.4491508574799486,0.0009134411811828613,0.05424125109891206,0.049254536628723145,0.425431919581554,0.172390878200531,0.6626095771789551,0.3136257231235504,1.4842212200164795
process_visualization/Traffic/h720/process_decomposition.csv,,,,,,,,,,,,,,,,,,,,,,,,,,,,,,,,,,,,,,,,,,,,,,,,,,,,,,,,,,,,,,,,,,,,,,,,,,,568,0.4491508574799486,0.001077108085155487,0.05424125109891206,0.051281996071338654,0.425431919581554,0.21981652081012726,0.11686359345912933,0.27536994218826294,0.800157368183136
process_visualization/Traffic/h720/process_decomposition.csv,,,,,,,,,,,,,,,,,,,,,,,,,,,,,,,,,,,,,,,,,,,,,,,,,,,,,,,,,,,,,,,,,,,,,,,,,,,569,0.4491508574799486,0.0010867640376091003,0.05424125109891206,0.06278425455093384,0.425431919581554,0.2777490019798279,0.07175025343894958,0.31738799810409546,0.6975477933883667
process_visualization/Traffic/h720/process_decomposition.csv,,,,,,,,,,,,,,,,,,,,,,,,,,,,,,,,,,,,,,,,,,,,,,,,,,,,,,,,,,,,,,,,,,,,,,,,,,,570,0.4491508574799486,0.0007016956806182861,0.05424125109891206,0.06434065103530884,0.425431919581554,0.2823699116706848,0.28291651606559753,0.2747066617012024,0.658458411693573
process_visualization/Traffic/h720/process_decomposition.csv,,,,,,,,,,,,,,,,,,,,,,,,,,,,,,,,,,,,,,,,,,,,,,,,,,,,,,,,,,,,,,,,,,,,,,,,,,,571,0.4491508574799486,0.0005314946174621582,0.05424125109891206,0.063801109790802,0.425431919581554,0.28018489480018616,0.41556674242019653,0.25732287764549255,0.7561818361282349
process_visualization/Traffic/h720/process_decomposition.csv,,,,,,,,,,,,,,,,,,,,,,,,,,,,,,,,,,,,,,,,,,,,,,,,,,,,,,,,,,,,,,,,,,,,,,,,,,,572,0.4491508574799486,0.0004779398441314697,0.05424125109891206,0.058406293392181396,0.425431919581554,0.260524719953537,0.48831722140312195,0.24776946008205414,0.8734499216079712
process_visualization/Traffic/h720/process_decomposition.csv,,,,,,,,,,,,,,,,,,,,,,,,,,,,,,,,,,,,,,,,,,,,,,,,,,,,,,,,,,,,,,,,,,,,,,,,,,,573,0.4491508574799486,0.0004963874816894531,0.05424125109891206,0.05598980188369751,0.425431919581554,0.2771638035774231,0.6356484293937683,0.24736769497394562,0.8685637712478638
process_visualization/Traffic/h720/process_decomposition.csv,,,,,,,,,,,,,,,,,,,,,,,,,,,,,,,,,,,,,,,,,,,,,,,,,,,,,,,,,,,,,,,,,,,,,,,,,,,574,0.4491508574799486,0.0007483363151550293,0.05424125109891206,0.050754666328430176,0.425431919581554,0.28905731439590454,0.8107238411903381,0.2536047101020813,0.8050435185432434
process_visualization/Traffic/h720/process_decomposition.csv,,,,,,,,,,,,,,,,,,,,,,,,,,,,,,,,,,,,,,,,,,,,,,,,,,,,,,,,,,,,,,,,,,,,,,,,,,,575,0.4491508574799486,0.0006630420684814453,0.05424125109891206,0.04514390230178833,0.425431919581554,0.2426411509513855,0.7685636878013611,0.26622694730758667,1.4549041986465454
process_visualization/Traffic/h720/process_decomposition.csv,,,,,,,,,,,,,,,,,,,,,,,,,,,,,,,,,,,,,,,,,,,,,,,,,,,,,,,,,,,,,,,,,,,,,,,,,,,576,0.4491508574799486,0.0002066493034362793,0.05424125109891206,0.03928932547569275,0.425431919581554,0.1802508383989334,0.40914666652679443,0.27493077516555786,0.6291413903236389
process_visualization/Traffic/h720/process_decomposition.csv,,,,,,,,,,,,,,,,,,,,,,,,,,,,,,,,,,,,,,,,,,,,,,,,,,,,,,,,,,,,,,,,,,,,,,,,,,,577,0.4491508574799486,0.0012911446392536163,0.05424125109891206,0.04244913533329964,0.425431919581554,0.26933202147483826,0.06230707839131355,0.253460556268692,0.1551828682422638
process_visualization/Traffic/h720/process_decomposition.csv,,,,,,,,,,,,,,,,,,,,,,,,,,,,,,,,,,,,,,,,,,,,,,,,,,,,,,,,,,,,,,,,,,,,,,,,,,,578,0.4491508574799486,0.00047363340854644775,0.05424125109891206,0.03618566691875458,0.425431919581554,0.19911156594753265,-0.19249024987220764,0.25308069586753845,0.11120732873678207
process_visualization/Traffic/h720/process_decomposition.csv,,,,,,,,,,,,,,,,,,,,,,,,,,,,,,,,,,,,,,,,,,,,,,,,,,,,,,,,,,,,,,,,,,,,,,,,,,,579,0.4491508574799486,0.0005310177803039551,0.05424125109891206,0.03158774971961975,0.425431919581554,0.13174882531166077,-0.4161343276500702,0.24455402791500092,-0.8611406087875366
process_visualization/Traffic/h720/process_decomposition.csv,,,,,,,,,,,,,,,,,,,,,,,,,,,,,,,,,,,,,,,,,,,,,,,,,,,,,,,,,,,,,,,,,,,,,,,,,,,580,0.4491508574799486,0.00026023387908935547,0.05424125109891206,0.025442004203796387,0.425431919581554,0.027434468269348145,-0.7163280248641968,0.2536502778530121,-1.120107650756836
process_visualization/Traffic/h720/process_decomposition.csv,,,,,,,,,,,,,,,,,,,,,,,,,,,,,,,,,,,,,,,,,,,,,,,,,,,,,,,,,,,,,,,,,,,,,,,,,,,581,0.4491508574799486,0.00024634599685668945,0.05424125109891206,0.022337913513183594,0.425431919581554,-0.018544137477874756,-0.9460859894752502,0.26058289408683777,-1.1934001445770264
process_visualization/Traffic/h720/process_decomposition.csv,,,,,,,,,,,,,,,,,,,,,,,,,,,,,,,,,,,,,,,,,,,,,,,,,,,,,,,,,,,,,,,,,,,,,,,,,,,582,0.4491508574799486,0.00038909912109375,0.05424125109891206,0.01563429832458496,0.425431919581554,-0.05025434494018555,-1.1012492179870605,0.2650298476219177,-1.2666927576065063
process_visualization/Traffic/h720/process_decomposition.csv,,,,,,,,,,,,,,,,,,,,,,,,,,,,,,,,,,,,,,,,,,,,,,,,,,,,,,,,,,,,,,,,,,,,,,,,,,,583,0.4491508574799486,-6.651878356933594e-05,0.05424125109891206,0.014868497848510742,0.425431919581554,-0.06878316402435303,-1.2547926902770996,0.2553938329219818,-1.2960097789764404
process_visualization/Traffic/h720/process_decomposition.csv,,,,,,,,,,,,,,,,,,,,,,,,,,,,,,,,,,,,,,,,,,,,,,,,,,,,,,,,,,,,,,,,,,,,,,,,,,,584,0.4491508574799486,-0.00040924549102783203,0.05424125109891206,0.009836196899414062,0.425431919581554,-0.08124375343322754,-1.3336015939712524,0.24588416516780853,-1.3008959293365479
process_visualization/Traffic/h720/process_decomposition.csv,,,,,,,,,,,,,,,,,,,,,,,,,,,,,,,,,,,,,,,,,,,,,,,,,,,,,,,,,,,,,,,,,,,,,,,,,,,585,0.4491508574799486,-0.00020968914031982422,0.05424125109891206,0.016528606414794922,0.425431919581554,-0.04789113998413086,-1.2514208555221558,0.24475160241127014,-1.291123628616333
process_visualization/Traffic/h720/process_decomposition.csv,,,,,,,,,,,,,,,,,,,,,,,,,,,,,,,,,,,,,,,,,,,,,,,,,,,,,,,,,,,,,,,,,,,,,,,,,,,586,0.4491508574799486,-8.52346420288086e-06,0.05424125109891206,0.020930171012878418,0.425431919581554,0.01544034481048584,-0.8755130171775818,0.24593022465705872,-0.8269373774528503
process_visualization/Traffic/h720/process_decomposition.csv,,,,,,,,,,,,,,,,,,,,,,,,,,,,,,,,,,,,,,,,,,,,,,,,,,,,,,,,,,,,,,,,,,,,,,,,,,,587,0.4491508574799486,-4.217028617858887e-06,0.05424125109891206,0.03440596163272858,0.425431919581554,0.20825541019439697,-0.06759555637836456,0.28007423877716064,0.23824776709079742
process_visualization/Traffic/h720/process_decomposition.csv,,,,,,,,,,,,,,,,,,,,,,,,,,,,,,,,,,,,,,,,,,,,,,,,,,,,,,,,,,,,,,,,,,,,,,,,,,,588,0.4491508574799486,0.00048404932022094727,0.05424125109891206,0.05344104766845703,0.425431919581554,0.48816239833831787,0.9935300946235657,0.4188188910484314,1.1519616842269897
process_visualization/Traffic/h720/process_decomposition.csv,,,,,,,,,,,,,,,,,,,,,,,,,,,,,,,,,,,,,,,,,,,,,,,,,,,,,,,,,,,,,,,,,,,,,,,,,,,589,0.4491508574799486,0.0009735822677612305,0.05424125109891206,0.06801974773406982,0.425431919581554,0.6435208320617676,1.6825145483016968,0.46541619300842285,1.5379691123962402
process_visualization/Traffic/h720/process_decomposition.csv,,,,,,,,,,,,,,,,,,,,,,,,,,,,,,,,,,,,,,,,,,,,,,,,,,,,,,,,,,,,,,,,,,,,,,,,,,,590,0.4491508574799486,0.0007704496383666992,0.05424125109891206,0.06593990325927734,0.425431919581554,0.4879138469696045,1.4857943058013916,0.2785736918449402,1.3180913925170898
process_visualization/Traffic/h720/process_decomposition.csv,,,,,,,,,,,,,,,,,,,,,,,,,,,,,,,,,,,,,,,,,,,,,,,,,,,,,,,,,,,,,,,,,,,,,,,,,,,591,0.4491508574799486,0.000606834888458252,0.05424125109891206,0.05775558948516846,0.425431919581554,0.28356078267097473,0.7134839296340942,0.2596551477909088,-0.6412628889083862
process_visualization/Traffic/h720/process_decomposition.csv,,,,,,,,,,,,,,,,,,,,,,,,,,,,,,,,,,,,,,,,,,,,,,,,,,,,,,,,,,,,,,,,,,,,,,,,,,,592,0.4491508574799486,0.0005420893430709839,0.05424125109891206,0.057812586426734924,0.425431919581554,0.2954193353652954,0.24931053817272186,0.2531019449234009,-1.3057820796966553
process_visualization/Traffic/h720/process_decomposition.csv,,,,,,,,,,,,,,,,,,,,,,,,,,,,,,,,,,,,,,,,,,,,,,,,,,,,,,,,,,,,,,,,,,,,,,,,,,,593,0.4491508574799486,-0.00014474987983703613,0.05424125109891206,0.06468546390533447,0.425431919581554,0.27086377143859863,0.20766869187355042,0.2868523895740509,0.36040201783180237
process_visualization/Traffic/h720/process_decomposition.csv,,,,,,,,,,,,,,,,,,,,,,,,,,,,,,,,,,,,,,,,,,,,,,,,,,,,,,,,,,,,,,,,,,,,,,,,,,,594,0.4491508574799486,-0.00010076165199279785,0.05424125109891206,0.07092496752738953,0.425431919581554,0.27652978897094727,0.44656500220298767,0.25464650988578796,0.5656211972236633
process_visualization/Traffic/h720/process_decomposition.csv,,,,,,,,,,,,,,,,,,,,,,,,,,,,,,,,,,,,,,,,,,,,,,,,,,,,,,,,,,,,,,,,,,,,,,,,,,,595,0.4491508574799486,0.0007042884826660156,0.05424125109891206,0.07145810127258301,0.425431919581554,0.28916144371032715,0.6208814978599548,0.23749017715454102,0.5998243689537048
process_visualization/Traffic/h720/process_decomposition.csv,,,,,,,,,,,,,,,,,,,,,,,,,,,,,,,,,,,,,,,,,,,,,,,,,,,,,,,,,,,,,,,,,,,,,,,,,,,596,0.4491508574799486,0.0009784698486328125,0.05424125109891206,0.06764394044876099,0.425431919581554,0.3014541566371918,0.7018823623657227,0.2347003072500229,0.8490190505981445
process_visualization/Traffic/h720/process_decomposition.csv,,,,,,,,,,,,,,,,,,,,,,,,,,,,,,,,,,,,,,,,,,,,,,,,,,,,,,,,,,,,,,,,,,,,,,,,,,,597,0.4491508574799486,0.001009523868560791,0.05424125109891206,0.06809020042419434,0.425431919581554,0.36658889055252075,0.8044224381446838,0.23913580179214478,0.9369701147079468
process_visualization/Traffic/h720/process_decomposition.csv,,,,,,,,,,,,,,,,,,,,,,,,,,,,,,,,,,,,,,,,,,,,,,,,,,,,,,,,,,,,,,,,,,,,,,,,,,,598,0.4491508574799486,0.0012060999870300293,0.05424125109891206,0.0662660002708435,0.425431919581554,0.41536474227905273,0.9602790474891663,0.24675561487674713,1.0200350284576416
process_visualization/Traffic/h720/process_decomposition.csv,,,,,,,,,,,,,,,,,,,,,,,,,,,,,,,,,,,,,,,,,,,,,,,,,,,,,,,,,,,,,,,,,,,,,,,,,,,599,0.4491508574799486,0.0013802647590637207,0.05424125109891206,0.06279927492141724,0.425431919581554,0.3718652129173279,0.9204471111297607,0.2475789487361908,1.098213791847229
process_visualization/Traffic/h720/process_decomposition.csv,,,,,,,,,,,,,,,,,,,,,,,,,,,,,,,,,,,,,,,,,,,,,,,,,,,,,,,,,,,,,,,,,,,,,,,,,,,600,0.4491508574799486,0.0012173056602478027,0.05424125109891206,0.05582261085510254,0.425431919581554,0.28082674741744995,0.5746592283248901,0.2551254630088806,0.5118733048439026
process_visualization/Traffic/h720/process_decomposition.csv,,,,,,,,,,,,,,,,,,,,,,,,,,,,,,,,,,,,,,,,,,,,,,,,,,,,,,,,,,,,,,,,,,,,,,,,,,,601,0.4491508574799486,0.0012825727462768555,0.05424125109891206,0.028291970491409302,0.425431919581554,0.1613125056028366,0.11433106660842896,0.2667933702468872,0.19915840029716492
process_visualization/Traffic/h720/process_decomposition.csv,,,,,,,,,,,,,,,,,,,,,,,,,,,,,,,,,,,,,,,,,,,,,,,,,,,,,,,,,,,,,,,,,,,,,,,,,,,602,0.4491508574799486,0.0009409785270690918,0.05424125109891206,0.016077831387519836,0.425431919581554,0.1412942260503769,-0.1834251433610916,0.24430403113365173,-0.2015075832605362
process_visualization/Traffic/h720/process_decomposition.csv,,,,,,,,,,,,,,,,,,,,,,,,,,,,,,,,,,,,,,,,,,,,,,,,,,,,,,,,,,,,,,,,,,,,,,,,,,,603,0.4491508574799486,0.0010958611965179443,0.05424125109891206,0.01249721646308899,0.425431919581554,0.10770067572593689,-0.4368514120578766,0.23289798200130463,-0.32366183400154114
process_visualization/Traffic/h720/process_decomposition.csv,,,,,,,,,,,,,,,,,,,,,,,,,,,,,,,,,,,,,,,,,,,,,,,,,,,,,,,,,,,,,,,,,,,,,,,,,,,604,0.4491508574799486,0.0012875795364379883,0.05424125109891206,0.010320484638214111,0.425431919581554,0.036128878593444824,-0.69989013671875,0.2294573038816452,-0.6901246309280396
process_visualization/Traffic/h720/process_decomposition.csv,,,,,,,,,,,,,,,,,,,,,,,,,,,,,,,,,,,,,,,,,,,,,,,,,,,,,,,,,,,,,,,,,,,,,,,,,,,605,0.4491508574799486,0.0009673833847045898,0.05424125109891206,0.008592009544372559,0.425431919581554,-0.0037031173706054688,-0.9381982088088989,0.2347949594259262,-1.1347661018371582
process_visualization/Traffic/h720/process_decomposition.csv,,,,,,,,,,,,,,,,,,,,,,,,,,,,,,,,,,,,,,,,,,,,,,,,,,,,,,,,,,,,,,,,,,,,,,,,,,,606,0.4491508574799486,0.0008449554443359375,0.05424125109891206,0.002587556838989258,0.425431919581554,-0.03431260585784912,-1.090998649597168,0.24654720723628998,-1.261806607246399
process_visualization/Traffic/h720/process_decomposition.csv,,,,,,,,,,,,,,,,,,,,,,,,,,,,,,,,,,,,,,,,,,,,,,,,,,,,,,,,,,,,,,,,,,,,,,,,,,,607,0.4491508574799486,0.00043213367462158203,0.05424125109891206,0.0021429061889648438,0.425431919581554,-0.0715247392654419,-1.2282373905181885,0.24340415000915527,-1.2813512086868286
process_visualization/Traffic/h720/process_decomposition.csv,,,,,,,,,,,,,,,,,,,,,,,,,,,,,,,,,,,,,,,,,,,,,,,,,,,,,,,,,,,,,,,,,,,,,,,,,,,608,0.4491508574799486,-0.00028455257415771484,0.05424125109891206,0.0030928850173950195,0.425431919581554,-0.08897900581359863,-1.2990163564682007,0.2350638508796692,-1.2813512086868286
process_visualization/Traffic/h720/process_decomposition.csv,,,,,,,,,,,,,,,,,,,,,,,,,,,,,,,,,,,,,,,,,,,,,,,,,,,,,,,,,,,,,,,,,,,,,,,,,,,609,0.4491508574799486,-0.000774383544921875,0.05424125109891206,0.0008994340896606445,0.425431919581554,-0.05989384651184082,-1.210336685180664,0.23279421031475067,-1.286237359046936
process_visualization/Traffic/h720/process_decomposition.csv,,,,,,,,,,,,,,,,,,,,,,,,,,,,,,,,,,,,,,,,,,,,,,,,,,,,,,,,,,,,,,,,,,,,,,,,,,,610,0.4491508574799486,-0.0005483031272888184,0.05424125109891206,0.005988419055938721,0.425431919581554,-0.01330411434173584,-0.8864918351173401,0.23461541533470154,-0.866026759147644
process_visualization/Traffic/h720/process_decomposition.csv,,,,,,,,,,,,,,,,,,,,,,,,,,,,,,,,,,,,,,,,,,,,,,,,,,,,,,,,,,,,,,,,,,,,,,,,,,,611,0.4491508574799486,0.00036910176277160645,0.05424125109891206,0.019215241074562073,0.425431919581554,0.15676873922348022,-0.19910867512226105,0.25256210565567017,-0.06958097964525223
process_visualization/Traffic/h720/process_decomposition.csv,,,,,,,,,,,,,,,,,,,,,,,,,,,,,,,,,,,,,,,,,,,,,,,,,,,,,,,,,,,,,,,,,,,,,,,,,,,612,0.4491508574799486,0.001080930233001709,0.05424125109891206,0.036962270736694336,0.425431919581554,0.41081899404525757,0.7639417052268982,0.34606337547302246,0.6193690299987793
process_visualization/Traffic/h720/process_decomposition.csv,,,,,,,,,,,,,,,,,,,,,,,,,,,,,,,,,,,,,,,,,,,,,,,,,,,,,,,,,,,,,,,,,,,,,,,,,,,613,0.4491508574799486,0.0011556148529052734,0.05424125109891206,0.053983092308044434,0.425431919581554,0.5838198661804199,1.4045429229736328,0.4306938648223877,1.0102627277374268
process_visualization/Traffic/h720/process_decomposition.csv,,,,,,,,,,,,,,,,,,,,,,,,,,,,,,,,,,,,,,,,,,,,,,,,,,,,,,,,,,,,,,,,,,,,,,,,,,,614,0.4491508574799486,0.0008202791213989258,0.05424125109891206,0.06030285358428955,0.425431919581554,0.48321104049682617,1.270560383796692,0.2936171889305115,-1.14942467212677
process_visualization/Traffic/h720/process_decomposition.csv,,,,,,,,,,,,,,,,,,,,,,,,,,,,,,,,,,,,,,,,,,,,,,,,,,,,,,,,,,,,,,,,,,,,,,,,,,,615,0.4491508574799486,7.200241088867188e-05,0.05424125109891206,0.058579444885253906,0.425431919581554,0.30222463607788086,0.7236120700836182,0.24557244777679443,-1.3057820796966553
process_visualization/Traffic/h720/process_decomposition.csv,,,,,,,,,,,,,,,,,,,,,,,,,,,,,,,,,,,,,,,,,,,,,,,,,,,,,,,,,,,,,,,,,,,,,,,,,,,616,0.4491508574799486,0.00020509958267211914,0.05424125109891206,0.05567026138305664,0.425431919581554,0.30051639676094055,0.432951956987381,0.24735498428344727,0.5118733048439026
process_visualization/Traffic/h720/process_decomposition.csv,,,,,,,,,,,,,,,,,,,,,,,,,,,,,,,,,,,,,,,,,,,,,,,,,,,,,,,,,,,,,,,,,,,,,,,,,,,617,0.4491508574799486,-0.0002467334270477295,0.05424125109891206,0.0561063289642334,0.425431919581554,0.2627163529396057,0.414310097694397,0.275503545999527,0.7219786047935486
process_visualization/Traffic/h720/process_decomposition.csv,,,,,,,,,,,,,,,,,,,,,,,,,,,,,,,,,,,,,,,,,,,,,,,,,,,,,,,,,,,,,,,,,,,,,,,,,,,618,0.4491508574799486,-0.0002917647361755371,0.05424125109891206,0.06287795305252075,0.425431919581554,0.26296085119247437,0.5966873168945312,0.24420508742332458,0.7219786047935486
process_visualization/Traffic/h720/process_decomposition.csv,,,,,,,,,,,,,,,,,,,,,,,,,,,,,,,,,,,,,,,,,,,,,,,,,,,,,,,,,,,,,,,,,,,,,,,,,,,619,0.4491508574799486,0.00031441450119018555,0.05424125109891206,0.06574958562850952,0.425431919581554,0.2769632637500763,0.6806954741477966,0.22628092765808105,0.9614009857177734
process_visualization/Traffic/h720/process_decomposition.csv,,,,,,,,,,,,,,,,,,,,,,,,,,,,,,,,,,,,,,,,,,,,,,,,,,,,,,,,,,,,,,,,,,,,,,,,,,,620,0.4491508574799486,0.0006327629089355469,0.05424125109891206,0.06615495681762695,0.425431919581554,0.28380218148231506,0.7700002789497375,0.220981165766716,0.9760594964027405
process_visualization/Traffic/h720/process_decomposition.csv,,,,,,,,,,,,,,,,,,,,,,,,,,,,,,,,,,,,,,,,,,,,,,,,,,,,,,,,,,,,,,,,,,,,,,,,,,,621,0.4491508574799486,0.00026428699493408203,0.05424125109891206,0.07008010149002075,0.425431919581554,0.3380613923072815,0.8755367994308472,0.2447783350944519,1.0786690711975098
process_visualization/Traffic/h720/process_decomposition.csv,,,,,,,,,,,,,,,,,,,,,,,,,,,,,,,,,,,,,,,,,,,,,,,,,,,,,,,,,,,,,,,,,,,,,,,,,,,622,0.4491508574799486,0.0007698535919189453,0.05424125109891206,0.0692853331565857,0.425431919581554,0.38937264680862427,0.9759171009063721,0.2739802896976471,1.239912748336792
process_visualization/Traffic/h720/process_decomposition.csv,,,,,,,,,,,,,,,,,,,,,,,,,,,,,,,,,,,,,,,,,,,,,,,,,,,,,,,,,,,,,,,,,,,,,,,,,,,623,0.4491508574799486,0.000395357608795166,0.05424125109891206,0.06578212976455688,0.425431919581554,0.33330076932907104,0.8850826621055603,0.2511346936225891,0.7170924544334412
process_visualization/Traffic/h720/process_decomposition.csv,,,,,,,,,,,,,,,,,,,,,,,,,,,,,,,,,,,,,,,,,,,,,,,,,,,,,,,,,,,,,,,,,,,,,,,,,,,624,0.4491508574799486,0.00029587745666503906,0.05424125109891206,0.05804756283760071,0.425431919581554,0.2152411937713623,0.5198726058006287,0.2352209985256195,0.31154030561447144
process_visualization/Traffic/h720/process_decomposition.csv,,,,,,,,,,,,,,,,,,,,,,,,,,,,,,,,,,,,,,,,,,,,,,,,,,,,,,,,,,,,,,,,,,,,,,,,,,,625,0.4491508574799486,0.0006053298711776733,0.05424125109891206,0.021593838930130005,0.425431919581554,0.03335645794868469,0.10059329867362976,0.2604783773422241,-0.025605442002415657
process_visualization/Traffic/h720/process_decomposition.csv,,,,,,,,,,,,,,,,,,,,,,,,,,,,,,,,,,,,,,,,,,,,,,,,,,,,,,,,,,,,,,,,,,,,,,,,,,,626,0.4491508574799486,0.0010215342044830322,0.05424125109891206,0.008908495306968689,0.425431919581554,0.04110121726989746,-0.13596946001052856,0.2563164234161377,-0.19662140309810638
process_visualization/Traffic/h720/process_decomposition.csv,,,,,,,,,,,,,,,,,,,,,,,,,,,,,,,,,,,,,,,,,,,,,,,,,,,,,,,,,,,,,,,,,,,,,,,,,,,627,0.4491508574799486,0.0009476542472839355,0.05424125109891206,0.00985446572303772,0.425431919581554,0.0650821328163147,-0.3237450420856476,0.23910854756832123,-0.3090033233165741
process_visualization/Traffic/h720/process_decomposition.csv,,,,,,,,,,,,,,,,,,,,,,,,,,,,,,,,,,,,,,,,,,,,,,,,,,,,,,,,,,,,,,,,,,,,,,,,,,,628,0.4491508574799486,0.00047397613525390625,0.05424125109891206,0.007612705230712891,0.425431919581554,0.027407169342041016,-0.571277379989624,0.23461690545082092,-0.5191086530685425
process_visualization/Traffic/h720/process_decomposition.csv,,,,,,,,,,,,,,,,,,,,,,,,,,,,,,,,,,,,,,,,,,,,,,,,,,,,,,,,,,,,,,,,,,,,,,,,,,,629,0.4491508574799486,0.0003498196601867676,0.05424125109891206,0.001755058765411377,0.425431919581554,-0.014729499816894531,-0.8237943649291992,0.24105620384216309,-0.8318235874176025
process_visualization/Traffic/h720/process_decomposition.csv,,,,,,,,,,,,,,,,,,,,,,,,,,,,,,,,,,,,,,,,,,,,,,,,,,,,,,,,,,,,,,,,,,,,,,,,,,,630,0.4491508574799486,0.00013554096221923828,0.05424125109891206,-0.0037633180618286133,0.425431919581554,-0.03572911024093628,-1.030242681503296,0.25159952044487,-1.261806607246399
process_visualization/Traffic/h720/process_decomposition.csv,,,,,,,,,,,,,,,,,,,,,,,,,,,,,,,,,,,,,,,,,,,,,,,,,,,,,,,,,,,,,,,,,,,,,,,,,,,631,0.4491508574799486,-8.463859558105469e-05,0.05424125109891206,-0.006087541580200195,0.425431919581554,-0.06101572513580322,-1.1960712671279907,0.24199093878269196,-1.2666927576065063
process_visualization/Traffic/h720/process_decomposition.csv,,,,,,,,,,,,,,,,,,,,,,,,,,,,,,,,,,,,,,,,,,,,,,,,,,,,,,,,,,,,,,,,,,,,,,,,,,,632,0.4491508574799486,-0.0006824731826782227,0.05424125109891206,-0.0019257068634033203,0.425431919581554,-0.07475507259368896,-1.3130831718444824,0.23174715042114258,-1.2715789079666138
process_visualization/Traffic/h720/process_decomposition.csv,,,,,,,,,,,,,,,,,,,,,,,,,,,,,,,,,,,,,,,,,,,,,,,,,,,,,,,,,,,,,,,,,,,,,,,,,,,633,0.4491508574799486,-0.0012388229370117188,0.05424125109891206,0.0010787248611450195,0.425431919581554,-0.10129857063293457,-1.2713510990142822,0.23798254132270813,-1.286237359046936
process_visualization/Traffic/h720/process_decomposition.csv,,,,,,,,,,,,,,,,,,,,,,,,,,,,,,,,,,,,,,,,,,,,,,,,,,,,,,,,,,,,,,,,,,,,,,,,,,,634,0.4491508574799486,-0.0005972385406494141,0.05424125109891206,0.005037665367126465,0.425431919581554,-0.0818861722946167,-1.2027366161346436,0.2366328090429306,-1.2960097789764404
process_visualization/Traffic/h720/process_decomposition.csv,,,,,,,,,,,,,,,,,,,,,,,,,,,,,,,,,,,,,,,,,,,,,,,,,,,,,,,,,,,,,,,,,,,,,,,,,,,635,0.4491508574799486,-0.00040143728256225586,0.05424125109891206,0.018038034439086914,0.425431919581554,0.01147681474685669,-0.9087561368942261,0.25142502784729004,-1.2031725645065308
process_visualization/Traffic/h720/process_decomposition.csv,,,,,,,,,,,,,,,,,,,,,,,,,,,,,,,,,,,,,,,,,,,,,,,,,,,,,,,,,,,,,,,,,,,,,,,,,,,636,0.4491508574799486,-0.0005041956901550293,0.05424125109891206,0.02933076024055481,0.425431919581554,0.16433191299438477,-0.4186054468154907,0.3375084400177002,-0.7731895446777344
process_visualization/Traffic/h720/process_decomposition.csv,,,,,,,,,,,,,,,,,,,,,,,,,,,,,,,,,,,,,,,,,,,,,,,,,,,,,,,,,,,,,,,,,,,,,,,,,,,637,0.4491508574799486,-0.00019447505474090576,0.05424125109891206,0.03616468608379364,0.425431919581554,0.3173682987689972,0.08261870592832565,0.46167847514152527,-0.36275121569633484
process_visualization/Traffic/h720/process_decomposition.csv,,,,,,,,,,,,,,,,,,,,,,,,,,,,,,,,,,,,,,,,,,,,,,,,,,,,,,,,,,,,,,,,,,,,,,,,,,,638,0.4491508574799486,-0.0002886056900024414,0.05424125109891206,0.04400928318500519,0.425431919581554,0.3599189519882202,0.2734909653663635,0.45291540026664734,0.13075201213359833
process_visualization/Traffic/h720/process_decomposition.csv,,,,,,,,,,,,,,,,,,,,,,,,,,,,,,,,,,,,,,,,,,,,,,,,,,,,,,,,,,,,,,,,,,,,,,,,,,,639,0.4491508574799486,-0.0007823705673217773,0.05424125109891206,0.05014856159687042,0.425431919581554,0.3254166841506958,0.21393941342830658,0.37078988552093506,0.39460521936416626
process_visualization/Traffic/h720/process_decomposition.csv,,,,,,,,,,,,,,,,,,,,,,,,,,,,,,,,,,,,,,,,,,,,,,,,,,,,,,,,,,,,,,,,,,,,,,,,,,,640,0.4491508574799486,-0.0006288290023803711,0.05424125109891206,0.05586400628089905,0.425431919581554,0.3527096211910248,0.2620561718940735,0.3511987328529358,0.4874424636363983
process_visualization/Traffic/h720/process_decomposition.csv,,,,,,,,,,,,,,,,,,,,,,,,,,,,,,,,,,,,,,,,,,,,,,,,,,,,,,,,,,,,,,,,,,,,,,,,,,,641,0.4491508574799486,0.00011721253395080566,0.05424125109891206,0.05748721957206726,0.425431919581554,0.23569568991661072,0.3439081311225891,0.24260103702545166,0.42880842089653015
process_visualization/Traffic/h720/process_decomposition.csv,,,,,,,,,,,,,,,,,,,,,,,,,,,,,,,,,,,,,,,,,,,,,,,,,,,,,,,,,,,,,,,,,,,,,,,,,,,642,0.4491508574799486,0.0001405477523803711,0.05424125109891206,0.06081622838973999,0.425431919581554,0.25430622696876526,0.5253543853759766,0.23309552669525146,0.4776701033115387
process_visualization/Traffic/h720/process_decomposition.csv,,,,,,,,,,,,,,,,,,,,,,,,,,,,,,,,,,,,,,,,,,,,,,,,,,,,,,,,,,,,,,,,,,,,,,,,,,,643,0.4491508574799486,-4.64320182800293e-05,0.05424125109891206,0.06244945526123047,0.425431919581554,0.2429284155368805,0.5656975507736206,0.22977250814437866,0.4874424636363983
process_visualization/Traffic/h720/process_decomposition.csv,,,,,,,,,,,,,,,,,,,,,,,,,,,,,,,,,,,,,,,,,,,,,,,,,,,,,,,,,,,,,,,,,,,,,,,,,,,644,0.4491508574799486,-0.00012356042861938477,0.05424125109891206,0.06428420543670654,0.425431919581554,0.2399180829524994,0.6245095133781433,0.23237214982509613,0.51675945520401
process_visualization/Traffic/h720/process_decomposition.csv,,,,,,,,,,,,,,,,,,,,,,,,,,,,,,,,,,,,,,,,,,,,,,,,,,,,,,,,,,,,,,,,,,,,,,,,,,,645,0.4491508574799486,-0.00026977062225341797,0.05424125109891206,0.06568926572799683,0.425431919581554,0.2485831379890442,0.6629514694213867,0.24418415129184723,0.5216456651687622
process_visualization/Traffic/h720/process_decomposition.csv,,,,,,,,,,,,,,,,,,,,,,,,,,,,,,,,,,,,,,,,,,,,,,,,,,,,,,,,,,,,,,,,,,,,,,,,,,,646,0.4491508574799486,-0.00024056434631347656,0.05424125109891206,0.06369292736053467,0.425431919581554,0.29721498489379883,0.7090123891830444,0.2669973075389862,0.5363041758537292
process_visualization/Traffic/h720/process_decomposition.csv,,,,,,,,,,,,,,,,,,,,,,,,,,,,,,,,,,,,,,,,,,,,,,,,,,,,,,,,,,,,,,,,,,,,,,,,,,,647,0.4491508574799486,-0.00027686357498168945,0.05424125109891206,0.0633121132850647,0.425431919581554,0.30583009123802185,0.6598065495491028,0.27940070629119873,0.31642648577690125
process_visualization/Traffic/h720/process_decomposition.csv,,,,,,,,,,,,,,,,,,,,,,,,,,,,,,,,,,,,,,,,,,,,,,,,,,,,,,,,,,,,,,,,,,,,,,,,,,,648,0.4491508574799486,-0.0007514655590057373,0.05424125109891206,0.060860633850097656,0.425431919581554,0.24741114675998688,0.42677879333496094,0.2663518190383911,0.07700413465499878
process_visualization/Traffic/h720/process_decomposition.csv,,,,,,,,,,,,,,,,,,,,,,,,,,,,,,,,,,,,,,,,,,,,,,,,,,,,,,,,,,,,,,,,,,,,,,,,,,,649,0.4491508574799486,0.0003808364272117615,0.05424125109891206,0.03493703529238701,0.425431919581554,0.1113436222076416,0.09599976241588593,0.25152671337127686,-0.09889800101518631
process_visualization/Traffic/h720/process_decomposition.csv,,,,,,,,,,,,,,,,,,,,,,,,,,,,,,,,,,,,,,,,,,,,,,,,,,,,,,,,,,,,,,,,,,,,,,,,,,,650,0.4491508574799486,0.0008235573768615723,0.05424125109891206,0.02087000012397766,0.425431919581554,0.1234026700258255,-0.10272319614887238,0.2445078343153,-0.2845724821090698
process_visualization/Traffic/h720/process_decomposition.csv,,,,,,,,,,,,,,,,,,,,,,,,,,,,,,,,,,,,,,,,,,,,,,,,,,,,,,,,,,,,,,,,,,,,,,,,,,,651,0.4491508574799486,0.0003261268138885498,0.05424125109891206,0.0171222984790802,0.425431919581554,0.1295222043991089,-0.2905983328819275,0.2414407581090927,-0.26014161109924316
process_visualization/Traffic/h720/process_decomposition.csv,,,,,,,,,,,,,,,,,,,,,,,,,,,,,,,,,,,,,,,,,,,,,,,,,,,,,,,,,,,,,,,,,,,,,,,,,,,652,0.4491508574799486,0.00028443336486816406,0.05424125109891206,0.011905312538146973,0.425431919581554,0.09651881456375122,-0.5192753076553345,0.23761017620563507,-0.5288810133934021
process_visualization/Traffic/h720/process_decomposition.csv,,,,,,,,,,,,,,,,,,,,,,,,,,,,,,,,,,,,,,,,,,,,,,,,,,,,,,,,,,,,,,,,,,,,,,,,,,,653,0.4491508574799486,0.00043326616287231445,0.05424125109891206,0.003466010093688965,0.425431919581554,0.06924557685852051,-0.7705231308937073,0.2515757977962494,-0.7731895446777344
process_visualization/Traffic/h720/process_decomposition.csv,,,,,,,,,,,,,,,,,,,,,,,,,,,,,,,,,,,,,,,,,,,,,,,,,,,,,,,,,,,,,,,,,,,,,,,,,,,654,0.4491508574799486,0.0003641843795776367,0.05424125109891206,-0.0049741268157958984,0.425431919581554,0.03523862361907959,-1.022506594657898,0.2673302888870239,-1.1054490804672241
process_visualization/Traffic/h720/process_decomposition.csv,,,,,,,,,,,,,,,,,,,,,,,,,,,,,,,,,,,,,,,,,,,,,,,,,,,,,,,,,,,,,,,,,,,,,,,,,,,655,0.4491508574799486,4.780292510986328e-05,0.05424125109891206,-0.0061664581298828125,0.425431919581554,-0.001040816307067871,-1.2358301877975464,0.2694358229637146,-1.2666927576065063
process_visualization/Traffic/h720/process_decomposition.csv,,,,,,,,,,,,,,,,,,,,,,,,,,,,,,,,,,,,,,,,,,,,,,,,,,,,,,,,,,,,,,,,,,,,,,,,,,,656,0.4491508574799486,-0.00047957897186279297,0.05424125109891206,0.0020470619201660156,0.425431919581554,-0.01822662353515625,-1.3515925407409668,0.25970590114593506,-1.2813512086868286
process_visualization/Traffic/h720/process_decomposition.csv,,,,,,,,,,,,,,,,,,,,,,,,,,,,,,,,,,,,,,,,,,,,,,,,,,,,,,,,,,,,,,,,,,,,,,,,,,,657,0.4491508574799486,-0.00045859813690185547,0.05424125109891206,0.008381366729736328,0.425431919581554,-0.03066432476043701,-1.2776103019714355,0.2483641505241394,-1.291123628616333
process_visualization/Traffic/h720/process_decomposition.csv,,,,,,,,,,,,,,,,,,,,,,,,,,,,,,,,,,,,,,,,,,,,,,,,,,,,,,,,,,,,,,,,,,,,,,,,,,,658,0.4491508574799486,-0.0007113218307495117,0.05424125109891206,0.012364506721496582,0.425431919581554,-0.03109884262084961,-1.2673641443252563,0.24101068079471588,-1.2960097789764404
process_visualization/Traffic/h720/process_decomposition.csv,,,,,,,,,,,,,,,,,,,,,,,,,,,,,,,,,,,,,,,,,,,,,,,,,,,,,,,,,,,,,,,,,,,,,,,,,,,659,0.4491508574799486,-0.0009922981262207031,0.05424125109891206,0.02034461498260498,0.425431919581554,-0.005171775817871094,-1.106014370918274,0.24107889831066132,-1.291123628616333
process_visualization/Traffic/h720/process_decomposition.csv,,,,,,,,,,,,,,,,,,,,,,,,,,,,,,,,,,,,,,,,,,,,,,,,,,,,,,,,,,,,,,,,,,,,,,,,,,,660,0.4491508574799486,-0.0009696483612060547,0.05424125109891206,0.027322232723236084,0.425431919581554,0.03068751096725464,-0.8276287317276001,0.2530941963195801,-1.1396522521972656
process_visualization/Traffic/h720/process_decomposition.csv,,,,,,,,,,,,,,,,,,,,,,,,,,,,,,,,,,,,,,,,,,,,,,,,,,,,,,,,,,,,,,,,,,,,,,,,,,,661,0.4491508574799486,-0.0007169842720031738,0.05424125109891206,0.034854114055633545,0.425431919581554,0.10524487495422363,-0.5490328669548035,0.277353972196579,-0.7536448240280151
process_visualization/Traffic/h720/process_decomposition.csv,,,,,,,,,,,,,,,,,,,,,,,,,,,,,,,,,,,,,,,,,,,,,,,,,,,,,,,,,,,,,,,,,,,,,,,,,,,662,0.4491508574799486,-0.0012569427490234375,0.05424125109891206,0.04594293236732483,0.425431919581554,0.17366617918014526,-0.31680092215538025,0.30264735221862793,-0.49956396222114563
process_visualization/Traffic/h720/process_decomposition.csv,,,,,,,,,,,,,,,,,,,,,,,,,,,,,,,,,,,,,,,,,,,,,,,,,,,,,,,,,,,,,,,,,,,,,,,,,,,663,0.4491508574799486,-0.0013789385557174683,0.05424125109891206,0.054204270243644714,0.425431919581554,0.21323761343955994,-0.12590226531028748,0.30510807037353516,-0.11355651170015335
process_visualization/Traffic/h720/process_decomposition.csv,,,,,,,,,,,,,,,,,,,,,,,,,,,,,,,,,,,,,,,,,,,,,,,,,,,,,,,,,,,,,,,,,,,,,,,,,,,664,0.4491508574799486,-0.001378081738948822,0.05424125109891206,0.060020510107278824,0.425431919581554,0.2707088887691498,0.11337336897850037,0.30632731318473816,0.16984137892723083
process_visualization/Traffic/h720/process_decomposition.csv,,,,,,,,,,,,,,,,,,,,,,,,,,,,,,,,,,,,,,,,,,,,,,,,,,,,,,,,,,,,,,,,,,,,,,,,,,,665,0.4491508574799486,-0.001134425401687622,0.05424125109891206,0.06546418368816376,0.425431919581554,0.23029762506484985,0.21326634287834167,0.2455524355173111,0.1258658468723297
process_visualization/Traffic/h720/process_decomposition.csv,,,,,,,,,,,,,,,,,,,,,,,,,,,,,,,,,,,,,,,,,,,,,,,,,,,,,,,,,,,,,,,,,,,,,,,,,,,666,0.4491508574799486,-0.00034043192863464355,0.05424125109891206,0.06587228178977966,0.425431919581554,0.24833683669567108,0.3822351396083832,0.23643381893634796,-0.0598086342215538
process_visualization/Traffic/h720/process_decomposition.csv,,,,,,,,,,,,,,,,,,,,,,,,,,,,,,,,,,,,,,,,,,,,,,,,,,,,,,,,,,,,,,,,,,,,,,,,,,,667,0.4491508574799486,-1.3172626495361328e-05,0.05424125109891206,0.06734514236450195,0.425431919581554,0.2466803789138794,0.42050406336784363,0.23728004097938538,-0.851368248462677
process_visualization/Traffic/h720/process_decomposition.csv,,,,,,,,,,,,,,,,,,,,,,,,,,,,,,,,,,,,,,,,,,,,,,,,,,,,,,,,,,,,,,,,,,,,,,,,,,,668,0.4491508574799486,-0.0006306171417236328,0.05424125109891206,0.07112938165664673,0.425431919581554,0.25727951526641846,0.45663338899612427,0.24156083166599274,0.1551828682422638
process_visualization/Traffic/h720/process_decomposition.csv,,,,,,,,,,,,,,,,,,,,,,,,,,,,,,,,,,,,,,,,,,,,,,,,,,,,,,,,,,,,,,,,,,,,,,,,,,,669,0.4491508574799486,-0.0003758668899536133,0.05424125109891206,0.06950509548187256,0.425431919581554,0.2581726610660553,0.4884224534034729,0.2517886161804199,0.35551583766937256
process_visualization/Traffic/h720/process_decomposition.csv,,,,,,,,,,,,,,,,,,,,,,,,,,,,,,,,,,,,,,,,,,,,,,,,,,,,,,,,,,,,,,,,,,,,,,,,,,,670,0.4491508574799486,-0.0007384419441223145,0.05424125109891206,0.06439295411109924,0.425431919581554,0.2560194134712219,0.5199306607246399,0.27430960536003113,0.32131266593933105
process_visualization/Traffic/h720/process_decomposition.csv,,,,,,,,,,,,,,,,,,,,,,,,,,,,,,,,,,,,,,,,,,,,,,,,,,,,,,,,,,,,,,,,,,,,,,,,,,,671,0.4491508574799486,-0.0009026825428009033,0.05424125109891206,0.060615360736846924,0.425431919581554,0.24719871580600739,0.42770323157310486,0.3024466931819916,0.3017679750919342
process_visualization/Traffic/h720/process_decomposition.csv,,,,,,,,,,,,,,,,,,,,,,,,,,,,,,,,,,,,,,,,,,,,,,,,,,,,,,,,,,,,,,,,,,,,,,,,,,,672,0.4491508574799486,-0.0004625469446182251,0.05424125109891206,0.049995988607406616,0.425431919581554,0.2086450755596161,0.24694573879241943,0.2867922782897949,0.14052435755729675
process_visualization/Traffic/h720/process_decomposition.csv,,,,,,,,,,,,,,,,,,,,,,,,,,,,,,,,,,,,,,,,,,,,,,,,,,,,,,,,,,,,,,,,,,,,,,,,,,,673,0.4491508574799486,0.0002039782702922821,0.05424125109891206,0.04075636342167854,0.425431919581554,0.2101125419139862,0.016843384131789207,0.2531639039516449,0.04280094429850578
process_visualization/Traffic/h720/process_decomposition.csv,,,,,,,,,,,,,,,,,,,,,,,,,,,,,,,,,,,,,,,,,,,,,,,,,,,,,,,,,,,,,,,,,,,,,,,,,,,674,0.4491508574799486,0.0004074275493621826,0.05424125109891206,0.029899731278419495,0.425431919581554,0.15515223145484924,-0.18482127785682678,0.2537440359592438,-0.05492246523499489
process_visualization/Traffic/h720/process_decomposition.csv,,,,,,,,,,,,,,,,,,,,,,,,,,,,,,,,,,,,,,,,,,,,,,,,,,,,,,,,,,,,,,,,,,,,,,,,,,,675,0.4491508574799486,0.00023424625396728516,0.05424125109891206,0.024023711681365967,0.425431919581554,0.09462058544158936,-0.4203459620475769,0.2544502913951874,-0.15264587104320526
process_visualization/Traffic/h720/process_decomposition.csv,,,,,,,,,,,,,,,,,,,,,,,,,,,,,,,,,,,,,,,,,,,,,,,,,,,,,,,,,,,,,,,,,,,,,,,,,,,676,0.4491508574799486,0.0001609325408935547,0.05424125109891206,0.01611793041229248,0.425431919581554,0.0480952262878418,-0.6648321151733398,0.2592468559741974,-0.3480927050113678
process_visualization/Traffic/h720/process_decomposition.csv,,,,,,,,,,,,,,,,,,,,,,,,,,,,,,,,,,,,,,,,,,,,,,,,,,,,,,,,,,,,,,,,,,,,,,,,,,,677,0.4491508574799486,0.00036472082138061523,0.05424125109891206,0.006785988807678223,0.425431919581554,0.03363865613937378,-0.8971319198608398,0.2678849399089813,-0.6705799102783203
process_visualization/Traffic/h720/process_decomposition.csv,,,,,,,,,,,,,,,,,,,,,,,,,,,,,,,,,,,,,,,,,,,,,,,,,,,,,,,,,,,,,,,,,,,,,,,,,,,678,0.4491508574799486,-6.151199340820312e-05,0.05424125109891206,0.0028971433639526367,0.425431919581554,0.007905960083007812,-1.0913019180297852,0.28335919976234436,-1.0956767797470093
process_visualization/Traffic/h720/process_decomposition.csv,,,,,,,,,,,,,,,,,,,,,,,,,,,,,,,,,,,,,,,,,,,,,,,,,,,,,,,,,,,,,,,,,,,,,,,,,,,679,0.4491508574799486,-0.0004477500915527344,0.05424125109891206,0.004409909248352051,0.425431919581554,-0.00658261775970459,-1.2404024600982666,0.27840131521224976,-1.286237359046936
process_visualization/Traffic/h720/process_decomposition.csv,,,,,,,,,,,,,,,,,,,,,,,,,,,,,,,,,,,,,,,,,,,,,,,,,,,,,,,,,,,,,,,,,,,,,,,,,,,680,0.4491508574799486,-2.6226043701171875e-06,0.05424125109891206,0.006028175354003906,0.425431919581554,0.007529616355895996,-1.318505048751831,0.2687526345252991,-1.291123628616333
process_visualization/Traffic/h720/process_decomposition.csv,,,,,,,,,,,,,,,,,,,,,,,,,,,,,,,,,,,,,,,,,,,,,,,,,,,,,,,,,,,,,,,,,,,,,,,,,,,681,0.4491508574799486,-0.0002789497375488281,0.05424125109891206,0.011595487594604492,0.425431919581554,-0.001486659049987793,-1.2734081745147705,0.26656579971313477,-1.3008959293365479
process_visualization/Traffic/h720/process_decomposition.csv,,,,,,,,,,,,,,,,,,,,,,,,,,,,,,,,,,,,,,,,,,,,,,,,,,,,,,,,,,,,,,,,,,,,,,,,,,,682,0.4491508574799486,-0.00023382902145385742,0.05424125109891206,0.019946515560150146,0.425431919581554,0.01928389072418213,-0.9185729026794434,0.261020690202713,-1.2960097789764404
process_visualization/Traffic/h720/process_decomposition.csv,,,,,,,,,,,,,,,,,,,,,,,,,,,,,,,,,,,,,,,,,,,,,,,,,,,,,,,,,,,,,,,,,,,,,,,,,,,683,0.4491508574799486,-0.0006639361381530762,0.05424125109891206,0.03382140398025513,0.425431919581554,0.09729334712028503,-0.3195400834083557,0.2567659318447113,-1.2276033163070679
process_visualization/Traffic/h720/process_decomposition.csv,,,,,,,,,,,,,,,,,,,,,,,,,,,,,,,,,,,,,,,,,,,,,,,,,,,,,,,,,,,,,,,,,,,,,,,,,,,684,0.4491508574799486,-0.0009282827377319336,0.05424125109891206,0.04796513915061951,0.425431919581554,0.2037196308374405,0.3883749842643738,0.2649513781070709,-1.2520341873168945
process_visualization/Traffic/h720/process_decomposition.csv,,,,,,,,,,,,,,,,,,,,,,,,,,,,,,,,,,,,,,,,,,,,,,,,,,,,,,,,,,,,,,,,,,,,,,,,,,,685,0.4491508574799486,-0.0008639693260192871,0.05424125109891206,0.05849939584732056,0.425431919581554,0.21249628067016602,0.7850190997123718,0.3029901683330536,-0.83670973777771
process_visualization/Traffic/h720/process_decomposition.csv,,,,,,,,,,,,,,,,,,,,,,,,,,,,,,,,,,,,,,,,,,,,,,,,,,,,,,,,,,,,,,,,,,,,,,,,,,,686,0.4491508574799486,-0.0013895630836486816,0.05424125109891206,0.06269705295562744,0.425431919581554,0.1136438250541687,0.6446589827537537,0.3856413662433624,-0.5484256744384766
process_visualization/Traffic/h720/process_decomposition.csv,,,,,,,,,,,,,,,,,,,,,,,,,,,,,,,,,,,,,,,,,,,,,,,,,,,,,,,,,,,,,,,,,,,,,,,,,,,687,0.4491508574799486,-0.0013904571533203125,0.05424125109891206,0.06170845031738281,0.425431919581554,0.04316629469394684,0.2719060182571411,0.4030940532684326,-0.03537778556346893
process_visualization/Traffic/h720/process_decomposition.csv,,,,,,,,,,,,,,,,,,,,,,,,,,,,,,,,,,,,,,,,,,,,,,,,,,,,,,,,,,,,,,,,,,,,,,,,,,,688,0.4491508574799486,-0.001108318567276001,0.05424125109891206,0.05471287667751312,0.425431919581554,0.10165776312351227,0.15143245458602905,0.3005618751049042,0.06723179668188095
process_visualization/Traffic/h720/process_decomposition.csv,,,,,,,,,,,,,,,,,,,,,,,,,,,,,,,,,,,,,,,,,,,,,,,,,,,,,,,,,,,,,,,,,,,,,,,,,,,689,0.4491508574799486,-0.0010335147380828857,0.05424125109891206,0.07486306130886078,0.425431919581554,0.2825215458869934,0.2597332298755646,0.27413901686668396,-0.567970335483551
process_visualization/Traffic/h720/process_decomposition.csv,,,,,,,,,,,,,,,,,,,,,,,,,,,,,,,,,,,,,,,,,,,,,,,,,,,,,,,,,,,,,,,,,,,,,,,,,,,690,0.4491508574799486,-0.0003718137741088867,0.05424125109891206,0.08140444755554199,0.425431919581554,0.31154829263687134,0.42587190866470337,0.27468714118003845,-1.3057820796966553
process_visualization/Traffic/h720/process_decomposition.csv,,,,,,,,,,,,,,,,,,,,,,,,,,,,,,,,,,,,,,,,,,,,,,,,,,,,,,,,,,,,,,,,,,,,,,,,,,,691,0.4491508574799486,-0.00010666251182556152,0.05424125109891206,0.08453428745269775,0.425431919581554,0.3451649248600006,0.4891442656517029,0.2751546800136566,-0.5191086530685425
process_visualization/Traffic/h720/process_decomposition.csv,,,,,,,,,,,,,,,,,,,,,,,,,,,,,,,,,,,,,,,,,,,,,,,,,,,,,,,,,,,,,,,,,,,,,,,,,,,692,0.4491508574799486,-2.568960189819336e-05,0.05424125109891206,0.08411002159118652,0.425431919581554,0.3656325936317444,0.5494875907897949,0.27558964490890503,0.3359711766242981
process_visualization/Traffic/h720/process_decomposition.csv,,,,,,,,,,,,,,,,,,,,,,,,,,,,,,,,,,,,,,,,,,,,,,,,,,,,,,,,,,,,,,,,,,,,,,,,,,,693,0.4491508574799486,-0.00027871131896972656,0.05424125109891206,0.08374392986297607,0.425431919581554,0.3633683919906616,0.5916769504547119,0.2785888910293579,0.3652881979942322
process_visualization/Traffic/h720/process_decomposition.csv,,,,,,,,,,,,,,,,,,,,,,,,,,,,,,,,,,,,,,,,,,,,,,,,,,,,,,,,,,,,,,,,,,,,,,,,,,,694,0.4491508574799486,-1.8596649169921875e-05,0.05424125109891206,0.08126842975616455,0.425431919581554,0.3371371030807495,0.6735332012176514,0.2696562111377716,0.24313393235206604
process_visualization/Traffic/h720/process_decomposition.csv,,,,,,,,,,,,,,,,,,,,,,,,,,,,,,,,,,,,,,,,,,,,,,,,,,,,,,,,,,,,,,,,,,,,,,,,,,,695,0.4491508574799486,-0.00017821788787841797,0.05424125109891206,0.0732581615447998,0.425431919581554,0.2903115451335907,0.592077374458313,0.2632926106452942,0.1551828682422638
process_visualization/Traffic/h720/process_decomposition.csv,,,,,,,,,,,,,,,,,,,,,,,,,,,,,,,,,,,,,,,,,,,,,,,,,,,,,,,,,,,,,,,,,,,,,,,,,,,696,0.4491508574799486,-0.00010991096496582031,0.05424125109891206,0.05145755410194397,0.425431919581554,0.22261184453964233,0.31907227635383606,0.26581433415412903,0.08189030736684799
process_visualization/Traffic/h720/process_decomposition.csv,,,,,,,,,,,,,,,,,,,,,,,,,,,,,,,,,,,,,,,,,,,,,,,,,,,,,,,,,,,,,,,,,,,,,,,,,,,697,0.4491508574799486,6.113946437835693e-05,0.05424125109891206,0.05000097677111626,0.425431919581554,0.22278951108455658,0.01726120337843895,0.2880603075027466,-0.020719273015856743
process_visualization/Traffic/h720/process_decomposition.csv,,,,,,,,,,,,,,,,,,,,,,,,,,,,,,,,,,,,,,,,,,,,,,,,,,,,,,,,,,,,,,,,,,,,,,,,,,,698,0.4491508574799486,0.0002205371856689453,0.05424125109891206,0.03899386525154114,0.425431919581554,0.17274758219718933,-0.30842524766921997,0.2806563079357147,-0.04515012353658676
process_visualization/Traffic/h720/process_decomposition.csv,,,,,,,,,,,,,,,,,,,,,,,,,,,,,,,,,,,,,,,,,,,,,,,,,,,,,,,,,,,,,,,,,,,,,,,,,,,699,0.4491508574799486,-0.00044399499893188477,0.05424125109891206,0.03260326385498047,0.425431919581554,0.15935146808624268,-0.5543400049209595,0.2832559049129486,-0.40184056758880615
process_visualization/Traffic/h720/process_decomposition.csv,,,,,,,,,,,,,,,,,,,,,,,,,,,,,,,,,,,,,,,,,,,,,,,,,,,,,,,,,,,,,,,,,,,,,,,,,,,700,0.4491508574799486,-0.0004375576972961426,0.05424125109891206,0.027657628059387207,0.425431919581554,0.14298444986343384,-0.8082095980644226,0.2797520160675049,-0.6412628889083862
process_visualization/Traffic/h720/process_decomposition.csv,,,,,,,,,,,,,,,,,,,,,,,,,,,,,,,,,,,,,,,,,,,,,,,,,,,,,,,,,,,,,,,,,,,,,,,,,,,701,0.4491508574799486,-0.00030422210693359375,0.05424125109891206,0.022440075874328613,0.425431919581554,0.13383841514587402,-1.0133335590362549,0.28602734208106995,-1.046815037727356
process_visualization/Traffic/h720/process_decomposition.csv,,,,,,,,,,,,,,,,,,,,,,,,,,,,,,,,,,,,,,,,,,,,,,,,,,,,,,,,,,,,,,,,,,,,,,,,,,,702,0.4491508574799486,-0.0001342296600341797,0.05424125109891206,0.020992398262023926,0.425431919581554,0.11776280403137207,-1.1407756805419922,0.29887959361076355,-1.2227171659469604
process_visualization/Traffic/h720/process_decomposition.csv,,,,,,,,,,,,,,,,,,,,,,,,,,,,,,,,,,,,,,,,,,,,,,,,,,,,,,,,,,,,,,,,,,,,,,,,,,,703,0.4491508574799486,-6.687641143798828e-05,0.05424125109891206,0.019251227378845215,0.425431919581554,0.0779808759689331,-1.2398167848587036,0.3060711622238159,-1.2373757362365723
process_visualization/Traffic/h720/process_decomposition.csv,,,,,,,,,,,,,,,,,,,,,,,,,,,,,,,,,,,,,,,,,,,,,,,,,,,,,,,,,,,,,,,,,,,,,,,,,,,704,0.4491508574799486,0.00039839744567871094,0.05424125109891206,0.014429092407226562,0.425431919581554,0.07945549488067627,-1.2846801280975342,0.2986198365688324,-1.2373757362365723
process_visualization/Traffic/h720/process_decomposition.csv,,,,,,,,,,,,,,,,,,,,,,,,,,,,,,,,,,,,,,,,,,,,,,,,,,,,,,,,,,,,,,,,,,,,,,,,,,,705,0.4491508574799486,-2.7298927307128906e-05,0.05424125109891206,0.011472821235656738,0.425431919581554,-0.03247189521789551,-1.2545928955078125,0.30167198181152344,-1.2129448652267456
process_visualization/Traffic/h720/process_decomposition.csv,,,,,,,,,,,,,,,,,,,,,,,,,,,,,,,,,,,,,,,,,,,,,,,,,,,,,,,,,,,,,,,,,,,,,,,,,,,706,0.4491508574799486,0.0005336999893188477,0.05424125109891206,0.016458451747894287,0.425431919581554,0.024066448211669922,-0.8928248882293701,0.29247212409973145,-0.5581980347633362
process_visualization/Traffic/h720/process_decomposition.csv,,,,,,,,,,,,,,,,,,,,,,,,,,,,,,,,,,,,,,,,,,,,,,,,,,,,,,,,,,,,,,,,,,,,,,,,,,,707,0.4491508574799486,0.0004017055034637451,0.05424125109891206,0.03187240660190582,0.425431919581554,0.21897053718566895,-0.11349236965179443,0.26351043581962585,0.3994913697242737
process_visualization/Traffic/h720/process_decomposition.csv,,,,,,,,,,,,,,,,,,,,,,,,,,,,,,,,,,,,,,,,,,,,,,,,,,,,,,,,,,,,,,,,,,,,,,,,,,,708,0.4491508574799486,0.001304924488067627,0.05424125109891206,0.045967817306518555,0.425431919581554,0.447623074054718,0.967075765132904,0.27196019887924194,1.137303113937378
process_visualization/Traffic/h720/process_decomposition.csv,,,,,,,,,,,,,,,,,,,,,,,,,,,,,,,,,,,,,,,,,,,,,,,,,,,,,,,,,,,,,,,,,,,,,,,,,,,709,0.4491508574799486,0.0010231733322143555,0.05424125109891206,0.06145906448364258,0.425431919581554,0.5458593368530273,1.7608535289764404,0.27681708335876465,1.4549041986465454
process_visualization/Traffic/h720/process_decomposition.csv,,,,,,,,,,,,,,,,,,,,,,,,,,,,,,,,,,,,,,,,,,,,,,,,,,,,,,,,,,,,,,,,,,,,,,,,,,,710,0.4491508574799486,0.0005779266357421875,0.05424125109891206,0.06468987464904785,0.425431919581554,0.3852193355560303,1.566628098487854,0.3197396695613861,1.1128722429275513
process_visualization/Traffic/h720/process_decomposition.csv,,,,,,,,,,,,,,,,,,,,,,,,,,,,,,,,,,,,,,,,,,,,,,,,,,,,,,,,,,,,,,,,,,,,,,,,,,,711,0.4491508574799486,0.0003663301467895508,0.05424125109891206,0.06355530023574829,0.425431919581554,0.17299330234527588,0.8184621930122375,0.38686391711235046,1.3864978551864624
process_visualization/Traffic/h720/process_decomposition.csv,,,,,,,,,,,,,,,,,,,,,,,,,,,,,,,,,,,,,,,,,,,,,,,,,,,,,,,,,,,,,,,,,,,,,,,,,,,712,0.4491508574799486,4.360079765319824e-05,0.05424125109891206,0.06389033794403076,0.425431919581554,0.19037027657032013,0.3113669455051422,0.29247623682022095,-1.0028395652770996
process_visualization/Traffic/h720/process_decomposition.csv,,,,,,,,,,,,,,,,,,,,,,,,,,,,,,,,,,,,,,,,,,,,,,,,,,,,,,,,,,,,,,,,,,,,,,,,,,,713,0.4491508574799486,-0.00022931396961212158,0.05424125109891206,0.07899975776672363,0.425431919581554,0.3468449115753174,0.23878586292266846,0.30955058336257935,-1.2080587148666382
process_visualization/Traffic/h720/process_decomposition.csv,,,,,,,,,,,,,,,,,,,,,,,,,,,,,,,,,,,,,,,,,,,,,,,,,,,,,,,,,,,,,,,,,,,,,,,,,,,714,0.4491508574799486,-0.00013822317123413086,0.05424125109891206,0.08019909262657166,0.425431919581554,0.3865751028060913,0.36806750297546387,0.29777082800865173,-1.2080587148666382
process_visualization/Traffic/h720/process_decomposition.csv,,,,,,,,,,,,,,,,,,,,,,,,,,,,,,,,,,,,,,,,,,,,,,,,,,,,,,,,,,,,,,,,,,,,,,,,,,,715,0.4491508574799486,0.0004127621650695801,0.05424125109891206,0.08055168390274048,0.425431919581554,0.4314180016517639,0.45897209644317627,0.28789886832237244,-1.2080587148666382
process_visualization/Traffic/h720/process_decomposition.csv,,,,,,,,,,,,,,,,,,,,,,,,,,,,,,,,,,,,,,,,,,,,,,,,,,,,,,,,,,,,,,,,,,,,,,,,,,,716,0.4491508574799486,0.0008337497711181641,0.05424125109891206,0.07458335161209106,0.425431919581554,0.4402986168861389,0.5488166809082031,0.2666609287261963,-1.2080587148666382
process_visualization/Traffic/h720/process_decomposition.csv,,,,,,,,,,,,,,,,,,,,,,,,,,,,,,,,,,,,,,,,,,,,,,,,,,,,,,,,,,,,,,,,,,,,,,,,,,,717,0.4491508574799486,0.0015348196029663086,0.05424125109891206,0.07094776630401611,0.425431919581554,0.46394625306129456,0.7111601233482361,0.2639813721179962,-1.2080587148666382
process_visualization/Traffic/h720/process_decomposition.csv,,,,,,,,,,,,,,,,,,,,,,,,,,,,,,,,,,,,,,,,,,,,,,,,,,,,,,,,,,,,,,,,,,,,,,,,,,,718,0.4491508574799486,0.0016147494316101074,0.05424125109891206,0.06564915180206299,0.425431919581554,0.4468071758747101,0.870877742767334,0.2763667702674866,-0.6412628889083862
process_visualization/Traffic/h720/process_decomposition.csv,,,,,,,,,,,,,,,,,,,,,,,,,,,,,,,,,,,,,,,,,,,,,,,,,,,,,,,,,,,,,,,,,,,,,,,,,,,719,0.4491508574799486,0.0013556480407714844,0.05424125109891206,0.05578643083572388,0.425431919581554,0.3612072467803955,0.8612753748893738,0.3050297796726227,0.7366371154785156
process_visualization/Traffic/h720/process_decomposition.csv,,,,,,,,,,,,,,,,,,,,,,,,,,,,,,,,,,,,,,,,,,,,,,,,,,,,,,,,,,,,,,,,,,,,,,,,,,,720,0.4491508574799486,0.0012232959270477295,0.05424125109891206,0.0459865927696228,0.425431919581554,0.2747618854045868,0.4913422763347626,0.30666476488113403,0.21381691098213196
process_visualization/Weather/h720/process_decomposition.csv,,,,,,,,,,,,,,,,,,,,,,,,,,,,,,,,,,,,,,,,,,,,,,,,,,,,,,,,,,,,,,,,,,,,,,,,,,,1,0.009767911272365969,-0.000950932502746582,0.0033568940652500363,-0.001614689826965332,0.0051599674139062145,-0.03580355644226074,0.568015456199646,0.10694555938243866,0.5547096729278564
process_visualization/Weather/h720/process_decomposition.csv,,,,,,,,,,,,,,,,,,,,,,,,,,,,,,,,,,,,,,,,,,,,,,,,,,,,,,,,,,,,,,,,,,,,,,,,,,,2,0.009767911272365969,-0.0008956789970397949,0.0033568940652500363,-0.0016570687294006348,0.0051599674139062145,-0.03603696823120117,0.5718281269073486,0.10931140184402466,0.5465990900993347
process_visualization/Weather/h720/process_decomposition.csv,,,,,,,,,,,,,,,,,,,,,,,,,,,,,,,,,,,,,,,,,,,,,,,,,,,,,,,,,,,,,,,,,,,,,,,,,,,3,0.009767911272365969,-0.0010198354721069336,0.0033568940652500363,-0.0015736818313598633,0.0051599674139062145,-0.03628510236740112,0.5762810111045837,0.11144625395536423,0.5373298525810242
process_visualization/Weather/h720/process_decomposition.csv,,,,,,,,,,,,,,,,,,,,,,,,,,,,,,,,,,,,,,,,,,,,,,,,,,,,,,,,,,,,,,,,,,,,,,,,,,,4,0.009767911272365969,-0.0010524392127990723,0.0033568940652500363,-0.0014855265617370605,0.0051599674139062145,-0.03614938259124756,0.5807485580444336,0.11227527260780334,0.5489163994789124
process_visualization/Weather/h720/process_decomposition.csv,,,,,,,,,,,,,,,,,,,,,,,,,,,,,,,,,,,,,,,,,,,,,,,,,,,,,,,,,,,,,,,,,,,,,,,,,,,5,0.009767911272365969,-0.0009974837303161621,0.0033568940652500363,-0.001522660255432129,0.0051599674139062145,-0.036362528800964355,0.5790961384773254,0.1152193546295166,0.5523923635482788
process_visualization/Weather/h720/process_decomposition.csv,,,,,,,,,,,,,,,,,,,,,,,,,,,,,,,,,,,,,,,,,,,,,,,,,,,,,,,,,,,,,,,,,,,,,,,,,,,6,0.009767911272365969,-0.0010471940040588379,0.0033568940652500363,-0.0015053749084472656,0.0051599674139062145,-0.03630167245864868,0.579653263092041,0.11828038841485977,0.5825173258781433
process_visualization/Weather/h720/process_decomposition.csv,,,,,,,,,,,,,,,,,,,,,,,,,,,,,,,,,,,,,,,,,,,,,,,,,,,,,,,,,,,,,,,,,,,,,,,,,,,7,0.009767911272365969,-0.0009357333183288574,0.0033568940652500363,-0.001578986644744873,0.0051599674139062145,-0.03654605150222778,0.579370379447937,0.12286558747291565,0.597579836845398
process_visualization/Weather/h720/process_decomposition.csv,,,,,,,,,,,,,,,,,,,,,,,,,,,,,,,,,,,,,,,,,,,,,,,,,,,,,,,,,,,,,,,,,,,,,,,,,,,8,0.009767911272365969,-0.0009085536003112793,0.0033568940652500363,-0.0015811920166015625,0.0051599674139062145,-0.03649073839187622,0.5787831544876099,0.12626083195209503,0.5790413618087769
process_visualization/Weather/h720/process_decomposition.csv,,,,,,,,,,,,,,,,,,,,,,,,,,,,,,,,,,,,,,,,,,,,,,,,,,,,,,,,,,,,,,,,,,,,,,,,,,,9,0.009767911272365969,-0.0010334253311157227,0.0033568940652500363,-0.0014733672142028809,0.0051599674139062145,-0.03635686635971069,0.5782775282859802,0.1335068941116333,0.5767240524291992
process_visualization/Weather/h720/process_decomposition.csv,,,,,,,,,,,,,,,,,,,,,,,,,,,,,,,,,,,,,,,,,,,,,,,,,,,,,,,,,,,,,,,,,,,,,,,,,,,10,0.009767911272365969,-0.0009590983390808105,0.0033568940652500363,-0.001508474349975586,0.0051599674139062145,-0.036210715770721436,0.5793094038963318,0.1383405476808548,0.5836759805679321
process_visualization/Weather/h720/process_decomposition.csv,,,,,,,,,,,,,,,,,,,,,,,,,,,,,,,,,,,,,,,,,,,,,,,,,,,,,,,,,,,,,,,,,,,,,,,,,,,11,0.009767911272365969,-0.0009816884994506836,0.0033568940652500363,-0.0015100836753845215,0.0051599674139062145,-0.03640395402908325,0.5776649713516235,0.14326390624046326,0.5964211821556091
process_visualization/Weather/h720/process_decomposition.csv,,,,,,,,,,,,,,,,,,,,,,,,,,,,,,,,,,,,,,,,,,,,,,,,,,,,,,,,,,,,,,,,,,,,,,,,,,,12,0.009767911272365969,-0.0010052919387817383,0.0033568940652500363,-0.0015068650245666504,0.0051599674139062145,-0.03624367713928223,0.5780388116836548,0.14817367494106293,0.6195942759513855
process_visualization/Weather/h720/process_decomposition.csv,,,,,,,,,,,,,,,,,,,,,,,,,,,,,,,,,,,,,,,,,,,,,,,,,,,,,,,,,,,,,,,,,,,,,,,,,,,13,0.009767911272365969,-0.0009789466857910156,0.0033568940652500363,-0.0015040040016174316,0.0051599674139062145,-0.036062657833099365,0.5766544342041016,0.15448200702667236,0.6114836931228638
process_visualization/Weather/h720/process_decomposition.csv,,,,,,,,,,,,,,,,,,,,,,,,,,,,,,,,,,,,,,,,,,,,,,,,,,,,,,,,,,,,,,,,,,,,,,,,,,,14,0.009767911272365969,-0.0010013580322265625,0.0033568940652500363,-0.0014950037002563477,0.0051599674139062145,-0.03637337684631348,0.5761104822158813,0.16200818121433258,0.6056904196739197
process_visualization/Weather/h720/process_decomposition.csv,,,,,,,,,,,,,,,,,,,,,,,,,,,,,,,,,,,,,,,,,,,,,,,,,,,,,,,,,,,,,,,,,,,,,,,,,,,15,0.009767911272365969,-0.0009698867797851562,0.0033568940652500363,-0.0014920830726623535,0.0051599674139062145,-0.0364193320274353,0.576865017414093,0.17030993103981018,0.6022144556045532
process_visualization/Weather/h720/process_decomposition.csv,,,,,,,,,,,,,,,,,,,,,,,,,,,,,,,,,,,,,,,,,,,,,,,,,,,,,,,,,,,,,,,,,,,,,,,,,,,16,0.009767911272365969,-0.0009781718254089355,0.0033568940652500363,-0.0015117526054382324,0.0051599674139062145,-0.036258816719055176,0.5750702619552612,0.17962338030338287,0.5883105993270874
process_visualization/Weather/h720/process_decomposition.csv,,,,,,,,,,,,,,,,,,,,,,,,,,,,,,,,,,,,,,,,,,,,,,,,,,,,,,,,,,,,,,,,,,,,,,,,,,,17,0.009767911272365969,-0.0011957287788391113,0.0033568940652500363,-0.0018959641456604004,0.0051599674139062145,-0.04943627119064331,0.5588772892951965,0.18631908297538757,0.572089433670044
process_visualization/Weather/h720/process_decomposition.csv,,,,,,,,,,,,,,,,,,,,,,,,,,,,,,,,,,,,,,,,,,,,,,,,,,,,,,,,,,,,,,,,,,,,,,,,,,,18,0.009767911272365969,-0.0011118650436401367,0.0033568940652500363,-0.0019428133964538574,0.0051599674139062145,-0.049775898456573486,0.5587852001190186,0.19293443858623505,0.5547096729278564
process_visualization/Weather/h720/process_decomposition.csv,,,,,,,,,,,,,,,,,,,,,,,,,,,,,,,,,,,,,,,,,,,,,,,,,,,,,,,,,,,,,,,,,,,,,,,,,,,19,0.009767911272365969,-0.0011562108993530273,0.0033568940652500363,-0.001913607120513916,0.0051599674139062145,-0.05011439323425293,0.558485209941864,0.20102611184120178,0.5338538885116577
process_visualization/Weather/h720/process_decomposition.csv,,,,,,,,,,,,,,,,,,,,,,,,,,,,,,,,,,,,,,,,,,,,,,,,,,,,,,,,,,,,,,,,,,,,,,,,,,,20,0.009767911272365969,-0.0011792182922363281,0.0033568940652500363,-0.0018993020057678223,0.0051599674139062145,-0.05009496212005615,0.5592038035392761,0.2091430276632309,0.5164741277694702
process_visualization/Weather/h720/process_decomposition.csv,,,,,,,,,,,,,,,,,,,,,,,,,,,,,,,,,,,,,,,,,,,,,,,,,,,,,,,,,,,,,,,,,,,,,,,,,,,21,0.009767911272365969,-0.0012011528015136719,0.0033568940652500363,-0.0019008517265319824,0.0051599674139062145,-0.05044722557067871,0.5632368326187134,0.22859551012516022,0.4956183433532715
process_visualization/Weather/h720/process_decomposition.csv,,,,,,,,,,,,,,,,,,,,,,,,,,,,,,,,,,,,,,,,,,,,,,,,,,,,,,,,,,,,,,,,,,,,,,,,,,,22,0.009767911272365969,-0.0011330246925354004,0.0033568940652500363,-0.0019013285636901855,0.0051599674139062145,-0.05035543441772461,0.563051700592041,0.23432187736034393,0.46896931529045105
process_visualization/Weather/h720/process_decomposition.csv,,,,,,,,,,,,,,,,,,,,,,,,,,,,,,,,,,,,,,,,,,,,,,,,,,,,,,,,,,,,,,,,,,,,,,,,,,,23,0.009767911272365969,-0.0012183189392089844,0.0033568940652500363,-0.0018744468688964844,0.0051599674139062145,-0.0504879355430603,0.5642219185829163,0.24168351292610168,0.4423202872276306
process_visualization/Weather/h720/process_decomposition.csv,,,,,,,,,,,,,,,,,,,,,,,,,,,,,,,,,,,,,,,,,,,,,,,,,,,,,,,,,,,,,,,,,,,,,,,,,,,24,0.009767911272365969,-0.0012115836143493652,0.0033568940652500363,-0.0018508434295654297,0.0051599674139062145,-0.050119996070861816,0.5659317970275879,0.24690255522727966,0.42725780606269836
process_visualization/Weather/h720/process_decomposition.csv,,,,,,,,,,,,,,,,,,,,,,,,,,,,,,,,,,,,,,,,,,,,,,,,,,,,,,,,,,,,,,,,,,,,,,,,,,,25,0.009767911272365969,-0.0011629462242126465,0.0033568940652500363,-0.0018625259399414062,0.0051599674139062145,-0.04993373155593872,0.5660263299942017,0.25379398465156555,0.42725780606269836
process_visualization/Weather/h720/process_decomposition.csv,,,,,,,,,,,,,,,,,,,,,,,,,,,,,,,,,,,,,,,,,,,,,,,,,,,,,,,,,,,,,,,,,,,,,,,,,,,26,0.009767911272365969,-0.0011722445487976074,0.0033568940652500363,-0.00186842679977417,0.0051599674139062145,-0.04987967014312744,0.5675923228263855,0.2611214816570282,0.4237818419933319
process_visualization/Weather/h720/process_decomposition.csv,,,,,,,,,,,,,,,,,,,,,,,,,,,,,,,,,,,,,,,,,,,,,,,,,,,,,,,,,,,,,,,,,,,,,,,,,,,27,0.009767911272365969,-0.0011608600616455078,0.0033568940652500363,-0.001850903034210205,0.0051599674139062145,-0.04981362819671631,0.5684027075767517,0.26978999376296997,0.4214645326137543
process_visualization/Weather/h720/process_decomposition.csv,,,,,,,,,,,,,,,,,,,,,,,,,,,,,,,,,,,,,,,,,,,,,,,,,,,,,,,,,,,,,,,,,,,,,,,,,,,28,0.009767911272365969,-0.0012177824974060059,0.0033568940652500363,-0.0018093585968017578,0.0051599674139062145,-0.04967528581619263,0.5686603784561157,0.2796874940395355,0.42030587792396545
process_visualization/Weather/h720/process_decomposition.csv,,,,,,,,,,,,,,,,,,,,,,,,,,,,,,,,,,,,,,,,,,,,,,,,,,,,,,,,,,,,,,,,,,,,,,,,,,,29,0.009767911272365969,-0.0011582374572753906,0.0033568940652500363,-0.0018399357795715332,0.0051599674139062145,-0.04957008361816406,0.5693873167037964,0.28273826837539673,0.40756070613861084
process_visualization/Weather/h720/process_decomposition.csv,,,,,,,,,,,,,,,,,,,,,,,,,,,,,,,,,,,,,,,,,,,,,,,,,,,,,,,,,,,,,,,,,,,,,,,,,,,30,0.009767911272365969,-0.00118255615234375,0.0033568940652500363,-0.0018289685249328613,0.0051599674139062145,-0.04941779375076294,0.5681719779968262,0.2876638174057007,0.3982914686203003
process_visualization/Weather/h720/process_decomposition.csv,,,,,,,,,,,,,,,,,,,,,,,,,,,,,,,,,,,,,,,,,,,,,,,,,,,,,,,,,,,,,,,,,,,,,,,,,,,31,0.009767911272365969,-0.0011692047119140625,0.0033568940652500363,-0.0018296241760253906,0.0051599674139062145,-0.04942357540130615,0.5694576501846313,0.2936069965362549,0.39133957028388977
process_visualization/Weather/h720/process_decomposition.csv,,,,,,,,,,,,,,,,,,,,,,,,,,,,,,,,,,,,,,,,,,,,,,,,,,,,,,,,,,,,,,,,,,,,,,,,,,,32,0.009767911272365969,-0.0010930299758911133,0.0033568940652500363,-0.0018445253372192383,0.0051599674139062145,-0.04898226261138916,0.5688307881355286,0.29890042543411255,0.37859436869621277
process_visualization/Weather/h720/process_decomposition.csv,,,,,,,,,,,,,,,,,,,,,,,,,,,,,,,,,,,,,,,,,,,,,,,,,,,,,,,,,,,,,,,,,,,,,,,,,,,33,0.009767911272365969,-0.0018818378448486328,0.0033568940652500363,-0.00303804874420166,0.0051599674139062145,-0.07409477233886719,0.5350385904312134,0.29966068267822266,0.3565799593925476
process_visualization/Weather/h720/process_decomposition.csv,,,,,,,,,,,,,,,,,,,,,,,,,,,,,,,,,,,,,,,,,,,,,,,,,,,,,,,,,,,,,,,,,,,,,,,,,,,34,0.009767911272365969,-0.0018000006675720215,0.0033568940652500363,-0.0030892491340637207,0.0051599674139062145,-0.07429057359695435,0.5350584983825684,0.3058665692806244,0.35194534063339233
process_visualization/Weather/h720/process_decomposition.csv,,,,,,,,,,,,,,,,,,,,,,,,,,,,,,,,,,,,,,,,,,,,,,,,,,,,,,,,,,,,,,,,,,,,,,,,,,,35,0.009767911272365969,-0.0018249154090881348,0.0033568940652500363,-0.00306093692779541,0.0051599674139062145,-0.07455545663833618,0.537043035030365,0.3112999498844147,0.3554213047027588
process_visualization/Weather/h720/process_decomposition.csv,,,,,,,,,,,,,,,,,,,,,,,,,,,,,,,,,,,,,,,,,,,,,,,,,,,,,,,,,,,,,,,,,,,,,,,,,,,36,0.009767911272365969,-0.0018261075019836426,0.0033568940652500363,-0.003027021884918213,0.0051599674139062145,-0.07434964179992676,0.5365920662879944,0.3148454427719116,0.343834787607193
process_visualization/Weather/h720/process_decomposition.csv,,,,,,,,,,,,,,,,,,,,,,,,,,,,,,,,,,,,,,,,,,,,,,,,,,,,,,,,,,,,,,,,,,,,,,,,,,,37,0.009767911272365969,-0.001801908016204834,0.0033568940652500363,-0.003065347671508789,0.0051599674139062145,-0.0745285153388977,0.5382432341575623,0.31568315625190735,0.331089586019516
process_visualization/Weather/h720/process_decomposition.csv,,,,,,,,,,,,,,,,,,,,,,,,,,,,,,,,,,,,,,,,,,,,,,,,,,,,,,,,,,,,,,,,,,,,,,,,,,,38,0.009767911272365969,-0.0018429756164550781,0.0033568940652500363,-0.003019571304321289,0.0051599674139062145,-0.07444143295288086,0.5385794043540955,0.3188574016094208,0.31602710485458374
process_visualization/Weather/h720/process_decomposition.csv,,,,,,,,,,,,,,,,,,,,,,,,,,,,,,,,,,,,,,,,,,,,,,,,,,,,,,,,,,,,,,,,,,,,,,,,,,,39,0.009767911272365969,-0.0018833279609680176,0.0033568940652500363,-0.002986609935760498,0.0051599674139062145,-0.07443171739578247,0.5399729609489441,0.32311761379241943,0.3021232485771179
process_visualization/Weather/h720/process_decomposition.csv,,,,,,,,,,,,,,,,,,,,,,,,,,,,,,,,,,,,,,,,,,,,,,,,,,,,,,,,,,,,,,,,,,,,,,,,,,,40,0.009767911272365969,-0.0018090009689331055,0.0033568940652500363,-0.0029960274696350098,0.0051599674139062145,-0.07433861494064331,0.5418158769607544,0.3294526934623718,0.29748862981796265
process_visualization/Weather/h720/process_decomposition.csv,,,,,,,,,,,,,,,,,,,,,,,,,,,,,,,,,,,,,,,,,,,,,,,,,,,,,,,,,,,,,,,,,,,,,,,,,,,41,0.009767911272365969,-0.0018308162689208984,0.0033568940652500363,-0.002995312213897705,0.0051599674139062145,-0.0740085244178772,0.5449014902114868,0.32795450091362,0.2893780767917633
process_visualization/Weather/h720/process_decomposition.csv,,,,,,,,,,,,,,,,,,,,,,,,,,,,,,,,,,,,,,,,,,,,,,,,,,,,,,,,,,,,,,,,,,,,,,,,,,,42,0.009767911272365969,-0.001835942268371582,0.0033568940652500363,-0.0029654502868652344,0.0051599674139062145,-0.07350379228591919,0.5446243286132812,0.3303622305393219,0.2905367314815521
process_visualization/Weather/h720/process_decomposition.csv,,,,,,,,,,,,,,,,,,,,,,,,,,,,,,,,,,,,,,,,,,,,,,,,,,,,,,,,,,,,,,,,,,,,,,,,,,,43,0.009767911272365969,-0.0018152594566345215,0.0033568940652500363,-0.0029777884483337402,0.0051599674139062145,-0.0737922191619873,0.5464844107627869,0.332224041223526,0.28706076741218567
process_visualization/Weather/h720/process_decomposition.csv,,,,,,,,,,,,,,,,,,,,,,,,,,,,,,,,,,,,,,,,,,,,,,,,,,,,,,,,,,,,,,,,,,,,,,,,,,,44,0.009767911272365969,-0.0018754005432128906,0.0033568940652500363,-0.0028957724571228027,0.0051599674139062145,-0.07337772846221924,0.5479415655136108,0.33574527502059937,0.2824261486530304
process_visualization/Weather/h720/process_decomposition.csv,,,,,,,,,,,,,,,,,,,,,,,,,,,,,,,,,,,,,,,,,,,,,,,,,,,,,,,,,,,,,,,,,,,,,,,,,,,45,0.009767911272365969,-0.0017467141151428223,0.0033568940652500363,-0.0029417872428894043,0.0051599674139062145,-0.07300209999084473,0.5475972294807434,0.3343183994293213,0.2835848033428192
process_visualization/Weather/h720/process_decomposition.csv,,,,,,,,,,,,,,,,,,,,,,,,,,,,,,,,,,,,,,,,,,,,,,,,,,,,,,,,,,,,,,,,,,,,,,,,,,,46,0.009767911272365969,-0.0018042325973510742,0.0033568940652500363,-0.0029224157333374023,0.0051599674139062145,-0.07305669784545898,0.5479600429534912,0.3363693654537201,0.28590211272239685
process_visualization/Weather/h720/process_decomposition.csv,,,,,,,,,,,,,,,,,,,,,,,,,,,,,,,,,,,,,,,,,,,,,,,,,,,,,,,,,,,,,,,,,,,,,,,,,,,47,0.009767911272365969,-0.0018035173416137695,0.0033568940652500363,-0.0028952360153198242,0.0051599674139062145,-0.07295346260070801,0.5502090454101562,0.344514399766922,0.2754742205142975
process_visualization/Weather/h720/process_decomposition.csv,,,,,,,,,,,,,,,,,,,,,,,,,,,,,,,,,,,,,,,,,,,,,,,,,,,,,,,,,,,,,,,,,,,,,,,,,,,48,0.009767911272365969,-0.001771092414855957,0.0033568940652500363,-0.0028880834579467773,0.0051599674139062145,-0.07217246294021606,0.5495925545692444,0.3448108732700348,0.2580944299697876
process_visualization/Weather/h720/process_decomposition.csv,,,,,,,,,,,,,,,,,,,,,,,,,,,,,,,,,,,,,,,,,,,,,,,,,,,,,,,,,,,,,,,,,,,,,,,,,,,49,0.009767911272365969,-0.001872420310974121,0.0033568940652500363,-0.002825915813446045,0.0051599674139062145,-0.06810557842254639,0.5338602066040039,0.3441028594970703,0.23723867535591125
process_visualization/Weather/h720/process_decomposition.csv,,,,,,,,,,,,,,,,,,,,,,,,,,,,,,,,,,,,,,,,,,,,,,,,,,,,,,,,,,,,,,,,,,,,,,,,,,,50,0.009767911272365969,-0.0018537640571594238,0.0033568940652500363,-0.0028336048126220703,0.0051599674139062145,-0.0678216814994812,0.535064697265625,0.343262642621994,0.22449348866939545
process_visualization/Weather/h720/process_decomposition.csv,,,,,,,,,,,,,,,,,,,,,,,,,,,,,,,,,,,,,,,,,,,,,,,,,,,,,,,,,,,,,,,,,,,,,,,,,,,51,0.009767911272365969,-0.001938939094543457,0.0033568940652500363,-0.002789318561553955,0.0051599674139062145,-0.06762194633483887,0.5362590551376343,0.3451986014842987,0.21870021522045135
process_visualization/Weather/h720/process_decomposition.csv,,,,,,,,,,,,,,,,,,,,,,,,,,,,,,,,,,,,,,,,,,,,,,,,,,,,,,,,,,,,,,,,,,,,,,,,,,,52,0.009767911272365969,-0.0019436478614807129,0.0033568940652500363,-0.0027373433113098145,0.0051599674139062145,-0.06718951463699341,0.537916898727417,0.3491283655166626,0.20247907936573029
process_visualization/Weather/h720/process_decomposition.csv,,,,,,,,,,,,,,,,,,,,,,,,,,,,,,,,,,,,,,,,,,,,,,,,,,,,,,,,,,,,,,,,,,,,,,,,,,,53,0.009767911272365969,-0.0019022226333618164,0.0033568940652500363,-0.0027202367782592773,0.0051599674139062145,-0.067172110080719,0.5383294224739075,0.34908196330070496,0.1781473606824875
process_visualization/Weather/h720/process_decomposition.csv,,,,,,,,,,,,,,,,,,,,,,,,,,,,,,,,,,,,,,,,,,,,,,,,,,,,,,,,,,,,,,,,,,,,,,,,,,,54,0.009767911272365969,-0.0019421577453613281,0.0033568940652500363,-0.0026894807815551758,0.0051599674139062145,-0.06688576936721802,0.5412369966506958,0.3514162003993988,0.16540217399597168
process_visualization/Weather/h720/process_decomposition.csv,,,,,,,,,,,,,,,,,,,,,,,,,,,,,,,,,,,,,,,,,,,,,,,,,,,,,,,,,,,,,,,,,,,,,,,,,,,55,0.009767911272365969,-0.0019287467002868652,0.0033568940652500363,-0.0026717782020568848,0.0051599674139062145,-0.06691813468933105,0.5428768992424011,0.3569995164871216,0.13991180062294006
process_visualization/Weather/h720/process_decomposition.csv,,,,,,,,,,,,,,,,,,,,,,,,,,,,,,,,,,,,,,,,,,,,,,,,,,,,,,,,,,,,,,,,,,,,,,,,,,,56,0.009767911272365969,-0.001895606517791748,0.0033568940652500363,-0.002681136131286621,0.0051599674139062145,-0.06650727987289429,0.5459080338478088,0.3602979779243469,0.10862816125154495
process_visualization/Weather/h720/process_decomposition.csv,,,,,,,,,,,,,,,,,,,,,,,,,,,,,,,,,,,,,,,,,,,,,,,,,,,,,,,,,,,,,,,,,,,,,,,,,,,57,0.009767911272365969,-0.001886606216430664,0.0033568940652500363,-0.002726316452026367,0.0051599674139062145,-0.0663188099861145,0.5509875416755676,0.35535022616386414,0.09124836325645447
process_visualization/Weather/h720/process_decomposition.csv,,,,,,,,,,,,,,,,,,,,,,,,,,,,,,,,,,,,,,,,,,,,,,,,,,,,,,,,,,,,,,,,,,,,,,,,,,,58,0.009767911272365969,-0.001884162425994873,0.0033568940652500363,-0.0026994943618774414,0.0051599674139062145,-0.06596958637237549,0.5527788400650024,0.35782021284103394,0.09472432732582092
process_visualization/Weather/h720/process_decomposition.csv,,,,,,,,,,,,,,,,,,,,,,,,,,,,,,,,,,,,,,,,,,,,,,,,,,,,,,,,,,,,,,,,,,,,,,,,,,,59,0.009767911272365969,-0.0019263625144958496,0.0033568940652500363,-0.0026699304580688477,0.0051599674139062145,-0.06581079959869385,0.5529234409332275,0.3634791672229767,0.10167624056339264
process_visualization/Weather/h720/process_decomposition.csv,,,,,,,,,,,,,,,,,,,,,,,,,,,,,,,,,,,,,,,,,,,,,,,,,,,,,,,,,,,,,,,,,,,,,,,,,,,60,0.009767911272365969,-0.0018587112426757812,0.0033568940652500363,-0.0026261210441589355,0.0051599674139062145,-0.06572294235229492,0.556132435798645,0.36522984504699707,0.10862816125154495
process_visualization/Weather/h720/process_decomposition.csv,,,,,,,,,,,,,,,,,,,,,,,,,,,,,,,,,,,,,,,,,,,,,,,,,,,,,,,,,,,,,,,,,,,,,,,,,,,61,0.009767911272365969,-0.001894831657409668,0.0033568940652500363,-0.002604186534881592,0.0051599674139062145,-0.06509888172149658,0.5594373941421509,0.36989787220954895,0.08893106132745743
process_visualization/Weather/h720/process_decomposition.csv,,,,,,,,,,,,,,,,,,,,,,,,,,,,,,,,,,,,,,,,,,,,,,,,,,,,,,,,,,,,,,,,,,,,,,,,,,,62,0.009767911272365969,-0.0019051432609558105,0.0033568940652500363,-0.0025490522384643555,0.0051599674139062145,-0.06437599658966064,0.5619987845420837,0.3740047216415405,0.0750272199511528
process_visualization/Weather/h720/process_decomposition.csv,,,,,,,,,,,,,,,,,,,,,,,,,,,,,,,,,,,,,,,,,,,,,,,,,,,,,,,,,,,,,,,,,,,,,,,,,,,63,0.009767911272365969,-0.0019398331642150879,0.0033568940652500363,-0.0024970173835754395,0.0051599674139062145,-0.06439036130905151,0.5637239813804626,0.3815641403198242,0.05533011257648468
process_visualization/Weather/h720/process_decomposition.csv,,,,,,,,,,,,,,,,,,,,,,,,,,,,,,,,,,,,,,,,,,,,,,,,,,,,,,,,,,,,,,,,,,,,,,,,,,,64,0.009767911272365969,-0.0019617676734924316,0.0033568940652500363,-0.002451002597808838,0.0051599674139062145,-0.06371057033538818,0.5639737844467163,0.385803759098053,0.029839742928743362
process_visualization/Weather/h720/process_decomposition.csv,,,,,,,,,,,,,,,,,,,,,,,,,,,,,,,,,,,,,,,,,,,,,,,,,,,,,,,,,,,,,,,,,,,,,,,,,,,65,0.009767911272365969,-0.0023953914642333984,0.0033568940652500363,-0.003146946430206299,0.0051599674139062145,-0.09052670001983643,0.5354040265083313,0.39417919516563416,0.004349370952695608
process_visualization/Weather/h720/process_decomposition.csv,,,,,,,,,,,,,,,,,,,,,,,,,,,,,,,,,,,,,,,,,,,,,,,,,,,,,,,,,,,,,,,,,,,,,,,,,,,66,0.009767911272365969,-0.002372562885284424,0.0033568940652500363,-0.003112971782684326,0.0051599674139062145,-0.0903046727180481,0.5364562273025513,0.39703306555747986,0.004349370952695608
process_visualization/Weather/h720/process_decomposition.csv,,,,,,,,,,,,,,,,,,,,,,,,,,,,,,,,,,,,,,,,,,,,,,,,,,,,,,,,,,,,,,,,,,,,,,,,,,,67,0.009767911272365969,-0.0024175047874450684,0.0033568940652500363,-0.0030980706214904785,0.0051599674139062145,-0.09025317430496216,0.5368710160255432,0.4032836854457855,0.0008734110160730779
process_visualization/Weather/h720/process_decomposition.csv,,,,,,,,,,,,,,,,,,,,,,,,,,,,,,,,,,,,,,,,,,,,,,,,,,,,,,,,,,,,,,,,,,,,,,,,,,,68,0.009767911272365969,-0.0024647116661071777,0.0033568940652500363,-0.003011167049407959,0.0051599674139062145,-0.08975815773010254,0.536522388458252,0.4055536687374115,0.0008734110160730779
process_visualization/Weather/h720/process_decomposition.csv,,,,,,,,,,,,,,,,,,,,,,,,,,,,,,,,,,,,,,,,,,,,,,,,,,,,,,,,,,,,,,,,,,,,,,,,,,,69,0.009767911272365969,-0.0023883581161499023,0.0033568940652500363,-0.0030258893966674805,0.0051599674139062145,-0.08967751264572144,0.538965106010437,0.4060784578323364,-0.010713121853768826
process_visualization/Weather/h720/process_decomposition.csv,,,,,,,,,,,,,,,,,,,,,,,,,,,,,,,,,,,,,,,,,,,,,,,,,,,,,,,,,,,,,,,,,,,,,,,,,,,70,0.009767911272365969,-0.0024238228797912598,0.0033568940652500363,-0.0030207037925720215,0.0051599674139062145,-0.08958572149276733,0.5407471060752869,0.4073016941547394,-0.016506386920809746
process_visualization/Weather/h720/process_decomposition.csv,,,,,,,,,,,,,,,,,,,,,,,,,,,,,,,,,,,,,,,,,,,,,,,,,,,,,,,,,,,,,,,,,,,,,,,,,,,71,0.009767911272365969,-0.002451956272125244,0.0033568940652500363,-0.002936244010925293,0.0051599674139062145,-0.0895417332649231,0.5419272780418396,0.40669310092926025,-0.039679452776908875
process_visualization/Weather/h720/process_decomposition.csv,,,,,,,,,,,,,,,,,,,,,,,,,,,,,,,,,,,,,,,,,,,,,,,,,,,,,,,,,,,,,,,,,,,,,,,,,,,72,0.009767911272365969,-0.0024080276489257812,0.0033568940652500363,-0.00295257568359375,0.0051599674139062145,-0.08937621116638184,0.5432013869285583,0.4092666208744049,-0.04663137346506119
process_visualization/Weather/h720/process_decomposition.csv,,,,,,,,,,,,,,,,,,,,,,,,,,,,,,,,,,,,,,,,,,,,,,,,,,,,,,,,,,,,,,,,,,,,,,,,,,,73,0.009767911272365969,-0.0024557113647460938,0.0033568940652500363,-0.00291365385055542,0.0051599674139062145,-0.0886487364768982,0.5494427680969238,0.402879536151886,-0.04663137346506119
process_visualization/Weather/h720/process_decomposition.csv,,,,,,,,,,,,,,,,,,,,,,,,,,,,,,,,,,,,,,,,,,,,,,,,,,,,,,,,,,,,,,,,,,,,,,,,,,,74,0.009767911272365969,-0.0024130940437316895,0.0033568940652500363,-0.002880990505218506,0.0051599674139062145,-0.08835393190383911,0.5514554977416992,0.40292274951934814,-0.07328039407730103
process_visualization/Weather/h720/process_decomposition.csv,,,,,,,,,,,,,,,,,,,,,,,,,,,,,,,,,,,,,,,,,,,,,,,,,,,,,,,,,,,,,,,,,,,,,,,,,,,75,0.009767911272365969,-0.0024767518043518066,0.0033568940652500363,-0.0028699636459350586,0.0051599674139062145,-0.08866780996322632,0.5504080057144165,0.4030488133430481,-0.08139096945524216
process_visualization/Weather/h720/process_decomposition.csv,,,,,,,,,,,,,,,,,,,,,,,,,,,,,,,,,,,,,,,,,,,,,,,,,,,,,,,,,,,,,,,,,,,,,,,,,,,76,0.009767911272365969,-0.0024547576904296875,0.0033568940652500363,-0.002857387065887451,0.0051599674139062145,-0.08828365802764893,0.5527048110961914,0.40794146060943604,-0.07096309214830399
process_visualization/Weather/h720/process_decomposition.csv,,,,,,,,,,,,,,,,,,,,,,,,,,,,,,,,,,,,,,,,,,,,,,,,,,,,,,,,,,,,,,,,,,,,,,,,,,,77,0.009767911272365969,-0.002382934093475342,0.0033568940652500363,-0.0028325915336608887,0.0051599674139062145,-0.08774983882904053,0.5535826683044434,0.4087197184562683,-0.051265984773635864
process_visualization/Weather/h720/process_decomposition.csv,,,,,,,,,,,,,,,,,,,,,,,,,,,,,,,,,,,,,,,,,,,,,,,,,,,,,,,,,,,,,,,,,,,,,,,,,,,78,0.009767911272365969,-0.0024470090866088867,0.0033568940652500363,-0.0028074979782104492,0.0051599674139062145,-0.08771151304244995,0.5549768805503845,0.40777671337127686,-0.048948679119348526
process_visualization/Weather/h720/process_decomposition.csv,,,,,,,,,,,,,,,,,,,,,,,,,,,,,,,,,,,,,,,,,,,,,,,,,,,,,,,,,,,,,,,,,,,,,,,,,,,79,0.009767911272365969,-0.0024504661560058594,0.0033568940652500363,-0.002773106098175049,0.0051599674139062145,-0.08767437934875488,0.5561929941177368,0.4151071012020111,-0.05242463946342468
process_visualization/Weather/h720/process_decomposition.csv,,,,,,,,,,,,,,,,,,,,,,,,,,,,,,,,,,,,,,,,,,,,,,,,,,,,,,,,,,,,,,,,,,,,,,,,,,,80,0.009767911272365969,-0.0024662017822265625,0.0033568940652500363,-0.0027222037315368652,0.0051599674139062145,-0.0870094895362854,0.5565980076789856,0.41195350885391235,-0.050107333809137344
process_visualization/Weather/h720/process_decomposition.csv,,,,,,,,,,,,,,,,,,,,,,,,,,,,,,,,,,,,,,,,,,,,,,,,,,,,,,,,,,,,,,,,,,,,,,,,,,,81,0.009767911272365969,-0.002363443374633789,0.0033568940652500363,-0.0026125311851501465,0.0051599674139062145,-0.08991777896881104,0.5570879578590393,0.4123208522796631,-0.05590059980750084
process_visualization/Weather/h720/process_decomposition.csv,,,,,,,,,,,,,,,,,,,,,,,,,,,,,,,,,,,,,,,,,,,,,,,,,,,,,,,,,,,,,,,,,,,,,,,,,,,82,0.009767911272365969,-0.0023440122604370117,0.0033568940652500363,-0.0025900602340698242,0.0051599674139062145,-0.08997124433517456,0.557928740978241,0.4067947268486023,-0.06748712807893753
process_visualization/Weather/h720/process_decomposition.csv,,,,,,,,,,,,,,,,,,,,,,,,,,,,,,,,,,,,,,,,,,,,,,,,,,,,,,,,,,,,,,,,,,,,,,,,,,,83,0.009767911272365969,-0.0023635029792785645,0.0033568940652500363,-0.0025888681411743164,0.0051599674139062145,-0.0898294448852539,0.5582573413848877,0.40385133028030396,-0.07675635814666748
process_visualization/Weather/h720/process_decomposition.csv,,,,,,,,,,,,,,,,,,,,,,,,,,,,,,,,,,,,,,,,,,,,,,,,,,,,,,,,,,,,,,,,,,,,,,,,,,,84,0.009767911272365969,-0.0023679137229919434,0.0033568940652500363,-0.0025745630264282227,0.0051599674139062145,-0.08957558870315552,0.5562804937362671,0.40421608090400696,-0.08023231476545334
process_visualization/Weather/h720/process_decomposition.csv,,,,,,,,,,,,,,,,,,,,,,,,,,,,,,,,,,,,,,,,,,,,,,,,,,,,,,,,,,,,,,,,,,,,,,,,,,,85,0.009767911272365969,-0.0023809075355529785,0.0033568940652500363,-0.0025627613067626953,0.0051599674139062145,-0.08973437547683716,0.5556122660636902,0.4066884219646454,-0.09529481083154678
process_visualization/Weather/h720/process_decomposition.csv,,,,,,,,,,,,,,,,,,,,,,,,,,,,,,,,,,,,,,,,,,,,,,,,,,,,,,,,,,,,,,,,,,,,,,,,,,,86,0.009767911272365969,-0.0023781657218933105,0.0033568940652500363,-0.0025566816329956055,0.0051599674139062145,-0.0894852876663208,0.5568927526473999,0.40643811225891113,-0.08486692607402802
process_visualization/Weather/h720/process_decomposition.csv,,,,,,,,,,,,,,,,,,,,,,,,,,,,,,,,,,,,,,,,,,,,,,,,,,,,,,,,,,,,,,,,,,,,,,,,,,,87,0.009767911272365969,-0.0023946762084960938,0.0033568940652500363,-0.002545595169067383,0.0051599674139062145,-0.08985930681228638,0.5565288066864014,0.4050297141075134,-0.07096309214830399
process_visualization/Weather/h720/process_decomposition.csv,,,,,,,,,,,,,,,,,,,,,,,,,,,,,,,,,,,,,,,,,,,,,,,,,,,,,,,,,,,,,,,,,,,,,,,,,,,88,0.009767911272365969,-0.0024541616439819336,0.0033568940652500363,-0.002519071102142334,0.0051599674139062145,-0.0894399881362915,0.5563801527023315,0.4058014154434204,-0.07675635814666748
process_visualization/Weather/h720/process_decomposition.csv,,,,,,,,,,,,,,,,,,,,,,,,,,,,,,,,,,,,,,,,,,,,,,,,,,,,,,,,,,,,,,,,,,,,,,,,,,,89,0.009767911272365969,-0.0023430585861206055,0.0033568940652500363,-0.0025141239166259766,0.0051599674139062145,-0.0888664722442627,0.5627591609954834,0.40328192710876465,-0.10340537875890732
process_visualization/Weather/h720/process_decomposition.csv,,,,,,,,,,,,,,,,,,,,,,,,,,,,,,,,,,,,,,,,,,,,,,,,,,,,,,,,,,,,,,,,,,,,,,,,,,,90,0.009767911272365969,-0.0022504329681396484,0.0033568940652500363,-0.0025795698165893555,0.0051599674139062145,-0.08896839618682861,0.5600810050964355,0.40255218744277954,-0.10456403344869614
process_visualization/Weather/h720/process_decomposition.csv,,,,,,,,,,,,,,,,,,,,,,,,,,,,,,,,,,,,,,,,,,,,,,,,,,,,,,,,,,,,,,,,,,,,,,,,,,,91,0.009767911272365969,-0.002312779426574707,0.0033568940652500363,-0.0025287866592407227,0.0051599674139062145,-0.08875495195388794,0.5593886971473694,0.40562596917152405,-0.10803999751806259
process_visualization/Weather/h720/process_decomposition.csv,,,,,,,,,,,,,,,,,,,,,,,,,,,,,,,,,,,,,,,,,,,,,,,,,,,,,,,,,,,,,,,,,,,,,,,,,,,92,0.009767911272365969,-0.0024266839027404785,0.0033568940652500363,-0.002483546733856201,0.0051599674139062145,-0.08867639303207397,0.5617668032646179,0.4046670198440552,-0.11267460882663727
process_visualization/Weather/h720/process_decomposition.csv,,,,,,,,,,,,,,,,,,,,,,,,,,,,,,,,,,,,,,,,,,,,,,,,,,,,,,,,,,,,,,,,,,,,,,,,,,,93,0.009767911272365969,-0.0024126768112182617,0.0033568940652500363,-0.0024750828742980957,0.0051599674139062145,-0.08827680349349976,0.5586535930633545,0.40459445118904114,-0.14279958605766296
process_visualization/Weather/h720/process_decomposition.csv,,,,,,,,,,,,,,,,,,,,,,,,,,,,,,,,,,,,,,,,,,,,,,,,,,,,,,,,,,,,,,,,,,,,,,,,,,,94,0.009767911272365969,-0.002264261245727539,0.0033568940652500363,-0.0025271177291870117,0.0051599674139062145,-0.08749651908874512,0.5576231479644775,0.40431028604507446,-0.16481401026248932
process_visualization/Weather/h720/process_decomposition.csv,,,,,,,,,,,,,,,,,,,,,,,,,,,,,,,,,,,,,,,,,,,,,,,,,,,,,,,,,,,,,,,,,,,,,,,,,,,95,0.009767911272365969,-0.0023509860038757324,0.0033568940652500363,-0.002505004405975342,0.0051599674139062145,-0.08782702684402466,0.555265486240387,0.4072548747062683,-0.16597265005111694
process_visualization/Weather/h720/process_decomposition.csv,,,,,,,,,,,,,,,,,,,,,,,,,,,,,,,,,,,,,,,,,,,,,,,,,,,,,,,,,,,,,,,,,,,,,,,,,,,96,0.009767911272365969,-0.0024099349975585938,0.0033568940652500363,-0.002450108528137207,0.0051599674139062145,-0.08722978830337524,0.5563175082206726,0.40666940808296204,-0.14975151419639587
process_visualization/Weather/h720/process_decomposition.csv,,,,,,,,,,,,,,,,,,,,,,,,,,,,,,,,,,,,,,,,,,,,,,,,,,,,,,,,,,,,,,,,,,,,,,,,,,,97,0.009767911272365969,-0.002438485622406006,0.0033568940652500363,-0.0023241639137268066,0.0051599674139062145,-0.10075271129608154,0.5638912320137024,0.41361257433891296,-0.1578620821237564
process_visualization/Weather/h720/process_decomposition.csv,,,,,,,,,,,,,,,,,,,,,,,,,,,,,,,,,,,,,,,,,,,,,,,,,,,,,,,,,,,,,,,,,,,,,,,,,,,98,0.009767911272365969,-0.0024920105934143066,0.0033568940652500363,-0.002321898937225342,0.0051599674139062145,-0.10111105442047119,0.5612270832061768,0.41354915499687195,-0.16597265005111694
process_visualization/Weather/h720/process_decomposition.csv,,,,,,,,,,,,,,,,,,,,,,,,,,,,,,,,,,,,,,,,,,,,,,,,,,,,,,,,,,,,,,,,,,,,,,,,,,,99,0.009767911272365969,-0.0024489164352416992,0.0033568940652500363,-0.0023299455642700195,0.0051599674139062145,-0.10134023427963257,0.5601432919502258,0.4106407165527344,-0.19609764218330383
process_visualization/Weather/h720/process_decomposition.csv,,,,,,,,,,,,,,,,,,,,,,,,,,,,,,,,,,,,,,,,,,,,,,,,,,,,,,,,,,,,,,,,,,,,,,,,,,,100,0.009767911272365969,-0.0023520588874816895,0.0033568940652500363,-0.002380669116973877,0.0051599674139062145,-0.10142529010772705,0.5580610632896423,0.4079105854034424,-0.1995736062526703
process_visualization/Weather/h720/process_decomposition.csv,,,,,,,,,,,,,,,,,,,,,,,,,,,,,,,,,,,,,,,,,,,,,,,,,,,,,,,,,,,,,,,,,,,,,,,,,,,101,0.009767911272365969,-0.0024559497833251953,0.0033568940652500363,-0.0023553967475891113,0.0051599674139062145,-0.10121780633926392,0.5567305088043213,0.40550661087036133,-0.19609764218330383
process_visualization/Weather/h720/process_decomposition.csv,,,,,,,,,,,,,,,,,,,,,,,,,,,,,,,,,,,,,,,,,,,,,,,,,,,,,,,,,,,,,,,,,,,,,,,,,,,102,0.009767911272365969,-0.0023532509803771973,0.0033568940652500363,-0.002415776252746582,0.0051599674139062145,-0.10133731365203857,0.5542522072792053,0.40909698605537415,-0.20304955542087555
process_visualization/Weather/h720/process_decomposition.csv,,,,,,,,,,,,,,,,,,,,,,,,,,,,,,,,,,,,,,,,,,,,,,,,,,,,,,,,,,,,,,,,,,,,,,,,,,,103,0.009767911272365969,-0.0024207234382629395,0.0033568940652500363,-0.0024111270904541016,0.0051599674139062145,-0.10164463520050049,0.5530060529708862,0.4110862612724304,-0.2250639796257019
process_visualization/Weather/h720/process_decomposition.csv,,,,,,,,,,,,,,,,,,,,,,,,,,,,,,,,,,,,,,,,,,,,,,,,,,,,,,,,,,,,,,,,,,,,,,,,,,,104,0.009767911272365969,-0.002410292625427246,0.0033568940652500363,-0.0024344325065612793,0.0051599674139062145,-0.10179311037063599,0.5501519441604614,0.411745548248291,-0.2540303170681
process_visualization/Weather/h720/process_decomposition.csv,,,,,,,,,,,,,,,,,,,,,,,,,,,,,,,,,,,,,,,,,,,,,,,,,,,,,,,,,,,,,,,,,,,,,,,,,,,105,0.009767911272365969,-0.002378702163696289,0.0033568940652500363,-0.002392411231994629,0.0051599674139062145,-0.10145992040634155,0.5488607287406921,0.41243860125541687,-0.27025145292282104
process_visualization/Weather/h720/process_decomposition.csv,,,,,,,,,,,,,,,,,,,,,,,,,,,,,,,,,,,,,,,,,,,,,,,,,,,,,,,,,,,,,,,,,,,,,,,,,,,106,0.009767911272365969,-0.0023679137229919434,0.0033568940652500363,-0.002402007579803467,0.0051599674139062145,-0.1012047529220581,0.547106921672821,0.4096062481403351,-0.2992177903652191
process_visualization/Weather/h720/process_decomposition.csv,,,,,,,,,,,,,,,,,,,,,,,,,,,,,,,,,,,,,,,,,,,,,,,,,,,,,,,,,,,,,,,,,,,,,,,,,,,107,0.009767911272365969,-0.0024323463439941406,0.0033568940652500363,-0.0023779869079589844,0.0051599674139062145,-0.10150820016860962,0.5448799133300781,0.4058733284473419,-0.3339773714542389
process_visualization/Weather/h720/process_decomposition.csv,,,,,,,,,,,,,,,,,,,,,,,,,,,,,,,,,,,,,,,,,,,,,,,,,,,,,,,,,,,,,,,,,,,,,,,,,,,108,0.009767911272365969,-0.0023844242095947266,0.0033568940652500363,-0.0024313926696777344,0.0051599674139062145,-0.10127067565917969,0.5440235137939453,0.4102918207645416,-0.3339773714542389
process_visualization/Weather/h720/process_decomposition.csv,,,,,,,,,,,,,,,,,,,,,,,,,,,,,,,,,,,,,,,,,,,,,,,,,,,,,,,,,,,,,,,,,,,,,,,,,,,109,0.009767911272365969,-0.0024593472480773926,0.0033568940652500363,-0.0024114251136779785,0.0051599674139062145,-0.10085302591323853,0.540644645690918,0.4092831611633301,-0.33050140738487244
process_visualization/Weather/h720/process_decomposition.csv,,,,,,,,,,,,,,,,,,,,,,,,,,,,,,,,,,,,,,,,,,,,,,,,,,,,,,,,,,,,,,,,,,,,,,,,,,,110,0.009767911272365969,-0.0024574995040893555,0.0033568940652500363,-0.0024374723434448242,0.0051599674139062145,-0.10106366872787476,0.5396588444709778,0.4125489592552185,-0.33166006207466125
process_visualization/Weather/h720/process_decomposition.csv,,,,,,,,,,,,,,,,,,,,,,,,,,,,,,,,,,,,,,,,,,,,,,,,,,,,,,,,,,,,,,,,,,,,,,,,,,,111,0.009767911272365969,-0.002446293830871582,0.0033568940652500363,-0.0024346113204956055,0.0051599674139062145,-0.1008945107460022,0.5386191010475159,0.41407471895217896,-0.3536744713783264
process_visualization/Weather/h720/process_decomposition.csv,,,,,,,,,,,,,,,,,,,,,,,,,,,,,,,,,,,,,,,,,,,,,,,,,,,,,,,,,,,,,,,,,,,,,,,,,,,112,0.009767911272365969,-0.0023900866508483887,0.0033568940652500363,-0.0024820566177368164,0.0051599674139062145,-0.100588858127594,0.5366827845573425,0.4129558503627777,-0.3965446650981903
process_visualization/Weather/h720/process_decomposition.csv,,,,,,,,,,,,,,,,,,,,,,,,,,,,,,,,,,,,,,,,,,,,,,,,,,,,,,,,,,,,,,,,,,,,,,,,,,,113,0.009767911272365969,-0.0024013519287109375,0.0033568940652500363,-0.0023534297943115234,0.0051599674139062145,-0.10300630331039429,0.5666112303733826,0.42054861783981323,-0.3895927369594574
process_visualization/Weather/h720/process_decomposition.csv,,,,,,,,,,,,,,,,,,,,,,,,,,,,,,,,,,,,,,,,,,,,,,,,,,,,,,,,,,,,,,,,,,,,,,,,,,,114,0.009767911272365969,-0.002340972423553467,0.0033568940652500363,-0.0023918747901916504,0.0051599674139062145,-0.10360640287399292,0.5637829899787903,0.41952845454216003,-0.3965446650981903
process_visualization/Weather/h720/process_decomposition.csv,,,,,,,,,,,,,,,,,,,,,,,,,,,,,,,,,,,,,,,,,,,,,,,,,,,,,,,,,,,,,,,,,,,,,,,,,,,115,0.009767911272365969,-0.002318859100341797,0.0033568940652500363,-0.0024377107620239258,0.0051599674139062145,-0.10376530885696411,0.560529887676239,0.41746607422828674,-0.40465521812438965
process_visualization/Weather/h720/process_decomposition.csv,,,,,,,,,,,,,,,,,,,,,,,,,,,,,,,,,,,,,,,,,,,,,,,,,,,,,,,,,,,,,,,,,,,,,,,,,,,116,0.009767911272365969,-0.0023041367530822754,0.0033568940652500363,-0.0024316906929016113,0.0051599674139062145,-0.10389161109924316,0.5583613514900208,0.4209773540496826,-0.415083110332489
process_visualization/Weather/h720/process_decomposition.csv,,,,,,,,,,,,,,,,,,,,,,,,,,,,,,,,,,,,,,,,,,,,,,,,,,,,,,,,,,,,,,,,,,,,,,,,,,,117,0.009767911272365969,-0.0024015307426452637,0.0033568940652500363,-0.0024292469024658203,0.0051599674139062145,-0.10389196872711182,0.55528324842453,0.42334848642349243,-0.42898693680763245
process_visualization/Weather/h720/process_decomposition.csv,,,,,,,,,,,,,,,,,,,,,,,,,,,,,,,,,,,,,,,,,,,,,,,,,,,,,,,,,,,,,,,,,,,,,,,,,,,118,0.009767911272365969,-0.0023571252822875977,0.0033568940652500363,-0.0024619698524475098,0.0051599674139062145,-0.10378700494766235,0.5540893077850342,0.42026880383491516,-0.4266696274280548
process_visualization/Weather/h720/process_decomposition.csv,,,,,,,,,,,,,,,,,,,,,,,,,,,,,,,,,,,,,,,,,,,,,,,,,,,,,,,,,,,,,,,,,,,,,,,,,,,119,0.009767911272365969,-0.002421081066131592,0.0033568940652500363,-0.002484440803527832,0.0051599674139062145,-0.10453039407730103,0.5536791682243347,0.4213401675224304,-0.4197177290916443
process_visualization/Weather/h720/process_decomposition.csv,,,,,,,,,,,,,,,,,,,,,,,,,,,,,,,,,,,,,,,,,,,,,,,,,,,,,,,,,,,,,,,,,,,,,,,,,,,120,0.009767911272365969,-0.0023385286331176758,0.0033568940652500363,-0.002532362937927246,0.0051599674139062145,-0.1043086051940918,0.5528454184532166,0.4212694466114044,-0.4139244556427002
process_visualization/Weather/h720/process_decomposition.csv,,,,,,,,,,,,,,,,,,,,,,,,,,,,,,,,,,,,,,,,,,,,,,,,,,,,,,,,,,,,,,,,,,,,,,,,,,,121,0.009767911272365969,-0.002270996570587158,0.0033568940652500363,-0.0024692416191101074,0.0051599674139062145,-0.10443168878555298,0.5485079288482666,0.41728636622428894,-0.38148215413093567
process_visualization/Weather/h720/process_decomposition.csv,,,,,,,,,,,,,,,,,,,,,,,,,,,,,,,,,,,,,,,,,,,,,,,,,,,,,,,,,,,,,,,,,,,,,,,,,,,122,0.009767911272365969,-0.0023506879806518555,0.0033568940652500363,-0.0024412870407104492,0.0051599674139062145,-0.1042865514755249,0.5485155582427979,0.4169759452342987,-0.3756888806819916
process_visualization/Weather/h720/process_decomposition.csv,,,,,,,,,,,,,,,,,,,,,,,,,,,,,,,,,,,,,,,,,,,,,,,,,,,,,,,,,,,,,,,,,,,,,,,,,,,123,0.009767911272365969,-0.0023122429847717285,0.0033568940652500363,-0.0024574995040893555,0.0051599674139062145,-0.10406005382537842,0.5468519330024719,0.41340383887290955,-0.3837994635105133
process_visualization/Weather/h720/process_decomposition.csv,,,,,,,,,,,,,,,,,,,,,,,,,,,,,,,,,,,,,,,,,,,,,,,,,,,,,,,,,,,,,,,,,,,,,,,,,,,124,0.009767911272365969,-0.0023574233055114746,0.0033568940652500363,-0.002476036548614502,0.0051599674139062145,-0.10405594110488892,0.5462065935134888,0.4177350401878357,-0.40581387281417847
process_visualization/Weather/h720/process_decomposition.csv,,,,,,,,,,,,,,,,,,,,,,,,,,,,,,,,,,,,,,,,,,,,,,,,,,,,,,,,,,,,,,,,,,,,,,,,,,,125,0.009767911272365969,-0.002310037612915039,0.0033568940652500363,-0.0024771690368652344,0.0051599674139062145,-0.1036108136177063,0.5457108020782471,0.41899558901786804,-0.41044849157333374
process_visualization/Weather/h720/process_decomposition.csv,,,,,,,,,,,,,,,,,,,,,,,,,,,,,,,,,,,,,,,,,,,,,,,,,,,,,,,,,,,,,,,,,,,,,,,,,,,126,0.009767911272365969,-0.002300739288330078,0.0033568940652500363,-0.002446889877319336,0.0051599674139062145,-0.10298055410385132,0.5460301041603088,0.4208798408508301,-0.43014559149742126
process_visualization/Weather/h720/process_decomposition.csv,,,,,,,,,,,,,,,,,,,,,,,,,,,,,,,,,,,,,,,,,,,,,,,,,,,,,,,,,,,,,,,,,,,,,,,,,,,127,0.009767911272365969,-0.002308487892150879,0.0033568940652500363,-0.002469360828399658,0.0051599674139062145,-0.10309594869613647,0.5455294251441956,0.42007121443748474,-0.43478021025657654
process_visualization/Weather/h720/process_decomposition.csv,,,,,,,,,,,,,,,,,,,,,,,,,,,,,,,,,,,,,,,,,,,,,,,,,,,,,,,,,,,,,,,,,,,,,,,,,,,128,0.009767911272365969,-0.00232541561126709,0.0033568940652500363,-0.002472817897796631,0.0051599674139062145,-0.10270315408706665,0.5437244176864624,0.42290374636650085,-0.4452081024646759
process_visualization/Weather/h720/process_decomposition.csv,,,,,,,,,,,,,,,,,,,,,,,,,,,,,,,,,,,,,,,,,,,,,,,,,,,,,,,,,,,,,,,,,,,,,,,,,,,129,0.009767911272365969,-0.002376556396484375,0.0033568940652500363,-0.002590477466583252,0.0051599674139062145,-0.11069011688232422,0.5551347136497498,0.4474106431007385,-0.4440494477748871
process_visualization/Weather/h720/process_decomposition.csv,,,,,,,,,,,,,,,,,,,,,,,,,,,,,,,,,,,,,,,,,,,,,,,,,,,,,,,,,,,,,,,,,,,,,,,,,,,130,0.009767911272365969,-0.002366781234741211,0.0033568940652500363,-0.0025923848152160645,0.0051599674139062145,-0.11130619049072266,0.5544590950012207,0.4486067593097687,-0.44173213839530945
process_visualization/Weather/h720/process_decomposition.csv,,,,,,,,,,,,,,,,,,,,,,,,,,,,,,,,,,,,,,,,,,,,,,,,,,,,,,,,,,,,,,,,,,,,,,,,,,,131,0.009767911272365969,-0.0024445056915283203,0.0033568940652500363,-0.002569735050201416,0.0051599674139062145,-0.11191654205322266,0.5542485117912292,0.4503803253173828,-0.44868403673171997
process_visualization/Weather/h720/process_decomposition.csv,,,,,,,,,,,,,,,,,,,,,,,,,,,,,,,,,,,,,,,,,,,,,,,,,,,,,,,,,,,,,,,,,,,,,,,,,,,132,0.009767911272365969,-0.0024173855781555176,0.0033568940652500363,-0.002610445022583008,0.0051599674139062145,-0.1120336651802063,0.55015629529953,0.4496631622314453,-0.44057348370552063
process_visualization/Weather/h720/process_decomposition.csv,,,,,,,,,,,,,,,,,,,,,,,,,,,,,,,,,,,,,,,,,,,,,,,,,,,,,,,,,,,,,,,,,,,,,,,,,,,133,0.009767911272365969,-0.0024186372756958008,0.0033568940652500363,-0.0026438236236572266,0.0051599674139062145,-0.11233347654342651,0.549004077911377,0.4492381513118744,-0.42782828211784363
process_visualization/Weather/h720/process_decomposition.csv,,,,,,,,,,,,,,,,,,,,,,,,,,,,,,,,,,,,,,,,,,,,,,,,,,,,,,,,,,,,,,,,,,,,,,,,,,,134,0.009767911272365969,-0.002369701862335205,0.0033568940652500363,-0.0026622414588928223,0.0051599674139062145,-0.1123661994934082,0.5483589768409729,0.44788068532943726,-0.40581387281417847
process_visualization/Weather/h720/process_decomposition.csv,,,,,,,,,,,,,,,,,,,,,,,,,,,,,,,,,,,,,,,,,,,,,,,,,,,,,,,,,,,,,,,,,,,,,,,,,,,135,0.009767911272365969,-0.002399921417236328,0.0033568940652500363,-0.0026859641075134277,0.0051599674139062145,-0.11293703317642212,0.5474936366081238,0.4507185220718384,-0.3826408088207245
process_visualization/Weather/h720/process_decomposition.csv,,,,,,,,,,,,,,,,,,,,,,,,,,,,,,,,,,,,,,,,,,,,,,,,,,,,,,,,,,,,,,,,,,,,,,,,,,,136,0.009767911272365969,-0.002346515655517578,0.0033568940652500363,-0.0027143359184265137,0.0051599674139062145,-0.11328840255737305,0.5467479825019836,0.4541737735271454,-0.36178505420684814
process_visualization/Weather/h720/process_decomposition.csv,,,,,,,,,,,,,,,,,,,,,,,,,,,,,,,,,,,,,,,,,,,,,,,,,,,,,,,,,,,,,,,,,,,,,,,,,,,137,0.009767911272365969,-0.0024071335792541504,0.0033568940652500363,-0.0026769638061523438,0.0051599674139062145,-0.11351668834686279,0.5445634722709656,0.4486304819583893,-0.35599178075790405
process_visualization/Weather/h720/process_decomposition.csv,,,,,,,,,,,,,,,,,,,,,,,,,,,,,,,,,,,,,,,,,,,,,,,,,,,,,,,,,,,,,,,,,,,,,,,,,,,138,0.009767911272365969,-0.002403438091278076,0.0033568940652500363,-0.0026865005493164062,0.0051599674139062145,-0.11328661441802979,0.5445169806480408,0.4502076208591461,-0.339770644903183
process_visualization/Weather/h720/process_decomposition.csv,,,,,,,,,,,,,,,,,,,,,,,,,,,,,,,,,,,,,,,,,,,,,,,,,,,,,,,,,,,,,,,,,,,,,,,,,,,139,0.009767911272365969,-0.0024407505989074707,0.0033568940652500363,-0.0026557445526123047,0.0051599674139062145,-0.11369562149047852,0.5439400672912598,0.4520026743412018,-0.33629468083381653
process_visualization/Weather/h720/process_decomposition.csv,,,,,,,,,,,,,,,,,,,,,,,,,,,,,,,,,,,,,,,,,,,,,,,,,,,,,,,,,,,,,,,,,,,,,,,,,,,140,0.009767911272365969,-0.0024306178092956543,0.0033568940652500363,-0.002682983875274658,0.0051599674139062145,-0.1135302186012268,0.5422605872154236,0.4562000632286072,-0.3351360261440277
process_visualization/Weather/h720/process_decomposition.csv,,,,,,,,,,,,,,,,,,,,,,,,,,,,,,,,,,,,,,,,,,,,,,,,,,,,,,,,,,,,,,,,,,,,,,,,,,,141,0.009767911272365969,-0.0024042129516601562,0.0033568940652500363,-0.0026996731758117676,0.0051599674139062145,-0.11324524879455566,0.5413114428520203,0.4569215774536133,-0.33629468083381653
process_visualization/Weather/h720/process_decomposition.csv,,,,,,,,,,,,,,,,,,,,,,,,,,,,,,,,,,,,,,,,,,,,,,,,,,,,,,,,,,,,,,,,,,,,,,,,,,,142,0.009767911272365969,-0.002428412437438965,0.0033568940652500363,-0.002734243869781494,0.0051599674139062145,-0.11417216062545776,0.5387187600135803,0.4626081883907318,-0.3467225730419159
process_visualization/Weather/h720/process_decomposition.csv,,,,,,,,,,,,,,,,,,,,,,,,,,,,,,,,,,,,,,,,,,,,,,,,,,,,,,,,,,,,,,,,,,,,,,,,,,,143,0.009767911272365969,-0.0023949742317199707,0.0033568940652500363,-0.0027492642402648926,0.0051599674139062145,-0.11398005485534668,0.5372108817100525,0.46232911944389343,-0.3409292995929718
process_visualization/Weather/h720/process_decomposition.csv,,,,,,,,,,,,,,,,,,,,,,,,,,,,,,,,,,,,,,,,,,,,,,,,,,,,,,,,,,,,,,,,,,,,,,,,,,,144,0.009767911272365969,-0.0024408698081970215,0.0033568940652500363,-0.0027286410331726074,0.0051599674139062145,-0.11363494396209717,0.5360678434371948,0.4676305651664734,-0.34324660897254944
process_visualization/Weather/h720/process_decomposition.csv,,,,,,,,,,,,,,,,,,,,,,,,,,,,,,,,,,,,,,,,,,,,,,,,,,,,,,,,,,,,,,,,,,,,,,,,,,,145,0.009767911272365969,-0.0024268627166748047,0.0033568940652500363,-0.0029772520065307617,0.0051599674139062145,-0.11926621198654175,0.5444150567054749,0.48943156003952026,-0.3467225730419159
process_visualization/Weather/h720/process_decomposition.csv,,,,,,,,,,,,,,,,,,,,,,,,,,,,,,,,,,,,,,,,,,,,,,,,,,,,,,,,,,,,,,,,,,,,,,,,,,,146,0.009767911272365969,-0.0025107264518737793,0.0033568940652500363,-0.002974212169647217,0.0051599674139062145,-0.1200980544090271,0.5451852679252625,0.48792025446891785,-0.33861199021339417
process_visualization/Weather/h720/process_decomposition.csv,,,,,,,,,,,,,,,,,,,,,,,,,,,,,,,,,,,,,,,,,,,,,,,,,,,,,,,,,,,,,,,,,,,,,,,,,,,147,0.009767911272365969,-0.0025281310081481934,0.0033568940652500363,-0.0030001401901245117,0.0051599674139062145,-0.12056303024291992,0.5435061454772949,0.4903506636619568,-0.3467225730419159
process_visualization/Weather/h720/process_decomposition.csv,,,,,,,,,,,,,,,,,,,,,,,,,,,,,,,,,,,,,,,,,,,,,,,,,,,,,,,,,,,,,,,,,,,,,,,,,,,148,0.009767911272365969,-0.0024950504302978516,0.0033568940652500363,-0.003004312515258789,0.0051599674139062145,-0.12055075168609619,0.5417528748512268,0.49644967913627625,-0.3420879542827606
process_visualization/Weather/h720/process_decomposition.csv,,,,,,,,,,,,,,,,,,,,,,,,,,,,,,,,,,,,,,,,,,,,,,,,,,,,,,,,,,,,,,,,,,,,,,,,,,,149,0.009767911272365969,-0.0025043487548828125,0.0033568940652500363,-0.003004014492034912,0.0051599674139062145,-0.12093037366867065,0.5413411259651184,0.497235506772995,-0.3281840980052948
process_visualization/Weather/h720/process_decomposition.csv,,,,,,,,,,,,,,,,,,,,,,,,,,,,,,,,,,,,,,,,,,,,,,,,,,,,,,,,,,,,,,,,,,,,,,,,,,,150,0.009767911272365969,-0.0024986863136291504,0.0033568940652500363,-0.0029848814010620117,0.0051599674139062145,-0.12082177400588989,0.5423383116722107,0.5011665225028992,-0.32586681842803955
process_visualization/Weather/h720/process_decomposition.csv,,,,,,,,,,,,,,,,,,,,,,,,,,,,,,,,,,,,,,,,,,,,,,,,,,,,,,,,,,,,,,,,,,,,,,,,,,,151,0.009767911272365969,-0.0025048255920410156,0.0033568940652500363,-0.003038942813873291,0.0051599674139062145,-0.12160003185272217,0.5417962074279785,0.507458508014679,-0.32470816373825073
process_visualization/Weather/h720/process_decomposition.csv,,,,,,,,,,,,,,,,,,,,,,,,,,,,,,,,,,,,,,,,,,,,,,,,,,,,,,,,,,,,,,,,,,,,,,,,,,,152,0.009767911272365969,-0.0025184154510498047,0.0033568940652500363,-0.00302278995513916,0.0051599674139062145,-0.12121814489364624,0.5416311025619507,0.5131125450134277,-0.3212321996688843
process_visualization/Weather/h720/process_decomposition.csv,,,,,,,,,,,,,,,,,,,,,,,,,,,,,,,,,,,,,,,,,,,,,,,,,,,,,,,,,,,,,,,,,,,,,,,,,,,153,0.009767911272365969,-0.002533555030822754,0.0033568940652500363,-0.0030120015144348145,0.0051599674139062145,-0.12141889333724976,0.5411168932914734,0.5256334543228149,-0.3177562355995178
process_visualization/Weather/h720/process_decomposition.csv,,,,,,,,,,,,,,,,,,,,,,,,,,,,,,,,,,,,,,,,,,,,,,,,,,,,,,,,,,,,,,,,,,,,,,,,,,,154,0.009767911272365969,-0.0025445222854614258,0.0033568940652500363,-0.002981245517730713,0.0051599674139062145,-0.12133187055587769,0.5432473421096802,0.5286419987678528,-0.3293427526950836
process_visualization/Weather/h720/process_decomposition.csv,,,,,,,,,,,,,,,,,,,,,,,,,,,,,,,,,,,,,,,,,,,,,,,,,,,,,,,,,,,,,,,,,,,,,,,,,,,155,0.009767911272365969,-0.0025310516357421875,0.0033568940652500363,-0.003011047840118408,0.0051599674139062145,-0.12119156122207642,0.5421542525291443,0.5326813459396362,-0.3328187167644501
process_visualization/Weather/h720/process_decomposition.csv,,,,,,,,,,,,,,,,,,,,,,,,,,,,,,,,,,,,,,,,,,,,,,,,,,,,,,,,,,,,,,,,,,,,,,,,,,,156,0.009767911272365969,-0.0025569796562194824,0.0033568940652500363,-0.002962946891784668,0.0051599674139062145,-0.12113302946090698,0.5420106649398804,0.5419042110443115,-0.316597580909729
process_visualization/Weather/h720/process_decomposition.csv,,,,,,,,,,,,,,,,,,,,,,,,,,,,,,,,,,,,,,,,,,,,,,,,,,,,,,,,,,,,,,,,,,,,,,,,,,,157,0.009767911272365969,-0.002470672130584717,0.0033568940652500363,-0.003008246421813965,0.0051599674139062145,-0.12070006132125854,0.5410897135734558,0.5430139303207397,-0.3235495090484619
process_visualization/Weather/h720/process_decomposition.csv,,,,,,,,,,,,,,,,,,,,,,,,,,,,,,,,,,,,,,,,,,,,,,,,,,,,,,,,,,,,,,,,,,,,,,,,,,,158,0.009767911272365969,-0.0024446845054626465,0.0033568940652500363,-0.0029993653297424316,0.0051599674139062145,-0.12019854784011841,0.5405595898628235,0.5470458269119263,-0.34324660897254944
process_visualization/Weather/h720/process_decomposition.csv,,,,,,,,,,,,,,,,,,,,,,,,,,,,,,,,,,,,,,,,,,,,,,,,,,,,,,,,,,,,,,,,,,,,,,,,,,,159,0.009767911272365969,-0.0024611949920654297,0.0033568940652500363,-0.0030189156532287598,0.0051599674139062145,-0.12032657861709595,0.5393372774124146,0.553064227104187,-0.3953860104084015
process_visualization/Weather/h720/process_decomposition.csv,,,,,,,,,,,,,,,,,,,,,,,,,,,,,,,,,,,,,,,,,,,,,,,,,,,,,,,,,,,,,,,,,,,,,,,,,,,160,0.009767911272365969,-0.0024793148040771484,0.0033568940652500363,-0.003003060817718506,0.0051599674139062145,-0.11967694759368896,0.5391442179679871,0.5567454099655151,-0.41044849157333374
process_visualization/Weather/h720/process_decomposition.csv,,,,,,,,,,,,,,,,,,,,,,,,,,,,,,,,,,,,,,,,,,,,,,,,,,,,,,,,,,,,,,,,,,,,,,,,,,,161,0.009767911272365969,-0.0028271079063415527,0.0033568940652500363,-0.0035880208015441895,0.0051599674139062145,-0.13020867109298706,0.5274546146392822,0.5697693228721619,-0.35715043544769287
process_visualization/Weather/h720/process_decomposition.csv,,,,,,,,,,,,,,,,,,,,,,,,,,,,,,,,,,,,,,,,,,,,,,,,,,,,,,,,,,,,,,,,,,,,,,,,,,,162,0.009767911272365969,-0.002798736095428467,0.0033568940652500363,-0.0036045312881469727,0.0051599674139062145,-0.13061755895614624,0.5280898809432983,0.5726181268692017,-0.3525158166885376
process_visualization/Weather/h720/process_decomposition.csv,,,,,,,,,,,,,,,,,,,,,,,,,,,,,,,,,,,,,,,,,,,,,,,,,,,,,,,,,,,,,,,,,,,,,,,,,,,163,0.009767911272365969,-0.0028531551361083984,0.0033568940652500363,-0.003612816333770752,0.0051599674139062145,-0.1314765214920044,0.5268113613128662,0.5772861838340759,-0.37337160110473633
process_visualization/Weather/h720/process_decomposition.csv,,,,,,,,,,,,,,,,,,,,,,,,,,,,,,,,,,,,,,,,,,,,,,,,,,,,,,,,,,,,,,,,,,,,,,,,,,,164,0.009767911272365969,-0.002752542495727539,0.0033568940652500363,-0.0036434531211853027,0.0051599674139062145,-0.13148868083953857,0.5272339582443237,0.5828281044960022,-0.3907513916492462
process_visualization/Weather/h720/process_decomposition.csv,,,,,,,,,,,,,,,,,,,,,,,,,,,,,,,,,,,,,,,,,,,,,,,,,,,,,,,,,,,,,,,,,,,,,,,,,,,165,0.009767911272365969,-0.0028542280197143555,0.0033568940652500363,-0.003641963005065918,0.0051599674139062145,-0.1318773627281189,0.5250597596168518,0.5856305360794067,-0.3953860104084015
process_visualization/Weather/h720/process_decomposition.csv,,,,,,,,,,,,,,,,,,,,,,,,,,,,,,,,,,,,,,,,,,,,,,,,,,,,,,,,,,,,,,,,,,,,,,,,,,,166,0.009767911272365969,-0.0028507113456726074,0.0033568940652500363,-0.003595590591430664,0.0051599674139062145,-0.1318269968032837,0.5272241234779358,0.5899887084960938,-0.3953860104084015
process_visualization/Weather/h720/process_decomposition.csv,,,,,,,,,,,,,,,,,,,,,,,,,,,,,,,,,,,,,,,,,,,,,,,,,,,,,,,,,,,,,,,,,,,,,,,,,,,167,0.009767911272365969,-0.0028052926063537598,0.0033568940652500363,-0.003648817539215088,0.0051599674139062145,-0.13240593671798706,0.5264261960983276,0.5910813212394714,-0.4127658009529114
process_visualization/Weather/h720/process_decomposition.csv,,,,,,,,,,,,,,,,,,,,,,,,,,,,,,,,,,,,,,,,,,,,,,,,,,,,,,,,,,,,,,,,,,,,,,,,,,,168,0.009767911272365969,-0.002891719341278076,0.0033568940652500363,-0.0036058425903320312,0.0051599674139062145,-0.1321825385093689,0.5277478694915771,0.5974753499031067,-0.4220350384712219
process_visualization/Weather/h720/process_decomposition.csv,,,,,,,,,,,,,,,,,,,,,,,,,,,,,,,,,,,,,,,,,,,,,,,,,,,,,,,,,,,,,,,,,,,,,,,,,,,169,0.009767911272365969,-0.0028066039085388184,0.0033568940652500363,-0.0036289095878601074,0.0051599674139062145,-0.13229483366012573,0.5286952257156372,0.6015710830688477,-0.4463667571544647
process_visualization/Weather/h720/process_decomposition.csv,,,,,,,,,,,,,,,,,,,,,,,,,,,,,,,,,,,,,,,,,,,,,,,,,,,,,,,,,,,,,,,,,,,,,,,,,,,170,0.009767911272365969,-0.002852916717529297,0.0033568940652500363,-0.003617227077484131,0.0051599674139062145,-0.13201284408569336,0.5285972356796265,0.60349041223526,-0.461429238319397
process_visualization/Weather/h720/process_decomposition.csv,,,,,,,,,,,,,,,,,,,,,,,,,,,,,,,,,,,,,,,,,,,,,,,,,,,,,,,,,,,,,,,,,,,,,,,,,,,171,0.009767911272365969,-0.0028041601181030273,0.0033568940652500363,-0.0036463141441345215,0.0051599674139062145,-0.13242179155349731,0.5294179320335388,0.6044977903366089,-0.4753330647945404
process_visualization/Weather/h720/process_decomposition.csv,,,,,,,,,,,,,,,,,,,,,,,,,,,,,,,,,,,,,,,,,,,,,,,,,,,,,,,,,,,,,,,,,,,,,,,,,,,172,0.009767911272365969,-0.002804875373840332,0.0033568940652500363,-0.003573596477508545,0.0051599674139062145,-0.13196587562561035,0.5302379131317139,0.6052554845809937,-0.4892369210720062
process_visualization/Weather/h720/process_decomposition.csv,,,,,,,,,,,,,,,,,,,,,,,,,,,,,,,,,,,,,,,,,,,,,,,,,,,,,,,,,,,,,,,,,,,,,,,,,,,173,0.009767911272365969,-0.002842426300048828,0.0033568940652500363,-0.003606855869293213,0.0051599674139062145,-0.1314758062362671,0.5315108895301819,0.6025556325912476,-0.4996647834777832
process_visualization/Weather/h720/process_decomposition.csv,,,,,,,,,,,,,,,,,,,,,,,,,,,,,,,,,,,,,,,,,,,,,,,,,,,,,,,,,,,,,,,,,,,,,,,,,,,174,0.009767911272365969,-0.0028807520866394043,0.0033568940652500363,-0.00362318754196167,0.0051599674139062145,-0.1321079134941101,0.5300049185752869,0.6125008463859558,-0.5054580569267273
process_visualization/Weather/h720/process_decomposition.csv,,,,,,,,,,,,,,,,,,,,,,,,,,,,,,,,,,,,,,,,,,,,,,,,,,,,,,,,,,,,,,,,,,,,,,,,,,,175,0.009767911272365969,-0.002822697162628174,0.0033568940652500363,-0.0036070942878723145,0.0051599674139062145,-0.13175606727600098,0.530834436416626,0.6169993877410889,-0.5124099850654602
process_visualization/Weather/h720/process_decomposition.csv,,,,,,,,,,,,,,,,,,,,,,,,,,,,,,,,,,,,,,,,,,,,,,,,,,,,,,,,,,,,,,,,,,,,,,,,,,,176,0.009767911272365969,-0.002800166606903076,0.0033568940652500363,-0.0035979151725769043,0.0051599674139062145,-0.1309831738471985,0.5294802784919739,0.616715669631958,-0.5239965319633484
process_visualization/Weather/h720/process_decomposition.csv,,,,,,,,,,,,,,,,,,,,,,,,,,,,,,,,,,,,,,,,,,,,,,,,,,,,,,,,,,,,,,,,,,,,,,,,,,,177,0.009767911272365969,-0.0028806328773498535,0.0033568940652500363,-0.004134953022003174,0.0051599674139062145,-0.125760018825531,0.5117402076721191,0.6156070828437805,-0.5425349473953247
process_visualization/Weather/h720/process_decomposition.csv,,,,,,,,,,,,,,,,,,,,,,,,,,,,,,,,,,,,,,,,,,,,,,,,,,,,,,,,,,,,,,,,,,,,,,,,,,,178,0.009767911272365969,-0.002811133861541748,0.0033568940652500363,-0.004197657108306885,0.0051599674139062145,-0.12610381841659546,0.5114626884460449,0.6113560199737549,-0.5413762927055359
process_visualization/Weather/h720/process_decomposition.csv,,,,,,,,,,,,,,,,,,,,,,,,,,,,,,,,,,,,,,,,,,,,,,,,,,,,,,,,,,,,,,,,,,,,,,,,,,,179,0.009767911272365969,-0.0028047561645507812,0.0033568940652500363,-0.004196763038635254,0.0051599674139062145,-0.12618356943130493,0.5121492147445679,0.6057169437408447,-0.5402176380157471
process_visualization/Weather/h720/process_decomposition.csv,,,,,,,,,,,,,,,,,,,,,,,,,,,,,,,,,,,,,,,,,,,,,,,,,,,,,,,,,,,,,,,,,,,,,,,,,,,180,0.009767911272365969,-0.002831757068634033,0.0033568940652500363,-0.004149138927459717,0.0051599674139062145,-0.12587577104568481,0.5117619037628174,0.6060318946838379,-0.5390589833259583
process_visualization/Weather/h720/process_decomposition.csv,,,,,,,,,,,,,,,,,,,,,,,,,,,,,,,,,,,,,,,,,,,,,,,,,,,,,,,,,,,,,,,,,,,,,,,,,,,181,0.009767911272365969,-0.002892613410949707,0.0033568940652500363,-0.004111051559448242,0.0051599674139062145,-0.12602144479751587,0.5124260187149048,0.6064217686653137,-0.5367416739463806
process_visualization/Weather/h720/process_decomposition.csv,,,,,,,,,,,,,,,,,,,,,,,,,,,,,,,,,,,,,,,,,,,,,,,,,,,,,,,,,,,,,,,,,,,,,,,,,,,182,0.009767911272365969,-0.0029616355895996094,0.0033568940652500363,-0.004059731960296631,0.0051599674139062145,-0.1257069706916809,0.5141730308532715,0.5994207859039307,-0.5448522567749023
process_visualization/Weather/h720/process_decomposition.csv,,,,,,,,,,,,,,,,,,,,,,,,,,,,,,,,,,,,,,,,,,,,,,,,,,,,,,,,,,,,,,,,,,,,,,,,,,,183,0.009767911272365969,-0.002968728542327881,0.0033568940652500363,-0.004066944122314453,0.0051599674139062145,-0.12612736225128174,0.5166287422180176,0.5992847681045532,-0.5587561130523682
process_visualization/Weather/h720/process_decomposition.csv,,,,,,,,,,,,,,,,,,,,,,,,,,,,,,,,,,,,,,,,,,,,,,,,,,,,,,,,,,,,,,,,,,,,,,,,,,,184,0.009767911272365969,-0.0029221177101135254,0.0033568940652500363,-0.0040645599365234375,0.0051599674139062145,-0.1255849003791809,0.5189701318740845,0.5984875559806824,-0.559914767742157
process_visualization/Weather/h720/process_decomposition.csv,,,,,,,,,,,,,,,,,,,,,,,,,,,,,,,,,,,,,,,,,,,,,,,,,,,,,,,,,,,,,,,,,,,,,,,,,,,185,0.009767911272365969,-0.002876877784729004,0.0033568940652500363,-0.004102647304534912,0.0051599674139062145,-0.12579160928726196,0.5199182629585266,0.5970093607902527,-0.5633907318115234
process_visualization/Weather/h720/process_decomposition.csv,,,,,,,,,,,,,,,,,,,,,,,,,,,,,,,,,,,,,,,,,,,,,,,,,,,,,,,,,,,,,,,,,,,,,,,,,,,186,0.009767911272365969,-0.00283658504486084,0.0033568940652500363,-0.004075348377227783,0.0051599674139062145,-0.12556880712509155,0.5213803052902222,0.5975480079650879,-0.5633907318115234
process_visualization/Weather/h720/process_decomposition.csv,,,,,,,,,,,,,,,,,,,,,,,,,,,,,,,,,,,,,,,,,,,,,,,,,,,,,,,,,,,,,,,,,,,,,,,,,,,187,0.009767911272365969,-0.0029597878456115723,0.0033568940652500363,-0.004017949104309082,0.0051599674139062145,-0.12516504526138306,0.5232104063034058,0.5988810658454895,-0.5738186240196228
process_visualization/Weather/h720/process_decomposition.csv,,,,,,,,,,,,,,,,,,,,,,,,,,,,,,,,,,,,,,,,,,,,,,,,,,,,,,,,,,,,,,,,,,,,,,,,,,,188,0.009767911272365969,-0.002895176410675049,0.0033568940652500363,-0.003992795944213867,0.0051599674139062145,-0.12503725290298462,0.5246130228042603,0.6017826795578003,-0.5877224206924438
process_visualization/Weather/h720/process_decomposition.csv,,,,,,,,,,,,,,,,,,,,,,,,,,,,,,,,,,,,,,,,,,,,,,,,,,,,,,,,,,,,,,,,,,,,,,,,,,,189,0.009767911272365969,-0.0029210448265075684,0.0033568940652500363,-0.0039817094802856445,0.0051599674139062145,-0.12432509660720825,0.527079164981842,0.601495623588562,-0.5969916582107544
process_visualization/Weather/h720/process_decomposition.csv,,,,,,,,,,,,,,,,,,,,,,,,,,,,,,,,,,,,,,,,,,,,,,,,,,,,,,,,,,,,,,,,,,,,,,,,,,,190,0.009767911272365969,-0.002790987491607666,0.0033568940652500363,-0.0039765238761901855,0.0051599674139062145,-0.1234930157661438,0.5275193452835083,0.6022470593452454,-0.5958330035209656
process_visualization/Weather/h720/process_decomposition.csv,,,,,,,,,,,,,,,,,,,,,,,,,,,,,,,,,,,,,,,,,,,,,,,,,,,,,,,,,,,,,,,,,,,,,,,,,,,191,0.009767911272365969,-0.002910614013671875,0.0033568940652500363,-0.0038962364196777344,0.0051599674139062145,-0.1235203742980957,0.5285956859588623,0.6032693386077881,-0.6166887879371643
process_visualization/Weather/h720/process_decomposition.csv,,,,,,,,,,,,,,,,,,,,,,,,,,,,,,,,,,,,,,,,,,,,,,,,,,,,,,,,,,,,,,,,,,,,,,,,,,,192,0.009767911272365969,-0.0028339028358459473,0.0033568940652500363,-0.0039103031158447266,0.0051599674139062145,-0.12255758047103882,0.5303409099578857,0.6070617437362671,-0.6514483690261841
process_visualization/Weather/h720/process_decomposition.csv,,,,,,,,,,,,,,,,,,,,,,,,,,,,,,,,,,,,,,,,,,,,,,,,,,,,,,,,,,,,,,,,,,,,,,,,,,,193,0.009767911272365969,-0.003168463706970215,0.0033568940652500363,-0.004334211349487305,0.0051599674139062145,-0.1281071901321411,0.5023224353790283,0.6045997738838196,-0.6699868440628052
process_visualization/Weather/h720/process_decomposition.csv,,,,,,,,,,,,,,,,,,,,,,,,,,,,,,,,,,,,,,,,,,,,,,,,,,,,,,,,,,,,,,,,,,,,,,,,,,,194,0.009767911272365969,-0.003023862838745117,0.0033568940652500363,-0.0043534040451049805,0.0051599674139062145,-0.12771308422088623,0.5015082359313965,0.6016491651535034,-0.6815733313560486
process_visualization/Weather/h720/process_decomposition.csv,,,,,,,,,,,,,,,,,,,,,,,,,,,,,,,,,,,,,,,,,,,,,,,,,,,,,,,,,,,,,,,,,,,,,,,,,,,195,0.009767911272365969,-0.003104686737060547,0.0033568940652500363,-0.004313349723815918,0.0051599674139062145,-0.12782931327819824,0.5028523206710815,0.6070950627326965,-0.710539698600769
process_visualization/Weather/h720/process_decomposition.csv,,,,,,,,,,,,,,,,,,,,,,,,,,,,,,,,,,,,,,,,,,,,,,,,,,,,,,,,,,,,,,,,,,,,,,,,,,,196,0.009767911272365969,-0.003169834613800049,0.0033568940652500363,-0.004265785217285156,0.0051599674139062145,-0.12720268964767456,0.5017772912979126,0.6030806303024292,-0.697794497013092
process_visualization/Weather/h720/process_decomposition.csv,,,,,,,,,,,,,,,,,,,,,,,,,,,,,,,,,,,,,,,,,,,,,,,,,,,,,,,,,,,,,,,,,,,,,,,,,,,197,0.009767911272365969,-0.003061056137084961,0.0033568940652500363,-0.004312276840209961,0.0051599674139062145,-0.1273258924484253,0.5023974776268005,0.6101762056350708,-0.7012704610824585
process_visualization/Weather/h720/process_decomposition.csv,,,,,,,,,,,,,,,,,,,,,,,,,,,,,,,,,,,,,,,,,,,,,,,,,,,,,,,,,,,,,,,,,,,,,,,,,,,198,0.009767911272365969,-0.0030934810638427734,0.0033568940652500363,-0.0042498111724853516,0.0051599674139062145,-0.12705445289611816,0.5051682591438293,0.6090983748435974,-0.6896839141845703
process_visualization/Weather/h720/process_decomposition.csv,,,,,,,,,,,,,,,,,,,,,,,,,,,,,,,,,,,,,,,,,,,,,,,,,,,,,,,,,,,,,,,,,,,,,,,,,,,199,0.009767911272365969,-0.00309830904006958,0.0033568940652500363,-0.004204392433166504,0.0051599674139062145,-0.12703686952590942,0.5063891410827637,0.6133132576942444,-0.7001118063926697
process_visualization/Weather/h720/process_decomposition.csv,,,,,,,,,,,,,,,,,,,,,,,,,,,,,,,,,,,,,,,,,,,,,,,,,,,,,,,,,,,,,,,,,,,,,,,,,,,200,0.009767911272365969,-0.00313723087310791,0.0033568940652500363,-0.004174470901489258,0.0051599674139062145,-0.12678784132003784,0.5093560814857483,0.6150885224342346,-0.7070637345314026
process_visualization/Weather/h720/process_decomposition.csv,,,,,,,,,,,,,,,,,,,,,,,,,,,,,,,,,,,,,,,,,,,,,,,,,,,,,,,,,,,,,,,,,,,,,,,,,,,201,0.009767911272365969,-0.003056168556213379,0.0033568940652500363,-0.004239082336425781,0.0051599674139062145,-0.12653297185897827,0.5127109289169312,0.6106072664260864,-0.7128570079803467
process_visualization/Weather/h720/process_decomposition.csv,,,,,,,,,,,,,,,,,,,,,,,,,,,,,,,,,,,,,,,,,,,,,,,,,,,,,,,,,,,,,,,,,,,,,,,,,,,202,0.009767911272365969,-0.003103494644165039,0.0033568940652500363,-0.004222393035888672,0.0051599674139062145,-0.12612861394882202,0.5128718614578247,0.6128963828086853,-0.7209675908088684
process_visualization/Weather/h720/process_decomposition.csv,,,,,,,,,,,,,,,,,,,,,,,,,,,,,,,,,,,,,,,,,,,,,,,,,,,,,,,,,,,,,,,,,,,,,,,,,,,203,0.009767911272365969,-0.00311279296875,0.0033568940652500363,-0.004212677478790283,0.0051599674139062145,-0.12648314237594604,0.5146044492721558,0.6199687719345093,-0.7267608046531677
process_visualization/Weather/h720/process_decomposition.csv,,,,,,,,,,,,,,,,,,,,,,,,,,,,,,,,,,,,,,,,,,,,,,,,,,,,,,,,,,,,,,,,,,,,,,,,,,,204,0.009767911272365969,-0.003138244152069092,0.0033568940652500363,-0.004149973392486572,0.0051599674139062145,-0.12602508068084717,0.5172858238220215,0.6278430223464966,-0.731395423412323
process_visualization/Weather/h720/process_decomposition.csv,,,,,,,,,,,,,,,,,,,,,,,,,,,,,,,,,,,,,,,,,,,,,,,,,,,,,,,,,,,,,,,,,,,,,,,,,,,205,0.009767911272365969,-0.0031879544258117676,0.0033568940652500363,-0.004087269306182861,0.0051599674139062145,-0.12518846988677979,0.5191234350204468,0.6310304403305054,-0.7267608046531677
process_visualization/Weather/h720/process_decomposition.csv,,,,,,,,,,,,,,,,,,,,,,,,,,,,,,,,,,,,,,,,,,,,,,,,,,,,,,,,,,,,,,,,,,,,,,,,,,,206,0.009767911272365969,-0.003187835216522217,0.0033568940652500363,-0.004090726375579834,0.0051599674139062145,-0.12554430961608887,0.5199377536773682,0.6271847486495972,-0.7337127327919006
process_visualization/Weather/h720/process_decomposition.csv,,,,,,,,,,,,,,,,,,,,,,,,,,,,,,,,,,,,,,,,,,,,,,,,,,,,,,,,,,,,,,,,,,,,,,,,,,,207,0.009767911272365969,-0.003202676773071289,0.0033568940652500363,-0.004024982452392578,0.0051599674139062145,-0.1252782940864563,0.5211386680603027,0.6347001194953918,-0.7371886968612671
process_visualization/Weather/h720/process_decomposition.csv,,,,,,,,,,,,,,,,,,,,,,,,,,,,,,,,,,,,,,,,,,,,,,,,,,,,,,,,,,,,,,,,,,,,,,,,,,,208,0.009767911272365969,-0.003142237663269043,0.0033568940652500363,-0.004013001918792725,0.0051599674139062145,-0.12436515092849731,0.5206390023231506,0.638890266418457,-0.7522512078285217
process_visualization/Weather/h720/process_decomposition.csv,,,,,,,,,,,,,,,,,,,,,,,,,,,,,,,,,,,,,,,,,,,,,,,,,,,,,,,,,,,,,,,,,,,,,,,,,,,209,0.009767911272365969,-0.0030599236488342285,0.0033568940652500363,-0.0039525628089904785,0.0051599674139062145,-0.1208200454711914,0.5100367665290833,0.6199869513511658,-0.7603617906570435
process_visualization/Weather/h720/process_decomposition.csv,,,,,,,,,,,,,,,,,,,,,,,,,,,,,,,,,,,,,,,,,,,,,,,,,,,,,,,,,,,,,,,,,,,,,,,,,,,210,0.009767911272365969,-0.003035128116607666,0.0033568940652500363,-0.003951370716094971,0.0051599674139062145,-0.12074357271194458,0.5103389620780945,0.6167995929718018,-0.7592031359672546
process_visualization/Weather/h720/process_decomposition.csv,,,,,,,,,,,,,,,,,,,,,,,,,,,,,,,,,,,,,,,,,,,,,,,,,,,,,,,,,,,,,,,,,,,,,,,,,,,211,0.009767911272365969,-0.0031664371490478516,0.0033568940652500363,-0.0038740038871765137,0.0051599674139062145,-0.12032592296600342,0.5122745037078857,0.6172261834144592,-0.7603617906570435
process_visualization/Weather/h720/process_decomposition.csv,,,,,,,,,,,,,,,,,,,,,,,,,,,,,,,,,,,,,,,,,,,,,,,,,,,,,,,,,,,,,,,,,,,,,,,,,,,212,0.009767911272365969,-0.0030968189239501953,0.0033568940652500363,-0.0038360953330993652,0.0051599674139062145,-0.11975717544555664,0.5135660171508789,0.6186829209327698,-0.7684723734855652
process_visualization/Weather/h720/process_decomposition.csv,,,,,,,,,,,,,,,,,,,,,,,,,,,,,,,,,,,,,,,,,,,,,,,,,,,,,,,,,,,,,,,,,,,,,,,,,,,213,0.009767911272365969,-0.0031173229217529297,0.0033568940652500363,-0.003831923007965088,0.0051599674139062145,-0.11984235048294067,0.5126426219940186,0.62501060962677,-0.7510925531387329
process_visualization/Weather/h720/process_decomposition.csv,,,,,,,,,,,,,,,,,,,,,,,,,,,,,,,,,,,,,,,,,,,,,,,,,,,,,,,,,,,,,,,,,,,,,,,,,,,214,0.009767911272365969,-0.0031275153160095215,0.0033568940652500363,-0.0037994980812072754,0.0051599674139062145,-0.11946237087249756,0.5132539868354797,0.6232753992080688,-0.744140625
process_visualization/Weather/h720/process_decomposition.csv,,,,,,,,,,,,,,,,,,,,,,,,,,,,,,,,,,,,,,,,,,,,,,,,,,,,,,,,,,,,,,,,,,,,,,,,,,,215,0.009767911272365969,-0.003133714199066162,0.0033568940652500363,-0.0037878751754760742,0.0051599674139062145,-0.11985123157501221,0.515553891658783,0.6280285716056824,-0.7545685172080994
process_visualization/Weather/h720/process_decomposition.csv,,,,,,,,,,,,,,,,,,,,,,,,,,,,,,,,,,,,,,,,,,,,,,,,,,,,,,,,,,,,,,,,,,,,,,,,,,,216,0.009767911272365969,-0.0031983256340026855,0.0033568940652500363,-0.003750026226043701,0.0051599674139062145,-0.11935335397720337,0.5180315971374512,0.6279188990592957,-0.7592031359672546
process_visualization/Weather/h720/process_decomposition.csv,,,,,,,,,,,,,,,,,,,,,,,,,,,,,,,,,,,,,,,,,,,,,,,,,,,,,,,,,,,,,,,,,,,,,,,,,,,217,0.009767911272365969,-0.003159821033477783,0.0033568940652500363,-0.003748297691345215,0.0051599674139062145,-0.11889475584030151,0.5217319130897522,0.6337123513221741,-0.7638377547264099
process_visualization/Weather/h720/process_decomposition.csv,,,,,,,,,,,,,,,,,,,,,,,,,,,,,,,,,,,,,,,,,,,,,,,,,,,,,,,,,,,,,,,,,,,,,,,,,,,218,0.009767911272365969,-0.0031621456146240234,0.0033568940652500363,-0.003746211528778076,0.0051599674139062145,-0.11882078647613525,0.522376298904419,0.6331632137298584,-0.7707896828651428
process_visualization/Weather/h720/process_decomposition.csv,,,,,,,,,,,,,,,,,,,,,,,,,,,,,,,,,,,,,,,,,,,,,,,,,,,,,,,,,,,,,,,,,,,,,,,,,,,219,0.009767911272365969,-0.0031672120094299316,0.0033568940652500363,-0.0037029385566711426,0.0051599674139062145,-0.11848229169845581,0.5226882100105286,0.6398724317550659,-0.7580444812774658
process_visualization/Weather/h720/process_decomposition.csv,,,,,,,,,,,,,,,,,,,,,,,,,,,,,,,,,,,,,,,,,,,,,,,,,,,,,,,,,,,,,,,,,,,,,,,,,,,220,0.009767911272365969,-0.003180861473083496,0.0033568940652500363,-0.003693819046020508,0.0051599674139062145,-0.11838698387145996,0.5242120623588562,0.638922929763794,-0.7383473515510559
process_visualization/Weather/h720/process_decomposition.csv,,,,,,,,,,,,,,,,,,,,,,,,,,,,,,,,,,,,,,,,,,,,,,,,,,,,,,,,,,,,,,,,,,,,,,,,,,,221,0.009767911272365969,-0.003231823444366455,0.0033568940652500363,-0.003620445728302002,0.0051599674139062145,-0.11769682168960571,0.5257384181022644,0.6411508321762085,-0.7499338984489441
process_visualization/Weather/h720/process_decomposition.csv,,,,,,,,,,,,,,,,,,,,,,,,,,,,,,,,,,,,,,,,,,,,,,,,,,,,,,,,,,,,,,,,,,,,,,,,,,,222,0.009767911272365969,-0.0030532479286193848,0.0033568940652500363,-0.0036353468894958496,0.0051599674139062145,-0.11657166481018066,0.5286341905593872,0.6371532082557678,-0.7487752437591553
process_visualization/Weather/h720/process_decomposition.csv,,,,,,,,,,,,,,,,,,,,,,,,,,,,,,,,,,,,,,,,,,,,,,,,,,,,,,,,,,,,,,,,,,,,,,,,,,,223,0.009767911272365969,-0.003265678882598877,0.0033568940652500363,-0.0035155415534973145,0.0051599674139062145,-0.11671513319015503,0.5295233130455017,0.6396823525428772,-0.7395060062408447
process_visualization/Weather/h720/process_decomposition.csv,,,,,,,,,,,,,,,,,,,,,,,,,,,,,,,,,,,,,,,,,,,,,,,,,,,,,,,,,,,,,,,,,,,,,,,,,,,224,0.009767911272365969,-0.003170609474182129,0.0033568940652500363,-0.0035421252250671387,0.0051599674139062145,-0.11603319644927979,0.528553307056427,0.6383323669433594,-0.7360300421714783
process_visualization/Weather/h720/process_decomposition.csv,,,,,,,,,,,,,,,,,,,,,,,,,,,,,,,,,,,,,,,,,,,,,,,,,,,,,,,,,,,,,,,,,,,,,,,,,,,225,0.009767911272365969,-0.003121495246887207,0.0033568940652500363,-0.0033004283905029297,0.0051599674139062145,-0.12435966730117798,0.5225839614868164,0.6253538131713867,-0.7244434952735901
process_visualization/Weather/h720/process_decomposition.csv,,,,,,,,,,,,,,,,,,,,,,,,,,,,,,,,,,,,,,,,,,,,,,,,,,,,,,,,,,,,,,,,,,,,,,,,,,,226,0.009767911272365969,-0.003216385841369629,0.0033568940652500363,-0.0032318830490112305,0.0051599674139062145,-0.1242799162864685,0.5239790081977844,0.6250611543655396,-0.7232848405838013
process_visualization/Weather/h720/process_decomposition.csv,,,,,,,,,,,,,,,,,,,,,,,,,,,,,,,,,,,,,,,,,,,,,,,,,,,,,,,,,,,,,,,,,,,,,,,,,,,227,0.009767911272365969,-0.00321882963180542,0.0033568940652500363,-0.0032429099082946777,0.0051599674139062145,-0.1245187520980835,0.5223444700241089,0.6285371780395508,-0.717491626739502
process_visualization/Weather/h720/process_decomposition.csv,,,,,,,,,,,,,,,,,,,,,,,,,,,,,,,,,,,,,,,,,,,,,,,,,,,,,,,,,,,,,,,,,,,,,,,,,,,228,0.009767911272365969,-0.0031824707984924316,0.0033568940652500363,-0.0032249093055725098,0.0051599674139062145,-0.12405341863632202,0.5200790762901306,0.626338541507721,-0.717491626739502
process_visualization/Weather/h720/process_decomposition.csv,,,,,,,,,,,,,,,,,,,,,,,,,,,,,,,,,,,,,,,,,,,,,,,,,,,,,,,,,,,,,,,,,,,,,,,,,,,229,0.009767911272365969,-0.0032110214233398438,0.0033568940652500363,-0.003250420093536377,0.0051599674139062145,-0.12432152032852173,0.522481381893158,0.6287370920181274,-0.7522512078285217
process_visualization/Weather/h720/process_decomposition.csv,,,,,,,,,,,,,,,,,,,,,,,,,,,,,,,,,,,,,,,,,,,,,,,,,,,,,,,,,,,,,,,,,,,,,,,,,,,230,0.009767911272365969,-0.0031542181968688965,0.0033568940652500363,-0.0032410025596618652,0.0051599674139062145,-0.12412285804748535,0.5223661661148071,0.62770015001297,-0.7661550641059875
process_visualization/Weather/h720/process_decomposition.csv,,,,,,,,,,,,,,,,,,,,,,,,,,,,,,,,,,,,,,,,,,,,,,,,,,,,,,,,,,,,,,,,,,,,,,,,,,,231,0.009767911272365969,-0.003196895122528076,0.0033568940652500363,-0.0031951069831848145,0.0051599674139062145,-0.12436318397521973,0.5222070217132568,0.6249487400054932,-0.769631028175354
process_visualization/Weather/h720/process_decomposition.csv,,,,,,,,,,,,,,,,,,,,,,,,,,,,,,,,,,,,,,,,,,,,,,,,,,,,,,,,,,,,,,,,,,,,,,,,,,,232,0.009767911272365969,-0.0032263994216918945,0.0033568940652500363,-0.003196120262145996,0.0051599674139062145,-0.12449038028717041,0.5210949778556824,0.6275820732116699,-0.7626791000366211
process_visualization/Weather/h720/process_decomposition.csv,,,,,,,,,,,,,,,,,,,,,,,,,,,,,,,,,,,,,,,,,,,,,,,,,,,,,,,,,,,,,,,,,,,,,,,,,,,233,0.009767911272365969,-0.0032755136489868164,0.0033568940652500363,-0.003145456314086914,0.0051599674139062145,-0.12376761436462402,0.5245659351348877,0.6227751970291138,-0.7615204453468323
process_visualization/Weather/h720/process_decomposition.csv,,,,,,,,,,,,,,,,,,,,,,,,,,,,,,,,,,,,,,,,,,,,,,,,,,,,,,,,,,,,,,,,,,,,,,,,,,,234,0.009767911272365969,-0.003150761127471924,0.0033568940652500363,-0.003214120864868164,0.0051599674139062145,-0.1238204836845398,0.5245067477226257,0.6230286359786987,-0.7719482779502869
process_visualization/Weather/h720/process_decomposition.csv,,,,,,,,,,,,,,,,,,,,,,,,,,,,,,,,,,,,,,,,,,,,,,,,,,,,,,,,,,,,,,,,,,,,,,,,,,,235,0.009767911272365969,-0.0032035112380981445,0.0033568940652500363,-0.0032075047492980957,0.0051599674139062145,-0.12431704998016357,0.5238520503044128,0.6217736005783081,-0.783534824848175
process_visualization/Weather/h720/process_decomposition.csv,,,,,,,,,,,,,,,,,,,,,,,,,,,,,,,,,,,,,,,,,,,,,,,,,,,,,,,,,,,,,,,,,,,,,,,,,,,236,0.009767911272365969,-0.0032462477684020996,0.0033568940652500363,-0.0031780004501342773,0.0051599674139062145,-0.12392556667327881,0.5239998698234558,0.6242281794548035,-0.7754242420196533
process_visualization/Weather/h720/process_decomposition.csv,,,,,,,,,,,,,,,,,,,,,,,,,,,,,,,,,,,,,,,,,,,,,,,,,,,,,,,,,,,,,,,,,,,,,,,,,,,237,0.009767911272365969,-0.003140091896057129,0.0033568940652500363,-0.003229796886444092,0.0051599674139062145,-0.12370842695236206,0.5220069885253906,0.6290126442909241,-0.7626791000366211
process_visualization/Weather/h720/process_decomposition.csv,,,,,,,,,,,,,,,,,,,,,,,,,,,,,,,,,,,,,,,,,,,,,,,,,,,,,,,,,,,,,,,,,,,,,,,,,,,238,0.009767911272365969,-0.003186166286468506,0.0033568940652500363,-0.0032591819763183594,0.0051599674139062145,-0.12421226501464844,0.521482527256012,0.6327459216117859,-0.7684723734855652
process_visualization/Weather/h720/process_decomposition.csv,,,,,,,,,,,,,,,,,,,,,,,,,,,,,,,,,,,,,,,,,,,,,,,,,,,,,,,,,,,,,,,,,,,,,,,,,,,239,0.009767911272365969,-0.0032144784927368164,0.0033568940652500363,-0.0032083988189697266,0.0051599674139062145,-0.12415081262588501,0.5200576782226562,0.6308266520500183,-0.7592031359672546
process_visualization/Weather/h720/process_decomposition.csv,,,,,,,,,,,,,,,,,,,,,,,,,,,,,,,,,,,,,,,,,,,,,,,,,,,,,,,,,,,,,,,,,,,,,,,,,,,240,0.009767911272365969,-0.0032158493995666504,0.0033568940652500363,-0.0032355189323425293,0.0051599674139062145,-0.12369096279144287,0.518023669719696,0.632570743560791,-0.7661550641059875
process_visualization/Weather/h720/process_decomposition.csv,,,,,,,,,,,,,,,,,,,,,,,,,,,,,,,,,,,,,,,,,,,,,,,,,,,,,,,,,,,,,,,,,,,,,,,,,,,241,0.009767911272365969,-0.003193497657775879,0.0033568940652500363,-0.002956688404083252,0.0051599674139062145,-0.13261562585830688,0.5366915464401245,0.6372250318527222,-0.7789002060890198
process_visualization/Weather/h720/process_decomposition.csv,,,,,,,,,,,,,,,,,,,,,,,,,,,,,,,,,,,,,,,,,,,,,,,,,,,,,,,,,,,,,,,,,,,,,,,,,,,242,0.009767911272365969,-0.0031470656394958496,0.0033568940652500363,-0.003011047840118408,0.0051599674139062145,-0.13352149724960327,0.5354189276695251,0.6351315975189209,-0.790486752986908
process_visualization/Weather/h720/process_decomposition.csv,,,,,,,,,,,,,,,,,,,,,,,,,,,,,,,,,,,,,,,,,,,,,,,,,,,,,,,,,,,,,,,,,,,,,,,,,,,243,0.009767911272365969,-0.003053426742553711,0.0033568940652500363,-0.0030531883239746094,0.0051599674139062145,-0.13354063034057617,0.5336387157440186,0.63154536485672,-0.7951213717460632
process_visualization/Weather/h720/process_decomposition.csv,,,,,,,,,,,,,,,,,,,,,,,,,,,,,,,,,,,,,,,,,,,,,,,,,,,,,,,,,,,,,,,,,,,,,,,,,,,244,0.009767911272365969,-0.003061830997467041,0.0033568940652500363,-0.0030300021171569824,0.0051599674139062145,-0.13353723287582397,0.5293885469436646,0.6305258274078369,-0.7893280982971191
process_visualization/Weather/h720/process_decomposition.csv,,,,,,,,,,,,,,,,,,,,,,,,,,,,,,,,,,,,,,,,,,,,,,,,,,,,,,,,,,,,,,,,,,,,,,,,,,,245,0.009767911272365969,-0.003162384033203125,0.0033568940652500363,-0.003016352653503418,0.0051599674139062145,-0.13345670700073242,0.5287250280380249,0.6308231949806213,-0.7939627170562744
process_visualization/Weather/h720/process_decomposition.csv,,,,,,,,,,,,,,,,,,,,,,,,,,,,,,,,,,,,,,,,,,,,,,,,,,,,,,,,,,,,,,,,,,,,,,,,,,,246,0.009767911272365969,-0.003098726272583008,0.0033568940652500363,-0.00306093692779541,0.0051599674139062145,-0.13344597816467285,0.5272419452667236,0.6299179792404175,-0.8148185014724731
process_visualization/Weather/h720/process_decomposition.csv,,,,,,,,,,,,,,,,,,,,,,,,,,,,,,,,,,,,,,,,,,,,,,,,,,,,,,,,,,,,,,,,,,,,,,,,,,,247,0.009767911272365969,-0.003171086311340332,0.0033568940652500363,-0.0030645132064819336,0.0051599674139062145,-0.13413667678833008,0.5267984867095947,0.6297724843025208,-0.8264049887657166
process_visualization/Weather/h720/process_decomposition.csv,,,,,,,,,,,,,,,,,,,,,,,,,,,,,,,,,,,,,,,,,,,,,,,,,,,,,,,,,,,,,,,,,,,,,,,,,,,248,0.009767911272365969,-0.003183424472808838,0.0033568940652500363,-0.00308835506439209,0.0051599674139062145,-0.13400942087173462,0.5243863463401794,0.629751980304718,-0.8333569169044495
process_visualization/Weather/h720/process_decomposition.csv,,,,,,,,,,,,,,,,,,,,,,,,,,,,,,,,,,,,,,,,,,,,,,,,,,,,,,,,,,,,,,,,,,,,,,,,,,,249,0.009767911272365969,-0.0032134652137756348,0.0033568940652500363,-0.0029968619346618652,0.0051599674139062145,-0.133719801902771,0.522599995136261,0.6313912272453308,-0.8379915356636047
process_visualization/Weather/h720/process_decomposition.csv,,,,,,,,,,,,,,,,,,,,,,,,,,,,,,,,,,,,,,,,,,,,,,,,,,,,,,,,,,,,,,,,,,,,,,,,,,,250,0.009767911272365969,-0.003213942050933838,0.0033568940652500363,-0.003019869327545166,0.0051599674139062145,-0.13382530212402344,0.521267831325531,0.6323203444480896,-0.8507367372512817
process_visualization/Weather/h720/process_decomposition.csv,,,,,,,,,,,,,,,,,,,,,,,,,,,,,,,,,,,,,,,,,,,,,,,,,,,,,,,,,,,,,,,,,,,,,,,,,,,251,0.009767911272365969,-0.003128230571746826,0.0033568940652500363,-0.0030451416969299316,0.0051599674139062145,-0.13373714685440063,0.5200241208076477,0.6341983079910278,-0.8600059747695923
process_visualization/Weather/h720/process_decomposition.csv,,,,,,,,,,,,,,,,,,,,,,,,,,,,,,,,,,,,,,,,,,,,,,,,,,,,,,,,,,,,,,,,,,,,,,,,,,,252,0.009767911272365969,-0.0031581521034240723,0.0033568940652500363,-0.003045499324798584,0.0051599674139062145,-0.13370048999786377,0.5197915434837341,0.6325644254684448,-0.8507367372512817
process_visualization/Weather/h720/process_decomposition.csv,,,,,,,,,,,,,,,,,,,,,,,,,,,,,,,,,,,,,,,,,,,,,,,,,,,,,,,,,,,,,,,,,,,,,,,,,,,253,0.009767911272365969,-0.0030901432037353516,0.0033568940652500363,-0.0030714869499206543,0.0051599674139062145,-0.13317406177520752,0.5189189314842224,0.6334280371665955,-0.8576886653900146
process_visualization/Weather/h720/process_decomposition.csv,,,,,,,,,,,,,,,,,,,,,,,,,,,,,,,,,,,,,,,,,,,,,,,,,,,,,,,,,,,,,,,,,,,,,,,,,,,254,0.009767911272365969,-0.003045499324798584,0.0033568940652500363,-0.0030687451362609863,0.0051599674139062145,-0.13209104537963867,0.5175403356552124,0.6342664957046509,-0.8495780825614929
process_visualization/Weather/h720/process_decomposition.csv,,,,,,,,,,,,,,,,,,,,,,,,,,,,,,,,,,,,,,,,,,,,,,,,,,,,,,,,,,,,,,,,,,,,,,,,,,,255,0.009767911272365969,-0.0031328797340393066,0.0033568940652500363,-0.003033459186553955,0.0051599674139062145,-0.1323024034500122,0.5154855251312256,0.6400032639503479,-0.8414674997329712
process_visualization/Weather/h720/process_decomposition.csv,,,,,,,,,,,,,,,,,,,,,,,,,,,,,,,,,,,,,,,,,,,,,,,,,,,,,,,,,,,,,,,,,,,,,,,,,,,256,0.009767911272365969,-0.00309598445892334,0.0033568940652500363,-0.0030695199966430664,0.0051599674139062145,-0.13190871477127075,0.5132554769515991,0.6415130496025085,-0.8530540466308594
process_visualization/Weather/h720/process_decomposition.csv,,,,,,,,,,,,,,,,,,,,,,,,,,,,,,,,,,,,,,,,,,,,,,,,,,,,,,,,,,,,,,,,,,,,,,,,,,,257,0.009767911272365969,-0.0029352903366088867,0.0033568940652500363,-0.002862215042114258,0.0051599674139062145,-0.13375401496887207,0.5374019742012024,0.6402634382247925,-0.8669579029083252
process_visualization/Weather/h720/process_decomposition.csv,,,,,,,,,,,,,,,,,,,,,,,,,,,,,,,,,,,,,,,,,,,,,,,,,,,,,,,,,,,,,,,,,,,,,,,,,,,258,0.009767911272365969,-0.0029488801956176758,0.0033568940652500363,-0.0028513669967651367,0.0051599674139062145,-0.13432830572128296,0.5353030562400818,0.6443436741828918,-0.8901309370994568
process_visualization/Weather/h720/process_decomposition.csv,,,,,,,,,,,,,,,,,,,,,,,,,,,,,,,,,,,,,,,,,,,,,,,,,,,,,,,,,,,,,,,,,,,,,,,,,,,259,0.009767911272365969,-0.0029267072677612305,0.0033568940652500363,-0.0028810501098632812,0.0051599674139062145,-0.13494592905044556,0.5341303944587708,0.6453653573989868,-0.9051934480667114
process_visualization/Weather/h720/process_decomposition.csv,,,,,,,,,,,,,,,,,,,,,,,,,,,,,,,,,,,,,,,,,,,,,,,,,,,,,,,,,,,,,,,,,,,,,,,,,,,260,0.009767911272365969,-0.0029262900352478027,0.0033568940652500363,-0.0028849244117736816,0.0051599674139062145,-0.13496243953704834,0.532690167427063,0.648720920085907,-0.9075107574462891
process_visualization/Weather/h720/process_decomposition.csv,,,,,,,,,,,,,,,,,,,,,,,,,,,,,,,,,,,,,,,,,,,,,,,,,,,,,,,,,,,,,,,,,,,,,,,,,,,261,0.009767911272365969,-0.0028882622718811035,0.0033568940652500363,-0.0029312968254089355,0.0051599674139062145,-0.13502520322799683,0.531829297542572,0.6459575891494751,-0.9190972447395325
process_visualization/Weather/h720/process_decomposition.csv,,,,,,,,,,,,,,,,,,,,,,,,,,,,,,,,,,,,,,,,,,,,,,,,,,,,,,,,,,,,,,,,,,,,,,,,,,,262,0.009767911272365969,-0.0028771162033081055,0.0033568940652500363,-0.0029506683349609375,0.0051599674139062145,-0.1350077986717224,0.5305840373039246,0.6438043713569641,-0.9272078275680542
process_visualization/Weather/h720/process_decomposition.csv,,,,,,,,,,,,,,,,,,,,,,,,,,,,,,,,,,,,,,,,,,,,,,,,,,,,,,,,,,,,,,,,,,,,,,,,,,,263,0.009767911272365969,-0.0029076337814331055,0.0033568940652500363,-0.0029601454734802246,0.0051599674139062145,-0.13562309741973877,0.5288615226745605,0.6465335488319397,-0.9364770650863647
process_visualization/Weather/h720/process_decomposition.csv,,,,,,,,,,,,,,,,,,,,,,,,,,,,,,,,,,,,,,,,,,,,,,,,,,,,,,,,,,,,,,,,,,,,,,,,,,,264,0.009767911272365969,-0.0029127001762390137,0.0033568940652500363,-0.0029695630073547363,0.0051599674139062145,-0.13595813512802124,0.5296052694320679,0.643383800983429,-0.9399530291557312
process_visualization/Weather/h720/process_decomposition.csv,,,,,,,,,,,,,,,,,,,,,,,,,,,,,,,,,,,,,,,,,,,,,,,,,,,,,,,,,,,,,,,,,,,,,,,,,,,265,0.009767911272365969,-0.0028704404830932617,0.0033568940652500363,-0.002944052219390869,0.0051599674139062145,-0.13589662313461304,0.5236853361129761,0.640662431716919,-0.9434289932250977
process_visualization/Weather/h720/process_decomposition.csv,,,,,,,,,,,,,,,,,,,,,,,,,,,,,,,,,,,,,,,,,,,,,,,,,,,,,,,,,,,,,,,,,,,,,,,,,,,266,0.009767911272365969,-0.0029474496841430664,0.0033568940652500363,-0.0029363036155700684,0.0051599674139062145,-0.13564711809158325,0.522983729839325,0.6370573043823242,-0.9584915041923523
process_visualization/Weather/h720/process_decomposition.csv,,,,,,,,,,,,,,,,,,,,,,,,,,,,,,,,,,,,,,,,,,,,,,,,,,,,,,,,,,,,,,,,,,,,,,,,,,,267,0.009767911272365969,-0.00302886962890625,0.0033568940652500363,-0.0029398202896118164,0.0051599674139062145,-0.1360796093940735,0.5209693312644958,0.6356768608093262,-0.9503809213638306
process_visualization/Weather/h720/process_decomposition.csv,,,,,,,,,,,,,,,,,,,,,,,,,,,,,,,,,,,,,,,,,,,,,,,,,,,,,,,,,,,,,,,,,,,,,,,,,,,268,0.009767911272365969,-0.0029042959213256836,0.0033568940652500363,-0.0029480457305908203,0.0051599674139062145,-0.13579124212265015,0.5217580199241638,0.6376559734344482,-0.9422703385353088
process_visualization/Weather/h720/process_decomposition.csv,,,,,,,,,,,,,,,,,,,,,,,,,,,,,,,,,,,,,,,,,,,,,,,,,,,,,,,,,,,,,,,,,,,,,,,,,,,269,0.009767911272365969,-0.002938687801361084,0.0033568940652500363,-0.002962172031402588,0.0051599674139062145,-0.13547170162200928,0.5184304118156433,0.6421173214912415,-0.94111168384552
process_visualization/Weather/h720/process_decomposition.csv,,,,,,,,,,,,,,,,,,,,,,,,,,,,,,,,,,,,,,,,,,,,,,,,,,,,,,,,,,,,,,,,,,,,,,,,,,,270,0.009767911272365969,-0.0030048489570617676,0.0033568940652500363,-0.002986013889312744,0.0051599674139062145,-0.13624954223632812,0.5184938907623291,0.6466423869132996,-0.9341597557067871
process_visualization/Weather/h720/process_decomposition.csv,,,,,,,,,,,,,,,,,,,,,,,,,,,,,,,,,,,,,,,,,,,,,,,,,,,,,,,,,,,,,,,,,,,,,,,,,,,271,0.009767911272365969,-0.002901315689086914,0.0033568940652500363,-0.0030289292335510254,0.0051599674139062145,-0.13609516620635986,0.517548143863678,0.6453919410705566,-0.9260491728782654
process_visualization/Weather/h720/process_decomposition.csv,,,,,,,,,,,,,,,,,,,,,,,,,,,,,,,,,,,,,,,,,,,,,,,,,,,,,,,,,,,,,,,,,,,,,,,,,,,272,0.009767911272365969,-0.0028402209281921387,0.0033568940652500363,-0.0030693411827087402,0.0051599674139062145,-0.13578426837921143,0.5164976716041565,0.649707019329071,-0.914462685585022
process_visualization/Weather/h720/process_decomposition.csv,,,,,,,,,,,,,,,,,,,,,,,,,,,,,,,,,,,,,,,,,,,,,,,,,,,,,,,,,,,,,,,,,,,,,,,,,,,273,0.009767911272365969,-0.0028540492057800293,0.0033568940652500363,-0.0030271410942077637,0.0051599674139062145,-0.138452410697937,0.5397331714630127,0.6670947074890137,-0.9109867215156555
process_visualization/Weather/h720/process_decomposition.csv,,,,,,,,,,,,,,,,,,,,,,,,,,,,,,,,,,,,,,,,,,,,,,,,,,,,,,,,,,,,,,,,,,,,,,,,,,,274,0.009767911272365969,-0.0028309226036071777,0.0033568940652500363,-0.0030475258827209473,0.0051599674139062145,-0.13945907354354858,0.5391457080841064,0.6582790613174438,-0.901717483997345
process_visualization/Weather/h720/process_decomposition.csv,,,,,,,,,,,,,,,,,,,,,,,,,,,,,,,,,,,,,,,,,,,,,,,,,,,,,,,,,,,,,,,,,,,,,,,,,,,275,0.009767911272365969,-0.0029054880142211914,0.0033568940652500363,-0.003021061420440674,0.0051599674139062145,-0.13975447416305542,0.5387187600135803,0.6554408669471741,-0.9005588293075562
process_visualization/Weather/h720/process_decomposition.csv,,,,,,,,,,,,,,,,,,,,,,,,,,,,,,,,,,,,,,,,,,,,,,,,,,,,,,,,,,,,,,,,,,,,,,,,,,,276,0.009767911272365969,-0.0029280781745910645,0.0033568940652500363,-0.00303041934967041,0.0051599674139062145,-0.13993799686431885,0.5355681777000427,0.6478889584541321,-0.9109867215156555
process_visualization/Weather/h720/process_decomposition.csv,,,,,,,,,,,,,,,,,,,,,,,,,,,,,,,,,,,,,,,,,,,,,,,,,,,,,,,,,,,,,,,,,,,,,,,,,,,277,0.009767911272365969,-0.002841949462890625,0.0033568940652500363,-0.0030615925788879395,0.0051599674139062145,-0.1403225064277649,0.5326963067054749,0.6477305889129639,-0.8947655558586121
process_visualization/Weather/h720/process_decomposition.csv,,,,,,,,,,,,,,,,,,,,,,,,,,,,,,,,,,,,,,,,,,,,,,,,,,,,,,,,,,,,,,,,,,,,,,,,,,,278,0.009767911272365969,-0.002853572368621826,0.0033568940652500363,-0.0031051039695739746,0.0051599674139062145,-0.1402573585510254,0.5309361219406128,0.6487507224082947,-0.8820203542709351
process_visualization/Weather/h720/process_decomposition.csv,,,,,,,,,,,,,,,,,,,,,,,,,,,,,,,,,,,,,,,,,,,,,,,,,,,,,,,,,,,,,,,,,,,,,,,,,,,279,0.009767911272365969,-0.0029102563858032227,0.0033568940652500363,-0.0031111836433410645,0.0051599674139062145,-0.141329824924469,0.5312578678131104,0.6504164934158325,-0.8727511167526245
process_visualization/Weather/h720/process_decomposition.csv,,,,,,,,,,,,,,,,,,,,,,,,,,,,,,,,,,,,,,,,,,,,,,,,,,,,,,,,,,,,,,,,,,,,,,,,,,,280,0.009767911272365969,-0.00282973051071167,0.0033568940652500363,-0.0031458139419555664,0.0051599674139062145,-0.14122605323791504,0.5328336358070374,0.6434628963470459,-0.8600059747695923
process_visualization/Weather/h720/process_decomposition.csv,,,,,,,,,,,,,,,,,,,,,,,,,,,,,,,,,,,,,,,,,,,,,,,,,,,,,,,,,,,,,,,,,,,,,,,,,,,281,0.009767911272365969,-0.002965271472930908,0.0033568940652500363,-0.00309675931930542,0.0051599674139062145,-0.14166277647018433,0.5331099629402161,0.6478185057640076,-0.84262615442276
process_visualization/Weather/h720/process_decomposition.csv,,,,,,,,,,,,,,,,,,,,,,,,,,,,,,,,,,,,,,,,,,,,,,,,,,,,,,,,,,,,,,,,,,,,,,,,,,,282,0.009767911272365969,-0.0029431581497192383,0.0033568940652500363,-0.0031386613845825195,0.0051599674139062145,-0.14171791076660156,0.5319847464561462,0.6467253565788269,-0.8321982622146606
process_visualization/Weather/h720/process_decomposition.csv,,,,,,,,,,,,,,,,,,,,,,,,,,,,,,,,,,,,,,,,,,,,,,,,,,,,,,,,,,,,,,,,,,,,,,,,,,,283,0.009767911272365969,-0.0029517412185668945,0.0033568940652500363,-0.0031017065048217773,0.0051599674139062145,-0.14144492149353027,0.5334635376930237,0.6518959403038025,-0.8206117153167725
process_visualization/Weather/h720/process_decomposition.csv,,,,,,,,,,,,,,,,,,,,,,,,,,,,,,,,,,,,,,,,,,,,,,,,,,,,,,,,,,,,,,,,,,,,,,,,,,,284,0.009767911272365969,-0.0029237866401672363,0.0033568940652500363,-0.0031300783157348633,0.0051599674139062145,-0.14150941371917725,0.5317018628120422,0.6536658406257629,-0.8194530606269836
process_visualization/Weather/h720/process_decomposition.csv,,,,,,,,,,,,,,,,,,,,,,,,,,,,,,,,,,,,,,,,,,,,,,,,,,,,,,,,,,,,,,,,,,,,,,,,,,,285,0.009767911272365969,-0.002899765968322754,0.0033568940652500363,-0.003124058246612549,0.0051599674139062145,-0.14092856645584106,0.5304136276245117,0.6506025195121765,-0.815977156162262
process_visualization/Weather/h720/process_decomposition.csv,,,,,,,,,,,,,,,,,,,,,,,,,,,,,,,,,,,,,,,,,,,,,,,,,,,,,,,,,,,,,,,,,,,,,,,,,,,286,0.009767911272365969,-0.0028119683265686035,0.0033568940652500363,-0.0031437277793884277,0.0051599674139062145,-0.1403210163116455,0.5287357568740845,0.6544530391693115,-0.8009146451950073
process_visualization/Weather/h720/process_decomposition.csv,,,,,,,,,,,,,,,,,,,,,,,,,,,,,,,,,,,,,,,,,,,,,,,,,,,,,,,,,,,,,,,,,,,,,,,,,,,287,0.009767911272365969,-0.002879321575164795,0.0033568940652500363,-0.003125309944152832,0.0051599674139062145,-0.14055794477462769,0.5278864502906799,0.6606403589248657,-0.7893280982971191
process_visualization/Weather/h720/process_decomposition.csv,,,,,,,,,,,,,,,,,,,,,,,,,,,,,,,,,,,,,,,,,,,,,,,,,,,,,,,,,,,,,,,,,,,,,,,,,,,288,0.009767911272365969,-0.002945542335510254,0.0033568940652500363,-0.0031165480613708496,0.0051599674139062145,-0.1400265097618103,0.5279194712638855,0.6600356698036194,-0.7823761701583862
process_visualization/Weather/h720/process_decomposition.csv,,,,,,,,,,,,,,,,,,,,,,,,,,,,,,,,,,,,,,,,,,,,,,,,,,,,,,,,,,,,,,,,,,,,,,,,,,,289,0.009767911272365969,-0.0028852224349975586,0.0033568940652500363,-0.0034149885177612305,0.0051599674139062145,-0.14226692914962769,0.5341961979866028,0.6727727055549622,-0.7742655873298645
process_visualization/Weather/h720/process_decomposition.csv,,,,,,,,,,,,,,,,,,,,,,,,,,,,,,,,,,,,,,,,,,,,,,,,,,,,,,,,,,,,,,,,,,,,,,,,,,,290,0.009767911272365969,-0.002828061580657959,0.0033568940652500363,-0.0034516453742980957,0.0051599674139062145,-0.14296799898147583,0.5325796008110046,0.675674557685852,-0.7649964094161987
process_visualization/Weather/h720/process_decomposition.csv,,,,,,,,,,,,,,,,,,,,,,,,,,,,,,,,,,,,,,,,,,,,,,,,,,,,,,,,,,,,,,,,,,,,,,,,,,,291,0.009767911272365969,-0.0028797388076782227,0.0033568940652500363,-0.0034580230712890625,0.0051599674139062145,-0.1438484787940979,0.5323701500892639,0.6783447265625,-0.756885826587677
process_visualization/Weather/h720/process_decomposition.csv,,,,,,,,,,,,,,,,,,,,,,,,,,,,,,,,,,,,,,,,,,,,,,,,,,,,,,,,,,,,,,,,,,,,,,,,,,,292,0.009767911272365969,-0.0029203295707702637,0.0033568940652500363,-0.0034295320510864258,0.0051599674139062145,-0.1437281370162964,0.5309163331985474,0.6805755496025085,-0.7545685172080994
process_visualization/Weather/h720/process_decomposition.csv,,,,,,,,,,,,,,,,,,,,,,,,,,,,,,,,,,,,,,,,,,,,,,,,,,,,,,,,,,,,,,,,,,,,,,,,,,,293,0.009767911272365969,-0.002907991409301758,0.0033568940652500363,-0.0034719109535217285,0.0051599674139062145,-0.14403975009918213,0.5292248129844666,0.6830425262451172,-0.7592031359672546
process_visualization/Weather/h720/process_decomposition.csv,,,,,,,,,,,,,,,,,,,,,,,,,,,,,,,,,,,,,,,,,,,,,,,,,,,,,,,,,,,,,,,,,,,,,,,,,,,294,0.009767911272365969,-0.0028982162475585938,0.0033568940652500363,-0.003437042236328125,0.0051599674139062145,-0.14398056268692017,0.5318508148193359,0.679517388343811,-0.7638377547264099
process_visualization/Weather/h720/process_decomposition.csv,,,,,,,,,,,,,,,,,,,,,,,,,,,,,,,,,,,,,,,,,,,,,,,,,,,,,,,,,,,,,,,,,,,,,,,,,,,295,0.009767911272365969,-0.0030180811882019043,0.0033568940652500363,-0.003411233425140381,0.0051599674139062145,-0.14458125829696655,0.5323976278305054,0.6859995126724243,-0.7580444812774658
process_visualization/Weather/h720/process_decomposition.csv,,,,,,,,,,,,,,,,,,,,,,,,,,,,,,,,,,,,,,,,,,,,,,,,,,,,,,,,,,,,,,,,,,,,,,,,,,,296,0.009767911272365969,-0.0028197169303894043,0.0033568940652500363,-0.0035014748573303223,0.0051599674139062145,-0.14479196071624756,0.53132563829422,0.6879937648773193,-0.7534098625183105
process_visualization/Weather/h720/process_decomposition.csv,,,,,,,,,,,,,,,,,,,,,,,,,,,,,,,,,,,,,,,,,,,,,,,,,,,,,,,,,,,,,,,,,,,,,,,,,,,297,0.009767911272365969,-0.00281679630279541,0.0033568940652500363,-0.0034990906715393066,0.0051599674139062145,-0.1448904275894165,0.5319756269454956,0.6989272832870483,-0.7418233156204224
process_visualization/Weather/h720/process_decomposition.csv,,,,,,,,,,,,,,,,,,,,,,,,,,,,,,,,,,,,,,,,,,,,,,,,,,,,,,,,,,,,,,,,,,,,,,,,,,,298,0.009767911272365969,-0.002901017665863037,0.0033568940652500363,-0.0034473538398742676,0.0051599674139062145,-0.1445678472518921,0.5312197208404541,0.7026969194412231,-0.7371886968612671
process_visualization/Weather/h720/process_decomposition.csv,,,,,,,,,,,,,,,,,,,,,,,,,,,,,,,,,,,,,,,,,,,,,,,,,,,,,,,,,,,,,,,,,,,,,,,,,,,299,0.009767911272365969,-0.002886950969696045,0.0033568940652500363,-0.0034750699996948242,0.0051599674139062145,-0.14496999979019165,0.5302198529243469,0.7065945267677307,-0.7302367687225342
process_visualization/Weather/h720/process_decomposition.csv,,,,,,,,,,,,,,,,,,,,,,,,,,,,,,,,,,,,,,,,,,,,,,,,,,,,,,,,,,,,,,,,,,,,,,,,,,,300,0.009767911272365969,-0.0030130743980407715,0.0033568940652500363,-0.0034148097038269043,0.0051599674139062145,-0.1446283459663391,0.5303137898445129,0.7095233798027039,-0.7082223892211914
process_visualization/Weather/h720/process_decomposition.csv,,,,,,,,,,,,,,,,,,,,,,,,,,,,,,,,,,,,,,,,,,,,,,,,,,,,,,,,,,,,,,,,,,,,,,,,,,,301,0.009767911272365969,-0.0028589963912963867,0.0033568940652500363,-0.0034917593002319336,0.0051599674139062145,-0.14422369003295898,0.5297912359237671,0.7143495082855225,-0.697794497013092
process_visualization/Weather/h720/process_decomposition.csv,,,,,,,,,,,,,,,,,,,,,,,,,,,,,,,,,,,,,,,,,,,,,,,,,,,,,,,,,,,,,,,,,,,,,,,,,,,302,0.009767911272365969,-0.002913832664489746,0.0033568940652500363,-0.003505408763885498,0.0051599674139062145,-0.1451374888420105,0.5285376310348511,0.7225008010864258,-0.6746214628219604
process_visualization/Weather/h720/process_decomposition.csv,,,,,,,,,,,,,,,,,,,,,,,,,,,,,,,,,,,,,,,,,,,,,,,,,,,,,,,,,,,,,,,,,,,,,,,,,,,303,0.009767911272365969,-0.002895653247833252,0.0033568940652500363,-0.0035111308097839355,0.0051599674139062145,-0.14486926794052124,0.527862012386322,0.7243135571479797,-0.6444964408874512
process_visualization/Weather/h720/process_decomposition.csv,,,,,,,,,,,,,,,,,,,,,,,,,,,,,,,,,,,,,,,,,,,,,,,,,,,,,,,,,,,,,,,,,,,,,,,,,,,304,0.009767911272365969,-0.002945542335510254,0.0033568940652500363,-0.0034876465797424316,0.0051599674139062145,-0.14422869682312012,0.5259065628051758,0.7263014316558838,-0.6549243330955505
process_visualization/Weather/h720/process_decomposition.csv,,,,,,,,,,,,,,,,,,,,,,,,,,,,,,,,,,,,,,,,,,,,,,,,,,,,,,,,,,,,,,,,,,,,,,,,,,,305,0.009767911272365969,-0.0030065178871154785,0.0033568940652500363,-0.0037813782691955566,0.0051599674139062145,-0.1429404616355896,0.5215132236480713,0.7300740480422974,-0.6537656784057617
process_visualization/Weather/h720/process_decomposition.csv,,,,,,,,,,,,,,,,,,,,,,,,,,,,,,,,,,,,,,,,,,,,,,,,,,,,,,,,,,,,,,,,,,,,,,,,,,,306,0.009767911272365969,-0.002955913543701172,0.0033568940652500363,-0.0038362741470336914,0.0051599674139062145,-0.14372998476028442,0.5204297304153442,0.7315416932106018,-0.6444964408874512
process_visualization/Weather/h720/process_decomposition.csv,,,,,,,,,,,,,,,,,,,,,,,,,,,,,,,,,,,,,,,,,,,,,,,,,,,,,,,,,,,,,,,,,,,,,,,,,,,307,0.009767911272365969,-0.0029321908950805664,0.0033568940652500363,-0.0038750767707824707,0.0051599674139062145,-0.14419513940811157,0.522584855556488,0.7241299748420715,-0.64565509557724
process_visualization/Weather/h720/process_decomposition.csv,,,,,,,,,,,,,,,,,,,,,,,,,,,,,,,,,,,,,,,,,,,,,,,,,,,,,,,,,,,,,,,,,,,,,,,,,,,308,0.009767911272365969,-0.0029291510581970215,0.0033568940652500363,-0.0038224458694458008,0.0051599674139062145,-0.14408612251281738,0.5224940776824951,0.7279800772666931,-0.632909893989563
process_visualization/Weather/h720/process_decomposition.csv,,,,,,,,,,,,,,,,,,,,,,,,,,,,,,,,,,,,,,,,,,,,,,,,,,,,,,,,,,,,,,,,,,,,,,,,,,,309,0.009767911272365969,-0.002930164337158203,0.0033568940652500363,-0.003842651844024658,0.0051599674139062145,-0.144528329372406,0.5214992165565491,0.7268362641334534,-0.6340685486793518
process_visualization/Weather/h720/process_decomposition.csv,,,,,,,,,,,,,,,,,,,,,,,,,,,,,,,,,,,,,,,,,,,,,,,,,,,,,,,,,,,,,,,,,,,,,,,,,,,310,0.009767911272365969,-0.0029372572898864746,0.0033568940652500363,-0.0038237571716308594,0.0051599674139062145,-0.1442103385925293,0.521623969078064,0.7297855019569397,-0.632909893989563
process_visualization/Weather/h720/process_decomposition.csv,,,,,,,,,,,,,,,,,,,,,,,,,,,,,,,,,,,,,,,,,,,,,,,,,,,,,,,,,,,,,,,,,,,,,,,,,,,311,0.009767911272365969,-0.0029677748680114746,0.0033568940652500363,-0.00383603572845459,0.0051599674139062145,-0.1450328826904297,0.5235984325408936,0.7336758971214294,-0.6305925846099854
process_visualization/Weather/h720/process_decomposition.csv,,,,,,,,,,,,,,,,,,,,,,,,,,,,,,,,,,,,,,,,,,,,,,,,,,,,,,,,,,,,,,,,,,,,,,,,,,,312,0.009767911272365969,-0.0028528571128845215,0.0033568940652500363,-0.003860175609588623,0.0051599674139062145,-0.14460760354995728,0.5271424651145935,0.7350877523422241,-0.6190060973167419
process_visualization/Weather/h720/process_decomposition.csv,,,,,,,,,,,,,,,,,,,,,,,,,,,,,,,,,,,,,,,,,,,,,,,,,,,,,,,,,,,,,,,,,,,,,,,,,,,313,0.009767911272365969,-0.002969980239868164,0.0033568940652500363,-0.0038276314735412598,0.0051599674139062145,-0.1448577642440796,0.5249288082122803,0.7320270538330078,-0.6132128238677979
process_visualization/Weather/h720/process_decomposition.csv,,,,,,,,,,,,,,,,,,,,,,,,,,,,,,,,,,,,,,,,,,,,,,,,,,,,,,,,,,,,,,,,,,,,,,,,,,,314,0.009767911272365969,-0.003024876117706299,0.0033568940652500363,-0.0038316845893859863,0.0051599674139062145,-0.1448293924331665,0.5255545377731323,0.731558620929718,-0.6143714785575867
process_visualization/Weather/h720/process_decomposition.csv,,,,,,,,,,,,,,,,,,,,,,,,,,,,,,,,,,,,,,,,,,,,,,,,,,,,,,,,,,,,,,,,,,,,,,,,,,,315,0.009767911272365969,-0.0029973983764648438,0.0033568940652500363,-0.0038084983825683594,0.0051599674139062145,-0.14447283744812012,0.5252063274383545,0.7283895611763,-0.6062608957290649
process_visualization/Weather/h720/process_decomposition.csv,,,,,,,,,,,,,,,,,,,,,,,,,,,,,,,,,,,,,,,,,,,,,,,,,,,,,,,,,,,,,,,,,,,,,,,,,,,316,0.009767911272365969,-0.0029484033584594727,0.0033568940652500363,-0.0038146376609802246,0.0051599674139062145,-0.14444184303283691,0.5247198939323425,0.7342932820320129,-0.5900397300720215
process_visualization/Weather/h720/process_decomposition.csv,,,,,,,,,,,,,,,,,,,,,,,,,,,,,,,,,,,,,,,,,,,,,,,,,,,,,,,,,,,,,,,,,,,,,,,,,,,317,0.009767911272365969,-0.002959132194519043,0.0033568940652500363,-0.003805875778198242,0.0051599674139062145,-0.14375674724578857,0.5273306965827942,0.7278082370758057,-0.5796118378639221
process_visualization/Weather/h720/process_decomposition.csv,,,,,,,,,,,,,,,,,,,,,,,,,,,,,,,,,,,,,,,,,,,,,,,,,,,,,,,,,,,,,,,,,,,,,,,,,,,318,0.009767911272365969,-0.0029207468032836914,0.0033568940652500363,-0.0037668347358703613,0.0051599674139062145,-0.1428106427192688,0.5263332724571228,0.7214280962944031,-0.5668666958808899
process_visualization/Weather/h720/process_decomposition.csv,,,,,,,,,,,,,,,,,,,,,,,,,,,,,,,,,,,,,,,,,,,,,,,,,,,,,,,,,,,,,,,,,,,,,,,,,,,319,0.009767911272365969,-0.0028563737869262695,0.0033568940652500363,-0.0037883520126342773,0.0051599674139062145,-0.14284676313400269,0.5259862542152405,0.7152127623558044,-0.5738186240196228
process_visualization/Weather/h720/process_decomposition.csv,,,,,,,,,,,,,,,,,,,,,,,,,,,,,,,,,,,,,,,,,,,,,,,,,,,,,,,,,,,,,,,,,,,,,,,,,,,320,0.009767911272365969,-0.0029462575912475586,0.0033568940652500363,-0.003732442855834961,0.0051599674139062145,-0.14188885688781738,0.5275397300720215,0.7221480011940002,-0.5703426599502563
process_visualization/Weather/h720/process_decomposition.csv,,,,,,,,,,,,,,,,,,,,,,,,,,,,,,,,,,,,,,,,,,,,,,,,,,,,,,,,,,,,,,,,,,,,,,,,,,,321,0.009767911272365969,-0.0030571818351745605,0.0033568940652500363,-0.0043332576751708984,0.0051599674139062145,-0.14287561178207397,0.5034469962120056,0.7248802781105042,-0.5633907318115234
process_visualization/Weather/h720/process_decomposition.csv,,,,,,,,,,,,,,,,,,,,,,,,,,,,,,,,,,,,,,,,,,,,,,,,,,,,,,,,,,,,,,,,,,,,,,,,,,,322,0.009767911272365969,-0.003075242042541504,0.0033568940652500363,-0.004327833652496338,0.0051599674139062145,-0.14301419258117676,0.502395749092102,0.7203726768493652,-0.5703426599502563
process_visualization/Weather/h720/process_decomposition.csv,,,,,,,,,,,,,,,,,,,,,,,,,,,,,,,,,,,,,,,,,,,,,,,,,,,,,,,,,,,,,,,,,,,,,,,,,,,323,0.009767911272365969,-0.003148317337036133,0.0033568940652500363,-0.004314243793487549,0.0051599674139062145,-0.14364659786224365,0.5051416754722595,0.7155860066413879,-0.5610734224319458
process_visualization/Weather/h720/process_decomposition.csv,,,,,,,,,,,,,,,,,,,,,,,,,,,,,,,,,,,,,,,,,,,,,,,,,,,,,,,,,,,,,,,,,,,,,,,,,,,324,0.009767911272365969,-0.0030707716941833496,0.0033568940652500363,-0.004315435886383057,0.0051599674139062145,-0.14322125911712646,0.5045583844184875,0.7126912474632263,-0.5390589833259583
process_visualization/Weather/h720/process_decomposition.csv,,,,,,,,,,,,,,,,,,,,,,,,,,,,,,,,,,,,,,,,,,,,,,,,,,,,,,,,,,,,,,,,,,,,,,,,,,,325,0.009767911272365969,-0.0031209588050842285,0.0033568940652500363,-0.004317939281463623,0.0051599674139062145,-0.14335954189300537,0.5035175681114197,0.7082387208938599,-0.5321070551872253
process_visualization/Weather/h720/process_decomposition.csv,,,,,,,,,,,,,,,,,,,,,,,,,,,,,,,,,,,,,,,,,,,,,,,,,,,,,,,,,,,,,,,,,,,,,,,,,,,326,0.009767911272365969,-0.00308835506439209,0.0033568940652500363,-0.00429457426071167,0.0051599674139062145,-0.14316970109939575,0.5037604570388794,0.7002105116844177,-0.5216792225837708
process_visualization/Weather/h720/process_decomposition.csv,,,,,,,,,,,,,,,,,,,,,,,,,,,,,,,,,,,,,,,,,,,,,,,,,,,,,,,,,,,,,,,,,,,,,,,,,,,327,0.009767911272365969,-0.0031142234802246094,0.0033568940652500363,-0.004281818866729736,0.0051599674139062145,-0.14335334300994873,0.5036650896072388,0.698419451713562,-0.5193619132041931
process_visualization/Weather/h720/process_decomposition.csv,,,,,,,,,,,,,,,,,,,,,,,,,,,,,,,,,,,,,,,,,,,,,,,,,,,,,,,,,,,,,,,,,,,,,,,,,,,328,0.009767911272365969,-0.0030968189239501953,0.0033568940652500363,-0.004306018352508545,0.0051599674139062145,-0.14338082075119019,0.503180980682373,0.7024818658828735,-0.5170446038246155
process_visualization/Weather/h720/process_decomposition.csv,,,,,,,,,,,,,,,,,,,,,,,,,,,,,,,,,,,,,,,,,,,,,,,,,,,,,,,,,,,,,,,,,,,,,,,,,,,329,0.009767911272365969,-0.003055274486541748,0.0033568940652500363,-0.004331409931182861,0.0051599674139062145,-0.143429696559906,0.5097354650497437,0.6947911381721497,-0.5089340209960938
process_visualization/Weather/h720/process_decomposition.csv,,,,,,,,,,,,,,,,,,,,,,,,,,,,,,,,,,,,,,,,,,,,,,,,,,,,,,,,,,,,,,,,,,,,,,,,,,,330,0.009767911272365969,-0.0031203627586364746,0.0033568940652500363,-0.004280149936676025,0.0051599674139062145,-0.14299899339675903,0.5115804672241211,0.6974389553070068,-0.5193619132041931
process_visualization/Weather/h720/process_decomposition.csv,,,,,,,,,,,,,,,,,,,,,,,,,,,,,,,,,,,,,,,,,,,,,,,,,,,,,,,,,,,,,,,,,,,,,,,,,,,331,0.009767911272365969,-0.0031215548515319824,0.0033568940652500363,-0.00428318977355957,0.0051599674139062145,-0.14354175329208374,0.5143781900405884,0.699680507183075,-0.5379003286361694
process_visualization/Weather/h720/process_decomposition.csv,,,,,,,,,,,,,,,,,,,,,,,,,,,,,,,,,,,,,,,,,,,,,,,,,,,,,,,,,,,,,,,,,,,,,,,,,,,332,0.009767911272365969,-0.0031822919845581055,0.0033568940652500363,-0.004209637641906738,0.0051599674139062145,-0.1429240107536316,0.5148137807846069,0.7014319896697998,-0.5390589833259583
process_visualization/Weather/h720/process_decomposition.csv,,,,,,,,,,,,,,,,,,,,,,,,,,,,,,,,,,,,,,,,,,,,,,,,,,,,,,,,,,,,,,,,,,,,,,,,,,,333,0.009767911272365969,-0.003103315830230713,0.0033568940652500363,-0.004235506057739258,0.0051599674139062145,-0.142422616481781,0.51523756980896,0.6986009478569031,-0.5402176380157471
process_visualization/Weather/h720/process_decomposition.csv,,,,,,,,,,,,,,,,,,,,,,,,,,,,,,,,,,,,,,,,,,,,,,,,,,,,,,,,,,,,,,,,,,,,,,,,,,,334,0.009767911272365969,-0.003074467182159424,0.0033568940652500363,-0.00424879789352417,0.0051599674139062145,-0.1429682970046997,0.5161586403846741,0.698333740234375,-0.5413762927055359
process_visualization/Weather/h720/process_decomposition.csv,,,,,,,,,,,,,,,,,,,,,,,,,,,,,,,,,,,,,,,,,,,,,,,,,,,,,,,,,,,,,,,,,,,,,,,,,,,335,0.009767911272365969,-0.003130018711090088,0.0033568940652500363,-0.00420147180557251,0.0051599674139062145,-0.14254891872406006,0.5171788930892944,0.7037253379821777,-0.5436936020851135
process_visualization/Weather/h720/process_decomposition.csv,,,,,,,,,,,,,,,,,,,,,,,,,,,,,,,,,,,,,,,,,,,,,,,,,,,,,,,,,,,,,,,,,,,,,,,,,,,336,0.009767911272365969,-0.0030675530433654785,0.0033568940652500363,-0.004167914390563965,0.0051599674139062145,-0.1415223479270935,0.5181939601898193,0.7057765126228333,-0.559914767742157
process_visualization/Weather/h720/process_decomposition.csv,,,,,,,,,,,,,,,,,,,,,,,,,,,,,,,,,,,,,,,,,,,,,,,,,,,,,,,,,,,,,,,,,,,,,,,,,,,337,0.009767911272365969,-0.0030802488327026367,0.0033568940652500363,-0.004291117191314697,0.0051599674139062145,-0.13642814755439758,0.4947212040424347,0.68888920545578,-0.5622320771217346
process_visualization/Weather/h720/process_decomposition.csv,,,,,,,,,,,,,,,,,,,,,,,,,,,,,,,,,,,,,,,,,,,,,,,,,,,,,,,,,,,,,,,,,,,,,,,,,,,338,0.009767911272365969,-0.0030134618282318115,0.0033568940652500363,-0.004327505826950073,0.0051599674139062145,-0.13680624961853027,0.4953575134277344,0.6908504962921143,-0.559914767742157
process_visualization/Weather/h720/process_decomposition.csv,,,,,,,,,,,,,,,,,,,,,,,,,,,,,,,,,,,,,,,,,,,,,,,,,,,,,,,,,,,,,,,,,,,,,,,,,,,339,0.009767911272365969,-0.0031350553035736084,0.0033568940652500363,-0.004279911518096924,0.0051599674139062145,-0.13649898767471313,0.49602335691452026,0.690778911113739,-0.5483282208442688
process_visualization/Weather/h720/process_decomposition.csv,,,,,,,,,,,,,,,,,,,,,,,,,,,,,,,,,,,,,,,,,,,,,,,,,,,,,,,,,,,,,,,,,,,,,,,,,,,340,0.009767911272365969,-0.0031228959560394287,0.0033568940652500363,-0.004228383302688599,0.0051599674139062145,-0.13603836297988892,0.4954729676246643,0.6898842453956604,-0.5448522567749023
process_visualization/Weather/h720/process_decomposition.csv,,,,,,,,,,,,,,,,,,,,,,,,,,,,,,,,,,,,,,,,,,,,,,,,,,,,,,,,,,,,,,,,,,,,,,,,,,,341,0.009767911272365969,-0.003135383129119873,0.0033568940652500363,-0.004212051630020142,0.0051599674139062145,-0.13596922159194946,0.4966478943824768,0.6931353211402893,-0.5390589833259583
process_visualization/Weather/h720/process_decomposition.csv,,,,,,,,,,,,,,,,,,,,,,,,,,,,,,,,,,,,,,,,,,,,,,,,,,,,,,,,,,,,,,,,,,,,,,,,,,,342,0.009767911272365969,-0.0030714869499206543,0.0033568940652500363,-0.004221588373184204,0.0051599674139062145,-0.13571563363075256,0.49799594283103943,0.6899523735046387,-0.5239965319633484
process_visualization/Weather/h720/process_decomposition.csv,,,,,,,,,,,,,,,,,,,,,,,,,,,,,,,,,,,,,,,,,,,,,,,,,,,,,,,,,,,,,,,,,,,,,,,,,,,343,0.009767911272365969,-0.0030960440635681152,0.0033568940652500363,-0.004182636737823486,0.0051599674139062145,-0.1360088586807251,0.5002952814102173,0.6940458416938782,-0.500823438167572
process_visualization/Weather/h720/process_decomposition.csv,,,,,,,,,,,,,,,,,,,,,,,,,,,,,,,,,,,,,,,,,,,,,,,,,,,,,,,,,,,,,,,,,,,,,,,,,,,344,0.009767911272365969,-0.0031789541244506836,0.0033568940652500363,-0.0041542649269104,0.0051599674139062145,-0.13550537824630737,0.5016369223594666,0.6918841004371643,-0.48460230231285095
process_visualization/Weather/h720/process_decomposition.csv,,,,,,,,,,,,,,,,,,,,,,,,,,,,,,,,,,,,,,,,,,,,,,,,,,,,,,,,,,,,,,,,,,,,,,,,,,,345,0.009767911272365969,-0.003115832805633545,0.0033568940652500363,-0.004207134246826172,0.0051599674139062145,-0.13575220108032227,0.507438063621521,0.6921221613883972,-0.4799676835536957
process_visualization/Weather/h720/process_decomposition.csv,,,,,,,,,,,,,,,,,,,,,,,,,,,,,,,,,,,,,,,,,,,,,,,,,,,,,,,,,,,,,,,,,,,,,,,,,,,346,0.009767911272365969,-0.0031185150146484375,0.0033568940652500363,-0.00420612096786499,0.0051599674139062145,-0.13572829961776733,0.5089540481567383,0.6906151175498962,-0.48344364762306213
process_visualization/Weather/h720/process_decomposition.csv,,,,,,,,,,,,,,,,,,,,,,,,,,,,,,,,,,,,,,,,,,,,,,,,,,,,,,,,,,,,,,,,,,,,,,,,,,,347,0.009767911272365969,-0.0030495524406433105,0.0033568940652500363,-0.004192948341369629,0.0051599674139062145,-0.13545149564743042,0.5100576281547546,0.6927769184112549,-0.4741744101047516
process_visualization/Weather/h720/process_decomposition.csv,,,,,,,,,,,,,,,,,,,,,,,,,,,,,,,,,,,,,,,,,,,,,,,,,,,,,,,,,,,,,,,,,,,,,,,,,,,348,0.009767911272365969,-0.003056764602661133,0.0033568940652500363,-0.004159331321716309,0.0051599674139062145,-0.13523417711257935,0.5106521248817444,0.6956961750984192,-0.45911192893981934
process_visualization/Weather/h720/process_decomposition.csv,,,,,,,,,,,,,,,,,,,,,,,,,,,,,,,,,,,,,,,,,,,,,,,,,,,,,,,,,,,,,,,,,,,,,,,,,,,349,0.009767911272365969,-0.003142714500427246,0.0033568940652500363,-0.0041051506996154785,0.0051599674139062145,-0.13445210456848145,0.5131818652153015,0.6975515484809875,-0.44289079308509827
process_visualization/Weather/h720/process_decomposition.csv,,,,,,,,,,,,,,,,,,,,,,,,,,,,,,,,,,,,,,,,,,,,,,,,,,,,,,,,,,,,,,,,,,,,,,,,,,,350,0.009767911272365969,-0.0030551552772521973,0.0033568940652500363,-0.004051387310028076,0.0051599674139062145,-0.13306617736816406,0.5166769027709961,0.7005001902580261,-0.43593886494636536
process_visualization/Weather/h720/process_decomposition.csv,,,,,,,,,,,,,,,,,,,,,,,,,,,,,,,,,,,,,,,,,,,,,,,,,,,,,,,,,,,,,,,,,,,,,,,,,,,351,0.009767911272365969,-0.0031017065048217773,0.0033568940652500363,-0.004006326198577881,0.0051599674139062145,-0.13320738077163696,0.5174254179000854,0.7114698886871338,-0.43593886494636536
process_visualization/Weather/h720/process_decomposition.csv,,,,,,,,,,,,,,,,,,,,,,,,,,,,,,,,,,,,,,,,,,,,,,,,,,,,,,,,,,,,,,,,,,,,,,,,,,,352,0.009767911272365969,-0.0031378865242004395,0.0033568940652500363,-0.003971099853515625,0.0051599674139062145,-0.13224560022354126,0.5193537473678589,0.7108258008956909,-0.42898693680763245
process_visualization/Weather/h720/process_decomposition.csv,,,,,,,,,,,,,,,,,,,,,,,,,,,,,,,,,,,,,,,,,,,,,,,,,,,,,,,,,,,,,,,,,,,,,,,,,,,353,0.009767911272365969,-0.0033588409423828125,0.0033568940652500363,-0.004006683826446533,0.0051599674139062145,-0.13862735033035278,0.50108402967453,0.7097916603088379,-0.43014559149742126
process_visualization/Weather/h720/process_decomposition.csv,,,,,,,,,,,,,,,,,,,,,,,,,,,,,,,,,,,,,,,,,,,,,,,,,,,,,,,,,,,,,,,,,,,,,,,,,,,354,0.009767911272365969,-0.0033100247383117676,0.0033568940652500363,-0.004006922245025635,0.0051599674139062145,-0.13860857486724854,0.5016595721244812,0.7080194354057312,-0.41855907440185547
process_visualization/Weather/h720/process_decomposition.csv,,,,,,,,,,,,,,,,,,,,,,,,,,,,,,,,,,,,,,,,,,,,,,,,,,,,,,,,,,,,,,,,,,,,,,,,,,,355,0.009767911272365969,-0.0033378005027770996,0.0033568940652500363,-0.003944456577301025,0.0051599674139062145,-0.1386767029762268,0.5034648180007935,0.7046205401420593,-0.4139244556427002
process_visualization/Weather/h720/process_decomposition.csv,,,,,,,,,,,,,,,,,,,,,,,,,,,,,,,,,,,,,,,,,,,,,,,,,,,,,,,,,,,,,,,,,,,,,,,,,,,356,0.009767911272365969,-0.0033707618713378906,0.0033568940652500363,-0.003909111022949219,0.0051599674139062145,-0.1381416916847229,0.5012745261192322,0.7036561965942383,-0.40349656343460083
process_visualization/Weather/h720/process_decomposition.csv,,,,,,,,,,,,,,,,,,,,,,,,,,,,,,,,,,,,,,,,,,,,,,,,,,,,,,,,,,,,,,,,,,,,,,,,,,,357,0.009767911272365969,-0.0032668709754943848,0.0033568940652500363,-0.003975987434387207,0.0051599674139062145,-0.1383257508277893,0.5018569827079773,0.7101203799247742,-0.39191004633903503
process_visualization/Weather/h720/process_decomposition.csv,,,,,,,,,,,,,,,,,,,,,,,,,,,,,,,,,,,,,,,,,,,,,,,,,,,,,,,,,,,,,,,,,,,,,,,,,,,358,0.009767911272365969,-0.003385603427886963,0.0033568940652500363,-0.0038712024688720703,0.0051599674139062145,-0.13794928789138794,0.5057947635650635,0.7060815095901489,-0.38611677289009094
process_visualization/Weather/h720/process_decomposition.csv,,,,,,,,,,,,,,,,,,,,,,,,,,,,,,,,,,,,,,,,,,,,,,,,,,,,,,,,,,,,,,,,,,,,,,,,,,,359,0.009767911272365969,-0.003317415714263916,0.0033568940652500363,-0.003867924213409424,0.0051599674139062145,-0.1379801630973816,0.5079188346862793,0.7088154554367065,-0.3780061900615692
process_visualization/Weather/h720/process_decomposition.csv,,,,,,,,,,,,,,,,,,,,,,,,,,,,,,,,,,,,,,,,,,,,,,,,,,,,,,,,,,,,,,,,,,,,,,,,,,,360,0.009767911272365969,-0.0033093690872192383,0.0033568940652500363,-0.0038543343544006348,0.0051599674139062145,-0.13811588287353516,0.5094444751739502,0.7050403952598572,-0.3722129464149475
process_visualization/Weather/h720/process_decomposition.csv,,,,,,,,,,,,,,,,,,,,,,,,,,,,,,,,,,,,,,,,,,,,,,,,,,,,,,,,,,,,,,,,,,,,,,,,,,,361,0.009767911272365969,-0.003213167190551758,0.0033568940652500363,-0.003946781158447266,0.0051599674139062145,-0.1379026174545288,0.5090400576591492,0.7026154398918152,-0.3536744713783264
process_visualization/Weather/h720/process_decomposition.csv,,,,,,,,,,,,,,,,,,,,,,,,,,,,,,,,,,,,,,,,,,,,,,,,,,,,,,,,,,,,,,,,,,,,,,,,,,,362,0.009767911272365969,-0.0032814741134643555,0.0033568940652500363,-0.0039014220237731934,0.0051599674139062145,-0.13768190145492554,0.5097862482070923,0.7040095925331116,-0.3281840980052948
process_visualization/Weather/h720/process_decomposition.csv,,,,,,,,,,,,,,,,,,,,,,,,,,,,,,,,,,,,,,,,,,,,,,,,,,,,,,,,,,,,,,,,,,,,,,,,,,,363,0.009767911272365969,-0.0033266544342041016,0.0033568940652500363,-0.003879845142364502,0.0051599674139062145,-0.13827961683273315,0.5122855305671692,0.703891396522522,-0.31312161684036255
process_visualization/Weather/h720/process_decomposition.csv,,,,,,,,,,,,,,,,,,,,,,,,,,,,,,,,,,,,,,,,,,,,,,,,,,,,,,,,,,,,,,,,,,,,,,,,,,,364,0.009767911272365969,-0.003406524658203125,0.0033568940652500363,-0.003833949565887451,0.0051599674139062145,-0.13776934146881104,0.5149828195571899,0.7039417624473572,-0.3084869980812073
process_visualization/Weather/h720/process_decomposition.csv,,,,,,,,,,,,,,,,,,,,,,,,,,,,,,,,,,,,,,,,,,,,,,,,,,,,,,,,,,,,,,,,,,,,,,,,,,,365,0.009767911272365969,-0.0033733248710632324,0.0033568940652500363,-0.0038207173347473145,0.0051599674139062145,-0.13727545738220215,0.5150931477546692,0.7048900723457336,-0.29458317160606384
process_visualization/Weather/h720/process_decomposition.csv,,,,,,,,,,,,,,,,,,,,,,,,,,,,,,,,,,,,,,,,,,,,,,,,,,,,,,,,,,,,,,,,,,,,,,,,,,,366,0.009767911272365969,-0.0033957958221435547,0.0033568940652500363,-0.0038263797760009766,0.0051599674139062145,-0.13766807317733765,0.5157174468040466,0.7101922035217285,-0.27604472637176514
process_visualization/Weather/h720/process_decomposition.csv,,,,,,,,,,,,,,,,,,,,,,,,,,,,,,,,,,,,,,,,,,,,,,,,,,,,,,,,,,,,,,,,,,,,,,,,,,,367,0.009767911272365969,-0.0034526586532592773,0.0033568940652500363,-0.003753066062927246,0.0051599674139062145,-0.13752979040145874,0.5166527032852173,0.7110655307769775,-0.25287166237831116
process_visualization/Weather/h720/process_decomposition.csv,,,,,,,,,,,,,,,,,,,,,,,,,,,,,,,,,,,,,,,,,,,,,,,,,,,,,,,,,,,,,,,,,,,,,,,,,,,368,0.009767911272365969,-0.0034085512161254883,0.0033568940652500363,-0.003762364387512207,0.0051599674139062145,-0.13680875301361084,0.5155883431434631,0.7158216834068298,-0.22853992879390717
process_visualization/Weather/h720/process_decomposition.csv,,,,,,,,,,,,,,,,,,,,,,,,,,,,,,,,,,,,,,,,,,,,,,,,,,,,,,,,,,,,,,,,,,,,,,,,,,,369,0.009767911272365969,-0.0033492445945739746,0.0033568940652500363,-0.003570258617401123,0.0051599674139062145,-0.1407375931739807,0.5236547589302063,0.7230148315429688,-0.21695339679718018
process_visualization/Weather/h720/process_decomposition.csv,,,,,,,,,,,,,,,,,,,,,,,,,,,,,,,,,,,,,,,,,,,,,,,,,,,,,,,,,,,,,,,,,,,,,,,,,,,370,0.009767911272365969,-0.0033222436904907227,0.0033568940652500363,-0.003579556941986084,0.0051599674139062145,-0.14132148027420044,0.5235355496406555,0.7188401222229004,-0.206525519490242
process_visualization/Weather/h720/process_decomposition.csv,,,,,,,,,,,,,,,,,,,,,,,,,,,,,,,,,,,,,,,,,,,,,,,,,,,,,,,,,,,,,,,,,,,,,,,,,,,371,0.009767911272365969,-0.003356754779815674,0.0033568940652500363,-0.0035371780395507812,0.0051599674139062145,-0.14098411798477173,0.5245710015296936,0.7180349826812744,-0.1995736062526703
process_visualization/Weather/h720/process_decomposition.csv,,,,,,,,,,,,,,,,,,,,,,,,,,,,,,,,,,,,,,,,,,,,,,,,,,,,,,,,,,,,,,,,,,,,,,,,,,,372,0.009767911272365969,-0.0034639835357666016,0.0033568940652500363,-0.00345534086227417,0.0051599674139062145,-0.14063632488250732,0.523834228515625,0.7136428356170654,-0.19841495156288147
process_visualization/Weather/h720/process_decomposition.csv,,,,,,,,,,,,,,,,,,,,,,,,,,,,,,,,,,,,,,,,,,,,,,,,,,,,,,,,,,,,,,,,,,,,,,,,,,,373,0.009767911272365969,-0.003329455852508545,0.0033568940652500363,-0.0034940242767333984,0.0051599674139062145,-0.1407994031906128,0.5231491923332214,0.7138339877128601,-0.19493898749351501
process_visualization/Weather/h720/process_decomposition.csv,,,,,,,,,,,,,,,,,,,,,,,,,,,,,,,,,,,,,,,,,,,,,,,,,,,,,,,,,,,,,,,,,,,,,,,,,,,374,0.009767911272365969,-0.0034264326095581055,0.0033568940652500363,-0.0034749507904052734,0.0051599674139062145,-0.14066588878631592,0.524182140827179,0.7127581834793091,-0.17408323287963867
process_visualization/Weather/h720/process_decomposition.csv,,,,,,,,,,,,,,,,,,,,,,,,,,,,,,,,,,,,,,,,,,,,,,,,,,,,,,,,,,,,,,,,,,,,,,,,,,,375,0.009767911272365969,-0.003421008586883545,0.0033568940652500363,-0.003476083278656006,0.0051599674139062145,-0.1411377191543579,0.5244470238685608,0.7112393975257874,-0.1810351461172104
process_visualization/Weather/h720/process_decomposition.csv,,,,,,,,,,,,,,,,,,,,,,,,,,,,,,,,,,,,,,,,,,,,,,,,,,,,,,,,,,,,,,,,,,,,,,,,,,,376,0.009767911272365969,-0.0034516453742980957,0.0033568940652500363,-0.003453850746154785,0.0051599674139062145,-0.14078211784362793,0.5256814360618591,0.7093377113342285,-0.17871783673763275
process_visualization/Weather/h720/process_decomposition.csv,,,,,,,,,,,,,,,,,,,,,,,,,,,,,,,,,,,,,,,,,,,,,,,,,,,,,,,,,,,,,,,,,,,,,,,,,,,377,0.009767911272365969,-0.0034239888191223145,0.0033568940652500363,-0.003477156162261963,0.0051599674139062145,-0.14088571071624756,0.5277684926986694,0.7087661027908325,-0.18335245549678802
process_visualization/Weather/h720/process_decomposition.csv,,,,,,,,,,,,,,,,,,,,,,,,,,,,,,,,,,,,,,,,,,,,,,,,,,,,,,,,,,,,,,,,,,,,,,,,,,,378,0.009767911272365969,-0.0034493207931518555,0.0033568940652500363,-0.0034741759300231934,0.0051599674139062145,-0.14111655950546265,0.5274875164031982,0.7098760008811951,-0.18914572894573212
process_visualization/Weather/h720/process_decomposition.csv,,,,,,,,,,,,,,,,,,,,,,,,,,,,,,,,,,,,,,,,,,,,,,,,,,,,,,,,,,,,,,,,,,,,,,,,,,,379,0.009767911272365969,-0.0034050941467285156,0.0033568940652500363,-0.003460526466369629,0.0051599674139062145,-0.14087897539138794,0.5260603427886963,0.7094321846961975,-0.19146302342414856
process_visualization/Weather/h720/process_decomposition.csv,,,,,,,,,,,,,,,,,,,,,,,,,,,,,,,,,,,,,,,,,,,,,,,,,,,,,,,,,,,,,,,,,,,,,,,,,,,380,0.009767911272365969,-0.003355562686920166,0.0033568940652500363,-0.00347977876663208,0.0051599674139062145,-0.14079326391220093,0.5264497399330139,0.7090061902999878,-0.18451111018657684
process_visualization/Weather/h720/process_decomposition.csv,,,,,,,,,,,,,,,,,,,,,,,,,,,,,,,,,,,,,,,,,,,,,,,,,,,,,,,,,,,,,,,,,,,,,,,,,,,381,0.009767911272365969,-0.0033287405967712402,0.0033568940652500363,-0.003468811511993408,0.0051599674139062145,-0.1401442289352417,0.5249090194702148,0.7094539403915405,-0.17987649142742157
process_visualization/Weather/h720/process_decomposition.csv,,,,,,,,,,,,,,,,,,,,,,,,,,,,,,,,,,,,,,,,,,,,,,,,,,,,,,,,,,,,,,,,,,,,,,,,,,,382,0.009767911272365969,-0.0033408403396606445,0.0033568940652500363,-0.0034160614013671875,0.0051599674139062145,-0.1388324499130249,0.5251336693763733,0.7109544277191162,-0.16481401026248932
process_visualization/Weather/h720/process_decomposition.csv,,,,,,,,,,,,,,,,,,,,,,,,,,,,,,,,,,,,,,,,,,,,,,,,,,,,,,,,,,,,,,,,,,,,,,,,,,,383,0.009767911272365969,-0.0033919811248779297,0.0033568940652500363,-0.003400087356567383,0.0051599674139062145,-0.13926750421524048,0.5243257880210876,0.7125396132469177,-0.1636553555727005
process_visualization/Weather/h720/process_decomposition.csv,,,,,,,,,,,,,,,,,,,,,,,,,,,,,,,,,,,,,,,,,,,,,,,,,,,,,,,,,,,,,,,,,,,,,,,,,,,384,0.009767911272365969,-0.00338137149810791,0.0033568940652500363,-0.003403782844543457,0.0051599674139062145,-0.13845974206924438,0.5250498056411743,0.713236391544342,-0.17292457818984985
process_visualization/Weather/h720/process_decomposition.csv,,,,,,,,,,,,,,,,,,,,,,,,,,,,,,,,,,,,,,,,,,,,,,,,,,,,,,,,,,,,,,,,,,,,,,,,,,,385,0.009767911272365969,-0.0032210350036621094,0.0033568940652500363,-0.0030570030212402344,0.0051599674139062145,-0.14025098085403442,0.5389346480369568,0.7079169750213623,-0.19262167811393738
process_visualization/Weather/h720/process_decomposition.csv,,,,,,,,,,,,,,,,,,,,,,,,,,,,,,,,,,,,,,,,,,,,,,,,,,,,,,,,,,,,,,,,,,,,,,,,,,,386,0.009767911272365969,-0.003176271915435791,0.0033568940652500363,-0.0030881762504577637,0.0051599674139062145,-0.1407676339149475,0.5365497469902039,0.7062865495681763,-0.19841495156288147
process_visualization/Weather/h720/process_decomposition.csv,,,,,,,,,,,,,,,,,,,,,,,,,,,,,,,,,,,,,,,,,,,,,,,,,,,,,,,,,,,,,,,,,,,,,,,,,,,387,0.009767911272365969,-0.0032392144203186035,0.0033568940652500363,-0.0030792951583862305,0.0051599674139062145,-0.14113444089889526,0.5332928895950317,0.7056671380996704,-0.2123187929391861
process_visualization/Weather/h720/process_decomposition.csv,,,,,,,,,,,,,,,,,,,,,,,,,,,,,,,,,,,,,,,,,,,,,,,,,,,,,,,,,,,,,,,,,,,,,,,,,,,388,0.009767911272365969,-0.0032274723052978516,0.0033568940652500363,-0.0030847787857055664,0.0051599674139062145,-0.1410006880760193,0.532926619052887,0.7038897275924683,-0.22158801555633545
process_visualization/Weather/h720/process_decomposition.csv,,,,,,,,,,,,,,,,,,,,,,,,,,,,,,,,,,,,,,,,,,,,,,,,,,,,,,,,,,,,,,,,,,,,,,,,,,,389,0.009767911272365969,-0.0032511353492736816,0.0033568940652500363,-0.0030953288078308105,0.0051599674139062145,-0.14084243774414062,0.530817985534668,0.7036756277084351,-0.23549185693264008
process_visualization/Weather/h720/process_decomposition.csv,,,,,,,,,,,,,,,,,,,,,,,,,,,,,,,,,,,,,,,,,,,,,,,,,,,,,,,,,,,,,,,,,,,,,,,,,,,390,0.009767911272365969,-0.003186047077178955,0.0033568940652500363,-0.0031203627586364746,0.0051599674139062145,-0.1408511996269226,0.5325154066085815,0.7048090696334839,-0.2366505116224289
process_visualization/Weather/h720/process_decomposition.csv,,,,,,,,,,,,,,,,,,,,,,,,,,,,,,,,,,,,,,,,,,,,,,,,,,,,,,,,,,,,,,,,,,,,,,,,,,,391,0.009767911272365969,-0.0031623244285583496,0.0033568940652500363,-0.0031441450119018555,0.0051599674139062145,-0.14117646217346191,0.5286611914634705,0.7042839527130127,-0.2551889717578888
process_visualization/Weather/h720/process_decomposition.csv,,,,,,,,,,,,,,,,,,,,,,,,,,,,,,,,,,,,,,,,,,,,,,,,,,,,,,,,,,,,,,,,,,,,,,,,,,,392,0.009767911272365969,-0.0032776594161987305,0.0033568940652500363,-0.003121674060821533,0.0051599674139062145,-0.1414862871170044,0.5266823172569275,0.7056213617324829,-0.26445817947387695
process_visualization/Weather/h720/process_decomposition.csv,,,,,,,,,,,,,,,,,,,,,,,,,,,,,,,,,,,,,,,,,,,,,,,,,,,,,,,,,,,,,,,,,,,,,,,,,,,393,0.009767911272365969,-0.003260791301727295,0.0033568940652500363,-0.0030586719512939453,0.0051599674139062145,-0.1406247615814209,0.5260134339332581,0.7038962841033936,-0.2725687623023987
process_visualization/Weather/h720/process_decomposition.csv,,,,,,,,,,,,,,,,,,,,,,,,,,,,,,,,,,,,,,,,,,,,,,,,,,,,,,,,,,,,,,,,,,,,,,,,,,,394,0.009767911272365969,-0.0032036900520324707,0.0033568940652500363,-0.003096282482147217,0.0051599674139062145,-0.14046210050582886,0.5239560604095459,0.7044085264205933,-0.2748860716819763
process_visualization/Weather/h720/process_decomposition.csv,,,,,,,,,,,,,,,,,,,,,,,,,,,,,,,,,,,,,,,,,,,,,,,,,,,,,,,,,,,,,,,,,,,,,,,,,,,395,0.009767911272365969,-0.0032050609588623047,0.0033568940652500363,-0.0031197667121887207,0.0051599674139062145,-0.14107489585876465,0.5228859186172485,0.704676628112793,-0.2853139340877533
process_visualization/Weather/h720/process_decomposition.csv,,,,,,,,,,,,,,,,,,,,,,,,,,,,,,,,,,,,,,,,,,,,,,,,,,,,,,,,,,,,,,,,,,,,,,,,,,,396,0.009767911272365969,-0.0032515525817871094,0.0033568940652500363,-0.0031371116638183594,0.0051599674139062145,-0.14076942205429077,0.5211758613586426,0.7027136087417603,-0.28763124346733093
process_visualization/Weather/h720/process_decomposition.csv,,,,,,,,,,,,,,,,,,,,,,,,,,,,,,,,,,,,,,,,,,,,,,,,,,,,,,,,,,,,,,,,,,,,,,,,,,,397,0.009767911272365969,-0.003155827522277832,0.0033568940652500363,-0.0031919479370117188,0.0051599674139062145,-0.14037466049194336,0.5182170271873474,0.7044035792350769,-0.2853139340877533
process_visualization/Weather/h720/process_decomposition.csv,,,,,,,,,,,,,,,,,,,,,,,,,,,,,,,,,,,,,,,,,,,,,,,,,,,,,,,,,,,,,,,,,,,,,,,,,,,398,0.009767911272365969,-0.0031752586364746094,0.0033568940652500363,-0.0032379627227783203,0.0051599674139062145,-0.14104318618774414,0.5170049667358398,0.7047353386878967,-0.30037644505500793
process_visualization/Weather/h720/process_decomposition.csv,,,,,,,,,,,,,,,,,,,,,,,,,,,,,,,,,,,,,,,,,,,,,,,,,,,,,,,,,,,,,,,,,,,,,,,,,,,399,0.009767911272365969,-0.0032570362091064453,0.0033568940652500363,-0.003193080425262451,0.0051599674139062145,-0.14072543382644653,0.5147407650947571,0.7035890817642212,-0.30732834339141846
process_visualization/Weather/h720/process_decomposition.csv,,,,,,,,,,,,,,,,,,,,,,,,,,,,,,,,,,,,,,,,,,,,,,,,,,,,,,,,,,,,,,,,,,,,,,,,,,,400,0.009767911272365969,-0.003192603588104248,0.0033568940652500363,-0.0032446980476379395,0.0051599674139062145,-0.14043205976486206,0.5130427479743958,0.7090156078338623,-0.3108043074607849
process_visualization/Weather/h720/process_decomposition.csv,,,,,,,,,,,,,,,,,,,,,,,,,,,,,,,,,,,,,,,,,,,,,,,,,,,,,,,,,,,,,,,,,,,,,,,,,,,401,0.009767911272365969,-0.0030660033226013184,0.0033568940652500363,-0.0030460357666015625,0.0051599674139062145,-0.14073199033737183,0.5424069762229919,0.7135986685752869,-0.31312161684036255
process_visualization/Weather/h720/process_decomposition.csv,,,,,,,,,,,,,,,,,,,,,,,,,,,,,,,,,,,,,,,,,,,,,,,,,,,,,,,,,,,,,,,,,,,,,,,,,,,402,0.009767911272365969,-0.0030432939529418945,0.0033568940652500363,-0.003070831298828125,0.0051599674139062145,-0.14170724153518677,0.5399806499481201,0.7092547416687012,-0.31312161684036255
process_visualization/Weather/h720/process_decomposition.csv,,,,,,,,,,,,,,,,,,,,,,,,,,,,,,,,,,,,,,,,,,,,,,,,,,,,,,,,,,,,,,,,,,,,,,,,,,,403,0.009767911272365969,-0.0030583739280700684,0.0033568940652500363,-0.003102719783782959,0.0051599674139062145,-0.14197641611099243,0.5386841893196106,0.7087888121604919,-0.3293427526950836
process_visualization/Weather/h720/process_decomposition.csv,,,,,,,,,,,,,,,,,,,,,,,,,,,,,,,,,,,,,,,,,,,,,,,,,,,,,,,,,,,,,,,,,,,,,,,,,,,404,0.009767911272365969,-0.003013312816619873,0.0033568940652500363,-0.0031061768531799316,0.0051599674139062145,-0.14200860261917114,0.5356553196907043,0.7086702585220337,-0.3351360261440277
process_visualization/Weather/h720/process_decomposition.csv,,,,,,,,,,,,,,,,,,,,,,,,,,,,,,,,,,,,,,,,,,,,,,,,,,,,,,,,,,,,,,,,,,,,,,,,,,,405,0.009767911272365969,-0.002969980239868164,0.0033568940652500363,-0.003159940242767334,0.0051599674139062145,-0.14218366146087646,0.5333707332611084,0.7102936506271362,-0.3409292995929718
process_visualization/Weather/h720/process_decomposition.csv,,,,,,,,,,,,,,,,,,,,,,,,,,,,,,,,,,,,,,,,,,,,,,,,,,,,,,,,,,,,,,,,,,,,,,,,,,,406,0.009767911272365969,-0.0030580759048461914,0.0033568940652500363,-0.003126084804534912,0.0051599674139062145,-0.14199018478393555,0.5328952074050903,0.7053705453872681,-0.33861199021339417
process_visualization/Weather/h720/process_decomposition.csv,,,,,,,,,,,,,,,,,,,,,,,,,,,,,,,,,,,,,,,,,,,,,,,,,,,,,,,,,,,,,,,,,,,,,,,,,,,407,0.009767911272365969,-0.0030990242958068848,0.0033568940652500363,-0.0031785964965820312,0.0051599674139062145,-0.1430373191833496,0.5315747261047363,0.706025242805481,-0.3328187167644501
process_visualization/Weather/h720/process_decomposition.csv,,,,,,,,,,,,,,,,,,,,,,,,,,,,,,,,,,,,,,,,,,,,,,,,,,,,,,,,,,,,,,,,,,,,,,,,,,,408,0.009767911272365969,-0.0029857754707336426,0.0033568940652500363,-0.0032413601875305176,0.0051599674139062145,-0.14302903413772583,0.5293383002281189,0.7118176221847534,-0.3351360261440277
process_visualization/Weather/h720/process_decomposition.csv,,,,,,,,,,,,,,,,,,,,,,,,,,,,,,,,,,,,,,,,,,,,,,,,,,,,,,,,,,,,,,,,,,,,,,,,,,,409,0.009767911272365969,-0.002951383590698242,0.0033568940652500363,-0.0032058358192443848,0.0051599674139062145,-0.1433529257774353,0.5270275473594666,0.7064408659934998,-0.3467225730419159
process_visualization/Weather/h720/process_decomposition.csv,,,,,,,,,,,,,,,,,,,,,,,,,,,,,,,,,,,,,,,,,,,,,,,,,,,,,,,,,,,,,,,,,,,,,,,,,,,410,0.009767911272365969,-0.0030324459075927734,0.0033568940652500363,-0.0032085180282592773,0.0051599674139062145,-0.14333170652389526,0.5264365077018738,0.706268310546875,-0.35135719180107117
process_visualization/Weather/h720/process_decomposition.csv,,,,,,,,,,,,,,,,,,,,,,,,,,,,,,,,,,,,,,,,,,,,,,,,,,,,,,,,,,,,,,,,,,,,,,,,,,,411,0.009767911272365969,-0.0029932260513305664,0.0033568940652500363,-0.003205239772796631,0.0051599674139062145,-0.14310520887374878,0.5239329934120178,0.7065965533256531,-0.34903988242149353
process_visualization/Weather/h720/process_decomposition.csv,,,,,,,,,,,,,,,,,,,,,,,,,,,,,,,,,,,,,,,,,,,,,,,,,,,,,,,,,,,,,,,,,,,,,,,,,,,412,0.009767911272365969,-0.003026127815246582,0.0033568940652500363,-0.003210127353668213,0.0051599674139062145,-0.14308172464370728,0.5234704613685608,0.706021249294281,-0.35135719180107117
process_visualization/Weather/h720/process_decomposition.csv,,,,,,,,,,,,,,,,,,,,,,,,,,,,,,,,,,,,,,,,,,,,,,,,,,,,,,,,,,,,,,,,,,,,,,,,,,,413,0.009767911272365969,-0.002998948097229004,0.0033568940652500363,-0.003223598003387451,0.0051599674139062145,-0.1425507664680481,0.5221973061561584,0.7055491805076599,-0.35599178075790405
process_visualization/Weather/h720/process_decomposition.csv,,,,,,,,,,,,,,,,,,,,,,,,,,,,,,,,,,,,,,,,,,,,,,,,,,,,,,,,,,,,,,,,,,,,,,,,,,,414,0.009767911272365969,-0.002993345260620117,0.0033568940652500363,-0.0032045841217041016,0.0051599674139062145,-0.14172959327697754,0.522659420967102,0.7076019048690796,-0.35599178075790405
process_visualization/Weather/h720/process_decomposition.csv,,,,,,,,,,,,,,,,,,,,,,,,,,,,,,,,,,,,,,,,,,,,,,,,,,,,,,,,,,,,,,,,,,,,,,,,,,,415,0.009767911272365969,-0.003017127513885498,0.0033568940652500363,-0.0032064318656921387,0.0051599674139062145,-0.14187407493591309,0.5209656953811646,0.705946683883667,-0.3641023635864258
process_visualization/Weather/h720/process_decomposition.csv,,,,,,,,,,,,,,,,,,,,,,,,,,,,,,,,,,,,,,,,,,,,,,,,,,,,,,,,,,,,,,,,,,,,,,,,,,,416,0.009767911272365969,-0.0029855966567993164,0.0033568940652500363,-0.0032393336296081543,0.0051599674139062145,-0.1414770483970642,0.5203865170478821,0.7092215418815613,-0.36757832765579224
process_visualization/Weather/h720/process_decomposition.csv,,,,,,,,,,,,,,,,,,,,,,,,,,,,,,,,,,,,,,,,,,,,,,,,,,,,,,,,,,,,,,,,,,,,,,,,,,,417,0.009767911272365969,-0.002856910228729248,0.0033568940652500363,-0.003083944320678711,0.0051599674139062145,-0.14276087284088135,0.5430322289466858,0.7195041179656982,-0.3606263995170593
process_visualization/Weather/h720/process_decomposition.csv,,,,,,,,,,,,,,,,,,,,,,,,,,,,,,,,,,,,,,,,,,,,,,,,,,,,,,,,,,,,,,,,,,,,,,,,,,,418,0.009767911272365969,-0.002889573574066162,0.0033568940652500363,-0.0030930042266845703,0.0051599674139062145,-0.1435202956199646,0.541298508644104,0.7123116254806519,-0.3525158166885376
process_visualization/Weather/h720/process_decomposition.csv,,,,,,,,,,,,,,,,,,,,,,,,,,,,,,,,,,,,,,,,,,,,,,,,,,,,,,,,,,,,,,,,,,,,,,,,,,,419,0.009767911272365969,-0.0028768181800842285,0.0033568940652500363,-0.0031096339225769043,0.0051599674139062145,-0.1443699598312378,0.5391175746917725,0.7099514603614807,-0.3339773714542389
process_visualization/Weather/h720/process_decomposition.csv,,,,,,,,,,,,,,,,,,,,,,,,,,,,,,,,,,,,,,,,,,,,,,,,,,,,,,,,,,,,,,,,,,,,,,,,,,,420,0.009767911272365969,-0.0028651952743530273,0.0033568940652500363,-0.0031161904335021973,0.0051599674139062145,-0.14438319206237793,0.5390763282775879,0.7103743553161621,-0.32702547311782837
process_visualization/Weather/h720/process_decomposition.csv,,,,,,,,,,,,,,,,,,,,,,,,,,,,,,,,,,,,,,,,,,,,,,,,,,,,,,,,,,,,,,,,,,,,,,,,,,,421,0.009767911272365969,-0.0029367804527282715,0.0033568940652500363,-0.003128230571746826,0.0051599674139062145,-0.14459377527236938,0.537081241607666,0.7067053914070129,-0.30732834339141846
process_visualization/Weather/h720/process_decomposition.csv,,,,,,,,,,,,,,,,,,,,,,,,,,,,,,,,,,,,,,,,,,,,,,,,,,,,,,,,,,,,,,,,,,,,,,,,,,,422,0.009767911272365969,-0.0029303431510925293,0.0033568940652500363,-0.0031210780143737793,0.0051599674139062145,-0.14460253715515137,0.5365313291549683,0.7102969884872437,-0.30037644505500793
process_visualization/Weather/h720/process_decomposition.csv,,,,,,,,,,,,,,,,,,,,,,,,,,,,,,,,,,,,,,,,,,,,,,,,,,,,,,,,,,,,,,,,,,,,,,,,,,,423,0.009767911272365969,-0.002922356128692627,0.0033568940652500363,-0.0031528472900390625,0.0051599674139062145,-0.14544159173965454,0.5372193455696106,0.7106591463088989,-0.30269375443458557
process_visualization/Weather/h720/process_decomposition.csv,,,,,,,,,,,,,,,,,,,,,,,,,,,,,,,,,,,,,,,,,,,,,,,,,,,,,,,,,,,,,,,,,,,,,,,,,,,424,0.009767911272365969,-0.0029087066650390625,0.0033568940652500363,-0.0032118558883666992,0.0051599674139062145,-0.14582860469818115,0.5352863073348999,0.7082036137580872,-0.30269375443458557
process_visualization/Weather/h720/process_decomposition.csv,,,,,,,,,,,,,,,,,,,,,,,,,,,,,,,,,,,,,,,,,,,,,,,,,,,,,,,,,,,,,,,,,,,,,,,,,,,425,0.009767911272365969,-0.0028594136238098145,0.0033568940652500363,-0.0031799674034118652,0.0051599674139062145,-0.14586400985717773,0.5328290462493896,0.708782434463501,-0.2969004809856415
process_visualization/Weather/h720/process_decomposition.csv,,,,,,,,,,,,,,,,,,,,,,,,,,,,,,,,,,,,,,,,,,,,,,,,,,,,,,,,,,,,,,,,,,,,,,,,,,,426,0.009767911272365969,-0.002956092357635498,0.0033568940652500363,-0.003175675868988037,0.0051599674139062145,-0.14561796188354492,0.5332931876182556,0.7062572836875916,-0.3084869980812073
process_visualization/Weather/h720/process_decomposition.csv,,,,,,,,,,,,,,,,,,,,,,,,,,,,,,,,,,,,,,,,,,,,,,,,,,,,,,,,,,,,,,,,,,,,,,,,,,,427,0.009767911272365969,-0.002934098243713379,0.0033568940652500363,-0.0031670331954956055,0.0051599674139062145,-0.1460728645324707,0.5321007966995239,0.7054435610771179,-0.31891489028930664
process_visualization/Weather/h720/process_decomposition.csv,,,,,,,,,,,,,,,,,,,,,,,,,,,,,,,,,,,,,,,,,,,,,,,,,,,,,,,,,,,,,,,,,,,,,,,,,,,428,0.009767911272365969,-0.0029720664024353027,0.0033568940652500363,-0.0031793713569641113,0.0051599674139062145,-0.14588236808776855,0.5308519601821899,0.7062159776687622,-0.303852379322052
process_visualization/Weather/h720/process_decomposition.csv,,,,,,,,,,,,,,,,,,,,,,,,,,,,,,,,,,,,,,,,,,,,,,,,,,,,,,,,,,,,,,,,,,,,,,,,,,,429,0.009767911272365969,-0.0028284192085266113,0.0033568940652500363,-0.003247678279876709,0.0051599674139062145,-0.1455988883972168,0.5301161408424377,0.7121384143829346,-0.30269375443458557
process_visualization/Weather/h720/process_decomposition.csv,,,,,,,,,,,,,,,,,,,,,,,,,,,,,,,,,,,,,,,,,,,,,,,,,,,,,,,,,,,,,,,,,,,,,,,,,,,430,0.009767911272365969,-0.0029036402702331543,0.0033568940652500363,-0.003275752067565918,0.0051599674139062145,-0.1466178297996521,0.5264633297920227,0.7115496397018433,-0.30732834339141846
process_visualization/Weather/h720/process_decomposition.csv,,,,,,,,,,,,,,,,,,,,,,,,,,,,,,,,,,,,,,,,,,,,,,,,,,,,,,,,,,,,,,,,,,,,,,,,,,,431,0.009767911272365969,-0.0029415488243103027,0.0033568940652500363,-0.00324857234954834,0.0051599674139062145,-0.14637231826782227,0.5256615877151489,0.7150644659996033,-0.28763124346733093
process_visualization/Weather/h720/process_decomposition.csv,,,,,,,,,,,,,,,,,,,,,,,,,,,,,,,,,,,,,,,,,,,,,,,,,,,,,,,,,,,,,,,,,,,,,,,,,,,432,0.009767911272365969,-0.0028783679008483887,0.0033568940652500363,-0.0032860636711120605,0.0051599674139062145,-0.145973801612854,0.5237496495246887,0.7151646018028259,-0.29574182629585266
process_visualization/Weather/h720/process_decomposition.csv,,,,,,,,,,,,,,,,,,,,,,,,,,,,,,,,,,,,,,,,,,,,,,,,,,,,,,,,,,,,,,,,,,,,,,,,,,,433,0.009767911272365969,-0.002937495708465576,0.0033568940652500363,-0.003363370895385742,0.0051599674139062145,-0.14717793464660645,0.5326676368713379,0.7237154245376587,-0.316597580909729
process_visualization/Weather/h720/process_decomposition.csv,,,,,,,,,,,,,,,,,,,,,,,,,,,,,,,,,,,,,,,,,,,,,,,,,,,,,,,,,,,,,,,,,,,,,,,,,,,434,0.009767911272365969,-0.002943575382232666,0.0033568940652500363,-0.0034139156341552734,0.0051599674139062145,-0.148368239402771,0.5312099456787109,0.7270329594612122,-0.32470816373825073
process_visualization/Weather/h720/process_decomposition.csv,,,,,,,,,,,,,,,,,,,,,,,,,,,,,,,,,,,,,,,,,,,,,,,,,,,,,,,,,,,,,,,,,,,,,,,,,,,435,0.009767911272365969,-0.0029842257499694824,0.0033568940652500363,-0.0034229159355163574,0.0051599674139062145,-0.14881432056427002,0.5288407206535339,0.724627673625946,-0.34903988242149353
process_visualization/Weather/h720/process_decomposition.csv,,,,,,,,,,,,,,,,,,,,,,,,,,,,,,,,,,,,,,,,,,,,,,,,,,,,,,,,,,,,,,,,,,,,,,,,,,,436,0.009767911272365969,-0.0029355883598327637,0.0033568940652500363,-0.003438413143157959,0.0051599674139062145,-0.148875892162323,0.5275572538375854,0.7279161214828491,-0.3594677448272705
process_visualization/Weather/h720/process_decomposition.csv,,,,,,,,,,,,,,,,,,,,,,,,,,,,,,,,,,,,,,,,,,,,,,,,,,,,,,,,,,,,,,,,,,,,,,,,,,,437,0.009767911272365969,-0.0029318928718566895,0.0033568940652500363,-0.0034450888633728027,0.0051599674139062145,-0.14916813373565674,0.5274420976638794,0.73247891664505,-0.3652610182762146
process_visualization/Weather/h720/process_decomposition.csv,,,,,,,,,,,,,,,,,,,,,,,,,,,,,,,,,,,,,,,,,,,,,,,,,,,,,,,,,,,,,,,,,,,,,,,,,,,438,0.009767911272365969,-0.0029085874557495117,0.0033568940652500363,-0.0034170150756835938,0.0051599674139062145,-0.14906340837478638,0.5291810631752014,0.7320313453674316,-0.35135719180107117
process_visualization/Weather/h720/process_decomposition.csv,,,,,,,,,,,,,,,,,,,,,,,,,,,,,,,,,,,,,,,,,,,,,,,,,,,,,,,,,,,,,,,,,,,,,,,,,,,439,0.009767911272365969,-0.002885162830352783,0.0033568940652500363,-0.0034847259521484375,0.0051599674139062145,-0.1501653790473938,0.528207004070282,0.7437463998794556,-0.35715043544769287
process_visualization/Weather/h720/process_decomposition.csv,,,,,,,,,,,,,,,,,,,,,,,,,,,,,,,,,,,,,,,,,,,,,,,,,,,,,,,,,,,,,,,,,,,,,,,,,,,440,0.009767911272365969,-0.002897799015045166,0.0033568940652500363,-0.0035021305084228516,0.0051599674139062145,-0.1498192548751831,0.529678463935852,0.7448731064796448,-0.3641023635864258
process_visualization/Weather/h720/process_decomposition.csv,,,,,,,,,,,,,,,,,,,,,,,,,,,,,,,,,,,,,,,,,,,,,,,,,,,,,,,,,,,,,,,,,,,,,,,,,,,441,0.009767911272365969,-0.0028846263885498047,0.0033568940652500363,-0.003519594669342041,0.0051599674139062145,-0.15009671449661255,0.5280829071998596,0.7573608756065369,-0.34903988242149353
process_visualization/Weather/h720/process_decomposition.csv,,,,,,,,,,,,,,,,,,,,,,,,,,,,,,,,,,,,,,,,,,,,,,,,,,,,,,,,,,,,,,,,,,,,,,,,,,,442,0.009767911272365969,-0.002945244312286377,0.0033568940652500363,-0.0035100579261779785,0.0051599674139062145,-0.1502339243888855,0.5259944200515747,0.7630535364151001,-0.339770644903183
process_visualization/Weather/h720/process_decomposition.csv,,,,,,,,,,,,,,,,,,,,,,,,,,,,,,,,,,,,,,,,,,,,,,,,,,,,,,,,,,,,,,,,,,,,,,,,,,,443,0.009767911272365969,-0.002875804901123047,0.0033568940652500363,-0.0035032033920288086,0.0051599674139062145,-0.1498863697052002,0.5266898274421692,0.7656705975532532,-0.3328187167644501
process_visualization/Weather/h720/process_decomposition.csv,,,,,,,,,,,,,,,,,,,,,,,,,,,,,,,,,,,,,,,,,,,,,,,,,,,,,,,,,,,,,,,,,,,,,,,,,,,444,0.009767911272365969,-0.0029387474060058594,0.0033568940652500363,-0.003489255905151367,0.0051599674139062145,-0.14988750219345093,0.5263215899467468,0.7707871794700623,-0.3328187167644501
process_visualization/Weather/h720/process_decomposition.csv,,,,,,,,,,,,,,,,,,,,,,,,,,,,,,,,,,,,,,,,,,,,,,,,,,,,,,,,,,,,,,,,,,,,,,,,,,,445,0.009767911272365969,-0.0028747916221618652,0.0033568940652500363,-0.0035108327865600586,0.0051599674139062145,-0.14927399158477783,0.5268381834030151,0.7713519930839539,-0.3293427526950836
process_visualization/Weather/h720/process_decomposition.csv,,,,,,,,,,,,,,,,,,,,,,,,,,,,,,,,,,,,,,,,,,,,,,,,,,,,,,,,,,,,,,,,,,,,,,,,,,,446,0.009767911272365969,-0.002894878387451172,0.0033568940652500363,-0.003481268882751465,0.0051599674139062145,-0.14852654933929443,0.5253538489341736,0.7727428078651428,-0.3235495090484619
process_visualization/Weather/h720/process_decomposition.csv,,,,,,,,,,,,,,,,,,,,,,,,,,,,,,,,,,,,,,,,,,,,,,,,,,,,,,,,,,,,,,,,,,,,,,,,,,,447,0.009767911272365969,-0.0028899312019348145,0.0033568940652500363,-0.0035022497177124023,0.0051599674139062145,-0.148665189743042,0.5245827436447144,0.7836792469024658,-0.3212321996688843
process_visualization/Weather/h720/process_decomposition.csv,,,,,,,,,,,,,,,,,,,,,,,,,,,,,,,,,,,,,,,,,,,,,,,,,,,,,,,,,,,,,,,,,,,,,,,,,,,448,0.009767911272365969,-0.0028374791145324707,0.0033568940652500363,-0.0035257339477539062,0.0051599674139062145,-0.14799410104751587,0.5249885320663452,0.7812849879264832,-0.33050140738487244
process_visualization/Weather/h720/process_decomposition.csv,,,,,,,,,,,,,,,,,,,,,,,,,,,,,,,,,,,,,,,,,,,,,,,,,,,,,,,,,,,,,,,,,,,,,,,,,,,449,0.009767911272365969,-0.0031066536903381348,0.0033568940652500363,-0.0038989782333374023,0.0051599674139062145,-0.15293872356414795,0.5130364894866943,0.7883689403533936,-0.33861199021339417
process_visualization/Weather/h720/process_decomposition.csv,,,,,,,,,,,,,,,,,,,,,,,,,,,,,,,,,,,,,,,,,,,,,,,,,,,,,,,,,,,,,,,,,,,,,,,,,,,450,0.009767911272365969,-0.003144204616546631,0.0033568940652500363,-0.0038887858390808105,0.0051599674139062145,-0.15355265140533447,0.5129048228263855,0.7859426736831665,-0.3351360261440277
process_visualization/Weather/h720/process_decomposition.csv,,,,,,,,,,,,,,,,,,,,,,,,,,,,,,,,,,,,,,,,,,,,,,,,,,,,,,,,,,,,,,,,,,,,,,,,,,,451,0.009767911272365969,-0.0030962228775024414,0.0033568940652500363,-0.00391542911529541,0.0051599674139062145,-0.15456825494766235,0.5150180459022522,0.7900020480155945,-0.33166006207466125
process_visualization/Weather/h720/process_decomposition.csv,,,,,,,,,,,,,,,,,,,,,,,,,,,,,,,,,,,,,,,,,,,,,,,,,,,,,,,,,,,,,,,,,,,,,,,,,,,452,0.009767911272365969,-0.0031851530075073242,0.0033568940652500363,-0.003857851028442383,0.0051599674139062145,-0.15440332889556885,0.5139412879943848,0.7876766324043274,-0.31891489028930664
process_visualization/Weather/h720/process_decomposition.csv,,,,,,,,,,,,,,,,,,,,,,,,,,,,,,,,,,,,,,,,,,,,,,,,,,,,,,,,,,,,,,,,,,,,,,,,,,,453,0.009767911272365969,-0.0031855106353759766,0.0033568940652500363,-0.003883957862854004,0.0051599674139062145,-0.1547604203224182,0.5143095254898071,0.7873116135597229,-0.2969004809856415
process_visualization/Weather/h720/process_decomposition.csv,,,,,,,,,,,,,,,,,,,,,,,,,,,,,,,,,,,,,,,,,,,,,,,,,,,,,,,,,,,,,,,,,,,,,,,,,,,454,0.009767911272365969,-0.00319826602935791,0.0033568940652500363,-0.003832399845123291,0.0051599674139062145,-0.15463632345199585,0.5171422362327576,0.7842673063278198,-0.29574182629585266
process_visualization/Weather/h720/process_decomposition.csv,,,,,,,,,,,,,,,,,,,,,,,,,,,,,,,,,,,,,,,,,,,,,,,,,,,,,,,,,,,,,,,,,,,,,,,,,,,455,0.009767911272365969,-0.0031273365020751953,0.0033568940652500363,-0.003886997699737549,0.0051599674139062145,-0.15541374683380127,0.5171857476234436,0.7840767502784729,-0.293424516916275
process_visualization/Weather/h720/process_decomposition.csv,,,,,,,,,,,,,,,,,,,,,,,,,,,,,,,,,,,,,,,,,,,,,,,,,,,,,,,,,,,,,,,,,,,,,,,,,,,456,0.009767911272365969,-0.00312882661819458,0.0033568940652500363,-0.0039055347442626953,0.0051599674139062145,-0.15546011924743652,0.5171627998352051,0.7834745049476624,-0.2969004809856415
process_visualization/Weather/h720/process_decomposition.csv,,,,,,,,,,,,,,,,,,,,,,,,,,,,,,,,,,,,,,,,,,,,,,,,,,,,,,,,,,,,,,,,,,,,,,,,,,,457,0.009767911272365969,-0.0031846165657043457,0.0033568940652500363,-0.003875434398651123,0.0051599674139062145,-0.15600883960723877,0.518812894821167,0.7847854495048523,-0.3108043074607849
process_visualization/Weather/h720/process_decomposition.csv,,,,,,,,,,,,,,,,,,,,,,,,,,,,,,,,,,,,,,,,,,,,,,,,,,,,,,,,,,,,,,,,,,,,,,,,,,,458,0.009767911272365969,-0.0031821727752685547,0.0033568940652500363,-0.0038758516311645508,0.0051599674139062145,-0.15581142902374268,0.5202380418777466,0.7881911396980286,-0.32470816373825073
process_visualization/Weather/h720/process_decomposition.csv,,,,,,,,,,,,,,,,,,,,,,,,,,,,,,,,,,,,,,,,,,,,,,,,,,,,,,,,,,,,,,,,,,,,,,,,,,,459,0.009767911272365969,-0.003202080726623535,0.0033568940652500363,-0.0038831233978271484,0.0051599674139062145,-0.15627378225326538,0.5210890173912048,0.7855697870254517,-0.316597580909729
process_visualization/Weather/h720/process_decomposition.csv,,,,,,,,,,,,,,,,,,,,,,,,,,,,,,,,,,,,,,,,,,,,,,,,,,,,,,,,,,,,,,,,,,,,,,,,,,,460,0.009767911272365969,-0.0031418800354003906,0.0033568940652500363,-0.0038545727729797363,0.0051599674139062145,-0.15584802627563477,0.5211796760559082,0.7939448952674866,-0.32470816373825073
process_visualization/Weather/h720/process_decomposition.csv,,,,,,,,,,,,,,,,,,,,,,,,,,,,,,,,,,,,,,,,,,,,,,,,,,,,,,,,,,,,,,,,,,,,,,,,,,,461,0.009767911272365969,-0.0031842589378356934,0.0033568940652500363,-0.0038740038871765137,0.0051599674139062145,-0.15533924102783203,0.5220968723297119,0.7871572375297546,-0.3409292995929718
process_visualization/Weather/h720/process_decomposition.csv,,,,,,,,,,,,,,,,,,,,,,,,,,,,,,,,,,,,,,,,,,,,,,,,,,,,,,,,,,,,,,,,,,,,,,,,,,,462,0.009767911272365969,-0.003113269805908203,0.0033568940652500363,-0.0039174556732177734,0.0051599674139062145,-0.15614330768585205,0.5205205678939819,0.7895520329475403,-0.3409292995929718
process_visualization/Weather/h720/process_decomposition.csv,,,,,,,,,,,,,,,,,,,,,,,,,,,,,,,,,,,,,,,,,,,,,,,,,,,,,,,,,,,,,,,,,,,,,,,,,,,463,0.009767911272365969,-0.0031209588050842285,0.0033568940652500363,-0.00389862060546875,0.0051599674139062145,-0.15592068433761597,0.5218307971954346,0.7881183624267578,-0.34324660897254944
process_visualization/Weather/h720/process_decomposition.csv,,,,,,,,,,,,,,,,,,,,,,,,,,,,,,,,,,,,,,,,,,,,,,,,,,,,,,,,,,,,,,,,,,,,,,,,,,,464,0.009767911272365969,-0.0030897855758666992,0.0033568940652500363,-0.003911614418029785,0.0051599674139062145,-0.15522503852844238,0.5216443538665771,0.7834083437919617,-0.3594677448272705
process_visualization/Weather/h720/process_decomposition.csv,,,,,,,,,,,,,,,,,,,,,,,,,,,,,,,,,,,,,,,,,,,,,,,,,,,,,,,,,,,,,,,,,,,,,,,,,,,465,0.009767911272365969,-0.003142237663269043,0.0033568940652500363,-0.004376113414764404,0.0051599674139062145,-0.1493181586265564,0.500243067741394,0.7868027091026306,-0.37337160110473633
process_visualization/Weather/h720/process_decomposition.csv,,,,,,,,,,,,,,,,,,,,,,,,,,,,,,,,,,,,,,,,,,,,,,,,,,,,,,,,,,,,,,,,,,,,,,,,,,,466,0.009767911272365969,-0.003175497055053711,0.0033568940652500363,-0.004386186599731445,0.0051599674139062145,-0.14990830421447754,0.5014618635177612,0.7804589867591858,-0.3826408088207245
process_visualization/Weather/h720/process_decomposition.csv,,,,,,,,,,,,,,,,,,,,,,,,,,,,,,,,,,,,,,,,,,,,,,,,,,,,,,,,,,,,,,,,,,,,,,,,,,,467,0.009767911272365969,-0.003078281879425049,0.0033568940652500363,-0.004423081874847412,0.0051599674139062145,-0.15008985996246338,0.5040463209152222,0.7775776982307434,-0.3722129464149475
process_visualization/Weather/h720/process_decomposition.csv,,,,,,,,,,,,,,,,,,,,,,,,,,,,,,,,,,,,,,,,,,,,,,,,,,,,,,,,,,,,,,,,,,,,,,,,,,,468,0.009767911272365969,-0.0031448006629943848,0.0033568940652500363,-0.004372835159301758,0.0051599674139062145,-0.14971864223480225,0.5022863745689392,0.7738837599754333,-0.37453025579452515
process_visualization/Weather/h720/process_decomposition.csv,,,,,,,,,,,,,,,,,,,,,,,,,,,,,,,,,,,,,,,,,,,,,,,,,,,,,,,,,,,,,,,,,,,,,,,,,,,469,0.009767911272365969,-0.003247201442718506,0.0033568940652500363,-0.004319608211517334,0.0051599674139062145,-0.14978951215744019,0.5016188025474548,0.7725434303283691,-0.37916484475135803
process_visualization/Weather/h720/process_decomposition.csv,,,,,,,,,,,,,,,,,,,,,,,,,,,,,,,,,,,,,,,,,,,,,,,,,,,,,,,,,,,,,,,,,,,,,,,,,,,470,0.009767911272365969,-0.0030663013458251953,0.0033568940652500363,-0.004365861415863037,0.0051599674139062145,-0.14953643083572388,0.5019307136535645,0.7656873464584351,-0.3780061900615692
process_visualization/Weather/h720/process_decomposition.csv,,,,,,,,,,,,,,,,,,,,,,,,,,,,,,,,,,,,,,,,,,,,,,,,,,,,,,,,,,,,,,,,,,,,,,,,,,,471,0.009767911272365969,-0.003075122833251953,0.0033568940652500363,-0.004382967948913574,0.0051599674139062145,-0.150260329246521,0.5040039420127869,0.7686863541603088,-0.37337160110473633
process_visualization/Weather/h720/process_decomposition.csv,,,,,,,,,,,,,,,,,,,,,,,,,,,,,,,,,,,,,,,,,,,,,,,,,,,,,,,,,,,,,,,,,,,,,,,,,,,472,0.009767911272365969,-0.003178715705871582,0.0033568940652500363,-0.004331052303314209,0.0051599674139062145,-0.14955198764801025,0.5078418254852295,0.765056312084198,-0.3710542917251587
process_visualization/Weather/h720/process_decomposition.csv,,,,,,,,,,,,,,,,,,,,,,,,,,,,,,,,,,,,,,,,,,,,,,,,,,,,,,,,,,,,,,,,,,,,,,,,,,,473,0.009767911272365969,-0.0031350255012512207,0.0033568940652500363,-0.004364907741546631,0.0051599674139062145,-0.15011513233184814,0.5085346102714539,0.762593686580658,-0.3953860104084015
process_visualization/Weather/h720/process_decomposition.csv,,,,,,,,,,,,,,,,,,,,,,,,,,,,,,,,,,,,,,,,,,,,,,,,,,,,,,,,,,,,,,,,,,,,,,,,,,,474,0.009767911272365969,-0.0031580328941345215,0.0033568940652500363,-0.004336833953857422,0.0051599674139062145,-0.15000957250595093,0.5093244910240173,0.7576460242271423,-0.4069725275039673
process_visualization/Weather/h720/process_decomposition.csv,,,,,,,,,,,,,,,,,,,,,,,,,,,,,,,,,,,,,,,,,,,,,,,,,,,,,,,,,,,,,,,,,,,,,,,,,,,475,0.009767911272365969,-0.0031012892723083496,0.0033568940652500363,-0.004326999187469482,0.0051599674139062145,-0.14965695142745972,0.5112296342849731,0.7579050064086914,-0.4000205993652344
process_visualization/Weather/h720/process_decomposition.csv,,,,,,,,,,,,,,,,,,,,,,,,,,,,,,,,,,,,,,,,,,,,,,,,,,,,,,,,,,,,,,,,,,,,,,,,,,,476,0.009767911272365969,-0.00319594144821167,0.0033568940652500363,-0.0042719244956970215,0.0051599674139062145,-0.14938980340957642,0.5110177397727966,0.759448766708374,-0.4011792540550232
process_visualization/Weather/h720/process_decomposition.csv,,,,,,,,,,,,,,,,,,,,,,,,,,,,,,,,,,,,,,,,,,,,,,,,,,,,,,,,,,,,,,,,,,,,,,,,,,,477,0.009767911272365969,-0.0031377077102661133,0.0033568940652500363,-0.004287660121917725,0.0051599674139062145,-0.1486855149269104,0.5132346153259277,0.7515358924865723,-0.4011792540550232
process_visualization/Weather/h720/process_decomposition.csv,,,,,,,,,,,,,,,,,,,,,,,,,,,,,,,,,,,,,,,,,,,,,,,,,,,,,,,,,,,,,,,,,,,,,,,,,,,478,0.009767911272365969,-0.0030629634857177734,0.0033568940652500363,-0.004231631755828857,0.0051599674139062145,-0.147355854511261,0.5140022039413452,0.7522598505020142,-0.39191004633903503
process_visualization/Weather/h720/process_decomposition.csv,,,,,,,,,,,,,,,,,,,,,,,,,,,,,,,,,,,,,,,,,,,,,,,,,,,,,,,,,,,,,,,,,,,,,,,,,,,479,0.009767911272365969,-0.0031374096870422363,0.0033568940652500363,-0.00420224666595459,0.0051599674139062145,-0.1473580002784729,0.5147632956504822,0.7534443140029907,-0.38611677289009094
process_visualization/Weather/h720/process_decomposition.csv,,,,,,,,,,,,,,,,,,,,,,,,,,,,,,,,,,,,,,,,,,,,,,,,,,,,,,,,,,,,,,,,,,,,,,,,,,,480,0.009767911272365969,-0.0030978918075561523,0.0033568940652500363,-0.004178762435913086,0.0051599674139062145,-0.14626669883728027,0.5162853598594666,0.7539924383163452,-0.37916484475135803
process_visualization/Weather/h720/process_decomposition.csv,,,,,,,,,,,,,,,,,,,,,,,,,,,,,,,,,,,,,,,,,,,,,,,,,,,,,,,,,,,,,,,,,,,,,,,,,,,481,0.009767911272365969,-0.003349870443344116,0.0033568940652500363,-0.004420489072799683,0.0051599674139062145,-0.14909091591835022,0.49236467480659485,0.7629214525222778,-0.38148215413093567
process_visualization/Weather/h720/process_decomposition.csv,,,,,,,,,,,,,,,,,,,,,,,,,,,,,,,,,,,,,,,,,,,,,,,,,,,,,,,,,,,,,,,,,,,,,,,,,,,482,0.009767911272365969,-0.003394216299057007,0.0033568940652500363,-0.004361003637313843,0.0051599674139062145,-0.1488107144832611,0.49310562014579773,0.7631068825721741,-0.3884340822696686
process_visualization/Weather/h720/process_decomposition.csv,,,,,,,,,,,,,,,,,,,,,,,,,,,,,,,,,,,,,,,,,,,,,,,,,,,,,,,,,,,,,,,,,,,,,,,,,,,483,0.009767911272365969,-0.003451824188232422,0.0033568940652500363,-0.004347711801528931,0.0051599674139062145,-0.1490471363067627,0.4945465326309204,0.7673715949058533,-0.39191004633903503
process_visualization/Weather/h720/process_decomposition.csv,,,,,,,,,,,,,,,,,,,,,,,,,,,,,,,,,,,,,,,,,,,,,,,,,,,,,,,,,,,,,,,,,,,,,,,,,,,484,0.009767911272365969,-0.0034685730934143066,0.0033568940652500363,-0.004279613494873047,0.0051599674139062145,-0.14835551381111145,0.49326637387275696,0.7657541632652283,-0.4011792540550232
process_visualization/Weather/h720/process_decomposition.csv,,,,,,,,,,,,,,,,,,,,,,,,,,,,,,,,,,,,,,,,,,,,,,,,,,,,,,,,,,,,,,,,,,,,,,,,,,,485,0.009767911272365969,-0.0034453868865966797,0.0033568940652500363,-0.004314780235290527,0.0051599674139062145,-0.14862337708473206,0.4955175817012787,0.7755405306816101,-0.4011792540550232
process_visualization/Weather/h720/process_decomposition.csv,,,,,,,,,,,,,,,,,,,,,,,,,,,,,,,,,,,,,,,,,,,,,,,,,,,,,,,,,,,,,,,,,,,,,,,,,,,486,0.009767911272365969,-0.0034027397632598877,0.0033568940652500363,-0.004286766052246094,0.0051599674139062145,-0.1482565701007843,0.49758169054985046,0.7686793208122253,-0.4011792540550232
process_visualization/Weather/h720/process_decomposition.csv,,,,,,,,,,,,,,,,,,,,,,,,,,,,,,,,,,,,,,,,,,,,,,,,,,,,,,,,,,,,,,,,,,,,,,,,,,,487,0.009767911272365969,-0.0033807754516601562,0.0033568940652500363,-0.004255503416061401,0.0051599674139062145,-0.14834782481193542,0.49939224123954773,0.7713144421577454,-0.4011792540550232
process_visualization/Weather/h720/process_decomposition.csv,,,,,,,,,,,,,,,,,,,,,,,,,,,,,,,,,,,,,,,,,,,,,,,,,,,,,,,,,,,,,,,,,,,,,,,,,,,488,0.009767911272365969,-0.0034012198448181152,0.0033568940652500363,-0.0042604804039001465,0.0051599674139062145,-0.14823365211486816,0.5029987692832947,0.7741659879684448,-0.4011792540550232
process_visualization/Weather/h720/process_decomposition.csv,,,,,,,,,,,,,,,,,,,,,,,,,,,,,,,,,,,,,,,,,,,,,,,,,,,,,,,,,,,,,,,,,,,,,,,,,,,489,0.009767911272365969,-0.0033786892890930176,0.0033568940652500363,-0.004315495491027832,0.0051599674139062145,-0.14816659688949585,0.5077176690101624,0.7678824663162231,-0.4092898368835449
process_visualization/Weather/h720/process_decomposition.csv,,,,,,,,,,,,,,,,,,,,,,,,,,,,,,,,,,,,,,,,,,,,,,,,,,,,,,,,,,,,,,,,,,,,,,,,,,,490,0.009767911272365969,-0.0033835172653198242,0.0033568940652500363,-0.004278421401977539,0.0051599674139062145,-0.14772355556488037,0.5086215138435364,0.7720903158187866,-0.41855907440185547
process_visualization/Weather/h720/process_decomposition.csv,,,,,,,,,,,,,,,,,,,,,,,,,,,,,,,,,,,,,,,,,,,,,,,,,,,,,,,,,,,,,,,,,,,,,,,,,,,491,0.009767911272365969,-0.003407776355743408,0.0033568940652500363,-0.00427776575088501,0.0051599674139062145,-0.14821237325668335,0.5105080008506775,0.7716112732887268,-0.41740041971206665
process_visualization/Weather/h720/process_decomposition.csv,,,,,,,,,,,,,,,,,,,,,,,,,,,,,,,,,,,,,,,,,,,,,,,,,,,,,,,,,,,,,,,,,,,,,,,,,,,492,0.009767911272365969,-0.0033903121948242188,0.0033568940652500363,-0.0042261481285095215,0.0051599674139062145,-0.14761829376220703,0.513658344745636,0.7767636775970459,-0.4243523180484772
process_visualization/Weather/h720/process_decomposition.csv,,,,,,,,,,,,,,,,,,,,,,,,,,,,,,,,,,,,,,,,,,,,,,,,,,,,,,,,,,,,,,,,,,,,,,,,,,,493,0.009767911272365969,-0.0033954977989196777,0.0033568940652500363,-0.004203677177429199,0.0051599674139062145,-0.14695262908935547,0.514778733253479,0.7772479057312012,-0.42898693680763245
process_visualization/Weather/h720/process_decomposition.csv,,,,,,,,,,,,,,,,,,,,,,,,,,,,,,,,,,,,,,,,,,,,,,,,,,,,,,,,,,,,,,,,,,,,,,,,,,,494,0.009767911272365969,-0.003408193588256836,0.0033568940652500363,-0.004213392734527588,0.0051599674139062145,-0.14735513925552368,0.5149986147880554,0.7781397104263306,-0.42782828211784363
process_visualization/Weather/h720/process_decomposition.csv,,,,,,,,,,,,,,,,,,,,,,,,,,,,,,,,,,,,,,,,,,,,,,,,,,,,,,,,,,,,,,,,,,,,,,,,,,,495,0.009767911272365969,-0.0034439563751220703,0.0033568940652500363,-0.0041770339012146,0.0051599674139062145,-0.14727747440338135,0.5148504376411438,0.790270209312439,-0.44173213839530945
process_visualization/Weather/h720/process_decomposition.csv,,,,,,,,,,,,,,,,,,,,,,,,,,,,,,,,,,,,,,,,,,,,,,,,,,,,,,,,,,,,,,,,,,,,,,,,,,,496,0.009767911272365969,-0.0034979581832885742,0.0033568940652500363,-0.004094362258911133,0.0051599674139062145,-0.14613717794418335,0.5162801742553711,0.7869780659675598,-0.44868403673171997
process_visualization/Weather/h720/process_decomposition.csv,,,,,,,,,,,,,,,,,,,,,,,,,,,,,,,,,,,,,,,,,,,,,,,,,,,,,,,,,,,,,,,,,,,,,,,,,,,497,0.009767911272365969,-0.003304600715637207,0.0033568940652500363,-0.003978610038757324,0.0051599674139062145,-0.13963168859481812,0.5063180923461914,0.7662777304649353,-0.4510013461112976
process_visualization/Weather/h720/process_decomposition.csv,,,,,,,,,,,,,,,,,,,,,,,,,,,,,,,,,,,,,,,,,,,,,,,,,,,,,,,,,,,,,,,,,,,,,,,,,,,498,0.009767911272365969,-0.00337827205657959,0.0033568940652500363,-0.003934979438781738,0.0051599674139062145,-0.13971072435379028,0.5088393688201904,0.7602737545967102,-0.4556359648704529
process_visualization/Weather/h720/process_decomposition.csv,,,,,,,,,,,,,,,,,,,,,,,,,,,,,,,,,,,,,,,,,,,,,,,,,,,,,,,,,,,,,,,,,,,,,,,,,,,499,0.009767911272365969,-0.003371298313140869,0.0033568940652500363,-0.0039054155349731445,0.0051599674139062145,-0.13931798934936523,0.5099489688873291,0.7613176107406616,-0.4579532742500305
process_visualization/Weather/h720/process_decomposition.csv,,,,,,,,,,,,,,,,,,,,,,,,,,,,,,,,,,,,,,,,,,,,,,,,,,,,,,,,,,,,,,,,,,,,,,,,,,,500,0.009767911272365969,-0.003408491611480713,0.0033568940652500363,-0.0038551688194274902,0.0051599674139062145,-0.1386926770210266,0.508239209651947,0.7609617114067078,-0.4637465476989746
process_visualization/Weather/h720/process_decomposition.csv,,,,,,,,,,,,,,,,,,,,,,,,,,,,,,,,,,,,,,,,,,,,,,,,,,,,,,,,,,,,,,,,,,,,,,,,,,,501,0.009767911272365969,-0.003362715244293213,0.0033568940652500363,-0.003850102424621582,0.0051599674139062145,-0.1386948823928833,0.5096529722213745,0.7627431154251099,-0.4637465476989746
process_visualization/Weather/h720/process_decomposition.csv,,,,,,,,,,,,,,,,,,,,,,,,,,,,,,,,,,,,,,,,,,,,,,,,,,,,,,,,,,,,,,,,,,,,,,,,,,,502,0.009767911272365969,-0.003439188003540039,0.0033568940652500363,-0.0037925243377685547,0.0051599674139062145,-0.13830935955047607,0.512382447719574,0.7696887850761414,-0.461429238319397
process_visualization/Weather/h720/process_decomposition.csv,,,,,,,,,,,,,,,,,,,,,,,,,,,,,,,,,,,,,,,,,,,,,,,,,,,,,,,,,,,,,,,,,,,,,,,,,,,503,0.009767911272365969,-0.003515899181365967,0.0033568940652500363,-0.003752589225769043,0.0051599674139062145,-0.13876771926879883,0.5139493942260742,0.7705503702163696,-0.4567946195602417
process_visualization/Weather/h720/process_decomposition.csv,,,,,,,,,,,,,,,,,,,,,,,,,,,,,,,,,,,,,,,,,,,,,,,,,,,,,,,,,,,,,,,,,,,,,,,,,,,504,0.009767911272365969,-0.0035398006439208984,0.0033568940652500363,-0.003713071346282959,0.0051599674139062145,-0.13812923431396484,0.5169700980186462,0.7661741971969604,-0.4556359648704529
process_visualization/Weather/h720/process_decomposition.csv,,,,,,,,,,,,,,,,,,,,,,,,,,,,,,,,,,,,,,,,,,,,,,,,,,,,,,,,,,,,,,,,,,,,,,,,,,,505,0.009767911272365969,-0.0033596158027648926,0.0033568940652500363,-0.0038349032402038574,0.0051599674139062145,-0.1382758617401123,0.5180288553237915,0.7670889496803284,-0.4556359648704529
process_visualization/Weather/h720/process_decomposition.csv,,,,,,,,,,,,,,,,,,,,,,,,,,,,,,,,,,,,,,,,,,,,,,,,,,,,,,,,,,,,,,,,,,,,,,,,,,,506,0.009767911272365969,-0.0033870935440063477,0.0033568940652500363,-0.0038326382637023926,0.0051599674139062145,-0.1384463906288147,0.5174869298934937,0.7690631747245789,-0.44752538204193115
process_visualization/Weather/h720/process_decomposition.csv,,,,,,,,,,,,,,,,,,,,,,,,,,,,,,,,,,,,,,,,,,,,,,,,,,,,,,,,,,,,,,,,,,,,,,,,,,,507,0.009767911272365969,-0.0034018754959106445,0.0033568940652500363,-0.0038015246391296387,0.0051599674139062145,-0.1380520462989807,0.5201315879821777,0.7712234854698181,-0.44173213839530945
process_visualization/Weather/h720/process_decomposition.csv,,,,,,,,,,,,,,,,,,,,,,,,,,,,,,,,,,,,,,,,,,,,,,,,,,,,,,,,,,,,,,,,,,,,,,,,,,,508,0.009767911272365969,-0.003498554229736328,0.0033568940652500363,-0.0037183761596679688,0.0051599674139062145,-0.13771003484725952,0.5216781497001648,0.777116596698761,-0.4440494477748871
process_visualization/Weather/h720/process_decomposition.csv,,,,,,,,,,,,,,,,,,,,,,,,,,,,,,,,,,,,,,,,,,,,,,,,,,,,,,,,,,,,,,,,,,,,,,,,,,,509,0.009767911272365969,-0.0034114718437194824,0.0033568940652500363,-0.0037207603454589844,0.0051599674139062145,-0.13706088066101074,0.5229226350784302,0.7792910933494568,-0.44289079308509827
process_visualization/Weather/h720/process_decomposition.csv,,,,,,,,,,,,,,,,,,,,,,,,,,,,,,,,,,,,,,,,,,,,,,,,,,,,,,,,,,,,,,,,,,,,,,,,,,,510,0.009767911272365969,-0.0033611655235290527,0.0033568940652500363,-0.0036713480949401855,0.0051599674139062145,-0.13565093278884888,0.5265347361564636,0.7719926834106445,-0.43593886494636536
process_visualization/Weather/h720/process_decomposition.csv,,,,,,,,,,,,,,,,,,,,,,,,,,,,,,,,,,,,,,,,,,,,,,,,,,,,,,,,,,,,,,,,,,,,,,,,,,,511,0.009767911272365969,-0.003488898277282715,0.0033568940652500363,-0.003587067127227783,0.0051599674139062145,-0.135827898979187,0.5269601345062256,0.7754172682762146,-0.425510972738266
process_visualization/Weather/h720/process_decomposition.csv,,,,,,,,,,,,,,,,,,,,,,,,,,,,,,,,,,,,,,,,,,,,,,,,,,,,,,,,,,,,,,,,,,,,,,,,,,,512,0.009767911272365969,-0.003434419631958008,0.0033568940652500363,-0.0035876035690307617,0.0051599674139062145,-0.13504350185394287,0.5274008512496948,0.7784676551818848,-0.4208763837814331
process_visualization/Weather/h720/process_decomposition.csv,,,,,,,,,,,,,,,,,,,,,,,,,,,,,,,,,,,,,,,,,,,,,,,,,,,,,,,,,,,,,,,,,,,,,,,,,,,513,0.009767911272365969,-0.003407418727874756,0.0033568940652500363,-0.0032708048820495605,0.0051599674139062145,-0.14132624864578247,0.5244852900505066,0.7626002430915833,-0.41740041971206665
process_visualization/Weather/h720/process_decomposition.csv,,,,,,,,,,,,,,,,,,,,,,,,,,,,,,,,,,,,,,,,,,,,,,,,,,,,,,,,,,,,,,,,,,,,,,,,,,,514,0.009767911272365969,-0.003392338752746582,0.0033568940652500363,-0.0032263994216918945,0.0051599674139062145,-0.14139068126678467,0.5233314037322998,0.7618275284767151,-0.43014559149742126
process_visualization/Weather/h720/process_decomposition.csv,,,,,,,,,,,,,,,,,,,,,,,,,,,,,,,,,,,,,,,,,,,,,,,,,,,,,,,,,,,,,,,,,,,,,,,,,,,515,0.009767911272365969,-0.003446638584136963,0.0033568940652500363,-0.0032029151916503906,0.0051599674139062145,-0.14155900478363037,0.5222461819648743,0.7578837275505066,-0.4324629008769989
process_visualization/Weather/h720/process_decomposition.csv,,,,,,,,,,,,,,,,,,,,,,,,,,,,,,,,,,,,,,,,,,,,,,,,,,,,,,,,,,,,,,,,,,,,,,,,,,,516,0.009767911272365969,-0.0034093260765075684,0.0033568940652500363,-0.0031930208206176758,0.0051599674139062145,-0.1410139799118042,0.5224112272262573,0.7570719718933105,-0.44752538204193115
process_visualization/Weather/h720/process_decomposition.csv,,,,,,,,,,,,,,,,,,,,,,,,,,,,,,,,,,,,,,,,,,,,,,,,,,,,,,,,,,,,,,,,,,,,,,,,,,,517,0.009767911272365969,-0.0034055113792419434,0.0033568940652500363,-0.0032186508178710938,0.0051599674139062145,-0.14129847288131714,0.5214563012123108,0.7592918872833252,-0.461429238319397
process_visualization/Weather/h720/process_decomposition.csv,,,,,,,,,,,,,,,,,,,,,,,,,,,,,,,,,,,,,,,,,,,,,,,,,,,,,,,,,,,,,,,,,,,,,,,,,,,518,0.009767911272365969,-0.003425121307373047,0.0033568940652500363,-0.003212273120880127,0.0051599674139062145,-0.14114850759506226,0.5214137434959412,0.7609416842460632,-0.4753330647945404
process_visualization/Weather/h720/process_decomposition.csv,,,,,,,,,,,,,,,,,,,,,,,,,,,,,,,,,,,,,,,,,,,,,,,,,,,,,,,,,,,,,,,,,,,,,,,,,,,519,0.009767911272365969,-0.0034371614456176758,0.0033568940652500363,-0.0031995177268981934,0.0051599674139062145,-0.14130061864852905,0.5227868556976318,0.756393551826477,-0.4695398211479187
process_visualization/Weather/h720/process_decomposition.csv,,,,,,,,,,,,,,,,,,,,,,,,,,,,,,,,,,,,,,,,,,,,,,,,,,,,,,,,,,,,,,,,,,,,,,,,,,,520,0.009767911272365969,-0.003476381301879883,0.0033568940652500363,-0.0031847357749938965,0.0051599674139062145,-0.14153838157653809,0.5217176675796509,0.7535299062728882,-0.4683811664581299
process_visualization/Weather/h720/process_decomposition.csv,,,,,,,,,,,,,,,,,,,,,,,,,,,,,,,,,,,,,,,,,,,,,,,,,,,,,,,,,,,,,,,,,,,,,,,,,,,521,0.009767911272365969,-0.0034030675888061523,0.0033568940652500363,-0.0031774044036865234,0.0051599674139062145,-0.14077675342559814,0.523608922958374,0.7585158944129944,-0.4683811664581299
process_visualization/Weather/h720/process_decomposition.csv,,,,,,,,,,,,,,,,,,,,,,,,,,,,,,,,,,,,,,,,,,,,,,,,,,,,,,,,,,,,,,,,,,,,,,,,,,,522,0.009767911272365969,-0.0034073591232299805,0.0033568940652500363,-0.0031748414039611816,0.0051599674139062145,-0.1407020092010498,0.5221577286720276,0.7569804191589355,-0.4649052023887634
process_visualization/Weather/h720/process_decomposition.csv,,,,,,,,,,,,,,,,,,,,,,,,,,,,,,,,,,,,,,,,,,,,,,,,,,,,,,,,,,,,,,,,,,,,,,,,,,,523,0.009767911272365969,-0.003495633602142334,0.0033568940652500363,-0.003165304660797119,0.0051599674139062145,-0.1413136124610901,0.521056056022644,0.7513332366943359,-0.47185710072517395
process_visualization/Weather/h720/process_decomposition.csv,,,,,,,,,,,,,,,,,,,,,,,,,,,,,,,,,,,,,,,,,,,,,,,,,,,,,,,,,,,,,,,,,,,,,,,,,,,524,0.009767911272365969,-0.0034572482109069824,0.0033568940652500363,-0.0031706690788269043,0.0051599674139062145,-0.14097613096237183,0.5211370587348938,0.7513319849967957,-0.4811263382434845
process_visualization/Weather/h720/process_decomposition.csv,,,,,,,,,,,,,,,,,,,,,,,,,,,,,,,,,,,,,,,,,,,,,,,,,,,,,,,,,,,,,,,,,,,,,,,,,,,525,0.009767911272365969,-0.0034703612327575684,0.0033568940652500363,-0.0031759142875671387,0.0051599674139062145,-0.14059597253799438,0.519946277141571,0.7575119733810425,-0.49039557576179504
process_visualization/Weather/h720/process_decomposition.csv,,,,,,,,,,,,,,,,,,,,,,,,,,,,,,,,,,,,,,,,,,,,,,,,,,,,,,,,,,,,,,,,,,,,,,,,,,,526,0.009767911272365969,-0.0035055875778198242,0.0033568940652500363,-0.0031948089599609375,0.0051599674139062145,-0.1411483883857727,0.5190434455871582,0.7532540559768677,-0.4950301945209503
process_visualization/Weather/h720/process_decomposition.csv,,,,,,,,,,,,,,,,,,,,,,,,,,,,,,,,,,,,,,,,,,,,,,,,,,,,,,,,,,,,,,,,,,,,,,,,,,,527,0.009767911272365969,-0.0034660696983337402,0.0033568940652500363,-0.0031977295875549316,0.0051599674139062145,-0.14115208387374878,0.517776608467102,0.7612358331680298,-0.4892369210720062
process_visualization/Weather/h720/process_decomposition.csv,,,,,,,,,,,,,,,,,,,,,,,,,,,,,,,,,,,,,,,,,,,,,,,,,,,,,,,,,,,,,,,,,,,,,,,,,,,528,0.009767911272365969,-0.003451526165008545,0.0033568940652500363,-0.0032032132148742676,0.0051599674139062145,-0.14048653841018677,0.5151721239089966,0.7637565732002258,-0.4927128851413727
process_visualization/Weather/h720/process_decomposition.csv,,,,,,,,,,,,,,,,,,,,,,,,,,,,,,,,,,,,,,,,,,,,,,,,,,,,,,,,,,,,,,,,,,,,,,,,,,,529,0.009767911272365969,-0.003280818462371826,0.0033568940652500363,-0.003095090389251709,0.0051599674139062145,-0.1477535367012024,0.5337175726890564,0.7639327049255371,-0.4985061287879944
process_visualization/Weather/h720/process_decomposition.csv,,,,,,,,,,,,,,,,,,,,,,,,,,,,,,,,,,,,,,,,,,,,,,,,,,,,,,,,,,,,,,,,,,,,,,,,,,,530,0.009767911272365969,-0.003325223922729492,0.0033568940652500363,-0.003115415573120117,0.0051599674139062145,-0.14879196882247925,0.5319867134094238,0.7599899768829346,-0.5077753663063049
process_visualization/Weather/h720/process_decomposition.csv,,,,,,,,,,,,,,,,,,,,,,,,,,,,,,,,,,,,,,,,,,,,,,,,,,,,,,,,,,,,,,,,,,,,,,,,,,,531,0.009767911272365969,-0.0033413171768188477,0.0033568940652500363,-0.003142237663269043,0.0051599674139062145,-0.14883196353912354,0.5293098092079163,0.75777268409729,-0.5170446038246155
process_visualization/Weather/h720/process_decomposition.csv,,,,,,,,,,,,,,,,,,,,,,,,,,,,,,,,,,,,,,,,,,,,,,,,,,,,,,,,,,,,,,,,,,,,,,,,,,,532,0.009767911272365969,-0.0032682418823242188,0.0033568940652500363,-0.003158271312713623,0.0051599674139062145,-0.14893001317977905,0.5280959010124207,0.7538962364196777,-0.5274724960327148
process_visualization/Weather/h720/process_decomposition.csv,,,,,,,,,,,,,,,,,,,,,,,,,,,,,,,,,,,,,,,,,,,,,,,,,,,,,,,,,,,,,,,,,,,,,,,,,,,533,0.009767911272365969,-0.0033364295959472656,0.0033568940652500363,-0.003133058547973633,0.0051599674139062145,-0.14859658479690552,0.5243880152702332,0.7545205354690552,-0.5425349473953247
process_visualization/Weather/h720/process_decomposition.csv,,,,,,,,,,,,,,,,,,,,,,,,,,,,,,,,,,,,,,,,,,,,,,,,,,,,,,,,,,,,,,,,,,,,,,,,,,,534,0.009767911272365969,-0.0033321380615234375,0.0033568940652500363,-0.0031673312187194824,0.0051599674139062145,-0.14874708652496338,0.5249699354171753,0.7534212470054626,-0.5494868755340576
process_visualization/Weather/h720/process_decomposition.csv,,,,,,,,,,,,,,,,,,,,,,,,,,,,,,,,,,,,,,,,,,,,,,,,,,,,,,,,,,,,,,,,,,,,,,,,,,,535,0.009767911272365969,-0.0032516121864318848,0.0033568940652500363,-0.0032268166542053223,0.0051599674139062145,-0.1495235562324524,0.5230782628059387,0.7503098249435425,-0.5610734224319458
process_visualization/Weather/h720/process_decomposition.csv,,,,,,,,,,,,,,,,,,,,,,,,,,,,,,,,,,,,,,,,,,,,,,,,,,,,,,,,,,,,,,,,,,,,,,,,,,,536,0.009767911272365969,-0.0033815503120422363,0.0033568940652500363,-0.0032076239585876465,0.0051599674139062145,-0.14935123920440674,0.5232343673706055,0.749765157699585,-0.5715013146400452
process_visualization/Weather/h720/process_decomposition.csv,,,,,,,,,,,,,,,,,,,,,,,,,,,,,,,,,,,,,,,,,,,,,,,,,,,,,,,,,,,,,,,,,,,,,,,,,,,537,0.009767911272365969,-0.0033028125762939453,0.0033568940652500363,-0.003168463706970215,0.0051599674139062145,-0.14951539039611816,0.523535430431366,0.7468363046646118,-0.5807704925537109
process_visualization/Weather/h720/process_decomposition.csv,,,,,,,,,,,,,,,,,,,,,,,,,,,,,,,,,,,,,,,,,,,,,,,,,,,,,,,,,,,,,,,,,,,,,,,,,,,538,0.009767911272365969,-0.003285706043243408,0.0033568940652500363,-0.0032078027725219727,0.0051599674139062145,-0.14971786737442017,0.522795557975769,0.7442013025283813,-0.6062608957290649
process_visualization/Weather/h720/process_decomposition.csv,,,,,,,,,,,,,,,,,,,,,,,,,,,,,,,,,,,,,,,,,,,,,,,,,,,,,,,,,,,,,,,,,,,,,,,,,,,539,0.009767911272365969,-0.0033283233642578125,0.0033568940652500363,-0.0031874775886535645,0.0051599674139062145,-0.1494971513748169,0.5209881067276001,0.745051920413971,-0.6294339299201965
process_visualization/Weather/h720/process_decomposition.csv,,,,,,,,,,,,,,,,,,,,,,,,,,,,,,,,,,,,,,,,,,,,,,,,,,,,,,,,,,,,,,,,,,,,,,,,,,,540,0.009767911272365969,-0.0032685399055480957,0.0033568940652500363,-0.0031942129135131836,0.0051599674139062145,-0.14933109283447266,0.5203793048858643,0.7465471029281616,-0.6398618221282959
process_visualization/Weather/h720/process_decomposition.csv,,,,,,,,,,,,,,,,,,,,,,,,,,,,,,,,,,,,,,,,,,,,,,,,,,,,,,,,,,,,,,,,,,,,,,,,,,,541,0.009767911272365969,-0.003269016742706299,0.0033568940652500363,-0.0032039880752563477,0.0051599674139062145,-0.14879029989242554,0.5192145109176636,0.7463325262069702,-0.6271166801452637
process_visualization/Weather/h720/process_decomposition.csv,,,,,,,,,,,,,,,,,,,,,,,,,,,,,,,,,,,,,,,,,,,,,,,,,,,,,,,,,,,,,,,,,,,,,,,,,,,542,0.009767911272365969,-0.003267943859100342,0.0033568940652500363,-0.0031545162200927734,0.0051599674139062145,-0.1476069688796997,0.5199740529060364,0.7452996969223022,-0.6155301332473755
process_visualization/Weather/h720/process_decomposition.csv,,,,,,,,,,,,,,,,,,,,,,,,,,,,,,,,,,,,,,,,,,,,,,,,,,,,,,,,,,,,,,,,,,,,,,,,,,,543,0.009767911272365969,-0.0032769441604614258,0.0033568940652500363,-0.003177940845489502,0.0051599674139062145,-0.14777600765228271,0.5188753008842468,0.746566891670227,-0.6317512392997742
process_visualization/Weather/h720/process_decomposition.csv,,,,,,,,,,,,,,,,,,,,,,,,,,,,,,,,,,,,,,,,,,,,,,,,,,,,,,,,,,,,,,,,,,,,,,,,,,,544,0.009767911272365969,-0.003293454647064209,0.0033568940652500363,-0.003184020519256592,0.0051599674139062145,-0.14729881286621094,0.5167645812034607,0.7474478483200073,-0.6468137502670288
process_visualization/Weather/h720/process_decomposition.csv,,,,,,,,,,,,,,,,,,,,,,,,,,,,,,,,,,,,,,,,,,,,,,,,,,,,,,,,,,,,,,,,,,,,,,,,,,,545,0.009767911272365969,-0.0028536319732666016,0.0033568940652500363,-0.002701103687286377,0.0051599674139062145,-0.13316351175308228,0.5440806150436401,0.748851478099823,-0.6607176065444946
process_visualization/Weather/h720/process_decomposition.csv,,,,,,,,,,,,,,,,,,,,,,,,,,,,,,,,,,,,,,,,,,,,,,,,,,,,,,,,,,,,,,,,,,,,,,,,,,,546,0.009767911272365969,-0.0029234886169433594,0.0033568940652500363,-0.0026873350143432617,0.0051599674139062145,-0.13379192352294922,0.5437345504760742,0.7428666353225708,-0.6630349159240723
process_visualization/Weather/h720/process_decomposition.csv,,,,,,,,,,,,,,,,,,,,,,,,,,,,,,,,,,,,,,,,,,,,,,,,,,,,,,,,,,,,,,,,,,,,,,,,,,,547,0.009767911272365969,-0.002981126308441162,0.0033568940652500363,-0.002706766128540039,0.0051599674139062145,-0.13442736864089966,0.542517364025116,0.7396766543388367,-0.6688281893730164
process_visualization/Weather/h720/process_decomposition.csv,,,,,,,,,,,,,,,,,,,,,,,,,,,,,,,,,,,,,,,,,,,,,,,,,,,,,,,,,,,,,,,,,,,,,,,,,,,548,0.009767911272365969,-0.0028344392776489258,0.0033568940652500363,-0.002757430076599121,0.0051599674139062145,-0.13447892665863037,0.5403720736503601,0.7358114123344421,-0.679256021976471
process_visualization/Weather/h720/process_decomposition.csv,,,,,,,,,,,,,,,,,,,,,,,,,,,,,,,,,,,,,,,,,,,,,,,,,,,,,,,,,,,,,,,,,,,,,,,,,,,549,0.009767911272365969,-0.002884805202484131,0.0033568940652500363,-0.002789020538330078,0.0051599674139062145,-0.13467347621917725,0.5380568504333496,0.7426142692565918,-0.6804146766662598
process_visualization/Weather/h720/process_decomposition.csv,,,,,,,,,,,,,,,,,,,,,,,,,,,,,,,,,,,,,,,,,,,,,,,,,,,,,,,,,,,,,,,,,,,,,,,,,,,550,0.009767911272365969,-0.0029084086418151855,0.0033568940652500363,-0.0027824044227600098,0.0051599674139062145,-0.13462942838668823,0.5369424819946289,0.7361006140708923,-0.6966358423233032
process_visualization/Weather/h720/process_decomposition.csv,,,,,,,,,,,,,,,,,,,,,,,,,,,,,,,,,,,,,,,,,,,,,,,,,,,,,,,,,,,,,,,,,,,,,,,,,,,551,0.009767911272365969,-0.0028468966484069824,0.0033568940652500363,-0.002832949161529541,0.0051599674139062145,-0.135239839553833,0.5341596007347107,0.7324982285499573,-0.6954771876335144
process_visualization/Weather/h720/process_decomposition.csv,,,,,,,,,,,,,,,,,,,,,,,,,,,,,,,,,,,,,,,,,,,,,,,,,,,,,,,,,,,,,,,,,,,,,,,,,,,552,0.009767911272365969,-0.0029218196868896484,0.0033568940652500363,-0.0028420090675354004,0.0051599674139062145,-0.13570010662078857,0.5320961475372314,0.7356035709381104,-0.6989531517028809
process_visualization/Weather/h720/process_decomposition.csv,,,,,,,,,,,,,,,,,,,,,,,,,,,,,,,,,,,,,,,,,,,,,,,,,,,,,,,,,,,,,,,,,,,,,,,,,,,553,0.009767911272365969,-0.0029168128967285156,0.0033568940652500363,-0.002765357494354248,0.0051599674139062145,-0.1355333924293518,0.5284586548805237,0.7309914231300354,-0.6931598782539368
process_visualization/Weather/h720/process_decomposition.csv,,,,,,,,,,,,,,,,,,,,,,,,,,,,,,,,,,,,,,,,,,,,,,,,,,,,,,,,,,,,,,,,,,,,,,,,,,,554,0.009767911272365969,-0.002861499786376953,0.0033568940652500363,-0.0027995705604553223,0.0051599674139062145,-0.13527601957321167,0.5285907983779907,0.7279514074325562,-0.6804146766662598
process_visualization/Weather/h720/process_decomposition.csv,,,,,,,,,,,,,,,,,,,,,,,,,,,,,,,,,,,,,,,,,,,,,,,,,,,,,,,,,,,,,,,,,,,,,,,,,,,555,0.009767911272365969,-0.0029573440551757812,0.0033568940652500363,-0.0027732253074645996,0.0051599674139062145,-0.1358022689819336,0.5274600386619568,0.7286506295204163,-0.704746425151825
process_visualization/Weather/h720/process_decomposition.csv,,,,,,,,,,,,,,,,,,,,,,,,,,,,,,,,,,,,,,,,,,,,,,,,,,,,,,,,,,,,,,,,,,,,,,,,,,,556,0.009767911272365969,-0.0029463768005371094,0.0033568940652500363,-0.0027775168418884277,0.0051599674139062145,-0.1355157494544983,0.5276008248329163,0.7261764407157898,-0.6966358423233032
process_visualization/Weather/h720/process_decomposition.csv,,,,,,,,,,,,,,,,,,,,,,,,,,,,,,,,,,,,,,,,,,,,,,,,,,,,,,,,,,,,,,,,,,,,,,,,,,,557,0.009767911272365969,-0.0028582215309143066,0.0033568940652500363,-0.0028334856033325195,0.0051599674139062145,-0.13529646396636963,0.524370014667511,0.7215003371238708,-0.685049295425415
process_visualization/Weather/h720/process_decomposition.csv,,,,,,,,,,,,,,,,,,,,,,,,,,,,,,,,,,,,,,,,,,,,,,,,,,,,,,,,,,,,,,,,,,,,,,,,,,,558,0.009767911272365969,-0.002947986125946045,0.0033568940652500363,-0.002873837947845459,0.0051599674139062145,-0.1362280249595642,0.5220904350280762,0.7243424654006958,-0.6943185329437256
process_visualization/Weather/h720/process_decomposition.csv,,,,,,,,,,,,,,,,,,,,,,,,,,,,,,,,,,,,,,,,,,,,,,,,,,,,,,,,,,,,,,,,,,,,,,,,,,,559,0.009767911272365969,-0.002926945686340332,0.0033568940652500363,-0.0028438568115234375,0.0051599674139062145,-0.1358930468559265,0.5217843055725098,0.7296369075775146,-0.7001118063926697
process_visualization/Weather/h720/process_decomposition.csv,,,,,,,,,,,,,,,,,,,,,,,,,,,,,,,,,,,,,,,,,,,,,,,,,,,,,,,,,,,,,,,,,,,,,,,,,,,560,0.009767911272365969,-0.0029131174087524414,0.0033568940652500363,-0.0029044747352600098,0.0051599674139062145,-0.13562965393066406,0.5197345018386841,0.728361189365387,-0.704746425151825
process_visualization/Weather/h720/process_decomposition.csv,,,,,,,,,,,,,,,,,,,,,,,,,,,,,,,,,,,,,,,,,,,,,,,,,,,,,,,,,,,,,,,,,,,,,,,,,,,561,0.009767911272365969,-0.002758800983428955,0.0033568940652500363,-0.002958357334136963,0.0051599674139062145,-0.13907861709594727,0.5476483106613159,0.741599977016449,-0.7035877704620361
process_visualization/Weather/h720/process_decomposition.csv,,,,,,,,,,,,,,,,,,,,,,,,,,,,,,,,,,,,,,,,,,,,,,,,,,,,,,,,,,,,,,,,,,,,,,,,,,,562,0.009767911272365969,-0.002757132053375244,0.0033568940652500363,-0.002981901168823242,0.0051599674139062145,-0.14018243551254272,0.5468118190765381,0.7298554182052612,-0.7059050798416138
process_visualization/Weather/h720/process_decomposition.csv,,,,,,,,,,,,,,,,,,,,,,,,,,,,,,,,,,,,,,,,,,,,,,,,,,,,,,,,,,,,,,,,,,,,,,,,,,,563,0.009767911272365969,-0.002834796905517578,0.0033568940652500363,-0.002956569194793701,0.0051599674139062145,-0.1404995322227478,0.5434297919273376,0.7234750986099243,-0.7082223892211914
process_visualization/Weather/h720/process_decomposition.csv,,,,,,,,,,,,,,,,,,,,,,,,,,,,,,,,,,,,,,,,,,,,,,,,,,,,,,,,,,,,,,,,,,,,,,,,,,,564,0.009767911272365969,-0.0028020143508911133,0.0033568940652500363,-0.002955913543701172,0.0051599674139062145,-0.14056634902954102,0.5430075526237488,0.7225940227508545,-0.7116983532905579
process_visualization/Weather/h720/process_decomposition.csv,,,,,,,,,,,,,,,,,,,,,,,,,,,,,,,,,,,,,,,,,,,,,,,,,,,,,,,,,,,,,,,,,,,,,,,,,,,565,0.009767911272365969,-0.0028150081634521484,0.0033568940652500363,-0.002990245819091797,0.0051599674139062145,-0.14090269804000854,0.5398180484771729,0.7204486131668091,-0.7059050798416138
process_visualization/Weather/h720/process_decomposition.csv,,,,,,,,,,,,,,,,,,,,,,,,,,,,,,,,,,,,,,,,,,,,,,,,,,,,,,,,,,,,,,,,,,,,,,,,,,,566,0.009767911272365969,-0.002858459949493408,0.0033568940652500363,-0.002964317798614502,0.0051599674139062145,-0.1407753825187683,0.5414810180664062,0.7207532525062561,-0.6827319860458374
process_visualization/Weather/h720/process_decomposition.csv,,,,,,,,,,,,,,,,,,,,,,,,,,,,,,,,,,,,,,,,,,,,,,,,,,,,,,,,,,,,,,,,,,,,,,,,,,,567,0.009767911272365969,-0.00273972749710083,0.0033568940652500363,-0.003037571907043457,0.0051599674139062145,-0.14192134141921997,0.541542649269104,0.721491813659668,-0.671145498752594
process_visualization/Weather/h720/process_decomposition.csv,,,,,,,,,,,,,,,,,,,,,,,,,,,,,,,,,,,,,,,,,,,,,,,,,,,,,,,,,,,,,,,,,,,,,,,,,,,568,0.009767911272365969,-0.002815544605255127,0.0033568940652500363,-0.003029763698577881,0.0051599674139062145,-0.14178693294525146,0.5406193733215332,0.7187755703926086,-0.671145498752594
process_visualization/Weather/h720/process_decomposition.csv,,,,,,,,,,,,,,,,,,,,,,,,,,,,,,,,,,,,,,,,,,,,,,,,,,,,,,,,,,,,,,,,,,,,,,,,,,,569,0.009767911272365969,-0.00295102596282959,0.0033568940652500363,-0.002972424030303955,0.0051599674139062145,-0.14209908246994019,0.5405375361442566,0.7245006561279297,-0.6653522253036499
process_visualization/Weather/h720/process_decomposition.csv,,,,,,,,,,,,,,,,,,,,,,,,,,,,,,,,,,,,,,,,,,,,,,,,,,,,,,,,,,,,,,,,,,,,,,,,,,,570,0.009767911272365969,-0.0028113126754760742,0.0033568940652500363,-0.003045380115509033,0.0051599674139062145,-0.1422162652015686,0.538432776927948,0.7220578193664551,-0.6699868440628052
process_visualization/Weather/h720/process_decomposition.csv,,,,,,,,,,,,,,,,,,,,,,,,,,,,,,,,,,,,,,,,,,,,,,,,,,,,,,,,,,,,,,,,,,,,,,,,,,,571,0.009767911272365969,-0.002865910530090332,0.0033568940652500363,-0.003013134002685547,0.0051599674139062145,-0.1419280767440796,0.5375373959541321,0.7227858901023865,-0.6676695346832275
process_visualization/Weather/h720/process_decomposition.csv,,,,,,,,,,,,,,,,,,,,,,,,,,,,,,,,,,,,,,,,,,,,,,,,,,,,,,,,,,,,,,,,,,,,,,,,,,,572,0.009767911272365969,-0.0029251575469970703,0.0033568940652500363,-0.003010392189025879,0.0051599674139062145,-0.14192652702331543,0.5358855724334717,0.7192915081977844,-0.6641935706138611
process_visualization/Weather/h720/process_decomposition.csv,,,,,,,,,,,,,,,,,,,,,,,,,,,,,,,,,,,,,,,,,,,,,,,,,,,,,,,,,,,,,,,,,,,,,,,,,,,573,0.009767911272365969,-0.0027570128440856934,0.0033568940652500363,-0.0030705928802490234,0.0051599674139062145,-0.14142179489135742,0.5342846512794495,0.7190703749656677,-0.6444964408874512
process_visualization/Weather/h720/process_decomposition.csv,,,,,,,,,,,,,,,,,,,,,,,,,,,,,,,,,,,,,,,,,,,,,,,,,,,,,,,,,,,,,,,,,,,,,,,,,,,574,0.009767911272365969,-0.0027340054512023926,0.0033568940652500363,-0.0030524730682373047,0.0051599674139062145,-0.1407729983329773,0.5352218747138977,0.7191042900085449,-0.6340685486793518
process_visualization/Weather/h720/process_decomposition.csv,,,,,,,,,,,,,,,,,,,,,,,,,,,,,,,,,,,,,,,,,,,,,,,,,,,,,,,,,,,,,,,,,,,,,,,,,,,575,0.009767911272365969,-0.0029003024101257324,0.0033568940652500363,-0.003003716468811035,0.0051599674139062145,-0.14092403650283813,0.5336778163909912,0.7242068648338318,-0.6236407160758972
process_visualization/Weather/h720/process_decomposition.csv,,,,,,,,,,,,,,,,,,,,,,,,,,,,,,,,,,,,,,,,,,,,,,,,,,,,,,,,,,,,,,,,,,,,,,,,,,,576,0.009767911272365969,-0.0028026700019836426,0.0033568940652500363,-0.003042876720428467,0.0051599674139062145,-0.1404486894607544,0.5324609279632568,0.7254482507705688,-0.612054169178009
process_visualization/Weather/h720/process_decomposition.csv,,,,,,,,,,,,,,,,,,,,,,,,,,,,,,,,,,,,,,,,,,,,,,,,,,,,,,,,,,,,,,,,,,,,,,,,,,,577,0.009767911272365969,-0.0026990771293640137,0.0033568940652500363,-0.0030614137649536133,0.0051599674139062145,-0.13978958129882812,0.5397993922233582,0.7266432046890259,-0.6016262769699097
process_visualization/Weather/h720/process_decomposition.csv,,,,,,,,,,,,,,,,,,,,,,,,,,,,,,,,,,,,,,,,,,,,,,,,,,,,,,,,,,,,,,,,,,,,,,,,,,,578,0.009767911272365969,-0.0027467012405395508,0.0033568940652500363,-0.003082275390625,0.0051599674139062145,-0.14057409763336182,0.5371674299240112,0.7248293161392212,-0.6190060973167419
process_visualization/Weather/h720/process_decomposition.csv,,,,,,,,,,,,,,,,,,,,,,,,,,,,,,,,,,,,,,,,,,,,,,,,,,,,,,,,,,,,,,,,,,,,,,,,,,,579,0.009767911272365969,-0.002737700939178467,0.0033568940652500363,-0.003081679344177246,0.0051599674139062145,-0.14146095514297485,0.5358173251152039,0.7311205267906189,-0.6294339299201965
process_visualization/Weather/h720/process_decomposition.csv,,,,,,,,,,,,,,,,,,,,,,,,,,,,,,,,,,,,,,,,,,,,,,,,,,,,,,,,,,,,,,,,,,,,,,,,,,,580,0.009767911272365969,-0.0027344226837158203,0.0033568940652500363,-0.00309067964553833,0.0051599674139062145,-0.14138126373291016,0.5355937480926514,0.7302981019020081,-0.6259580254554749
process_visualization/Weather/h720/process_decomposition.csv,,,,,,,,,,,,,,,,,,,,,,,,,,,,,,,,,,,,,,,,,,,,,,,,,,,,,,,,,,,,,,,,,,,,,,,,,,,581,0.009767911272365969,-0.0027892589569091797,0.0033568940652500363,-0.0030943751335144043,0.0051599674139062145,-0.14192050695419312,0.5344184637069702,0.7319091558456421,-0.6375445127487183
process_visualization/Weather/h720/process_decomposition.csv,,,,,,,,,,,,,,,,,,,,,,,,,,,,,,,,,,,,,,,,,,,,,,,,,,,,,,,,,,,,,,,,,,,,,,,,,,,582,0.009767911272365969,-0.0027827024459838867,0.0033568940652500363,-0.0030816197395324707,0.0051599674139062145,-0.1418256163597107,0.5344935059547424,0.7307053208351135,-0.6178474426269531
process_visualization/Weather/h720/process_decomposition.csv,,,,,,,,,,,,,,,,,,,,,,,,,,,,,,,,,,,,,,,,,,,,,,,,,,,,,,,,,,,,,,,,,,,,,,,,,,,583,0.009767911272365969,-0.0028380155563354492,0.0033568940652500363,-0.003073751926422119,0.0051599674139062145,-0.1425694227218628,0.532712459564209,0.7339029312133789,-0.6027849316596985
process_visualization/Weather/h720/process_decomposition.csv,,,,,,,,,,,,,,,,,,,,,,,,,,,,,,,,,,,,,,,,,,,,,,,,,,,,,,,,,,,,,,,,,,,,,,,,,,,584,0.009767911272365969,-0.0028588175773620605,0.0033568940652500363,-0.0030965209007263184,0.0051599674139062145,-0.14283978939056396,0.5337874889373779,0.7409617900848389,-0.6004676222801208
process_visualization/Weather/h720/process_decomposition.csv,,,,,,,,,,,,,,,,,,,,,,,,,,,,,,,,,,,,,,,,,,,,,,,,,,,,,,,,,,,,,,,,,,,,,,,,,,,585,0.009767911272365969,-0.002768993377685547,0.0033568940652500363,-0.0031020641326904297,0.0051599674139062145,-0.14253616333007812,0.532050371170044,0.7541109919548035,-0.599308967590332
process_visualization/Weather/h720/process_decomposition.csv,,,,,,,,,,,,,,,,,,,,,,,,,,,,,,,,,,,,,,,,,,,,,,,,,,,,,,,,,,,,,,,,,,,,,,,,,,,586,0.009767911272365969,-0.0028757452964782715,0.0033568940652500363,-0.0030800700187683105,0.0051599674139062145,-0.14235401153564453,0.5312999486923218,0.7577612400054932,-0.5935156941413879
process_visualization/Weather/h720/process_decomposition.csv,,,,,,,,,,,,,,,,,,,,,,,,,,,,,,,,,,,,,,,,,,,,,,,,,,,,,,,,,,,,,,,,,,,,,,,,,,,587,0.009767911272365969,-0.0028361082077026367,0.0033568940652500363,-0.003120601177215576,0.0051599674139062145,-0.14291608333587646,0.5331659317016602,0.7601090669631958,-0.572659969329834
process_visualization/Weather/h720/process_decomposition.csv,,,,,,,,,,,,,,,,,,,,,,,,,,,,,,,,,,,,,,,,,,,,,,,,,,,,,,,,,,,,,,,,,,,,,,,,,,,588,0.009767911272365969,-0.002839505672454834,0.0033568940652500363,-0.0030892491340637207,0.0051599674139062145,-0.1426457166671753,0.5315680503845215,0.7675419449806213,-0.5494868755340576
process_visualization/Weather/h720/process_decomposition.csv,,,,,,,,,,,,,,,,,,,,,,,,,,,,,,,,,,,,,,,,,,,,,,,,,,,,,,,,,,,,,,,,,,,,,,,,,,,589,0.009767911272365969,-0.0027891993522644043,0.0033568940652500363,-0.003103494644165039,0.0051599674139062145,-0.14233535528182983,0.530186653137207,0.7739865183830261,-0.5448522567749023
process_visualization/Weather/h720/process_decomposition.csv,,,,,,,,,,,,,,,,,,,,,,,,,,,,,,,,,,,,,,,,,,,,,,,,,,,,,,,,,,,,,,,,,,,,,,,,,,,590,0.009767911272365969,-0.002787768840789795,0.0033568940652500363,-0.0031862258911132812,0.0051599674139062145,-0.14340531826019287,0.5288817882537842,0.7812637686729431,-0.5355830192565918
process_visualization/Weather/h720/process_decomposition.csv,,,,,,,,,,,,,,,,,,,,,,,,,,,,,,,,,,,,,,,,,,,,,,,,,,,,,,,,,,,,,,,,,,,,,,,,,,,591,0.009767911272365969,-0.002767503261566162,0.0033568940652500363,-0.0032028555870056152,0.0051599674139062145,-0.14328092336654663,0.5277080535888672,0.7891087532043457,-0.5205205678939819
process_visualization/Weather/h720/process_decomposition.csv,,,,,,,,,,,,,,,,,,,,,,,,,,,,,,,,,,,,,,,,,,,,,,,,,,,,,,,,,,,,,,,,,,,,,,,,,,,592,0.009767911272365969,-0.002828061580657959,0.0033568940652500363,-0.003179490566253662,0.0051599674139062145,-0.1426423192024231,0.5259646773338318,0.7916513681411743,-0.5170446038246155
process_visualization/Weather/h720/process_decomposition.csv,,,,,,,,,,,,,,,,,,,,,,,,,,,,,,,,,,,,,,,,,,,,,,,,,,,,,,,,,,,,,,,,,,,,,,,,,,,593,0.009767911272365969,-0.0029581785202026367,0.0033568940652500363,-0.003424346446990967,0.0051599674139062145,-0.1438959240913391,0.5262836813926697,0.777876079082489,-0.5321070551872253
process_visualization/Weather/h720/process_decomposition.csv,,,,,,,,,,,,,,,,,,,,,,,,,,,,,,,,,,,,,,,,,,,,,,,,,,,,,,,,,,,,,,,,,,,,,,,,,,,594,0.009767911272365969,-0.00288546085357666,0.0033568940652500363,-0.0034908652305603027,0.0051599674139062145,-0.14495104551315308,0.524207592010498,0.7778171300888062,-0.5436936020851135
process_visualization/Weather/h720/process_decomposition.csv,,,,,,,,,,,,,,,,,,,,,,,,,,,,,,,,,,,,,,,,,,,,,,,,,,,,,,,,,,,,,,,,,,,,,,,,,,,595,0.009767911272365969,-0.002935349941253662,0.0033568940652500363,-0.00350111722946167,0.0051599674139062145,-0.14539259672164917,0.5246867537498474,0.7758017182350159,-0.5402176380157471
process_visualization/Weather/h720/process_decomposition.csv,,,,,,,,,,,,,,,,,,,,,,,,,,,,,,,,,,,,,,,,,,,,,,,,,,,,,,,,,,,,,,,,,,,,,,,,,,,596,0.009767911272365969,-0.002915024757385254,0.0033568940652500363,-0.0034746527671813965,0.0051599674139062145,-0.14538228511810303,0.5242699384689331,0.7817829251289368,-0.5170446038246155
process_visualization/Weather/h720/process_decomposition.csv,,,,,,,,,,,,,,,,,,,,,,,,,,,,,,,,,,,,,,,,,,,,,,,,,,,,,,,,,,,,,,,,,,,,,,,,,,,597,0.009767911272365969,-0.0028870701789855957,0.0033568940652500363,-0.0034824609756469727,0.0051599674139062145,-0.1456499695777893,0.5242688655853271,0.7819044589996338,-0.5089340209960938
process_visualization/Weather/h720/process_decomposition.csv,,,,,,,,,,,,,,,,,,,,,,,,,,,,,,,,,,,,,,,,,,,,,,,,,,,,,,,,,,,,,,,,,,,,,,,,,,,598,0.009767911272365969,-0.0028830766677856445,0.0033568940652500363,-0.003460526466369629,0.0051599674139062145,-0.14552444219589233,0.526655375957489,0.7814439535140991,-0.5089340209960938
process_visualization/Weather/h720/process_decomposition.csv,,,,,,,,,,,,,,,,,,,,,,,,,,,,,,,,,,,,,,,,,,,,,,,,,,,,,,,,,,,,,,,,,,,,,,,,,,,599,0.009767911272365969,-0.002861320972442627,0.0033568940652500363,-0.0035250186920166016,0.0051599674139062145,-0.14651352167129517,0.5269824266433716,0.7809781432151794,-0.5112513303756714
process_visualization/Weather/h720/process_decomposition.csv,,,,,,,,,,,,,,,,,,,,,,,,,,,,,,,,,,,,,,,,,,,,,,,,,,,,,,,,,,,,,,,,,,,,,,,,,,,600,0.009767911272365969,-0.0029165148735046387,0.0033568940652500363,-0.0035123229026794434,0.0051599674139062145,-0.1460016369819641,0.5299490094184875,0.7836177349090576,-0.5077753663063049
process_visualization/Weather/h720/process_decomposition.csv,,,,,,,,,,,,,,,,,,,,,,,,,,,,,,,,,,,,,,,,,,,,,,,,,,,,,,,,,,,,,,,,,,,,,,,,,,,601,0.009767911272365969,-0.0028527379035949707,0.0033568940652500363,-0.0035302042961120605,0.0051599674139062145,-0.14772039651870728,0.5299080610275269,0.7921891212463379,-0.49734747409820557
process_visualization/Weather/h720/process_decomposition.csv,,,,,,,,,,,,,,,,,,,,,,,,,,,,,,,,,,,,,,,,,,,,,,,,,,,,,,,,,,,,,,,,,,,,,,,,,,,602,0.009767911272365969,-0.0028701424598693848,0.0033568940652500363,-0.0035293102264404297,0.0051599674139062145,-0.14773887395858765,0.529988169670105,0.7900187969207764,-0.48576095700263977
process_visualization/Weather/h720/process_decomposition.csv,,,,,,,,,,,,,,,,,,,,,,,,,,,,,,,,,,,,,,,,,,,,,,,,,,,,,,,,,,,,,,,,,,,,,,,,,,,603,0.009767911272365969,-0.002773106098175049,0.0033568940652500363,-0.0034970641136169434,0.0051599674139062145,-0.14735060930252075,0.5309574007987976,0.7946089506149292,-0.4869196116924286
process_visualization/Weather/h720/process_decomposition.csv,,,,,,,,,,,,,,,,,,,,,,,,,,,,,,,,,,,,,,,,,,,,,,,,,,,,,,,,,,,,,,,,,,,,,,,,,,,604,0.009767911272365969,-0.002848029136657715,0.0033568940652500363,-0.0034908652305603027,0.0051599674139062145,-0.14722591638565063,0.530507504940033,0.7970467209815979,-0.4822849929332733
process_visualization/Weather/h720/process_decomposition.csv,,,,,,,,,,,,,,,,,,,,,,,,,,,,,,,,,,,,,,,,,,,,,,,,,,,,,,,,,,,,,,,,,,,,,,,,,,,605,0.009767911272365969,-0.0027779340744018555,0.0033568940652500363,-0.0035127997398376465,0.0051599674139062145,-0.146548330783844,0.5313674807548523,0.7929761409759521,-0.4741744101047516
process_visualization/Weather/h720/process_decomposition.csv,,,,,,,,,,,,,,,,,,,,,,,,,,,,,,,,,,,,,,,,,,,,,,,,,,,,,,,,,,,,,,,,,,,,,,,,,,,606,0.009767911272365969,-0.002800881862640381,0.0033568940652500363,-0.003447413444519043,0.0051599674139062145,-0.14559823274612427,0.5339388251304626,0.7929916381835938,-0.45911192893981934
process_visualization/Weather/h720/process_decomposition.csv,,,,,,,,,,,,,,,,,,,,,,,,,,,,,,,,,,,,,,,,,,,,,,,,,,,,,,,,,,,,,,,,,,,,,,,,,,,607,0.009767911272365969,-0.0028429031372070312,0.0033568940652500363,-0.003434896469116211,0.0051599674139062145,-0.1456676721572876,0.5326015949249268,0.7900089621543884,-0.4567946195602417
process_visualization/Weather/h720/process_decomposition.csv,,,,,,,,,,,,,,,,,,,,,,,,,,,,,,,,,,,,,,,,,,,,,,,,,,,,,,,,,,,,,,,,,,,,,,,,,,,608,0.009767911272365969,-0.0027084946632385254,0.0033568940652500363,-0.0034839510917663574,0.0051599674139062145,-0.14481735229492188,0.5341892838478088,0.7851543426513672,-0.4521600008010864
process_visualization/Weather/h720/process_decomposition.csv,,,,,,,,,,,,,,,,,,,,,,,,,,,,,,,,,,,,,,,,,,,,,,,,,,,,,,,,,,,,,,,,,,,,,,,,,,,609,0.009767911272365969,-0.0031273365020751953,0.0033568940652500363,-0.0038819313049316406,0.0051599674139062145,-0.14341521263122559,0.5076913237571716,0.8000134825706482,-0.4556359648704529
process_visualization/Weather/h720/process_decomposition.csv,,,,,,,,,,,,,,,,,,,,,,,,,,,,,,,,,,,,,,,,,,,,,,,,,,,,,,,,,,,,,,,,,,,,,,,,,,,610,0.009767911272365969,-0.0030124783515930176,0.0033568940652500363,-0.003933966159820557,0.0051599674139062145,-0.14377856254577637,0.506365180015564,0.7904974818229675,-0.4510013461112976
process_visualization/Weather/h720/process_decomposition.csv,,,,,,,,,,,,,,,,,,,,,,,,,,,,,,,,,,,,,,,,,,,,,,,,,,,,,,,,,,,,,,,,,,,,,,,,,,,611,0.009767911272365969,-0.003073275089263916,0.0033568940652500363,-0.003910660743713379,0.0051599674139062145,-0.14443325996398926,0.5086263418197632,0.7848069071769714,-0.45447731018066406
process_visualization/Weather/h720/process_decomposition.csv,,,,,,,,,,,,,,,,,,,,,,,,,,,,,,,,,,,,,,,,,,,,,,,,,,,,,,,,,,,,,,,,,,,,,,,,,,,612,0.009767911272365969,-0.0030717849731445312,0.0033568940652500363,-0.0038911104202270508,0.0051599674139062145,-0.14415258169174194,0.5083377361297607,0.7826783657073975,-0.45447731018066406
process_visualization/Weather/h720/process_decomposition.csv,,,,,,,,,,,,,,,,,,,,,,,,,,,,,,,,,,,,,,,,,,,,,,,,,,,,,,,,,,,,,,,,,,,,,,,,,,,613,0.009767911272365969,-0.0031090378761291504,0.0033568940652500363,-0.0038909912109375,0.0051599674139062145,-0.1442626714706421,0.5090541243553162,0.7832329273223877,-0.4567946195602417
process_visualization/Weather/h720/process_decomposition.csv,,,,,,,,,,,,,,,,,,,,,,,,,,,,,,,,,,,,,,,,,,,,,,,,,,,,,,,,,,,,,,,,,,,,,,,,,,,614,0.009767911272365969,-0.0030819177627563477,0.0033568940652500363,-0.0038808584213256836,0.0051599674139062145,-0.14416134357452393,0.5108494758605957,0.7741678357124329,-0.45447731018066406
process_visualization/Weather/h720/process_decomposition.csv,,,,,,,,,,,,,,,,,,,,,,,,,,,,,,,,,,,,,,,,,,,,,,,,,,,,,,,,,,,,,,,,,,,,,,,,,,,615,0.009767911272365969,-0.0030135512351989746,0.0033568940652500363,-0.003918170928955078,0.0051599674139062145,-0.14451885223388672,0.5115122199058533,0.7790694236755371,-0.4463667571544647
process_visualization/Weather/h720/process_decomposition.csv,,,,,,,,,,,,,,,,,,,,,,,,,,,,,,,,,,,,,,,,,,,,,,,,,,,,,,,,,,,,,,,,,,,,,,,,,,,616,0.009767911272365969,-0.003067493438720703,0.0033568940652500363,-0.003876626491546631,0.0051599674139062145,-0.14440405368804932,0.5136383175849915,0.7724939584732056,-0.42319369316101074
process_visualization/Weather/h720/process_decomposition.csv,,,,,,,,,,,,,,,,,,,,,,,,,,,,,,,,,,,,,,,,,,,,,,,,,,,,,,,,,,,,,,,,,,,,,,,,,,,617,0.009767911272365969,-0.002973020076751709,0.0033568940652500363,-0.003918111324310303,0.0051599674139062145,-0.14508694410324097,0.5153793096542358,0.7724148631095886,-0.41855907440185547
process_visualization/Weather/h720/process_decomposition.csv,,,,,,,,,,,,,,,,,,,,,,,,,,,,,,,,,,,,,,,,,,,,,,,,,,,,,,,,,,,,,,,,,,,,,,,,,,,618,0.009767911272365969,-0.0030347108840942383,0.0033568940652500363,-0.003881514072418213,0.0051599674139062145,-0.14482355117797852,0.5167595148086548,0.7725198268890381,-0.4243523180484772
process_visualization/Weather/h720/process_decomposition.csv,,,,,,,,,,,,,,,,,,,,,,,,,,,,,,,,,,,,,,,,,,,,,,,,,,,,,,,,,,,,,,,,,,,,,,,,,,,619,0.009767911272365969,-0.0030655860900878906,0.0033568940652500363,-0.003889799118041992,0.0051599674139062145,-0.14529407024383545,0.5184375643730164,0.767940104007721,-0.42319369316101074
process_visualization/Weather/h720/process_decomposition.csv,,,,,,,,,,,,,,,,,,,,,,,,,,,,,,,,,,,,,,,,,,,,,,,,,,,,,,,,,,,,,,,,,,,,,,,,,,,620,0.009767911272365969,-0.00307309627532959,0.0033568940652500363,-0.003832519054412842,0.0051599674139062145,-0.1447538137435913,0.5186019539833069,0.7735470533370972,-0.41160714626312256
process_visualization/Weather/h720/process_decomposition.csv,,,,,,,,,,,,,,,,,,,,,,,,,,,,,,,,,,,,,,,,,,,,,,,,,,,,,,,,,,,,,,,,,,,,,,,,,,,621,0.009767911272365969,-0.0030472874641418457,0.0033568940652500363,-0.003847062587738037,0.0051599674139062145,-0.14418411254882812,0.5204566717147827,0.7738943099975586,-0.4081311821937561
process_visualization/Weather/h720/process_decomposition.csv,,,,,,,,,,,,,,,,,,,,,,,,,,,,,,,,,,,,,,,,,,,,,,,,,,,,,,,,,,,,,,,,,,,,,,,,,,,622,0.009767911272365969,-0.0030403733253479004,0.0033568940652500363,-0.0038805603981018066,0.0051599674139062145,-0.14468979835510254,0.5210738182067871,0.7729225754737854,-0.4011792540550232
process_visualization/Weather/h720/process_decomposition.csv,,,,,,,,,,,,,,,,,,,,,,,,,,,,,,,,,,,,,,,,,,,,,,,,,,,,,,,,,,,,,,,,,,,,,,,,,,,623,0.009767911272365969,-0.003124833106994629,0.0033568940652500363,-0.0037883520126342773,0.0051599674139062145,-0.14434027671813965,0.5218954682350159,0.774905264377594,-0.39306870102882385
process_visualization/Weather/h720/process_decomposition.csv,,,,,,,,,,,,,,,,,,,,,,,,,,,,,,,,,,,,,,,,,,,,,,,,,,,,,,,,,,,,,,,,,,,,,,,,,,,624,0.009767911272365969,-0.00309067964553833,0.0033568940652500363,-0.003773033618927002,0.0051599674139062145,-0.1434333324432373,0.5219637751579285,0.7741442322731018,-0.3826408088207245
process_visualization/Weather/h720/process_decomposition.csv,,,,,,,,,,,,,,,,,,,,,,,,,,,,,,,,,,,,,,,,,,,,,,,,,,,,,,,,,,,,,,,,,,,,,,,,,,,625,0.009767911272365969,-0.0031200647354125977,0.0033568940652500363,-0.004051834344863892,0.0051599674139062145,-0.1381000578403473,0.4985797703266144,0.7741833329200745,-0.3722129464149475
process_visualization/Weather/h720/process_decomposition.csv,,,,,,,,,,,,,,,,,,,,,,,,,,,,,,,,,,,,,,,,,,,,,,,,,,,,,,,,,,,,,,,,,,,,,,,,,,,626,0.009767911272365969,-0.003117173910140991,0.0033568940652500363,-0.004053026437759399,0.0051599674139062145,-0.13841578364372253,0.4985007345676422,0.7732237577438354,-0.3583090901374817
process_visualization/Weather/h720/process_decomposition.csv,,,,,,,,,,,,,,,,,,,,,,,,,,,,,,,,,,,,,,,,,,,,,,,,,,,,,,,,,,,,,,,,,,,,,,,,,,,627,0.009767911272365969,-0.003104269504547119,0.0033568940652500363,-0.004012644290924072,0.0051599674139062145,-0.13812106847763062,0.5015383958816528,0.766728937625885,-0.3467225730419159
process_visualization/Weather/h720/process_decomposition.csv,,,,,,,,,,,,,,,,,,,,,,,,,,,,,,,,,,,,,,,,,,,,,,,,,,,,,,,,,,,,,,,,,,,,,,,,,,,628,0.009767911272365969,-0.0031297802925109863,0.0033568940652500363,-0.003979980945587158,0.0051599674139062145,-0.13773906230926514,0.5007368922233582,0.7664613723754883,-0.34440526366233826
process_visualization/Weather/h720/process_decomposition.csv,,,,,,,,,,,,,,,,,,,,,,,,,,,,,,,,,,,,,,,,,,,,,,,,,,,,,,,,,,,,,,,,,,,,,,,,,,,629,0.009767911272365969,-0.0031436681747436523,0.0033568940652500363,-0.003966033458709717,0.0051599674139062145,-0.13774818181991577,0.5017250776290894,0.771513044834137,-0.34903988242149353
process_visualization/Weather/h720/process_decomposition.csv,,,,,,,,,,,,,,,,,,,,,,,,,,,,,,,,,,,,,,,,,,,,,,,,,,,,,,,,,,,,,,,,,,,,,,,,,,,630,0.009767911272365969,-0.0031334757804870605,0.0033568940652500363,-0.00393068790435791,0.0051599674139062145,-0.13741272687911987,0.5046826601028442,0.7674098610877991,-0.3525158166885376
process_visualization/Weather/h720/process_decomposition.csv,,,,,,,,,,,,,,,,,,,,,,,,,,,,,,,,,,,,,,,,,,,,,,,,,,,,,,,,,,,,,,,,,,,,,,,,,,,631,0.009767911272365969,-0.0031180977821350098,0.0033568940652500363,-0.00393599271774292,0.0051599674139062145,-0.1378270983695984,0.5066457390785217,0.7704665660858154,-0.34440526366233826
process_visualization/Weather/h720/process_decomposition.csv,,,,,,,,,,,,,,,,,,,,,,,,,,,,,,,,,,,,,,,,,,,,,,,,,,,,,,,,,,,,,,,,,,,,,,,,,,,632,0.009767911272365969,-0.0031489133834838867,0.0033568940652500363,-0.0038948655128479004,0.0051599674139062145,-0.1372164487838745,0.5101500153541565,0.77569580078125,-0.34324660897254944
process_visualization/Weather/h720/process_decomposition.csv,,,,,,,,,,,,,,,,,,,,,,,,,,,,,,,,,,,,,,,,,,,,,,,,,,,,,,,,,,,,,,,,,,,,,,,,,,,633,0.009767911272365969,-0.0030490756034851074,0.0033568940652500363,-0.003952741622924805,0.0051599674139062145,-0.13713079690933228,0.5156495571136475,0.7721301913261414,-0.3223908543586731
process_visualization/Weather/h720/process_decomposition.csv,,,,,,,,,,,,,,,,,,,,,,,,,,,,,,,,,,,,,,,,,,,,,,,,,,,,,,,,,,,,,,,,,,,,,,,,,,,634,0.009767911272365969,-0.0031682252883911133,0.0033568940652500363,-0.003913164138793945,0.0051599674139062145,-0.13706928491592407,0.5161895155906677,0.7672813534736633,-0.31312161684036255
process_visualization/Weather/h720/process_decomposition.csv,,,,,,,,,,,,,,,,,,,,,,,,,,,,,,,,,,,,,,,,,,,,,,,,,,,,,,,,,,,,,,,,,,,,,,,,,,,635,0.009767911272365969,-0.003117978572845459,0.0033568940652500363,-0.00388258695602417,0.0051599674139062145,-0.13672852516174316,0.5177108645439148,0.7745513916015625,-0.3096456527709961
process_visualization/Weather/h720/process_decomposition.csv,,,,,,,,,,,,,,,,,,,,,,,,,,,,,,,,,,,,,,,,,,,,,,,,,,,,,,,,,,,,,,,,,,,,,,,,,,,636,0.009767911272365969,-0.003147304058074951,0.0033568940652500363,-0.0038281679153442383,0.0051599674139062145,-0.13646239042282104,0.5192721486091614,0.7775943279266357,-0.30616968870162964
process_visualization/Weather/h720/process_decomposition.csv,,,,,,,,,,,,,,,,,,,,,,,,,,,,,,,,,,,,,,,,,,,,,,,,,,,,,,,,,,,,,,,,,,,,,,,,,,,637,0.009767911272365969,-0.00305861234664917,0.0033568940652500363,-0.0038394927978515625,0.0051599674139062145,-0.13563823699951172,0.5205001831054688,0.779503345489502,-0.30269375443458557
process_visualization/Weather/h720/process_decomposition.csv,,,,,,,,,,,,,,,,,,,,,,,,,,,,,,,,,,,,,,,,,,,,,,,,,,,,,,,,,,,,,,,,,,,,,,,,,,,638,0.009767911272365969,-0.003119051456451416,0.0033568940652500363,-0.0037785768508911133,0.0051599674139062145,-0.13436520099639893,0.5238677859306335,0.7788950204849243,-0.2969004809856415
process_visualization/Weather/h720/process_decomposition.csv,,,,,,,,,,,,,,,,,,,,,,,,,,,,,,,,,,,,,,,,,,,,,,,,,,,,,,,,,,,,,,,,,,,,,,,,,,,639,0.009767911272365969,-0.003167569637298584,0.0033568940652500363,-0.003699183464050293,0.0051599674139062145,-0.13454824686050415,0.525069534778595,0.7840844988822937,-0.2864725887775421
process_visualization/Weather/h720/process_decomposition.csv,,,,,,,,,,,,,,,,,,,,,,,,,,,,,,,,,,,,,,,,,,,,,,,,,,,,,,,,,,,,,,,,,,,,,,,,,,,640,0.009767911272365969,-0.0032404065132141113,0.0033568940652500363,-0.003659486770629883,0.0051599674139062145,-0.13348102569580078,0.5251761078834534,0.785304844379425,-0.2748860716819763
process_visualization/Weather/h720/process_decomposition.csv,,,,,,,,,,,,,,,,,,,,,,,,,,,,,,,,,,,,,,,,,,,,,,,,,,,,,,,,,,,,,,,,,,,,,,,,,,,641,0.009767911272365969,-0.0032425522804260254,0.0033568940652500363,-0.0035489797592163086,0.0051599674139062145,-0.1308155059814453,0.5111108422279358,0.7769027948379517,-0.27720338106155396
process_visualization/Weather/h720/process_decomposition.csv,,,,,,,,,,,,,,,,,,,,,,,,,,,,,,,,,,,,,,,,,,,,,,,,,,,,,,,,,,,,,,,,,,,,,,,,,,,642,0.009767911272365969,-0.003261089324951172,0.0033568940652500363,-0.0034847259521484375,0.0051599674139062145,-0.1305895447731018,0.5130540132522583,0.7753617763519287,-0.2737274169921875
process_visualization/Weather/h720/process_decomposition.csv,,,,,,,,,,,,,,,,,,,,,,,,,,,,,,,,,,,,,,,,,,,,,,,,,,,,,,,,,,,,,,,,,,,,,,,,,,,643,0.009767911272365969,-0.0031821727752685547,0.0033568940652500363,-0.0035209059715270996,0.0051599674139062145,-0.13066166639328003,0.5127889513969421,0.7778523564338684,-0.27604472637176514
process_visualization/Weather/h720/process_decomposition.csv,,,,,,,,,,,,,,,,,,,,,,,,,,,,,,,,,,,,,,,,,,,,,,,,,,,,,,,,,,,,,,,,,,,,,,,,,,,644,0.009767911272365969,-0.0033236145973205566,0.0033568940652500363,-0.0033974647521972656,0.0051599674139062145,-0.12999296188354492,0.5129560232162476,0.7727660536766052,-0.27025145292282104
process_visualization/Weather/h720/process_decomposition.csv,,,,,,,,,,,,,,,,,,,,,,,,,,,,,,,,,,,,,,,,,,,,,,,,,,,,,,,,,,,,,,,,,,,,,,,,,,,645,0.009767911272365969,-0.0032681822776794434,0.0033568940652500363,-0.0034227371215820312,0.0051599674139062145,-0.13007265329360962,0.5161892175674438,0.7770165205001831,-0.2621408700942993
process_visualization/Weather/h720/process_decomposition.csv,,,,,,,,,,,,,,,,,,,,,,,,,,,,,,,,,,,,,,,,,,,,,,,,,,,,,,,,,,,,,,,,,,,,,,,,,,,646,0.009767911272365969,-0.00323486328125,0.0033568940652500363,-0.0034220218658447266,0.0051599674139062145,-0.12993556261062622,0.517017662525177,0.7778295874595642,-0.2540303170681
process_visualization/Weather/h720/process_decomposition.csv,,,,,,,,,,,,,,,,,,,,,,,,,,,,,,,,,,,,,,,,,,,,,,,,,,,,,,,,,,,,,,,,,,,,,,,,,,,647,0.009767911272365969,-0.0032671689987182617,0.0033568940652500363,-0.0033623576164245605,0.0051599674139062145,-0.12996327877044678,0.5178810954093933,0.7742710113525391,-0.24823704361915588
process_visualization/Weather/h720/process_decomposition.csv,,,,,,,,,,,,,,,,,,,,,,,,,,,,,,,,,,,,,,,,,,,,,,,,,,,,,,,,,,,,,,,,,,,,,,,,,,,648,0.009767911272365969,-0.00325089693069458,0.0033568940652500363,-0.0033794045448303223,0.0051599674139062145,-0.12994384765625,0.5195380449295044,0.7771677374839783,-0.24128511548042297
process_visualization/Weather/h720/process_decomposition.csv,,,,,,,,,,,,,,,,,,,,,,,,,,,,,,,,,,,,,,,,,,,,,,,,,,,,,,,,,,,,,,,,,,,,,,,,,,,649,0.009767911272365969,-0.003278017044067383,0.0033568940652500363,-0.0034133195877075195,0.0051599674139062145,-0.12966644763946533,0.5204671025276184,0.7732122540473938,-0.2250639796257019
process_visualization/Weather/h720/process_decomposition.csv,,,,,,,,,,,,,,,,,,,,,,,,,,,,,,,,,,,,,,,,,,,,,,,,,,,,,,,,,,,,,,,,,,,,,,,,,,,650,0.009767911272365969,-0.0033043622970581055,0.0033568940652500363,-0.0033771395683288574,0.0051599674139062145,-0.12951314449310303,0.5226530432701111,0.774674654006958,-0.21347744762897491
process_visualization/Weather/h720/process_decomposition.csv,,,,,,,,,,,,,,,,,,,,,,,,,,,,,,,,,,,,,,,,,,,,,,,,,,,,,,,,,,,,,,,,,,,,,,,,,,,651,0.009767911272365969,-0.003309011459350586,0.0033568940652500363,-0.0033548474311828613,0.0051599674139062145,-0.12984097003936768,0.5232125520706177,0.7703883647918701,-0.1937803328037262
process_visualization/Weather/h720/process_decomposition.csv,,,,,,,,,,,,,,,,,,,,,,,,,,,,,,,,,,,,,,,,,,,,,,,,,,,,,,,,,,,,,,,,,,,,,,,,,,,652,0.009767911272365969,-0.0032149553298950195,0.0033568940652500363,-0.0033876895904541016,0.0051599674139062145,-0.12948036193847656,0.5259302854537964,0.7688296437263489,-0.1810351461172104
process_visualization/Weather/h720/process_decomposition.csv,,,,,,,,,,,,,,,,,,,,,,,,,,,,,,,,,,,,,,,,,,,,,,,,,,,,,,,,,,,,,,,,,,,,,,,,,,,653,0.009767911272365969,-0.003287792205810547,0.0033568940652500363,-0.0033365488052368164,0.0051599674139062145,-0.12888765335083008,0.5247311592102051,0.7674480676651001,-0.17755919694900513
process_visualization/Weather/h720/process_decomposition.csv,,,,,,,,,,,,,,,,,,,,,,,,,,,,,,,,,,,,,,,,,,,,,,,,,,,,,,,,,,,,,,,,,,,,,,,,,,,654,0.009767911272365969,-0.003222942352294922,0.0033568940652500363,-0.0033739805221557617,0.0051599674139062145,-0.12925416231155396,0.5260327458381653,0.767566442489624,-0.16597265005111694
process_visualization/Weather/h720/process_decomposition.csv,,,,,,,,,,,,,,,,,,,,,,,,,,,,,,,,,,,,,,,,,,,,,,,,,,,,,,,,,,,,,,,,,,,,,,,,,,,655,0.009767911272365969,-0.003389596939086914,0.0033568940652500363,-0.0032632946968078613,0.0051599674139062145,-0.1290605068206787,0.5264030694961548,0.7694229483604431,-0.16481401026248932
process_visualization/Weather/h720/process_decomposition.csv,,,,,,,,,,,,,,,,,,,,,,,,,,,,,,,,,,,,,,,,,,,,,,,,,,,,,,,,,,,,,,,,,,,,,,,,,,,656,0.009767911272365969,-0.0032468438148498535,0.0033568940652500363,-0.0032965540885925293,0.0051599674139062145,-0.12850487232208252,0.5266433954238892,0.77118980884552,-0.1567034274339676
process_visualization/Weather/h720/process_decomposition.csv,,,,,,,,,,,,,,,,,,,,,,,,,,,,,,,,,,,,,,,,,,,,,,,,,,,,,,,,,,,,,,,,,,,,,,,,,,,657,0.009767911272365969,-0.0032146573066711426,0.0033568940652500363,-0.003025650978088379,0.0051599674139062145,-0.13255000114440918,0.5310325026512146,0.7685418725013733,-0.15554477274417877
process_visualization/Weather/h720/process_decomposition.csv,,,,,,,,,,,,,,,,,,,,,,,,,,,,,,,,,,,,,,,,,,,,,,,,,,,,,,,,,,,,,,,,,,,,,,,,,,,658,0.009767911272365969,-0.0031932592391967773,0.0033568940652500363,-0.003016948699951172,0.0051599674139062145,-0.13299405574798584,0.5299233794212341,0.7686817049980164,-0.15902073681354523
process_visualization/Weather/h720/process_decomposition.csv,,,,,,,,,,,,,,,,,,,,,,,,,,,,,,,,,,,,,,,,,,,,,,,,,,,,,,,,,,,,,,,,,,,,,,,,,,,659,0.009767911272365969,-0.0031924843788146973,0.0033568940652500363,-0.003025949001312256,0.0051599674139062145,-0.13274216651916504,0.5298699140548706,0.7600077390670776,-0.1636553555727005
process_visualization/Weather/h720/process_decomposition.csv,,,,,,,,,,,,,,,,,,,,,,,,,,,,,,,,,,,,,,,,,,,,,,,,,,,,,,,,,,,,,,,,,,,,,,,,,,,660,0.009767911272365969,-0.0031572580337524414,0.0033568940652500363,-0.0030015110969543457,0.0051599674139062145,-0.13257694244384766,0.5287971496582031,0.762744128704071,-0.15438611805438995
process_visualization/Weather/h720/process_decomposition.csv,,,,,,,,,,,,,,,,,,,,,,,,,,,,,,,,,,,,,,,,,,,,,,,,,,,,,,,,,,,,,,,,,,,,,,,,,,,661,0.009767911272365969,-0.0032581090927124023,0.0033568940652500363,-0.0029717683792114258,0.0051599674139062145,-0.13263124227523804,0.5284530520439148,0.7653792500495911,-0.14743420481681824
process_visualization/Weather/h720/process_decomposition.csv,,,,,,,,,,,,,,,,,,,,,,,,,,,,,,,,,,,,,,,,,,,,,,,,,,,,,,,,,,,,,,,,,,,,,,,,,,,662,0.009767911272365969,-0.0031858086585998535,0.0033568940652500363,-0.0030074119567871094,0.0051599674139062145,-0.13250309228897095,0.5286423563957214,0.7643267512321472,-0.14627555012702942
process_visualization/Weather/h720/process_decomposition.csv,,,,,,,,,,,,,,,,,,,,,,,,,,,,,,,,,,,,,,,,,,,,,,,,,,,,,,,,,,,,,,,,,,,,,,,,,,,663,0.009767911272365969,-0.0032518506050109863,0.0033568940652500363,-0.0029764175415039062,0.0051599674139062145,-0.13299858570098877,0.5293396711349487,0.7613940834999084,-0.13584767282009125
process_visualization/Weather/h720/process_decomposition.csv,,,,,,,,,,,,,,,,,,,,,,,,,,,,,,,,,,,,,,,,,,,,,,,,,,,,,,,,,,,,,,,,,,,,,,,,,,,664,0.009767911272365969,-0.0032029151916503906,0.0033568940652500363,-0.0029938817024230957,0.0051599674139062145,-0.13281774520874023,0.52959144115448,0.7643679976463318,-0.14048229157924652
process_visualization/Weather/h720/process_decomposition.csv,,,,,,,,,,,,,,,,,,,,,,,,,,,,,,,,,,,,,,,,,,,,,,,,,,,,,,,,,,,,,,,,,,,,,,,,,,,665,0.009767911272365969,-0.0032016634941101074,0.0033568940652500363,-0.003000319004058838,0.0051599674139062145,-0.13270199298858643,0.5329291820526123,0.7637163400650024,-0.1393236368894577
process_visualization/Weather/h720/process_decomposition.csv,,,,,,,,,,,,,,,,,,,,,,,,,,,,,,,,,,,,,,,,,,,,,,,,,,,,,,,,,,,,,,,,,,,,,,,,,,,666,0.009767911272365969,-0.003216266632080078,0.0033568940652500363,-0.0030496716499328613,0.0051599674139062145,-0.13295048475265503,0.5308703780174255,0.7619397640228271,-0.13816498219966888
process_visualization/Weather/h720/process_decomposition.csv,,,,,,,,,,,,,,,,,,,,,,,,,,,,,,,,,,,,,,,,,,,,,,,,,,,,,,,,,,,,,,,,,,,,,,,,,,,667,0.009767911272365969,-0.003209829330444336,0.0033568940652500363,-0.003028690814971924,0.0051599674139062145,-0.13264429569244385,0.5305445790290833,0.7667264938354492,-0.1323717087507248
process_visualization/Weather/h720/process_decomposition.csv,,,,,,,,,,,,,,,,,,,,,,,,,,,,,,,,,,,,,,,,,,,,,,,,,,,,,,,,,,,,,,,,,,,,,,,,,,,668,0.009767911272365969,-0.003149747848510742,0.0033568940652500363,-0.003054380416870117,0.0051599674139062145,-0.13263916969299316,0.5309957265853882,0.7707350254058838,-0.12310248613357544
process_visualization/Weather/h720/process_decomposition.csv,,,,,,,,,,,,,,,,,,,,,,,,,,,,,,,,,,,,,,,,,,,,,,,,,,,,,,,,,,,,,,,,,,,,,,,,,,,669,0.009767911272365969,-0.003207087516784668,0.0033568940652500363,-0.0029960274696350098,0.0051599674139062145,-0.1319352388381958,0.5301935076713562,0.7707474231719971,-0.13005439937114716
process_visualization/Weather/h720/process_decomposition.csv,,,,,,,,,,,,,,,,,,,,,,,,,,,,,,,,,,,,,,,,,,,,,,,,,,,,,,,,,,,,,,,,,,,,,,,,,,,670,0.009767911272365969,-0.003148496150970459,0.0033568940652500363,-0.003001868724822998,0.0051599674139062145,-0.1307591199874878,0.5300823450088501,0.7692701816558838,-0.1277371048927307
process_visualization/Weather/h720/process_decomposition.csv,,,,,,,,,,,,,,,,,,,,,,,,,,,,,,,,,,,,,,,,,,,,,,,,,,,,,,,,,,,,,,,,,,,,,,,,,,,671,0.009767911272365969,-0.0032227635383605957,0.0033568940652500363,-0.0029816627502441406,0.0051599674139062145,-0.13120955228805542,0.5274993777275085,0.7745471000671387,-0.13468901813030243
process_visualization/Weather/h720/process_decomposition.csv,,,,,,,,,,,,,,,,,,,,,,,,,,,,,,,,,,,,,,,,,,,,,,,,,,,,,,,,,,,,,,,,,,,,,,,,,,,672,0.009767911272365969,-0.0032025575637817383,0.0033568940652500363,-0.002980053424835205,0.0051599674139062145,-0.13056349754333496,0.5277455449104309,0.7720645070075989,-0.14859285950660706
process_visualization/Weather/h720/process_decomposition.csv,,,,,,,,,,,,,,,,,,,,,,,,,,,,,,,,,,,,,,,,,,,,,,,,,,,,,,,,,,,,,,,,,,,,,,,,,,,673,0.009767911272365969,-0.002965569496154785,0.0033568940652500363,-0.002629697322845459,0.0051599674139062145,-0.13048315048217773,0.5459611415863037,0.77017742395401,-0.1578620821237564
process_visualization/Weather/h720/process_decomposition.csv,,,,,,,,,,,,,,,,,,,,,,,,,,,,,,,,,,,,,,,,,,,,,,,,,,,,,,,,,,,,,,,,,,,,,,,,,,,674,0.009767911272365969,-0.003045976161956787,0.0033568940652500363,-0.0026056766510009766,0.0051599674139062145,-0.13098156452178955,0.5449827909469604,0.768720805644989,-0.1578620821237564
process_visualization/Weather/h720/process_decomposition.csv,,,,,,,,,,,,,,,,,,,,,,,,,,,,,,,,,,,,,,,,,,,,,,,,,,,,,,,,,,,,,,,,,,,,,,,,,,,675,0.009767911272365969,-0.0030709505081176758,0.0033568940652500363,-0.002619445323944092,0.0051599674139062145,-0.13141858577728271,0.5428460836410522,0.7749435305595398,-0.1694486141204834
process_visualization/Weather/h720/process_decomposition.csv,,,,,,,,,,,,,,,,,,,,,,,,,,,,,,,,,,,,,,,,,,,,,,,,,,,,,,,,,,,,,,,,,,,,,,,,,,,676,0.009767911272365969,-0.0029394030570983887,0.0033568940652500363,-0.002680361270904541,0.0051599674139062145,-0.13154900074005127,0.5418520569801331,0.7609726190567017,-0.18566976487636566
process_visualization/Weather/h720/process_decomposition.csv,,,,,,,,,,,,,,,,,,,,,,,,,,,,,,,,,,,,,,,,,,,,,,,,,,,,,,,,,,,,,,,,,,,,,,,,,,,677,0.009767911272365969,-0.0030414462089538574,0.0033568940652500363,-0.0026650428771972656,0.0051599674139062145,-0.13143765926361084,0.541282057762146,0.7575960755348206,-0.1821938008069992
process_visualization/Weather/h720/process_decomposition.csv,,,,,,,,,,,,,,,,,,,,,,,,,,,,,,,,,,,,,,,,,,,,,,,,,,,,,,,,,,,,,,,,,,,,,,,,,,,678,0.009767911272365969,-0.0029650330543518066,0.0033568940652500363,-0.0027303099632263184,0.0051599674139062145,-0.13155454397201538,0.5386921763420105,0.7579620480537415,-0.18451111018657684
process_visualization/Weather/h720/process_decomposition.csv,,,,,,,,,,,,,,,,,,,,,,,,,,,,,,,,,,,,,,,,,,,,,,,,,,,,,,,,,,,,,,,,,,,,,,,,,,,679,0.009767911272365969,-0.003096282482147217,0.0033568940652500363,-0.0027004480361938477,0.0051599674139062145,-0.1320587396621704,0.5354796648025513,0.752768337726593,-0.18335245549678802
process_visualization/Weather/h720/process_decomposition.csv,,,,,,,,,,,,,,,,,,,,,,,,,,,,,,,,,,,,,,,,,,,,,,,,,,,,,,,,,,,,,,,,,,,,,,,,,,,680,0.009767911272365969,-0.0030309557914733887,0.0033568940652500363,-0.0027573108673095703,0.0051599674139062145,-0.13247597217559814,0.5329875349998474,0.7577880620956421,-0.1879870742559433
process_visualization/Weather/h720/process_decomposition.csv,,,,,,,,,,,,,,,,,,,,,,,,,,,,,,,,,,,,,,,,,,,,,,,,,,,,,,,,,,,,,,,,,,,,,,,,,,,681,0.009767911272365969,-0.003012359142303467,0.0033568940652500363,-0.0026840567588806152,0.0051599674139062145,-0.1320609450340271,0.5346149802207947,0.7509143352508545,-0.17987649142742157
process_visualization/Weather/h720/process_decomposition.csv,,,,,,,,,,,,,,,,,,,,,,,,,,,,,,,,,,,,,,,,,,,,,,,,,,,,,,,,,,,,,,,,,,,,,,,,,,,682,0.009767911272365969,-0.0030633211135864258,0.0033568940652500363,-0.002685546875,0.0051599674139062145,-0.13182860612869263,0.5338985323905945,0.7496706247329712,-0.1810351461172104
process_visualization/Weather/h720/process_decomposition.csv,,,,,,,,,,,,,,,,,,,,,,,,,,,,,,,,,,,,,,,,,,,,,,,,,,,,,,,,,,,,,,,,,,,,,,,,,,,683,0.009767911272365969,-0.002957642078399658,0.0033568940652500363,-0.0027455687522888184,0.0051599674139062145,-0.13248109817504883,0.5309621095657349,0.7509235143661499,-0.18335245549678802
process_visualization/Weather/h720/process_decomposition.csv,,,,,,,,,,,,,,,,,,,,,,,,,,,,,,,,,,,,,,,,,,,,,,,,,,,,,,,,,,,,,,,,,,,,,,,,,,,684,0.009767911272365969,-0.003026723861694336,0.0033568940652500363,-0.0027254223823547363,0.0051599674139062145,-0.1321624517440796,0.5297799706459045,0.7487674951553345,-0.1879870742559433
process_visualization/Weather/h720/process_decomposition.csv,,,,,,,,,,,,,,,,,,,,,,,,,,,,,,,,,,,,,,,,,,,,,,,,,,,,,,,,,,,,,,,,,,,,,,,,,,,685,0.009767911272365969,-0.0030361413955688477,0.0033568940652500363,-0.002745509147644043,0.0051599674139062145,-0.13187336921691895,0.5270116925239563,0.7508051991462708,-0.19493898749351501
process_visualization/Weather/h720/process_decomposition.csv,,,,,,,,,,,,,,,,,,,,,,,,,,,,,,,,,,,,,,,,,,,,,,,,,,,,,,,,,,,,,,,,,,,,,,,,,,,686,0.009767911272365969,-0.0029670000076293945,0.0033568940652500363,-0.0028220415115356445,0.0051599674139062145,-0.13254612684249878,0.5250012874603271,0.745948314666748,-0.20420821011066437
process_visualization/Weather/h720/process_decomposition.csv,,,,,,,,,,,,,,,,,,,,,,,,,,,,,,,,,,,,,,,,,,,,,,,,,,,,,,,,,,,,,,,,,,,,,,,,,,,687,0.009767911272365969,-0.0029465556144714355,0.0033568940652500363,-0.0028297901153564453,0.0051599674139062145,-0.13240456581115723,0.5249647498130798,0.7472935318946838,-0.21695339679718018
process_visualization/Weather/h720/process_decomposition.csv,,,,,,,,,,,,,,,,,,,,,,,,,,,,,,,,,,,,,,,,,,,,,,,,,,,,,,,,,,,,,,,,,,,,,,,,,,,688,0.009767911272365969,-0.003039419651031494,0.0033568940652500363,-0.0028055310249328613,0.0051599674139062145,-0.1321144700050354,0.5228655934333801,0.748640239238739,-0.22274667024612427
process_visualization/Weather/h720/process_decomposition.csv,,,,,,,,,,,,,,,,,,,,,,,,,,,,,,,,,,,,,,,,,,,,,,,,,,,,,,,,,,,,,,,,,,,,,,,,,,,689,0.009767911272365969,-0.002808094024658203,0.0033568940652500363,-0.0027776360511779785,0.0051599674139062145,-0.1319149136543274,0.5512425899505615,0.7531312108039856,-0.23780915141105652
process_visualization/Weather/h720/process_decomposition.csv,,,,,,,,,,,,,,,,,,,,,,,,,,,,,,,,,,,,,,,,,,,,,,,,,,,,,,,,,,,,,,,,,,,,,,,,,,,690,0.009767911272365969,-0.0027973055839538574,0.0033568940652500363,-0.0027927756309509277,0.0051599674139062145,-0.13269078731536865,0.5505508780479431,0.749309778213501,-0.2436024248600006
process_visualization/Weather/h720/process_decomposition.csv,,,,,,,,,,,,,,,,,,,,,,,,,,,,,,,,,,,,,,,,,,,,,,,,,,,,,,,,,,,,,,,,,,,,,,,,,,,691,0.009767911272365969,-0.0027890801429748535,0.0033568940652500363,-0.002823472023010254,0.0051599674139062145,-0.13293200731277466,0.5481211543083191,0.7457563877105713,-0.24823704361915588
process_visualization/Weather/h720/process_decomposition.csv,,,,,,,,,,,,,,,,,,,,,,,,,,,,,,,,,,,,,,,,,,,,,,,,,,,,,,,,,,,,,,,,,,,,,,,,,,,692,0.009767911272365969,-0.002812027931213379,0.0033568940652500363,-0.002794921398162842,0.0051599674139062145,-0.13296526670455933,0.5451263785362244,0.7488718032836914,-0.2540303170681
process_visualization/Weather/h720/process_decomposition.csv,,,,,,,,,,,,,,,,,,,,,,,,,,,,,,,,,,,,,,,,,,,,,,,,,,,,,,,,,,,,,,,,,,,,,,,,,,,693,0.009767911272365969,-0.002719104290008545,0.0033568940652500363,-0.0028468966484069824,0.0051599674139062145,-0.13305538892745972,0.544134795665741,0.7461262941360474,-0.25866490602493286
process_visualization/Weather/h720/process_decomposition.csv,,,,,,,,,,,,,,,,,,,,,,,,,,,,,,,,,,,,,,,,,,,,,,,,,,,,,,,,,,,,,,,,,,,,,,,,,,,694,0.009767911272365969,-0.002783358097076416,0.0033568940652500363,-0.0028526782989501953,0.0051599674139062145,-0.13291609287261963,0.5433657169342041,0.7442627549171448,-0.2598235607147217
process_visualization/Weather/h720/process_decomposition.csv,,,,,,,,,,,,,,,,,,,,,,,,,,,,,,,,,,,,,,,,,,,,,,,,,,,,,,,,,,,,,,,,,,,,,,,,,,,695,0.009767911272365969,-0.002820432186126709,0.0033568940652500363,-0.0028803348541259766,0.0051599674139062145,-0.13388538360595703,0.5424751043319702,0.7435026168823242,-0.2679341435432434
process_visualization/Weather/h720/process_decomposition.csv,,,,,,,,,,,,,,,,,,,,,,,,,,,,,,,,,,,,,,,,,,,,,,,,,,,,,,,,,,,,,,,,,,,,,,,,,,,696,0.009767911272365969,-0.002786099910736084,0.0033568940652500363,-0.002933800220489502,0.0051599674139062145,-0.13382095098495483,0.5411990880966187,0.7434194087982178,-0.2795206606388092
process_visualization/Weather/h720/process_decomposition.csv,,,,,,,,,,,,,,,,,,,,,,,,,,,,,,,,,,,,,,,,,,,,,,,,,,,,,,,,,,,,,,,,,,,,,,,,,,,697,0.009767911272365969,-0.002873063087463379,0.0033568940652500363,-0.002830028533935547,0.0051599674139062145,-0.13402193784713745,0.5383673906326294,0.7494814395904541,-0.28299662470817566
process_visualization/Weather/h720/process_decomposition.csv,,,,,,,,,,,,,,,,,,,,,,,,,,,,,,,,,,,,,,,,,,,,,,,,,,,,,,,,,,,,,,,,,,,,,,,,,,,698,0.009767911272365969,-0.002836465835571289,0.0033568940652500363,-0.00287550687789917,0.0051599674139062145,-0.13400250673294067,0.5372704863548279,0.7452824711799622,-0.2911072075366974
process_visualization/Weather/h720/process_decomposition.csv,,,,,,,,,,,,,,,,,,,,,,,,,,,,,,,,,,,,,,,,,,,,,,,,,,,,,,,,,,,,,,,,,,,,,,,,,,,699,0.009767911272365969,-0.002702474594116211,0.0033568940652500363,-0.0029193758964538574,0.0051599674139062145,-0.13376003503799438,0.5357354879379272,0.7408794164657593,-0.31428027153015137
process_visualization/Weather/h720/process_decomposition.csv,,,,,,,,,,,,,,,,,,,,,,,,,,,,,,,,,,,,,,,,,,,,,,,,,,,,,,,,,,,,,,,,,,,,,,,,,,,700,0.009767911272365969,-0.0027168989181518555,0.0033568940652500363,-0.0029168128967285156,0.0051599674139062145,-0.1337105631828308,0.5345179438591003,0.7420310378074646,-0.3235495090484619
process_visualization/Weather/h720/process_decomposition.csv,,,,,,,,,,,,,,,,,,,,,,,,,,,,,,,,,,,,,,,,,,,,,,,,,,,,,,,,,,,,,,,,,,,,,,,,,,,701,0.009767911272365969,-0.002833843231201172,0.0033568940652500363,-0.002883613109588623,0.0051599674139062145,-0.1331004500389099,0.5339920520782471,0.7447037100791931,-0.33166006207466125
process_visualization/Weather/h720/process_decomposition.csv,,,,,,,,,,,,,,,,,,,,,,,,,,,,,,,,,,,,,,,,,,,,,,,,,,,,,,,,,,,,,,,,,,,,,,,,,,,702,0.009767911272365969,-0.0027772188186645508,0.0033568940652500363,-0.002889692783355713,0.0051599674139062145,-0.13227182626724243,0.5326051115989685,0.7372426390647888,-0.33745333552360535
process_visualization/Weather/h720/process_decomposition.csv,,,,,,,,,,,,,,,,,,,,,,,,,,,,,,,,,,,,,,,,,,,,,,,,,,,,,,,,,,,,,,,,,,,,,,,,,,,703,0.009767911272365969,-0.002819240093231201,0.0033568940652500363,-0.002881944179534912,0.0051599674139062145,-0.13231849670410156,0.5314379334449768,0.7369300127029419,-0.3328187167644501
process_visualization/Weather/h720/process_decomposition.csv,,,,,,,,,,,,,,,,,,,,,,,,,,,,,,,,,,,,,,,,,,,,,,,,,,,,,,,,,,,,,,,,,,,,,,,,,,,704,0.009767911272365969,-0.002736806869506836,0.0033568940652500363,-0.0029181838035583496,0.0051599674139062145,-0.13192886114120483,0.5307908058166504,0.739273726940155,-0.32007354497909546
process_visualization/Weather/h720/process_decomposition.csv,,,,,,,,,,,,,,,,,,,,,,,,,,,,,,,,,,,,,,,,,,,,,,,,,,,,,,,,,,,,,,,,,,,,,,,,,,,705,0.009767911272365969,-0.0025706887245178223,0.0033568940652500363,-0.002623915672302246,0.0051599674139062145,-0.1269916296005249,0.5484529137611389,0.7413514852523804,-0.3154389262199402
process_visualization/Weather/h720/process_decomposition.csv,,,,,,,,,,,,,,,,,,,,,,,,,,,,,,,,,,,,,,,,,,,,,,,,,,,,,,,,,,,,,,,,,,,,,,,,,,,706,0.009767911272365969,-0.0025923848152160645,0.0033568940652500363,-0.002631545066833496,0.0051599674139062145,-0.1277329921722412,0.5464150905609131,0.7379237413406372,-0.31196296215057373
process_visualization/Weather/h720/process_decomposition.csv,,,,,,,,,,,,,,,,,,,,,,,,,,,,,,,,,,,,,,,,,,,,,,,,,,,,,,,,,,,,,,,,,,,,,,,,,,,707,0.009767911272365969,-0.0026164650917053223,0.0033568940652500363,-0.0026475191116333008,0.0051599674139062145,-0.12848705053329468,0.5456693172454834,0.7335136532783508,-0.3084869980812073
process_visualization/Weather/h720/process_decomposition.csv,,,,,,,,,,,,,,,,,,,,,,,,,,,,,,,,,,,,,,,,,,,,,,,,,,,,,,,,,,,,,,,,,,,,,,,,,,,708,0.009767911272365969,-0.002658367156982422,0.0033568940652500363,-0.0026337504386901855,0.0051599674139062145,-0.12852609157562256,0.5442031621932983,0.7324023246765137,-0.30037644505500793
process_visualization/Weather/h720/process_decomposition.csv,,,,,,,,,,,,,,,,,,,,,,,,,,,,,,,,,,,,,,,,,,,,,,,,,,,,,,,,,,,,,,,,,,,,,,,,,,,709,0.009767911272365969,-0.002591431140899658,0.0033568940652500363,-0.002680182456970215,0.0051599674139062145,-0.12902754545211792,0.5433284640312195,0.7330977320671082,-0.28878989815711975
process_visualization/Weather/h720/process_decomposition.csv,,,,,,,,,,,,,,,,,,,,,,,,,,,,,,,,,,,,,,,,,,,,,,,,,,,,,,,,,,,,,,,,,,,,,,,,,,,710,0.009767911272365969,-0.002550184726715088,0.0033568940652500363,-0.0026927590370178223,0.0051599674139062145,-0.12897932529449463,0.5429444313049316,0.7310840487480164,-0.280679315328598
process_visualization/Weather/h720/process_decomposition.csv,,,,,,,,,,,,,,,,,,,,,,,,,,,,,,,,,,,,,,,,,,,,,,,,,,,,,,,,,,,,,,,,,,,,,,,,,,,711,0.009767911272365969,-0.002695739269256592,0.0033568940652500363,-0.002677321434020996,0.0051599674139062145,-0.12971550226211548,0.5406206846237183,0.7297110557556152,-0.28183797001838684
process_visualization/Weather/h720/process_decomposition.csv,,,,,,,,,,,,,,,,,,,,,,,,,,,,,,,,,,,,,,,,,,,,,,,,,,,,,,,,,,,,,,,,,,,,,,,,,,,712,0.009767911272365969,-0.0026149749755859375,0.0033568940652500363,-0.002730131149291992,0.0051599674139062145,-0.1302030086517334,0.5407090187072754,0.7325453162193298,-0.29574182629585266
process_visualization/Weather/h720/process_decomposition.csv,,,,,,,,,,,,,,,,,,,,,,,,,,,,,,,,,,,,,,,,,,,,,,,,,,,,,,,,,,,,,,,,,,,,,,,,,,,713,0.009767911272365969,-0.0026679039001464844,0.0033568940652500363,-0.002689540386199951,0.0051599674139062145,-0.13024508953094482,0.5394984483718872,0.734747588634491,-0.2980591356754303
process_visualization/Weather/h720/process_decomposition.csv,,,,,,,,,,,,,,,,,,,,,,,,,,,,,,,,,,,,,,,,,,,,,,,,,,,,,,,,,,,,,,,,,,,,,,,,,,,714,0.009767911272365969,-0.002667069435119629,0.0033568940652500363,-0.0027077794075012207,0.0051599674139062145,-0.13010090589523315,0.5394745469093323,0.731505811214447,-0.2992177903652191
process_visualization/Weather/h720/process_decomposition.csv,,,,,,,,,,,,,,,,,,,,,,,,,,,,,,,,,,,,,,,,,,,,,,,,,,,,,,,,,,,,,,,,,,,,,,,,,,,715,0.009767911272365969,-0.002662181854248047,0.0033568940652500363,-0.0027153491973876953,0.0051599674139062145,-0.13058876991271973,0.5386813879013062,0.7357535362243652,-0.29458317160606384
process_visualization/Weather/h720/process_decomposition.csv,,,,,,,,,,,,,,,,,,,,,,,,,,,,,,,,,,,,,,,,,,,,,,,,,,,,,,,,,,,,,,,,,,,,,,,,,,,716,0.009767911272365969,-0.002551138401031494,0.0033568940652500363,-0.0027617216110229492,0.0051599674139062145,-0.13040274381637573,0.5364317893981934,0.7340614795684814,-0.29458317160606384
process_visualization/Weather/h720/process_decomposition.csv,,,,,,,,,,,,,,,,,,,,,,,,,,,,,,,,,,,,,,,,,,,,,,,,,,,,,,,,,,,,,,,,,,,,,,,,,,,717,0.009767911272365969,-0.002606511116027832,0.0033568940652500363,-0.002771914005279541,0.0051599674139062145,-0.13023298978805542,0.5347449779510498,0.7401180863380432,-0.29574182629585266
process_visualization/Weather/h720/process_decomposition.csv,,,,,,,,,,,,,,,,,,,,,,,,,,,,,,,,,,,,,,,,,,,,,,,,,,,,,,,,,,,,,,,,,,,,,,,,,,,718,0.009767911272365969,-0.0026589632034301758,0.0033568940652500363,-0.002810060977935791,0.0051599674139062145,-0.131222665309906,0.5337458848953247,0.7454094886779785,-0.29574182629585266
process_visualization/Weather/h720/process_decomposition.csv,,,,,,,,,,,,,,,,,,,,,,,,,,,,,,,,,,,,,,,,,,,,,,,,,,,,,,,,,,,,,,,,,,,,,,,,,,,719,0.009767911272365969,-0.002636432647705078,0.0033568940652500363,-0.0028104186058044434,0.0051599674139062145,-0.13106703758239746,0.5326254367828369,0.7492022514343262,-0.2725687623023987
process_visualization/Weather/h720/process_decomposition.csv,,,,,,,,,,,,,,,,,,,,,,,,,,,,,,,,,,,,,,,,,,,,,,,,,,,,,,,,,,,,,,,,,,,,,,,,,,,720,0.009767911272365969,-0.0026745200157165527,0.0033568940652500363,-0.002829134464263916,0.0051599674139062145,-0.13068753480911255,0.530892550945282,0.7538177967071533,-0.2679341435432434
