ablation_protocol,ablation_seed,backbone_patch_lens,backbone_switches,best_epoch,best_stage,best_validation_mse,candidate,checkpoint,continuation_unfreeze_blocks,dataset,elapsed_seconds,horizon,inducing_points,inference_ms_batch,latent_dim,mae,model,mse,nll_weight,num_windows,parameters,patch_lens,primal_dual,representation_weight,rmse,seed,selected_hyperparameters,selection_protocol,source_model,training_ms_optimizer_step,variant
single seed 42; same train/validation/test windows; validation-MSE checkpoint selection,,16-32-48,"{'use_adaptive_radius': True, 'use_component_gate': False, 'use_linear_field': False}",2,backbone,1.0434999355957622,,,,ETTh1,38.248927620239556,192,,5.51472409645062,,0.4408569868599455,LatentFlow,0.44687890850251494,,2689.0,,,False,,0.6684900212437841,42,True,,,,adaptive_local_field
single seed 42; same train/validation/test windows; validation-MSE checkpoint selection,,16-32-48,"{'use_adaptive_radius': True, 'use_component_gate': False, 'use_linear_field': False}",2,backbone,1.306374806125148,,,,ETTh1,37.7418863857165,336,,5.6535539370548875,,0.4552266033997461,LatentFlow,0.4776775790964332,,2545.0,,,False,,0.6911422278347874,42,True,,,,adaptive_local_field
single seed 42; same train/validation/test windows; validation-MSE checkpoint selection,,16-32-48,"{'use_adaptive_radius': True, 'use_component_gate': False, 'use_linear_field': False}",2,backbone,1.5772145558917334,,,,ETTh1,37.117411885992624,720,,5.438762911553703,,0.4961281001015763,LatentFlow,0.5394376357538294,,2161.0,,,False,,0.7344641827576274,42,True,,,,adaptive_local_field
single seed 42; same train/validation/test windows; validation-MSE checkpoint selection,,16-32-48,"{'use_adaptive_radius': True, 'use_component_gate': False, 'use_linear_field': False}",5,backbone,0.7674230056859198,,,,ETTh1,40.42862722603604,96,,5.8566616293624305,,0.41844288693173903,LatentFlow,0.40350432763234606,,2785.0,,,False,,0.635219904940286,42,True,,,,adaptive_local_field
single seed 42; same train/validation/test windows; validation-MSE checkpoint selection,,16-32-48,"{'use_adaptive_radius': True, 'use_component_gate': False, 'use_linear_field': False}",3,backbone,0.28636703409609343,,,,ETTh2,38.99063799298892,192,,5.722499275294238,,0.40988390919726014,LatentFlow,0.3921738936857225,,2689.0,,,False,,0.6262378890531317,42,True,,,,adaptive_local_field
single seed 42; same train/validation/test windows; validation-MSE checkpoint selection,,16-32-48,"{'use_adaptive_radius': True, 'use_component_gate': False, 'use_linear_field': False}",4,backbone,0.36033445687926546,,,,ETTh2,38.182336633093655,336,,5.249774283906327,,0.42822782037418206,LatentFlow,0.4132086324963894,,2545.0,,,False,,0.6428130618588809,42,True,,,,adaptive_local_field
single seed 42; same train/validation/test windows; validation-MSE checkpoint selection,,16-32-48,"{'use_adaptive_radius': True, 'use_component_gate': False, 'use_linear_field': False}",3,backbone,0.6219377415520805,,,,ETTh2,36.86097009014338,720,,5.40995538415415,,0.4448854704431301,LatentFlow,0.42661674925804693,,2161.0,,,False,,0.6531590535681542,42,True,,,,adaptive_local_field
single seed 42; same train/validation/test windows; validation-MSE checkpoint selection,,16-32-48,"{'use_adaptive_radius': True, 'use_component_gate': False, 'use_linear_field': False}",3,backbone,0.2276345327319134,,,,ETTh2,36.732675621751696,96,,5.31147691189726,,0.3539495203651362,LatentFlow,0.30527210662820925,,2785.0,,,False,,0.5525143497034346,42,True,,,,adaptive_local_field
single seed 42; same train/validation/test windows; validation-MSE checkpoint selection,,8-24-48,"{'use_adaptive_radius': True, 'use_component_gate': False, 'use_linear_field': False}",4,backbone,0.5105091077940804,,,,ETTm1,40.27226580597926,192,,5.357012920486023,,0.3985747117507451,LatentFlow,0.38206850738651743,,11329.0,,,False,,0.6181169043041271,42,True,,,,adaptive_local_field
single seed 42; same train/validation/test windows; validation-MSE checkpoint selection,,8-24-48,"{'use_adaptive_radius': True, 'use_component_gate': False, 'use_linear_field': False}",4,backbone,0.6600376791289063,,,,ETTm1,40.33266575075686,336,,5.128510704632304,,0.4265083816751653,LatentFlow,0.42545949876350314,,11185.0,,,False,,0.6522725647790985,42,True,,,,adaptive_local_field
single seed 42; same train/validation/test windows; validation-MSE checkpoint selection,,8-24-48,"{'use_adaptive_radius': True, 'use_component_gate': False, 'use_linear_field': False}",9,backbone,0.9880546600099593,,,,ETTm1,42.813181068981066,720,,5.5533473071426664,,0.47296464302912333,LatentFlow,0.5061885161010804,,10801.0,,,False,,0.7114692657459494,42,True,,,,adaptive_local_field
single seed 42; same train/validation/test windows; validation-MSE checkpoint selection,,8-24-48,"{'use_adaptive_radius': True, 'use_component_gate': False, 'use_linear_field': False}",4,backbone,0.4043538219162396,,,,ETTm1,40.89705011434853,96,,5.364901468492156,,0.3868045662715682,LatentFlow,0.3533700048624134,,11425.0,,,False,,0.594449329095772,42,True,,,,adaptive_local_field
single seed 42; same train/validation/test windows; validation-MSE checkpoint selection,,8-16-32,"{'use_adaptive_radius': True, 'use_component_gate': False, 'use_linear_field': False}",3,backbone,0.17610654563066505,,,,ETTm2,41.8157376460731,192,,5.650029469629199,,0.308863517646393,LatentFlow,0.249191209785683,,11329.0,,,False,,0.4991905545838012,42,True,,,,adaptive_local_field
single seed 42; same train/validation/test windows; validation-MSE checkpoint selection,,8-16-32,"{'use_adaptive_radius': True, 'use_component_gate': False, 'use_linear_field': False}",2,backbone,0.2220294746209164,,,,ETTm2,40.48984678275883,336,,5.076672813126598,,0.3517297258834976,LatentFlow,0.3152933889765376,,11185.0,,,False,,0.561509918858552,42,True,,,,adaptive_local_field
single seed 42; same train/validation/test windows; validation-MSE checkpoint selection,,8-16-32,"{'use_adaptive_radius': True, 'use_component_gate': False, 'use_linear_field': False}",3,backbone,0.2993374145220196,,,,ETTm2,41.52480418793857,720,,5.618182994088142,,0.4060210463709759,LatentFlow,0.4149355499828047,,10801.0,,,False,,0.6441549114792223,42,True,,,,adaptive_local_field
single seed 42; same train/validation/test windows; validation-MSE checkpoint selection,,8-16-32,"{'use_adaptive_radius': True, 'use_component_gate': False, 'use_linear_field': False}",3,backbone,0.13233978070673488,,,,ETTm2,40.25728340796195,96,,5.2184799002277105,,0.26787137579194975,LatentFlow,0.18371162135613217,,11425.0,,,False,,0.42861593689004635,42,True,,,,adaptive_local_field
single seed 42; same train/validation/test windows; validation-MSE checkpoint selection,,8-16-32,"{'use_adaptive_radius': True, 'use_component_gate': False, 'use_linear_field': False}",10,backbone,0.16058233507201927,,,,Electricity,81.55908787499357,192,,5.140103086806932,,0.2744835095281479,LatentFlow,0.18338250215547458,,5071.0,,,False,,0.42823183225383255,42,True,,,,adaptive_local_field
single seed 42; same train/validation/test windows; validation-MSE checkpoint selection,,8-16-32,"{'use_adaptive_radius': True, 'use_component_gate': False, 'use_linear_field': False}",9,backbone,0.17668270212379164,,,,Electricity,84.02809377387166,336,,5.1488332011229625,,0.2901108104799156,LatentFlow,0.19848595983644296,,4927.0,,,False,,0.4455176313418392,42,True,,,,adaptive_local_field
single seed 42; same train/validation/test windows; validation-MSE checkpoint selection,,8-16-32,"{'use_adaptive_radius': True, 'use_component_gate': False, 'use_linear_field': False}",10,backbone,0.20732180950921397,,,,Electricity,92.51304119685665,720,,5.588310654069801,,0.32287873947897167,LatentFlow,0.23969925892910954,,4543.0,,,False,,0.4895909097696867,42,True,,,,adaptive_local_field
single seed 42; same train/validation/test windows; validation-MSE checkpoint selection,,8-16-32,"{'use_adaptive_radius': True, 'use_component_gate': False, 'use_linear_field': False}",10,backbone,0.1471575207675605,,,,Electricity,79.78785281768069,96,,5.1370321022158905,,0.26457586951028567,LatentFlow,0.1695350266174589,,5167.0,,,False,,0.41174631342303347,42,True,,,,adaptive_local_field
single seed 42; same train/validation/test windows; validation-MSE checkpoint selection,,8-16-32,"{'use_adaptive_radius': True, 'use_component_gate': False, 'use_linear_field': False}",10,backbone,0.40576237407840693,,,,Traffic,195.16064147895668,192,,5.198070219861893,,0.31684729435497744,LatentFlow,0.47294972177514744,,3319.0,,,False,,0.6877134008983302,42,True,,,,adaptive_local_field
single seed 42; same train/validation/test windows; validation-MSE checkpoint selection,,8-16-32,"{'use_adaptive_radius': True, 'use_component_gate': False, 'use_linear_field': False}",10,backbone,0.41138337248794915,,,,Traffic,203.65032604010776,336,,5.098956679417328,,0.3132628807764314,LatentFlow,0.4753229089117812,,3175.0,,,False,,0.6894366605510481,42,True,,,,adaptive_local_field
single seed 42; same train/validation/test windows; validation-MSE checkpoint selection,,8-16-32,"{'use_adaptive_radius': True, 'use_component_gate': False, 'use_linear_field': False}",10,backbone,0.4568911016217886,,,,Traffic,229.5378161210101,720,,5.584044632202164,,0.33164405949288117,LatentFlow,0.5091763015903926,,2791.0,,,False,,0.7135659055689199,42,True,,,,adaptive_local_field
single seed 42; same train/validation/test windows; validation-MSE checkpoint selection,,8-16-32,"{'use_adaptive_radius': True, 'use_component_gate': False, 'use_linear_field': False}",10,backbone,0.40899850708149427,,,,Traffic,191.16429935768247,96,,5.551585324213538,,0.31321538124812276,LatentFlow,0.45177158754327434,,3415.0,,,False,,0.6721395595732141,42,True,,,,adaptive_local_field
single seed 42; same train/validation/test windows; validation-MSE checkpoint selection,,8-16-32,"{'use_adaptive_radius': True, 'use_component_gate': False, 'use_linear_field': False}",6,backbone,0.4882155223971322,,,,Weather,39.73535438999534,192,,5.008987052178429,,0.2601330709411102,LatentFlow,0.21912438444625687,,10349.0,,,False,,0.4681072360541512,42,True,,,,adaptive_local_field
single seed 42; same train/validation/test windows; validation-MSE checkpoint selection,,8-16-32,"{'use_adaptive_radius': True, 'use_component_gate': False, 'use_linear_field': False}",8,backbone,0.5644817036025378,,,,Weather,40.460545383859426,336,,5.186413479207447,,0.29880586490488426,LatentFlow,0.2747318067640731,,10205.0,,,False,,0.5241486494917955,42,True,,,,adaptive_local_field
single seed 42; same train/validation/test windows; validation-MSE checkpoint selection,,8-16-32,"{'use_adaptive_radius': True, 'use_component_gate': False, 'use_linear_field': False}",8,backbone,0.6849436290680416,,,,Weather,40.67032813699916,720,,5.169513731018573,,0.3478021647741767,LatentFlow,0.3494906352858024,,9821.0,,,False,,0.5911773298138236,42,True,,,,adaptive_local_field
single seed 42; same train/validation/test windows; validation-MSE checkpoint selection,,8-16-32,"{'use_adaptive_radius': True, 'use_component_gate': False, 'use_linear_field': False}",8,backbone,0.4397071261727621,,,,Weather,42.12336916802451,96,,5.690873243607088,,0.21700865091565896,LatentFlow,0.17111476908425247,,10445.0,,,False,,0.4136602096942036,42,True,,,,adaptive_local_field
single seed 42; same train/validation/test windows; validation-MSE checkpoint selection,,16-32-48,"{'use_adaptive_radius': True, 'use_component_gate': True, 'use_linear_field': False}",2,backbone,1.0367310043601763,,,,ETTh1,39.78190175583586,192,,6.134189065813483,,0.440425576072533,LatentFlow,0.44902821632891504,,2689.0,,,False,,0.6700956769961399,42,True,,,,component_gated_field
single seed 42; same train/validation/test windows; validation-MSE checkpoint selection,,16-32-48,"{'use_adaptive_radius': True, 'use_component_gate': True, 'use_linear_field': False}",2,backbone,1.3007798340855812,,,,ETTh1,39.915382246952504,336,,5.681284329016941,,0.45417873441249734,LatentFlow,0.48012499087282834,,2545.0,,,False,,0.6929105215486545,42,True,,,,component_gated_field
single seed 42; same train/validation/test windows; validation-MSE checkpoint selection,,16-32-48,"{'use_adaptive_radius': True, 'use_component_gate': True, 'use_linear_field': False}",1,backbone,1.5790844803764708,,,,ETTh1,41.5285630049184,720,,6.3572447580188065,,0.4806381676928596,LatentFlow,0.4973093218734162,,2161.0,,,False,,0.7052016178891085,42,True,,,,component_gated_field
single seed 42; same train/validation/test windows; validation-MSE checkpoint selection,,16-32-48,"{'use_adaptive_radius': True, 'use_component_gate': True, 'use_linear_field': False}",4,backbone,0.7661949974440393,,,,ETTh1,38.92163727595471,96,,5.753805331961182,,0.4111772831886398,LatentFlow,0.4014178169500301,,2785.0,,,False,,0.6335754232528517,42,True,,,,component_gated_field
single seed 42; same train/validation/test windows; validation-MSE checkpoint selection,,16-32-48,"{'use_adaptive_radius': True, 'use_component_gate': True, 'use_linear_field': False}",1,backbone,0.2844310026793253,,,,ETTh2,38.00828013429418,192,,5.6583017172169185,,0.40753964368384504,LatentFlow,0.3974061367854543,,2689.0,,,False,,0.6304015678799144,42,True,,,,component_gated_field
single seed 42; same train/validation/test windows; validation-MSE checkpoint selection,,16-32-48,"{'use_adaptive_radius': True, 'use_component_gate': True, 'use_linear_field': False}",2,backbone,0.35935517679266377,,,,ETTh2,38.312114126980305,336,,5.371387402491668,,0.43605403248329466,LatentFlow,0.427892985853189,,2545.0,,,False,,0.6541352962905984,42,True,,,,component_gated_field
single seed 42; same train/validation/test windows; validation-MSE checkpoint selection,,16-32-48,"{'use_adaptive_radius': True, 'use_component_gate': True, 'use_linear_field': False}",3,backbone,0.619887431841048,,,,ETTh2,38.47063909098506,720,,5.555310046366318,,0.446790179298598,LatentFlow,0.42605225760651827,,2161.0,,,False,,0.6527267863405931,42,True,,,,component_gated_field
single seed 42; same train/validation/test windows; validation-MSE checkpoint selection,,16-32-48,"{'use_adaptive_radius': True, 'use_component_gate': True, 'use_linear_field': False}",3,backbone,0.22332390681618736,,,,ETTh2,40.440090341027826,96,,6.326460344124736,,0.3471928596007393,LatentFlow,0.2994404136538353,,2785.0,,,False,,0.5472114889636687,42,True,,,,component_gated_field
single seed 42; same train/validation/test windows; validation-MSE checkpoint selection,,8-24-48,"{'use_adaptive_radius': True, 'use_component_gate': True, 'use_linear_field': False}",4,backbone,0.5122580281680539,,,,ETTm1,43.00805298300111,192,,5.730618323804415,,0.3981987165891327,LatentFlow,0.3840122582969978,,11329.0,,,False,,0.6196872261851117,42,True,,,,component_gated_field
single seed 42; same train/validation/test windows; validation-MSE checkpoint selection,,8-24-48,"{'use_adaptive_radius': True, 'use_component_gate': True, 'use_linear_field': False}",4,backbone,0.6633425829361896,,,,ETTm1,42.70277112303302,336,,5.433099072181052,,0.42868255786643383,LatentFlow,0.4305753506448836,,11185.0,,,False,,0.6561824065341005,42,True,,,,component_gated_field
single seed 42; same train/validation/test windows; validation-MSE checkpoint selection,,8-24-48,"{'use_adaptive_radius': True, 'use_component_gate': True, 'use_linear_field': False}",5,backbone,0.9921640133100843,,,,ETTm1,41.996642819140106,720,,5.405301942548077,,0.458136830053861,LatentFlow,0.4791350857453859,,10801.0,,,False,,0.6921958434903996,42,True,,,,component_gated_field
single seed 42; same train/validation/test windows; validation-MSE checkpoint selection,,8-24-48,"{'use_adaptive_radius': True, 'use_component_gate': True, 'use_linear_field': False}",2,backbone,0.40221638782393365,,,,ETTm1,42.37809368874878,96,,5.615355783281913,,0.3842874965149002,LatentFlow,0.3534331132253409,,11425.0,,,False,,0.5945024080904474,42,True,,,,component_gated_field
single seed 42; same train/validation/test windows; validation-MSE checkpoint selection,,8-16-32,"{'use_adaptive_radius': True, 'use_component_gate': True, 'use_linear_field': False}",3,backbone,0.17376376351430303,,,,ETTm2,40.53665922000073,192,,5.332409402900909,,0.30740648685927036,LatentFlow,0.247435338035906,,11329.0,,,False,,0.49742872658895165,42,True,,,,component_gated_field
single seed 42; same train/validation/test windows; validation-MSE checkpoint selection,,8-16-32,"{'use_adaptive_radius': True, 'use_component_gate': True, 'use_linear_field': False}",1,backbone,0.22287459742455257,,,,ETTm2,39.58006072090939,336,,5.061927078062279,,0.35259164706222773,LatentFlow,0.31668946924436064,,11185.0,,,False,,0.562751694128379,42,True,,,,component_gated_field
single seed 42; same train/validation/test windows; validation-MSE checkpoint selection,,8-16-32,"{'use_adaptive_radius': True, 'use_component_gate': True, 'use_linear_field': False}",3,backbone,0.30168700662870257,,,,ETTm2,42.925111883028876,720,,5.831594376144959,,0.4068086251818098,LatentFlow,0.41508942443532015,,10801.0,,,False,,0.6442743394201884,42,True,,,,component_gated_field
single seed 42; same train/validation/test windows; validation-MSE checkpoint selection,,8-16-32,"{'use_adaptive_radius': True, 'use_component_gate': True, 'use_linear_field': False}",3,backbone,0.13237783481322585,,,,ETTm2,44.52953106164932,96,,5.837454036045376,,0.26783714739819475,LatentFlow,0.1830648228435749,,11425.0,,,False,,0.4278607516979968,42,True,,,,component_gated_field
single seed 42; same train/validation/test windows; validation-MSE checkpoint selection,,8-16-32,"{'use_adaptive_radius': True, 'use_component_gate': True, 'use_linear_field': False}",10,backbone,0.15627200581202996,,,,Electricity,81.90894430875778,192,,5.585448726302522,,0.2713724384242443,LatentFlow,0.1794662628521507,,5071.0,,,False,,0.4236345864682801,42,True,,,,component_gated_field
single seed 42; same train/validation/test windows; validation-MSE checkpoint selection,,8-16-32,"{'use_adaptive_radius': True, 'use_component_gate': True, 'use_linear_field': False}",10,backbone,0.1738901620731034,,,,Electricity,85.40158943319693,336,,5.861479673549775,,0.29061044507627337,LatentFlow,0.19995148884779285,,4927.0,,,False,,0.4471593550936767,42,True,,,,component_gated_field
single seed 42; same train/validation/test windows; validation-MSE checkpoint selection,,8-16-32,"{'use_adaptive_radius': True, 'use_component_gate': True, 'use_linear_field': False}",10,backbone,0.20424462909639068,,,,Electricity,92.86720187094761,720,,5.511480875414298,,0.32062495264484836,LatentFlow,0.238155337633999,,4543.0,,,False,,0.4880116162900213,42,True,,,,component_gated_field
single seed 42; same train/validation/test windows; validation-MSE checkpoint selection,,8-16-32,"{'use_adaptive_radius': True, 'use_component_gate': True, 'use_linear_field': False}",10,backbone,0.1457392369722899,,,,Electricity,79.2208882397972,96,,4.9376489298576995,,0.2623137245411674,LatentFlow,0.16768108904389456,,5167.0,,,False,,0.4094888143086384,42,True,,,,component_gated_field
single seed 42; same train/validation/test windows; validation-MSE checkpoint selection,,8-16-32,"{'use_adaptive_radius': True, 'use_component_gate': True, 'use_linear_field': False}",10,backbone,0.4067421195494142,,,,Traffic,196.04970648100425,192,,6.080476949242386,,0.316337160118092,LatentFlow,0.47443509957931124,,3319.0,,,False,,0.6887924938465222,42,True,,,,component_gated_field
single seed 42; same train/validation/test windows; validation-MSE checkpoint selection,,8-16-32,"{'use_adaptive_radius': True, 'use_component_gate': True, 'use_linear_field': False}",10,backbone,0.4102092305015772,,,,Traffic,204.65265845600516,336,,5.646675896261716,,0.31241921876481654,LatentFlow,0.47376098879506723,,3175.0,,,False,,0.6883029774707263,42,True,,,,component_gated_field
single seed 42; same train/validation/test windows; validation-MSE checkpoint selection,,8-16-32,"{'use_adaptive_radius': True, 'use_component_gate': True, 'use_linear_field': False}",10,backbone,0.456351987244266,,,,Traffic,229.3320021010004,720,,5.330563741655828,,0.3320294128198037,LatentFlow,0.5101077942009377,,2791.0,,,False,,0.7142183099031679,42,True,,,,component_gated_field
single seed 42; same train/validation/test windows; validation-MSE checkpoint selection,,8-16-32,"{'use_adaptive_radius': True, 'use_component_gate': True, 'use_linear_field': False}",10,backbone,0.40537116588406663,,,,Traffic,190.7436288036406,96,,5.711198136748248,,0.3068906660100982,LatentFlow,0.44719475784522317,,3415.0,,,False,,0.6687262203960774,42,True,,,,component_gated_field
single seed 42; same train/validation/test windows; validation-MSE checkpoint selection,,8-16-32,"{'use_adaptive_radius': True, 'use_component_gate': True, 'use_linear_field': False}",8,backbone,0.4870260438275716,,,,Weather,43.40885702194646,192,,5.848115294911834,,0.26030513315595577,LatentFlow,0.2196984918181221,,10349.0,,,False,,0.4687200569829737,42,True,,,,component_gated_field
single seed 42; same train/validation/test windows; validation-MSE checkpoint selection,,8-16-32,"{'use_adaptive_radius': True, 'use_component_gate': True, 'use_linear_field': False}",8,backbone,0.5615127440753167,,,,Weather,41.52240209467709,336,,5.332413517559568,,0.2994118183443351,LatentFlow,0.27447461232124093,,10205.0,,,False,,0.5239032470993484,42,True,,,,component_gated_field
single seed 42; same train/validation/test windows; validation-MSE checkpoint selection,,8-16-32,"{'use_adaptive_radius': True, 'use_component_gate': True, 'use_linear_field': False}",8,backbone,0.6852358974476971,,,,Weather,42.08140484476462,720,,5.581701096007296,,0.3467648681950903,LatentFlow,0.34906734224623065,,9821.0,,,False,,0.5908192128276049,42,True,,,,component_gated_field
single seed 42; same train/validation/test windows; validation-MSE checkpoint selection,,8-16-32,"{'use_adaptive_radius': True, 'use_component_gate': True, 'use_linear_field': False}",8,backbone,0.441386290012844,,,,Weather,40.31324029399548,96,,5.397091073358858,,0.2173439490980552,LatentFlow,0.17167284356956908,,10445.0,,,False,,0.41433421723238,42,True,,,,component_gated_field
single seed 42; same train/validation/test windows; validation-MSE checkpoint selection,,16-32-48,{},10,extension,1.1052251112839533,,,0,ETTh1,254.8773949049937,192,,63.4136238740304,,0.43591766328373727,LatentFlow,0.44536453114259483,,2689.0,,,False,,0.6673563749171764,42,True,,,185.12302251406254,continuation_frozen
single seed 42; same train/validation/test windows; validation-MSE checkpoint selection,,16-32-48,{},10,extension,1.369176942474988,,,0,ETTh1,249.82389990519732,336,,60.24483352298318,,0.45418870215022555,LatentFlow,0.4818590784774529,,2545.0,,,False,,0.6941607007584432,42,True,,,182.1335125641781,continuation_frozen
single seed 42; same train/validation/test windows; validation-MSE checkpoint selection,,16-32-48,{},9,extension,1.773684790273192,,,0,ETTh1,234.57153617031872,720,,54.562267548501936,,0.4779116345333827,LatentFlow,0.4909733902212569,,2161.0,,,False,,0.7006949337773586,42,True,,,172.14279676882143,continuation_frozen
single seed 42; same train/validation/test windows; validation-MSE checkpoint selection,,16-32-48,{},10,extension,0.8181630363540043,,,0,ETTh1,248.46302529843524,96,,62.11335070140531,,0.41126664552951947,LatentFlow,0.4030028343608341,,2785.0,,,False,,0.6348250423233429,42,True,,,180.28524676810775,continuation_frozen
single seed 42; same train/validation/test windows; validation-MSE checkpoint selection,,16-32-48,{},0,reference,0.3008927445090006,,,0,ETTh2,232.85517869493924,192,,7.422881601740812,,0.3902497946414888,LatentFlow,0.36935875294162884,,2689.0,,,False,,0.6077489226165924,42,True,,,175.65197656331293,continuation_frozen
single seed 42; same train/validation/test windows; validation-MSE checkpoint selection,,16-32-48,{},5,extension,0.3780667946722502,,,0,ETTh2,245.9599133580923,336,,63.144143084299905,,0.426086095167016,LatentFlow,0.4164152469407881,,2545.0,,,False,,0.6453024460985625,42,True,,,178.69463562346937,continuation_frozen
single seed 42; same train/validation/test windows; validation-MSE checkpoint selection,,16-32-48,{},0,reference,0.47616924457449133,,,0,ETTh2,231.0452434119652,720,,8.016145446706119,,0.43879702215362193,LatentFlow,0.4136213828137338,,2161.0,,,False,,0.6431340317645566,42,True,,,173.93830019532288,continuation_frozen
single seed 42; same train/validation/test windows; validation-MSE checkpoint selection,,16-32-48,{},10,extension,0.2338572077098347,,,0,ETTh2,255.7192648872733,96,,60.81671690880563,,0.3423801412172294,LatentFlow,0.2935449384283467,,2785.0,,,False,,0.5417978759909886,42,True,,,185.71373512822902,continuation_frozen
single seed 42; same train/validation/test windows; validation-MSE checkpoint selection,,8-24-48,{},8,extension,0.5479238437754768,,,0,ETTm1,283.62647821428254,192,,61.96213293954983,,0.39701097053425627,LatentFlow,0.3809038154518961,,11329.0,,,False,,0.6171740560424556,42,True,,,181.39742048369953,continuation_frozen
single seed 42; same train/validation/test windows; validation-MSE checkpoint selection,,8-24-48,{},2,extension,0.7143086927548017,,,0,ETTm1,280.2500773030333,336,,61.758407926651245,,0.4201304274770124,LatentFlow,0.4198021112291053,,11185.0,,,False,,0.6479213773515312,42,True,,,179.36246685312653,continuation_frozen
single seed 42; same train/validation/test windows; validation-MSE checkpoint selection,,8-24-48,{},1,extension,1.082345557338977,,,0,ETTm1,282.7403623778373,720,,65.61581421510844,,0.4798015828203497,LatentFlow,0.5147043482542731,,10801.0,,,False,,0.7174289848161093,42,True,,,180.38360333666787,continuation_frozen
single seed 42; same train/validation/test windows; validation-MSE checkpoint selection,,8-24-48,{},10,extension,0.4222585873471366,,,0,ETTm1,270.22007199795917,96,,58.326189857672475,,0.3767005242811487,LatentFlow,0.3416147825317208,,11425.0,,,False,,0.5844782139068323,42,True,,,173.0612973906318,continuation_frozen
single seed 42; same train/validation/test windows; validation-MSE checkpoint selection,,8-16-32,{},10,extension,0.1601851667676653,,,0,ETTm2,258.74118414195254,192,,55.88633482788374,,0.29975044013750296,LatentFlow,0.2401862758632883,,11329.0,,,False,,0.4900880286879984,42,True,,,165.77341555639578,continuation_frozen
single seed 42; same train/validation/test windows; validation-MSE checkpoint selection,,8-16-32,{},7,extension,0.2208720753793003,,,0,ETTm2,261.72226977022365,336,,57.64221887699299,,0.344826219442067,LatentFlow,0.30661299114874546,,11185.0,,,False,,0.553726458776123,42,True,,,167.26386393420398,continuation_frozen
single seed 42; same train/validation/test windows; validation-MSE checkpoint selection,,8-16-32,{},5,extension,0.3378325346285704,,,0,ETTm2,252.8793101629708,720,,55.481286304128886,,0.4058418111048131,LatentFlow,0.41226608322538466,,10801.0,,,False,,0.6420794991474067,42,True,,,162.6601565539204,continuation_frozen
single seed 42; same train/validation/test windows; validation-MSE checkpoint selection,,8-16-32,{},9,extension,0.12475134018394682,,,0,ETTm2,265.6387482653372,96,,57.075301562089784,,0.2564074261565873,LatentFlow,0.17150380936515597,,11425.0,,,False,,0.41413018407881835,42,True,,,169.9440989686991,continuation_frozen
single seed 42; same train/validation/test windows; validation-MSE checkpoint selection,,8-16-32,{},10,extension,0.15010393107378925,,,0,Electricity,900.1988750550663,192,,62.447949177269216,,0.2660062765206157,LatentFlow,0.17492415022432609,,5071.0,,,False,,0.4182393456196178,42,True,,,624.0181184789435,continuation_frozen
single seed 42; same train/validation/test windows; validation-MSE checkpoint selection,,8-16-32,{},1,extension,0.1677634972926624,,,0,Electricity,903.452577830758,336,,66.33198920077061,,0.2851486363901107,LatentFlow,0.1941920761551681,,4927.0,,,False,,0.44067230019047954,42,True,,,624.6424641489284,continuation_frozen
single seed 42; same train/validation/test windows; validation-MSE checkpoint selection,,8-16-32,{},1,extension,0.20616025523054457,,,0,Electricity,963.1691870430368,720,,72.54629265017047,,0.3170176375382894,LatentFlow,0.23313966507884315,,4543.0,,,False,,0.48284538423686224,42,True,,,670.2090420577861,continuation_frozen
single seed 42; same train/validation/test windows; validation-MSE checkpoint selection,,8-16-32,{},9,extension,0.14164134762038735,,,0,Electricity,936.580195164308,96,,65.43702837657328,,0.2549197227900973,LatentFlow,0.16209985771164856,,5167.0,,,False,,0.4026162660793135,42,True,,,647.957931199926,continuation_frozen
single seed 42; same train/validation/test windows; validation-MSE checkpoint selection,,8-16-32,{},9,extension,0.3785063763751477,,,0,Traffic,1453.192616770044,192,,118.06828837283855,,0.30783852237647913,LatentFlow,0.461791588782051,,3319.0,,,False,,0.6795524915575331,42,True,,,1040.2239381102845,continuation_frozen
single seed 42; same train/validation/test windows; validation-MSE checkpoint selection,,8-16-32,{},9,extension,0.38881704732032085,,,0,Traffic,1505.7201155261137,336,,119.90338533815711,,0.3089495687835098,LatentFlow,0.4684700166901991,,3175.0,,,False,,0.6844486954404977,42,True,,,1081.9401971359184,continuation_frozen
single seed 42; same train/validation/test windows; validation-MSE checkpoint selection,,8-16-32,{},9,extension,0.41642756418252896,,,0,Traffic,1579.221793862991,720,,126.77890301251185,,0.32633940300896275,LatentFlow,0.4996926385408356,,2791.0,,,False,,0.7068894104036612,42,True,,,1143.483793683481,continuation_frozen
single seed 42; same train/validation/test windows; validation-MSE checkpoint selection,,8-16-32,{},9,extension,0.3813234126638524,,,0,Traffic,1435.9145416570827,96,,114.58357900942396,,0.3025496756985442,LatentFlow,0.44424432962022425,,3415.0,,,False,,0.6665165636503149,42,True,,,1026.8545836460362,continuation_frozen
single seed 42; same train/validation/test windows; validation-MSE checkpoint selection,,8-16-32,{},10,extension,0.47984546959084806,,,0,Weather,350.93578057301056,192,,76.90029998890633,,0.2570930328611835,LatentFlow,0.21647273053337254,,10349.0,,,False,,0.46526630066379465,42,True,,,229.32159689376022,continuation_frozen
single seed 42; same train/validation/test windows; validation-MSE checkpoint selection,,8-16-32,{},9,extension,0.5443067689421316,,,0,Weather,333.5621680468321,336,,70.93798423496385,,0.2995127794998016,LatentFlow,0.27368802421253224,,10205.0,,,False,,0.5231520087054357,42,True,,,219.35618990391959,continuation_frozen
single seed 42; same train/validation/test windows; validation-MSE checkpoint selection,,8-16-32,{},4,extension,0.7106848667958846,,,0,Weather,343.3221836690791,720,,72.63583535925041,,0.34987475787137884,LatentFlow,0.3511740856525465,,9821.0,,,False,,0.5925994310261751,42,True,,,227.58807281315967,continuation_frozen
single seed 42; same train/validation/test windows; validation-MSE checkpoint selection,,8-16-32,{},8,extension,0.4483432317221606,,,0,Weather,324.04269222263247,96,,69.90776561449543,,0.21712077725873571,LatentFlow,0.17083941706923983,,10445.0,,,False,,0.4133272517863295,42,True,,,211.97864157184085,continuation_frozen
single seed 42; same train/validation/test windows; validation-MSE checkpoint selection,,16-32-48,{},2,extension,1.0999636375714863,,,-1,ETTh1,266.6355590079911,192,,65.11438949226017,,0.43684196684962534,LatentFlow,0.44797611224750344,,2689.0,,,False,,0.6693101764111341,42,True,,,194.16726442650543,continuation_full
single seed 42; same train/validation/test windows; validation-MSE checkpoint selection,,16-32-48,{},1,extension,1.3690827622705577,,,-1,ETTh1,265.4805071312003,336,,68.54446588048735,,0.4560540542917614,LatentFlow,0.4862102531130369,,2545.0,,,False,,0.6972877835679017,42,True,,,193.33096704358468,continuation_full
single seed 42; same train/validation/test windows; validation-MSE checkpoint selection,,16-32-48,{},0,reference,1.7749115292988127,,,-1,ETTh1,255.04988866497297,720,,8.27247292236008,,0.4786009474572534,LatentFlow,0.49215886750318655,,2161.0,,,False,,0.701540353438907,42,True,,,192.65965865074577,continuation_full
single seed 42; same train/validation/test windows; validation-MSE checkpoint selection,,16-32-48,{},0,reference,0.8182634995097205,,,-1,ETTh1,250.81205154024065,96,,7.86166323747249,,0.4114095289177025,LatentFlow,0.4032240676423306,,2785.0,,,False,,0.6349992658596785,42,True,,,189.34721427503973,continuation_full
single seed 42; same train/validation/test windows; validation-MSE checkpoint selection,,16-32-48,{},0,reference,0.3008927445090006,,,-1,ETTh2,259.89667183021083,192,,8.030035842522354,,0.3902497946414888,LatentFlow,0.36935875294162884,,2689.0,,,False,,0.6077489226165924,42,True,,,196.2607051438681,continuation_full
single seed 42; same train/validation/test windows; validation-MSE checkpoint selection,,16-32-48,{},4,extension,0.3759890118964405,,,-1,ETTh2,269.01440332178026,336,,66.66990274952465,,0.42774216405273735,LatentFlow,0.41754711708825537,,2545.0,,,False,,0.6461788584349192,42,True,,,196.06468640558887,continuation_full
single seed 42; same train/validation/test windows; validation-MSE checkpoint selection,,16-32-48,{},4,extension,0.4745207337475328,,,-1,ETTh2,261.4353581489995,720,,65.72235467037491,,0.4395259090080145,LatentFlow,0.4206076866166658,,2161.0,,,False,,0.6485427407786366,42,True,,,191.59104432583263,continuation_full
single seed 42; same train/validation/test windows; validation-MSE checkpoint selection,,16-32-48,{},0,reference,0.2349353905708071,,,-1,ETTh2,245.4116300099995,96,,7.833202039106948,,0.34268046750302417,LatentFlow,0.2934846773242975,,2785.0,,,False,,0.5417422609731471,42,True,,,185.15333898039898,continuation_full
single seed 42; same train/validation/test windows; validation-MSE checkpoint selection,,8-24-48,{},1,extension,0.5451729264524248,,,-1,ETTm1,303.98000653414056,192,,69.88032023479063,,0.3975890377163925,LatentFlow,0.3809801143457854,,11329.0,,,False,,0.6172358660559069,42,True,,,193.26922903346713,continuation_full
single seed 42; same train/validation/test windows; validation-MSE checkpoint selection,,8-24-48,{},4,extension,0.7125950724629858,,,-1,ETTm1,293.836944156792,336,,62.28005407941141,,0.4185472879114006,LatentFlow,0.4193561492205609,,11185.0,,,False,,0.647577137660496,42,True,,,189.95696723904985,continuation_full
single seed 42; same train/validation/test windows; validation-MSE checkpoint selection,,8-24-48,{},2,extension,1.080464232409442,,,-1,ETTm1,306.3751504870015,720,,67.70433337458421,,0.4753876747113644,LatentFlow,0.510682486489639,,10801.0,,,False,,0.7146205192195638,42,True,,,197.7720725999916,continuation_full
single seed 42; same train/validation/test windows; validation-MSE checkpoint selection,,8-24-48,{},4,extension,0.42300553028545684,,,-1,ETTm1,282.36607007402927,96,,60.729856715181015,,0.37443936853069953,LatentFlow,0.33704886078027135,,11425.0,,,False,,0.5805590932715389,42,True,,,181.12367463509145,continuation_full
single seed 42; same train/validation/test windows; validation-MSE checkpoint selection,,8-16-32,{},1,extension,0.1611843705177307,,,-1,ETTm2,301.928528717006,192,,67.99182207310437,,0.3005326097337834,LatentFlow,0.24091830587725208,,11329.0,,,False,,0.49083429574272014,42,True,,,192.52802647735052,continuation_full
single seed 42; same train/validation/test windows; validation-MSE checkpoint selection,,8-16-32,{},0,reference,0.2224648342110943,,,-1,ETTm2,242.93912327708676,336,,7.852997617491849,,0.34600727935710557,LatentFlow,0.3080357600960941,,11185.0,,,False,,0.5550096936956094,42,True,,,179.77427376936248,continuation_full
single seed 42; same train/validation/test windows; validation-MSE checkpoint selection,,8-16-32,{},4,extension,0.33743903447711276,,,-1,ETTm2,279.69467166299,720,,59.251075775641674,,0.4123516971358966,LatentFlow,0.42539333439071886,,10801.0,,,False,,0.6522218444599344,42,True,,,181.43053346029774,continuation_full
single seed 42; same train/validation/test windows; validation-MSE checkpoint selection,,8-16-32,{},3,extension,0.12489606262672515,,,-1,ETTm2,281.9321880270727,96,,62.4555276411613,,0.25719778215536115,LatentFlow,0.1728569937929879,,11425.0,,,False,,0.415760741043437,42,True,,,179.8573475876765,continuation_full
single seed 42; same train/validation/test windows; validation-MSE checkpoint selection,,8-16-32,{},10,extension,0.14277473379889752,,,-1,Electricity,1043.521121445112,192,,65.94799195326523,,0.26112344594769027,LatentFlow,0.16805886663672523,,5071.0,,,False,,0.4099498342928379,42,True,,,732.1772924009565,continuation_full
single seed 42; same train/validation/test windows; validation-MSE checkpoint selection,,8-16-32,{},10,extension,0.1635455829137653,,,-1,Electricity,1051.123354844749,336,,66.77673050103996,,0.28207942767104255,LatentFlow,0.1893427006131019,,4927.0,,,False,,0.43513526702980754,42,True,,,740.3198348969454,continuation_full
single seed 42; same train/validation/test windows; validation-MSE checkpoint selection,,8-16-32,{},8,extension,0.20206340971572928,,,-1,Electricity,1075.8981913817115,720,,70.06023472505153,,0.31013489793385324,LatentFlow,0.22257927608495448,,4543.0,,,False,,0.4717830816010198,42,True,,,761.2828079665633,continuation_full
single seed 42; same train/validation/test windows; validation-MSE checkpoint selection,,8-16-32,{},10,extension,0.1343139711652672,,,-1,Electricity,1054.2441225220682,96,,66.13256656537699,,0.24982104875108566,LatentFlow,0.15494474147933207,,5167.0,,,False,,0.393630209053284,42,True,,,739.5994129678911,continuation_full
single seed 42; same train/validation/test windows; validation-MSE checkpoint selection,,8-16-32,{},10,extension,0.37031662110724256,,,-1,Traffic,1801.679406864103,192,,120.22665222366633,,0.29990886697141894,LatentFlow,0.45206519250148025,,3319.0,,,False,,0.6723579348096371,42,True,,,1311.2358311853313,continuation_full
single seed 42; same train/validation/test windows; validation-MSE checkpoint selection,,8-16-32,{},9,extension,0.38201290107153574,,,-1,Traffic,1854.7445464339107,336,,125.44646488639027,,0.30030527273218605,LatentFlow,0.4590925897712612,,3175.0,,,False,,0.6775637163922381,42,True,,,1352.0480630126258,continuation_full
single seed 42; same train/validation/test windows; validation-MSE checkpoint selection,,8-16-32,{},10,extension,0.40875910678413446,,,-1,Traffic,1963.0282765730517,720,,131.03727898358076,,0.3177323161155452,LatentFlow,0.4903438760343572,,2791.0,,,False,,0.7002455826596532,42,True,,,1441.0958641453362,continuation_full
single seed 42; same train/validation/test windows; validation-MSE checkpoint selection,,8-16-32,{},10,extension,0.37021344370004844,,,-1,Traffic,1791.5686056572013,96,,118.1472125359343,,0.2941712552395084,LatentFlow,0.4348236801482781,,3415.0,,,False,,0.6594116166312799,42,True,,,1301.7321564257145,continuation_full
single seed 42; same train/validation/test windows; validation-MSE checkpoint selection,,8-16-32,{},4,extension,0.47451542404593616,,,-1,Weather,381.7336808030959,192,,81.86509691940462,,0.25604746994652483,LatentFlow,0.2145264388631122,,10349.0,,,False,,0.46316998916500646,42,True,,,250.95515777265973,continuation_full
single seed 42; same train/validation/test windows; validation-MSE checkpoint selection,,8-16-32,{},4,extension,0.5452613635938994,,,-1,Weather,367.506856252905,336,,81.78616862937386,,0.299183266580552,LatentFlow,0.27308566488456143,,10205.0,,,False,,0.5225759895790865,42,True,,,240.53664176972234,continuation_full
single seed 42; same train/validation/test windows; validation-MSE checkpoint selection,,8-16-32,{},4,extension,0.7097100885246587,,,-1,Weather,369.48657025402645,720,,77.75676976160825,,0.3511518273028008,LatentFlow,0.35236779029566406,,9821.0,,,False,,0.5936057532535075,42,True,,,245.36661613828983,continuation_full
single seed 42; same train/validation/test windows; validation-MSE checkpoint selection,,8-16-32,{},8,extension,0.44304961975289403,,,-1,Weather,359.7168074492365,96,,75.60246030066145,,0.2147965502003264,LatentFlow,0.1684418896957697,,10445.0,,,False,,0.41041672687132247,42,True,,,236.7529429262504,continuation_full
single seed 42; same train/validation/test windows; validation-MSE checkpoint selection,,16-32-48,{},1,extension,1.105246636129561,,,1,ETTh1,248.871617523022,192,,66.48079932717506,,0.43645061284921677,LatentFlow,0.44760488925486563,,2689.0,,,False,,0.6690328013295503,42,True,,,180.27853801359015,continuation_last1
single seed 42; same train/validation/test windows; validation-MSE checkpoint selection,,16-32-48,{},0,reference,1.3696614495750998,,,1,ETTh1,253.21473510703072,336,,7.9816653705614655,,0.45415585197978037,LatentFlow,0.4817180077371921,,2545.0,,,False,,0.6940590808693393,42,True,,,191.31262359078391,continuation_last1
single seed 42; same train/validation/test windows; validation-MSE checkpoint selection,,16-32-48,{},0,reference,1.7749115292988127,,,1,ETTh1,249.01964207401033,720,,7.96554342464808,,0.4786009474572534,LatentFlow,0.49215886750318655,,2161.0,,,False,,0.701540353438907,42,True,,,188.1416177187475,continuation_last1
single seed 42; same train/validation/test windows; validation-MSE checkpoint selection,,16-32-48,{},0,reference,0.8182634995097205,,,1,ETTh1,247.84119837684557,96,,7.850692995064865,,0.4114095289177025,LatentFlow,0.4032240676423306,,2785.0,,,False,,0.6349992658596785,42,True,,,187.020128624863,continuation_last1
single seed 42; same train/validation/test windows; validation-MSE checkpoint selection,,16-32-48,{},0,reference,0.3008927445090006,,,1,ETTh2,243.86292796400085,192,,7.614689856637995,,0.3902497946414888,LatentFlow,0.36935875294162884,,2689.0,,,False,,0.6077489226165924,42,True,,,184.13387074454022,continuation_last1
single seed 42; same train/validation/test windows; validation-MSE checkpoint selection,,16-32-48,{},3,extension,0.37771645424857975,,,1,ETTh2,258.37689979281276,336,,66.06868152282661,,0.4273298153605073,LatentFlow,0.4171612465950241,,2545.0,,,False,,0.6458802107163713,42,True,,,187.93628257117234,continuation_last1
single seed 42; same train/validation/test windows; validation-MSE checkpoint selection,,16-32-48,{},0,reference,0.47616924457449133,,,1,ETTh2,240.25033273221925,720,,7.796488518117746,,0.43879702215362193,LatentFlow,0.4136213828137338,,2161.0,,,False,,0.6431340317645566,42,True,,,181.41434051249234,continuation_last1
single seed 42; same train/validation/test windows; validation-MSE checkpoint selection,,16-32-48,{},0,reference,0.2349353905708071,,,1,ETTh2,235.43381361290812,96,,7.594266747571313,,0.34268046750302417,LatentFlow,0.2934846773242975,,2785.0,,,False,,0.5417422609731471,42,True,,,177.53506232875225,continuation_last1
single seed 42; same train/validation/test windows; validation-MSE checkpoint selection,,8-24-48,{},1,extension,0.5470793195187099,,,1,ETTm1,285.2210466640536,192,,63.341988612702735,,0.3976461736888012,LatentFlow,0.3804426101360935,,11329.0,,,False,,0.6168003000453984,42,True,,,182.24134557731304,continuation_last1
single seed 42; same train/validation/test windows; validation-MSE checkpoint selection,,8-24-48,{},4,extension,0.7118413902464367,,,1,ETTm1,285.5587013880722,336,,64.9687226796336,,0.418237065044343,LatentFlow,0.41642535520905916,,11185.0,,,False,,0.6453102782453253,42,True,,,181.88947810631362,continuation_last1
single seed 42; same train/validation/test windows; validation-MSE checkpoint selection,,8-24-48,{},2,extension,1.081470260922871,,,1,ETTm1,288.4835993939778,720,,65.18485309339877,,0.4769999484483661,LatentFlow,0.5134961037816577,,10801.0,,,False,,0.7165864245027656,42,True,,,185.18101714607837,continuation_last1
single seed 42; same train/validation/test windows; validation-MSE checkpoint selection,,8-24-48,{},0,reference,0.42316985556057524,,,1,ETTm1,243.95162754692137,96,,7.962646446129383,,0.3788299991861661,LatentFlow,0.34608704034718446,,11425.0,,,False,,0.5882916286563871,42,True,,,180.47287055233028,continuation_last1
single seed 42; same train/validation/test windows; validation-MSE checkpoint selection,,8-16-32,{},2,extension,0.16127077265391274,,,1,ETTm2,298.7785905408673,192,,68.01211744444142,,0.30029811772906567,LatentFlow,0.24078328826710876,,11329.0,,,False,,0.4906967375753672,42,True,,,189.8686304812145,continuation_last1
single seed 42; same train/validation/test windows; validation-MSE checkpoint selection,,8-16-32,{},0,reference,0.2224648342110943,,,1,ETTm2,231.8333571762778,336,,7.398520193374942,,0.34600727935710557,LatentFlow,0.3080357600960941,,11185.0,,,False,,0.5550096936956094,42,True,,,171.47165919450345,continuation_last1
single seed 42; same train/validation/test windows; validation-MSE checkpoint selection,,8-16-32,{},0,reference,0.33930370441820257,,,1,ETTm2,231.08955628424883,720,,7.875846947601358,,0.4080426387217376,LatentFlow,0.4151268912819473,,10801.0,,,False,,0.6443034155442195,42,True,,,170.72439379626303,continuation_last1
single seed 42; same train/validation/test windows; validation-MSE checkpoint selection,,8-16-32,{},4,extension,0.1259037611030397,,,1,ETTm2,268.5378521709936,96,,58.3640039990869,,0.2581213737142773,LatentFlow,0.1736151855777201,,11425.0,,,False,,0.4166715559979108,42,True,,,171.78046404533234,continuation_last1
single seed 42; same train/validation/test windows; validation-MSE checkpoint selection,,8-16-32,{},10,extension,0.14578664769099714,,,1,Electricity,1005.34073868001,192,,64.85447407254185,,0.2619445709029282,LatentFlow,0.17011042355018652,,5071.0,,,False,,0.41244444904760996,42,True,,,704.1984098250055,continuation_last1
single seed 42; same train/validation/test windows; validation-MSE checkpoint selection,,8-16-32,{},10,extension,0.16503506383974628,,,1,Electricity,1041.3241815371439,336,,69.16124226442138,,0.2816348620419475,LatentFlow,0.18952482752271957,,4927.0,,,False,,0.4353444929279795,42,True,,,729.2736341460113,continuation_last1
single seed 42; same train/validation/test windows; validation-MSE checkpoint selection,,8-16-32,{},10,extension,0.20497138988494432,,,1,Electricity,1067.7731563891284,720,,70.72887903225578,,0.30676440113109116,LatentFlow,0.22023307012613244,,4543.0,,,False,,0.4692899638029056,42,True,,,754.4519252303871,continuation_last1
single seed 42; same train/validation/test windows; validation-MSE checkpoint selection,,8-16-32,{},10,extension,0.13758612475456272,,,1,Electricity,1022.879145862069,96,,67.78782446392228,,0.2519979792597449,LatentFlow,0.15832049545480117,,5167.0,,,False,,0.3978950809633127,42,True,,,713.6123513610073,continuation_last1
single seed 42; same train/validation/test windows; validation-MSE checkpoint selection,,8-16-32,{},10,extension,0.3710416199835836,,,1,Traffic,1741.8348886038875,192,,118.65003800718677,,0.30159401239411,LatentFlow,0.4525601270684542,,3319.0,,,False,,0.6727258929671536,42,True,,,1264.5186894633298,continuation_last1
single seed 42; same train/validation/test windows; validation-MSE checkpoint selection,,8-16-32,{},9,extension,0.383355928934578,,,1,Traffic,1799.181038478855,336,,125.32836489962658,,0.3008628559988586,LatentFlow,0.46158617863547946,,3175.0,,,False,,0.6794013384116044,42,True,,,1308.2379508236045,continuation_last1
single seed 42; same train/validation/test windows; validation-MSE checkpoint selection,,8-16-32,{},9,extension,0.41020985598661264,,,1,Traffic,1928.5588173969882,720,,130.8681692535174,,0.32034860770966855,LatentFlow,0.49423205413894594,,2791.0,,,False,,0.7030163967781591,42,True,,,1413.5792637617214,continuation_last1
single seed 42; same train/validation/test windows; validation-MSE checkpoint selection,,8-16-32,{},10,extension,0.37183207757511716,,,1,Traffic,1723.0809862110764,96,,117.29183719392883,,0.2935646873329562,LatentFlow,0.43299708359218153,,3415.0,,,False,,0.6580251390275158,42,True,,,1248.8448528500157,continuation_last1
single seed 42; same train/validation/test windows; validation-MSE checkpoint selection,,8-16-32,{},3,extension,0.4734241495687495,,,1,Weather,344.4092495460063,192,,74.37313173919223,,0.25611895232760135,LatentFlow,0.21446675659984019,,10349.0,,,False,,0.46310555664971265,42,True,,,225.8905980110285,continuation_last1
single seed 42; same train/validation/test windows; validation-MSE checkpoint selection,,8-16-32,{},4,extension,0.5468310635826935,,,1,Weather,365.0872339438647,336,,78.84069461647843,,0.2995033420760578,LatentFlow,0.2734712006887262,,10205.0,,,False,,0.5229447396128258,42,True,,,240.2104002674605,continuation_last1
single seed 42; same train/validation/test windows; validation-MSE checkpoint selection,,8-16-32,{},2,extension,0.7099475699127036,,,1,Weather,348.2926263859845,720,,76.11622454096742,,0.3499081685254262,LatentFlow,0.35128197484328777,,9821.0,,,False,,0.592690454489768,42,True,,,229.85639514454306,continuation_last1
single seed 42; same train/validation/test windows; validation-MSE checkpoint selection,,8-16-32,{},8,extension,0.4454658424097394,,,1,Weather,357.4471086007543,96,,76.28004995393589,,0.21459061572481927,LatentFlow,0.1679905593802389,,10445.0,,,False,,0.4098665140996992,42,True,,,234.49686568346806,continuation_last1
single seed 42; validation checkpointing; identical test windows,42,,,2,extension,1.1034622031544883,latentflow_unfreeze2,/work/11617/sujato_ts/vista/motion_code-master/physics_modal_v4/results/final/checkpoints/LatentFlow/seed42/ETTh1/h192.pt,2,ETTh1,307.4436107201036,192,32,66.81007386497528,16,0.43770838134248974,LatentFlow,0.44768580283511344,0.02,2689.0,1577610,16-32-48,False,0.05,0.6690932691599232,42,,validation MSE only; test evaluated once,LatentFlow,189.4373249421733,continuation_last2
single seed 42; validation checkpointing; identical test windows,42,,,0,reference,1.3696614495750998,latentflow_unfreeze2,/work/11617/sujato_ts/vista/motion_code-master/physics_modal_v4/results/final/checkpoints/LatentFlow/seed42/ETTh1/h336.pt,2,ETTh1,311.0474131302908,336,32,8.221605462552626,16,0.45415585197978037,LatentFlow,0.4817180077371921,0.02,2545.0,1718770,16-32-48,False,0.05,0.6940590808693393,42,,validation MSE only; test evaluated once,LatentFlow,199.6052427966788,continuation_last2
single seed 42; validation checkpointing; identical test windows,42,,,0,reference,1.7749115292988127,latentflow_unfreeze2,/work/11617/sujato_ts/vista/motion_code-master/physics_modal_v4/results/final/checkpoints/LatentFlow/seed42/ETTh1/h720.pt,2,ETTh1,290.0445273621008,720,32,7.866050888186515,16,0.4786009474572534,LatentFlow,0.49215886750318655,0.02,2161.0,2097306,16-32-48,False,0.05,0.701540353438907,42,,validation MSE only; test evaluated once,LatentFlow,184.5475045738567,continuation_last2
single seed 42; validation checkpointing; identical test windows,42,,,0,reference,0.8182634995097205,latentflow_unfreeze2,/work/11617/sujato_ts/vista/motion_code-master/physics_modal_v4/results/final/checkpoints/LatentFlow/seed42/ETTh1/h96.pt,2,ETTh1,293.68999201012775,96,32,8.067760137421203,16,0.4114095289177025,LatentFlow,0.4032240676423306,0.02,2785.0,1483766,16-32-48,False,0.05,0.6349992658596785,42,,validation MSE only; test evaluated once,LatentFlow,187.78975857276237,continuation_last2
single seed 42; validation checkpointing; identical test windows,42,,,0,reference,0.3008927445090006,latentflow_unfreeze2,/work/11617/sujato_ts/vista/motion_code-master/physics_modal_v4/results/final/checkpoints/LatentFlow/seed42/ETTh2/h192.pt,2,ETTh2,302.95580806955695,192,32,8.338486006159982,8,0.3902497946414888,LatentFlow,0.36935875294162884,0.02,2689.0,1547362,16-32-48,False,0.001,0.6077489226165924,42,,validation MSE only; test evaluated once,LatentFlow,197.23696634464432,continuation_last2
single seed 42; validation checkpointing; identical test windows,42,,,3,extension,0.3759651530086318,latentflow_unfreeze2,/work/11617/sujato_ts/vista/motion_code-master/physics_modal_v4/results/final/checkpoints/LatentFlow/seed42/ETTh2/h336.pt,2,ETTh2,306.91008023545146,336,32,68.46592377847698,8,0.4269980570079633,LatentFlow,0.4155208339614433,0.02,2545.0,1688522,16-32-48,False,0.001,0.6446090551345391,42,,validation MSE only; test evaluated once,LatentFlow,193.6452022760932,continuation_last2
single seed 42; validation checkpointing; identical test windows,42,,,4,extension,0.4758468163707269,latentflow_unfreeze2,/work/11617/sujato_ts/vista/motion_code-master/physics_modal_v4/results/final/checkpoints/LatentFlow/seed42/ETTh2/h720.pt,2,ETTh2,291.800524760969,720,32,64.30370593443513,8,0.43854124645959064,LatentFlow,0.4182081405769548,0.02,2161.0,2067058,16-32-48,False,0.001,0.6466901426316585,42,,validation MSE only; test evaluated once,LatentFlow,184.24244812013058,continuation_last2
single seed 42; validation checkpointing; identical test windows,42,,,0,reference,0.2349353905708071,latentflow_unfreeze2,/work/11617/sujato_ts/vista/motion_code-master/physics_modal_v4/results/final/checkpoints/LatentFlow/seed42/ETTh2/h96.pt,2,ETTh2,291.83623390085995,96,32,8.002664029835104,8,0.34268046750302417,LatentFlow,0.2934846773242975,0.02,2785.0,1453518,16-32-48,False,0.001,0.5417422609731471,42,,validation MSE only; test evaluated once,LatentFlow,189.40770941953815,continuation_last2
single seed 42; validation checkpointing; identical test windows,42,,,1,extension,0.5460547490252389,latentflow_unfreeze2,/work/11617/sujato_ts/vista/motion_code-master/physics_modal_v4/results/final/checkpoints/LatentFlow/seed42/ETTm1/h192.pt,2,ETTm1,333.6171149536967,192,32,66.71149699647069,8,0.3980640535317856,LatentFlow,0.3813478510583697,0.02,11329.0,1535482,8-24-48,False,0.01,0.6175336841487836,42,,validation MSE only; test evaluated once,LatentFlow,187.3682395540527,continuation_last2
single seed 42; validation checkpointing; identical test windows,42,,,4,extension,0.7101105083954308,latentflow_unfreeze2,/work/11617/sujato_ts/vista/motion_code-master/physics_modal_v4/results/final/checkpoints/LatentFlow/seed42/ETTm1/h336.pt,2,ETTm1,326.2728623710573,336,32,64.16463435101817,8,0.4211018372895208,LatentFlow,0.4224221247003277,0.02,11185.0,1678900,8-24-48,False,0.01,0.6499400931626912,42,,validation MSE only; test evaluated once,LatentFlow,183.8796367374016,continuation_last2
single seed 42; validation checkpointing; identical test windows,42,,,2,extension,1.0803902933837244,latentflow_unfreeze2,/work/11617/sujato_ts/vista/motion_code-master/physics_modal_v4/results/final/checkpoints/LatentFlow/seed42/ETTm1/h720.pt,2,ETTm1,333.6169088939205,720,32,66.07724983764685,8,0.47642321199393256,LatentFlow,0.5111196980764312,0.02,10801.0,2068564,8-24-48,False,0.01,0.7149263584988536,42,,validation MSE only; test evaluated once,LatentFlow,188.60710063827355,continuation_last2
single seed 42; validation checkpointing; identical test windows,42,,,0,reference,0.42316985556057524,latentflow_unfreeze2,/work/11617/sujato_ts/vista/motion_code-master/physics_modal_v4/results/final/checkpoints/LatentFlow/seed42/ETTm1/h96.pt,2,ETTm1,288.3398318319814,96,32,7.745601756035822,8,0.3788299991861661,LatentFlow,0.34608704034718446,0.02,11425.0,1440690,8-24-48,False,0.01,0.5882916286563871,42,,validation MSE only; test evaluated once,LatentFlow,184.14809926171074,continuation_last2
single seed 42; validation checkpointing; identical test windows,42,,,2,extension,0.16096349758288217,latentflow_unfreeze2,/work/11617/sujato_ts/vista/motion_code-master/physics_modal_v4/results/final/checkpoints/LatentFlow/seed42/ETTm2/h192.pt,2,ETTm2,326.55780568160117,192,16,63.80005042783947,8,0.2998266398193433,LatentFlow,0.24021859779491156,0.02,11329.0,1510618,8-16-32,False,0.001,0.4901210032174826,42,,validation MSE only; test evaluated once,LatentFlow,182.99616352887824,continuation_last2
single seed 42; validation checkpointing; identical test windows,42,,,0,reference,0.2224648342110943,latentflow_unfreeze2,/work/11617/sujato_ts/vista/motion_code-master/physics_modal_v4/results/final/checkpoints/LatentFlow/seed42/ETTm2/h336.pt,2,ETTm2,275.97548406384885,336,16,7.749494688217141,8,0.34600727935710557,LatentFlow,0.3080357600960941,0.02,11185.0,1654568,8-16-32,False,0.001,0.5550096936956094,42,,validation MSE only; test evaluated once,LatentFlow,175.2141839126125,continuation_last2
single seed 42; validation checkpointing; identical test windows,42,,,0,reference,0.33930370441820257,latentflow_unfreeze2,/work/11617/sujato_ts/vista/motion_code-master/physics_modal_v4/results/final/checkpoints/LatentFlow/seed42/ETTm2/h720.pt,2,ETTm2,278.9456609369954,720,16,7.671677883132706,8,0.4080426387217376,LatentFlow,0.4151268912819473,0.02,10801.0,2046704,8-16-32,False,0.001,0.6443034155442195,42,,validation MSE only; test evaluated once,LatentFlow,175.95456840308543,continuation_last2
single seed 42; validation checkpointing; identical test windows,42,,,3,extension,0.12564035871672252,latentflow_unfreeze2,/work/11617/sujato_ts/vista/motion_code-master/physics_modal_v4/results/final/checkpoints/LatentFlow/seed42/ETTm2/h96.pt,2,ETTm2,322.15138134919107,96,16,61.31708438587891,8,0.2580017761321096,LatentFlow,0.17361310991953224,0.02,11425.0,1415614,8-16-32,False,0.001,0.4166690652298683,42,,validation MSE only; test evaluated once,LatentFlow,180.63144812040264,continuation_last2
single seed 42; validation checkpointing; identical test windows,42,,,10,extension,0.14298425565833822,latentflow_unfreeze2,/work/11617/sujato_ts/vista/motion_code-master/physics_modal_v4/results/final/checkpoints/LatentFlow/seed42/Electricity/h192.pt,2,Electricity,1136.232159559615,192,32,68.37006074436727,16,0.26124667811432056,LatentFlow,0.16815630626409142,0.02,5071.0,1524211,8-16-32,False,0.001,0.41006866042663076,42,,validation MSE only; test evaluated once,LatentFlow,743.497007847327,continuation_last2
single seed 42; validation checkpointing; identical test windows,42,,,10,extension,0.16270261824039645,latentflow_unfreeze2,/work/11617/sujato_ts/vista/motion_code-master/physics_modal_v4/results/final/checkpoints/LatentFlow/seed42/Electricity/h336.pt,2,Electricity,1134.79116936028,336,32,68.90701003660395,16,0.2815852144186746,LatentFlow,0.18853918673404638,0.02,4927.0,1668161,8-16-32,False,0.001,0.43421099333624247,42,,validation MSE only; test evaluated once,LatentFlow,741.9617416766414,continuation_last2
single seed 42; validation checkpointing; identical test windows,42,,,10,extension,0.19993456810475552,latentflow_unfreeze2,/work/11617/sujato_ts/vista/motion_code-master/physics_modal_v4/results/final/checkpoints/LatentFlow/seed42/Electricity/h720.pt,2,Electricity,1155.389409307856,720,32,72.37962352044592,16,0.3067955012720217,LatentFlow,0.21688893757710398,0.02,4543.0,2060297,8-16-32,False,0.001,0.46571336418134274,42,,validation MSE only; test evaluated once,LatentFlow,753.7290706608474,continuation_last2
single seed 42; validation checkpointing; identical test windows,42,,,9,extension,0.13499661171135088,latentflow_unfreeze2,/work/11617/sujato_ts/vista/motion_code-master/physics_modal_v4/results/final/checkpoints/LatentFlow/seed42/Electricity/h96.pt,2,Electricity,1109.511181798298,96,32,67.76232672205498,16,0.2508596638764409,LatentFlow,0.15570696800612818,0.02,5167.0,1429207,8-16-32,False,0.001,0.3945972225017913,42,,validation MSE only; test evaluated once,LatentFlow,724.9857875587622,continuation_last2
single seed 42; validation checkpointing; identical test windows,42,,,10,extension,0.3701103931544029,latentflow_unfreeze2,/work/11617/sujato_ts/vista/motion_code-master/physics_modal_v4/results/final/checkpoints/LatentFlow/seed42/Traffic/h192.pt,2,Traffic,1969.3280047215521,192,32,118.71670016901936,16,0.2996243785765195,LatentFlow,0.45163088284431097,0.02,3319.0,1525834,8-16-32,False,0.001,0.6720348821633524,42,,validation MSE only; test evaluated once,LatentFlow,1295.218158053467,continuation_last2
single seed 42; validation checkpointing; identical test windows,42,,,9,extension,0.37982467928411456,latentflow_unfreeze2,/work/11617/sujato_ts/vista/motion_code-master/physics_modal_v4/results/final/checkpoints/LatentFlow/seed42/Traffic/h336.pt,2,Traffic,2019.1979655195028,336,32,122.09178482398691,16,0.2988856047073473,LatentFlow,0.4595566871458172,0.02,3175.0,1669784,8-16-32,False,0.001,0.677906104962787,42,,validation MSE only; test evaluated once,LatentFlow,1327.7167090971489,continuation_last2
single seed 42; validation checkpointing; identical test windows,42,,,10,extension,0.4081774492715349,latentflow_unfreeze2,/work/11617/sujato_ts/vista/motion_code-master/physics_modal_v4/results/final/checkpoints/LatentFlow/seed42/Traffic/h720.pt,2,Traffic,2178.936486836057,720,32,133.07372645017338,16,0.31807813636845,LatentFlow,0.49146881208700643,0.02,2791.0,2061920,8-16-32,False,0.001,0.701048366439154,42,,validation MSE only; test evaluated once,LatentFlow,1432.896717627409,continuation_last2
single seed 42; validation checkpointing; identical test windows,42,,,10,extension,0.3696385762469613,latentflow_unfreeze2,/work/11617/sujato_ts/vista/motion_code-master/physics_modal_v4/results/final/checkpoints/LatentFlow/seed42/Traffic/h96.pt,2,Traffic,1944.0335487780394,96,32,117.11583371649107,16,0.2922119657591534,LatentFlow,0.43147983364527814,0.02,3415.0,1430830,8-16-32,False,0.001,0.6568712458657923,42,,validation MSE only; test evaluated once,LatentFlow,1277.7261778461252,continuation_last2
single seed 42; validation checkpointing; identical test windows,42,,,3,extension,0.47324884915478016,latentflow_unfreeze2,/work/11617/sujato_ts/vista/motion_code-master/physics_modal_v4/results/final/checkpoints/LatentFlow/seed42/Weather/h192.pt,2,Weather,409.9142832499929,192,32,81.07053077573953,16,0.2551927824683744,LatentFlow,0.21354596359925804,0.02,10349.0,1531216,8-16-32,False,0.001,0.46211033704003857,42,,validation MSE only; test evaluated once,LatentFlow,241.82950102813265,continuation_last2
single seed 42; validation checkpointing; identical test windows,42,,,4,extension,0.5453557796939611,latentflow_unfreeze2,/work/11617/sujato_ts/vista/motion_code-master/physics_modal_v4/results/final/checkpoints/LatentFlow/seed42/Weather/h336.pt,2,Weather,416.2372256964445,336,32,81.74702249842245,16,0.2985933936166014,LatentFlow,0.27262603924511813,0.02,10205.0,1675166,8-16-32,False,0.001,0.5221360351911349,42,,validation MSE only; test evaluated once,LatentFlow,246.5184232525644,continuation_last2
single seed 42; validation checkpointing; identical test windows,42,,,9,extension,0.7064906212808384,latentflow_unfreeze2,/work/11617/sujato_ts/vista/motion_code-master/physics_modal_v4/results/final/checkpoints/LatentFlow/seed42/Weather/h720.pt,2,Weather,390.425435253419,720,32,72.73143406324333,16,0.3532897798650574,LatentFlow,0.35555996850853744,0.02,9821.0,2067302,8-16-32,False,0.001,0.5962884943620307,42,,validation MSE only; test evaluated once,LatentFlow,233.16729464568198,continuation_last2
single seed 42; validation checkpointing; identical test windows,42,,,6,extension,0.44530760768860106,latentflow_unfreeze2,/work/11617/sujato_ts/vista/motion_code-master/physics_modal_v4/results/final/checkpoints/LatentFlow/seed42/Weather/h96.pt,2,Weather,394.8710231091827,96,32,75.58333282766667,16,0.21390171667402463,LatentFlow,0.16728448753957223,0.02,10445.0,1436212,8-16-32,False,0.001,0.40900426347358804,42,,validation MSE only; test evaluated once,LatentFlow,233.57271535096515,continuation_last2
single seed 42; same train/validation/test windows; validation-MSE checkpoint selection,,16-32-48,{},2,extension,1.103179260851845,,,2,ETTh1,255.57507887901738,192,,65.2089519286807,,0.43798078307878485,LatentFlow,0.44841450333846494,,2689.0,,,False,,0.6696375910434427,42,True,,,185.5357450858719,fixed_inducing
single seed 42; same train/validation/test windows; validation-MSE checkpoint selection,,16-32-48,{},0,reference,1.3696614495750998,,,2,ETTh1,258.28123536193743,336,,7.996361514058294,,0.45415585197978037,LatentFlow,0.4817180077371921,,2545.0,,,False,,0.6940590808693393,42,True,,,195.2550038407935,fixed_inducing
single seed 42; same train/validation/test windows; validation-MSE checkpoint selection,,16-32-48,{},0,reference,1.7749115292988127,,,2,ETTh1,237.4254526529694,720,,7.553100369613507,,0.4786009474572534,LatentFlow,0.49215886750318655,,2161.0,,,False,,0.701540353438907,42,True,,,179.30175535625494,fixed_inducing
single seed 42; same train/validation/test windows; validation-MSE checkpoint selection,,16-32-48,{},0,reference,0.8182634995097205,,,2,ETTh1,238.5222097709775,96,,7.435508080451302,,0.4114095289177025,LatentFlow,0.4032240676423306,,2785.0,,,False,,0.6349992658596785,42,True,,,180.01161185238743,fixed_inducing
single seed 42; same train/validation/test windows; validation-MSE checkpoint selection,,16-32-48,{},0,reference,0.3008927445090006,,,2,ETTh2,238.48501661200135,192,,7.379468204174748,,0.3902497946414888,LatentFlow,0.36935875294162884,,2689.0,,,False,,0.6077489226165924,42,True,,,180.05563636249917,fixed_inducing
single seed 42; same train/validation/test windows; validation-MSE checkpoint selection,,16-32-48,{},3,extension,0.3745782810544211,,,2,ETTh2,251.13627203833312,336,,66.88648148121524,,0.42662937633400766,LatentFlow,0.41508194083316574,,2545.0,,,False,,0.6442685316179626,42,True,,,182.29145311670436,fixed_inducing
single seed 42; same train/validation/test windows; validation-MSE checkpoint selection,,16-32-48,{},4,extension,0.4751100519977549,,,2,ETTh2,242.51219345023856,720,,62.30060537971222,,0.4428542138708099,LatentFlow,0.4267688510838988,,2161.0,,,False,,0.6532754787100912,42,True,,,177.50548869371414,fixed_inducing
single seed 42; same train/validation/test windows; validation-MSE checkpoint selection,,16-32-48,{},0,reference,0.2349353905708071,,,2,ETTh2,241.29149552620947,96,,7.303700615474255,,0.34268046750302417,LatentFlow,0.2934846773242975,,2785.0,,,False,,0.5417422609731471,42,True,,,182.1553421272256,fixed_inducing
single seed 42; same train/validation/test windows; validation-MSE checkpoint selection,,8-24-48,{},1,extension,0.5460002022603202,,,2,ETTm1,287.9368245290825,192,,65.87880247985862,,0.39808969186335214,LatentFlow,0.38140092612528464,,11329.0,,,False,,0.617576656072171,42,True,,,183.02543799454725,fixed_inducing
single seed 42; same train/validation/test windows; validation-MSE checkpoint selection,,8-24-48,{},4,extension,0.7097920663232435,,,2,ETTm1,293.72760162409395,336,,67.19171496663232,,0.42168231194174455,LatentFlow,0.4242969905929638,,11185.0,,,False,,0.6513808337623727,42,True,,,186.8998207453842,fixed_inducing
single seed 42; same train/validation/test windows; validation-MSE checkpoint selection,,8-24-48,{},2,extension,1.081047880586493,,,2,ETTm1,296.1252076810342,720,,66.39171325779887,,0.47627154699069846,LatentFlow,0.5103828239671606,,10801.0,,,False,,0.7144108229633427,42,True,,,190.2622793827959,fixed_inducing
single seed 42; same train/validation/test windows; validation-MSE checkpoint selection,,8-24-48,{},0,reference,0.42316985556057524,,,2,ETTm1,251.91282277926803,96,,7.755098681567762,,0.3788299991861661,LatentFlow,0.34608704034718446,,11425.0,,,False,,0.5882916286563871,42,True,,,186.66289909742773,fixed_inducing
single seed 42; same train/validation/test windows; validation-MSE checkpoint selection,,8-16-32,{},2,extension,0.1611549738380644,,,2,ETTm2,284.4393790103495,192,,63.773037369799034,,0.3000796084527075,LatentFlow,0.24064336989592347,,11329.0,,,False,,0.4905541457330918,42,True,,,181.11856220384652,fixed_inducing
single seed 42; same train/validation/test windows; validation-MSE checkpoint selection,,8-16-32,{},0,reference,0.2224648342110943,,,2,ETTm2,247.59738095896319,336,,8.243502167728662,,0.34600727935710557,LatentFlow,0.3080357600960941,,11185.0,,,False,,0.5550096936956094,42,True,,,183.03061974511365,fixed_inducing
single seed 42; same train/validation/test windows; validation-MSE checkpoint selection,,8-16-32,{},0,reference,0.33930370441820257,,,2,ETTm2,240.91939983982593,720,,8.074990555212919,,0.4080426387217376,LatentFlow,0.4151268912819473,,10801.0,,,False,,0.6443034155442195,42,True,,,178.2222206442384,fixed_inducing
single seed 42; same train/validation/test windows; validation-MSE checkpoint selection,,8-16-32,{},3,extension,0.12557748279401235,,,2,ETTm2,279.0079087569611,96,,61.984924583037504,,0.25781065579639245,LatentFlow,0.17335948039010451,,11425.0,,,False,,0.4163646003085571,42,True,,,177.86310852025053,fixed_inducing
single seed 42; same train/validation/test windows; validation-MSE checkpoint selection,,8-16-32,{},10,extension,0.14306774532229646,,,2,Electricity,1034.0172707110032,192,,66.05470838854602,,0.261497316430948,LatentFlow,0.1685008146865818,,5071.0,,,False,,0.4104885073745449,42,True,,,724.4701636968671,fixed_inducing
single seed 42; same train/validation/test windows; validation-MSE checkpoint selection,,8-16-32,{},10,extension,0.16273544382071664,,,2,Electricity,1020.5395192881115,336,,65.43570725148831,,0.28171911542587097,LatentFlow,0.1886453362627169,,4927.0,,,False,,0.43433320879563986,42,True,,,717.2232974000508,fixed_inducing
single seed 42; same train/validation/test windows; validation-MSE checkpoint selection,,8-16-32,{},8,extension,0.20075937722042053,,,2,Electricity,1029.4961206722073,720,,67.72054269921357,,0.3107755335507407,LatentFlow,0.22368979431022165,,4543.0,,,False,,0.47295855453752145,42,True,,,728.2593182524579,fixed_inducing
single seed 42; same train/validation/test windows; validation-MSE checkpoint selection,,8-16-32,{},10,extension,0.13497295388716568,,,2,Electricity,1022.4844378940761,96,,69.30024201562989,,0.25059403561349397,LatentFlow,0.15550576647742606,,5167.0,,,False,,0.3943421946449886,42,True,,,711.6416169490549,fixed_inducing
single seed 42; same train/validation/test windows; validation-MSE checkpoint selection,,8-16-32,{},10,extension,0.37021860851397004,,,2,Traffic,1781.6714240880683,192,,119.15249307822674,,0.2998829169246095,LatentFlow,0.45208127393457836,,3319.0,,,False,,0.6723698936854463,42,True,,,1295.280308972633,fixed_inducing
single seed 42; same train/validation/test windows; validation-MSE checkpoint selection,,8-16-32,{},9,extension,0.38002566169455265,,,2,Traffic,1820.7967982068658,336,,122.32175433944741,,0.2990729599879989,LatentFlow,0.4596136400510841,,3175.0,,,False,,0.6779481101464065,42,True,,,1327.2610969164816,fixed_inducing
single seed 42; same train/validation/test windows; validation-MSE checkpoint selection,,8-16-32,{},10,extension,0.408647038275468,,,2,Traffic,1951.9948570219567,720,,130.57021797430934,,0.3184272397898763,LatentFlow,0.4915687971139049,,2791.0,,,False,,0.7011196738887769,42,True,,,1432.44415443437,fixed_inducing
single seed 42; same train/validation/test windows; validation-MSE checkpoint selection,,8-16-32,{},10,extension,0.3695817174417329,,,2,Traffic,1750.2428446747363,96,,115.66785760792278,,0.2924952716858515,LatentFlow,0.43127199222633605,,3415.0,,,False,,0.6567130212096727,42,True,,,1271.3605614786502,fixed_inducing
single seed 42; same train/validation/test windows; validation-MSE checkpoint selection,,8-16-32,{},3,extension,0.4735937113799746,,,2,Weather,352.5823200768791,192,,77.79360708253559,,0.2555407784249221,LatentFlow,0.21383451046762791,,10349.0,,,False,,0.46242243724502374,42,True,,,230.5590714146092,fixed_inducing
single seed 42; same train/validation/test windows; validation-MSE checkpoint selection,,8-16-32,{},4,extension,0.5450532117398147,,,2,Weather,357.78327755164355,336,,79.62545480303841,,0.29879517455570925,LatentFlow,0.2728076707118712,,10205.0,,,False,,0.5223099374048623,42,True,,,234.1089447891136,fixed_inducing
single seed 42; same train/validation/test windows; validation-MSE checkpoint selection,,8-16-32,{},7,extension,0.7079845751404131,,,2,Weather,350.672806572984,720,,75.19531276811666,,0.35176188856696405,LatentFlow,0.35398922746079675,,9821.0,,,False,,0.5949699382832688,42,True,,,232.14505811406525,fixed_inducing
single seed 42; same train/validation/test windows; validation-MSE checkpoint selection,,8-16-32,{},8,extension,0.4471779044658419,,,2,Weather,348.90797834889963,96,,73.23167365353366,,0.21438779912889175,LatentFlow,0.1688808020727149,,10445.0,,,False,,0.4109510945023932,42,True,,,229.6338879608811,fixed_inducing
single seed 42; same train/validation/test windows; validation-MSE checkpoint selection,,16-32-48,{},2,extension,1.0990418914764646,,,2,ETTh1,134.54539970995393,192,,28.303504660084265,,0.4409975145678377,LatentFlow,0.4525289302799514,,2689.0,,,False,,0.6727027057177274,42,True,,,96.02892906950729,learned_inducing_elbo
single seed 42; same train/validation/test windows; validation-MSE checkpoint selection,,16-32-48,{},0,reference,1.3696614495750998,,,2,ETTh1,125.43172053806484,336,,7.256368841221438,,0.45415585197978037,LatentFlow,0.4817180077371921,,2545.0,,,False,,0.6940590808693393,42,True,,,91.77609766484238,learned_inducing_elbo
single seed 42; same train/validation/test windows; validation-MSE checkpoint selection,,16-32-48,{},0,reference,1.7749115292988127,,,2,ETTh1,132.76103943696944,720,,7.945114979086054,,0.4786009474572534,LatentFlow,0.49215886750318655,,2161.0,,,False,,0.701540353438907,42,True,,,97.35849449925809,learned_inducing_elbo
single seed 42; same train/validation/test windows; validation-MSE checkpoint selection,,16-32-48,{},0,reference,0.8182634995097205,,,2,ETTh1,130.58898268826306,96,,7.605925417704389,,0.4114095289177025,LatentFlow,0.4032240676423306,,2785.0,,,False,,0.6349992658596785,42,True,,,95.59662259416655,learned_inducing_elbo
single seed 42; same train/validation/test windows; validation-MSE checkpoint selection,,16-32-48,{},1,extension,0.30087388224071926,,,2,ETTh2,145.3508487539366,192,,31.41843510267442,,0.39311279891078493,LatentFlow,0.37081943084955127,,2689.0,,,False,,0.6089494485173226,42,True,,,103.7418015388539,learned_inducing_elbo
single seed 42; same train/validation/test windows; validation-MSE checkpoint selection,,16-32-48,{},4,extension,0.37004399705095353,,,2,ETTh2,138.322404186707,336,,28.74037966462253,,0.4434199152953444,LatentFlow,0.44932935339053814,,2545.0,,,False,,0.6703203363993503,42,True,,,99.01058472823934,learned_inducing_elbo
single seed 42; same train/validation/test windows; validation-MSE checkpoint selection,,16-32-48,{},0,reference,0.47616924457449133,,,2,ETTh2,135.83927494008094,720,,8.125591585273618,,0.43879702215362193,LatentFlow,0.4136213828137338,,2161.0,,,False,,0.6431340317645566,42,True,,,99.67238829449343,learned_inducing_elbo
single seed 42; same train/validation/test windows; validation-MSE checkpoint selection,,16-32-48,{},0,reference,0.2349353905708071,,,2,ETTh2,137.02422048698645,96,,7.947448719120612,,0.34268046750302417,LatentFlow,0.2934846773242975,,2785.0,,,False,,0.5417422609731471,42,True,,,100.46767076009928,learned_inducing_elbo
single seed 42; same train/validation/test windows; validation-MSE checkpoint selection,,8-24-48,{},4,extension,0.5461171468098959,,,2,ETTm1,153.71774483798072,192,,30.092355542285354,,0.4073597202219491,LatentFlow,0.4003563701581103,,11329.0,,,False,,0.6327372046577555,42,True,,,97.8991605075862,learned_inducing_elbo
single seed 42; same train/validation/test windows; validation-MSE checkpoint selection,,8-24-48,{},4,extension,0.7094034953993194,,,2,ETTm1,152.03424320090562,336,,28.149748046917143,,0.4269539918080222,LatentFlow,0.4384651244752653,,11185.0,,,False,,0.6621669913815286,42,True,,,97.83363835085765,learned_inducing_elbo
single seed 42; same train/validation/test windows; validation-MSE checkpoint selection,,8-24-48,{},2,extension,1.0803444660529888,,,2,ETTm1,152.16206027503358,720,,28.33258749104315,,0.4759037422673069,LatentFlow,0.5105274159565875,,10801.0,,,False,,0.7145120124648623,42,True,,,98.29134646720377,learned_inducing_elbo
single seed 42; same train/validation/test windows; validation-MSE checkpoint selection,,8-24-48,{},0,reference,0.42316985556057524,,,2,ETTm1,133.47759840125218,96,,7.495029547955804,,0.3788299991861661,LatentFlow,0.34608704034718446,,11425.0,,,False,,0.5882916286563871,42,True,,,94.55204213809338,learned_inducing_elbo
single seed 42; same train/validation/test windows; validation-MSE checkpoint selection,,8-16-32,{},1,extension,0.16101409554008453,,,2,ETTm2,158.99535696599924,192,,29.573533870843754,,0.3002197764218659,LatentFlow,0.24072456546462104,,11329.0,,,False,,0.49063689778146635,42,True,,,102.08717840233703,learned_inducing_elbo
single seed 42; same train/validation/test windows; validation-MSE checkpoint selection,,8-16-32,{},0,reference,0.2224648342110943,,,2,ETTm2,139.6680834670551,336,,7.905655653271984,,0.34600727935710557,LatentFlow,0.3080357600960941,,11185.0,,,False,,0.5550096936956094,42,True,,,99.03359604795696,learned_inducing_elbo
single seed 42; same train/validation/test windows; validation-MSE checkpoint selection,,8-16-32,{},5,extension,0.33289157700917077,,,2,ETTm2,145.9204343459569,720,,27.892638166443355,,0.4152626898515971,LatentFlow,0.4278253215877849,,10801.0,,,False,,0.6540835738556541,42,True,,,93.7345736194402,learned_inducing_elbo
single seed 42; same train/validation/test windows; validation-MSE checkpoint selection,,8-16-32,{},3,extension,0.1251288042182014,,,2,ETTm2,157.68579096719623,96,,30.502881231713847,,0.25746605123941435,LatentFlow,0.17288749592769043,,11425.0,,,False,,0.41579742174247597,42,True,,,100.58986424155592,learned_inducing_elbo
single seed 42; same train/validation/test windows; validation-MSE checkpoint selection,,8-16-32,{},10,extension,0.1418951719266892,,,2,Electricity,661.5456709251739,192,,37.722191166082666,,0.2604008915275012,LatentFlow,0.16688492895600118,,5071.0,,,False,,0.4085155186232234,42,True,,,462.26491349698335,learned_inducing_elbo
single seed 42; same train/validation/test windows; validation-MSE checkpoint selection,,8-16-32,{},10,extension,0.1592374528685787,,,2,Electricity,710.0771147171035,336,,40.12437078125048,,0.2810120543513635,LatentFlow,0.1869001169673284,,4927.0,,,False,,0.43231946170318125,42,True,,,498.2082698279555,learned_inducing_elbo
single seed 42; same train/validation/test windows; validation-MSE checkpoint selection,,8-16-32,{},10,extension,0.19681422967625775,,,2,Electricity,698.5090245269239,720,,40.266937771286464,,0.3037555465528683,LatentFlow,0.2121260709201918,,4543.0,,,False,,0.4605714612524226,42,True,,,493.04097732601804,learned_inducing_elbo
single seed 42; same train/validation/test windows; validation-MSE checkpoint selection,,8-16-32,{},10,extension,0.13244368898781908,,,2,Electricity,655.3448961619288,96,,37.263783608841194,,0.24873539138054035,LatentFlow,0.1535204515359634,,5167.0,,,False,,0.39181685968825203,42,True,,,457.3560188476222,learned_inducing_elbo
single seed 42; same train/validation/test windows; validation-MSE checkpoint selection,,8-16-32,{},10,extension,0.3698530873246769,,,2,Traffic,1309.6223400952294,192,,87.61963977226493,,0.29917886296907253,LatentFlow,0.45061392495766345,,3319.0,,,False,,0.6712778299315891,42,True,,,947.4971584950254,learned_inducing_elbo
single seed 42; same train/validation/test windows; validation-MSE checkpoint selection,,8-16-32,{},9,extension,0.38192771600016534,,,2,Traffic,1356.8618027702905,336,,90.37579026783469,,0.2994831926144455,LatentFlow,0.4592859938625892,,3175.0,,,False,,0.677706421588721,42,True,,,985.0026976102527,learned_inducing_elbo
single seed 42; same train/validation/test windows; validation-MSE checkpoint selection,,8-16-32,{},9,extension,0.40738886883755243,,,2,Traffic,1481.5893342950149,720,,99.49337461533095,,0.3190641741222454,LatentFlow,0.4976920690243559,,2791.0,,,False,,0.7054729399660599,42,True,,,1082.1787571952882,learned_inducing_elbo
single seed 42; same train/validation/test windows; validation-MSE checkpoint selection,,8-16-32,{},10,extension,0.3703490727093454,,,2,Traffic,1285.6486693741754,96,,85.80804967098463,,0.29030939329928834,LatentFlow,0.42760424963011956,,3415.0,,,False,,0.6539145583561506,42,True,,,928.297180357913,learned_inducing_elbo
single seed 42; same train/validation/test windows; validation-MSE checkpoint selection,,8-16-32,{},4,extension,0.4740000884368937,,,2,Weather,231.58546070999,192,,43.58532446682049,,0.2557776622276852,LatentFlow,0.21411726822439497,,10349.0,,,False,,0.46272807157594725,42,True,,,153.25606035867168,learned_inducing_elbo
single seed 42; same train/validation/test windows; validation-MSE checkpoint selection,,8-16-32,{},3,extension,0.544900884253458,,,2,Weather,239.1739424560219,336,,45.88734272738579,,0.29869056685071954,LatentFlow,0.2724531746624141,,10205.0,,,False,,0.5219704729794724,42,True,,,158.11362443782855,learned_inducing_elbo
single seed 42; same train/validation/test windows; validation-MSE checkpoint selection,,8-16-32,{},2,extension,0.7092514455213328,,,2,Weather,237.60452315799193,720,,45.64382945239891,,0.34967532176972266,LatentFlow,0.3511769740361608,,9821.0,,,False,,0.5926018680667154,42,True,,,157.75184083126987,learned_inducing_elbo
single seed 42; same train/validation/test windows; validation-MSE checkpoint selection,,8-16-32,{},4,extension,0.4462579163924727,,,2,Weather,232.04548176936805,96,,43.71647464652215,,0.2162593838625197,LatentFlow,0.16918246674233492,,10445.0,,,False,,0.4113179630679104,42,True,,,153.3264559970121,learned_inducing_elbo
single seed 42; same train/validation/test windows; validation-MSE checkpoint selection,,16-32-48,{},2,backbone,1.02498875026192,,,,ETTh1,1.4034736679168418,192,,6.182220016472309,,0.4359484592005332,LatentFlow,0.4454155189162745,,2689.0,,,False,,0.6673945751324882,42,True,,,,linear_field_bank
single seed 42; same train/validation/test windows; validation-MSE checkpoint selection,,16-32-48,{},2,backbone,1.2844313245241334,,,,ETTh1,1.395024176221341,336,,6.429026563522182,,0.45415585197978037,LatentFlow,0.4817180077371921,,2545.0,,,False,,0.6940590808693393,42,True,,,,linear_field_bank
single seed 42; same train/validation/test windows; validation-MSE checkpoint selection,,16-32-48,{},1,backbone,1.5587910417526487,,,,ETTh1,1.323685998970177,720,,6.842085974353519,,0.4786009474572534,LatentFlow,0.49215886750318655,,2161.0,,,False,,0.701540353438907,42,True,,,,linear_field_bank
single seed 42; same train/validation/test windows; validation-MSE checkpoint selection,,16-32-48,{},3,backbone,0.7638911305084115,,,,ETTh1,1.513217568397522,96,,6.5964670647258705,,0.4114095289177025,LatentFlow,0.4032240676423306,,2785.0,,,False,,0.6349992658596785,42,True,,,,linear_field_bank
single seed 42; same train/validation/test windows; validation-MSE checkpoint selection,,16-32-48,{},4,backbone,0.2718099478987001,,,,ETTh2,1.4544960800558329,192,,6.461318635275799,,0.3902497946414888,LatentFlow,0.36935875294162884,,2689.0,,,False,,0.6077489226165924,42,True,,,,linear_field_bank
single seed 42; same train/validation/test windows; validation-MSE checkpoint selection,,16-32-48,{},4,backbone,0.3575856243672014,,,,ETTh2,1.34467927319929,336,,6.3048000535868765,,0.42654472275517485,LatentFlow,0.41643647069421075,,2545.0,,,False,,0.6453188906999475,42,True,,,,linear_field_bank
single seed 42; same train/validation/test windows; validation-MSE checkpoint selection,,16-32-48,{},4,backbone,0.6150716898933289,,,,ETTh2,1.2934901737608016,720,,6.807404052493955,,0.43879702215362193,LatentFlow,0.4136213828137338,,2161.0,,,False,,0.6431340317645566,42,True,,,,linear_field_bank
single seed 42; same train/validation/test windows; validation-MSE checkpoint selection,,16-32-48,{},3,backbone,0.21927327236958913,,,,ETTh2,1.5059504249366,96,,6.49027908665015,,0.34268046750302417,LatentFlow,0.2934846773242975,,2785.0,,,False,,0.5417422609731471,42,True,,,,linear_field_bank
single seed 42; same train/validation/test windows; validation-MSE checkpoint selection,,8-24-48,{},4,backbone,0.5140912607312202,,,,ETTm1,4.944990334101021,192,,6.228974831318206,,0.399763873331066,LatentFlow,0.38498163545956293,,11329.0,,,False,,0.6204688835546573,42,True,,,,linear_field_bank
single seed 42; same train/validation/test windows; validation-MSE checkpoint selection,,8-24-48,{},4,backbone,0.6585757776993473,,,,ETTm1,5.194973140023649,336,,6.603457747470257,,0.4212892901389582,LatentFlow,0.4229558263398904,,11185.0,,,False,,0.6503505411237007,42,True,,,,linear_field_bank
single seed 42; same train/validation/test windows; validation-MSE checkpoint selection,,8-24-48,{},9,backbone,0.9880736854341295,,,,ETTm1,4.947788643010426,720,,6.484232311021642,,0.479489364208168,LatentFlow,0.5139667242193918,,10801.0,,,False,,0.7169147259049655,42,True,,,,linear_field_bank
single seed 42; same train/validation/test windows; validation-MSE checkpoint selection,,8-24-48,{},2,backbone,0.39560971763871966,,,,ETTm1,4.77993033407256,96,,5.991732468502009,,0.3788299991861661,LatentFlow,0.34608704034718446,,11425.0,,,False,,0.5882916286563871,42,True,,,,linear_field_bank
single seed 42; same train/validation/test windows; validation-MSE checkpoint selection,,8-16-32,{},3,backbone,0.1685883045373928,,,,ETTm2,5.051390441003605,192,,6.38085334781423,,0.3007856170117437,LatentFlow,0.24118935215299755,,11329.0,,,False,,0.4911103258464411,42,True,,,,linear_field_bank
single seed 42; same train/validation/test windows; validation-MSE checkpoint selection,,8-16-32,{},4,backbone,0.21736542302734999,,,,ETTm2,4.9590842868201435,336,,6.343536429176571,,0.34600727935710557,LatentFlow,0.3080357600960941,,11185.0,,,False,,0.5550096936956094,42,True,,,,linear_field_bank
single seed 42; same train/validation/test windows; validation-MSE checkpoint selection,,8-16-32,{},3,backbone,0.3068215714560615,,,,ETTm2,4.954220606945455,720,,6.5301415767487505,,0.4080426387217376,LatentFlow,0.4151268912819473,,10801.0,,,False,,0.6443034155442195,42,True,,,,linear_field_bank
single seed 42; same train/validation/test windows; validation-MSE checkpoint selection,,8-16-32,{},5,backbone,0.13055537162082537,,,,ETTm2,4.912535000126809,96,,6.158962832087178,,0.25868614344245583,LatentFlow,0.17370339504912508,,11425.0,,,False,,0.41677739267998337,42,True,,,,linear_field_bank
single seed 42; same train/validation/test windows; validation-MSE checkpoint selection,,8-16-32,{},10,backbone,0.15258229905323573,,,,Electricity,9.252909902948886,192,,6.570015937210565,,0.26660545980262707,LatentFlow,0.17576380106547018,,5071.0,,,False,,0.4192419361961184,42,True,,,,linear_field_bank
single seed 42; same train/validation/test windows; validation-MSE checkpoint selection,,8-16-32,{},10,backbone,0.16984642522834809,,,,Electricity,8.378266037907451,336,,6.08313692188481,,0.2852614630619167,LatentFlow,0.19472323194298286,,4927.0,,,False,,0.4412745539264448,42,True,,,,linear_field_bank
single seed 42; same train/validation/test windows; validation-MSE checkpoint selection,,8-16-32,{},10,backbone,0.20415623639437847,,,,Electricity,8.572275033220649,720,,6.736400430016811,,0.3171761386624937,LatentFlow,0.23362635671988644,,4543.0,,,False,,0.4833491043954529,42,True,,,,linear_field_bank
single seed 42; same train/validation/test windows; validation-MSE checkpoint selection,,8-16-32,{},10,backbone,0.14175475188381081,,,,Electricity,9.217474799021147,96,,6.425136973171733,,0.25528010939529894,LatentFlow,0.1629560981359871,,5167.0,,,False,,0.4036782111236462,42,True,,,,linear_field_bank
single seed 42; same train/validation/test windows; validation-MSE checkpoint selection,,8-16-32,{},10,backbone,0.39564211942019245,,,,Traffic,8.884756854735315,192,,6.579814250423497,,0.30903464282904125,LatentFlow,0.46258079488073733,,3319.0,,,False,,0.6801329244204675,42,True,,,,linear_field_bank
single seed 42; same train/validation/test windows; validation-MSE checkpoint selection,,8-16-32,{},10,backbone,0.4048348476235846,,,,Traffic,9.04854142991826,336,,6.358530801001259,,0.31004021560593426,LatentFlow,0.46936524077227076,,3175.0,,,False,,0.6851023578796608,42,True,,,,linear_field_bank
single seed 42; same train/validation/test windows; validation-MSE checkpoint selection,,8-16-32,{},10,backbone,0.4529679214072369,,,,Traffic,9.025679466023576,720,,6.629928356807962,,0.32889101650072566,LatentFlow,0.5047611731701186,,2791.0,,,False,,0.7104654623344604,42,True,,,,linear_field_bank
single seed 42; same train/validation/test windows; validation-MSE checkpoint selection,,8-16-32,{},10,backbone,0.40107795644525585,,,,Traffic,8.823797214776278,96,,6.07908717159864,,0.30567942414674226,LatentFlow,0.4450950661287888,,3415.0,,,False,,0.6671544544772139,42,True,,,,linear_field_bank
single seed 42; same train/validation/test windows; validation-MSE checkpoint selection,,8-16-32,{},7,backbone,0.48585023104198394,,,,Weather,4.8014723610831425,192,,6.586706808898165,,0.25844894718644396,LatentFlow,0.21760237948327663,,10349.0,,,False,,0.4664787020682473,42,True,,,,linear_field_bank
single seed 42; same train/validation/test windows; validation-MSE checkpoint selection,,8-16-32,{},8,backbone,0.5627803568667025,,,,Weather,4.715198609977961,336,,6.52098711711829,,0.3007526241041084,LatentFlow,0.2751499827851865,,10205.0,,,False,,0.5245474075669295,42,True,,,,linear_field_bank
single seed 42; same train/validation/test windows; validation-MSE checkpoint selection,,8-16-32,{},9,backbone,0.6967651412600563,,,,Weather,4.598612856992986,720,,6.536056699320291,,0.3506985500528912,LatentFlow,0.35200429896336977,,9821.0,,,False,,0.5932995019072321,42,True,,,,linear_field_bank
single seed 42; same train/validation/test windows; validation-MSE checkpoint selection,,8-16-32,{},8,backbone,0.43736512107508524,,,,Weather,4.725291674956679,96,,6.417717406963972,,0.2174296580154658,LatentFlow,0.17154243425354204,,10445.0,,,False,,0.4141768152052237,42,True,,,,linear_field_bank
single seed 42; same train/validation/test windows; validation-MSE checkpoint selection,,16-32-48,{},2,extension,1.0983070962958865,,,2,ETTh1,133.3229287690483,192,,29.28568206415205,,0.44068912084297396,LatentFlow,0.4520825750821161,,2689.0,,,False,,0.6723708612678839,42,True,,,94.79566369263921,multi_stochastic
single seed 42; same train/validation/test windows; validation-MSE checkpoint selection,,16-32-48,{},0,reference,1.3696614495750998,,,2,ETTh1,124.99711665092036,336,,7.466957886715101,,0.45415585197978037,LatentFlow,0.4817180077371921,,2545.0,,,False,,0.6940590808693393,42,True,,,91.35110648276168,multi_stochastic
single seed 42; same train/validation/test windows; validation-MSE checkpoint selection,,16-32-48,{},0,reference,1.7749115292988127,,,2,ETTh1,133.80619219364598,720,,8.330203589302167,,0.4786009474572534,LatentFlow,0.49215886750318655,,2161.0,,,False,,0.701540353438907,42,True,,,98.0258459727338,multi_stochastic
single seed 42; same train/validation/test windows; validation-MSE checkpoint selection,,16-32-48,{},0,reference,0.8182634995097205,,,2,ETTh1,131.226561028976,96,,7.859345873403282,,0.4114095289177025,LatentFlow,0.4032240676423306,,2785.0,,,False,,0.6349992658596785,42,True,,,95.89483231247868,multi_stochastic
single seed 42; same train/validation/test windows; validation-MSE checkpoint selection,,16-32-48,{},1,extension,0.300725308912141,,,2,ETTh2,134.4369322140701,192,,29.085193473488808,,0.39315801782376153,LatentFlow,0.3709725603530139,,2689.0,,,False,,0.6090751680646764,42,True,,,95.81984939286485,multi_stochastic
single seed 42; same train/validation/test windows; validation-MSE checkpoint selection,,16-32-48,{},4,extension,0.3657784064610799,,,2,ETTh2,144.7278887317516,336,,30.454147356574104,,0.4413419982682568,LatentFlow,0.44216895786817306,,2545.0,,,False,,0.6649578617237133,42,True,,,103.66445438448864,multi_stochastic
single seed 42; same train/validation/test windows; validation-MSE checkpoint selection,,16-32-48,{},0,reference,0.47616924457449133,,,2,ETTh2,132.3653240709682,720,,7.969424976018577,,0.43879702215362193,LatentFlow,0.4136213828137338,,2161.0,,,False,,0.6431340317645566,42,True,,,96.99267143905672,multi_stochastic
single seed 42; same train/validation/test windows; validation-MSE checkpoint selection,,16-32-48,{},0,reference,0.2349353905708071,,,2,ETTh2,126.80030652787536,96,,7.615444290780091,,0.34268046750302417,LatentFlow,0.2934846773242975,,2785.0,,,False,,0.5417422609731471,42,True,,,92.60657283521141,multi_stochastic
single seed 42; same train/validation/test windows; validation-MSE checkpoint selection,,8-24-48,{},1,extension,0.5464091137761161,,,2,ETTm1,156.71942367700103,192,,29.871687163896706,,0.39797595434077127,LatentFlow,0.3808712753409517,,11329.0,,,False,,0.6171476932963063,42,True,,,100.18345962733974,multi_stochastic
single seed 42; same train/validation/test windows; validation-MSE checkpoint selection,,8-24-48,{},4,extension,0.7117490498116767,,,2,ETTm1,158.7237335802056,336,,30.22062556716723,,0.43186453068487557,LatentFlow,0.4508201326625317,,11185.0,,,False,,0.671431405776146,42,True,,,101.57406824437203,multi_stochastic
single seed 42; same train/validation/test windows; validation-MSE checkpoint selection,,8-24-48,{},1,extension,1.0817469511082562,,,2,ETTm1,161.57241829903796,720,,31.649409726991674,,0.4764622547678761,LatentFlow,0.5080564091810954,,10801.0,,,False,,0.7127807581445331,42,True,,,103.64386715773435,multi_stochastic
single seed 42; same train/validation/test windows; validation-MSE checkpoint selection,,8-24-48,{},0,reference,0.42316985556057524,,,2,ETTm1,133.53221915382892,96,,7.98361819253145,,0.3788299991861661,LatentFlow,0.34608704034718446,,11425.0,,,False,,0.5882916286563871,42,True,,,94.35379236965673,multi_stochastic
single seed 42; same train/validation/test windows; validation-MSE checkpoint selection,,8-16-32,{},1,extension,0.16095510042375988,,,2,ETTm2,151.87052499095444,192,,29.777060358691564,,0.3002293794005972,LatentFlow,0.24075107833536616,,11329.0,,,False,,0.49066391586845487,42,True,,,96.49799080780213,multi_stochastic
single seed 42; same train/validation/test windows; validation-MSE checkpoint selection,,8-16-32,{},0,reference,0.2224648342110943,,,2,ETTm2,142.65907685365528,336,,8.064116842318914,,0.34600727935710557,LatentFlow,0.3080357600960941,,11185.0,,,False,,0.5550096936956094,42,True,,,101.15321856865194,multi_stochastic
single seed 42; same train/validation/test windows; validation-MSE checkpoint selection,,8-16-32,{},5,extension,0.3341121128627232,,,2,ETTm2,157.04136000399012,720,,30.22428204691333,,0.4193452326058117,LatentFlow,0.43456215648156193,,10801.0,,,False,,0.6592132860323447,42,True,,,100.73012465391002,multi_stochastic
single seed 42; same train/validation/test windows; validation-MSE checkpoint selection,,8-16-32,{},3,extension,0.124718168070392,,,2,ETTm2,148.266572361812,96,,28.088099857450032,,0.2570297473980211,LatentFlow,0.17252137900665798,,11425.0,,,False,,0.4153569296480534,42,True,,,94.58279940008651,multi_stochastic
single seed 42; same train/validation/test windows; validation-MSE checkpoint selection,,8-16-32,{},10,extension,0.14085281130433205,,,2,Electricity,643.1583511889912,192,,36.977185230293145,,0.25967518959361646,LatentFlow,0.16574466253513973,,5071.0,,,False,,0.4071175045796235,42,True,,,449.13683208069415,multi_stochastic
single seed 42; same train/validation/test windows; validation-MSE checkpoint selection,,8-16-32,{},10,extension,0.1585782756144266,,,2,Electricity,694.2082611499354,336,,40.745306849797686,,0.2810912019306888,LatentFlow,0.18707226449345102,,4927.0,,,False,,0.4325185134690202,42,True,,,485.63440614234423,multi_stochastic
single seed 42; same train/validation/test windows; validation-MSE checkpoint selection,,8-16-32,{},9,extension,0.19299491331268379,,,2,Electricity,696.2639662069851,720,,41.5737663925526,,0.3120329756430362,LatentFlow,0.21586399573748039,,4543.0,,,False,,0.4646116612155579,42,True,,,489.8361197367194,multi_stochastic
single seed 42; same train/validation/test windows; validation-MSE checkpoint selection,,8-16-32,{},10,extension,0.13195505819753117,,,2,Electricity,666.5429218481295,96,,38.447285613203924,,0.24840780258798545,LatentFlow,0.15286196224518936,,5167.0,,,False,,0.3909756542870532,42,True,,,464.0198623928882,multi_stochastic
single seed 42; same train/validation/test windows; validation-MSE checkpoint selection,,8-16-32,{},10,extension,0.36899847061125757,,,2,Traffic,1323.934120320002,192,,88.15269076569017,,0.2978022786537069,LatentFlow,0.4500437484192377,,3319.0,,,False,,0.6708530006038862,42,True,,,957.8378229664053,multi_stochastic
single seed 42; same train/validation/test windows; validation-MSE checkpoint selection,,8-16-32,{},9,extension,0.37919411304330436,,,2,Traffic,1348.5319906449877,336,,89.75445104979279,,0.29808936300487093,LatentFlow,0.46030355207873885,,3175.0,,,False,,0.6784567429679941,42,True,,,978.809290413119,multi_stochastic
single seed 42; same train/validation/test windows; validation-MSE checkpoint selection,,8-16-32,{},9,extension,0.40766878205906065,,,2,Traffic,1478.4173460388556,720,,99.01976734720941,,0.31881640696693253,LatentFlow,0.4964098193209372,,2791.0,,,False,,0.7045635665580056,42,True,,,1080.05914611349,multi_stochastic
single seed 42; same train/validation/test windows; validation-MSE checkpoint selection,,8-16-32,{},10,extension,0.36852055844894294,,,2,Traffic,1272.9581004446372,96,,85.67924065922033,,0.2914686523806841,LatentFlow,0.4285774928455813,,3415.0,,,False,,0.6546583023574827,42,True,,,918.8927850744221,multi_stochastic
single seed 42; same train/validation/test windows; validation-MSE checkpoint selection,,8-16-32,{},2,extension,0.4744071980948171,,,2,Weather,224.6254768478684,192,,44.18284080691578,,0.2562503442025506,LatentFlow,0.2150721902408196,,10349.0,,,False,,0.463758762980086,42,True,,,147.34253912174609,multi_stochastic
single seed 42; same train/validation/test windows; validation-MSE checkpoint selection,,8-16-32,{},3,extension,0.5443164597653297,,,2,Weather,229.8130283006467,336,,44.73579075530101,,0.29853994593937067,LatentFlow,0.2725333395124647,,10205.0,,,False,,0.522047257930223,42,True,,,151.42243160553335,multi_stochastic
single seed 42; same train/validation/test windows; validation-MSE checkpoint selection,,8-16-32,{},2,extension,0.708755419830376,,,2,Weather,240.89286237535998,720,,47.24554269303708,,0.34948736807147374,LatentFlow,0.3509049983897235,,9821.0,,,False,,0.5923723477591805,42,True,,,159.68462166638346,multi_stochastic
single seed 42; same train/validation/test windows; validation-MSE checkpoint selection,,8-16-32,{},4,extension,0.4455548138530166,,,2,Weather,211.3275698539801,96,,40.875666943799345,,0.21514528502608693,LatentFlow,0.16835762171520047,,10445.0,,,False,,0.4103140525441463,42,True,,,138.60711862271273,multi_stochastic
single seed 42; same train/validation/test windows; validation-MSE checkpoint selection,,16-32-48,"{'use_adaptive_radius': False, 'use_component_gate': False, 'use_linear_field': False}",3,backbone,1.0412324074478376,,,,ETTh1,29.264111223004875,192,,4.217685981981964,,0.4454388717688927,LatentFlow,0.4579659170666091,,2689.0,,,False,,0.676731791086106,42,True,,,,multiscale_field
single seed 42; same train/validation/test windows; validation-MSE checkpoint selection,,16-32-48,"{'use_adaptive_radius': False, 'use_component_gate': False, 'use_linear_field': False}",3,backbone,1.3125471488959124,,,,ETTh1,28.17356420820579,336,,4.20705764554441,,0.46224795901628624,LatentFlow,0.4972874132774311,,2545.0,,,False,,0.7051860841490217,42,True,,,,multiscale_field
single seed 42; same train/validation/test windows; validation-MSE checkpoint selection,,16-32-48,"{'use_adaptive_radius': False, 'use_component_gate': False, 'use_linear_field': False}",1,backbone,1.5807351619478256,,,,ETTh1,27.6528713949956,720,,3.9704368178690994,,0.4818469199098386,LatentFlow,0.4974668869292364,,2161.0,,,False,,0.7053133253591884,42,True,,,,multiscale_field
single seed 42; same train/validation/test windows; validation-MSE checkpoint selection,,16-32-48,"{'use_adaptive_radius': False, 'use_component_gate': False, 'use_linear_field': False}",4,backbone,0.7776435595892724,,,,ETTh1,28.4622895848006,96,,4.086535359393655,,0.4261212321135736,LatentFlow,0.4208665175958506,,2785.0,,,False,,0.6487422582165051,42,True,,,,multiscale_field
single seed 42; same train/validation/test windows; validation-MSE checkpoint selection,,16-32-48,"{'use_adaptive_radius': False, 'use_component_gate': False, 'use_linear_field': False}",3,backbone,0.2877071702054569,,,,ETTh2,28.446207146975212,192,,4.004957012882356,,0.40610884356860555,LatentFlow,0.3823892001983778,,2689.0,,,False,,0.6183762610242876,42,True,,,,multiscale_field
single seed 42; same train/validation/test windows; validation-MSE checkpoint selection,,16-32-48,"{'use_adaptive_radius': False, 'use_component_gate': False, 'use_linear_field': False}",4,backbone,0.37140948046632366,,,,ETTh2,28.577432557940483,336,,3.8503526586190433,,0.4294647592031387,LatentFlow,0.41735495468198175,,2545.0,,,False,,0.6460301499790716,42,True,,,,multiscale_field
single seed 42; same train/validation/test windows; validation-MSE checkpoint selection,,16-32-48,"{'use_adaptive_radius': False, 'use_component_gate': False, 'use_linear_field': False}",3,backbone,0.6198783437410991,,,,ETTh2,28.665876451996155,720,,4.246381336889132,,0.44378031962396475,LatentFlow,0.4252709483839057,,2161.0,,,False,,0.6521280153343404,42,True,,,,multiscale_field
single seed 42; same train/validation/test windows; validation-MSE checkpoint selection,,16-32-48,"{'use_adaptive_radius': False, 'use_component_gate': False, 'use_linear_field': False}",2,backbone,0.24291551955753848,,,,ETTh2,30.140224315226078,96,,4.148348304577645,,0.3694821857189209,LatentFlow,0.32474607522848215,,2785.0,,,False,,0.5698649622748201,42,True,,,,multiscale_field
single seed 42; same train/validation/test windows; validation-MSE checkpoint selection,,8-24-48,"{'use_adaptive_radius': False, 'use_component_gate': False, 'use_linear_field': False}",4,backbone,0.5255669126553195,,,,ETTm1,30.332775158341974,192,,3.937779135390842,,0.40523741845542754,LatentFlow,0.3967481745706477,,11329.0,,,False,,0.6298794921019796,42,True,,,,multiscale_field
single seed 42; same train/validation/test windows; validation-MSE checkpoint selection,,8-24-48,"{'use_adaptive_radius': False, 'use_component_gate': False, 'use_linear_field': False}",4,backbone,0.6561826351954012,,,,ETTm1,31.810847223736346,336,,3.971483553746411,,0.42065949349591036,LatentFlow,0.42488260878220363,,11185.0,,,False,,0.6518301993481153,42,True,,,,multiscale_field
single seed 42; same train/validation/test windows; validation-MSE checkpoint selection,,8-24-48,"{'use_adaptive_radius': False, 'use_component_gate': False, 'use_linear_field': False}",4,backbone,0.9909831981810312,,,,ETTm1,31.69882704084739,720,,4.202027651771505,,0.4579080255049213,LatentFlow,0.4959508926289549,,10801.0,,,False,,0.7042378097127099,42,True,,,,multiscale_field
single seed 42; same train/validation/test windows; validation-MSE checkpoint selection,,8-24-48,"{'use_adaptive_radius': False, 'use_component_gate': False, 'use_linear_field': False}",4,backbone,0.4052001138528188,,,,ETTm1,31.307579426909797,96,,3.9595716388316156,,0.39102950676960463,LatentFlow,0.36314858610386325,,11425.0,,,False,,0.6026181096713434,42,True,,,,multiscale_field
single seed 42; same train/validation/test windows; validation-MSE checkpoint selection,,8-16-32,"{'use_adaptive_radius': False, 'use_component_gate': False, 'use_linear_field': False}",3,backbone,0.17680245903985842,,,,ETTm2,30.77738462202251,192,,4.003243889037884,,0.3102728540789569,LatentFlow,0.2501356861856095,,11329.0,,,False,,0.500135667779863,42,True,,,,multiscale_field
single seed 42; same train/validation/test windows; validation-MSE checkpoint selection,,8-16-32,"{'use_adaptive_radius': False, 'use_component_gate': False, 'use_linear_field': False}",4,backbone,0.21996116334078264,,,,ETTm2,30.388193243183196,336,,3.8546123475177922,,0.3508267614488581,LatentFlow,0.3166844741705609,,11185.0,,,False,,0.5627472560311253,42,True,,,,multiscale_field
single seed 42; same train/validation/test windows; validation-MSE checkpoint selection,,8-16-32,"{'use_adaptive_radius': False, 'use_component_gate': False, 'use_linear_field': False}",3,backbone,0.29911661961721997,,,,ETTm2,31.063105411012657,720,,4.019920745721496,,0.406474553580183,LatentFlow,0.4158851246237999,,10801.0,,,False,,0.6448915603601895,42,True,,,,multiscale_field
single seed 42; same train/validation/test windows; validation-MSE checkpoint selection,,8-16-32,"{'use_adaptive_radius': False, 'use_component_gate': False, 'use_linear_field': False}",5,backbone,0.13278953837496893,,,,ETTm2,31.29853209713474,96,,4.012756071185372,,0.26527817139740323,LatentFlow,0.18201707941275705,,11425.0,,,False,,0.4266345970649322,42,True,,,,multiscale_field
single seed 42; same train/validation/test windows; validation-MSE checkpoint selection,,8-16-32,"{'use_adaptive_radius': False, 'use_component_gate': False, 'use_linear_field': False}",10,backbone,0.1593335448519587,,,,Electricity,64.57194133393932,192,,3.5927755300964908,,0.27464923052996776,LatentFlow,0.1834962531604512,,5071.0,,,False,,0.42836462641125167,42,True,,,,multiscale_field
single seed 42; same train/validation/test windows; validation-MSE checkpoint selection,,8-16-32,"{'use_adaptive_radius': False, 'use_component_gate': False, 'use_linear_field': False}",10,backbone,0.17567077232669817,,,,Electricity,67.62757791765034,336,,3.8672886955423085,,0.29165031449889817,LatentFlow,0.2007309676240263,,4927.0,,,False,,0.4480300967837164,42,True,,,,multiscale_field
single seed 42; same train/validation/test windows; validation-MSE checkpoint selection,,8-16-32,"{'use_adaptive_radius': False, 'use_component_gate': False, 'use_linear_field': False}",10,backbone,0.20764188703759479,,,,Electricity,76.53693924000254,720,,3.7353785920126867,,0.32260476227726964,LatentFlow,0.23990224925249873,,4543.0,,,False,,0.4897981719570815,42,True,,,,multiscale_field
single seed 42; same train/validation/test windows; validation-MSE checkpoint selection,,8-16-32,"{'use_adaptive_radius': False, 'use_component_gate': False, 'use_linear_field': False}",10,backbone,0.15263016560614914,,,,Electricity,62.657488038763404,96,,3.4782980575926543,,0.2694576948513285,LatentFlow,0.17558890423545534,,5167.0,,,False,,0.4190332972872864,42,True,,,,multiscale_field
single seed 42; same train/validation/test windows; validation-MSE checkpoint selection,,8-16-32,"{'use_adaptive_radius': False, 'use_component_gate': False, 'use_linear_field': False}",10,backbone,0.4059744703612951,,,,Traffic,156.70079895993695,192,,3.896729891291923,,0.31921361015946187,LatentFlow,0.47272529576388156,,3319.0,,,False,,0.6875502132672795,42,True,,,,multiscale_field
single seed 42; same train/validation/test windows; validation-MSE checkpoint selection,,8-16-32,"{'use_adaptive_radius': False, 'use_component_gate': False, 'use_linear_field': False}",10,backbone,0.41928626028770455,,,,Traffic,165.068718213588,336,,3.827688974478856,,0.32540067926679916,LatentFlow,0.49148008296653606,,3175.0,,,False,,0.7010564049821784,42,True,,,,multiscale_field
single seed 42; same train/validation/test windows; validation-MSE checkpoint selection,,8-16-32,"{'use_adaptive_radius': False, 'use_component_gate': False, 'use_linear_field': False}",10,backbone,0.46284849555813856,,,,Traffic,190.57477669976652,720,,4.086249987675069,,0.3347281716797764,LatentFlow,0.5195604336640653,,2791.0,,,False,,0.7208054062394824,42,True,,,,multiscale_field
single seed 42; same train/validation/test windows; validation-MSE checkpoint selection,,8-16-32,"{'use_adaptive_radius': False, 'use_component_gate': False, 'use_linear_field': False}",10,backbone,0.4173723934052623,,,,Traffic,151.82785984198563,96,,3.555252120153489,,0.3213623256426141,LatentFlow,0.46548835377459924,,3415.0,,,False,,0.682267069243855,42,True,,,,multiscale_field
single seed 42; same train/validation/test windows; validation-MSE checkpoint selection,,8-16-32,"{'use_adaptive_radius': False, 'use_component_gate': False, 'use_linear_field': False}",10,backbone,0.48397875754606157,,,,Weather,30.452345604004222,192,,3.8974798372910584,,0.2592654088922953,LatentFlow,0.21949269679143005,,10349.0,,,False,,0.468500476831593,42,True,,,,multiscale_field
single seed 42; same train/validation/test windows; validation-MSE checkpoint selection,,8-16-32,"{'use_adaptive_radius': False, 'use_component_gate': False, 'use_linear_field': False}",8,backbone,0.5668269649925145,,,,Weather,30.82375690480694,336,,3.798954944425034,,0.29992717304476885,LatentFlow,0.2751360093588213,,10205.0,,,False,,0.5245340878902165,42,True,,,,multiscale_field
single seed 42; same train/validation/test windows; validation-MSE checkpoint selection,,8-16-32,"{'use_adaptive_radius': False, 'use_component_gate': False, 'use_linear_field': False}",8,backbone,0.6938957840046555,,,,Weather,32.12290887767449,720,,3.9233511855545777,,0.35108189316947974,LatentFlow,0.3531978143226595,,9821.0,,,False,,0.5943044794738296,42,True,,,,multiscale_field
single seed 42; same train/validation/test windows; validation-MSE checkpoint selection,,8-16-32,"{'use_adaptive_radius': False, 'use_component_gate': False, 'use_linear_field': False}",7,backbone,0.44814461930876687,,,,Weather,29.62620114395395,96,,3.7634718545158887,,0.21913704892892227,LatentFlow,0.17422771449654523,,10445.0,,,False,,0.41740593490814815,42,True,,,,multiscale_field
single seed 42; same train/validation/test windows; validation-MSE checkpoint selection,,16-32-48,{},2,extension,1.1030536681886702,,,2,ETTh1,263.3955531160027,192,,66.62187916144777,,0.43783205746021076,LatentFlow,0.4478872436294835,,2689.0,,,False,,0.6692437849016482,42,True,,,191.3267337773391,no_nll
single seed 42; same train/validation/test windows; validation-MSE checkpoint selection,,16-32-48,{},0,reference,1.3696614495750998,,,2,ETTh1,259.0173976630904,336,,7.943148609793073,,0.45415585197978037,LatentFlow,0.4817180077371921,,2545.0,,,False,,0.6940590808693393,42,True,,,195.7523900851811,no_nll
single seed 42; same train/validation/test windows; validation-MSE checkpoint selection,,16-32-48,{},0,reference,1.7749115292988127,,,2,ETTh1,250.66051875194535,720,,7.844962342989756,,0.4786009474572534,LatentFlow,0.49215886750318655,,2161.0,,,False,,0.701540353438907,42,True,,,189.48551366192987,no_nll
single seed 42; same train/validation/test windows; validation-MSE checkpoint selection,,16-32-48,{},0,reference,0.8182634995097205,,,2,ETTh1,244.7992461360991,96,,7.7832888332707,,0.4114095289177025,LatentFlow,0.4032240676423306,,2785.0,,,False,,0.6349992658596785,42,True,,,184.77715665467258,no_nll
single seed 42; same train/validation/test windows; validation-MSE checkpoint selection,,16-32-48,{},0,reference,0.3008927445090006,,,2,ETTh2,243.23008703801315,192,,7.607001854486005,,0.3902497946414888,LatentFlow,0.36935875294162884,,2689.0,,,False,,0.6077489226165924,42,True,,,183.73030246484632,no_nll
single seed 42; same train/validation/test windows; validation-MSE checkpoint selection,,16-32-48,{},3,extension,0.3769423680510921,,,2,ETTh2,269.6308155870065,336,,66.3501928866947,,0.4270028532595715,LatentFlow,0.4150685317871009,,2545.0,,,False,,0.6442581251230759,42,True,,,196.6414912531036,no_nll
single seed 42; same train/validation/test windows; validation-MSE checkpoint selection,,16-32-48,{},4,extension,0.47604108966847575,,,2,ETTh2,263.5219664569595,720,,67.08040928820829,,0.44021870221304527,LatentFlow,0.4212524952490643,,2161.0,,,False,,0.6490396715525671,42,True,,,192.9671940523349,no_nll
single seed 42; same train/validation/test windows; validation-MSE checkpoint selection,,16-32-48,{},0,reference,0.2349353905708071,,,2,ETTh2,252.44705595634878,96,,7.8525620841049735,,0.34268046750302417,LatentFlow,0.2934846773242975,,2785.0,,,False,,0.5417422609731471,42,True,,,190.6697287748102,no_nll
single seed 42; same train/validation/test windows; validation-MSE checkpoint selection,,8-24-48,{},1,extension,0.5458796989350092,,,2,ETTm1,302.3437109347433,192,,66.60143048285153,,0.39791123597428674,LatentFlow,0.3811750875538065,,11329.0,,,False,,0.6173937864554571,42,True,,,193.40234045703255,no_nll
single seed 42; same train/validation/test windows; validation-MSE checkpoint selection,,8-24-48,{},4,extension,0.7087777374553031,,,2,ETTm1,300.5954518499784,336,,67.98364669231319,,0.42499095194303627,LatentFlow,0.4362159818814988,,11185.0,,,False,,0.6604664880836111,42,True,,,191.90280756083666,no_nll
single seed 42; same train/validation/test windows; validation-MSE checkpoint selection,,8-24-48,{},4,extension,1.0817633825635153,,,2,ETTm1,293.3119953647256,720,,66.55417775420213,,0.48494182642074335,LatentFlow,0.5261620731716946,,10801.0,,,False,,0.7253703007234957,42,True,,,188.29684585543873,no_nll
single seed 42; same train/validation/test windows; validation-MSE checkpoint selection,,8-24-48,{},0,reference,0.42316985556057524,,,2,ETTm1,246.95627962390427,96,,7.749364667749725,,0.3788299991861661,LatentFlow,0.34608704034718446,,11425.0,,,False,,0.5882916286563871,42,True,,,182.98615870389767,no_nll
single seed 42; same train/validation/test windows; validation-MSE checkpoint selection,,8-16-32,{},2,extension,0.16100307116432797,,,2,ETTm2,283.03635359508917,192,,63.693340033255886,,0.29977662021095053,LatentFlow,0.23989648442745612,,11329.0,,,False,,0.48979228702324024,42,True,,,180.3343574887549,no_nll
single seed 42; same train/validation/test windows; validation-MSE checkpoint selection,,8-16-32,{},0,reference,0.2224648342110943,,,2,ETTm2,251.5163049600087,336,,8.357755357484976,,0.34600727935710557,LatentFlow,0.3080357600960941,,11185.0,,,False,,0.5550096936956094,42,True,,,186.09842378900794,no_nll
single seed 42; same train/validation/test windows; validation-MSE checkpoint selection,,8-16-32,{},0,reference,0.33930370441820257,,,2,ETTm2,232.663750310021,720,,7.546220730592218,,0.4080426387217376,LatentFlow,0.4151268912819473,,10801.0,,,False,,0.6443034155442195,42,True,,,172.1843189664014,no_nll
single seed 42; same train/validation/test windows; validation-MSE checkpoint selection,,8-16-32,{},2,extension,0.12617563042375776,,,2,ETTm2,280.0248027718626,96,,61.64340477444618,,0.25758237215880614,LatentFlow,0.1730365446422005,,11425.0,,,False,,0.41597661549923753,42,True,,,178.66427817425574,no_nll
single seed 42; same train/validation/test windows; validation-MSE checkpoint selection,,8-16-32,{},10,extension,0.14347403232677455,,,2,Electricity,1026.6236973500345,192,,65.76574797104635,,0.26142836968287275,LatentFlow,0.1685991065786162,,5071.0,,,False,,0.4106082154300084,42,True,,,719.1868669054202,no_nll
single seed 42; same train/validation/test windows; validation-MSE checkpoint selection,,8-16-32,{},10,extension,0.16332524024266573,,,2,Electricity,1070.428817060776,336,,69.35179155297214,,0.28168967898051933,LatentFlow,0.18912901880872132,,4927.0,,,False,,0.4348896627981876,42,True,,,751.3440241938952,no_nll
single seed 42; same train/validation/test windows; validation-MSE checkpoint selection,,8-16-32,{},8,extension,0.1997616874067184,,,2,Electricity,1085.5878898070077,720,,70.95697957068037,,0.3096388867239629,LatentFlow,0.22217800235899668,,4543.0,,,False,,0.47135761620981226,42,True,,,766.8626260844121,no_nll
single seed 42; same train/validation/test windows; validation-MSE checkpoint selection,,8-16-32,{},10,extension,0.13565094799432592,,,2,Electricity,1017.235532457009,96,,66.64410051564838,,0.25111250464243035,LatentFlow,0.1562366982302334,,5167.0,,,False,,0.39526788160718723,42,True,,,710.4397184404661,no_nll
single seed 42; same train/validation/test windows; validation-MSE checkpoint selection,,8-16-32,{},10,extension,0.3710607438703332,,,2,Traffic,1771.7048896159977,192,,118.76737879272011,,0.30193217157711416,LatentFlow,0.4533055580722837,,3319.0,,,False,,0.6732797027033295,42,True,,,1288.3101169289148,no_nll
single seed 42; same train/validation/test windows; validation-MSE checkpoint selection,,8-16-32,{},9,extension,0.3818311580649108,,,2,Traffic,1816.0480114938691,336,,121.84561647749929,,0.30110412452114094,LatentFlow,0.4617494653274924,,3175.0,,,False,,0.6795214973255022,42,True,,,1323.953220517069,no_nll
single seed 42; same train/validation/test windows; validation-MSE checkpoint selection,,8-16-32,{},10,extension,0.40950851656782716,,,2,Traffic,1925.077904063277,720,,129.13936569392897,,0.3194634735007074,LatentFlow,0.4926163985891772,,2791.0,,,False,,0.7018663680425051,42,True,,,1412.3471633170993,no_nll
single seed 42; same train/validation/test windows; validation-MSE checkpoint selection,,8-16-32,{},10,extension,0.37113622624593223,,,2,Traffic,1751.021275057923,96,,116.42277293495327,,0.2946741854965009,LatentFlow,0.43468230101132055,,3415.0,,,False,,0.6593044069406184,42,True,,,1272.1577818992955,no_nll
single seed 42; same train/validation/test windows; validation-MSE checkpoint selection,,8-16-32,{},3,extension,0.4734932173181463,,,2,Weather,370.30018247500993,192,,78.42042438262648,,0.25597376161010676,LatentFlow,0.21429686340542944,,10349.0,,,False,,0.4629220921552885,42,True,,,243.84599672969216,no_nll
single seed 42; same train/validation/test windows; validation-MSE checkpoint selection,,8-16-32,{},4,extension,0.5461544552627875,,,2,Weather,358.9380726167001,336,,75.78967369173262,,0.2995336675124586,LatentFlow,0.27361608396406434,,10205.0,,,False,,0.5230832476423465,42,True,,,236.9771145771665,no_nll
single seed 42; same train/validation/test windows; validation-MSE checkpoint selection,,8-16-32,{},2,extension,0.7095523814044932,,,2,Weather,352.37853548815474,720,,75.48345130825646,,0.34989178883866445,LatentFlow,0.35118783542393806,,9821.0,,,False,,0.5926110321483545,42,True,,,233.43090001508244,no_nll
single seed 42; same train/validation/test windows; validation-MSE checkpoint selection,,8-16-32,{},6,extension,0.44573450640395834,,,2,Weather,345.953703252133,96,,75.57861098358708,,0.21411289951117188,LatentFlow,0.1673692082826518,,10445.0,,,False,,0.40910781987472666,42,True,,,226.25117546012916,no_nll
single seed 42; same train/validation/test windows; validation-MSE checkpoint selection,,16-32-48,{},2,extension,1.09873813248816,,,2,ETTh1,260.9063318700064,192,,63.55808005169101,,0.43800401859039917,LatentFlow,0.4473893868435322,,2689.0,,,False,,0.668871726748509,42,True,,,189.8415710570589,no_sensor_priors
single seed 42; same train/validation/test windows; validation-MSE checkpoint selection,,16-32-48,{},0,reference,1.3696614495750998,,,2,ETTh1,257.8193733249791,336,,8.104333792565555,,0.45415585197978037,LatentFlow,0.4817180077371921,,2545.0,,,False,,0.6940590808693393,42,True,,,194.75388048122113,no_sensor_priors
single seed 42; same train/validation/test windows; validation-MSE checkpoint selection,,16-32-48,{},1,extension,1.7741480004850518,,,2,ETTh1,268.6533601389965,720,,71.75148266572644,,0.48145156835357916,LatentFlow,0.49805601702568425,,2161.0,,,False,,0.7057308389362649,42,True,,,196.374795808606,no_sensor_priors
single seed 42; same train/validation/test windows; validation-MSE checkpoint selection,,16-32-48,{},0,reference,0.8182634995097205,,,2,ETTh1,244.91421411558986,96,,7.656197758079264,,0.4114095289177025,LatentFlow,0.4032240676423306,,2785.0,,,False,,0.6349992658596785,42,True,,,184.8835549724754,no_sensor_priors
single seed 42; same train/validation/test windows; validation-MSE checkpoint selection,,16-32-48,{},0,reference,0.3008927445090006,,,2,ETTh2,262.81257534911856,192,,8.435951721503171,,0.3902497946414888,LatentFlow,0.36935875294162884,,2689.0,,,False,,0.6077489226165924,42,True,,,198.35733174768393,no_sensor_priors
single seed 42; same train/validation/test windows; validation-MSE checkpoint selection,,16-32-48,{},3,extension,0.37548372696857063,,,2,ETTh2,259.39003081293777,336,,65.47181030935785,,0.4289236544371018,LatentFlow,0.4201266303580617,,2545.0,,,False,,0.6481717599202095,42,True,,,188.98251710488694,no_sensor_priors
single seed 42; same train/validation/test windows; validation-MSE checkpoint selection,,16-32-48,{},0,reference,0.47616924457449133,,,2,ETTh2,252.32892793603241,720,,8.419181175057345,,0.43879702215362193,LatentFlow,0.4136213828137338,,2161.0,,,False,,0.6431340317645566,42,True,,,190.5883263290889,no_sensor_priors
single seed 42; same train/validation/test windows; validation-MSE checkpoint selection,,16-32-48,{},0,reference,0.2349353905708071,,,2,ETTh2,244.3501201379113,96,,7.779419611240441,,0.34268046750302417,LatentFlow,0.2934846773242975,,2785.0,,,False,,0.5417422609731471,42,True,,,184.46558341256605,no_sensor_priors
single seed 42; same train/validation/test windows; validation-MSE checkpoint selection,,8-24-48,{},1,extension,0.5458406850932136,,,2,ETTm1,297.0500297918916,192,,71.18536216368875,,0.3978836645911517,LatentFlow,0.3814913686708201,,11329.0,,,False,,0.6176498754721967,42,True,,,187.08176731088315,no_sensor_priors
single seed 42; same train/validation/test windows; validation-MSE checkpoint selection,,8-24-48,{},4,extension,0.710286552132933,,,2,ETTm1,298.52199301915243,336,,68.9523083659524,,0.4207250399247309,LatentFlow,0.4219334964561311,,11185.0,,,False,,0.6495640818703965,42,True,,,189.90230782837898,no_sensor_priors
single seed 42; same train/validation/test windows; validation-MSE checkpoint selection,,8-24-48,{},4,extension,1.0822940437882036,,,2,ETTm1,293.8642389929737,720,,64.94400765978627,,0.4825795640612058,LatentFlow,0.521359597458467,,10801.0,,,False,,0.7220523509126379,42,True,,,189.50049769141515,no_sensor_priors
single seed 42; same train/validation/test windows; validation-MSE checkpoint selection,,8-24-48,{},0,reference,0.42316985556057524,,,2,ETTm1,255.74036792526022,96,,7.76003811346448,,0.3788299991861661,LatentFlow,0.34608704034718446,,11425.0,,,False,,0.5882916286563871,42,True,,,189.74291286103835,no_sensor_priors
single seed 42; same train/validation/test windows; validation-MSE checkpoint selection,,8-16-32,{},2,extension,0.1610673379803461,,,2,ETTm2,287.8668570000009,192,,64.55452642857183,,0.30005983247291923,LatentFlow,0.2405065327378063,,11329.0,,,False,,0.49041465387751854,42,True,,,183.66579131874232,no_sensor_priors
single seed 42; same train/validation/test windows; validation-MSE checkpoint selection,,8-16-32,{},0,reference,0.2224648342110943,,,2,ETTm2,238.71985362423584,336,,7.627208458985546,,0.34600727935710557,LatentFlow,0.3080357600960941,,11185.0,,,False,,0.5550096936956094,42,True,,,176.75607006713108,no_sensor_priors
single seed 42; same train/validation/test windows; validation-MSE checkpoint selection,,8-16-32,{},0,reference,0.33930370441820257,,,2,ETTm2,239.09715430717915,720,,7.783019981548765,,0.4080426387217376,LatentFlow,0.4151268912819473,,10801.0,,,False,,0.6443034155442195,42,True,,,177.028184964729,no_sensor_priors
single seed 42; same train/validation/test windows; validation-MSE checkpoint selection,,8-16-32,{},5,extension,0.1248206872315634,,,2,ETTm2,285.9475993080996,96,,62.03195446681592,,0.25734544885398275,LatentFlow,0.1724093813864877,,11425.0,,,False,,0.4152220868240124,42,True,,,183.24144958532997,no_sensor_priors
single seed 42; same train/validation/test windows; validation-MSE checkpoint selection,,8-16-32,{},10,extension,0.14339066306873768,,,2,Electricity,1021.6950044347905,192,,66.09136830297362,,0.26176399785598053,LatentFlow,0.16868137630359156,,5071.0,,,False,,0.41070838353214995,42,True,,,715.2455520968942,no_sensor_priors
single seed 42; same train/validation/test windows; validation-MSE checkpoint selection,,8-16-32,{},10,extension,0.16318338992410225,,,2,Electricity,1048.6349798869342,336,,66.63848956085256,,0.28192565719407764,LatentFlow,0.1889359168457085,,4927.0,,,False,,0.43466759350762335,42,True,,,737.8462479431619,no_sensor_priors
single seed 42; same train/validation/test windows; validation-MSE checkpoint selection,,8-16-32,{},8,extension,0.20387130887832722,,,2,Electricity,1077.5408521788195,720,,71.9938967849179,,0.30716240037673737,LatentFlow,0.21896258059727167,,4543.0,,,False,,0.4679343763790727,42,True,,,760.678634955184,no_sensor_priors
single seed 42; same train/validation/test windows; validation-MSE checkpoint selection,,8-16-32,{},10,extension,0.1353105066886366,,,2,Electricity,1034.3199419380398,96,,66.30497579525998,,0.2506836961838261,LatentFlow,0.1558293220392773,,5167.0,,,False,,0.39475222866917076,42,True,,,723.9544181288693,no_sensor_priors
single seed 42; same train/validation/test windows; validation-MSE checkpoint selection,,8-16-32,{},10,extension,0.3725577027688908,,,2,Traffic,1771.051619531121,192,,116.93865915868378,,0.2999429032181587,LatentFlow,0.45203255594250863,,3319.0,,,False,,0.672333664144901,42,True,,,1289.2140209707577,no_sensor_priors
single seed 42; same train/validation/test windows; validation-MSE checkpoint selection,,8-16-32,{},9,extension,0.3829159674642538,,,2,Traffic,1845.0953737520613,336,,125.48362881690734,,0.30038109848680095,LatentFlow,0.4595936002308006,,3175.0,,,False,,0.6779333302256207,42,True,,,1344.1620752179006,no_sensor_priors
single seed 42; same train/validation/test windows; validation-MSE checkpoint selection,,8-16-32,{},5,extension,0.4132002596204875,,,2,Traffic,1958.5560435040388,720,,135.39960908358273,,0.32097270180570414,LatentFlow,0.49460170195293834,,2791.0,,,False,,0.7032792489139278,42,True,,,1435.2193395343875,no_sensor_priors
single seed 42; same train/validation/test windows; validation-MSE checkpoint selection,,8-16-32,{},10,extension,0.37222728067896177,,,2,Traffic,1767.989982246887,96,,118.57841691896407,,0.29187252348702264,LatentFlow,0.43046409182742856,,3415.0,,,False,,0.6560976237020132,42,True,,,1283.066379495358,no_sensor_priors
single seed 42; same train/validation/test windows; validation-MSE checkpoint selection,,8-16-32,{},2,extension,0.4745234181641271,,,2,Weather,366.38079070299864,192,,79.16327017420802,,0.25692114441745423,LatentFlow,0.21582579809138638,,10349.0,,,False,,0.464570552329123,42,True,,,240.5113704499854,no_sensor_priors
single seed 42; same train/validation/test windows; validation-MSE checkpoint selection,,8-16-32,{},4,extension,0.5459746633257184,,,2,Weather,373.95975055731833,336,,84.21364864451611,,0.2990644564998048,LatentFlow,0.2730423594287538,,10205.0,,,False,,0.5225345533347568,42,True,,,244.39989914135367,no_sensor_priors
single seed 42; same train/validation/test windows; validation-MSE checkpoint selection,,8-16-32,{},2,extension,0.7095263741844756,,,2,Weather,363.7859997790074,720,,79.4592371845414,,0.3499092336760722,LatentFlow,0.3512227101044123,,9821.0,,,False,,0.5926404560139413,42,True,,,240.15238727579344,no_sensor_priors
single seed 42; same train/validation/test windows; validation-MSE checkpoint selection,,8-16-32,{},4,extension,0.4478531547639736,,,2,Weather,371.4682601559907,96,,78.94143977484303,,0.21548862208724562,LatentFlow,0.16901071482766233,,10445.0,,,False,,0.4111091276384682,42,True,,,244.1988662321819,no_sensor_priors
single seed 42; same train/validation/test windows; validation-MSE checkpoint selection,,16-32-48,{},2,extension,1.1034322835150219,,,2,ETTh1,137.48382869799389,192,,28.970441401414686,,0.43812381027841285,LatentFlow,0.4486688785208116,,2689.0,,,False,,0.6698274990777936,42,True,,,98.11245551875345,process_preserving
single seed 42; same train/validation/test windows; validation-MSE checkpoint selection,,16-32-48,{},0,reference,1.3696614495750998,,,2,ETTh1,133.92161448672414,336,,7.9140155694058425,,0.45415585197978037,LatentFlow,0.4817180077371921,,2545.0,,,False,,0.6940590808693393,42,True,,,98.09164443977352,process_preserving
single seed 42; same train/validation/test windows; validation-MSE checkpoint selection,,16-32-48,{},0,reference,1.7749115292988127,,,2,ETTh1,138.5701835169457,720,,8.002647240437678,,0.4786009474572534,LatentFlow,0.49215886750318655,,2161.0,,,False,,0.701540353438907,42,True,,,101.84348099937779,process_preserving
single seed 42; same train/validation/test windows; validation-MSE checkpoint selection,,16-32-48,{},0,reference,0.8182634995097205,,,2,ETTh1,138.8971132421866,96,,7.993499950285075,,0.4114095289177025,LatentFlow,0.4032240676423306,,2785.0,,,False,,0.6349992658596785,42,True,,,101.94629440229619,process_preserving
single seed 42; same train/validation/test windows; validation-MSE checkpoint selection,,16-32-48,{},0,reference,0.3008927445090006,,,2,ETTh2,135.63775619096123,192,,7.758404170776422,,0.3902497946414888,LatentFlow,0.36935875294162884,,2689.0,,,False,,0.6077489226165924,42,True,,,99.47696945391726,process_preserving
single seed 42; same train/validation/test windows; validation-MSE checkpoint selection,,16-32-48,{},3,extension,0.3763809360884755,,,2,ETTh2,137.4637599233538,336,,28.90808680802112,,0.4276056189873727,LatentFlow,0.41607853575779985,,2545.0,,,False,,0.6450414992524123,42,True,,,98.23463612337946,process_preserving
single seed 42; same train/validation/test windows; validation-MSE checkpoint selection,,16-32-48,{},0,reference,0.47616924457449133,,,2,ETTh2,133.5954222480068,720,,7.7646587842401225,,0.43879702215362193,LatentFlow,0.4136213828137338,,2161.0,,,False,,0.6431340317645566,42,True,,,97.99153458907313,process_preserving
single seed 42; same train/validation/test windows; validation-MSE checkpoint selection,,16-32-48,{},0,reference,0.2349353905708071,,,2,ETTh2,137.751470817253,96,,8.031112168824052,,0.34268046750302417,LatentFlow,0.2934846773242975,,2785.0,,,False,,0.5417422609731471,42,True,,,100.95485086203553,process_preserving
single seed 42; same train/validation/test windows; validation-MSE checkpoint selection,,8-24-48,{},1,extension,0.5459915118085014,,,2,ETTm1,163.75629125488922,192,,30.813737784919383,,0.39807142039520127,LatentFlow,0.3813757559202588,,11329.0,,,False,,0.6175562775328729,42,True,,,105.00208198354812,process_preserving
single seed 42; same train/validation/test windows; validation-MSE checkpoint selection,,8-24-48,{},4,extension,0.7095158532633533,,,2,ETTm1,156.44699376588687,336,,29.006159314645565,,0.4222155551294936,LatentFlow,0.4267278421592858,,11185.0,,,False,,0.6532440907955355,42,True,,,100.70616201956,process_preserving
single seed 42; same train/validation/test windows; validation-MSE checkpoint selection,,8-24-48,{},2,extension,1.0810953781087562,,,2,ETTm1,164.369325698819,720,,30.993954679937012,,0.4761776318117051,LatentFlow,0.5106088858928245,,10801.0,,,False,,0.714569021083915,42,True,,,106.12706409774546,process_preserving
single seed 42; same train/validation/test windows; validation-MSE checkpoint selection,,8-24-48,{},0,reference,0.42316985556057524,,,2,ETTm1,135.0089084400097,96,,7.300533795942191,,0.3788299991861661,LatentFlow,0.34608704034718446,,11425.0,,,False,,0.5882916286563871,42,True,,,95.93298285471974,process_preserving
single seed 42; same train/validation/test windows; validation-MSE checkpoint selection,,8-16-32,{},2,extension,0.160935534962586,,,2,ETTm2,154.36168240802363,192,,28.645686502930676,,0.29989801821851325,LatentFlow,0.24030188389376123,,11329.0,,,False,,0.49020596068771055,42,True,,,99.17657136284106,process_preserving
single seed 42; same train/validation/test windows; validation-MSE checkpoint selection,,8-16-32,{},0,reference,0.2224648342110943,,,2,ETTm2,145.14883248507977,336,,7.829170910251944,,0.34600727935710557,LatentFlow,0.3080357600960941,,11185.0,,,False,,0.5550096936956094,42,True,,,103.41829948119994,process_preserving
single seed 42; same train/validation/test windows; validation-MSE checkpoint selection,,8-16-32,{},0,reference,0.33930370441820257,,,2,ETTm2,134.83169007697143,720,,7.502808656338989,,0.4080426387217376,LatentFlow,0.4151268912819473,,10801.0,,,False,,0.6443034155442195,42,True,,,95.80582217890878,process_preserving
single seed 42; same train/validation/test windows; validation-MSE checkpoint selection,,8-16-32,{},3,extension,0.12563633788672704,,,2,ETTm2,158.3214954980649,96,,30.54859854155553,,0.258075128662421,LatentFlow,0.17361919148484778,,11425.0,,,False,,0.41667636300232797,42,True,,,100.98451018202468,process_preserving
single seed 42; same train/validation/test windows; validation-MSE checkpoint selection,,8-16-32,{},10,extension,0.14301072849704138,,,2,Electricity,663.2510538820643,192,,37.13706702617031,,0.26123165768852125,LatentFlow,0.16818414943046323,,5071.0,,,False,,0.4101026084170439,42,True,,,464.1583220789471,process_preserving
single seed 42; same train/validation/test windows; validation-MSE checkpoint selection,,8-16-32,{},10,extension,0.16274556753832645,,,2,Electricity,678.2874030428939,336,,38.63127771689276,,0.2816969827405173,LatentFlow,0.1886296341607849,,4927.0,,,False,,0.434315132318441,42,True,,,475.8269951118564,process_preserving
single seed 42; same train/validation/test windows; validation-MSE checkpoint selection,,8-16-32,{},8,extension,0.20136547610189479,,,2,Electricity,719.3404444499756,720,,41.67168222329164,,0.3064760039865972,LatentFlow,0.21813564591191115,,4543.0,,,False,,0.4670499394196633,42,True,,,507.7081346117211,process_preserving
single seed 42; same train/validation/test windows; validation-MSE checkpoint selection,,8-16-32,{},10,extension,0.13482325111717944,,,2,Electricity,655.7636117301881,96,,37.08083934850933,,0.25040341354695694,LatentFlow,0.1554493041485661,,5167.0,,,False,,0.39427059762118466,42,True,,,457.6879713436938,process_preserving
single seed 42; same train/validation/test windows; validation-MSE checkpoint selection,,8-16-32,{},10,extension,0.37013144282896393,,,2,Traffic,1299.0315484618768,192,,87.14383261914901,,0.29961250670289075,LatentFlow,0.45165746900422543,,3319.0,,,False,,0.672054662214485,42,True,,,939.930165491387,process_preserving
single seed 42; same train/validation/test windows; validation-MSE checkpoint selection,,8-16-32,{},9,extension,0.37989856847956166,,,2,Traffic,1370.281793860253,336,,90.79192014178261,,0.2991001181270917,LatentFlow,0.4596004396184091,,3175.0,,,False,,0.6779383744990463,42,True,,,994.7785880922311,process_preserving
single seed 42; same train/validation/test windows; validation-MSE checkpoint selection,,8-16-32,{},10,extension,0.4081958942195338,,,2,Traffic,1477.4592666737735,720,,99.0813110497427,,0.318071645296694,LatentFlow,0.4915771626737703,,2791.0,,,False,,0.7011256397207067,42,True,,,1079.0985240866576,process_preserving
single seed 42; same train/validation/test windows; validation-MSE checkpoint selection,,8-16-32,{},10,extension,0.36963914859906455,,,2,Traffic,1277.9055537419626,96,,85.87047772672237,,0.29227125334735554,LatentFlow,0.4313430875513424,,3415.0,,,False,,0.6567671486541805,42,True,,,922.7882272171883,process_preserving
single seed 42; same train/validation/test windows; validation-MSE checkpoint selection,,8-16-32,{},3,extension,0.47356071500551133,,,2,Weather,239.1314696210029,192,,45.44307597713859,,0.2555097120694207,LatentFlow,0.21369566972117843,,10349.0,,,False,,0.4622722895882668,42,True,,,157.93623514452975,process_preserving
single seed 42; same train/validation/test windows; validation-MSE checkpoint selection,,8-16-32,{},4,extension,0.5453837245860428,,,2,Weather,225.67469189781696,336,,42.45476461302653,,0.2987785251074365,LatentFlow,0.27286765198754726,,10205.0,,,False,,0.5223673534855976,42,True,,,149.43868382652,process_preserving
single seed 42; same train/validation/test windows; validation-MSE checkpoint selection,,8-16-32,{},9,extension,0.7064573472980048,,,2,Weather,242.26806505490094,720,,47.39516246394297,,0.3521357410021579,LatentFlow,0.3539100077528846,,9821.0,,,False,,0.5949033600114262,42,True,,,160.78012186626438,process_preserving
single seed 42; same train/validation/test windows; validation-MSE checkpoint selection,,8-16-32,{},6,extension,0.4460337163594665,,,2,Weather,227.4756019162014,96,,43.748814005336044,,0.21399871955563235,LatentFlow,0.16743370388094514,,10445.0,,,False,,0.40918663697748625,42,True,,,149.63455090255593,process_preserving
single seed 42; same train/validation/test windows; validation-MSE checkpoint selection,,16-32-48,{},2,extension,1.104181077272173,,,2,ETTh1,261.1074934611097,192,,65.39988904511054,,0.43712865120524097,LatentFlow,0.4468721952223702,,2689.0,,,False,,0.668484999998033,42,True,,,189.76712843032146,random_process_families
single seed 42; same train/validation/test windows; validation-MSE checkpoint selection,,16-32-48,{},0,reference,1.3696614495750998,,,2,ETTh1,254.49178080400452,336,,7.699312527274972,,0.45415585197978037,LatentFlow,0.4817180077371921,,2545.0,,,False,,0.6940590808693393,42,True,,,192.48220852095983,random_process_families
single seed 42; same train/validation/test windows; validation-MSE checkpoint selection,,16-32-48,{},0,reference,1.7749115292988127,,,2,ETTh1,257.8947587222792,720,,8.443910670258216,,0.4786009474572534,LatentFlow,0.49215886750318655,,2161.0,,,False,,0.701540353438907,42,True,,,194.92764576352783,random_process_families
single seed 42; same train/validation/test windows; validation-MSE checkpoint selection,,16-32-48,{},0,reference,0.8182634995097205,,,2,ETTh1,232.94054428196978,96,,7.243844936870986,,0.4114095289177025,LatentFlow,0.4032240676423306,,2785.0,,,False,,0.6349992658596785,42,True,,,175.86262242812154,random_process_families
single seed 42; same train/validation/test windows; validation-MSE checkpoint selection,,16-32-48,{},0,reference,0.3008927445090006,,,2,ETTh2,246.73676860705018,192,,7.909478669885747,,0.3902497946414888,LatentFlow,0.36935875294162884,,2689.0,,,False,,0.6077489226165924,42,True,,,186.25784044525062,random_process_families
single seed 42; same train/validation/test windows; validation-MSE checkpoint selection,,16-32-48,{},0,reference,0.3781596343803838,,,2,ETTh2,248.10031664092094,336,,8.227698251463567,,0.42654472275517485,LatentFlow,0.41643647069421075,,2545.0,,,False,,0.6453188906999475,42,True,,,187.38310792650736,random_process_families
single seed 42; same train/validation/test windows; validation-MSE checkpoint selection,,16-32-48,{},4,extension,0.4756926296880006,,,2,ETTh2,243.43542580795474,720,,57.61746647976228,,0.4393861018368769,LatentFlow,0.41885619443816086,,2161.0,,,False,,0.6471910030571816,42,True,,,178.62359289529195,random_process_families
single seed 42; same train/validation/test windows; validation-MSE checkpoint selection,,16-32-48,{},0,reference,0.2349353905708071,,,2,ETTh2,240.49613874265924,96,,7.444317853670417,,0.34268046750302417,LatentFlow,0.2934846773242975,,2785.0,,,False,,0.5417422609731471,42,True,,,181.5060126944445,random_process_families
single seed 42; same train/validation/test windows; validation-MSE checkpoint selection,,8-24-48,{},1,extension,0.5459409240219328,,,2,ETTm1,302.57025128199894,192,,67.24184244422685,,0.39819588484075286,LatentFlow,0.3817283260268062,,11329.0,,,False,,0.6178416674414297,42,True,,,193.42725547187456,random_process_families
single seed 42; same train/validation/test windows; validation-MSE checkpoint selection,,8-24-48,{},4,extension,0.7089092407096811,,,2,ETTm1,303.0959201040678,336,,69.66148717342249,,0.4222960412454255,LatentFlow,0.4249241566088798,,11185.0,,,False,,0.6518620686992608,42,True,,,192.85539597185561,random_process_families
single seed 42; same train/validation/test windows; validation-MSE checkpoint selection,,8-24-48,{},0,reference,1.08290244006606,,,2,ETTm1,261.0984838423319,720,,8.083122959968465,,0.479489364208168,LatentFlow,0.5139667242193918,,10801.0,,,False,,0.7169147259049655,42,True,,,193.90746926037536,random_process_families
single seed 42; same train/validation/test windows; validation-MSE checkpoint selection,,8-24-48,{},0,reference,0.42316985556057524,,,2,ETTm1,252.03104573488235,96,,7.759377292421389,,0.3788299991861661,LatentFlow,0.34608704034718446,,11425.0,,,False,,0.5882916286563871,42,True,,,187.00769241877424,random_process_families
single seed 42; same train/validation/test windows; validation-MSE checkpoint selection,,8-16-32,{},3,extension,0.16065128052991534,,,2,ETTm2,309.2919637229061,192,,69.425585048235,,0.30144602028124184,LatentFlow,0.24188194944373223,,11329.0,,,False,,0.4918149544734607,42,True,,,197.34939252966797,random_process_families
single seed 42; same train/validation/test windows; validation-MSE checkpoint selection,,8-16-32,{},0,reference,0.2224648342110943,,,2,ETTm2,239.31122867017984,336,,7.926554531846356,,0.34600727935710557,LatentFlow,0.3080357600960941,,11185.0,,,False,,0.5550096936956094,42,True,,,176.86396054377838,random_process_families
single seed 42; same train/validation/test windows; validation-MSE checkpoint selection,,8-16-32,{},0,reference,0.33930370441820257,,,2,ETTm2,240.1262076710118,720,,7.925144743031991,,0.4080426387217376,LatentFlow,0.4151268912819473,,10801.0,,,False,,0.6443034155442195,42,True,,,177.76443477655448,random_process_families
single seed 42; same train/validation/test windows; validation-MSE checkpoint selection,,8-16-32,{},3,extension,0.12537296482967952,,,2,ETTm2,288.6257157512009,96,,62.95001745579286,,0.2582215707247687,LatentFlow,0.1739502412025489,,11425.0,,,False,,0.4170734242343294,42,True,,,184.74735818017507,random_process_families
single seed 42; same train/validation/test windows; validation-MSE checkpoint selection,,8-16-32,{},10,extension,0.14210879971882842,,,2,Electricity,1037.4034972670488,192,,66.26684735286364,,0.2610574006040617,LatentFlow,0.16775546481434178,,5071.0,,,False,,0.4095796196276638,42,True,,,727.5453661288338,random_process_families
single seed 42; same train/validation/test windows; validation-MSE checkpoint selection,,8-16-32,{},10,extension,0.16101264524476344,,,2,Electricity,1053.9232841050252,336,,68.468232564931,,0.28236702094295185,LatentFlow,0.18817529119896256,,4927.0,,,False,,0.43379176017873206,42,True,,,740.610887224102,random_process_families
single seed 42; same train/validation/test windows; validation-MSE checkpoint selection,,8-16-32,{},8,extension,0.1960978002164195,,,2,Electricity,1104.4217432240257,720,,72.087150657175,,0.3062603510932789,LatentFlow,0.21537537253096292,,4543.0,,,False,,0.4640855228629341,42,True,,,781.377636915613,random_process_families
single seed 42; same train/validation/test windows; validation-MSE checkpoint selection,,8-16-32,{},10,extension,0.13441595803416284,,,2,Electricity,1073.7882191669196,96,,66.83129003062093,,0.25056308707560127,LatentFlow,0.15548798711006884,,5167.0,,,False,,0.39431965093064897,42,True,,,752.9094694116793,random_process_families
single seed 42; same train/validation/test windows; validation-MSE checkpoint selection,,8-16-32,{},10,extension,0.3701248143130462,,,2,Traffic,1775.0742807679926,192,,116.96184652273016,,0.2992352350547282,LatentFlow,0.45162434817097874,,3319.0,,,False,,0.6720300202900007,42,True,,,1291.6002266085911,random_process_families
single seed 42; same train/validation/test windows; validation-MSE checkpoint selection,,8-16-32,{},9,extension,0.3813510109863461,,,2,Traffic,1839.864994338248,336,,122.17561310601674,,0.2988078843750788,LatentFlow,0.46008801818810857,,3175.0,,,False,,0.6782978830780092,42,True,,,1341.487051639706,random_process_families
single seed 42; same train/validation/test windows; validation-MSE checkpoint selection,,8-16-32,{},10,extension,0.4078940839735495,,,2,Traffic,1940.932005551178,720,,131.69428489997918,,0.31772534361295224,LatentFlow,0.49228812297778124,,2791.0,,,False,,0.7016324700138822,42,True,,,1423.4011561518855,random_process_families
single seed 42; same train/validation/test windows; validation-MSE checkpoint selection,,8-16-32,{},10,extension,0.3697618775590236,,,2,Traffic,1759.075202187989,96,,118.89591535002413,,0.2929024026532222,LatentFlow,0.43109404459075323,,3415.0,,,False,,0.6565775236716174,42,True,,,1276.6568645860389,random_process_families
single seed 42; same train/validation/test windows; validation-MSE checkpoint selection,,8-16-32,{},3,extension,0.4758712371821126,,,2,Weather,364.9773293887265,192,,82.18269164840034,,0.25551918339097746,LatentFlow,0.21417087317930072,,10349.0,,,False,,0.4627859906904062,42,True,,,238.01858482875105,random_process_families
single seed 42; same train/validation/test windows; validation-MSE checkpoint selection,,8-16-32,{},4,extension,0.5458738151501276,,,2,Weather,379.47013994818553,336,,83.40866281724178,,0.2988684151293137,LatentFlow,0.27259957068002333,,10205.0,,,False,,0.5221106881495755,42,True,,,248.9907617422432,random_process_families
single seed 42; same train/validation/test windows; validation-MSE checkpoint selection,,8-16-32,{},2,extension,0.7076142225315962,,,2,Weather,360.2637037090026,720,,80.55394137083412,,0.3498880577730766,LatentFlow,0.3514656924954747,,9821.0,,,False,,0.5928454204052476,42,True,,,236.85395979773602,random_process_families
single seed 42; same train/validation/test windows; validation-MSE checkpoint selection,,8-16-32,{},6,extension,0.44527164275053316,,,2,Weather,369.10740966699086,96,,77.08514975913201,,0.21287935068798508,LatentFlow,0.16742823574240046,,10445.0,,,False,,0.4091799552060199,42,True,,,243.32789789377784,random_process_families
single seed 42; same train/validation/test windows; validation-MSE checkpoint selection,,16,"{'use_adaptive_radius': False, 'use_component_gate': False, 'use_linear_field': False}",3,backbone,1.0395921812880606,,,,ETTh1,14.11131408403162,192,,1.858617271809744,,0.44213602889892784,LatentFlow,0.45845151045101645,,2689.0,,,False,,0.6770904743466832,42,True,,,,single_scale_field
single seed 42; same train/validation/test windows; validation-MSE checkpoint selection,,16,"{'use_adaptive_radius': False, 'use_component_gate': False, 'use_linear_field': False}",2,backbone,1.3059459653030447,,,,ETTh1,15.190453218761832,336,,2.066742001054219,,0.45212142183874254,LatentFlow,0.4771612939724599,,2545.0,,,False,,0.6907686254980461,42,True,,,,single_scale_field
single seed 42; same train/validation/test windows; validation-MSE checkpoint selection,,16,"{'use_adaptive_radius': False, 'use_component_gate': False, 'use_linear_field': False}",1,backbone,1.5798077923910958,,,,ETTh1,14.614238606998697,720,,2.0034951453250067,,0.4799460590671579,LatentFlow,0.49617379247666343,,2161.0,,,False,,0.7043960480274314,42,True,,,,single_scale_field
single seed 42; same train/validation/test windows; validation-MSE checkpoint selection,,16,"{'use_adaptive_radius': False, 'use_component_gate': False, 'use_linear_field': False}",4,backbone,0.7780527383798644,,,,ETTh1,15.14758345298469,96,,2.0412005311836396,,0.4213313881266756,LatentFlow,0.41727988102950325,,2785.0,,,False,,0.6459720435355568,42,True,,,,single_scale_field
single seed 42; same train/validation/test windows; validation-MSE checkpoint selection,,16,"{'use_adaptive_radius': False, 'use_component_gate': False, 'use_linear_field': False}",3,backbone,0.28582760727121714,,,,ETTh2,15.23394210031256,192,,2.0718799658610436,,0.40587178525343887,LatentFlow,0.381629015860684,,2689.0,,,False,,0.6177612935921803,42,True,,,,single_scale_field
single seed 42; same train/validation/test windows; validation-MSE checkpoint selection,,16,"{'use_adaptive_radius': False, 'use_component_gate': False, 'use_linear_field': False}",4,backbone,0.3636104491900425,,,,ETTh2,14.48964742058888,336,,1.9626754595414748,,0.4261503334800468,LatentFlow,0.4091048617412876,,2545.0,,,False,,0.6396130562623683,42,True,,,,single_scale_field
single seed 42; same train/validation/test windows; validation-MSE checkpoint selection,,16,"{'use_adaptive_radius': False, 'use_component_gate': False, 'use_linear_field': False}",4,backbone,0.6102459716418432,,,,ETTh2,14.747669194359332,720,,2.013923009551728,,0.4432582908770414,LatentFlow,0.4217563731618736,,2161.0,,,False,,0.6494277274353734,42,True,,,,single_scale_field
single seed 42; same train/validation/test windows; validation-MSE checkpoint selection,,16,"{'use_adaptive_radius': False, 'use_component_gate': False, 'use_linear_field': False}",4,backbone,0.236261587323887,,,,ETTh2,13.987106590066105,96,,1.8333101340951774,,0.35519342164845713,LatentFlow,0.3078746550488984,,2785.0,,,False,,0.5548645375665112,42,True,,,,single_scale_field
single seed 42; same train/validation/test windows; validation-MSE checkpoint selection,,16,"{'use_adaptive_radius': False, 'use_component_gate': False, 'use_linear_field': False}",8,backbone,0.5242270110618501,,,,ETTm1,16.30351528013125,192,,1.9881811567293703,,0.39945405454819094,LatentFlow,0.3868602790021346,,11329.0,,,False,,0.6219809313814488,42,True,,,,single_scale_field
single seed 42; same train/validation/test windows; validation-MSE checkpoint selection,,16,"{'use_adaptive_radius': False, 'use_component_gate': False, 'use_linear_field': False}",8,backbone,0.6608103469115536,,,,ETTm1,16.483578461688012,336,,1.997453775016703,,0.42315784757687214,LatentFlow,0.4293177650714783,,11185.0,,,False,,0.6552234466740933,42,True,,,,single_scale_field
single seed 42; same train/validation/test windows; validation-MSE checkpoint selection,,16,"{'use_adaptive_radius': False, 'use_component_gate': False, 'use_linear_field': False}",9,backbone,0.992825468381246,,,,ETTm1,16.509663825039752,720,,1.986087692569173,,0.45506265746473473,LatentFlow,0.4752089041000321,,10801.0,,,False,,0.6893539759079018,42,True,,,,single_scale_field
single seed 42; same train/validation/test windows; validation-MSE checkpoint selection,,16,"{'use_adaptive_radius': False, 'use_component_gate': False, 'use_linear_field': False}",4,backbone,0.40327287358897074,,,,ETTm1,15.783618682064116,96,,1.9342547836406536,,0.3848063107536549,LatentFlow,0.35092193714216174,,11425.0,,,False,,0.5923866449728267,42,True,,,,single_scale_field
single seed 42; same train/validation/test windows; validation-MSE checkpoint selection,,16,"{'use_adaptive_radius': False, 'use_component_gate': False, 'use_linear_field': False}",3,backbone,0.178044701083785,,,,ETTm2,16.417987973007257,192,,1.9594572009940274,,0.3139254801770679,LatentFlow,0.25364280628944263,,11329.0,,,False,,0.5036296320605477,42,True,,,,single_scale_field
single seed 42; same train/validation/test windows; validation-MSE checkpoint selection,,16,"{'use_adaptive_radius': False, 'use_component_gate': False, 'use_linear_field': False}",4,backbone,0.21995098311073927,,,,ETTm2,15.595918455161154,336,,1.8682331894190827,,0.3507498978586064,LatentFlow,0.31431504204913724,,11185.0,,,False,,0.5606380668926587,42,True,,,,single_scale_field
single seed 42; same train/validation/test windows; validation-MSE checkpoint selection,,16,"{'use_adaptive_radius': False, 'use_component_gate': False, 'use_linear_field': False}",3,backbone,0.3000937275470249,,,,ETTm2,15.954225555062294,720,,1.8828370731368174,,0.406795938135202,LatentFlow,0.4170253118291275,,10801.0,,,False,,0.645774969961772,42,True,,,,single_scale_field
single seed 42; same train/validation/test windows; validation-MSE checkpoint selection,,16,"{'use_adaptive_radius': False, 'use_component_gate': False, 'use_linear_field': False}",3,backbone,0.13230367927324205,,,,ETTm2,15.830949687864631,96,,1.927567713829946,,0.267215262042665,LatentFlow,0.18472033265656304,,11425.0,,,False,,0.42979103370889793,42,True,,,,single_scale_field
single seed 42; same train/validation/test windows; validation-MSE checkpoint selection,,16,"{'use_adaptive_radius': False, 'use_component_gate': False, 'use_linear_field': False}",10,backbone,0.17485946398286434,,,,Electricity,27.93957398692146,192,,1.8376995802755463,,0.2886438990388718,LatentFlow,0.20048914886415622,,5071.0,,,False,,0.4477601465786747,42,True,,,,single_scale_field
single seed 42; same train/validation/test windows; validation-MSE checkpoint selection,,16,"{'use_adaptive_radius': False, 'use_component_gate': False, 'use_linear_field': False}",10,backbone,0.1867531246043263,,,,Electricity,28.63896408583969,336,,1.8610098047136534,,0.30192856457694295,LatentFlow,0.21374910753763496,,4927.0,,,False,,0.46233008504491135,42,True,,,,single_scale_field
single seed 42; same train/validation/test windows; validation-MSE checkpoint selection,,16,"{'use_adaptive_radius': False, 'use_component_gate': False, 'use_linear_field': False}",10,backbone,0.21921038127514927,,,,Electricity,31.252587984781712,720,,1.964158175687258,,0.330497679039224,LatentFlow,0.25150078681160376,,4543.0,,,False,,0.5014985411859179,42,True,,,,single_scale_field
single seed 42; same train/validation/test windows; validation-MSE checkpoint selection,,16,"{'use_adaptive_radius': False, 'use_component_gate': False, 'use_linear_field': False}",10,backbone,0.16724322208610526,,,,Electricity,26.746373330941424,96,,1.7679825183292923,,0.28379520441297684,LatentFlow,0.18972965483943308,,5167.0,,,False,,0.43557967679798043,42,True,,,,single_scale_field
single seed 42; same train/validation/test windows; validation-MSE checkpoint selection,,16,"{'use_adaptive_radius': False, 'use_component_gate': False, 'use_linear_field': False}",10,backbone,0.42591276633490543,,,,Traffic,59.92016494460404,192,,1.8642571010145443,,0.34370144528160657,LatentFlow,0.5031074667055141,,3319.0,,,False,,0.7093006884992529,42,True,,,,single_scale_field
single seed 42; same train/validation/test windows; validation-MSE checkpoint selection,,16,"{'use_adaptive_radius': False, 'use_component_gate': False, 'use_linear_field': False}",9,backbone,0.4275253417280916,,,,Traffic,62.924692462198436,336,,1.8140713101008323,,0.33845061421819445,LatentFlow,0.5090985912778159,,3175.0,,,False,,0.713511451399216,42,True,,,,single_scale_field
single seed 42; same train/validation/test windows; validation-MSE checkpoint selection,,16,"{'use_adaptive_radius': False, 'use_component_gate': False, 'use_linear_field': False}",10,backbone,0.47282105160915044,,,,Traffic,71.19010974199045,720,,1.8360689867839175,,0.3526249481124141,LatentFlow,0.5335233825491241,,2791.0,,,False,,0.7304268495538236,42,True,,,,single_scale_field
single seed 42; same train/validation/test windows; validation-MSE checkpoint selection,,16,"{'use_adaptive_radius': False, 'use_component_gate': False, 'use_linear_field': False}",10,backbone,0.4386224883154023,,,,Traffic,58.85709172813222,96,,1.912908494131456,,0.3366517056054043,LatentFlow,0.49219291302664725,,3415.0,,,False,,0.7015646178554383,42,True,,,,single_scale_field
single seed 42; same train/validation/test windows; validation-MSE checkpoint selection,,16,"{'use_adaptive_radius': False, 'use_component_gate': False, 'use_linear_field': False}",8,backbone,0.5051267961897548,,,,Weather,15.18677851895336,192,,1.8520439834182345,,0.2623833581239865,LatentFlow,0.224815579857386,,10349.0,,,False,,0.4741472132759888,42,True,,,,single_scale_field
single seed 42; same train/validation/test windows; validation-MSE checkpoint selection,,16,"{'use_adaptive_radius': False, 'use_component_gate': False, 'use_linear_field': False}",8,backbone,0.5852085933123046,,,,Weather,14.781748942565173,336,,1.8046664875059288,,0.3009483517007558,LatentFlow,0.2796829294884945,,10205.0,,,False,,0.5288505738755461,42,True,,,,single_scale_field
single seed 42; same train/validation/test windows; validation-MSE checkpoint selection,,16,"{'use_adaptive_radius': False, 'use_component_gate': False, 'use_linear_field': False}",8,backbone,0.6982791496963098,,,,Weather,15.611132905003615,720,,1.9666091059608495,,0.349894281555813,LatentFlow,0.35369463123289824,,9821.0,,,False,,0.5947223143895798,42,True,,,,single_scale_field
single seed 42; same train/validation/test windows; validation-MSE checkpoint selection,,16,"{'use_adaptive_radius': False, 'use_component_gate': False, 'use_linear_field': False}",9,backbone,0.4472440308521664,,,,Weather,15.468812227249146,96,,1.9296637368595912,,0.2195869448177594,LatentFlow,0.17298571385818948,,10445.0,,,False,,0.4159155128847558,42,True,,,,single_scale_field
single seed 42; same train/validation/test windows; validation-MSE checkpoint selection,,16-32-48,{},0,reference,1.1053551515889546,,,2,ETTh1,135.60915422206745,192,,8.398679626023698,,0.4359484592005332,LatentFlow,0.4454155189162745,,2689.0,,,False,,0.6673945751324882,42,True,,,99.3087264301721,single_stochastic
single seed 42; same train/validation/test windows; validation-MSE checkpoint selection,,16-32-48,{},0,reference,1.3696614495750998,,,2,ETTh1,125.74458822002634,336,,7.237073461395465,,0.45415585197978037,LatentFlow,0.4817180077371921,,2545.0,,,False,,0.6940590808693393,42,True,,,92.01292692887364,single_stochastic
single seed 42; same train/validation/test windows; validation-MSE checkpoint selection,,16-32-48,{},0,reference,1.7749115292988127,,,2,ETTh1,127.14098154596286,720,,7.493563181001331,,0.4786009474572534,LatentFlow,0.49215886750318655,,2161.0,,,False,,0.701540353438907,42,True,,,93.08171691795906,single_stochastic
single seed 42; same train/validation/test windows; validation-MSE checkpoint selection,,16-32-48,{},0,reference,0.8182634995097205,,,2,ETTh1,127.27816197602078,96,,7.856798764705831,,0.4114095289177025,LatentFlow,0.4032240676423306,,2785.0,,,False,,0.6349992658596785,42,True,,,92.8687021627411,single_stochastic
single seed 42; same train/validation/test windows; validation-MSE checkpoint selection,,16-32-48,{},1,extension,0.30024742819960154,,,2,ETTh2,133.52081760199508,192,,29.28876770044395,,0.39332440767131316,LatentFlow,0.3716196319992697,,2689.0,,,False,,0.6096061285775182,42,True,,,94.9582258492228,single_stochastic
single seed 42; same train/validation/test windows; validation-MSE checkpoint selection,,16-32-48,{},3,extension,0.3781324708813172,,,2,ETTh2,125.44017717335373,336,,27.560331496186084,,0.4354334215198063,LatentFlow,0.43569761991816314,,2545.0,,,False,,0.6600739503405381,42,True,,,89.1362099093385,single_stochastic
single seed 42; same train/validation/test windows; validation-MSE checkpoint selection,,16-32-48,{},0,reference,0.47616924457449133,,,2,ETTh2,135.85963256191462,720,,8.294573672282606,,0.43879702215362193,LatentFlow,0.4136213828137338,,2161.0,,,False,,0.6431340317645566,42,True,,,99.66173934990366,single_stochastic
single seed 42; same train/validation/test windows; validation-MSE checkpoint selection,,16-32-48,{},0,reference,0.2349353905708071,,,2,ETTh2,127.68105743499473,96,,7.898173125385377,,0.34268046750302417,LatentFlow,0.2934846773242975,,2785.0,,,False,,0.5417422609731471,42,True,,,93.28303832262463,single_stochastic
single seed 42; same train/validation/test windows; validation-MSE checkpoint selection,,8-24-48,{},1,extension,0.5466281267858687,,,2,ETTm1,150.3813368669944,192,,29.2704905311826,,0.3983341080352868,LatentFlow,0.38173786982504926,,11329.0,,,False,,0.6178493908915418,42,True,,,95.67362851794314,single_stochastic
single seed 42; same train/validation/test windows; validation-MSE checkpoint selection,,8-24-48,{},4,extension,0.7077657557398824,,,2,ETTm1,150.74745900090784,336,,29.03164369334336,,0.4304063776214772,LatentFlow,0.448581237728934,,11185.0,,,False,,0.66976207546332,42,True,,,96.1495918341825,single_stochastic
single seed 42; same train/validation/test windows; validation-MSE checkpoint selection,,8-24-48,{},0,reference,1.08290244006606,,,2,ETTm1,140.63626211095834,720,,8.054924972503217,,0.479489364208168,LatentFlow,0.5139667242193918,,10801.0,,,False,,0.7169147259049655,42,True,,,99.73165555079504,single_stochastic
single seed 42; same train/validation/test windows; validation-MSE checkpoint selection,,8-24-48,{},0,reference,0.42316985556057524,,,2,ETTm1,127.76457900553942,96,,7.33211193218054,,0.3788299991861661,LatentFlow,0.34608704034718446,,11425.0,,,False,,0.5882916286563871,42,True,,,90.2756765470258,single_stochastic
single seed 42; same train/validation/test windows; validation-MSE checkpoint selection,,8-16-32,{},1,extension,0.16096406430006027,,,2,ETTm2,151.744567648042,192,,30.364963856342616,,0.30036952135816025,LatentFlow,0.24089718731191592,,11329.0,,,False,,0.4908127823436508,42,True,,,96.10773610656906,single_stochastic
single seed 42; same train/validation/test windows; validation-MSE checkpoint selection,,8-16-32,{},0,reference,0.2224648342110943,,,2,ETTm2,132.43482172116637,336,,7.407842348076211,,0.34600727935710557,LatentFlow,0.3080357600960941,,11185.0,,,False,,0.5550096936956094,42,True,,,93.84250405564671,single_stochastic
single seed 42; same train/validation/test windows; validation-MSE checkpoint selection,,8-16-32,{},3,extension,0.3360198903966833,,,2,ETTm2,151.8434327277355,720,,29.84773108144277,,0.4151396720434687,LatentFlow,0.4279877540964353,,10801.0,,,False,,0.654207730080007,42,True,,,97.21326117432909,single_stochastic
single seed 42; same train/validation/test windows; validation-MSE checkpoint selection,,8-16-32,{},3,extension,0.12564970245437015,,,2,ETTm2,153.77397734101396,96,,29.91847873882222,,0.25862729007283314,LatentFlow,0.1740452593342021,,11425.0,,,False,,0.41718731923945396,42,True,,,97.78724664765832,single_stochastic
single seed 42; same train/validation/test windows; validation-MSE checkpoint selection,,8-16-32,{},10,extension,0.1421757835382902,,,2,Electricity,653.4259952720022,192,,38.51290944077061,,0.2601877983135565,LatentFlow,0.16701881914919234,,5071.0,,,False,,0.4086793598277167,42,True,,,454.7416012343774,single_stochastic
single seed 42; same train/validation/test windows; validation-MSE checkpoint selection,,8-16-32,{},10,extension,0.16023671581655194,,,2,Electricity,657.0915447562002,336,,37.855267004920094,,0.28043713252367425,LatentFlow,0.18720169321528987,,4927.0,,,False,,0.43266810977386566,42,True,,,459.6492581174971,single_stochastic
single seed 42; same train/validation/test windows; validation-MSE checkpoint selection,,8-16-32,{},8,extension,0.2004172745798511,,,2,Electricity,708.887905288022,720,,42.357661675520546,,0.30570118715612143,LatentFlow,0.21576617125481448,,4543.0,,,False,,0.4645063737504734,42,True,,,498.6558442811656,single_stochastic
single seed 42; same train/validation/test windows; validation-MSE checkpoint selection,,8-16-32,{},10,extension,0.13334896689098408,,,2,Electricity,632.4895120109431,96,,36.533230783186795,,0.24926648262964968,LatentFlow,0.15414099290165742,,5167.0,,,False,,0.39260793789944876,42,True,,,440.4383263328782,single_stochastic
single seed 42; same train/validation/test windows; validation-MSE checkpoint selection,,8-16-32,{},10,extension,0.36936502046085995,,,2,Traffic,1299.8100258089835,192,,87.12095468924245,,0.2970051496572115,LatentFlow,0.4471182944293055,,3319.0,,,False,,0.6686690470100328,42,True,,,940.785928000787,single_stochastic
single seed 42; same train/validation/test windows; validation-MSE checkpoint selection,,8-16-32,{},9,extension,0.3796036868878097,,,2,Traffic,1361.038773807697,336,,91.43354204563292,,0.29701668005862664,LatentFlow,0.4569479459462869,,3175.0,,,False,,0.675979249641797,42,True,,,987.093744746744,single_stochastic
single seed 42; same train/validation/test windows; validation-MSE checkpoint selection,,8-16-32,{},9,extension,0.4084820570277422,,,2,Traffic,1497.6870079759974,720,,100.51831875597568,,0.3167547796228352,LatentFlow,0.49023240753075686,,2791.0,,,False,,0.7001659856996459,42,True,,,1093.7877656882847,single_stochastic
single seed 42; same train/validation/test windows; validation-MSE checkpoint selection,,8-16-32,{},10,extension,0.3689707913144282,,,2,Traffic,1283.6249684803188,96,,86.6252548704055,,0.2894572227338514,LatentFlow,0.4265914618751568,,3415.0,,,False,,0.6531396955285728,42,True,,,926.1181197347469,single_stochastic
single seed 42; same train/validation/test windows; validation-MSE checkpoint selection,,8-16-32,{},2,extension,0.47644800357717687,,,2,Weather,221.79349784180522,192,,43.93542216830822,,0.25668753119773113,LatentFlow,0.21545935358093243,,10349.0,,,False,,0.46417599418855393,42,True,,,145.39154820631666,single_stochastic
single seed 42; same train/validation/test windows; validation-MSE checkpoint selection,,8-16-32,{},4,extension,0.5473566266144214,,,2,Weather,216.79292232496664,336,,42.966963434826184,,0.2994727683709855,LatentFlow,0.2732496259377997,,10205.0,,,False,,0.5227328437527144,42,True,,,142.33626023669785,single_stochastic
single seed 42; same train/validation/test windows; validation-MSE checkpoint selection,,8-16-32,{},2,extension,0.7109109437865134,,,2,Weather,222.5541020410019,720,,45.189862529856754,,0.3501745205573617,LatentFlow,0.3516165478524543,,9821.0,,,False,,0.5929726366810313,42,True,,,146.49886524452995,single_stochastic
single seed 42; same train/validation/test windows; validation-MSE checkpoint selection,,8-16-32,{},1,extension,0.44730961732763463,,,2,Weather,218.12526322575286,96,,41.80191874936131,,0.21743000207358232,LatentFlow,0.17093490552122148,,10445.0,,,False,,0.4134427475736169,42,True,,,143.446672245409,single_stochastic
single seed 42; same train/validation/test windows; validation-MSE checkpoint selection,,16-32-48,{},2,extension,1.0995673395338512,,,2,ETTh1,86.70208763300616,192,,19.474843419265017,,0.44195515473320574,LatentFlow,0.455599141738606,,2689.0,,,False,,0.6749808454605256,42,True,,,59.511291292972146,x_to_z
single seed 42; same train/validation/test windows; validation-MSE checkpoint selection,,16-32-48,{},0,reference,1.3696614495750998,,,2,ETTh1,83.82752277469262,336,,7.686846553571994,,0.45415585197978037,LatentFlow,0.4817180077371921,,2545.0,,,False,,0.6940590808693393,42,True,,,58.859092931379564,x_to_z
single seed 42; same train/validation/test windows; validation-MSE checkpoint selection,,16-32-48,{},0,reference,1.7749115292988127,,,2,ETTh1,85.94431252591312,720,,8.039957746418555,,0.4786009474572534,LatentFlow,0.49215886750318655,,2161.0,,,False,,0.701540353438907,42,True,,,60.58011138266011,x_to_z
single seed 42; same train/validation/test windows; validation-MSE checkpoint selection,,16-32-48,{},0,reference,0.8182634995097205,,,2,ETTh1,83.47338552679867,96,,8.100313290609101,,0.4114095289177025,LatentFlow,0.4032240676423306,,2785.0,,,False,,0.6349992658596785,42,True,,,58.54968622879824,x_to_z
single seed 42; same train/validation/test windows; validation-MSE checkpoint selection,,16-32-48,{},0,reference,0.3008927445090006,,,2,ETTh2,85.61021566099953,192,,7.916037394793448,,0.3902497946414888,LatentFlow,0.36935875294162884,,2689.0,,,False,,0.6077489226165924,42,True,,,60.16216208518017,x_to_z
single seed 42; same train/validation/test windows; validation-MSE checkpoint selection,,16-32-48,{},3,extension,0.37632777198912604,,,2,ETTh2,87.01442013587803,336,,19.40709157092379,,0.43147245582256416,LatentFlow,0.42784848585435065,,2545.0,,,False,,0.6541012810370812,42,True,,,59.86965149968455,x_to_z
single seed 42; same train/validation/test windows; validation-MSE checkpoint selection,,16-32-48,{},0,reference,0.47616924457449133,,,2,ETTh2,88.32715481997002,720,,8.132726034851494,,0.43879702215362193,LatentFlow,0.4136213828137338,,2161.0,,,False,,0.6431340317645566,42,True,,,62.20080009452431,x_to_z
single seed 42; same train/validation/test windows; validation-MSE checkpoint selection,,16-32-48,{},0,reference,0.2349353905708071,,,2,ETTh2,84.8365559540689,96,,7.909885376175015,,0.34268046750302417,LatentFlow,0.2934846773242975,,2785.0,,,False,,0.5417422609731471,42,True,,,59.53240713570267,x_to_z
single seed 42; same train/validation/test windows; validation-MSE checkpoint selection,,8-24-48,{},1,extension,0.5459572419760719,,,2,ETTm1,100.62984018074349,192,,19.757522833882668,,0.39883814063310974,LatentFlow,0.382457682810696,,11329.0,,,False,,0.6184316314765085,42,True,,,61.74622451944742,x_to_z
single seed 42; same train/validation/test windows; validation-MSE checkpoint selection,,8-24-48,{},4,extension,0.7109538073442421,,,2,ETTm1,101.17032252810895,336,,19.747288847598313,,0.4292173146643989,LatentFlow,0.443761531348448,,11185.0,,,False,,0.6661542849433966,42,True,,,62.15256509713072,x_to_z
single seed 42; same train/validation/test windows; validation-MSE checkpoint selection,,8-24-48,{},0,reference,1.08290244006606,,,2,ETTm1,90.77030003070831,720,,8.062419680552418,,0.479489364208168,LatentFlow,0.5139667242193918,,10801.0,,,False,,0.7169147259049655,42,True,,,60.72187393765489,x_to_z
single seed 42; same train/validation/test windows; validation-MSE checkpoint selection,,8-24-48,{},0,reference,0.42316985556057524,,,2,ETTm1,89.01984129904304,96,,7.561471991320657,,0.3788299991861661,LatentFlow,0.34608704034718446,,11425.0,,,False,,0.5882916286563871,42,True,,,59.58066386010614,x_to_z
single seed 42; same train/validation/test windows; validation-MSE checkpoint selection,,8-16-32,{},0,reference,0.16143574033464705,,,2,ETTm2,89.04024302912876,192,,7.841764810946908,,0.3007856170117437,LatentFlow,0.24118935215299755,,11329.0,,,False,,0.4911103258464411,42,True,,,59.49965280960896,x_to_z
single seed 42; same train/validation/test windows; validation-MSE checkpoint selection,,8-16-32,{},0,reference,0.2224648342110943,,,2,ETTm2,89.73635055311024,336,,7.842901124776391,,0.34600727935710557,LatentFlow,0.3080357600960941,,11185.0,,,False,,0.5550096936956094,42,True,,,59.99454341872479,x_to_z
single seed 42; same train/validation/test windows; validation-MSE checkpoint selection,,8-16-32,{},0,reference,0.33930370441820257,,,2,ETTm2,92.69211070000893,720,,7.93311408083908,,0.4080426387217376,LatentFlow,0.4151268912819473,,10801.0,,,False,,0.6443034155442195,42,True,,,62.26376776721736,x_to_z
single seed 42; same train/validation/test windows; validation-MSE checkpoint selection,,8-16-32,{},1,extension,0.12650340074111546,,,2,ETTm2,100.94964115601033,96,,20.525098943542087,,0.2579367972498476,LatentFlow,0.17296485261568317,,11425.0,,,False,,0.4158904334265014,42,True,,,61.503947664095904,x_to_z
single seed 42; same train/validation/test windows; validation-MSE checkpoint selection,,8-16-32,{},10,extension,0.14181166208504228,,,2,Electricity,484.43321803899016,192,,25.610653761429287,,0.25830174621423135,LatentFlow,0.16636121636067946,,5071.0,,,False,,0.4078740202080533,42,True,,,335.308544709369,x_to_z
single seed 42; same train/validation/test windows; validation-MSE checkpoint selection,,8-16-32,{},10,extension,0.1603651059013985,,,2,Electricity,481.28400807408616,336,,25.687219693923627,,0.2783875160099421,LatentFlow,0.18617677000699562,,4927.0,,,False,,0.4314820622076839,42,True,,,334.2359992548154,x_to_z
single seed 42; same train/validation/test windows; validation-MSE checkpoint selection,,8-16-32,{},10,extension,0.1992830698804018,,,2,Electricity,530.0023015079787,720,,29.179234947513205,,0.30346327184260197,LatentFlow,0.212913765139053,,4543.0,,,False,,0.46142579591853444,42,True,,,369.66894984216196,x_to_z
single seed 42; same train/validation/test windows; validation-MSE checkpoint selection,,8-16-32,{},10,extension,0.13281051099155963,,,2,Electricity,461.93846878409386,96,,24.895378911160222,,0.2470866191020482,LatentFlow,0.1534682090887045,,5167.0,,,False,,0.39175018709466436,42,True,,,318.28449804888805,x_to_z
single seed 42; same train/validation/test windows; validation-MSE checkpoint selection,,8-16-32,{},10,extension,0.3685582407542989,,,2,Traffic,1117.826655213721,192,,75.2497292354316,,0.296057578247354,LatentFlow,0.4468938625299472,,3319.0,,,False,,0.6685012060796504,42,True,,,805.1109215171891,x_to_z
single seed 42; same train/validation/test windows; validation-MSE checkpoint selection,,8-16-32,{},9,extension,0.37908674124981584,,,2,Traffic,1168.4209035569802,336,,78.26848068824884,,0.2967589789272099,LatentFlow,0.45790117599406077,,3175.0,,,False,,0.6766839557681715,42,True,,,844.8200593884394,x_to_z
single seed 42; same train/validation/test windows; validation-MSE checkpoint selection,,8-16-32,{},9,extension,0.4084235293375336,,,2,Traffic,1263.3802381888963,720,,85.19486012740126,,0.31711205654414454,LatentFlow,0.491300669579911,,2791.0,,,False,,0.7009284339930225,42,True,,,919.4167589579592,x_to_z
single seed 42; same train/validation/test windows; validation-MSE checkpoint selection,,8-16-32,{},10,extension,0.3681574366884952,,,2,Traffic,1101.1872062089387,96,,74.60618652447079,,0.287641094376862,LatentFlow,0.42429101586717255,,3415.0,,,False,,0.6513762475460496,42,True,,,792.1552157805309,x_to_z
single seed 42; same train/validation/test windows; validation-MSE checkpoint selection,,8-16-32,{},2,extension,0.4754869117938652,,,2,Weather,100.54889177999576,192,,19.828013720576536,,0.25723934027750817,LatentFlow,0.21603752047425823,,10349.0,,,False,,0.46479836539542413,42,True,,,62.833166700784204,x_to_z
single seed 42; same train/validation/test windows; validation-MSE checkpoint selection,,8-16-32,{},3,extension,0.5454722730300684,,,2,Weather,100.35890677990392,336,,19.186120192555464,,0.29931887587636646,LatentFlow,0.2729688269638306,,10205.0,,,False,,0.5224641872548114,42,True,,,63.118514786765445,x_to_z
single seed 42; same train/validation/test windows; validation-MSE checkpoint selection,,8-16-32,{},2,extension,0.7095201327476972,,,2,Weather,104.02584941405803,720,,20.87581644726467,,0.35067685489849154,LatentFlow,0.35225412389049454,,9821.0,,,False,,0.5935100031932862,42,True,,,65.50019441274344,x_to_z
single seed 42; same train/validation/test windows; validation-MSE checkpoint selection,,8-16-32,{},1,extension,0.44759353648417843,,,2,Weather,101.34469899022952,96,,20.372320089586502,,0.21734143312017948,LatentFlow,0.1709421566489261,,10445.0,,,False,,0.4134515166847572,42,True,,,63.12894908878661,x_to_z
