bank,batch_size,best_epoch,best_stage,best_validation_mse,candidate,checkpoint,config_hash,continuation,continuation_unfreeze_blocks,cross_process_exchange,dataset,effective_batch_size,elapsed_seconds,enhancement_protocol,experiment,extension_epochs,final_candidate,gradient_clip,head_learning_rate,horizon,inducing_points,inference_ms_batch,inference_reference_only,latent_dim,learning_rate,mae,max_train_windows,max_validation_windows,model,mse,nll_weight,num_windows,parameters,patch_lens,pre_repair_mae,pre_repair_mse,primal_dual,reference_epochs,repair_mae_delta,repair_mse_delta,representation_weight,result_path,result_sha256,reused_source,rmse,scale,seed,selected_config,selected_patch_lens,selection_protocol,selector_repair_evaluation_only,selector_state_restored,seq_len,structural_only,trainable_parameters,training_ms_optimizer_step,validation_selected_stage,variant,weight_decay,wide_batch_size
on,16,2,extension,1.01528117309014,,/work/11617/sujato_ts/vista/motion_code-master/physics_modal_v4/enhancements/results/central/checkpoints/early_fusion/seed42/ETTh1/h192.pt,fbcb9569338b7d7f,early,2,False,ETTh1,16,139.06562549993396,latentflow-central-all28-five-seed-no-exchange-v2-selector-safe,central,10,latentflow_process_preserving_unfreeze2,5.0,0.001,192,,26.83365097392105,False,,0.0007,0.43659133121090765,2048,1024,LatentFlow,0.44443473521383264,0.02,2689.0,1535526,,0.4359484592005332,0.4454155189162745,False,2,0.0006428720103744401,-0.0009807837024418675,,/work/11617/sujato_ts/vista/motion_code-master/physics_modal_v4/enhancements/results/central/runs/early_fusion/seed42/ETTh1/h192.json,71d126580215db610a4b80681b64ec750866d67347226d8ccea303dd025bdae7,,0.6666593847039376,multiscale,42,"{'inducing_points': 32, 'latent_dim': 16, 'patch_lens': [16, 32, 48], 'representation_weight': 0.05}",16-32-48,,True,True,96,False,0,103.69468307253555,extension,early_fusion,0.0001,4
on,16,0,reference,1.2844313245241334,,/work/11617/sujato_ts/vista/motion_code-master/physics_modal_v4/enhancements/results/central/checkpoints/early_fusion/seed42/ETTh1/h336.pt,33839b861a930e31,early,2,False,ETTh1,16,137.89211094379425,latentflow-central-all28-five-seed-no-exchange-v2-selector-safe,central,10,latentflow_process_preserving_unfreeze2,5.0,0.001,336,,8.573439032284401,True,,0.0007,0.45415585197978037,2048,1024,LatentFlow,0.4817180077371921,0.02,2545.0,1676686,,0.45415585197978037,0.4817180077371921,False,2,0.0,0.0,,/work/11617/sujato_ts/vista/motion_code-master/physics_modal_v4/enhancements/results/central/runs/early_fusion/seed42/ETTh1/h336.json,93d67c8ccd1779ea477122b4f100b1d9093793e90778938c22f0885d899ba67f,,0.6940590808693393,multiscale,42,"{'inducing_points': 32, 'latent_dim': 16, 'patch_lens': [16, 32, 48], 'representation_weight': 0.05}",16-32-48,,True,True,96,False,0,102.8226685772097,reference,early_fusion,0.0001,4
on,16,1,extension,1.5587898814488972,,/work/11617/sujato_ts/vista/motion_code-master/physics_modal_v4/enhancements/results/central/checkpoints/early_fusion/seed42/ETTh1/h720.pt,b1d266b2e43a58a0,early,2,False,ETTh1,16,135.75909433467314,latentflow-central-all28-five-seed-no-exchange-v2-selector-safe,central,10,latentflow_process_preserving_unfreeze2,5.0,0.001,720,,30.697830757230463,False,,0.0007,0.4753155116962481,2048,1024,LatentFlow,0.48018551187044595,0.02,2161.0,2055222,,0.4786009474572534,0.49215886750318655,False,2,-0.0032854357610053175,-0.011973355632740601,,/work/11617/sujato_ts/vista/motion_code-master/physics_modal_v4/enhancements/results/central/runs/early_fusion/seed42/ETTh1/h720.json,c7bb5dece84b54f250ed5cbb5506620617fb7890a061d39ccf2a654eacfd1f21,,0.6929541917547263,multiscale,42,"{'inducing_points': 32, 'latent_dim': 16, 'patch_lens': [16, 32, 48], 'representation_weight': 0.05}",16-32-48,,True,True,96,False,0,101.43807456734066,extension,early_fusion,0.0001,4
on,16,0,reference,0.7638911305084115,,/work/11617/sujato_ts/vista/motion_code-master/physics_modal_v4/enhancements/results/central/checkpoints/early_fusion/seed42/ETTh1/h96.pt,8ca4b8a09e8f4881,early,2,False,ETTh1,16,132.95482245704625,latentflow-central-all28-five-seed-no-exchange-v2-selector-safe,central,10,latentflow_process_preserving_unfreeze2,5.0,0.001,96,,8.019535581586679,True,,0.0007,0.4114095289177025,2048,1024,LatentFlow,0.4032240676423306,0.02,2785.0,1441682,,0.4114095289177025,0.4032240676423306,False,2,0.0,0.0,,/work/11617/sujato_ts/vista/motion_code-master/physics_modal_v4/enhancements/results/central/runs/early_fusion/seed42/ETTh1/h96.json,a74709bebba0d2fa59adeb72015517c5c9b72cce40bf2245122a3d2db45eeb4c,,0.6349992658596785,multiscale,42,"{'inducing_points': 32, 'latent_dim': 16, 'patch_lens': [16, 32, 48], 'representation_weight': 0.05}",16-32-48,,True,True,96,False,0,98.9067408898336,reference,early_fusion,0.0001,4
on,16,0,reference,0.2718099478987001,,/work/11617/sujato_ts/vista/motion_code-master/physics_modal_v4/enhancements/results/central/checkpoints/early_fusion/seed42/ETTh2/h192.pt,11a47eb78bde4113,early,2,False,ETTh2,16,124.3465985096991,latentflow-central-all28-five-seed-no-exchange-v2-selector-safe,central,10,latentflow_process_preserving_unfreeze2,5.0,0.001,192,,7.499587895002907,True,,0.0007,0.3902497946414888,2048,1024,LatentFlow,0.36935875294162884,0.02,2689.0,1505278,,0.3902497946414888,0.36935875294162884,False,2,0.0,0.0,,/work/11617/sujato_ts/vista/motion_code-master/physics_modal_v4/enhancements/results/central/runs/early_fusion/seed42/ETTh2/h192.json,124d12b8c6006a7467734c84d1e159ac8585919a65b15ecb7b093763e86f2b93,,0.6077489226165924,multiscale,42,"{'inducing_points': 32, 'latent_dim': 8, 'patch_lens': [16, 32, 48], 'representation_weight': 0.001}",16-32-48,,True,True,96,False,0,92.66338037705282,reference,early_fusion,0.0001,4
on,16,0,reference,0.3575856243672014,,/work/11617/sujato_ts/vista/motion_code-master/physics_modal_v4/enhancements/results/central/checkpoints/early_fusion/seed42/ETTh2/h336.pt,bf047e0667f8c3c5,early,2,False,ETTh2,16,137.98650584369898,latentflow-central-all28-five-seed-no-exchange-v2-selector-safe,central,10,latentflow_process_preserving_unfreeze2,5.0,0.001,336,,7.886197359030005,True,,0.0007,0.42654472275517485,2048,1024,LatentFlow,0.41643647069421075,0.02,2545.0,1646438,,0.42654472275517485,0.41643647069421075,False,2,0.0,0.0,,/work/11617/sujato_ts/vista/motion_code-master/physics_modal_v4/enhancements/results/central/runs/early_fusion/seed42/ETTh2/h336.json,a655c78b39ef368d3156116da10dcdf31fe0fdc6608ad0f892e7c18283212194,,0.6453188906999475,multiscale,42,"{'inducing_points': 32, 'latent_dim': 8, 'patch_lens': [16, 32, 48], 'representation_weight': 0.001}",16-32-48,,True,True,96,False,0,102.95657257083803,reference,early_fusion,0.0001,4
on,16,0,reference,0.6150716898933289,,/work/11617/sujato_ts/vista/motion_code-master/physics_modal_v4/enhancements/results/central/checkpoints/early_fusion/seed42/ETTh2/h720.pt,494925d821ff7072,early,2,False,ETTh2,16,138.48688999190927,latentflow-central-all28-five-seed-no-exchange-v2-selector-safe,central,10,latentflow_process_preserving_unfreeze2,5.0,0.001,720,,7.977762554925102,True,,0.0007,0.43879702215362193,2048,1024,LatentFlow,0.4136213828137338,0.02,2161.0,2024974,,0.43879702215362193,0.4136213828137338,False,2,0.0,0.0,,/work/11617/sujato_ts/vista/motion_code-master/physics_modal_v4/enhancements/results/central/runs/early_fusion/seed42/ETTh2/h720.json,00e9d12f5bed07f0903551beaa5b5756ec54d1408486324391c5c7f965bf2b24,,0.6431340317645566,multiscale,42,"{'inducing_points': 32, 'latent_dim': 8, 'patch_lens': [16, 32, 48], 'representation_weight': 0.001}",16-32-48,,True,True,96,False,0,103.33062952377077,reference,early_fusion,0.0001,4
on,16,0,reference,0.21927327236958913,,/work/11617/sujato_ts/vista/motion_code-master/physics_modal_v4/enhancements/results/central/checkpoints/early_fusion/seed42/ETTh2/h96.pt,3f31f0d8a8062537,early,2,False,ETTh2,16,133.7054725449998,latentflow-central-all28-five-seed-no-exchange-v2-selector-safe,central,10,latentflow_process_preserving_unfreeze2,5.0,0.001,96,,7.545407107799728,True,,0.0007,0.34268046750302417,2048,1024,LatentFlow,0.2934846773242975,0.02,2785.0,1411434,,0.34268046750302417,0.2934846773242975,False,2,0.0,0.0,,/work/11617/sujato_ts/vista/motion_code-master/physics_modal_v4/enhancements/results/central/runs/early_fusion/seed42/ETTh2/h96.json,a5fad190da4587792358d0b8fe6f4b2d5356920d35e1e8e0f27f111a1b14b44c,,0.5417422609731471,multiscale,42,"{'inducing_points': 32, 'latent_dim': 8, 'patch_lens': [16, 32, 48], 'representation_weight': 0.001}",16-32-48,,True,True,96,False,0,99.66435648439074,reference,early_fusion,0.0001,4
on,16,1,extension,0.5081209504001197,,/work/11617/sujato_ts/vista/motion_code-master/physics_modal_v4/enhancements/results/central/checkpoints/early_fusion/seed42/ETTm1/h192.pt,84f6af2e5414de37,early,2,False,ETTm1,16,146.7556451074779,latentflow-central-all28-five-seed-no-exchange-v2-selector-safe,central,10,latentflow_process_preserving_unfreeze2,5.0,0.001,192,,28.412991175704665,False,,0.0007,0.3974948110709881,2048,1024,LatentFlow,0.38126174485502706,0.02,11329.0,1493398,,0.399763873331066,0.38498163545956293,False,2,-0.002269062260077892,-0.0037198906045358693,,/work/11617/sujato_ts/vista/motion_code-master/physics_modal_v4/enhancements/results/central/runs/early_fusion/seed42/ETTm1/h192.json,4add32b55829ecc1532e45a03e489d12b5b92a6ec4964a4543b918dc0468b461,,0.6174639623937798,multiscale,42,"{'inducing_points': 32, 'latent_dim': 8, 'patch_lens': [8, 24, 48], 'representation_weight': 0.01}",8-24-48,,True,True,96,False,0,105.81532658543438,extension,early_fusion,0.0001,4
on,16,4,extension,0.6516235282226485,,/work/11617/sujato_ts/vista/motion_code-master/physics_modal_v4/enhancements/results/central/checkpoints/early_fusion/seed42/ETTm1/h336.pt,8790f0f96541113c,early,2,False,ETTm1,16,145.3279213591013,latentflow-central-all28-five-seed-no-exchange-v2-selector-safe,central,10,latentflow_process_preserving_unfreeze2,5.0,0.001,336,,29.059027426543892,False,,0.0007,0.428001585542048,2048,1024,LatentFlow,0.43327778246258614,0.02,11185.0,1636816,,0.4212892901389582,0.4229558263398904,False,2,0.006712295403089763,0.010321956122695763,,/work/11617/sujato_ts/vista/motion_code-master/physics_modal_v4/enhancements/results/central/runs/early_fusion/seed42/ETTm1/h336.json,22ea46c9b832d6f5029fa41f50f88d3726a2846eb3c89c290ae6bc932f728541,,0.6582383933367805,multiscale,42,"{'inducing_points': 32, 'latent_dim': 8, 'patch_lens': [8, 24, 48], 'representation_weight': 0.01}",8-24-48,,True,True,96,False,0,105.04933235461067,extension,early_fusion,0.0001,4
on,16,2,extension,0.9845353054621863,,/work/11617/sujato_ts/vista/motion_code-master/physics_modal_v4/enhancements/results/central/checkpoints/early_fusion/seed42/ETTm1/h720.pt,d273b454243c75a9,early,2,False,ETTm1,16,143.5899558905512,latentflow-central-all28-five-seed-no-exchange-v2-selector-safe,central,10,latentflow_process_preserving_unfreeze2,5.0,0.001,720,,28.94771458889919,False,,0.0007,0.4782782794327774,2048,1024,LatentFlow,0.5133889158423314,0.02,10801.0,2026480,,0.479489364208168,0.5139667242193918,False,2,-0.001211084775390614,-0.0005778083770604514,,/work/11617/sujato_ts/vista/motion_code-master/physics_modal_v4/enhancements/results/central/runs/early_fusion/seed42/ETTm1/h720.json,227fc2c383f668aaafa83cc1ab4499fbea3bc37689670f813e576585e14cdc1f,,0.7165116299421325,multiscale,42,"{'inducing_points': 32, 'latent_dim': 8, 'patch_lens': [8, 24, 48], 'representation_weight': 0.01}",8-24-48,,True,True,96,False,0,103.79029447358334,extension,early_fusion,0.0001,4
on,16,0,reference,0.39560971763871966,,/work/11617/sujato_ts/vista/motion_code-master/physics_modal_v4/enhancements/results/central/checkpoints/early_fusion/seed42/ETTm1/h96.pt,80c75fa53c8079cf,early,2,False,ETTm1,16,137.57599274301901,latentflow-central-all28-five-seed-no-exchange-v2-selector-safe,central,10,latentflow_process_preserving_unfreeze2,5.0,0.001,96,,7.287491321939907,True,,0.0007,0.3788299991861661,2048,1024,LatentFlow,0.34608704034718446,0.02,11425.0,1398606,,0.3788299991861661,0.34608704034718446,False,2,0.0,0.0,,/work/11617/sujato_ts/vista/motion_code-master/physics_modal_v4/enhancements/results/central/runs/early_fusion/seed42/ETTm1/h96.json,3f8c0566878d61f09e7b81227db114ecf8a736d52a88b36aa654be72d8fee6bb,,0.5882916286563871,multiscale,42,"{'inducing_points': 32, 'latent_dim': 8, 'patch_lens': [8, 24, 48], 'representation_weight': 0.01}",8-24-48,,True,True,96,False,0,99.10370050947677,reference,early_fusion,0.0001,4
on,16,2,extension,0.16821035450058325,,/work/11617/sujato_ts/vista/motion_code-master/physics_modal_v4/enhancements/results/central/checkpoints/early_fusion/seed42/ETTm2/h192.pt,b28c525e697aa349,early,2,False,ETTm2,16,135.6735799089074,latentflow-central-all28-five-seed-no-exchange-v2-selector-safe,central,10,latentflow_process_preserving_unfreeze2,5.0,0.001,192,,31.3002100218314,False,,0.0007,0.29984818709297045,2048,1024,LatentFlow,0.24014603967829654,0.02,11329.0,1468534,,0.3007856170117437,0.24118935215299755,False,2,-0.0009374299187732693,-0.0010433124747010192,,/work/11617/sujato_ts/vista/motion_code-master/physics_modal_v4/enhancements/results/central/runs/early_fusion/seed42/ETTm2/h192.json,7145464de329b7e34718e17e9473be2a82f6f71250436892003c49cbfef534d4,,0.4900469770116907,multiscale,42,"{'inducing_points': 16, 'latent_dim': 8, 'patch_lens': [8, 16, 32], 'representation_weight': 0.001}",8-16-32,,True,True,96,False,0,98.09019625627116,extension,early_fusion,0.0001,4
on,16,0,reference,0.21736542302734999,,/work/11617/sujato_ts/vista/motion_code-master/physics_modal_v4/enhancements/results/central/checkpoints/early_fusion/seed42/ETTm2/h336.pt,9d5edaf9fb5cf7ee,early,2,False,ETTm2,16,140.89439762104303,latentflow-central-all28-five-seed-no-exchange-v2-selector-safe,central,10,latentflow_process_preserving_unfreeze2,5.0,0.001,336,,7.71786968499278,True,,0.0007,0.34600727935710557,2048,1024,LatentFlow,0.3080357600960941,0.02,11185.0,1612484,,0.34600727935710557,0.3080357600960941,False,2,0.0,0.0,,/work/11617/sujato_ts/vista/motion_code-master/physics_modal_v4/enhancements/results/central/runs/early_fusion/seed42/ETTm2/h336.json,410cc876c545be23de0f11355b1bb14e58d33453818406dc66beefc5007baee0,,0.5550096936956094,multiscale,42,"{'inducing_points': 16, 'latent_dim': 8, 'patch_lens': [8, 16, 32], 'representation_weight': 0.001}",8-16-32,,True,True,96,False,0,101.66290291481346,reference,early_fusion,0.0001,4
on,16,0,reference,0.3068215714560615,,/work/11617/sujato_ts/vista/motion_code-master/physics_modal_v4/enhancements/results/central/checkpoints/early_fusion/seed42/ETTm2/h720.pt,c51022add974c6da,early,2,False,ETTm2,16,145.4676055959426,latentflow-central-all28-five-seed-no-exchange-v2-selector-safe,central,10,latentflow_process_preserving_unfreeze2,5.0,0.001,720,,7.8734794012561045,True,,0.0007,0.4080426387217376,2048,1024,LatentFlow,0.4151268912819473,0.02,10801.0,2004620,,0.4080426387217376,0.4151268912819473,False,2,0.0,0.0,,/work/11617/sujato_ts/vista/motion_code-master/physics_modal_v4/enhancements/results/central/runs/early_fusion/seed42/ETTm2/h720.json,f98d0298bd219cd7916a50d3e842f18018975b5677870fb4c57415629591a2d7,,0.6443034155442195,multiscale,42,"{'inducing_points': 16, 'latent_dim': 8, 'patch_lens': [8, 16, 32], 'representation_weight': 0.001}",8-16-32,,True,True,96,False,0,105.3109262662474,reference,early_fusion,0.0001,4
on,16,3,extension,0.1287894578916686,,/work/11617/sujato_ts/vista/motion_code-master/physics_modal_v4/enhancements/results/central/checkpoints/early_fusion/seed42/ETTm2/h96.pt,45118c9304fe5f05,early,2,False,ETTm2,16,144.47042790800333,latentflow-central-all28-five-seed-no-exchange-v2-selector-safe,central,10,latentflow_process_preserving_unfreeze2,5.0,0.001,96,,27.84756852933016,False,,0.0007,0.25744357159054004,2048,1024,LatentFlow,0.1726327552489344,0.02,11425.0,1373530,,0.25868614344245583,0.17370339504912508,False,2,-0.0012425718519157858,-0.0010706398001906758,,/work/11617/sujato_ts/vista/motion_code-master/physics_modal_v4/enhancements/results/central/runs/early_fusion/seed42/ETTm2/h96.json,ac227bcf8c5996c0e7f187c9eb933ffd899cf756ac7f4da3d2193311758543e6,,0.41549098094776304,multiscale,42,"{'inducing_points': 16, 'latent_dim': 8, 'patch_lens': [8, 16, 32], 'representation_weight': 0.001}",8-16-32,,True,True,96,False,0,103.93230629852042,extension,early_fusion,0.0001,4
on,16,10,extension,0.14375060651285007,,/work/11617/sujato_ts/vista/motion_code-master/physics_modal_v4/enhancements/results/central/checkpoints/early_fusion/seed42/Electricity/h192.pt,f28058b6fb25fbe0,early,2,False,Electricity,16,654.6276087015867,latentflow-central-all28-five-seed-no-exchange-v2-selector-safe,central,10,latentflow_process_preserving_unfreeze2,5.0,0.001,192,,39.32055534050457,False,,0.0007,0.3301638030774792,2048,1024,LatentFlow,0.22461124634143798,0.02,5071.0,1482127,,0.26660545980262707,0.17576380106547018,False,2,0.06355834327485216,0.048847445275967794,,/work/11617/sujato_ts/vista/motion_code-master/physics_modal_v4/enhancements/results/central/runs/early_fusion/seed42/Electricity/h192.json,4f6531596bdc72482c9f179f976ff7ecbc9f308f7c63f4bdaa93491d1e36dd78,,0.47393168953071496,multiscale,42,"{'inducing_points': 32, 'latent_dim': 16, 'patch_lens': [8, 16, 32], 'representation_weight': 0.001}",8-16-32,,True,True,96,False,0,488.5646989030647,extension,early_fusion,0.0001,4
on,16,10,extension,0.16076926052561502,,/work/11617/sujato_ts/vista/motion_code-master/physics_modal_v4/enhancements/results/central/checkpoints/early_fusion/seed42/Electricity/h336.pt,80f1f8956adae329,early,2,False,Electricity,16,695.0506210206077,latentflow-central-all28-five-seed-no-exchange-v2-selector-safe,central,10,latentflow_process_preserving_unfreeze2,5.0,0.001,336,,38.492055367526966,False,,0.0007,0.3299350338179757,2048,1024,LatentFlow,0.2229526166063077,0.02,4927.0,1626077,,0.2852614630619167,0.19472323194298286,False,2,0.04467357075605899,0.028229384663324836,,/work/11617/sujato_ts/vista/motion_code-master/physics_modal_v4/enhancements/results/central/runs/early_fusion/seed42/Electricity/h336.json,cec5fae3e6cee5798a4218d6f6ca0803156303f315e525484e29dd8665554dd5,,0.47217858550161684,multiscale,42,"{'inducing_points': 32, 'latent_dim': 16, 'patch_lens': [8, 16, 32], 'representation_weight': 0.001}",8-16-32,,True,True,96,False,0,519.4003468641313,extension,early_fusion,0.0001,4
on,16,10,extension,0.19375041550358674,,/work/11617/sujato_ts/vista/motion_code-master/physics_modal_v4/enhancements/results/central/checkpoints/early_fusion/seed42/Electricity/h720.pt,d80a368c2eff3d75,early,2,False,Electricity,16,692.3869653567672,latentflow-central-all28-five-seed-no-exchange-v2-selector-safe,central,10,latentflow_process_preserving_unfreeze2,5.0,0.001,720,,43.31769595642096,False,,0.0007,0.35228178049674863,2048,1024,LatentFlow,0.2552536939048094,0.02,4543.0,2018213,,0.3171761386624937,0.23362635671988644,False,2,0.03510564183425491,0.021627337184922962,,/work/11617/sujato_ts/vista/motion_code-master/physics_modal_v4/enhancements/results/central/runs/early_fusion/seed42/Electricity/h720.json,be01c0cde7c2c87d0719c7ba5d7c9c233bc45b168d18252de113c6fdd1a30172,,0.5052263788687299,multiscale,42,"{'inducing_points': 32, 'latent_dim': 16, 'patch_lens': [8, 16, 32], 'representation_weight': 0.001}",8-16-32,,True,True,96,False,0,519.0104188695841,extension,early_fusion,0.0001,4
on,16,10,extension,0.13207347550248555,,/work/11617/sujato_ts/vista/motion_code-master/physics_modal_v4/enhancements/results/central/checkpoints/early_fusion/seed42/Electricity/h96.pt,8366325bccaa74f0,early,2,False,Electricity,16,666.5679191939998,latentflow-central-all28-five-seed-no-exchange-v2-selector-safe,central,10,latentflow_process_preserving_unfreeze2,5.0,0.001,96,,39.68965342022883,False,,0.0007,0.28293833657716044,2048,1024,LatentFlow,0.17867634244645098,0.02,5167.0,1387123,,0.25528010939529894,0.1629560981359871,False,2,0.027658227181861506,0.01572024431046387,,/work/11617/sujato_ts/vista/motion_code-master/physics_modal_v4/enhancements/results/central/runs/early_fusion/seed42/Electricity/h96.json,8af31e5e1d219c568828f92866bd8217b3514a4bc36e8d6e162b1a3e2d875a89,,0.42270124490761907,multiscale,42,"{'inducing_points': 32, 'latent_dim': 16, 'patch_lens': [8, 16, 32], 'representation_weight': 0.001}",8-16-32,,True,True,96,False,0,496.0651515180871,extension,early_fusion,0.0001,4
on,16,10,extension,0.386265347470448,,/work/11617/sujato_ts/vista/motion_code-master/physics_modal_v4/enhancements/results/central/checkpoints/early_fusion/seed42/Traffic/h192.pt,9c7e65c8e2ab8207,early,2,False,Traffic,16,1296.7792125158012,latentflow-central-all28-five-seed-no-exchange-v2-selector-safe,central,10,latentflow_process_preserving_unfreeze2,5.0,0.001,192,,87.31161524960096,False,,0.0007,0.33263993696745886,2048,1024,LatentFlow,0.48528279780008976,0.02,3319.0,1483750,,0.30903464282904125,0.46258079488073733,False,2,0.02360529413841761,0.022702002919352426,,/work/11617/sujato_ts/vista/motion_code-master/physics_modal_v4/enhancements/results/central/runs/early_fusion/seed42/Traffic/h192.json,8d8acdf50e1759dbc977ffdc21878e0779cc2ba3d824e2b9df3b9f6d7851d037,,0.6966224212585249,multiscale,42,"{'inducing_points': 32, 'latent_dim': 16, 'patch_lens': [8, 16, 32], 'representation_weight': 0.001}",8-16-32,,True,True,96,False,0,988.844996066473,extension,early_fusion,0.0001,4
on,16,9,extension,0.39660320444247193,,/work/11617/sujato_ts/vista/motion_code-master/physics_modal_v4/enhancements/results/central/checkpoints/early_fusion/seed42/Traffic/h336.pt,a8e98dcb1dcedadd,early,2,False,Traffic,16,1354.173714838922,latentflow-central-all28-five-seed-no-exchange-v2-selector-safe,central,10,latentflow_process_preserving_unfreeze2,5.0,0.001,336,,90.5601895103264,False,,0.0007,0.3282576140129924,2048,1024,LatentFlow,0.4812667826324494,0.02,3175.0,1627700,,0.31004021560593426,0.46936524077227076,False,2,0.01821739840705816,0.01190154186017861,,/work/11617/sujato_ts/vista/motion_code-master/physics_modal_v4/enhancements/results/central/runs/early_fusion/seed42/Traffic/h336.json,21775933a3d4b0fac3e750df4cc3705a864c85845fdfc75adc37a3dad4c23369,,0.6937339422519626,multiscale,42,"{'inducing_points': 32, 'latent_dim': 16, 'patch_lens': [8, 16, 32], 'representation_weight': 0.001}",8-16-32,,True,True,96,False,0,1032.2556012133646,extension,early_fusion,0.0001,4
on,16,9,extension,0.4434532441869167,,/work/11617/sujato_ts/vista/motion_code-master/physics_modal_v4/enhancements/results/central/checkpoints/early_fusion/seed42/Traffic/h720.pt,7785811c5507114d,early,2,False,Traffic,16,1496.5643670912832,latentflow-central-all28-five-seed-no-exchange-v2-selector-safe,central,10,latentflow_process_preserving_unfreeze2,5.0,0.001,720,,100.65195418069014,False,,0.0007,0.38179714078821236,2048,1024,LatentFlow,0.5426698000680912,0.02,2791.0,2019836,,0.32889101650072566,0.5047611731701186,False,2,0.0529061242874867,0.037908626897972586,,/work/11617/sujato_ts/vista/motion_code-master/physics_modal_v4/enhancements/results/central/runs/early_fusion/seed42/Traffic/h720.json,d859f3872d2a5e3fb0f1089a2615ef3eef4a8208b85f9116c8a46d423bcb8ea6,,0.7366612519116851,multiscale,42,"{'inducing_points': 32, 'latent_dim': 16, 'patch_lens': [8, 16, 32], 'representation_weight': 0.001}",8-16-32,,True,True,96,False,0,1142.1739434605115,extension,early_fusion,0.0001,4
on,16,10,extension,0.3873344277192342,,/work/11617/sujato_ts/vista/motion_code-master/physics_modal_v4/enhancements/results/central/checkpoints/early_fusion/seed42/Traffic/h96.pt,ff2ad5f161692dec,early,2,False,Traffic,16,1280.21968099894,latentflow-central-all28-five-seed-no-exchange-v2-selector-safe,central,10,latentflow_process_preserving_unfreeze2,5.0,0.001,96,,88.29846380042358,False,,0.0007,0.31898093793555676,2048,1024,LatentFlow,0.45668961885838893,0.02,3415.0,1388746,,0.30567942414674226,0.4450950661287888,False,2,0.0133015137888145,0.011594552729600138,,/work/11617/sujato_ts/vista/motion_code-master/physics_modal_v4/enhancements/results/central/runs/early_fusion/seed42/Traffic/h96.json,623d2733ab56af2937caaa256fadccfe24f2256650cea9a7911d3807e153e86f,,0.675788146432289,multiscale,42,"{'inducing_points': 32, 'latent_dim': 16, 'patch_lens': [8, 16, 32], 'representation_weight': 0.001}",8-16-32,,True,True,96,False,0,975.6395800843165,extension,early_fusion,0.0001,4
on,16,4,extension,0.47729724633788306,,/work/11617/sujato_ts/vista/motion_code-master/physics_modal_v4/enhancements/results/central/checkpoints/early_fusion/seed42/Weather/h192.pt,05df1031c38c22b4,early,2,False,Weather,16,212.99534969357774,latentflow-central-all28-five-seed-no-exchange-v2-selector-safe,central,10,latentflow_process_preserving_unfreeze2,5.0,0.001,192,,43.95178705887046,False,,0.0007,0.2548541856101289,2048,1024,LatentFlow,0.2139011139466981,0.02,10349.0,1484344,,0.25844894718644396,0.21760237948327663,False,2,-0.003594761576315053,-0.003701265536578513,,/work/11617/sujato_ts/vista/motion_code-master/physics_modal_v4/enhancements/results/central/runs/early_fusion/seed42/Weather/h192.json,50d1c4eebc33fe561e6962e72c4bd667f5467a5a82fec2c341e4af9db553d929,,0.4624944474766136,multiscale,42,"{'inducing_points': 32, 'latent_dim': 16, 'patch_lens': [8, 16, 32], 'representation_weight': 0.001}",8-16-32,,True,True,96,False,0,158.08094347667065,extension,early_fusion,0.0001,4
on,16,3,extension,0.5577805864027028,,/work/11617/sujato_ts/vista/motion_code-master/physics_modal_v4/enhancements/results/central/checkpoints/early_fusion/seed42/Weather/h336.pt,a60cf8d5c0c8f333,early,2,False,Weather,16,222.3461069050245,latentflow-central-all28-five-seed-no-exchange-v2-selector-safe,central,10,latentflow_process_preserving_unfreeze2,5.0,0.001,336,,42.37702714472221,False,,0.0007,0.29780580211919383,2048,1024,LatentFlow,0.2718540092201706,0.02,10205.0,1628294,,0.3007526241041084,0.2751499827851865,False,2,-0.0029468219849145827,-0.003295973565015875,,/work/11617/sujato_ts/vista/motion_code-master/physics_modal_v4/enhancements/results/central/runs/early_fusion/seed42/Weather/h336.json,497efdb1abcc65e4abbeb4eed9c33b5952a0df9eeb545ab653510186efd786b1,,0.5213962113596249,multiscale,42,"{'inducing_points': 32, 'latent_dim': 16, 'patch_lens': [8, 16, 32], 'representation_weight': 0.001}",8-16-32,,True,True,96,False,0,165.19103510363493,extension,early_fusion,0.0001,4
on,16,2,extension,0.6942512093397676,,/work/11617/sujato_ts/vista/motion_code-master/physics_modal_v4/enhancements/results/central/checkpoints/early_fusion/seed42/Weather/h720.pt,2a960288739fe822,early,2,False,Weather,16,211.61528464220464,latentflow-central-all28-five-seed-no-exchange-v2-selector-safe,central,10,latentflow_process_preserving_unfreeze2,5.0,0.001,720,,44.21733030375988,False,,0.0007,0.34917593268548014,2048,1024,LatentFlow,0.35058129851390146,0.02,9821.0,2020430,,0.3506985500528912,0.35200429896336977,False,2,-0.00152261736741105,-0.0014230004494683035,,/work/11617/sujato_ts/vista/motion_code-master/physics_modal_v4/enhancements/results/central/runs/early_fusion/seed42/Weather/h720.json,c69ed2c3afc9ef739e658b074f59e4fe3935b53ac722f2e0b8aaa7cad799cad5,,0.592099061402652,multiscale,42,"{'inducing_points': 32, 'latent_dim': 16, 'patch_lens': [8, 16, 32], 'representation_weight': 0.001}",8-16-32,,True,True,96,False,0,157.40505208304967,extension,early_fusion,0.0001,4
on,16,4,extension,0.43265223562244387,,/work/11617/sujato_ts/vista/motion_code-master/physics_modal_v4/enhancements/results/central/checkpoints/early_fusion/seed42/Weather/h96.pt,259ae24298a0dd3c,early,2,False,Weather,16,207.57705322105903,latentflow-central-all28-five-seed-no-exchange-v2-selector-safe,central,10,latentflow_process_preserving_unfreeze2,5.0,0.001,96,,42.60118296384216,False,,0.0007,0.21532338204054466,2048,1024,LatentFlow,0.1685529730499995,0.02,10445.0,1389340,,0.2174296580154658,0.17154243425354204,False,2,-0.0021062759749211346,-0.0029894612035425427,,/work/11617/sujato_ts/vista/motion_code-master/physics_modal_v4/enhancements/results/central/runs/early_fusion/seed42/Weather/h96.json,81cf34a3314555a99b6f57a7fe8b548f0f98793b3c7f3213a7ffe297afcc43a1,,0.4105520345218125,multiscale,42,"{'inducing_points': 32, 'latent_dim': 16, 'patch_lens': [8, 16, 32], 'representation_weight': 0.001}",8-16-32,,True,True,96,False,0,153.95545145320284,extension,early_fusion,0.0001,4
on,16,1,extension,1.0240253529378347,,/work/11617/sujato_ts/vista/motion_code-master/physics_modal_v4/enhancements/results/central/checkpoints/early_fusion/seed43/ETTh1/h192.pt,762907ed5ad8ed44,early,2,False,ETTh1,16,132.81214847799856,latentflow-central-all28-five-seed-no-exchange-v2-selector-safe,central,10,latentflow_process_preserving_unfreeze2,5.0,0.001,192,,29.768847457473417,False,,0.0007,0.438440849981629,2048,1024,LatentFlow,0.44981842160585905,0.02,2689.0,1535526,,0.43998985352676867,0.4525807035020206,False,2,-0.0015490035451396489,-0.002762281896161567,,/work/11617/sujato_ts/vista/motion_code-master/physics_modal_v4/enhancements/results/central/runs/early_fusion/seed43/ETTh1/h192.json,98c3e05cef1a58f003503c4530d840c5eb72bfc81ae3f6ab7b98753801d42062,,0.6706850390502677,multiscale,43,"{'inducing_points': 32, 'latent_dim': 16, 'patch_lens': [16, 32, 48], 'representation_weight': 0.05}",16-32-48,,True,True,96,False,0,99.00546535709509,extension,early_fusion,0.0001,4
on,16,0,reference,1.2917826548725568,,/work/11617/sujato_ts/vista/motion_code-master/physics_modal_v4/enhancements/results/central/checkpoints/early_fusion/seed43/ETTh1/h336.pt,e5e3119a3af772d1,early,2,False,ETTh1,16,135.47526891715825,latentflow-central-all28-five-seed-no-exchange-v2-selector-safe,central,10,latentflow_process_preserving_unfreeze2,5.0,0.001,336,,8.018598585283454,True,,0.0007,0.4605197977717322,2048,1024,LatentFlow,0.4966021921924544,0.02,2545.0,1676686,,0.4605197977717322,0.4966021921924544,False,2,0.0,0.0,,/work/11617/sujato_ts/vista/motion_code-master/physics_modal_v4/enhancements/results/central/runs/early_fusion/seed43/ETTh1/h336.json,a0564e368eae9d6a782e05946da21eda6eca9110d03b52d5dc864c963985e073,,0.7047000725077687,multiscale,43,"{'inducing_points': 32, 'latent_dim': 16, 'patch_lens': [16, 32, 48], 'representation_weight': 0.05}",16-32-48,,True,True,96,False,0,101.05875784320233,reference,early_fusion,0.0001,4
on,16,1,extension,1.557711360568092,,/work/11617/sujato_ts/vista/motion_code-master/physics_modal_v4/enhancements/results/central/checkpoints/early_fusion/seed43/ETTh1/h720.pt,0d726bca846af59b,early,2,False,ETTh1,16,138.53681071696337,latentflow-central-all28-five-seed-no-exchange-v2-selector-safe,central,10,latentflow_process_preserving_unfreeze2,5.0,0.001,720,,28.559263865115927,False,,0.0007,0.48108691412795423,2048,1024,LatentFlow,0.5007197611474298,0.02,2161.0,2055222,,0.48321969007132837,0.5091477053166293,False,2,-0.0021327759433741322,-0.008427944169199564,,/work/11617/sujato_ts/vista/motion_code-master/physics_modal_v4/enhancements/results/central/runs/early_fusion/seed43/ETTh1/h720.json,86a007677079065e0c8ddeb5dee0cebb0095b9ce7028ceaf143c31fe091bb674,,0.707615546145949,multiscale,43,"{'inducing_points': 32, 'latent_dim': 16, 'patch_lens': [16, 32, 48], 'representation_weight': 0.05}",16-32-48,,True,True,96,False,0,103.42173305780307,extension,early_fusion,0.0001,4
on,16,1,extension,0.7691565844274703,,/work/11617/sujato_ts/vista/motion_code-master/physics_modal_v4/enhancements/results/central/checkpoints/early_fusion/seed43/ETTh1/h96.pt,ba0d75c256df4bca,early,2,False,ETTh1,16,138.2255546359811,latentflow-central-all28-five-seed-no-exchange-v2-selector-safe,central,10,latentflow_process_preserving_unfreeze2,5.0,0.001,96,,29.563611688232317,False,,0.0007,0.41229703592889233,2048,1024,LatentFlow,0.4012539731097688,0.02,2785.0,1441682,,0.41187950655100763,0.4011032879857046,False,2,0.0004175293778846956,0.0001506851240641871,,/work/11617/sujato_ts/vista/motion_code-master/physics_modal_v4/enhancements/results/central/runs/early_fusion/seed43/ETTh1/h96.json,c17d415eda27836e638659cf25108850b356aa92ddb69a2800272ecb0929cd3a,,0.6334461090809295,multiscale,43,"{'inducing_points': 32, 'latent_dim': 16, 'patch_lens': [16, 32, 48], 'representation_weight': 0.05}",16-32-48,,True,True,96,False,0,103.0106398391581,extension,early_fusion,0.0001,4
on,16,0,reference,0.26854835202296573,,/work/11617/sujato_ts/vista/motion_code-master/physics_modal_v4/enhancements/results/central/checkpoints/early_fusion/seed43/ETTh2/h192.pt,84f53ab4d794b464,early,2,False,ETTh2,16,145.95059394929558,latentflow-central-all28-five-seed-no-exchange-v2-selector-safe,central,10,latentflow_process_preserving_unfreeze2,5.0,0.001,192,,7.900178377393878,True,,0.0007,0.39616170797824446,2048,1024,LatentFlow,0.38277998701682386,0.02,2689.0,1505278,,0.39616170797824446,0.38277998701682386,False,2,0.0,0.0,,/work/11617/sujato_ts/vista/motion_code-master/physics_modal_v4/enhancements/results/central/runs/early_fusion/seed43/ETTh2/h192.json,cc263c50b912bf09d4660ea393473e33a3880cd44b6ad61704c8a4f6838adada,,0.6186921585221715,multiscale,43,"{'inducing_points': 32, 'latent_dim': 8, 'patch_lens': [16, 32, 48], 'representation_weight': 0.001}",16-32-48,,True,True,96,False,0,108.82076856396452,reference,early_fusion,0.0001,4
on,16,1,extension,0.3557162211865795,,/work/11617/sujato_ts/vista/motion_code-master/physics_modal_v4/enhancements/results/central/checkpoints/early_fusion/seed43/ETTh2/h336.pt,01ed7d4e8ebe8837,early,2,False,ETTh2,16,146.62137039890513,latentflow-central-all28-five-seed-no-exchange-v2-selector-safe,central,10,latentflow_process_preserving_unfreeze2,5.0,0.001,336,,26.216087518024104,False,,0.0007,0.4341758143864703,2048,1024,LatentFlow,0.4276767328610364,0.02,2545.0,1646438,,0.4362194484386799,0.4312617346028424,False,2,-0.0020436340522095864,-0.003585001741805982,,/work/11617/sujato_ts/vista/motion_code-master/physics_modal_v4/enhancements/results/central/runs/early_fusion/seed43/ETTh2/h336.json,8bf3bd92db2bbca1ad3d85c94b4711dfbd60a7dd30d76537a7b3f472e96de824,,0.6539699785624997,multiscale,43,"{'inducing_points': 32, 'latent_dim': 8, 'patch_lens': [16, 32, 48], 'representation_weight': 0.001}",16-32-48,,True,True,96,False,0,109.47252441328601,extension,early_fusion,0.0001,4
on,16,4,extension,0.6214357239859445,,/work/11617/sujato_ts/vista/motion_code-master/physics_modal_v4/enhancements/results/central/checkpoints/early_fusion/seed43/ETTh2/h720.pt,8df3af91870b14b1,early,2,False,ETTh2,16,137.45942292106338,latentflow-central-all28-five-seed-no-exchange-v2-selector-safe,central,10,latentflow_process_preserving_unfreeze2,5.0,0.001,720,,30.024159630176737,False,,0.0007,0.46825576084758136,2048,1024,LatentFlow,0.46624234364147155,0.02,2161.0,2024974,,0.4498645085030294,0.4358261119942588,False,2,0.018391252344551967,0.030416231647212744,,/work/11617/sujato_ts/vista/motion_code-master/physics_modal_v4/enhancements/results/central/runs/early_fusion/seed43/ETTh2/h720.json,c46706af89a8631db35da8f223b9e38fd8ce9c4908ff1a47831bf19db060224a,,0.6828194077803234,multiscale,43,"{'inducing_points': 32, 'latent_dim': 8, 'patch_lens': [16, 32, 48], 'representation_weight': 0.001}",16-32-48,,True,True,96,False,0,102.60899363038334,extension,early_fusion,0.0001,4
on,16,0,reference,0.22145391503969827,,/work/11617/sujato_ts/vista/motion_code-master/physics_modal_v4/enhancements/results/central/checkpoints/early_fusion/seed43/ETTh2/h96.pt,c31fcf4da5c98585,early,2,False,ETTh2,16,125.86288633802906,latentflow-central-all28-five-seed-no-exchange-v2-selector-safe,central,10,latentflow_process_preserving_unfreeze2,5.0,0.001,96,,7.660121907280876,True,,0.0007,0.3446854704127736,2048,1024,LatentFlow,0.29659152826284907,0.02,2785.0,1411434,,0.3446854704127736,0.29659152826284907,False,2,0.0,0.0,,/work/11617/sujato_ts/vista/motion_code-master/physics_modal_v4/enhancements/results/central/runs/early_fusion/seed43/ETTh2/h96.json,3c5876e219387520c29411702a9f97d9c06bea567dfd4cf46a25f9af64c05c47,,0.5446021743096965,multiscale,43,"{'inducing_points': 32, 'latent_dim': 8, 'patch_lens': [16, 32, 48], 'representation_weight': 0.001}",16-32-48,,True,True,96,False,0,93.73402190140041,reference,early_fusion,0.0001,4
on,16,0,reference,0.5154585605930715,,/work/11617/sujato_ts/vista/motion_code-master/physics_modal_v4/enhancements/results/central/checkpoints/early_fusion/seed43/ETTm1/h192.pt,2f5ddb8c7c25ad16,early,2,False,ETTm1,16,146.4438053164631,latentflow-central-all28-five-seed-no-exchange-v2-selector-safe,central,10,latentflow_process_preserving_unfreeze2,5.0,0.001,192,,7.668698164390708,True,,0.0007,0.39651534458020243,2048,1024,LatentFlow,0.38090578920044743,0.02,11329.0,1493398,,0.39651534458020243,0.38090578920044743,False,2,0.0,0.0,,/work/11617/sujato_ts/vista/motion_code-master/physics_modal_v4/enhancements/results/central/runs/early_fusion/seed43/ETTm1/h192.json,ddb667e3c7eef4ea3a8b9352cc3fbf7c92ea1cdbf1c8b6a714484ca276876951,,0.6171756550613832,multiscale,43,"{'inducing_points': 32, 'latent_dim': 8, 'patch_lens': [8, 24, 48], 'representation_weight': 0.01}",8-24-48,,True,True,96,False,0,105.74410986955627,reference,early_fusion,0.0001,4
on,16,3,extension,0.6494121782633723,,/work/11617/sujato_ts/vista/motion_code-master/physics_modal_v4/enhancements/results/central/checkpoints/early_fusion/seed43/ETTm1/h336.pt,5fe5ecf4d7892e74,early,2,False,ETTm1,16,148.34070835402235,latentflow-central-all28-five-seed-no-exchange-v2-selector-safe,central,10,latentflow_process_preserving_unfreeze2,5.0,0.001,336,,29.683754371110894,False,,0.0007,0.4275356796638788,2048,1024,LatentFlow,0.42474423069834566,0.02,11185.0,1636816,,0.41847783245699766,0.4115693425306681,False,2,0.009057847206881131,0.013174888167677534,,/work/11617/sujato_ts/vista/motion_code-master/physics_modal_v4/enhancements/results/central/runs/early_fusion/seed43/ETTm1/h336.json,61a834297431c9e3c6a9c31b63914df4c787251e29349ae62ee953b453b56a8d,,0.6517240448981039,multiscale,43,"{'inducing_points': 32, 'latent_dim': 8, 'patch_lens': [8, 24, 48], 'representation_weight': 0.01}",8-24-48,,True,True,96,False,0,107.21789246417757,extension,early_fusion,0.0001,4
on,16,0,reference,0.9992361806687855,,/work/11617/sujato_ts/vista/motion_code-master/physics_modal_v4/enhancements/results/central/checkpoints/early_fusion/seed43/ETTm1/h720.pt,5581bfefc85075b9,early,2,False,ETTm1,16,134.60756777902134,latentflow-central-all28-five-seed-no-exchange-v2-selector-safe,central,10,latentflow_process_preserving_unfreeze2,5.0,0.001,720,,7.125975580703611,True,,0.0007,0.4686201564713423,2048,1024,LatentFlow,0.48906182206480814,0.02,10801.0,2026480,,0.4686201564713423,0.48906182206480814,False,2,0.0,0.0,,/work/11617/sujato_ts/vista/motion_code-master/physics_modal_v4/enhancements/results/central/runs/early_fusion/seed43/ETTm1/h720.json,151dda626f2ad1ca68249756d65c70d32322cac35e047c62a31a5947bfba1bfc,,0.6993295518314725,multiscale,43,"{'inducing_points': 32, 'latent_dim': 8, 'patch_lens': [8, 24, 48], 'representation_weight': 0.01}",8-24-48,,True,True,96,False,0,97.18215440861968,reference,early_fusion,0.0001,4
on,16,1,extension,0.39155922794625875,,/work/11617/sujato_ts/vista/motion_code-master/physics_modal_v4/enhancements/results/central/checkpoints/early_fusion/seed43/ETTm1/h96.pt,d0a103575a1dc9a4,early,2,False,ETTm1,16,138.76821177639067,latentflow-central-all28-five-seed-no-exchange-v2-selector-safe,central,10,latentflow_process_preserving_unfreeze2,5.0,0.001,96,,26.58125902637108,False,,0.0007,0.37364977179063513,2048,1024,LatentFlow,0.3347541533383998,0.02,11425.0,1398606,,0.37499999057157246,0.33678189131571895,False,2,-0.001350218780937329,-0.002027737977319144,,/work/11617/sujato_ts/vista/motion_code-master/physics_modal_v4/enhancements/results/central/runs/early_fusion/seed43/ETTm1/h96.json,8701322f8aaf32285d831e09554a0a79b3fc0f5301fb58f487bd3f225997a881,,0.5785794269920076,multiscale,43,"{'inducing_points': 32, 'latent_dim': 8, 'patch_lens': [8, 24, 48], 'representation_weight': 0.01}",8-24-48,,True,True,96,False,0,100.18475620308891,extension,early_fusion,0.0001,4
on,16,1,extension,0.16962014378181525,,/work/11617/sujato_ts/vista/motion_code-master/physics_modal_v4/enhancements/results/central/checkpoints/early_fusion/seed43/ETTm2/h192.pt,56340a0542eca883,early,2,False,ETTm2,16,135.1993533181958,latentflow-central-all28-five-seed-no-exchange-v2-selector-safe,central,10,latentflow_process_preserving_unfreeze2,5.0,0.001,192,,28.516707443131615,False,,0.0007,0.30306484819015245,2048,1024,LatentFlow,0.24271677058772742,0.02,11329.0,1468534,,0.3050742198077167,0.24497037954299858,False,2,-0.0020093716175642595,-0.002253608955271158,,/work/11617/sujato_ts/vista/motion_code-master/physics_modal_v4/enhancements/results/central/runs/early_fusion/seed43/ETTm2/h192.json,206aba2d6dfde1cc0822136dd0f8cc27e3e20e9f080d60c91c128a6843f0c895,,0.4926629381105579,multiscale,43,"{'inducing_points': 16, 'latent_dim': 8, 'patch_lens': [8, 16, 32], 'representation_weight': 0.001}",8-16-32,,True,True,96,False,0,97.6384425202923,extension,early_fusion,0.0001,4
on,16,0,reference,0.218707446541105,,/work/11617/sujato_ts/vista/motion_code-master/physics_modal_v4/enhancements/results/central/checkpoints/early_fusion/seed43/ETTm2/h336.pt,46653de57ae79e58,early,2,False,ETTm2,16,137.11641761660576,latentflow-central-all28-five-seed-no-exchange-v2-selector-safe,central,10,latentflow_process_preserving_unfreeze2,5.0,0.001,336,,7.879004194461247,True,,0.0007,0.34588291606166616,2048,1024,LatentFlow,0.30786420258596997,0.02,11185.0,1612484,,0.34588291606166616,0.30786420258596997,False,2,0.0,0.0,,/work/11617/sujato_ts/vista/motion_code-master/physics_modal_v4/enhancements/results/central/runs/early_fusion/seed43/ETTm2/h336.json,a474b19681f1b3432d850273ebafd6f32a005bffabd1fbadf54b323108da26de,,0.5548551185543573,multiscale,43,"{'inducing_points': 16, 'latent_dim': 8, 'patch_lens': [8, 16, 32], 'representation_weight': 0.001}",8-16-32,,True,True,96,False,0,98.96345258312067,reference,early_fusion,0.0001,4
on,16,0,reference,0.3021952312144022,,/work/11617/sujato_ts/vista/motion_code-master/physics_modal_v4/enhancements/results/central/checkpoints/early_fusion/seed43/ETTm2/h720.pt,d89b13e2cc9c0d5a,early,2,False,ETTm2,16,142.54471362009645,latentflow-central-all28-five-seed-no-exchange-v2-selector-safe,central,10,latentflow_process_preserving_unfreeze2,5.0,0.001,720,,8.031720914587776,True,,0.0007,0.4043534373321455,2048,1024,LatentFlow,0.41207231857769344,0.02,10801.0,2004620,,0.4043534373321455,0.41207231857769344,False,2,0.0,0.0,,/work/11617/sujato_ts/vista/motion_code-master/physics_modal_v4/enhancements/results/central/runs/early_fusion/seed43/ETTm2/h720.json,25ff6daa9bef18486ba5de007d7d496e27fe98ba9e0793bf63859e8ae3092261,,0.6419285930519791,multiscale,43,"{'inducing_points': 16, 'latent_dim': 8, 'patch_lens': [8, 16, 32], 'representation_weight': 0.001}",8-16-32,,True,True,96,False,0,102.89036060567014,reference,early_fusion,0.0001,4
on,16,2,extension,0.1279846259525844,,/work/11617/sujato_ts/vista/motion_code-master/physics_modal_v4/enhancements/results/central/checkpoints/early_fusion/seed43/ETTm2/h96.pt,7dd0f6a906f06663,early,2,False,ETTm2,16,144.9302367642522,latentflow-central-all28-five-seed-no-exchange-v2-selector-safe,central,10,latentflow_process_preserving_unfreeze2,5.0,0.001,96,,29.496659008788694,False,,0.0007,0.25918417256164394,2048,1024,LatentFlow,0.17518690305512882,0.02,11425.0,1373530,,0.25994622917290566,0.1757947479626456,False,2,-0.0007620566112617189,-0.0006078449075167802,,/work/11617/sujato_ts/vista/motion_code-master/physics_modal_v4/enhancements/results/central/runs/early_fusion/seed43/ETTm2/h96.json,9222d1870a6a032caa66044263d4dd39cb706493a48c31792cda99392e798366,,0.4185533455309237,multiscale,43,"{'inducing_points': 16, 'latent_dim': 8, 'patch_lens': [8, 16, 32], 'representation_weight': 0.001}",8-16-32,,True,True,96,False,0,104.63701716653304,extension,early_fusion,0.0001,4
on,16,9,extension,0.14609617161973615,,/work/11617/sujato_ts/vista/motion_code-master/physics_modal_v4/enhancements/results/central/checkpoints/early_fusion/seed43/Electricity/h192.pt,9db3a040c863b3b1,early,2,False,Electricity,16,655.6656617801636,latentflow-central-all28-five-seed-no-exchange-v2-selector-safe,central,10,latentflow_process_preserving_unfreeze2,5.0,0.001,192,,38.16728699809098,False,,0.0007,0.2904310126578846,2048,1024,LatentFlow,0.19010489443937534,0.02,5071.0,1482127,,0.2676547761511837,0.17734223166429036,False,2,0.02277623650670091,0.012762662775084976,,/work/11617/sujato_ts/vista/motion_code-master/physics_modal_v4/enhancements/results/central/runs/early_fusion/seed43/Electricity/h192.json,77c05c38182a17b3aae3d6dd9be47107704bd2ab6f1e9aa91b1e757ce894e612,,0.436010199925845,multiscale,43,"{'inducing_points': 32, 'latent_dim': 16, 'patch_lens': [8, 16, 32], 'representation_weight': 0.001}",8-16-32,,True,True,96,False,0,489.4575343649194,extension,early_fusion,0.0001,4
on,16,9,extension,0.16343038168068086,,/work/11617/sujato_ts/vista/motion_code-master/physics_modal_v4/enhancements/results/central/checkpoints/early_fusion/seed43/Electricity/h336.pt,bb928749954b27a8,early,2,False,Electricity,16,699.5553158256225,latentflow-central-all28-five-seed-no-exchange-v2-selector-safe,central,10,latentflow_process_preserving_unfreeze2,5.0,0.001,336,,39.55342065830662,False,,0.0007,0.32637595928632507,2048,1024,LatentFlow,0.22967312069512238,0.02,4927.0,1626077,,0.2874145150436169,0.19745167819406823,False,2,0.03896144424270814,0.03222144250105416,,/work/11617/sujato_ts/vista/motion_code-master/physics_modal_v4/enhancements/results/central/runs/early_fusion/seed43/Electricity/h336.json,7bc6cf417c5e0b92ce9be363fd28a2802e7d5c389a3f08ef2553bd127e3a626c,,0.4792422359257606,multiscale,43,"{'inducing_points': 32, 'latent_dim': 16, 'patch_lens': [8, 16, 32], 'representation_weight': 0.001}",8-16-32,,True,True,96,False,0,522.4054128888383,extension,early_fusion,0.0001,4
on,16,9,extension,0.20417166423038366,,/work/11617/sujato_ts/vista/motion_code-master/physics_modal_v4/enhancements/results/central/checkpoints/early_fusion/seed43/Electricity/h720.pt,5dda5c6107e5968a,early,2,False,Electricity,16,693.0987821260933,latentflow-central-all28-five-seed-no-exchange-v2-selector-safe,central,10,latentflow_process_preserving_unfreeze2,5.0,0.001,720,,41.76969406715671,False,,0.0007,0.3357304968401676,2048,1024,LatentFlow,0.24978231721326946,0.02,4543.0,2018213,,0.3270065093246797,0.24448144244614572,False,2,0.008723987515487919,0.005300874767123737,,/work/11617/sujato_ts/vista/motion_code-master/physics_modal_v4/enhancements/results/central/runs/early_fusion/seed43/Electricity/h720.json,075654d4927c1a3856ad875a434c84c7fef5a6d0013a6fd85aa3ce2982fa5ce2,,0.49978226980683244,multiscale,43,"{'inducing_points': 32, 'latent_dim': 16, 'patch_lens': [8, 16, 32], 'representation_weight': 0.001}",8-16-32,,True,True,96,False,0,519.3790294382779,extension,early_fusion,0.0001,4
on,16,10,extension,0.13382719430844237,,/work/11617/sujato_ts/vista/motion_code-master/physics_modal_v4/enhancements/results/central/checkpoints/early_fusion/seed43/Electricity/h96.pt,b1245fed23effe9c,early,2,False,Electricity,16,630.0323995058425,latentflow-central-all28-five-seed-no-exchange-v2-selector-safe,central,10,latentflow_process_preserving_unfreeze2,5.0,0.001,96,,37.51013040535383,False,,0.0007,0.27228876743219316,2048,1024,LatentFlow,0.1731359292667874,0.02,5167.0,1387123,,0.2564658916479915,0.1632702913273398,False,2,0.015822875784201662,0.009865637939447586,,/work/11617/sujato_ts/vista/motion_code-master/physics_modal_v4/enhancements/results/central/runs/early_fusion/seed43/Electricity/h96.json,b9c5b468d2f6adab786ce7a5cb474c7a241732ef410006abe9a1fa9e43b3a628,,0.4160960577400216,multiscale,43,"{'inducing_points': 32, 'latent_dim': 16, 'patch_lens': [8, 16, 32], 'representation_weight': 0.001}",8-16-32,,True,True,96,False,0,470.01389452416333,extension,early_fusion,0.0001,4
on,16,10,extension,0.3858085074170283,,/work/11617/sujato_ts/vista/motion_code-master/physics_modal_v4/enhancements/results/central/checkpoints/early_fusion/seed43/Traffic/h192.pt,30dd04d56fd1cb03,early,2,False,Traffic,16,1325.2891535358503,latentflow-central-all28-five-seed-no-exchange-v2-selector-safe,central,10,latentflow_process_preserving_unfreeze2,5.0,0.001,192,,87.43744038252368,False,,0.0007,0.33072065916945076,2048,1024,LatentFlow,0.4765536586450944,0.02,3319.0,1483750,,0.30830448545184075,0.46429043368735234,False,2,0.02241617371761001,0.01226322495774207,,/work/11617/sujato_ts/vista/motion_code-master/physics_modal_v4/enhancements/results/central/runs/early_fusion/seed43/Traffic/h192.json,297196861185ff5b7c50b21c14968a62c01f10cc829c421d44bc308d79c6bcf7,,0.6903286598752035,multiscale,43,"{'inducing_points': 32, 'latent_dim': 16, 'patch_lens': [8, 16, 32], 'representation_weight': 0.001}",8-16-32,,True,True,96,False,0,1010.7596853929863,extension,early_fusion,0.0001,4
on,16,7,extension,0.39591831065662497,,/work/11617/sujato_ts/vista/motion_code-master/physics_modal_v4/enhancements/results/central/checkpoints/early_fusion/seed43/Traffic/h336.pt,3d123af920d2bf3e,early,2,False,Traffic,16,1360.5316213238984,latentflow-central-all28-five-seed-no-exchange-v2-selector-safe,central,10,latentflow_process_preserving_unfreeze2,5.0,0.001,336,,91.3719289590407,False,,0.0007,0.34006895754955296,2048,1024,LatentFlow,0.4888564937440027,0.02,3175.0,1627700,,0.3154820186362472,0.4740495272523939,False,2,0.024586938913305767,0.014806966491608786,,/work/11617/sujato_ts/vista/motion_code-master/physics_modal_v4/enhancements/results/central/runs/early_fusion/seed43/Traffic/h336.json,9a0052f626dea483a9b27e296a4cc8d37c42496a8a004ee71c5c41cfc8e59310,,0.6991827327272911,multiscale,43,"{'inducing_points': 32, 'latent_dim': 16, 'patch_lens': [8, 16, 32], 'representation_weight': 0.001}",8-16-32,,True,True,96,False,0,1037.4875403813348,extension,early_fusion,0.0001,4
on,16,7,extension,0.4429804834148017,,/work/11617/sujato_ts/vista/motion_code-master/physics_modal_v4/enhancements/results/central/checkpoints/early_fusion/seed43/Traffic/h720.pt,dadde2f7d5cc6fb4,early,2,False,Traffic,16,1482.2421443839557,latentflow-central-all28-five-seed-no-exchange-v2-selector-safe,central,10,latentflow_process_preserving_unfreeze2,5.0,0.001,720,,101.16798709542758,False,,0.0007,0.39492768413794654,2048,1024,LatentFlow,0.5482383656578907,0.02,2791.0,2019836,,0.3300437871070133,0.505209937176707,False,2,0.06488389703093322,0.04302842848118371,,/work/11617/sujato_ts/vista/motion_code-master/physics_modal_v4/enhancements/results/central/runs/early_fusion/seed43/Traffic/h720.json,e25471f5c775b2fb6fd4d8f0baece3a7d25c02cb6b2bdecec92c630bfe65ee9e,,0.7404312025150552,multiscale,43,"{'inducing_points': 32, 'latent_dim': 16, 'patch_lens': [8, 16, 32], 'representation_weight': 0.001}",8-16-32,,True,True,96,False,0,1131.0969556670898,extension,early_fusion,0.0001,4
on,16,10,extension,0.39336048883702157,,/work/11617/sujato_ts/vista/motion_code-master/physics_modal_v4/enhancements/results/central/checkpoints/early_fusion/seed43/Traffic/h96.pt,b8ac0b1be471a84d,early,2,False,Traffic,16,1272.2647945713252,latentflow-central-all28-five-seed-no-exchange-v2-selector-safe,central,10,latentflow_process_preserving_unfreeze2,5.0,0.001,96,,87.26179576150967,False,,0.0007,0.3173545959274785,2048,1024,LatentFlow,0.46081265761342044,0.02,3415.0,1388746,,0.3066119593715481,0.45237782273901156,False,2,0.010742636555930385,0.00843483487440888,,/work/11617/sujato_ts/vista/motion_code-master/physics_modal_v4/enhancements/results/central/runs/early_fusion/seed43/Traffic/h96.json,617125f09dc328670924aa6351cc04c956e060aabb53744652fb054a3046c75b,,0.6788318330878572,multiscale,43,"{'inducing_points': 32, 'latent_dim': 16, 'patch_lens': [8, 16, 32], 'representation_weight': 0.001}",8-16-32,,True,True,96,False,0,970.277792676643,extension,early_fusion,0.0001,4
on,16,2,extension,0.4762786542848935,,/work/11617/sujato_ts/vista/motion_code-master/physics_modal_v4/enhancements/results/central/checkpoints/early_fusion/seed43/Weather/h192.pt,60aed0f70aaf51a4,early,2,False,Weather,16,200.94899514201097,latentflow-central-all28-five-seed-no-exchange-v2-selector-safe,central,10,latentflow_process_preserving_unfreeze2,5.0,0.001,192,,42.54297336577907,False,,0.0007,0.2537027782287729,2048,1024,LatentFlow,0.21277570676729501,0.02,10349.0,1484344,,0.2549288752092222,0.21393736870987184,False,2,-0.0012260969804492872,-0.0011616619425768304,,/work/11617/sujato_ts/vista/motion_code-master/physics_modal_v4/enhancements/results/central/runs/early_fusion/seed43/Weather/h192.json,3873ddde874c1740eca5e8e07fe12dec80c0310583c74a488c2689a1f50b3f0d,,0.4612761719049609,multiscale,43,"{'inducing_points': 32, 'latent_dim': 16, 'patch_lens': [8, 16, 32], 'representation_weight': 0.001}",8-16-32,,True,True,96,False,0,149.39780712575157,extension,early_fusion,0.0001,4
on,16,2,extension,0.5614911788174896,,/work/11617/sujato_ts/vista/motion_code-master/physics_modal_v4/enhancements/results/central/checkpoints/early_fusion/seed43/Weather/h336.pt,f2dceb94207e2c10,early,2,False,Weather,16,219.33810605993494,latentflow-central-all28-five-seed-no-exchange-v2-selector-safe,central,10,latentflow_process_preserving_unfreeze2,5.0,0.001,336,,43.89761606781925,False,,0.0007,0.2990251137407399,2048,1024,LatentFlow,0.2740063495874998,0.02,10205.0,1628294,,0.30101054901098395,0.2759361857289072,False,2,-0.001985435270244029,-0.001929836141407404,,/work/11617/sujato_ts/vista/motion_code-master/physics_modal_v4/enhancements/results/central/runs/early_fusion/seed43/Weather/h336.json,82ff56d82fd660789ff3c550d40a7a99740db78077eceb5424917e3f099aaf1d,,0.5234561582286522,multiscale,43,"{'inducing_points': 32, 'latent_dim': 16, 'patch_lens': [8, 16, 32], 'representation_weight': 0.001}",8-16-32,,True,True,96,False,0,163.25325101170165,extension,early_fusion,0.0001,4
on,16,4,extension,0.6835833534361824,,/work/11617/sujato_ts/vista/motion_code-master/physics_modal_v4/enhancements/results/central/checkpoints/early_fusion/seed43/Weather/h720.pt,819dd40b69ca1159,early,2,False,Weather,16,219.4927837899886,latentflow-central-all28-five-seed-no-exchange-v2-selector-safe,central,10,latentflow_process_preserving_unfreeze2,5.0,0.001,720,,41.93717391790177,False,,0.0007,0.3468226742213229,2048,1024,LatentFlow,0.34968257653179075,0.02,9821.0,2020430,,0.347052523450392,0.3504420589573538,False,2,-0.0002298492290691012,-0.0007594824255630628,,/work/11617/sujato_ts/vista/motion_code-master/physics_modal_v4/enhancements/results/central/runs/early_fusion/seed43/Weather/h720.json,c16361a74845c091561178218f4fd5f7d0e9dae243c393ca7f98bb1d938e4077,,0.5913396456621108,multiscale,43,"{'inducing_points': 32, 'latent_dim': 16, 'patch_lens': [8, 16, 32], 'representation_weight': 0.001}",8-16-32,,True,True,96,False,0,163.46410572268724,extension,early_fusion,0.0001,4
on,16,5,extension,0.4341046463639017,,/work/11617/sujato_ts/vista/motion_code-master/physics_modal_v4/enhancements/results/central/checkpoints/early_fusion/seed43/Weather/h96.pt,1e87493aafb73997,early,2,False,Weather,16,213.87737443088554,latentflow-central-all28-five-seed-no-exchange-v2-selector-safe,central,10,latentflow_process_preserving_unfreeze2,5.0,0.001,96,,42.80048387751739,False,,0.0007,0.21412060023326954,2048,1024,LatentFlow,0.16787896357361845,0.02,10445.0,1389340,,0.21944144009534766,0.17440594411105903,False,2,-0.005320839862078125,-0.00652698053744058,,/work/11617/sujato_ts/vista/motion_code-master/physics_modal_v4/enhancements/results/central/runs/early_fusion/seed43/Weather/h96.json,1bcf84da4a14c24cd444e0eeffda73385881774331219fc4dfd20286a71f754b,,0.40973035471346086,multiscale,43,"{'inducing_points': 32, 'latent_dim': 16, 'patch_lens': [8, 16, 32], 'representation_weight': 0.001}",8-16-32,,True,True,96,False,0,158.96308091032552,extension,early_fusion,0.0001,4
on,16,1,extension,1.0246859994672595,,/work/11617/sujato_ts/vista/motion_code-master/physics_modal_v4/enhancements/results/central/checkpoints/early_fusion/seed44/ETTh1/h192.pt,4cd0079ac2f35674,early,2,False,ETTh1,16,138.6935581099242,latentflow-central-all28-five-seed-no-exchange-v2-selector-safe,central,10,latentflow_process_preserving_unfreeze2,5.0,0.001,192,,30.7833606598224,False,,0.0007,0.43469568700546707,2048,1024,LatentFlow,0.44942498100272793,0.02,2689.0,1535526,,0.4335250239414559,0.4477160018631498,False,2,0.001170663064011146,0.0017089791395781262,,/work/11617/sujato_ts/vista/motion_code-master/physics_modal_v4/enhancements/results/central/runs/early_fusion/seed44/ETTh1/h192.json,52693b44ef872b29f55b4ad744e294b1e252a2f02d1e1517d61bbed2ef166198,,0.6703916623905222,multiscale,44,"{'inducing_points': 32, 'latent_dim': 16, 'patch_lens': [16, 32, 48], 'representation_weight': 0.05}",16-32-48,,True,True,96,False,0,103.22728257306153,extension,early_fusion,0.0001,4
on,16,1,extension,1.2861919378747746,,/work/11617/sujato_ts/vista/motion_code-master/physics_modal_v4/enhancements/results/central/checkpoints/early_fusion/seed44/ETTh1/h336.pt,8bc3ebbef9b2843f,early,2,False,ETTh1,16,143.92523741349578,latentflow-central-all28-five-seed-no-exchange-v2-selector-safe,central,10,latentflow_process_preserving_unfreeze2,5.0,0.001,336,,31.088466697101353,False,,0.0007,0.461055069802788,2048,1024,LatentFlow,0.4909894772724829,0.02,2545.0,1676686,,0.45960576987732715,0.49471651836941954,False,2,0.001449299925460834,-0.0037270410969366674,,/work/11617/sujato_ts/vista/motion_code-master/physics_modal_v4/enhancements/results/central/runs/early_fusion/seed44/ETTh1/h336.json,2f4b7b0d5346f663eeea31a33df87425371f465248aad92f6b6132cd7405fb39,,0.7007064130379305,multiscale,44,"{'inducing_points': 32, 'latent_dim': 16, 'patch_lens': [16, 32, 48], 'representation_weight': 0.05}",16-32-48,,True,True,96,False,0,107.33655567455571,extension,early_fusion,0.0001,4
on,16,0,reference,1.5637264736114986,,/work/11617/sujato_ts/vista/motion_code-master/physics_modal_v4/enhancements/results/central/checkpoints/early_fusion/seed44/ETTh1/h720.pt,f59d72ad523953df,early,2,False,ETTh1,16,140.24779547704384,latentflow-central-all28-five-seed-no-exchange-v2-selector-safe,central,10,latentflow_process_preserving_unfreeze2,5.0,0.001,720,,8.49459977792715,True,,0.0007,0.4802329831879081,2048,1024,LatentFlow,0.4984691149224758,0.02,2161.0,2055222,,0.4802329831879081,0.4984691149224758,False,2,0.0,0.0,,/work/11617/sujato_ts/vista/motion_code-master/physics_modal_v4/enhancements/results/central/runs/early_fusion/seed44/ETTh1/h720.json,c76be6e1851881cf809d466b73accd12ee81788c07e6b79ff571cf3877e0e3a1,,0.7060234521051519,multiscale,44,"{'inducing_points': 32, 'latent_dim': 16, 'patch_lens': [16, 32, 48], 'representation_weight': 0.05}",16-32-48,,True,True,96,False,0,104.7771792858839,reference,early_fusion,0.0001,4
on,16,1,extension,0.7684333439738977,,/work/11617/sujato_ts/vista/motion_code-master/physics_modal_v4/enhancements/results/central/checkpoints/early_fusion/seed44/ETTh1/h96.pt,d36fbc30a7e24091,early,2,False,ETTh1,16,139.9650408581365,latentflow-central-all28-five-seed-no-exchange-v2-selector-safe,central,10,latentflow_process_preserving_unfreeze2,5.0,0.001,96,,29.446638407282574,False,,0.0007,0.41321806310435344,2048,1024,LatentFlow,0.4058046105642385,0.02,2785.0,1441682,,0.41290058516086325,0.40439868635771326,False,2,0.0003174779434901853,0.0014059242065252442,,/work/11617/sujato_ts/vista/motion_code-master/physics_modal_v4/enhancements/results/central/runs/early_fusion/seed44/ETTh1/h96.json,edac55e6c795af5321fa2b9ce9466535001ad5a5d41b6a626b83357183c7e25d,,0.6370279511640274,multiscale,44,"{'inducing_points': 32, 'latent_dim': 16, 'patch_lens': [16, 32, 48], 'representation_weight': 0.05}",16-32-48,,True,True,96,False,0,104.24658381325571,extension,early_fusion,0.0001,4
on,16,0,reference,0.27509241214110736,,/work/11617/sujato_ts/vista/motion_code-master/physics_modal_v4/enhancements/results/central/checkpoints/early_fusion/seed44/ETTh2/h192.pt,0f8f9420082c03c0,early,2,False,ETTh2,16,134.7417002483271,latentflow-central-all28-five-seed-no-exchange-v2-selector-safe,central,10,latentflow_process_preserving_unfreeze2,5.0,0.001,192,,7.886532236805219,True,,0.0007,0.40038104993692547,2048,1024,LatentFlow,0.38934538500320265,0.02,2689.0,1505278,,0.40038104993692547,0.38934538500320265,False,2,0.0,0.0,,/work/11617/sujato_ts/vista/motion_code-master/physics_modal_v4/enhancements/results/central/runs/early_fusion/seed44/ETTh2/h192.json,71a477c10f95b7297599ae2a1f6c1ecb3c3350e8d18fe5c7aa7fd2edac00bab0,,0.6239754682703501,multiscale,44,"{'inducing_points': 32, 'latent_dim': 8, 'patch_lens': [16, 32, 48], 'representation_weight': 0.001}",16-32-48,,True,True,96,False,0,100.4377605033369,reference,early_fusion,0.0001,4
on,16,0,reference,0.35774983323755716,,/work/11617/sujato_ts/vista/motion_code-master/physics_modal_v4/enhancements/results/central/checkpoints/early_fusion/seed44/ETTh2/h336.pt,7470883149ad0e1d,early,2,False,ETTh2,16,131.49030674109235,latentflow-central-all28-five-seed-no-exchange-v2-selector-safe,central,10,latentflow_process_preserving_unfreeze2,5.0,0.001,336,,7.9229179463243185,True,,0.0007,0.4241401757912671,2048,1024,LatentFlow,0.41043008342135356,0.02,2545.0,1646438,,0.4241401757912671,0.41043008342135356,False,2,0.0,0.0,,/work/11617/sujato_ts/vista/motion_code-master/physics_modal_v4/enhancements/results/central/runs/early_fusion/seed44/ETTh2/h336.json,1c93013d66ffa93e4f10f79bc56545e90b0195ecae8cd9b666e14c3d8fd6761a,,0.6406481744462819,multiscale,44,"{'inducing_points': 32, 'latent_dim': 8, 'patch_lens': [16, 32, 48], 'representation_weight': 0.001}",16-32-48,,True,True,96,False,0,97.92895189839328,reference,early_fusion,0.0001,4
on,16,0,reference,0.6189794491207788,,/work/11617/sujato_ts/vista/motion_code-master/physics_modal_v4/enhancements/results/central/checkpoints/early_fusion/seed44/ETTh2/h720.pt,a83a6c0e1a23eeb5,early,2,False,ETTh2,16,133.82925041392446,latentflow-central-all28-five-seed-no-exchange-v2-selector-safe,central,10,latentflow_process_preserving_unfreeze2,5.0,0.001,720,,7.5789758650613805,True,,0.0007,0.4511602481575769,2048,1024,LatentFlow,0.43759845636049677,0.02,2161.0,2024974,,0.4511602481575769,0.43759845636049677,False,2,0.0,0.0,,/work/11617/sujato_ts/vista/motion_code-master/physics_modal_v4/enhancements/results/central/runs/early_fusion/seed44/ETTh2/h720.json,9b623dd01151ca940dbeba2592940e071ea7e5d10ce1606aed02c2f4177b47e9,,0.6615122495921726,multiscale,44,"{'inducing_points': 32, 'latent_dim': 8, 'patch_lens': [16, 32, 48], 'representation_weight': 0.001}",16-32-48,,True,True,96,False,0,99.96345576073509,reference,early_fusion,0.0001,4
on,16,0,reference,0.22774122557824567,,/work/11617/sujato_ts/vista/motion_code-master/physics_modal_v4/enhancements/results/central/checkpoints/early_fusion/seed44/ETTh2/h96.pt,436932fea8f52d0e,early,2,False,ETTh2,16,130.27844447188545,latentflow-central-all28-five-seed-no-exchange-v2-selector-safe,central,10,latentflow_process_preserving_unfreeze2,5.0,0.001,96,,7.835679469533222,True,,0.0007,0.35057852634907055,2048,1024,LatentFlow,0.30207650445613776,0.02,2785.0,1411434,,0.35057852634907055,0.30207650445613776,False,2,0.0,0.0,,/work/11617/sujato_ts/vista/motion_code-master/physics_modal_v4/enhancements/results/central/runs/early_fusion/seed44/ETTh2/h96.json,5e124404e9a28757caf982443340da558e773febad1400d9db31526c856eaf6f,,0.5496148692094655,multiscale,44,"{'inducing_points': 32, 'latent_dim': 8, 'patch_lens': [16, 32, 48], 'representation_weight': 0.001}",16-32-48,,True,True,96,False,0,96.92907841717897,reference,early_fusion,0.0001,4
on,16,2,extension,0.5133092777714843,,/work/11617/sujato_ts/vista/motion_code-master/physics_modal_v4/enhancements/results/central/checkpoints/early_fusion/seed44/ETTm1/h192.pt,76076c8bc8d736eb,early,2,False,ETTm1,16,144.3267972022295,latentflow-central-all28-five-seed-no-exchange-v2-selector-safe,central,10,latentflow_process_preserving_unfreeze2,5.0,0.001,192,,28.46898565818378,False,,0.0007,0.399999096720995,2048,1024,LatentFlow,0.3818933828075599,0.02,11329.0,1493398,,0.39690445315149436,0.38091796920713705,False,2,0.0030946435695006214,0.0009754136004228586,,/work/11617/sujato_ts/vista/motion_code-master/physics_modal_v4/enhancements/results/central/runs/early_fusion/seed44/ETTm1/h192.json,d133fe96ecb1ada6c8ce6492f3d4776dad112eafab596261ee574b6f68abbf69,,0.6179752283122357,multiscale,44,"{'inducing_points': 32, 'latent_dim': 8, 'patch_lens': [8, 24, 48], 'representation_weight': 0.01}",8-24-48,,True,True,96,False,0,104.36016028652375,extension,early_fusion,0.0001,4
on,16,2,extension,0.6556512551242802,,/work/11617/sujato_ts/vista/motion_code-master/physics_modal_v4/enhancements/results/central/checkpoints/early_fusion/seed44/ETTm1/h336.pt,3a5336b000a14496,early,2,False,ETTm1,16,141.0657770591788,latentflow-central-all28-five-seed-no-exchange-v2-selector-safe,central,10,latentflow_process_preserving_unfreeze2,5.0,0.001,336,,30.580784949369963,False,,0.0007,0.42001095337527683,2048,1024,LatentFlow,0.4211395609738032,0.02,11185.0,1636816,,0.42013383945823324,0.41942832109940376,False,2,-0.00012288608295640824,0.0017112398743994173,,/work/11617/sujato_ts/vista/motion_code-master/physics_modal_v4/enhancements/results/central/runs/early_fusion/seed44/ETTm1/h336.json,67561caedc64982db1809981afd65259ed1ee6e3d732c7cd88459a313a5a6b1d,,0.6489526646634585,multiscale,44,"{'inducing_points': 32, 'latent_dim': 8, 'patch_lens': [8, 24, 48], 'representation_weight': 0.01}",8-24-48,,True,True,96,False,0,101.82762128988543,extension,early_fusion,0.0001,4
on,16,3,extension,0.9957158156803676,,/work/11617/sujato_ts/vista/motion_code-master/physics_modal_v4/enhancements/results/central/checkpoints/early_fusion/seed44/ETTm1/h720.pt,ca2007c0b559ff3c,early,2,False,ETTm1,16,142.96991709247231,latentflow-central-all28-five-seed-no-exchange-v2-selector-safe,central,10,latentflow_process_preserving_unfreeze2,5.0,0.001,720,,28.15240047849958,False,,0.0007,0.4969199833199796,2048,1024,LatentFlow,0.5473164734850687,0.02,10801.0,2026480,,0.4723798172097284,0.4975596802034616,False,2,0.024540166110251227,0.04975679328160715,,/work/11617/sujato_ts/vista/motion_code-master/physics_modal_v4/enhancements/results/central/runs/early_fusion/seed44/ETTm1/h720.json,ffd9fbf70adda525387f826ef773d010f76533f0ddd0a5b541d413744a7022e4,,0.7398084032268549,multiscale,44,"{'inducing_points': 32, 'latent_dim': 8, 'patch_lens': [8, 24, 48], 'representation_weight': 0.01}",8-24-48,,True,True,96,False,0,103.67532661475707,extension,early_fusion,0.0001,4
on,16,1,extension,0.39564883504949866,,/work/11617/sujato_ts/vista/motion_code-master/physics_modal_v4/enhancements/results/central/checkpoints/early_fusion/seed44/ETTm1/h96.pt,6e77ed99dae5aa95,early,2,False,ETTm1,16,142.78241324890405,latentflow-central-all28-five-seed-no-exchange-v2-selector-safe,central,10,latentflow_process_preserving_unfreeze2,5.0,0.001,96,,28.609133753625134,False,,0.0007,0.3729542966121011,2048,1024,LatentFlow,0.335373433493594,0.02,11425.0,1398606,,0.3739250022798351,0.33656029815014,False,2,-0.0009707056677339954,-0.001186864656545994,,/work/11617/sujato_ts/vista/motion_code-master/physics_modal_v4/enhancements/results/central/runs/early_fusion/seed44/ETTm1/h96.json,a933d902516e668f853a64dbb0078b8954b34ebe15d77933d0f22af7adb05de7,,0.5791143526917581,multiscale,44,"{'inducing_points': 32, 'latent_dim': 8, 'patch_lens': [8, 24, 48], 'representation_weight': 0.01}",8-24-48,,True,True,96,False,0,103.09595974540571,extension,early_fusion,0.0001,4
on,16,1,extension,0.16989797362614245,,/work/11617/sujato_ts/vista/motion_code-master/physics_modal_v4/enhancements/results/central/checkpoints/early_fusion/seed44/ETTm2/h192.pt,e7d4777c3386d1e6,early,2,False,ETTm2,16,145.65526561485603,latentflow-central-all28-five-seed-no-exchange-v2-selector-safe,central,10,latentflow_process_preserving_unfreeze2,5.0,0.001,192,,29.021395861053946,False,,0.0007,0.30315046134168083,2048,1024,LatentFlow,0.2424836605437154,0.02,11329.0,1468534,,0.30433047977007194,0.24387946023680443,False,2,-0.0011800184283911053,-0.0013957996930890337,,/work/11617/sujato_ts/vista/motion_code-master/physics_modal_v4/enhancements/results/central/runs/early_fusion/seed44/ETTm2/h192.json,6a8cbfbea0f35b6b19a800ae5eed83af7390f5c249e421aad6e3d9bdc98e3b0b,,0.4924262996060582,multiscale,44,"{'inducing_points': 16, 'latent_dim': 8, 'patch_lens': [8, 16, 32], 'representation_weight': 0.001}",8-16-32,,True,True,96,False,0,105.30663442441437,extension,early_fusion,0.0001,4
on,16,2,extension,0.21535616373123767,,/work/11617/sujato_ts/vista/motion_code-master/physics_modal_v4/enhancements/results/central/checkpoints/early_fusion/seed44/ETTm2/h336.pt,f56cf8b151ed32eb,early,2,False,ETTm2,16,139.69108110107481,latentflow-central-all28-five-seed-no-exchange-v2-selector-safe,central,10,latentflow_process_preserving_unfreeze2,5.0,0.001,336,,28.07888957567748,False,,0.0007,0.34513229454986455,2048,1024,LatentFlow,0.3079659984139765,0.02,11185.0,1612484,,0.346752295492731,0.30991552585025506,False,2,-0.001620000942866462,-0.0019495274362785753,,/work/11617/sujato_ts/vista/motion_code-master/physics_modal_v4/enhancements/results/central/runs/early_fusion/seed44/ETTm2/h336.json,e1873de949487d07b5b30dadf85e04afb48ed999c8bde0a0f9d3e387d9ea7d4c,,0.554946842872339,multiscale,44,"{'inducing_points': 16, 'latent_dim': 8, 'patch_lens': [8, 16, 32], 'representation_weight': 0.001}",8-16-32,,True,True,96,False,0,100.86916365089564,extension,early_fusion,0.0001,4
on,16,0,reference,0.30286388974341133,,/work/11617/sujato_ts/vista/motion_code-master/physics_modal_v4/enhancements/results/central/checkpoints/early_fusion/seed44/ETTm2/h720.pt,6d8475458ee7e505,early,2,False,ETTm2,16,140.44172913581133,latentflow-central-all28-five-seed-no-exchange-v2-selector-safe,central,10,latentflow_process_preserving_unfreeze2,5.0,0.001,720,,7.49566807834437,True,,0.0007,0.406837863068797,2048,1024,LatentFlow,0.41702886235783804,0.02,10801.0,2004620,,0.406837863068797,0.41702886235783804,False,2,0.0,0.0,,/work/11617/sujato_ts/vista/motion_code-master/physics_modal_v4/enhancements/results/central/runs/early_fusion/seed44/ETTm2/h720.json,fd45c5b0e6bf18691925bb1cd24337cdfb4676f6f3eeb43a75bd570509ea57dd,,0.6457777190007704,multiscale,44,"{'inducing_points': 16, 'latent_dim': 8, 'patch_lens': [8, 16, 32], 'representation_weight': 0.001}",8-16-32,,True,True,96,False,0,101.39175117947161,reference,early_fusion,0.0001,4
on,16,3,extension,0.12806850636289233,,/work/11617/sujato_ts/vista/motion_code-master/physics_modal_v4/enhancements/results/central/checkpoints/early_fusion/seed44/ETTm2/h96.pt,220ae77a618c7fce,early,2,False,ETTm2,16,142.23877384979278,latentflow-central-all28-five-seed-no-exchange-v2-selector-safe,central,10,latentflow_process_preserving_unfreeze2,5.0,0.001,96,,29.82482718248939,False,,0.0007,0.2584291649142988,2048,1024,LatentFlow,0.17472677815938054,0.02,11425.0,1373530,,0.2594324529460411,0.1759595858709159,False,2,-0.001003288031742322,-0.0012328077115353608,,/work/11617/sujato_ts/vista/motion_code-master/physics_modal_v4/enhancements/results/central/runs/early_fusion/seed44/ETTm2/h96.json,29cc73d5726c4973998942a309a0259dd4144aeac0813ef33f659b088a5f23ef,,0.41800332314394406,multiscale,44,"{'inducing_points': 16, 'latent_dim': 8, 'patch_lens': [8, 16, 32], 'representation_weight': 0.001}",8-16-32,,True,True,96,False,0,102.83983170374995,extension,early_fusion,0.0001,4
on,16,10,extension,0.14549487491881982,,/work/11617/sujato_ts/vista/motion_code-master/physics_modal_v4/enhancements/results/central/checkpoints/early_fusion/seed44/Electricity/h192.pt,02d0fa9015872858,early,2,False,Electricity,16,670.6673972457647,latentflow-central-all28-five-seed-no-exchange-v2-selector-safe,central,10,latentflow_process_preserving_unfreeze2,5.0,0.001,192,,37.885067977105365,False,,0.0007,0.2842574402622293,2048,1024,LatentFlow,0.18529807224766745,0.02,5071.0,1482127,,0.2683383279235023,0.1773355172662888,False,2,0.015919112338727004,0.007962554981378656,,/work/11617/sujato_ts/vista/motion_code-master/physics_modal_v4/enhancements/results/central/runs/early_fusion/seed44/Electricity/h192.json,a4812120fd775db7b315adc1538f47a529a71ef0b9e15fcb3769060c6a658d44,,0.4304626258430196,multiscale,44,"{'inducing_points': 32, 'latent_dim': 16, 'patch_lens': [8, 16, 32], 'representation_weight': 0.001}",8-16-32,,True,True,96,False,0,499.9899954218563,extension,early_fusion,0.0001,4
on,16,10,extension,0.16151910375689316,,/work/11617/sujato_ts/vista/motion_code-master/physics_modal_v4/enhancements/results/central/checkpoints/early_fusion/seed44/Electricity/h336.pt,188f32d4a409a8dd,early,2,False,Electricity,16,666.8288609409938,latentflow-central-all28-five-seed-no-exchange-v2-selector-safe,central,10,latentflow_process_preserving_unfreeze2,5.0,0.001,336,,38.641793443632075,False,,0.0007,0.34476332888881217,2048,1024,LatentFlow,0.23541462062092447,0.02,4927.0,1626077,,0.28420340836451774,0.1934285180488271,False,2,0.06055992052429443,0.04198610257209737,,/work/11617/sujato_ts/vista/motion_code-master/physics_modal_v4/enhancements/results/central/runs/early_fusion/seed44/Electricity/h336.json,6963c4d286407bdacdc846f0e141ea8d05b399e5e0864fecb5e2e43afd4e3f87,,0.48519544579573753,multiscale,44,"{'inducing_points': 32, 'latent_dim': 16, 'patch_lens': [8, 16, 32], 'representation_weight': 0.001}",8-16-32,,True,True,96,False,0,498.2379881007546,extension,early_fusion,0.0001,4
on,16,8,extension,0.19341941218179748,,/work/11617/sujato_ts/vista/motion_code-master/physics_modal_v4/enhancements/results/central/checkpoints/early_fusion/seed44/Electricity/h720.pt,3b7c07efce28b865,early,2,False,Electricity,16,703.6815963368863,latentflow-central-all28-five-seed-no-exchange-v2-selector-safe,central,10,latentflow_process_preserving_unfreeze2,5.0,0.001,720,,40.85772635531817,False,,0.0007,0.35087571744111323,2048,1024,LatentFlow,0.2547563841113609,0.02,4543.0,2018213,,0.3137325625271815,0.22898968459258237,False,2,0.03714315491393172,0.025766699518778552,,/work/11617/sujato_ts/vista/motion_code-master/physics_modal_v4/enhancements/results/central/runs/early_fusion/seed44/Electricity/h720.json,72218e6beb0b5df319dad0c3d2222fd3c22b48c6fe8da7ec0516fcce6edb70f5,,0.5047339736052656,multiscale,44,"{'inducing_points': 32, 'latent_dim': 16, 'patch_lens': [8, 16, 32], 'representation_weight': 0.001}",8-16-32,,True,True,96,False,0,527.6550972979749,extension,early_fusion,0.0001,4
on,16,10,extension,0.13190486689841882,,/work/11617/sujato_ts/vista/motion_code-master/physics_modal_v4/enhancements/results/central/checkpoints/early_fusion/seed44/Electricity/h96.pt,6939d08cfbba17a4,early,2,False,Electricity,16,620.6669611700345,latentflow-central-all28-five-seed-no-exchange-v2-selector-safe,central,10,latentflow_process_preserving_unfreeze2,5.0,0.001,96,,37.202616662866355,False,,0.0007,0.29800066227646466,2048,1024,LatentFlow,0.1918373164174365,0.02,5167.0,1387123,,0.25770278107895644,0.16636889186059933,False,2,0.04029788119750821,0.025468424556837177,,/work/11617/sujato_ts/vista/motion_code-master/physics_modal_v4/enhancements/results/central/runs/early_fusion/seed44/Electricity/h96.json,3f1d520aaa1220d41851dd4b776fb146ba769b567135264ba6f393bb38c912b5,,0.4379923702730865,multiscale,44,"{'inducing_points': 32, 'latent_dim': 16, 'patch_lens': [8, 16, 32], 'representation_weight': 0.001}",8-16-32,,True,True,96,False,0,463.55598416566863,extension,early_fusion,0.0001,4
on,16,10,extension,0.38622752991371717,,/work/11617/sujato_ts/vista/motion_code-master/physics_modal_v4/enhancements/results/central/checkpoints/early_fusion/seed44/Traffic/h192.pt,934d5a652790604c,early,2,False,Traffic,16,1298.972135561984,latentflow-central-all28-five-seed-no-exchange-v2-selector-safe,central,10,latentflow_process_preserving_unfreeze2,5.0,0.001,192,,89.00798870048683,False,,0.0007,0.33634231056971237,2048,1024,LatentFlow,0.48175414406135225,0.02,3319.0,1483750,,0.30739572277259186,0.46082103677292563,False,2,0.028946587797120504,0.020933107288426622,,/work/11617/sujato_ts/vista/motion_code-master/physics_modal_v4/enhancements/results/central/runs/early_fusion/seed44/Traffic/h192.json,85fc2e60d58534902cec4eac8c7158334be5fa47400d7c8efcc63c8525ae9610,,0.6940851129806432,multiscale,44,"{'inducing_points': 32, 'latent_dim': 16, 'patch_lens': [8, 16, 32], 'representation_weight': 0.001}",8-16-32,,True,True,96,False,0,990.4770544671919,extension,early_fusion,0.0001,4
on,16,10,extension,0.3976111141782665,,/work/11617/sujato_ts/vista/motion_code-master/physics_modal_v4/enhancements/results/central/checkpoints/early_fusion/seed44/Traffic/h336.pt,3468cc38e150132f,early,2,False,Traffic,16,1372.0724662640132,latentflow-central-all28-five-seed-no-exchange-v2-selector-safe,central,10,latentflow_process_preserving_unfreeze2,5.0,0.001,336,,92.60230822573331,False,,0.0007,0.35659969174432155,2048,1024,LatentFlow,0.5053496736314645,0.02,3175.0,1627700,,0.31206508369540015,0.47452687093646717,False,2,0.0445346080489214,0.030822802694997375,,/work/11617/sujato_ts/vista/motion_code-master/physics_modal_v4/enhancements/results/central/runs/early_fusion/seed44/Traffic/h336.json,19135af7040061f5c4b2c444bc267832b21f2201cf942f53d38b411843038804,,0.7108795071117641,multiscale,44,"{'inducing_points': 32, 'latent_dim': 16, 'patch_lens': [8, 16, 32], 'representation_weight': 0.001}",8-16-32,,True,True,96,False,0,1046.8658749476162,extension,early_fusion,0.0001,4
on,16,10,extension,0.4419290041548593,,/work/11617/sujato_ts/vista/motion_code-master/physics_modal_v4/enhancements/results/central/checkpoints/early_fusion/seed44/Traffic/h720.pt,4c939b8c0e055168,early,2,False,Traffic,16,1484.6814285498112,latentflow-central-all28-five-seed-no-exchange-v2-selector-safe,central,10,latentflow_process_preserving_unfreeze2,5.0,0.001,720,,99.72133268013425,False,,0.0007,0.399778417443237,2048,1024,LatentFlow,0.58384383901365,0.02,2791.0,2019836,,0.32872690371730795,0.5039912666880244,False,2,0.07105151372592905,0.07985257232562559,,/work/11617/sujato_ts/vista/motion_code-master/physics_modal_v4/enhancements/results/central/runs/early_fusion/seed44/Traffic/h720.json,a16a5693b5ad11aa64f8e9d22a38bf46a503a7584045a2e2db71e9ef05769c53,,0.7640967471555222,multiscale,44,"{'inducing_points': 32, 'latent_dim': 16, 'patch_lens': [8, 16, 32], 'representation_weight': 0.001}",8-16-32,,True,True,96,False,0,1132.928201276809,extension,early_fusion,0.0001,4
on,16,10,extension,0.39135836227310783,,/work/11617/sujato_ts/vista/motion_code-master/physics_modal_v4/enhancements/results/central/checkpoints/early_fusion/seed44/Traffic/h96.pt,e4395c6d32cee33e,early,2,False,Traffic,16,1299.6068034050986,latentflow-central-all28-five-seed-no-exchange-v2-selector-safe,central,10,latentflow_process_preserving_unfreeze2,5.0,0.001,96,,86.56192022631822,False,,0.0007,0.32597277114484463,2048,1024,LatentFlow,0.46150098829736386,0.02,3415.0,1388746,,0.30655234342666093,0.4496583836624306,False,2,0.019420427718183697,0.011842604634933251,,/work/11617/sujato_ts/vista/motion_code-master/physics_modal_v4/enhancements/results/central/runs/early_fusion/seed44/Traffic/h96.json,6c1f4b1aec2ae162c5d831134313016a2131841c75c6ae42040e79273c7a6948,,0.6793386403682363,multiscale,44,"{'inducing_points': 32, 'latent_dim': 16, 'patch_lens': [8, 16, 32], 'representation_weight': 0.001}",8-16-32,,True,True,96,False,0,990.4690376923099,extension,early_fusion,0.0001,4
on,16,3,extension,0.4764091582998397,,/work/11617/sujato_ts/vista/motion_code-master/physics_modal_v4/enhancements/results/central/checkpoints/early_fusion/seed44/Weather/h192.pt,703ea5843bee754f,early,2,False,Weather,16,216.41548810712993,latentflow-central-all28-five-seed-no-exchange-v2-selector-safe,central,10,latentflow_process_preserving_unfreeze2,5.0,0.001,192,,43.78916152929815,False,,0.0007,0.2580967270822438,2048,1024,LatentFlow,0.21537387161949148,0.02,10349.0,1484344,,0.2600385955754893,0.21730064049684683,False,2,-0.0019418684932455132,-0.0019267688773553504,,/work/11617/sujato_ts/vista/motion_code-master/physics_modal_v4/enhancements/results/central/runs/early_fusion/seed44/Weather/h192.json,7b2cc7aef33f7fb9e115abcee63fce8d1c60d5bcf945b7c713f4ff39310bbd36,,0.4640839057966689,multiscale,44,"{'inducing_points': 32, 'latent_dim': 16, 'patch_lens': [8, 16, 32], 'representation_weight': 0.001}",8-16-32,,True,True,96,False,0,160.86624040908646,extension,early_fusion,0.0001,4
on,16,3,extension,0.5649595374152774,,/work/11617/sujato_ts/vista/motion_code-master/physics_modal_v4/enhancements/results/central/checkpoints/early_fusion/seed44/Weather/h336.pt,fe93f973e1965d7c,early,2,False,Weather,16,226.32310259342194,latentflow-central-all28-five-seed-no-exchange-v2-selector-safe,central,10,latentflow_process_preserving_unfreeze2,5.0,0.001,336,,40.088464013951004,False,,0.0007,0.29815659779096443,2048,1024,LatentFlow,0.2741485719220383,0.02,10205.0,1628294,,0.29850318916989743,0.2750726298429799,False,2,-0.0003465913789330033,-0.0009240579209416344,,/work/11617/sujato_ts/vista/motion_code-master/physics_modal_v4/enhancements/results/central/runs/early_fusion/seed44/Weather/h336.json,7141ef8aee757480f04ca3b456e67ad2fd187561ef47d319506470dc2584e876,,0.5235919899330377,multiscale,44,"{'inducing_points': 32, 'latent_dim': 16, 'patch_lens': [8, 16, 32], 'representation_weight': 0.001}",8-16-32,,True,True,96,False,0,168.20834113605088,extension,early_fusion,0.0001,4
on,16,3,extension,0.6869685490926106,,/work/11617/sujato_ts/vista/motion_code-master/physics_modal_v4/enhancements/results/central/checkpoints/early_fusion/seed44/Weather/h720.pt,dee389a000ca5f21,early,2,False,Weather,16,210.8014997949358,latentflow-central-all28-five-seed-no-exchange-v2-selector-safe,central,10,latentflow_process_preserving_unfreeze2,5.0,0.001,720,,44.80395549177831,False,,0.0007,0.34901052708289054,2048,1024,LatentFlow,0.35116989673343574,0.02,9821.0,2020430,,0.34861569143513804,0.3508948760519777,False,2,0.0003948356477525006,0.00027502068145801584,,/work/11617/sujato_ts/vista/motion_code-master/physics_modal_v4/enhancements/results/central/runs/early_fusion/seed44/Weather/h720.json,a2b8718134963d604dd40ca3918d4541797046b40400234592d99459be5e1fb5,,0.5925958966559216,multiscale,44,"{'inducing_points': 32, 'latent_dim': 16, 'patch_lens': [8, 16, 32], 'representation_weight': 0.001}",8-16-32,,True,True,96,False,0,157.14302271790075,extension,early_fusion,0.0001,4
on,16,2,extension,0.4323927579181535,,/work/11617/sujato_ts/vista/motion_code-master/physics_modal_v4/enhancements/results/central/checkpoints/early_fusion/seed44/Weather/h96.pt,119b6b3058339244,early,2,False,Weather,16,207.60295535507612,latentflow-central-all28-five-seed-no-exchange-v2-selector-safe,central,10,latentflow_process_preserving_unfreeze2,5.0,0.001,96,,41.389911847200516,False,,0.0007,0.21293399105892166,2048,1024,LatentFlow,0.16632310204164363,0.02,10445.0,1389340,,0.21463701233574736,0.1676124202927663,False,2,-0.0017030212768257003,-0.001289318251122662,,/work/11617/sujato_ts/vista/motion_code-master/physics_modal_v4/enhancements/results/central/runs/early_fusion/seed44/Weather/h96.json,31b2d8320faa0a8bf493d8ffe37538381de6906b8674371473cf7f7f6c5ec3af,,0.4078272943804076,multiscale,44,"{'inducing_points': 32, 'latent_dim': 16, 'patch_lens': [8, 16, 32], 'representation_weight': 0.001}",8-16-32,,True,True,96,False,0,154.31389360237517,extension,early_fusion,0.0001,4
on,16,2,extension,1.022425535888899,,/work/11617/sujato_ts/vista/motion_code-master/physics_modal_v4/enhancements/results/central/checkpoints/early_fusion/seed45/ETTh1/h192.pt,740229dbec35d153,early,2,False,ETTh1,16,134.53260404709727,latentflow-central-all28-five-seed-no-exchange-v2-selector-safe,central,10,latentflow_process_preserving_unfreeze2,5.0,0.001,192,,30.1734906604547,False,,0.0007,0.4403302286368263,2048,1024,LatentFlow,0.45221724286674136,0.02,2689.0,1535526,,0.43936014096883713,0.45546616455614775,False,2,0.0009700876679891723,-0.003248921689406381,,/work/11617/sujato_ts/vista/motion_code-master/physics_modal_v4/enhancements/results/central/runs/early_fusion/seed45/ETTh1/h192.json,a902c566ba233007200cb2b3c90345eb4d8c4f04abbbf369bc2d4b647c99bcbc,,0.6724709977885599,multiscale,45,"{'inducing_points': 32, 'latent_dim': 16, 'patch_lens': [16, 32, 48], 'representation_weight': 0.05}",16-32-48,,True,True,96,False,0,100.1530493984319,extension,early_fusion,0.0001,4
on,16,0,reference,1.2853201546636568,,/work/11617/sujato_ts/vista/motion_code-master/physics_modal_v4/enhancements/results/central/checkpoints/early_fusion/seed45/ETTh1/h336.pt,f3962b483ab4efbb,early,2,False,ETTh1,16,137.66754790954292,latentflow-central-all28-five-seed-no-exchange-v2-selector-safe,central,10,latentflow_process_preserving_unfreeze2,5.0,0.001,336,,7.443791267143775,True,,0.0007,0.4569962442296437,2048,1024,LatentFlow,0.48986910685960405,0.02,2545.0,1676686,,0.4569962442296437,0.48986910685960405,False,2,0.0,0.0,,/work/11617/sujato_ts/vista/motion_code-master/physics_modal_v4/enhancements/results/central/runs/early_fusion/seed45/ETTh1/h336.json,ac4bea2794ea4cab8258325dfaded7e822b4fbf2e674f134155e0ab83f30005b,,0.6999064986550733,multiscale,45,"{'inducing_points': 32, 'latent_dim': 16, 'patch_lens': [16, 32, 48], 'representation_weight': 0.05}",16-32-48,,True,True,96,False,0,102.54642647196306,reference,early_fusion,0.0001,4
on,16,0,reference,1.5614857582818895,,/work/11617/sujato_ts/vista/motion_code-master/physics_modal_v4/enhancements/results/central/checkpoints/early_fusion/seed45/ETTh1/h720.pt,4ea01f49ddd12758,early,2,False,ETTh1,16,136.84081137902103,latentflow-central-all28-five-seed-no-exchange-v2-selector-safe,central,10,latentflow_process_preserving_unfreeze2,5.0,0.001,720,,7.400891705374442,True,,0.0007,0.48077424157540805,2048,1024,LatentFlow,0.4952980946486845,0.02,2161.0,2055222,,0.48077424157540805,0.4952980946486845,False,2,0.0,0.0,,/work/11617/sujato_ts/vista/motion_code-master/physics_modal_v4/enhancements/results/central/runs/early_fusion/seed45/ETTh1/h720.json,51ddc96dff434aba380db45c9986fb67f26f4386c8b674245a2a0411423b5d26,,0.7037741787311357,multiscale,45,"{'inducing_points': 32, 'latent_dim': 16, 'patch_lens': [16, 32, 48], 'representation_weight': 0.05}",16-32-48,,True,True,96,False,0,102.08604884446686,reference,early_fusion,0.0001,4
on,16,2,extension,0.7619148514100483,,/work/11617/sujato_ts/vista/motion_code-master/physics_modal_v4/enhancements/results/central/checkpoints/early_fusion/seed45/ETTh1/h96.pt,890c1f0a3c1faae5,early,2,False,ETTh1,16,136.50179854780436,latentflow-central-all28-five-seed-no-exchange-v2-selector-safe,central,10,latentflow_process_preserving_unfreeze2,5.0,0.001,96,,29.769955006444214,False,,0.0007,0.41867403469198206,2048,1024,LatentFlow,0.4081481161979342,0.02,2785.0,1441682,,0.4119331443025443,0.3993355176974089,False,2,0.006740890389437759,0.008812598500525293,,/work/11617/sujato_ts/vista/motion_code-master/physics_modal_v4/enhancements/results/central/runs/early_fusion/seed45/ETTh1/h96.json,c70e182ddb294645cdc1d6281012fcaec6a5b19c5cd3283c43fd19a5811a589e,,0.63886470883743,multiscale,45,"{'inducing_points': 32, 'latent_dim': 16, 'patch_lens': [16, 32, 48], 'representation_weight': 0.05}",16-32-48,,True,True,96,False,0,101.59279077743122,extension,early_fusion,0.0001,4
on,16,0,reference,0.2715803688125951,,/work/11617/sujato_ts/vista/motion_code-master/physics_modal_v4/enhancements/results/central/checkpoints/early_fusion/seed45/ETTh2/h192.pt,ebba12c19bbbd8bc,early,2,False,ETTh2,16,135.99354117922485,latentflow-central-all28-five-seed-no-exchange-v2-selector-safe,central,10,latentflow_process_preserving_unfreeze2,5.0,0.001,192,,8.265200478141892,True,,0.0007,0.3962504142475208,2048,1024,LatentFlow,0.38262124571531453,0.02,2689.0,1505278,,0.3962504142475208,0.38262124571531453,False,2,0.0,0.0,,/work/11617/sujato_ts/vista/motion_code-master/physics_modal_v4/enhancements/results/central/runs/early_fusion/seed45/ETTh2/h192.json,3aa20bf7a4ea68cccc796aa1b90b0c4867d991190da529cd0412c70b43e98070,,0.6185638574272785,multiscale,45,"{'inducing_points': 32, 'latent_dim': 8, 'patch_lens': [16, 32, 48], 'representation_weight': 0.001}",16-32-48,,True,True,96,False,0,101.25839022221044,reference,early_fusion,0.0001,4
on,16,0,reference,0.35867446174426953,,/work/11617/sujato_ts/vista/motion_code-master/physics_modal_v4/enhancements/results/central/checkpoints/early_fusion/seed45/ETTh2/h336.pt,df2c867be6ca797f,early,2,False,ETTh2,16,137.03839863091707,latentflow-central-all28-five-seed-no-exchange-v2-selector-safe,central,10,latentflow_process_preserving_unfreeze2,5.0,0.001,336,,8.17821509959294,True,,0.0007,0.43800290746301246,2048,1024,LatentFlow,0.43231183527695677,0.02,2545.0,1646438,,0.43800290746301246,0.43231183527695677,False,2,0.0,0.0,,/work/11617/sujato_ts/vista/motion_code-master/physics_modal_v4/enhancements/results/central/runs/early_fusion/seed45/ETTh2/h336.json,e5621021dd8e76e2870df4b61901a459443e64199b01b03d0b6e961c79ff996a,,0.6575042473451839,multiscale,45,"{'inducing_points': 32, 'latent_dim': 8, 'patch_lens': [16, 32, 48], 'representation_weight': 0.001}",16-32-48,,True,True,96,False,0,102.24386981262796,reference,early_fusion,0.0001,4
on,16,0,reference,0.620609062058585,,/work/11617/sujato_ts/vista/motion_code-master/physics_modal_v4/enhancements/results/central/checkpoints/early_fusion/seed45/ETTh2/h720.pt,8a403c5fbfe65565,early,2,False,ETTh2,16,134.07336868497077,latentflow-central-all28-five-seed-no-exchange-v2-selector-safe,central,10,latentflow_process_preserving_unfreeze2,5.0,0.001,720,,7.774668029829193,True,,0.0007,0.44404134140585694,2048,1024,LatentFlow,0.4243852729579089,0.02,2161.0,2024974,,0.44404134140585694,0.4243852729579089,False,2,0.0,0.0,,/work/11617/sujato_ts/vista/motion_code-master/physics_modal_v4/enhancements/results/central/runs/early_fusion/seed45/ETTh2/h720.json,f5fb8c550a247ff9b6aad5daaa2cdf3f5e45f9d7019632e23d8e040a394bb93e,,0.6514485957908797,multiscale,45,"{'inducing_points': 32, 'latent_dim': 8, 'patch_lens': [16, 32, 48], 'representation_weight': 0.001}",16-32-48,,True,True,96,False,0,100.11755286404878,reference,early_fusion,0.0001,4
on,16,1,extension,0.22213000742097697,,/work/11617/sujato_ts/vista/motion_code-master/physics_modal_v4/enhancements/results/central/checkpoints/early_fusion/seed45/ETTh2/h96.pt,576cea65744dada4,early,2,False,ETTh2,16,139.23065560497344,latentflow-central-all28-five-seed-no-exchange-v2-selector-safe,central,10,latentflow_process_preserving_unfreeze2,5.0,0.001,96,,30.279249293363595,False,,0.0007,0.3491589904208565,2048,1024,LatentFlow,0.3012673577090721,0.02,2785.0,1411434,,0.35010995524881683,0.3019044523270933,False,2,-0.00095096482796031,-0.0006370946180211945,,/work/11617/sujato_ts/vista/motion_code-master/physics_modal_v4/enhancements/results/central/runs/early_fusion/seed45/ETTh2/h96.json,08050e2353b01630fcb529f1b5fec1fc35edca26b54a98f563806b0bd65ed917,,0.5488782722144064,multiscale,45,"{'inducing_points': 32, 'latent_dim': 8, 'patch_lens': [16, 32, 48], 'representation_weight': 0.001}",16-32-48,,True,True,96,False,0,103.76410851604305,extension,early_fusion,0.0001,4
on,16,0,reference,0.5113625996524379,,/work/11617/sujato_ts/vista/motion_code-master/physics_modal_v4/enhancements/results/central/checkpoints/early_fusion/seed45/ETTm1/h192.pt,f77a1ea3b2496584,early,2,False,ETTm1,16,136.7769202409545,latentflow-central-all28-five-seed-no-exchange-v2-selector-safe,central,10,latentflow_process_preserving_unfreeze2,5.0,0.001,192,,7.99014872727755,True,,0.0007,0.40250063238337175,2048,1024,LatentFlow,0.39295605597909256,0.02,11329.0,1493398,,0.40250063238337175,0.39295605597909256,False,2,0.0,0.0,,/work/11617/sujato_ts/vista/motion_code-master/physics_modal_v4/enhancements/results/central/runs/early_fusion/seed45/ETTm1/h192.json,2a7f2252342c8289355191638d3c018a3e65e635ea244061a84c7876f9576faf,,0.6268620709367353,multiscale,45,"{'inducing_points': 32, 'latent_dim': 8, 'patch_lens': [8, 24, 48], 'representation_weight': 0.01}",8-24-48,,True,True,96,False,0,98.62105678357693,reference,early_fusion,0.0001,4
on,16,0,reference,0.6596212520891306,,/work/11617/sujato_ts/vista/motion_code-master/physics_modal_v4/enhancements/results/central/checkpoints/early_fusion/seed45/ETTm1/h336.pt,a56ff70d1b5ec098,early,2,False,ETTm1,16,146.80928074987605,latentflow-central-all28-five-seed-no-exchange-v2-selector-safe,central,10,latentflow_process_preserving_unfreeze2,5.0,0.001,336,,7.5983942231499615,True,,0.0007,0.43958715140634486,2048,1024,LatentFlow,0.4606223764176206,0.02,11185.0,1636816,,0.43958715140634486,0.4606223764176206,False,2,0.0,0.0,,/work/11617/sujato_ts/vista/motion_code-master/physics_modal_v4/enhancements/results/central/runs/early_fusion/seed45/ETTm1/h336.json,e8629a16a19b5a067fc47af3e3b6d1b5627f01c77e7d822caad76b9b06b081ac,,0.6786916652041785,multiscale,45,"{'inducing_points': 32, 'latent_dim': 8, 'patch_lens': [8, 24, 48], 'representation_weight': 0.01}",8-24-48,,True,True,96,False,0,106.00015015552344,reference,early_fusion,0.0001,4
on,16,5,extension,0.9946414500947982,,/work/11617/sujato_ts/vista/motion_code-master/physics_modal_v4/enhancements/results/central/checkpoints/early_fusion/seed45/ETTm1/h720.pt,eccfeed62effbacf,early,2,False,ETTm1,16,138.63878394011408,latentflow-central-all28-five-seed-no-exchange-v2-selector-safe,central,10,latentflow_process_preserving_unfreeze2,5.0,0.001,720,,30.059278739781398,False,,0.0007,0.5686602384421411,2048,1024,LatentFlow,0.7211464713840751,0.02,10801.0,2026480,,0.45882212620774127,0.4826467743064109,False,2,0.10983811223439982,0.23849969707766416,,/work/11617/sujato_ts/vista/motion_code-master/physics_modal_v4/enhancements/results/central/runs/early_fusion/seed45/ETTm1/h720.json,2666ba00b2b4a22de4df70e0f89918be2454589386a149b1313ec5ab9815e0df,,0.8492034334504749,multiscale,45,"{'inducing_points': 32, 'latent_dim': 8, 'patch_lens': [8, 24, 48], 'representation_weight': 0.01}",8-24-48,,True,True,96,False,0,100.41440027162025,extension,early_fusion,0.0001,4
on,16,3,extension,0.3926019858391512,,/work/11617/sujato_ts/vista/motion_code-master/physics_modal_v4/enhancements/results/central/checkpoints/early_fusion/seed45/ETTm1/h96.pt,3e679f6fc2e7df99,early,2,False,ETTm1,16,140.33422835823148,latentflow-central-all28-five-seed-no-exchange-v2-selector-safe,central,10,latentflow_process_preserving_unfreeze2,5.0,0.001,96,,27.284921835298125,False,,0.0007,0.37795022878421275,2048,1024,LatentFlow,0.3406160705477369,0.02,11425.0,1398606,,0.3806962201733682,0.3441826463617657,False,2,-0.0027459913891554333,-0.003566575814028805,,/work/11617/sujato_ts/vista/motion_code-master/physics_modal_v4/enhancements/results/central/runs/early_fusion/seed45/ETTm1/h96.json,1d909b4ba9152833efd7a29c8b6462d3301dfb712ad5f021cb4e40d9ebc5cdd5,,0.5836232265320983,multiscale,45,"{'inducing_points': 32, 'latent_dim': 8, 'patch_lens': [8, 24, 48], 'representation_weight': 0.01}",8-24-48,,True,True,96,False,0,101.34813951954129,extension,early_fusion,0.0001,4
on,16,1,extension,0.16952562580506006,,/work/11617/sujato_ts/vista/motion_code-master/physics_modal_v4/enhancements/results/central/checkpoints/early_fusion/seed45/ETTm2/h192.pt,a8858fd1dde65df0,early,2,False,ETTm2,16,140.97818361292593,latentflow-central-all28-five-seed-no-exchange-v2-selector-safe,central,10,latentflow_process_preserving_unfreeze2,5.0,0.001,192,,29.53530432553659,False,,0.0007,0.30318830853160256,2048,1024,LatentFlow,0.24383703922110922,0.02,11329.0,1468534,,0.30330142306865804,0.2440229780396618,False,2,-0.00011311453705548091,-0.00018593881855258343,,/work/11617/sujato_ts/vista/motion_code-master/physics_modal_v4/enhancements/results/central/runs/early_fusion/seed45/ETTm2/h192.json,cf55375a6d1dd1cdb93cdee5f35e5894c5bf56ad7f940f28a2d0947ad37dd082,,0.4937985816313259,multiscale,45,"{'inducing_points': 16, 'latent_dim': 8, 'patch_lens': [8, 16, 32], 'representation_weight': 0.001}",8-16-32,,True,True,96,False,0,101.56429539911187,extension,early_fusion,0.0001,4
on,16,2,extension,0.21684902754365182,,/work/11617/sujato_ts/vista/motion_code-master/physics_modal_v4/enhancements/results/central/checkpoints/early_fusion/seed45/ETTm2/h336.pt,e8e884d8702e0698,early,2,False,ETTm2,16,147.4713733624667,latentflow-central-all28-five-seed-no-exchange-v2-selector-safe,central,10,latentflow_process_preserving_unfreeze2,5.0,0.001,336,,28.03340929168087,False,,0.0007,0.34533796203323175,2048,1024,LatentFlow,0.30809515287076283,0.02,11185.0,1612484,,0.34664563749960886,0.310168011943214,False,2,-0.0013076754663771117,-0.0020728590724511387,,/work/11617/sujato_ts/vista/motion_code-master/physics_modal_v4/enhancements/results/central/runs/early_fusion/seed45/ETTm2/h336.json,a487873951c891b4012a127b109339a073d4fc018434f5c0bd4a959a56a96869,,0.555063197186377,multiscale,45,"{'inducing_points': 16, 'latent_dim': 8, 'patch_lens': [8, 16, 32], 'representation_weight': 0.001}",8-16-32,,True,True,96,False,0,106.68269516172586,extension,early_fusion,0.0001,4
on,16,1,extension,0.304714116028377,,/work/11617/sujato_ts/vista/motion_code-master/physics_modal_v4/enhancements/results/central/checkpoints/early_fusion/seed45/ETTm2/h720.pt,b9c6adce804f6fbf,early,2,False,ETTm2,16,145.32266271486878,latentflow-central-all28-five-seed-no-exchange-v2-selector-safe,central,10,latentflow_process_preserving_unfreeze2,5.0,0.001,720,,30.202624371457702,False,,0.0007,0.40590403306249523,2048,1024,LatentFlow,0.41528922202542234,0.02,10801.0,2004620,,0.40612095146496446,0.4155853570173753,False,2,-0.000216918402469235,-0.00029613499195296766,,/work/11617/sujato_ts/vista/motion_code-master/physics_modal_v4/enhancements/results/central/runs/early_fusion/seed45/ETTm2/h720.json,a4673736bb5eda1e4199ae6536426e90b99889f8bff458eacf3e06f0ee466cea,,0.6444293770658057,multiscale,45,"{'inducing_points': 16, 'latent_dim': 8, 'patch_lens': [8, 16, 32], 'representation_weight': 0.001}",8-16-32,,True,True,96,False,0,105.21246160715236,extension,early_fusion,0.0001,4
on,16,6,extension,0.1269630536525732,,/work/11617/sujato_ts/vista/motion_code-master/physics_modal_v4/enhancements/results/central/checkpoints/early_fusion/seed45/ETTm2/h96.pt,5c5be3a82761910a,early,2,False,ETTm2,16,145.9699645540677,latentflow-central-all28-five-seed-no-exchange-v2-selector-safe,central,10,latentflow_process_preserving_unfreeze2,5.0,0.001,96,,29.906011494150878,False,,0.0007,0.26126669850040873,2048,1024,LatentFlow,0.1777768519283198,0.02,11425.0,1373530,,0.26215322569830907,0.1793267550403356,False,2,-0.0008865271979003331,-0.0015499031120158047,,/work/11617/sujato_ts/vista/motion_code-master/physics_modal_v4/enhancements/results/central/runs/early_fusion/seed45/ETTm2/h96.json,68ecfebc960da53638323b55c5f45029ea9dbeeb2abeadaedfb617af1f137580,,0.4216359234319578,multiscale,45,"{'inducing_points': 16, 'latent_dim': 8, 'patch_lens': [8, 16, 32], 'representation_weight': 0.001}",8-16-32,,True,True,96,False,0,105.51642121099576,extension,early_fusion,0.0001,4
on,16,9,extension,0.14477875472848165,,/work/11617/sujato_ts/vista/motion_code-master/physics_modal_v4/enhancements/results/central/checkpoints/early_fusion/seed45/Electricity/h192.pt,e4a43e5f0abc9ff1,early,2,False,Electricity,16,650.6731188911945,latentflow-central-all28-five-seed-no-exchange-v2-selector-safe,central,10,latentflow_process_preserving_unfreeze2,5.0,0.001,192,,38.981091851989426,False,,0.0007,0.3652483952281124,2048,1024,LatentFlow,0.24751488331128874,0.02,5071.0,1482127,,0.2665284614537983,0.17529456341694755,False,2,0.0987199337743141,0.07222031989434119,,/work/11617/sujato_ts/vista/motion_code-master/physics_modal_v4/enhancements/results/central/runs/early_fusion/seed45/Electricity/h192.json,0cdcb6eec9a7c5146e3d4ff4273f2de2262ad822e236cead1f1189e78da569a8,,0.49750867661910053,multiscale,45,"{'inducing_points': 32, 'latent_dim': 16, 'patch_lens': [8, 16, 32], 'representation_weight': 0.001}",8-16-32,,True,True,96,False,0,485.81710484431824,extension,early_fusion,0.0001,4
on,16,8,extension,0.1627722542676033,,/work/11617/sujato_ts/vista/motion_code-master/physics_modal_v4/enhancements/results/central/checkpoints/early_fusion/seed45/Electricity/h336.pt,fe256f13f152f88f,early,2,False,Electricity,16,665.6101890718564,latentflow-central-all28-five-seed-no-exchange-v2-selector-safe,central,10,latentflow_process_preserving_unfreeze2,5.0,0.001,336,,37.73435967239907,False,,0.0007,0.46107343202648315,2048,1024,LatentFlow,0.3711785655859398,0.02,4927.0,1626077,,0.2820610529226776,0.19104857623485663,False,2,0.17901237910380557,0.18012998935108318,,/work/11617/sujato_ts/vista/motion_code-master/physics_modal_v4/enhancements/results/central/runs/early_fusion/seed45/Electricity/h336.json,188151bf2cca89921ec90b0e1b5214a9a27295f92e37374b6006dbbe5eae4ff5,,0.6092442577373544,multiscale,45,"{'inducing_points': 32, 'latent_dim': 16, 'patch_lens': [8, 16, 32], 'representation_weight': 0.001}",8-16-32,,True,True,96,False,0,497.5489817561538,extension,early_fusion,0.0001,4
on,16,9,extension,0.19905123078480605,,/work/11617/sujato_ts/vista/motion_code-master/physics_modal_v4/enhancements/results/central/checkpoints/early_fusion/seed45/Electricity/h720.pt,63b1e8a3cce60396,early,2,False,Electricity,16,669.7631236069137,latentflow-central-all28-five-seed-no-exchange-v2-selector-safe,central,10,latentflow_process_preserving_unfreeze2,5.0,0.001,720,,41.3526526368527,False,,0.0007,0.3370601982479569,2048,1024,LatentFlow,0.24851709580737852,0.02,4543.0,2018213,,0.32463368513362695,0.24211678077606394,False,2,0.012426513114329962,0.00640031503131458,,/work/11617/sujato_ts/vista/motion_code-master/physics_modal_v4/enhancements/results/central/runs/early_fusion/seed45/Electricity/h720.json,cf6d22efaa4bee1503058f333897d4b8ce1f197ca9f0996ecba877f294b7f22e,,0.4985148902564281,multiscale,45,"{'inducing_points': 32, 'latent_dim': 16, 'patch_lens': [8, 16, 32], 'representation_weight': 0.001}",8-16-32,,True,True,96,False,0,502.79848378904717,extension,early_fusion,0.0001,4
on,16,10,extension,0.134060627636756,,/work/11617/sujato_ts/vista/motion_code-master/physics_modal_v4/enhancements/results/central/checkpoints/early_fusion/seed45/Electricity/h96.pt,792b498041796cc7,early,2,False,Electricity,16,650.8702637273818,latentflow-central-all28-five-seed-no-exchange-v2-selector-safe,central,10,latentflow_process_preserving_unfreeze2,5.0,0.001,96,,39.07370939277755,False,,0.0007,0.3007601465073003,2048,1024,LatentFlow,0.19339507703020187,0.02,5167.0,1387123,,0.25727565885079723,0.16459865282916966,False,2,0.04348448765650309,0.028796424201032206,,/work/11617/sujato_ts/vista/motion_code-master/physics_modal_v4/enhancements/results/central/runs/early_fusion/seed45/Electricity/h96.json,5a6ee3dff90fbb0e6d0ea321433aeb8f0e2c0dbd70c9848691afa03a416703fd,,0.4397670713345894,multiscale,45,"{'inducing_points': 32, 'latent_dim': 16, 'patch_lens': [8, 16, 32], 'representation_weight': 0.001}",8-16-32,,True,True,96,False,0,484.3602588312933,extension,early_fusion,0.0001,4
on,16,8,extension,0.38697379011565736,,/work/11617/sujato_ts/vista/motion_code-master/physics_modal_v4/enhancements/results/central/checkpoints/early_fusion/seed45/Traffic/h192.pt,24462ab5637b0104,early,2,False,Traffic,16,1298.465112029924,latentflow-central-all28-five-seed-no-exchange-v2-selector-safe,central,10,latentflow_process_preserving_unfreeze2,5.0,0.001,192,,87.61235463752406,False,,0.0007,0.36585238497970946,2048,1024,LatentFlow,0.5072499555672593,0.02,3319.0,1483750,,0.30840479394333203,0.4627301891851882,False,2,0.05744759103637742,0.04451976638207106,,/work/11617/sujato_ts/vista/motion_code-master/physics_modal_v4/enhancements/results/central/runs/early_fusion/seed45/Traffic/h192.json,7581c2e208a586e3ea420058c1a1267d1b2fbc56e87e827cd977d19745123443,,0.7122148240294212,multiscale,45,"{'inducing_points': 32, 'latent_dim': 16, 'patch_lens': [8, 16, 32], 'representation_weight': 0.001}",8-16-32,,True,True,96,False,0,990.2303064570333,extension,early_fusion,0.0001,4
on,16,7,extension,0.40114729302507146,,/work/11617/sujato_ts/vista/motion_code-master/physics_modal_v4/enhancements/results/central/checkpoints/early_fusion/seed45/Traffic/h336.pt,23689a10433eb83c,early,2,False,Traffic,16,1358.6133654979058,latentflow-central-all28-five-seed-no-exchange-v2-selector-safe,central,10,latentflow_process_preserving_unfreeze2,5.0,0.001,336,,91.66796984341504,False,,0.0007,0.33182206006106474,2048,1024,LatentFlow,0.4996652392647917,0.02,3175.0,1627700,,0.3113033041670799,0.48136893085398835,False,2,0.02051875589398483,0.018296308410803375,,/work/11617/sujato_ts/vista/motion_code-master/physics_modal_v4/enhancements/results/central/runs/early_fusion/seed45/Traffic/h336.json,89d041eb78010d049a8f0aa82816125b0b289cc0c59bff96fbc8235644d3ba15,,0.7068700299664654,multiscale,45,"{'inducing_points': 32, 'latent_dim': 16, 'patch_lens': [8, 16, 32], 'representation_weight': 0.001}",8-16-32,,True,True,96,False,0,1035.779719131824,extension,early_fusion,0.0001,4
on,16,10,extension,0.4428718749811183,,/work/11617/sujato_ts/vista/motion_code-master/physics_modal_v4/enhancements/results/central/checkpoints/early_fusion/seed45/Traffic/h720.pt,b1a2fa7f661aa9c7,early,2,False,Traffic,16,1510.296352845151,latentflow-central-all28-five-seed-no-exchange-v2-selector-safe,central,10,latentflow_process_preserving_unfreeze2,5.0,0.001,720,,100.54247185702292,False,,0.0007,0.39171369087378416,2048,1024,LatentFlow,0.5472202587940683,0.02,2791.0,2019836,,0.32861205325498655,0.5060871590050963,False,2,0.06310163761879761,0.04113309978897206,,/work/11617/sujato_ts/vista/motion_code-master/physics_modal_v4/enhancements/results/central/runs/early_fusion/seed45/Traffic/h720.json,42af3b15352cd601b0d517d837184dc54f339e91d3c70697b428d4cd41178ffb,,0.7397433736060556,multiscale,45,"{'inducing_points': 32, 'latent_dim': 16, 'patch_lens': [8, 16, 32], 'representation_weight': 0.001}",8-16-32,,True,True,96,False,0,1152.8870010108221,extension,early_fusion,0.0001,4
on,16,10,extension,0.3935839490934757,,/work/11617/sujato_ts/vista/motion_code-master/physics_modal_v4/enhancements/results/central/checkpoints/early_fusion/seed45/Traffic/h96.pt,42c4fa02d0d26ee7,early,2,False,Traffic,16,1289.8517595860176,latentflow-central-all28-five-seed-no-exchange-v2-selector-safe,central,10,latentflow_process_preserving_unfreeze2,5.0,0.001,96,,87.36813161959391,False,,0.0007,0.3292179711166562,2048,1024,LatentFlow,0.4708312236122588,0.02,3415.0,1388746,,0.3135031868017734,0.45799241917177924,False,2,0.015714784314882768,0.012838804440479579,,/work/11617/sujato_ts/vista/motion_code-master/physics_modal_v4/enhancements/results/central/runs/early_fusion/seed45/Traffic/h96.json,a9feb17a15832ba5d29b1e2dcf5e149335cf717708ea5cf7bc8d1a0d476ad989,,0.6861714243629349,multiscale,45,"{'inducing_points': 32, 'latent_dim': 16, 'patch_lens': [8, 16, 32], 'representation_weight': 0.001}",8-16-32,,True,True,96,False,0,983.2815442245192,extension,early_fusion,0.0001,4
on,16,6,extension,0.48485224244613495,,/work/11617/sujato_ts/vista/motion_code-master/physics_modal_v4/enhancements/results/central/checkpoints/early_fusion/seed45/Weather/h192.pt,2285b02c786b97e9,early,2,False,Weather,16,199.85587409092113,latentflow-central-all28-five-seed-no-exchange-v2-selector-safe,central,10,latentflow_process_preserving_unfreeze2,5.0,0.001,192,,44.37169819608215,False,,0.0007,0.25864481846648374,2048,1024,LatentFlow,0.2174611198311868,0.02,10349.0,1484344,,0.25972269854933,0.21939001848127834,False,2,-0.001077880082846261,-0.0019288986500915484,,/work/11617/sujato_ts/vista/motion_code-master/physics_modal_v4/enhancements/results/central/runs/early_fusion/seed45/Weather/h192.json,c70ff11a75c394a13520e29adf12c09fd70c5a0ed8ad6a0c2e0d060b91126abc,,0.466327266875085,multiscale,45,"{'inducing_points': 32, 'latent_dim': 16, 'patch_lens': [8, 16, 32], 'representation_weight': 0.001}",8-16-32,,True,True,96,False,0,148.4974218539719,extension,early_fusion,0.0001,4
on,16,4,extension,0.5614855075909707,,/work/11617/sujato_ts/vista/motion_code-master/physics_modal_v4/enhancements/results/central/checkpoints/early_fusion/seed45/Weather/h336.pt,b0749c0da45c1482,early,2,False,Weather,16,226.9225033596158,latentflow-central-all28-five-seed-no-exchange-v2-selector-safe,central,10,latentflow_process_preserving_unfreeze2,5.0,0.001,336,,40.57698635642165,False,,0.0007,0.29967151983827967,2048,1024,LatentFlow,0.2756813786919225,0.02,10205.0,1628294,,0.30122201465247034,0.27820171240198194,False,2,-0.0015504948141906727,-0.0025203337100594414,,/work/11617/sujato_ts/vista/motion_code-master/physics_modal_v4/enhancements/results/central/runs/early_fusion/seed45/Weather/h336.json,bffc1bf7aa91fdc162fc62145f9399412a41ed2e29e2c9056aeb5c0b7b2b9f3e,,0.525053691246831,multiscale,45,"{'inducing_points': 32, 'latent_dim': 16, 'patch_lens': [8, 16, 32], 'representation_weight': 0.001}",8-16-32,,True,True,96,False,0,168.42654794600094,extension,early_fusion,0.0001,4
on,16,5,extension,0.6821852578057184,,/work/11617/sujato_ts/vista/motion_code-master/physics_modal_v4/enhancements/results/central/checkpoints/early_fusion/seed45/Weather/h720.pt,082118256f44a710,early,2,False,Weather,16,219.58058194397017,latentflow-central-all28-five-seed-no-exchange-v2-selector-safe,central,10,latentflow_process_preserving_unfreeze2,5.0,0.001,720,,46.725222789165045,False,,0.0007,0.3483850964348899,2048,1024,LatentFlow,0.35038788840120766,0.02,9821.0,2020430,,0.34876944269920834,0.3508158971610765,False,2,-0.0003843462643184359,-0.00042800875986881426,,/work/11617/sujato_ts/vista/motion_code-master/physics_modal_v4/enhancements/results/central/runs/early_fusion/seed45/Weather/h720.json,baf95cd4e9d018a5d1ec41c9871da30109c5a541896c65c54461726049aec217,,0.591935713064525,multiscale,45,"{'inducing_points': 32, 'latent_dim': 16, 'patch_lens': [8, 16, 32], 'representation_weight': 0.001}",8-16-32,,True,True,96,False,0,163.4717116234242,extension,early_fusion,0.0001,4
on,16,5,extension,0.4296366245973678,,/work/11617/sujato_ts/vista/motion_code-master/physics_modal_v4/enhancements/results/central/checkpoints/early_fusion/seed45/Weather/h96.pt,be96b08e6816559e,early,2,False,Weather,16,205.52515163226053,latentflow-central-all28-five-seed-no-exchange-v2-selector-safe,central,10,latentflow_process_preserving_unfreeze2,5.0,0.001,96,,45.21951621853262,False,,0.0007,0.212599866210355,2048,1024,LatentFlow,0.16523513400321957,0.02,10445.0,1389340,,0.21526523111739862,0.16898268626653212,False,2,-0.0026653649070436103,-0.0037475522633125535,,/work/11617/sujato_ts/vista/motion_code-master/physics_modal_v4/enhancements/results/central/runs/early_fusion/seed45/Weather/h96.json,f0986761e24b0b07c2be0ea997f6bf71a7ef2b2541698c271fdec0a1f66843aa,,0.4064912471421981,multiscale,45,"{'inducing_points': 32, 'latent_dim': 16, 'patch_lens': [8, 16, 32], 'representation_weight': 0.001}",8-16-32,,True,True,96,False,0,152.54129630011448,extension,early_fusion,0.0001,4
on,16,0,reference,1.0230432014380182,,/work/11617/sujato_ts/vista/motion_code-master/physics_modal_v4/enhancements/results/central/checkpoints/early_fusion/seed46/ETTh1/h192.pt,4c4c6917812b2779,early,2,False,ETTh1,16,134.27602059207857,latentflow-central-all28-five-seed-no-exchange-v2-selector-safe,central,10,latentflow_process_preserving_unfreeze2,5.0,0.001,192,,7.986450701684295,True,,0.0007,0.43696133683285093,2048,1024,LatentFlow,0.44908814311257633,0.02,2689.0,1535526,,0.43696133683285093,0.44908814311257633,False,2,0.0,0.0,,/work/11617/sujato_ts/vista/motion_code-master/physics_modal_v4/enhancements/results/central/runs/early_fusion/seed46/ETTh1/h192.json,8a1dcc2bf3a6b4202083a0bcf149007ad31e9e849e43290909be0c9dbb6f7d5e,,0.6701403905992955,multiscale,46,"{'inducing_points': 32, 'latent_dim': 16, 'patch_lens': [16, 32, 48], 'representation_weight': 0.05}",16-32-48,,True,True,96,False,0,100.20732393022627,reference,early_fusion,0.0001,4
on,16,1,extension,1.2883782577352458,,/work/11617/sujato_ts/vista/motion_code-master/physics_modal_v4/enhancements/results/central/checkpoints/early_fusion/seed46/ETTh1/h336.pt,3329929422e3328f,early,2,False,ETTh1,16,146.77257639169693,latentflow-central-all28-five-seed-no-exchange-v2-selector-safe,central,10,latentflow_process_preserving_unfreeze2,5.0,0.001,336,,28.610388229636452,False,,0.0007,0.45373059303827473,2048,1024,LatentFlow,0.4782700657438273,0.02,2545.0,1676686,,0.4549913390898745,0.48266760462079833,False,2,-0.0012607460515997593,-0.00439753887697103,,/work/11617/sujato_ts/vista/motion_code-master/physics_modal_v4/enhancements/results/central/runs/early_fusion/seed46/ETTh1/h336.json,454d9545af54d5ed810295d2d30f3cd6dfe0b9aa35e3d65f903d9e7361a03b93,,0.6915707236023133,multiscale,46,"{'inducing_points': 32, 'latent_dim': 16, 'patch_lens': [16, 32, 48], 'representation_weight': 0.05}",16-32-48,,True,True,96,False,0,109.62782966598752,extension,early_fusion,0.0001,4
on,16,0,reference,1.5673880440848214,,/work/11617/sujato_ts/vista/motion_code-master/physics_modal_v4/enhancements/results/central/checkpoints/early_fusion/seed46/ETTh1/h720.pt,9be5780cda164187,early,2,False,ETTh1,16,135.69617865374312,latentflow-central-all28-five-seed-no-exchange-v2-selector-safe,central,10,latentflow_process_preserving_unfreeze2,5.0,0.001,720,,8.004123911456164,True,,0.0007,0.48477995297188375,2048,1024,LatentFlow,0.5024117612303217,0.02,2161.0,2055222,,0.48477995297188375,0.5024117612303217,False,2,0.0,0.0,,/work/11617/sujato_ts/vista/motion_code-master/physics_modal_v4/enhancements/results/central/runs/early_fusion/seed46/ETTh1/h720.json,db9efa8580aec1bb4be79c25ac4c8fdc5575cd3208aaee15c5a021b0a4c5bb19,,0.7088101023760325,multiscale,46,"{'inducing_points': 32, 'latent_dim': 16, 'patch_lens': [16, 32, 48], 'representation_weight': 0.05}",16-32-48,,True,True,96,False,0,101.37630264835025,reference,early_fusion,0.0001,4
on,16,3,extension,0.7615369678962798,,/work/11617/sujato_ts/vista/motion_code-master/physics_modal_v4/enhancements/results/central/checkpoints/early_fusion/seed46/ETTh1/h96.pt,e8611c35c52f0fc4,early,2,False,ETTh1,16,138.30501390784048,latentflow-central-all28-five-seed-no-exchange-v2-selector-safe,central,10,latentflow_process_preserving_unfreeze2,5.0,0.001,96,,29.391076609578437,False,,0.0007,0.4156937914627622,2048,1024,LatentFlow,0.4028367829728434,0.02,2785.0,1441682,,0.4071548060371273,0.39336411556933,False,2,0.008538985425634915,0.009472667403513435,,/work/11617/sujato_ts/vista/motion_code-master/physics_modal_v4/enhancements/results/central/runs/early_fusion/seed46/ETTh1/h96.json,2bf51404eb45296f81078aa5f0699aaf724a739d923e962db76a3c471a695c1b,,0.6346942436897025,multiscale,46,"{'inducing_points': 32, 'latent_dim': 16, 'patch_lens': [16, 32, 48], 'representation_weight': 0.05}",16-32-48,,True,True,96,False,0,102.95103798907803,extension,early_fusion,0.0001,4
on,16,0,reference,0.27593773071255,,/work/11617/sujato_ts/vista/motion_code-master/physics_modal_v4/enhancements/results/central/checkpoints/early_fusion/seed46/ETTh2/h192.pt,94c3fef3e5d86449,early,2,False,ETTh2,16,135.45274391770363,latentflow-central-all28-five-seed-no-exchange-v2-selector-safe,central,10,latentflow_process_preserving_unfreeze2,5.0,0.001,192,,7.722070920253229,True,,0.0007,0.4010127329049908,2048,1024,LatentFlow,0.38344777443369743,0.02,2689.0,1505278,,0.4010127329049908,0.38344777443369743,False,2,0.0,0.0,,/work/11617/sujato_ts/vista/motion_code-master/physics_modal_v4/enhancements/results/central/runs/early_fusion/seed46/ETTh2/h192.json,d5e863efbe53a79ebec89f62a2c55e90c9694c9585f5c82ec6093ee6c4314555,,0.6192315999960737,multiscale,46,"{'inducing_points': 32, 'latent_dim': 8, 'patch_lens': [16, 32, 48], 'representation_weight': 0.001}",16-32-48,,True,True,96,False,0,100.89935958385468,reference,early_fusion,0.0001,4
on,16,0,reference,0.3569760746290895,,/work/11617/sujato_ts/vista/motion_code-master/physics_modal_v4/enhancements/results/central/checkpoints/early_fusion/seed46/ETTh2/h336.pt,1dfa14b48344d5c4,early,2,False,ETTh2,16,136.61159994103946,latentflow-central-all28-five-seed-no-exchange-v2-selector-safe,central,10,latentflow_process_preserving_unfreeze2,5.0,0.001,336,,7.780138162241753,True,,0.0007,0.42783686345478456,2048,1024,LatentFlow,0.41502608460654644,0.02,2545.0,1646438,,0.42783686345478456,0.41502608460654644,False,2,0.0,0.0,,/work/11617/sujato_ts/vista/motion_code-master/physics_modal_v4/enhancements/results/central/runs/early_fusion/seed46/ETTh2/h336.json,1fb16a149317ddd3939a9efc29dbe8dd552dcb7304051b6b57339be1482dd94d,,0.6442251815992188,multiscale,46,"{'inducing_points': 32, 'latent_dim': 8, 'patch_lens': [16, 32, 48], 'representation_weight': 0.001}",16-32-48,,True,True,96,False,0,101.85968108980887,reference,early_fusion,0.0001,4
on,16,5,extension,0.6105460969228593,,/work/11617/sujato_ts/vista/motion_code-master/physics_modal_v4/enhancements/results/central/checkpoints/early_fusion/seed46/ETTh2/h720.pt,b0d8ac823d5dc27a,early,2,False,ETTh2,16,131.47281889244914,latentflow-central-all28-five-seed-no-exchange-v2-selector-safe,central,10,latentflow_process_preserving_unfreeze2,5.0,0.001,720,,28.97376007332689,False,,0.0007,0.47869590396757394,2048,1024,LatentFlow,0.48115631260650565,0.02,2161.0,2024974,,0.45505043959425506,0.4425535165026244,False,2,0.02364546437331888,0.03860279610388123,,/work/11617/sujato_ts/vista/motion_code-master/physics_modal_v4/enhancements/results/central/runs/early_fusion/seed46/ETTh2/h720.json,0d7eee9b1e11178b72973ce140c75c8e3c79c9e3832cd6ee950f2b6d204f9fdc,,0.6936543178028273,multiscale,46,"{'inducing_points': 32, 'latent_dim': 8, 'patch_lens': [16, 32, 48], 'representation_weight': 0.001}",16-32-48,,True,True,96,False,0,98.1735376699362,extension,early_fusion,0.0001,4
on,16,0,reference,0.2203803869585196,,/work/11617/sujato_ts/vista/motion_code-master/physics_modal_v4/enhancements/results/central/checkpoints/early_fusion/seed46/ETTh2/h96.pt,99c6e3215da33402,early,2,False,ETTh2,16,135.5107609690167,latentflow-central-all28-five-seed-no-exchange-v2-selector-safe,central,10,latentflow_process_preserving_unfreeze2,5.0,0.001,96,,7.677211948385128,True,,0.0007,0.3458137481632707,2048,1024,LatentFlow,0.298961461420965,0.02,2785.0,1411434,,0.3458137481632707,0.298961461420965,False,2,0.0,0.0,,/work/11617/sujato_ts/vista/motion_code-master/physics_modal_v4/enhancements/results/central/runs/early_fusion/seed46/ETTh2/h96.json,e0ed618eb4fc4249b9873e755ba5792f409ab783de30fe24ee7fabf1d7abab73,,0.5467736839140716,multiscale,46,"{'inducing_points': 32, 'latent_dim': 8, 'patch_lens': [16, 32, 48], 'representation_weight': 0.001}",16-32-48,,True,True,96,False,0,101.04135008987214,reference,early_fusion,0.0001,4
on,16,1,extension,0.5140525716401282,,/work/11617/sujato_ts/vista/motion_code-master/physics_modal_v4/enhancements/results/central/checkpoints/early_fusion/seed46/ETTm1/h192.pt,2b143bd173208ae5,early,2,False,ETTm1,16,141.16591933416203,latentflow-central-all28-five-seed-no-exchange-v2-selector-safe,central,10,latentflow_process_preserving_unfreeze2,5.0,0.001,192,,28.952306880756602,False,,0.0007,0.40206223699390126,2048,1024,LatentFlow,0.3928354261674177,0.02,11329.0,1493398,,0.4032480942658258,0.39587090706678846,False,2,-0.0011858572719245508,-0.0030354808993707794,,/work/11617/sujato_ts/vista/motion_code-master/physics_modal_v4/enhancements/results/central/runs/early_fusion/seed46/ETTm1/h192.json,5315013b461e22cf5a801936bdf731a9a599dbae6dd9696e2e1d88a8d429344e,,0.6267658463632313,multiscale,46,"{'inducing_points': 32, 'latent_dim': 8, 'patch_lens': [8, 24, 48], 'representation_weight': 0.01}",8-24-48,,True,True,96,False,0,101.7522799085782,extension,early_fusion,0.0001,4
on,16,2,extension,0.6595830313202475,,/work/11617/sujato_ts/vista/motion_code-master/physics_modal_v4/enhancements/results/central/checkpoints/early_fusion/seed46/ETTm1/h336.pt,0aad212a1b184a50,early,2,False,ETTm1,16,134.0474532430526,latentflow-central-all28-five-seed-no-exchange-v2-selector-safe,central,10,latentflow_process_preserving_unfreeze2,5.0,0.001,336,,26.99910792309316,False,,0.0007,0.42140072717206345,2048,1024,LatentFlow,0.4173534818294914,0.02,11185.0,1636816,,0.42341318073679707,0.42376814818068975,False,2,-0.0020124535647336184,-0.0064146663511983615,,/work/11617/sujato_ts/vista/motion_code-master/physics_modal_v4/enhancements/results/central/runs/early_fusion/seed46/ETTm1/h336.json,95883b2894f3f301b1dbef8956e223a0712c98a2788d81414def08f46e90546f,,0.6460290100525605,multiscale,46,"{'inducing_points': 32, 'latent_dim': 8, 'patch_lens': [8, 24, 48], 'representation_weight': 0.01}",8-24-48,,True,True,96,False,0,96.77953138434532,extension,early_fusion,0.0001,4
on,16,2,extension,0.9964766769182114,,/work/11617/sujato_ts/vista/motion_code-master/physics_modal_v4/enhancements/results/central/checkpoints/early_fusion/seed46/ETTm1/h720.pt,a5f73c2784629659,early,2,False,ETTm1,16,140.92597772926092,latentflow-central-all28-five-seed-no-exchange-v2-selector-safe,central,10,latentflow_process_preserving_unfreeze2,5.0,0.001,720,,29.33995858199607,False,,0.0007,0.46324250687518725,2048,1024,LatentFlow,0.493871183178138,0.02,10801.0,2026480,,0.46232926631704946,0.4863695690212721,False,2,0.0009132405581377956,0.007501614156865899,,/work/11617/sujato_ts/vista/motion_code-master/physics_modal_v4/enhancements/results/central/runs/early_fusion/seed46/ETTm1/h720.json,f9332bcc53a9570785365207bc2a3048962f87fa37ebd9030e9a8ae6082f56e5,,0.7027596909172708,multiscale,46,"{'inducing_points': 32, 'latent_dim': 8, 'patch_lens': [8, 24, 48], 'representation_weight': 0.01}",8-24-48,,True,True,96,False,0,101.94708961062133,extension,early_fusion,0.0001,4
on,16,1,extension,0.39491384139373187,,/work/11617/sujato_ts/vista/motion_code-master/physics_modal_v4/enhancements/results/central/checkpoints/early_fusion/seed46/ETTm1/h96.pt,0223928a595af579,early,2,False,ETTm1,16,149.97320554032922,latentflow-central-all28-five-seed-no-exchange-v2-selector-safe,central,10,latentflow_process_preserving_unfreeze2,5.0,0.001,96,,29.08836822136505,False,,0.0007,0.3717632112525907,2048,1024,LatentFlow,0.33289231243513145,0.02,11425.0,1398606,,0.37149360342722354,0.33439381997312273,False,2,0.00026960782536716854,-0.0015015075379912757,,/work/11617/sujato_ts/vista/motion_code-master/physics_modal_v4/enhancements/results/central/runs/early_fusion/seed46/ETTm1/h96.json,09cfe39fe55540291c3b93cdf750970f6a1ea9ecb99f053ae698f75d2caad80c,,0.5769682074734547,multiscale,46,"{'inducing_points': 32, 'latent_dim': 8, 'patch_lens': [8, 24, 48], 'representation_weight': 0.01}",8-24-48,,True,True,96,False,0,108.34237799281254,extension,early_fusion,0.0001,4
on,16,1,extension,0.16906310387310527,,/work/11617/sujato_ts/vista/motion_code-master/physics_modal_v4/enhancements/results/central/checkpoints/early_fusion/seed46/ETTm2/h192.pt,7a222f1f0646ef05,early,2,False,ETTm2,16,140.6855923240073,latentflow-central-all28-five-seed-no-exchange-v2-selector-safe,central,10,latentflow_process_preserving_unfreeze2,5.0,0.001,192,,26.013782658236156,False,,0.0007,0.30140186464609303,2048,1024,LatentFlow,0.24045005638923117,0.02,11329.0,1468534,,0.300782304084927,0.24018694105602445,False,2,0.0006195605611660215,0.0002631153332067204,,/work/11617/sujato_ts/vista/motion_code-master/physics_modal_v4/enhancements/results/central/runs/early_fusion/seed46/ETTm2/h192.json,8907620514eec70b739b54c7b7e702e1fe96013e457227f6e8610b442d2560e5,,0.490357070295954,multiscale,46,"{'inducing_points': 16, 'latent_dim': 8, 'patch_lens': [8, 16, 32], 'representation_weight': 0.001}",8-16-32,,True,True,96,False,0,101.4506815950881,extension,early_fusion,0.0001,4
on,16,3,extension,0.21555896539266417,,/work/11617/sujato_ts/vista/motion_code-master/physics_modal_v4/enhancements/results/central/checkpoints/early_fusion/seed46/ETTm2/h336.pt,e29d0ce258aa1faa,early,2,False,ETTm2,16,152.90209631901234,latentflow-central-all28-five-seed-no-exchange-v2-selector-safe,central,10,latentflow_process_preserving_unfreeze2,5.0,0.001,336,,27.613568487213552,False,,0.0007,0.3454307657146309,2048,1024,LatentFlow,0.3067980393650582,0.02,11185.0,1612484,,0.34648394825235657,0.30777939181879294,False,2,-0.0010531825377256832,-0.0009813524537347629,,/work/11617/sujato_ts/vista/motion_code-master/physics_modal_v4/enhancements/results/central/runs/early_fusion/seed46/ETTm2/h336.json,278f75c96ad9e86fcf76d6ee09ee22c62366b2ac65f1531179c2e5f81b23aeb5,,0.5538935271016066,multiscale,46,"{'inducing_points': 16, 'latent_dim': 8, 'patch_lens': [8, 16, 32], 'representation_weight': 0.001}",8-16-32,,True,True,96,False,0,110.19516111118719,extension,early_fusion,0.0001,4
on,16,2,extension,0.299557311951168,,/work/11617/sujato_ts/vista/motion_code-master/physics_modal_v4/enhancements/results/central/checkpoints/early_fusion/seed46/ETTm2/h720.pt,40a09cb8ab6f6c44,early,2,False,ETTm2,16,146.7130160210654,latentflow-central-all28-five-seed-no-exchange-v2-selector-safe,central,10,latentflow_process_preserving_unfreeze2,5.0,0.001,720,,28.396557063971112,False,,0.0007,0.4031092958498263,2048,1024,LatentFlow,0.4088661142059134,0.02,10801.0,2004620,,0.40494165511476077,0.41341775118483637,False,2,-0.0018323592649344689,-0.004551636978922968,,/work/11617/sujato_ts/vista/motion_code-master/physics_modal_v4/enhancements/results/central/runs/early_fusion/seed46/ETTm2/h720.json,a0c96167a68938ccd3044fa0f4dd898b243bfe4b4c77949c33db7717b03d7d36,,0.6394263946740965,multiscale,46,"{'inducing_points': 16, 'latent_dim': 8, 'patch_lens': [8, 16, 32], 'representation_weight': 0.001}",8-16-32,,True,True,96,False,0,106.2377145022765,extension,early_fusion,0.0001,4
on,16,2,extension,0.12858459459883825,,/work/11617/sujato_ts/vista/motion_code-master/physics_modal_v4/enhancements/results/central/checkpoints/early_fusion/seed46/ETTm2/h96.pt,6dbb1a435910253f,early,2,False,ETTm2,16,140.18570671998896,latentflow-central-all28-five-seed-no-exchange-v2-selector-safe,central,10,latentflow_process_preserving_unfreeze2,5.0,0.001,96,,28.091227013988714,False,,0.0007,0.25874197848106256,2048,1024,LatentFlow,0.1742402698214357,0.02,11425.0,1373530,,0.2605228048207127,0.17592421691765744,False,2,-0.0017808263396501545,-0.001683947096221744,,/work/11617/sujato_ts/vista/motion_code-master/physics_modal_v4/enhancements/results/central/runs/early_fusion/seed46/ETTm2/h96.json,8f93f190dcc423a0db8cae61e093eda6facb942d467b08ac3a373b88b3935d72,,0.41742097434297154,multiscale,46,"{'inducing_points': 16, 'latent_dim': 8, 'patch_lens': [8, 16, 32], 'representation_weight': 0.001}",8-16-32,,True,True,96,False,0,101.13176757340625,extension,early_fusion,0.0001,4
on,16,10,extension,0.14309395591294158,,/work/11617/sujato_ts/vista/motion_code-master/physics_modal_v4/enhancements/results/central/checkpoints/early_fusion/seed46/Electricity/h192.pt,7be6200a047d9dd9,early,2,False,Electricity,16,672.4428321272135,latentflow-central-all28-five-seed-no-exchange-v2-selector-safe,central,10,latentflow_process_preserving_unfreeze2,5.0,0.001,192,,39.182415848530205,False,,0.0007,0.2839527474130434,2048,1024,LatentFlow,0.18428381225622759,0.02,5071.0,1482127,,0.2648719766273542,0.17412285292431368,False,2,0.019080770785689205,0.01016095933191391,,/work/11617/sujato_ts/vista/motion_code-master/physics_modal_v4/enhancements/results/central/runs/early_fusion/seed46/Electricity/h192.json,7517550b26a65d427025bf7a060f28c68b3c6a41be9f727ff7dd6176523e86ab,,0.42928290468667346,multiscale,46,"{'inducing_points': 32, 'latent_dim': 16, 'patch_lens': [8, 16, 32], 'representation_weight': 0.001}",8-16-32,,True,True,96,False,0,501.29548492404865,extension,early_fusion,0.0001,4
on,16,10,extension,0.15850107455143958,,/work/11617/sujato_ts/vista/motion_code-master/physics_modal_v4/enhancements/results/central/checkpoints/early_fusion/seed46/Electricity/h336.pt,a75f0ace4db4186d,early,2,False,Electricity,16,675.9394642559346,latentflow-central-all28-five-seed-no-exchange-v2-selector-safe,central,10,latentflow_process_preserving_unfreeze2,5.0,0.001,336,,38.0840810826919,False,,0.0007,0.3185273170077609,2048,1024,LatentFlow,0.21463187811827897,0.02,4927.0,1626077,,0.28189336253196406,0.19103395762254038,False,2,0.036633954475796815,0.023597920495738584,,/work/11617/sujato_ts/vista/motion_code-master/physics_modal_v4/enhancements/results/central/runs/early_fusion/seed46/Electricity/h336.json,95371cfff2d66f9304e19045e5944224256ce997cf0c42b5bebfe9c06d90c127,,0.4632837986788217,multiscale,46,"{'inducing_points': 32, 'latent_dim': 16, 'patch_lens': [8, 16, 32], 'representation_weight': 0.001}",8-16-32,,True,True,96,False,0,504.64010363521083,extension,early_fusion,0.0001,4
on,16,9,extension,0.19260653244578413,,/work/11617/sujato_ts/vista/motion_code-master/physics_modal_v4/enhancements/results/central/checkpoints/early_fusion/seed46/Electricity/h720.pt,664b9ee2873816a2,early,2,False,Electricity,16,702.0226225107908,latentflow-central-all28-five-seed-no-exchange-v2-selector-safe,central,10,latentflow_process_preserving_unfreeze2,5.0,0.001,720,,43.281825078956004,False,,0.0007,0.36200271185878763,2048,1024,LatentFlow,0.2714069611278867,0.02,4543.0,2018213,,0.3190936333975747,0.23692712918547754,False,2,0.042909078461212946,0.03447983194240917,,/work/11617/sujato_ts/vista/motion_code-master/physics_modal_v4/enhancements/results/central/runs/early_fusion/seed46/Electricity/h720.json,aad641b7ab52e42158cd793ed0125471802f1a2c995b5f87548abe5dfe60e639,,0.5209673321119921,multiscale,46,"{'inducing_points': 32, 'latent_dim': 16, 'patch_lens': [8, 16, 32], 'representation_weight': 0.001}",8-16-32,,True,True,96,False,0,526.314115068817,extension,early_fusion,0.0001,4
on,16,10,extension,0.1318019103038348,,/work/11617/sujato_ts/vista/motion_code-master/physics_modal_v4/enhancements/results/central/checkpoints/early_fusion/seed46/Electricity/h96.pt,f9a8da3a65aec2bb,early,2,False,Electricity,16,647.3480444641318,latentflow-central-all28-five-seed-no-exchange-v2-selector-safe,central,10,latentflow_process_preserving_unfreeze2,5.0,0.001,96,,36.48713688950899,False,,0.0007,0.31840802871223883,2048,1024,LatentFlow,0.20723491321318938,0.02,5167.0,1387123,,0.25537575353967024,0.16234266746846313,False,2,0.0630322751725686,0.04489224574472625,,/work/11617/sujato_ts/vista/motion_code-master/physics_modal_v4/enhancements/results/central/runs/early_fusion/seed46/Electricity/h96.json,49ad4c76ec323461c70820b34d1815ff16aa1e9f9696758ffd4a68c9ba61785f,,0.4552306154172733,multiscale,46,"{'inducing_points': 32, 'latent_dim': 16, 'patch_lens': [8, 16, 32], 'representation_weight': 0.001}",8-16-32,,True,True,96,False,0,482.0740212695455,extension,early_fusion,0.0001,4
on,16,10,extension,0.38096894511674967,,/work/11617/sujato_ts/vista/motion_code-master/physics_modal_v4/enhancements/results/central/checkpoints/early_fusion/seed46/Traffic/h192.pt,a49664da86dab278,early,2,False,Traffic,16,1296.9661544768605,latentflow-central-all28-five-seed-no-exchange-v2-selector-safe,central,10,latentflow_process_preserving_unfreeze2,5.0,0.001,192,,88.6282710744302,False,,0.0007,0.3603331996159472,2048,1024,LatentFlow,0.5028612780483377,0.02,3319.0,1483750,,0.30785787397651004,0.4581918886079996,False,2,0.05247532563943713,0.0446693894403381,,/work/11617/sujato_ts/vista/motion_code-master/physics_modal_v4/enhancements/results/central/runs/early_fusion/seed46/Traffic/h192.json,ce6d2a2e9ad45ccded24b811d3ae71943f8a8a1bb73e02518ec5123fb4616e93,,0.7091271240393627,multiscale,46,"{'inducing_points': 32, 'latent_dim': 16, 'patch_lens': [8, 16, 32], 'representation_weight': 0.001}",8-16-32,,True,True,96,False,0,989.0161105828156,extension,early_fusion,0.0001,4
on,16,9,extension,0.3964798895381008,,/work/11617/sujato_ts/vista/motion_code-master/physics_modal_v4/enhancements/results/central/checkpoints/early_fusion/seed46/Traffic/h336.pt,d621d932234d13e5,early,2,False,Traffic,16,1347.8271696440643,latentflow-central-all28-five-seed-no-exchange-v2-selector-safe,central,10,latentflow_process_preserving_unfreeze2,5.0,0.001,336,,91.24490819184105,False,,0.0007,0.37430212178152544,2048,1024,LatentFlow,0.5249854990098214,0.02,3175.0,1627700,,0.31247496313812717,0.47121257601690814,False,2,0.06182715864339827,0.05377292299291325,,/work/11617/sujato_ts/vista/motion_code-master/physics_modal_v4/enhancements/results/central/runs/early_fusion/seed46/Traffic/h336.json,aac3f5b42395f76a085df5874880ae72ea1ea4a3da96e442eeadc1c043490c1a,,0.7245588306064742,multiscale,46,"{'inducing_points': 32, 'latent_dim': 16, 'patch_lens': [8, 16, 32], 'representation_weight': 0.001}",8-16-32,,True,True,96,False,0,1028.5398548367084,extension,early_fusion,0.0001,4
on,16,8,extension,0.4402305083780075,,/work/11617/sujato_ts/vista/motion_code-master/physics_modal_v4/enhancements/results/central/checkpoints/early_fusion/seed46/Traffic/h720.pt,a4bd2c6a09bd26e3,early,2,False,Traffic,16,1494.9032476418652,latentflow-central-all28-five-seed-no-exchange-v2-selector-safe,central,10,latentflow_process_preserving_unfreeze2,5.0,0.001,720,,99.94604153526497,False,,0.0007,0.35177063994556446,2048,1024,LatentFlow,0.5094165663552858,0.02,2791.0,2019836,,0.32211792715716114,0.49668069226993433,False,2,0.029652712788403313,0.012735874085351429,,/work/11617/sujato_ts/vista/motion_code-master/physics_modal_v4/enhancements/results/central/runs/early_fusion/seed46/Traffic/h720.json,880001a4146ece2438e7bd2908684258aec00a6061ea8e485bc4208964ae365c,,0.7137342407053803,multiscale,46,"{'inducing_points': 32, 'latent_dim': 16, 'patch_lens': [8, 16, 32], 'representation_weight': 0.001}",8-16-32,,True,True,96,False,0,1140.835393715679,extension,early_fusion,0.0001,4
on,16,10,extension,0.3899595951351747,,/work/11617/sujato_ts/vista/motion_code-master/physics_modal_v4/enhancements/results/central/checkpoints/early_fusion/seed46/Traffic/h96.pt,0ff2a52b67d99669,early,2,False,Traffic,16,1293.2864290196449,latentflow-central-all28-five-seed-no-exchange-v2-selector-safe,central,10,latentflow_process_preserving_unfreeze2,5.0,0.001,96,,88.90364447634825,False,,0.0007,0.3620858734525461,2048,1024,LatentFlow,0.4875198957749908,0.02,3415.0,1388746,,0.3062827343762385,0.44833995954221006,False,2,0.05580313907630763,0.03917993623278071,,/work/11617/sujato_ts/vista/motion_code-master/physics_modal_v4/enhancements/results/central/runs/early_fusion/seed46/Traffic/h96.json,e4e2597cbfd57042aa6b1a589fa91ad1e000e0edff22e93b2e996eadbf4474b0,,0.6982262497034831,multiscale,46,"{'inducing_points': 32, 'latent_dim': 16, 'patch_lens': [8, 16, 32], 'representation_weight': 0.001}",8-16-32,,True,True,96,False,0,986.1401314032264,extension,early_fusion,0.0001,4
on,16,4,extension,0.48697526705643485,,/work/11617/sujato_ts/vista/motion_code-master/physics_modal_v4/enhancements/results/central/checkpoints/early_fusion/seed46/Weather/h192.pt,13aa74375d8ffc08,early,2,False,Weather,16,215.17726289853454,latentflow-central-all28-five-seed-no-exchange-v2-selector-safe,central,10,latentflow_process_preserving_unfreeze2,5.0,0.001,192,,41.019699416419336,False,,0.0007,0.25871043293046364,2048,1024,LatentFlow,0.218121177275796,0.02,10349.0,1484344,,0.2610379490759773,0.22125755915870343,False,2,-0.002327516145513686,-0.0031363818829074352,,/work/11617/sujato_ts/vista/motion_code-master/physics_modal_v4/enhancements/results/central/runs/early_fusion/seed46/Weather/h192.json,9113ff6e9ca05c3f7a348cf76323a656754becefe61cfd750bf56e1b5ecc2504,,0.46703444977409964,multiscale,46,"{'inducing_points': 32, 'latent_dim': 16, 'patch_lens': [8, 16, 32], 'representation_weight': 0.001}",8-16-32,,True,True,96,False,0,159.9614459046279,extension,early_fusion,0.0001,4
on,16,3,extension,0.5645038427409131,,/work/11617/sujato_ts/vista/motion_code-master/physics_modal_v4/enhancements/results/central/checkpoints/early_fusion/seed46/Weather/h336.pt,dd97d68a0218c094,early,2,False,Weather,16,220.3218715796247,latentflow-central-all28-five-seed-no-exchange-v2-selector-safe,central,10,latentflow_process_preserving_unfreeze2,5.0,0.001,336,,41.86766936719043,False,,0.0007,0.2981315882959423,2048,1024,LatentFlow,0.2742606634912407,0.02,10205.0,1628294,,0.29987274557019467,0.27636567996559347,False,2,-0.0017411572742523918,-0.0021050164743527944,,/work/11617/sujato_ts/vista/motion_code-master/physics_modal_v4/enhancements/results/central/runs/early_fusion/seed46/Weather/h336.json,cdc509dce531016870d8b74c7f8622f3623e64ae4697c59a5c1490b5e49454c8,,0.5236990199448923,multiscale,46,"{'inducing_points': 32, 'latent_dim': 16, 'patch_lens': [8, 16, 32], 'representation_weight': 0.001}",8-16-32,,True,True,96,False,0,163.78178832601407,extension,early_fusion,0.0001,4
on,16,2,extension,0.6846262765309167,,/work/11617/sujato_ts/vista/motion_code-master/physics_modal_v4/enhancements/results/central/checkpoints/early_fusion/seed46/Weather/h720.pt,71ed2587199bd7d7,early,2,False,Weather,16,207.7756841899827,latentflow-central-all28-five-seed-no-exchange-v2-selector-safe,central,10,latentflow_process_preserving_unfreeze2,5.0,0.001,720,,45.81567063148505,False,,0.0007,0.3481513955541629,2048,1024,LatentFlow,0.35094460485022344,0.02,9821.0,2020430,,0.3490808893967225,0.35182791531965923,False,2,-0.0009294938425595811,-0.0008833104694357941,,/work/11617/sujato_ts/vista/motion_code-master/physics_modal_v4/enhancements/results/central/runs/early_fusion/seed46/Weather/h720.json,af79566cbe799ce3a5f9f80c04d0de7f138deb9cd2b9ccfdffbdbb01f0062fbf,,0.5924057771918024,multiscale,46,"{'inducing_points': 32, 'latent_dim': 16, 'patch_lens': [8, 16, 32], 'representation_weight': 0.001}",8-16-32,,True,True,96,False,0,154.82381471410918,extension,early_fusion,0.0001,4
on,16,7,extension,0.4335936519598204,,/work/11617/sujato_ts/vista/motion_code-master/physics_modal_v4/enhancements/results/central/checkpoints/early_fusion/seed46/Weather/h96.pt,fda8654adb4416e9,early,2,False,Weather,16,191.92014349298552,latentflow-central-all28-five-seed-no-exchange-v2-selector-safe,central,10,latentflow_process_preserving_unfreeze2,5.0,0.001,96,,40.67791464485331,False,,0.0007,0.21312125291203834,2048,1024,LatentFlow,0.16574534705090158,0.02,10445.0,1389340,,0.2207154064892525,0.1740178268106704,False,2,-0.007594153577214158,-0.00827247975976883,,/work/11617/sujato_ts/vista/motion_code-master/physics_modal_v4/enhancements/results/central/runs/early_fusion/seed46/Weather/h96.json,db1b60c4be57ceaf5415fadd98a5a2157e03d8903225f933125f3c4b45da1d2f,,0.40711834526449625,multiscale,46,"{'inducing_points': 32, 'latent_dim': 16, 'patch_lens': [8, 16, 32], 'representation_weight': 0.001}",8-16-32,,True,True,96,False,0,142.6091661913233,extension,early_fusion,0.0001,4
on,16,2,extension,1.0223425460003672,latentflow_process_preserving_unfreeze2,/work/11617/sujato_ts/vista/motion_code-master/physics_modal_v4/results/final/checkpoints/LatentFlow/seed42/ETTh1/h192.pt,fbcb9569338b7d7f,preserved,2,False,ETTh1,16,148.53247457323596,latentflow-central-all28-five-seed-no-exchange-v2-selector-safe,central,10,latentflow_process_preserving_unfreeze2,5.0,0.001,192,32,30.60323074683101,,16,0.0007,0.4382346060930079,2048,1024,LatentFlow,0.4491692546255481,0.02,2689.0,1535526,16-32-48,,,False,2,,,0.05,/work/11617/sujato_ts/vista/motion_code-master/physics_modal_v4/enhancements/results/central/runs/final_no_exchange/seed42/ETTh1/h192.json,20ce9fd90238df898bd721c293b49d13f8be75c8de2e57c4a62566deea5878a7,/work/11617/sujato_ts/vista/motion_code-master/physics_modal_v4/results/final/headline/runs/LatentFlow/seed42/ETTh1/h192.json,0.6702009061658661,multiscale,42,"{'inducing_points': 32, 'latent_dim': 16, 'patch_lens': [16, 32, 48], 'representation_weight': 0.05}",,validation MSE only; test evaluated once,,,96,False,,102.23439767396485,,final_no_exchange,0.0001,4
on,16,0,reference,1.2844313245241334,latentflow_process_preserving_unfreeze2,/work/11617/sujato_ts/vista/motion_code-master/physics_modal_v4/results/final/checkpoints/LatentFlow/seed42/ETTh1/h336.pt,33839b861a930e31,preserved,2,False,ETTh1,16,141.27948689134791,latentflow-central-all28-five-seed-no-exchange-v2-selector-safe,central,10,latentflow_process_preserving_unfreeze2,5.0,0.001,336,32,7.760938592962449,,16,0.0007,0.45415585197978037,2048,1024,LatentFlow,0.4817180077371921,0.02,2545.0,1676686,16-32-48,,,False,2,,,0.05,/work/11617/sujato_ts/vista/motion_code-master/physics_modal_v4/enhancements/results/central/runs/final_no_exchange/seed42/ETTh1/h336.json,9e0afbc617f8b8af70c583a3d8f55b45b927ac5642f6817272d1e2d2e8f7116c,/work/11617/sujato_ts/vista/motion_code-master/physics_modal_v4/results/final/headline/runs/LatentFlow/seed42/ETTh1/h336.json,0.6940590808693393,multiscale,42,"{'inducing_points': 32, 'latent_dim': 16, 'patch_lens': [16, 32, 48], 'representation_weight': 0.05}",,validation MSE only; test evaluated once,,,96,False,,102.75373170625244,,final_no_exchange,0.0001,4
on,16,1,extension,1.5582507549770295,latentflow_process_preserving_unfreeze2,/work/11617/sujato_ts/vista/motion_code-master/physics_modal_v4/results/final/checkpoints/LatentFlow/seed42/ETTh1/h720.pt,b1d266b2e43a58a0,preserved,2,False,ETTh1,16,149.62715582596138,latentflow-central-all28-five-seed-no-exchange-v2-selector-safe,central,10,latentflow_process_preserving_unfreeze2,5.0,0.001,720,32,31.75323430462671,,16,0.0007,0.4813452491489303,2048,1024,LatentFlow,0.4978506061287795,0.02,2161.0,2055222,16-32-48,,,False,2,,,0.05,/work/11617/sujato_ts/vista/motion_code-master/physics_modal_v4/enhancements/results/central/runs/final_no_exchange/seed42/ETTh1/h720.json,5c1aa0062cf01f8338c1dce984496e192113f86602c6955d1b843d3bd57348b7,/work/11617/sujato_ts/vista/motion_code-master/physics_modal_v4/results/final/headline/runs/LatentFlow/seed42/ETTh1/h720.json,0.7055852933053378,multiscale,42,"{'inducing_points': 32, 'latent_dim': 16, 'patch_lens': [16, 32, 48], 'representation_weight': 0.05}",,validation MSE only; test evaluated once,,,96,False,,106.71425875152636,,final_no_exchange,0.0001,4
on,16,0,reference,0.7638911305084115,latentflow_process_preserving_unfreeze2,/work/11617/sujato_ts/vista/motion_code-master/physics_modal_v4/results/final/checkpoints/LatentFlow/seed42/ETTh1/h96.pt,8ca4b8a09e8f4881,preserved,2,False,ETTh1,16,145.4600833002478,latentflow-central-all28-five-seed-no-exchange-v2-selector-safe,central,10,latentflow_process_preserving_unfreeze2,5.0,0.001,96,32,7.899467591088631,,16,0.0007,0.4114095289177025,2048,1024,LatentFlow,0.4032240676423306,0.02,2785.0,1441682,16-32-48,,,False,2,,,0.05,/work/11617/sujato_ts/vista/motion_code-master/physics_modal_v4/enhancements/results/central/runs/final_no_exchange/seed42/ETTh1/h96.json,9e8dfccdf49b4286ef631b9563d58b8a1030c1d3daa18767535566866f494dfc,/work/11617/sujato_ts/vista/motion_code-master/physics_modal_v4/results/final/headline/runs/LatentFlow/seed42/ETTh1/h96.json,0.6349992658596785,multiscale,42,"{'inducing_points': 32, 'latent_dim': 16, 'patch_lens': [16, 32, 48], 'representation_weight': 0.05}",,validation MSE only; test evaluated once,,,96,False,,103.83330036565894,,final_no_exchange,0.0001,4
on,16,0,reference,0.2718099478987001,latentflow_process_preserving_unfreeze2,/work/11617/sujato_ts/vista/motion_code-master/physics_modal_v4/results/final/checkpoints/LatentFlow/seed42/ETTh2/h192.pt,11a47eb78bde4113,preserved,2,False,ETTh2,16,138.87756586819887,latentflow-central-all28-five-seed-no-exchange-v2-selector-safe,central,10,latentflow_process_preserving_unfreeze2,5.0,0.001,192,32,8.095612169472043,,8,0.0007,0.3902497946414888,2048,1024,LatentFlow,0.36935875294162884,0.02,2689.0,1505278,16-32-48,,,False,2,,,0.001,/work/11617/sujato_ts/vista/motion_code-master/physics_modal_v4/enhancements/results/central/runs/final_no_exchange/seed42/ETTh2/h192.json,9f97688f95d2217481d24f044fca7f604de03e519a72eda60479a219ab4a70d6,/work/11617/sujato_ts/vista/motion_code-master/physics_modal_v4/results/final/headline/runs/LatentFlow/seed42/ETTh2/h192.json,0.6077489226165924,multiscale,42,"{'inducing_points': 32, 'latent_dim': 8, 'patch_lens': [16, 32, 48], 'representation_weight': 0.001}",,validation MSE only; test evaluated once,,,96,False,,101.48015706217848,,final_no_exchange,0.0001,4
on,16,0,reference,0.3575856243672014,latentflow_process_preserving_unfreeze2,/work/11617/sujato_ts/vista/motion_code-master/physics_modal_v4/results/final/checkpoints/LatentFlow/seed42/ETTh2/h336.pt,bf047e0667f8c3c5,preserved,2,False,ETTh2,16,135.09086289700645,latentflow-central-all28-five-seed-no-exchange-v2-selector-safe,central,10,latentflow_process_preserving_unfreeze2,5.0,0.001,336,32,8.146472019032881,,8,0.0007,0.42654472275517485,2048,1024,LatentFlow,0.41643647069421075,0.02,2545.0,1646438,16-32-48,,,False,2,,,0.001,/work/11617/sujato_ts/vista/motion_code-master/physics_modal_v4/enhancements/results/central/runs/final_no_exchange/seed42/ETTh2/h336.json,1d2b69b5225224757377cb782a2763b0b15c9a5551ec3d5309bd1ff72967360d,/work/11617/sujato_ts/vista/motion_code-master/physics_modal_v4/results/final/headline/runs/LatentFlow/seed42/ETTh2/h336.json,0.6453188906999475,multiscale,42,"{'inducing_points': 32, 'latent_dim': 8, 'patch_lens': [16, 32, 48], 'representation_weight': 0.001}",,validation MSE only; test evaluated once,,,96,False,,98.6072873210901,,final_no_exchange,0.0001,4
on,16,0,reference,0.6150716898933289,latentflow_process_preserving_unfreeze2,/work/11617/sujato_ts/vista/motion_code-master/physics_modal_v4/results/final/checkpoints/LatentFlow/seed42/ETTh2/h720.pt,494925d821ff7072,preserved,2,False,ETTh2,16,147.39446680014953,latentflow-central-all28-five-seed-no-exchange-v2-selector-safe,central,10,latentflow_process_preserving_unfreeze2,5.0,0.001,720,32,8.522797504495552,,8,0.0007,0.43879702215362193,2048,1024,LatentFlow,0.4136213828137338,0.02,2161.0,2024974,16-32-48,,,False,2,,,0.001,/work/11617/sujato_ts/vista/motion_code-master/physics_modal_v4/enhancements/results/central/runs/final_no_exchange/seed42/ETTh2/h720.json,3ae753f01409c22fece4a8d3d21f11357089b8d7f0f4e58f2e6a726212e5e6c4,/work/11617/sujato_ts/vista/motion_code-master/physics_modal_v4/results/final/headline/runs/LatentFlow/seed42/ETTh2/h720.json,0.6431340317645566,multiscale,42,"{'inducing_points': 32, 'latent_dim': 8, 'patch_lens': [16, 32, 48], 'representation_weight': 0.001}",,validation MSE only; test evaluated once,,,96,False,,108.12321816301846,,final_no_exchange,0.0001,4
on,16,0,reference,0.21927327236958913,latentflow_process_preserving_unfreeze2,/work/11617/sujato_ts/vista/motion_code-master/physics_modal_v4/results/final/checkpoints/LatentFlow/seed42/ETTh2/h96.pt,3f31f0d8a8062537,preserved,2,False,ETTh2,16,133.15312361624092,latentflow-central-all28-five-seed-no-exchange-v2-selector-safe,central,10,latentflow_process_preserving_unfreeze2,5.0,0.001,96,32,7.931560530957115,,8,0.0007,0.34268046750302417,2048,1024,LatentFlow,0.2934846773242975,0.02,2785.0,1411434,16-32-48,,,False,2,,,0.001,/work/11617/sujato_ts/vista/motion_code-master/physics_modal_v4/enhancements/results/central/runs/final_no_exchange/seed42/ETTh2/h96.json,d1f11c0ee7f9e1c058f5d1ebb74f128156b39db202f638de295db302996876c8,/work/11617/sujato_ts/vista/motion_code-master/physics_modal_v4/results/final/headline/runs/LatentFlow/seed42/ETTh2/h96.json,0.5417422609731471,multiscale,42,"{'inducing_points': 32, 'latent_dim': 8, 'patch_lens': [16, 32, 48], 'representation_weight': 0.001}",,validation MSE only; test evaluated once,,,96,False,,97.21490910305874,,final_no_exchange,0.0001,4
on,16,1,extension,0.5075973019536052,latentflow_process_preserving_unfreeze2,/work/11617/sujato_ts/vista/motion_code-master/physics_modal_v4/results/final/checkpoints/LatentFlow/seed42/ETTm1/h192.pt,84f6af2e5414de37,preserved,2,False,ETTm1,16,157.34841994405724,latentflow-central-all28-five-seed-no-exchange-v2-selector-safe,central,10,latentflow_process_preserving_unfreeze2,5.0,0.001,192,32,29.084869190823955,,8,0.0007,0.3981603579841484,2048,1024,LatentFlow,0.3814517224517801,0.02,11329.0,1493398,8-24-48,,,False,2,,,0.01,/work/11617/sujato_ts/vista/motion_code-master/physics_modal_v4/enhancements/results/central/runs/final_no_exchange/seed42/ETTm1/h192.json,093072be669356a23f71535190feb07004acc83a66dff9d2e7c30c82eb0dd018,/work/11617/sujato_ts/vista/motion_code-master/physics_modal_v4/results/final/headline/runs/LatentFlow/seed42/ETTm1/h192.json,0.6176177802263955,multiscale,42,"{'inducing_points': 32, 'latent_dim': 8, 'patch_lens': [8, 24, 48], 'representation_weight': 0.01}",,validation MSE only; test evaluated once,,,96,False,,100.74741633670783,,final_no_exchange,0.0001,4
on,16,4,extension,0.6491966586129195,latentflow_process_preserving_unfreeze2,/work/11617/sujato_ts/vista/motion_code-master/physics_modal_v4/results/final/checkpoints/LatentFlow/seed42/ETTm1/h336.pt,8790f0f96541113c,preserved,2,False,ETTm1,16,158.05956815101672,latentflow-central-all28-five-seed-no-exchange-v2-selector-safe,central,10,latentflow_process_preserving_unfreeze2,5.0,0.001,336,32,28.988706290903355,,8,0.0007,0.42310347093207323,2048,1024,LatentFlow,0.4288199721249567,0.02,11185.0,1636816,8-24-48,,,False,2,,,0.01,/work/11617/sujato_ts/vista/motion_code-master/physics_modal_v4/enhancements/results/central/runs/final_no_exchange/seed42/ETTm1/h336.json,d83e98759014d3db7125648d3cae11a78ceebd6ad61283cf44e59d1dfc9cb51d,/work/11617/sujato_ts/vista/motion_code-master/physics_modal_v4/results/final/headline/runs/LatentFlow/seed42/ETTm1/h336.json,0.654843471468531,multiscale,42,"{'inducing_points': 32, 'latent_dim': 8, 'patch_lens': [8, 24, 48], 'representation_weight': 0.01}",,validation MSE only; test evaluated once,,,96,False,,101.44122409219563,,final_no_exchange,0.0001,4
on,16,2,extension,0.9847933825992402,latentflow_process_preserving_unfreeze2,/work/11617/sujato_ts/vista/motion_code-master/physics_modal_v4/results/final/checkpoints/LatentFlow/seed42/ETTm1/h720.pt,d273b454243c75a9,preserved,2,False,ETTm1,16,161.7543609351851,latentflow-central-all28-five-seed-no-exchange-v2-selector-safe,central,10,latentflow_process_preserving_unfreeze2,5.0,0.001,720,32,30.560620587860797,,8,0.0007,0.4763382313587202,2048,1024,LatentFlow,0.5109426959394284,0.02,10801.0,2026480,8-24-48,,,False,2,,,0.01,/work/11617/sujato_ts/vista/motion_code-master/physics_modal_v4/enhancements/results/central/runs/final_no_exchange/seed42/ETTm1/h720.json,26cc18312a211edd6e13abfde9e4e1d8ef7a8486e385341227b2a160db450ba7,/work/11617/sujato_ts/vista/motion_code-master/physics_modal_v4/results/final/headline/runs/LatentFlow/seed42/ETTm1/h720.json,0.7148025573117576,multiscale,42,"{'inducing_points': 32, 'latent_dim': 8, 'patch_lens': [8, 24, 48], 'representation_weight': 0.01}",,validation MSE only; test evaluated once,,,96,False,,103.99716657702811,,final_no_exchange,0.0001,4
on,16,0,reference,0.39560971763871966,latentflow_process_preserving_unfreeze2,/work/11617/sujato_ts/vista/motion_code-master/physics_modal_v4/results/final/checkpoints/LatentFlow/seed42/ETTm1/h96.pt,80c75fa53c8079cf,preserved,2,False,ETTm1,16,153.30355044594035,latentflow-central-all28-five-seed-no-exchange-v2-selector-safe,central,10,latentflow_process_preserving_unfreeze2,5.0,0.001,96,32,8.269367124336716,,8,0.0007,0.3788299991861661,2048,1024,LatentFlow,0.34608704034718446,0.02,11425.0,1398606,8-24-48,,,False,2,,,0.01,/work/11617/sujato_ts/vista/motion_code-master/physics_modal_v4/enhancements/results/central/runs/final_no_exchange/seed42/ETTm1/h96.json,70b5606d2e34c96dd47c27f7a8a6877c94b0b2e926e0cae1b1cff1af28bc92f4,/work/11617/sujato_ts/vista/motion_code-master/physics_modal_v4/results/final/headline/runs/LatentFlow/seed42/ETTm1/h96.json,0.5882916286563871,multiscale,42,"{'inducing_points': 32, 'latent_dim': 8, 'patch_lens': [8, 24, 48], 'representation_weight': 0.01}",,validation MSE only; test evaluated once,,,96,False,,108.9276667960803,,final_no_exchange,0.0001,4
on,16,2,extension,0.16771258333964006,latentflow_process_preserving_unfreeze2,/work/11617/sujato_ts/vista/motion_code-master/physics_modal_v4/results/final/checkpoints/LatentFlow/seed42/ETTm2/h192.pt,b28c525e697aa349,preserved,2,False,ETTm2,16,158.47656257206108,latentflow-central-all28-five-seed-no-exchange-v2-selector-safe,central,10,latentflow_process_preserving_unfreeze2,5.0,0.001,192,16,29.52726880998036,,8,0.0007,0.29985980195175266,2048,1024,LatentFlow,0.24026711379459686,0.02,11329.0,1468534,8-16-32,,,False,2,,,0.001,/work/11617/sujato_ts/vista/motion_code-master/physics_modal_v4/enhancements/results/central/runs/final_no_exchange/seed42/ETTm2/h192.json,715ed2ff33d4933357549c1231878aab96f9c9b58c830fcf4dcb4e778d40342a,/work/11617/sujato_ts/vista/motion_code-master/physics_modal_v4/results/final/headline/runs/LatentFlow/seed42/ETTm2/h192.json,0.49017049461855294,multiscale,42,"{'inducing_points': 16, 'latent_dim': 8, 'patch_lens': [8, 16, 32], 'representation_weight': 0.001}",,validation MSE only; test evaluated once,,,96,False,,101.38188535074732,,final_no_exchange,0.0001,4
on,16,0,reference,0.21736542302734999,latentflow_process_preserving_unfreeze2,/work/11617/sujato_ts/vista/motion_code-master/physics_modal_v4/results/final/checkpoints/LatentFlow/seed42/ETTm2/h336.pt,9d5edaf9fb5cf7ee,preserved,2,False,ETTm2,16,137.6516442913562,latentflow-central-all28-five-seed-no-exchange-v2-selector-safe,central,10,latentflow_process_preserving_unfreeze2,5.0,0.001,336,16,7.985157531854245,,8,0.0007,0.34600727935710557,2048,1024,LatentFlow,0.3080357600960941,0.02,11185.0,1612484,8-16-32,,,False,2,,,0.001,/work/11617/sujato_ts/vista/motion_code-master/physics_modal_v4/enhancements/results/central/runs/final_no_exchange/seed42/ETTm2/h336.json,f4f5b7f1939d7ee2e89720abc83271224e3902969c456941bfa8d5fe77b1db5e,/work/11617/sujato_ts/vista/motion_code-master/physics_modal_v4/results/final/headline/runs/LatentFlow/seed42/ETTm2/h336.json,0.5550096936956094,multiscale,42,"{'inducing_points': 16, 'latent_dim': 8, 'patch_lens': [8, 16, 32], 'representation_weight': 0.001}",,validation MSE only; test evaluated once,,,96,False,,97.22788247308927,,final_no_exchange,0.0001,4
on,16,0,reference,0.3068215714560615,latentflow_process_preserving_unfreeze2,/work/11617/sujato_ts/vista/motion_code-master/physics_modal_v4/results/final/checkpoints/LatentFlow/seed42/ETTm2/h720.pt,c51022add974c6da,preserved,2,False,ETTm2,16,139.74538358813152,latentflow-central-all28-five-seed-no-exchange-v2-selector-safe,central,10,latentflow_process_preserving_unfreeze2,5.0,0.001,720,16,7.8010023329738605,,8,0.0007,0.4080426387217376,2048,1024,LatentFlow,0.4151268912819473,0.02,10801.0,2004620,8-16-32,,,False,2,,,0.001,/work/11617/sujato_ts/vista/motion_code-master/physics_modal_v4/enhancements/results/central/runs/final_no_exchange/seed42/ETTm2/h720.json,f1dc9c614a75bb7fa598deec61ed06a2f79a9ecd8901ee25b8cc432e7ac0a961,/work/11617/sujato_ts/vista/motion_code-master/physics_modal_v4/results/final/headline/runs/LatentFlow/seed42/ETTm2/h720.json,0.6443034155442195,multiscale,42,"{'inducing_points': 16, 'latent_dim': 8, 'patch_lens': [8, 16, 32], 'representation_weight': 0.001}",,validation MSE only; test evaluated once,,,96,False,,98.96806601900607,,final_no_exchange,0.0001,4
on,16,5,extension,0.12927979000267528,latentflow_process_preserving_unfreeze2,/work/11617/sujato_ts/vista/motion_code-master/physics_modal_v4/results/final/checkpoints/LatentFlow/seed42/ETTm2/h96.pt,45118c9304fe5f05,preserved,2,False,ETTm2,16,169.9248476549983,latentflow-central-all28-five-seed-no-exchange-v2-selector-safe,central,10,latentflow_process_preserving_unfreeze2,5.0,0.001,96,16,31.329114018151795,,8,0.0007,0.257860130710727,2048,1024,LatentFlow,0.17291838965217707,0.02,11425.0,1373530,8-16-32,,,False,2,,,0.001,/work/11617/sujato_ts/vista/motion_code-master/physics_modal_v4/enhancements/results/central/runs/final_no_exchange/seed42/ETTm2/h96.json,92a6a09f36fbf6d4164102719ababedd443b15e6b061760a2339f04b61b8ad9d,/work/11617/sujato_ts/vista/motion_code-master/physics_modal_v4/results/final/headline/runs/LatentFlow/seed42/ETTm2/h96.json,0.41583457005421887,multiscale,42,"{'inducing_points': 16, 'latent_dim': 8, 'patch_lens': [8, 16, 32], 'representation_weight': 0.001}",,validation MSE only; test evaluated once,,,96,False,,108.99719565859414,,final_no_exchange,0.0001,4
on,16,10,extension,0.14455623493016323,latentflow_process_preserving_unfreeze2,/work/11617/sujato_ts/vista/motion_code-master/physics_modal_v4/results/final/checkpoints/LatentFlow/seed42/Electricity/h192.pt,f28058b6fb25fbe0,preserved,2,False,Electricity,16,743.3284721560776,latentflow-central-all28-five-seed-no-exchange-v2-selector-safe,central,10,latentflow_process_preserving_unfreeze2,5.0,0.001,192,32,41.50994977726944,,16,0.0007,0.26127450628241405,2048,1024,LatentFlow,0.1681670312892115,0.02,5071.0,1482127,8-16-32,,,False,2,,,0.001,/work/11617/sujato_ts/vista/motion_code-master/physics_modal_v4/enhancements/results/central/runs/final_no_exchange/seed42/Electricity/h192.json,dff9b7ba687798d5bca482ebb2597a559973873b4829c67bfbaecd64036210a3,/work/11617/sujato_ts/vista/motion_code-master/physics_modal_v4/results/final/headline/runs/LatentFlow/seed42/Electricity/h192.json,0.4100817373270986,multiscale,42,"{'inducing_points': 32, 'latent_dim': 16, 'patch_lens': [8, 16, 32], 'representation_weight': 0.001}",,validation MSE only; test evaluated once,,,96,False,,520.2579463089933,,final_no_exchange,0.0001,4
on,16,10,extension,0.16378484368589544,latentflow_process_preserving_unfreeze2,/work/11617/sujato_ts/vista/motion_code-master/physics_modal_v4/results/final/checkpoints/LatentFlow/seed42/Electricity/h336.pt,80f1f8956adae329,preserved,2,False,Electricity,16,722.8900153020077,latentflow-central-all28-five-seed-no-exchange-v2-selector-safe,central,10,latentflow_process_preserving_unfreeze2,5.0,0.001,336,32,39.787282231531194,,16,0.0007,0.28152332612222486,2048,1024,LatentFlow,0.18843780383783904,0.02,4927.0,1626077,8-16-32,,,False,2,,,0.001,/work/11617/sujato_ts/vista/motion_code-master/physics_modal_v4/enhancements/results/central/runs/final_no_exchange/seed42/Electricity/h336.json,e18a7d82bc0f547e1cc14c8145fcb9d3ad0a1ddc47c9c72f734002276160e618,/work/11617/sujato_ts/vista/motion_code-master/physics_modal_v4/results/final/headline/runs/LatentFlow/seed42/Electricity/h336.json,0.4340942338223799,multiscale,42,"{'inducing_points': 32, 'latent_dim': 16, 'patch_lens': [8, 16, 32], 'representation_weight': 0.001}",,validation MSE only; test evaluated once,,,96,False,,508.3880741015605,,final_no_exchange,0.0001,4
on,16,8,extension,0.19849747442877305,latentflow_process_preserving_unfreeze2,/work/11617/sujato_ts/vista/motion_code-master/physics_modal_v4/results/final/checkpoints/LatentFlow/seed42/Electricity/h720.pt,d80a368c2eff3d75,preserved,2,False,Electricity,16,754.8275435441174,latentflow-central-all28-five-seed-no-exchange-v2-selector-safe,central,10,latentflow_process_preserving_unfreeze2,5.0,0.001,720,32,41.831898270996135,,16,0.0007,0.30604294139258575,2048,1024,LatentFlow,0.21710751921437585,0.02,4543.0,2018213,8-16-32,,,False,2,,,0.001,/work/11617/sujato_ts/vista/motion_code-master/physics_modal_v4/enhancements/results/central/runs/final_no_exchange/seed42/Electricity/h720.json,e703085183228f5c83142ae8e974b739cb512b8c855cdda4debb504178da17f3,/work/11617/sujato_ts/vista/motion_code-master/physics_modal_v4/results/final/headline/runs/LatentFlow/seed42/Electricity/h720.json,0.4659479790860519,multiscale,42,"{'inducing_points': 32, 'latent_dim': 16, 'patch_lens': [8, 16, 32], 'representation_weight': 0.001}",,validation MSE only; test evaluated once,,,96,False,,534.4800273825967,,final_no_exchange,0.0001,4
on,16,10,extension,0.13439970472024856,latentflow_process_preserving_unfreeze2,/work/11617/sujato_ts/vista/motion_code-master/physics_modal_v4/results/final/checkpoints/LatentFlow/seed42/Electricity/h96.pt,8366325bccaa74f0,preserved,2,False,Electricity,16,690.9216450001113,latentflow-central-all28-five-seed-no-exchange-v2-selector-safe,central,10,latentflow_process_preserving_unfreeze2,5.0,0.001,96,32,37.853716120715866,,16,0.0007,0.2504470158050064,2048,1024,LatentFlow,0.155398536110307,0.02,5167.0,1387123,8-16-32,,,False,2,,,0.001,/work/11617/sujato_ts/vista/motion_code-master/physics_modal_v4/enhancements/results/central/runs/final_no_exchange/seed42/Electricity/h96.json,eeef772115804a40e4e30f3998c1f7a16e8d738a035ff82ca8e7f057cc5d7ff7,/work/11617/sujato_ts/vista/motion_code-master/physics_modal_v4/results/final/headline/runs/LatentFlow/seed42/Electricity/h96.json,0.394206210136658,multiscale,42,"{'inducing_points': 32, 'latent_dim': 16, 'patch_lens': [8, 16, 32], 'representation_weight': 0.001}",,validation MSE only; test evaluated once,,,96,False,,483.6618200624798,,final_no_exchange,0.0001,4
on,16,10,extension,0.38689874459493095,latentflow_process_preserving_unfreeze2,/work/11617/sujato_ts/vista/motion_code-master/physics_modal_v4/results/final/checkpoints/LatentFlow/seed42/Traffic/h192.pt,9c7e65c8e2ab8207,preserved,2,False,Traffic,16,1384.133637922001,latentflow-central-all28-five-seed-no-exchange-v2-selector-safe,central,10,latentflow_process_preserving_unfreeze2,5.0,0.001,192,32,88.22580849794572,,16,0.0007,0.29962644481342643,2048,1024,LatentFlow,0.4515534500757732,0.02,3319.0,1483750,8-16-32,,,False,2,,,0.001,/work/11617/sujato_ts/vista/motion_code-master/physics_modal_v4/enhancements/results/central/runs/final_no_exchange/seed42/Traffic/h192.json,332aa6e8986cd13b26a5ec4d4ab390ebad93e90803de3baf54a0373be8d681d4,/work/11617/sujato_ts/vista/motion_code-master/physics_modal_v4/results/final/headline/runs/LatentFlow/seed42/Traffic/h192.json,0.6719772690171694,multiscale,42,"{'inducing_points': 32, 'latent_dim': 16, 'patch_lens': [8, 16, 32], 'representation_weight': 0.001}",,validation MSE only; test evaluated once,,,96,False,,1003.569436077305,,final_no_exchange,0.0001,4
on,16,9,extension,0.397188441633006,latentflow_process_preserving_unfreeze2,/work/11617/sujato_ts/vista/motion_code-master/physics_modal_v4/results/final/checkpoints/LatentFlow/seed42/Traffic/h336.pt,a8e98dcb1dcedadd,preserved,2,False,Traffic,16,1420.2683590790257,latentflow-central-all28-five-seed-no-exchange-v2-selector-safe,central,10,latentflow_process_preserving_unfreeze2,5.0,0.001,336,32,91.07741731838699,,16,0.0007,0.2989559360134544,2048,1024,LatentFlow,0.45954158156682345,0.02,3175.0,1627700,8-16-32,,,False,2,,,0.001,/work/11617/sujato_ts/vista/motion_code-master/physics_modal_v4/enhancements/results/central/runs/final_no_exchange/seed42/Traffic/h336.json,2aa0758650753e9d3417cf70aa295054a00a2768db59831189e28885c8d4be91,/work/11617/sujato_ts/vista/motion_code-master/physics_modal_v4/results/final/headline/runs/LatentFlow/seed42/Traffic/h336.json,0.6778949635207681,multiscale,42,"{'inducing_points': 32, 'latent_dim': 16, 'patch_lens': [8, 16, 32], 'representation_weight': 0.001}",,validation MSE only; test evaluated once,,,96,False,,1031.8058360991927,,final_no_exchange,0.0001,4
on,16,10,extension,0.4442139204890189,latentflow_process_preserving_unfreeze2,/work/11617/sujato_ts/vista/motion_code-master/physics_modal_v4/results/final/checkpoints/LatentFlow/seed42/Traffic/h720.pt,7785811c5507114d,preserved,2,False,Traffic,16,1544.2697356841527,latentflow-central-all28-five-seed-no-exchange-v2-selector-safe,central,10,latentflow_process_preserving_unfreeze2,5.0,0.001,720,32,98.60564718737491,,16,0.0007,0.31804934173138644,2048,1024,LatentFlow,0.49145426921709967,0.02,2791.0,2019836,8-16-32,,,False,2,,,0.001,/work/11617/sujato_ts/vista/motion_code-master/physics_modal_v4/enhancements/results/central/runs/final_no_exchange/seed42/Traffic/h720.json,1295eaafbf7fcbb5f8b7de6c6ca496e1ed8e65ff4651717cb9054b8b4fbb9e2e,/work/11617/sujato_ts/vista/motion_code-master/physics_modal_v4/results/final/headline/runs/LatentFlow/seed42/Traffic/h720.json,0.7010379941323435,multiscale,42,"{'inducing_points': 32, 'latent_dim': 16, 'patch_lens': [8, 16, 32], 'representation_weight': 0.001}",,validation MSE only; test evaluated once,,,96,False,,1130.2623231178586,,final_no_exchange,0.0001,4
on,16,10,extension,0.3879883384298928,latentflow_process_preserving_unfreeze2,/work/11617/sujato_ts/vista/motion_code-master/physics_modal_v4/results/final/checkpoints/LatentFlow/seed42/Traffic/h96.pt,ff2ad5f161692dec,preserved,2,False,Traffic,16,1345.1616961238906,latentflow-central-all28-five-seed-no-exchange-v2-selector-safe,central,10,latentflow_process_preserving_unfreeze2,5.0,0.001,96,32,86.7191598976923,,16,0.0007,0.2921953691982355,2048,1024,LatentFlow,0.4312567918068039,0.02,3415.0,1388746,8-16-32,,,False,2,,,0.001,/work/11617/sujato_ts/vista/motion_code-master/physics_modal_v4/enhancements/results/central/runs/final_no_exchange/seed42/Traffic/h96.json,e318fed940f1953dbba1a191b70a0146463d00f0803a566e6c5791e9592d3baa,/work/11617/sujato_ts/vista/motion_code-master/physics_modal_v4/results/final/headline/runs/LatentFlow/seed42/Traffic/h96.json,0.6567014480011475,multiscale,42,"{'inducing_points': 32, 'latent_dim': 16, 'patch_lens': [8, 16, 32], 'representation_weight': 0.001}",,validation MSE only; test evaluated once,,,96,False,,973.2384484766953,,final_no_exchange,0.0001,4
on,16,3,extension,0.4767075197564231,latentflow_process_preserving_unfreeze2,/work/11617/sujato_ts/vista/motion_code-master/physics_modal_v4/results/final/checkpoints/LatentFlow/seed42/Weather/h192.pt,05df1031c38c22b4,preserved,2,False,Weather,16,239.2603935720399,latentflow-central-all28-five-seed-no-exchange-v2-selector-safe,central,10,latentflow_process_preserving_unfreeze2,5.0,0.001,192,32,43.629595890005895,,16,0.0007,0.2552510985103653,2048,1024,LatentFlow,0.2135848813726089,0.02,10349.0,1484344,8-16-32,,,False,2,,,0.001,/work/11617/sujato_ts/vista/motion_code-master/physics_modal_v4/enhancements/results/central/runs/final_no_exchange/seed42/Weather/h192.json,74ae155e8ed05354f63ffe99d22ab8e36ac1eb3c4f5522cb61abd52c9e1a8dbe,/work/11617/sujato_ts/vista/motion_code-master/physics_modal_v4/results/final/headline/runs/LatentFlow/seed42/Weather/h192.json,0.46215244386739845,multiscale,42,"{'inducing_points': 32, 'latent_dim': 16, 'patch_lens': [8, 16, 32], 'representation_weight': 0.001}",,validation MSE only; test evaluated once,,,96,False,,158.6196367017692,,final_no_exchange,0.0001,4
on,16,4,extension,0.5582059170383444,latentflow_process_preserving_unfreeze2,/work/11617/sujato_ts/vista/motion_code-master/physics_modal_v4/results/final/checkpoints/LatentFlow/seed42/Weather/h336.pt,a60cf8d5c0c8f333,preserved,2,False,Weather,16,236.27265716483817,latentflow-central-all28-five-seed-no-exchange-v2-selector-safe,central,10,latentflow_process_preserving_unfreeze2,5.0,0.001,336,32,44.13845189905626,,16,0.0007,0.298477145900185,2048,1024,LatentFlow,0.27239158174250644,0.02,10205.0,1628294,8-16-32,,,False,2,,,0.001,/work/11617/sujato_ts/vista/motion_code-master/physics_modal_v4/enhancements/results/central/runs/final_no_exchange/seed42/Weather/h336.json,a06a10b5c377c71000a53b162e0d51450f9d40a6218374ddd824fc5f5c806921,/work/11617/sujato_ts/vista/motion_code-master/physics_modal_v4/results/final/headline/runs/LatentFlow/seed42/Weather/h336.json,0.5219114692574848,multiscale,42,"{'inducing_points': 32, 'latent_dim': 16, 'patch_lens': [8, 16, 32], 'representation_weight': 0.001}",,validation MSE only; test evaluated once,,,96,False,,156.429654308522,,final_no_exchange,0.0001,4
on,16,2,extension,0.6948124855283707,latentflow_process_preserving_unfreeze2,/work/11617/sujato_ts/vista/motion_code-master/physics_modal_v4/results/final/checkpoints/LatentFlow/seed42/Weather/h720.pt,2a960288739fe822,preserved,2,False,Weather,16,248.9752226760611,latentflow-central-all28-five-seed-no-exchange-v2-selector-safe,central,10,latentflow_process_preserving_unfreeze2,5.0,0.001,720,32,48.80211481693645,,16,0.0007,0.3498508608637434,2048,1024,LatentFlow,0.3510131664357517,0.02,9821.0,2020430,8-16-32,,,False,2,,,0.001,/work/11617/sujato_ts/vista/motion_code-master/physics_modal_v4/enhancements/results/central/runs/final_no_exchange/seed42/Weather/h720.json,f5a7ce0da92c912d5565bd6fee35733c9267230b082b1a7ba39f090bc2f88c79,/work/11617/sujato_ts/vista/motion_code-master/physics_modal_v4/results/final/headline/runs/LatentFlow/seed42/Weather/h720.json,0.5924636414462509,multiscale,42,"{'inducing_points': 32, 'latent_dim': 16, 'patch_lens': [8, 16, 32], 'representation_weight': 0.001}",,validation MSE only; test evaluated once,,,96,False,,164.84344309701555,,final_no_exchange,0.0001,4
on,16,6,extension,0.4330122209494076,latentflow_process_preserving_unfreeze2,/work/11617/sujato_ts/vista/motion_code-master/physics_modal_v4/results/final/checkpoints/LatentFlow/seed42/Weather/h96.pt,259ae24298a0dd3c,preserved,2,False,Weather,16,234.6022789790295,latentflow-central-all28-five-seed-no-exchange-v2-selector-safe,central,10,latentflow_process_preserving_unfreeze2,5.0,0.001,96,32,43.885862189395134,,16,0.0007,0.21410719997252933,2048,1024,LatentFlow,0.1674764883830991,0.02,10445.0,1389340,8-16-32,,,False,2,,,0.001,/work/11617/sujato_ts/vista/motion_code-master/physics_modal_v4/enhancements/results/central/runs/final_no_exchange/seed42/Weather/h96.json,45eca6948c9874ef67baf892394e134265aa156d15981ad558f5ea8acd7e906a,/work/11617/sujato_ts/vista/motion_code-master/physics_modal_v4/results/final/headline/runs/LatentFlow/seed42/Weather/h96.json,0.4092389135738427,multiscale,42,"{'inducing_points': 32, 'latent_dim': 16, 'patch_lens': [8, 16, 32], 'representation_weight': 0.001}",,validation MSE only; test evaluated once,,,96,False,,154.65743313907296,,final_no_exchange,0.0001,4
on,16,1,extension,1.0238703198376156,latentflow_process_preserving_unfreeze2,/work/11617/sujato_ts/vista/motion_code-master/physics_modal_v4/results/final/checkpoints/LatentFlow/seed43/ETTh1/h192.pt,762907ed5ad8ed44,preserved,2,False,ETTh1,16,140.0709184333682,latentflow-central-all28-five-seed-no-exchange-v2-selector-safe,central,10,latentflow_process_preserving_unfreeze2,5.0,0.001,192,32,29.193845817339636,,16,0.0007,0.4383906808759351,2048,1024,LatentFlow,0.44969086306815714,0.02,2689.0,1535526,16-32-48,,,False,2,,,0.05,/work/11617/sujato_ts/vista/motion_code-master/physics_modal_v4/enhancements/results/central/runs/final_no_exchange/seed43/ETTh1/h192.json,b4c4a184cb866d17285bc75ee46d469653ca6b7a7e86723ddfc253be16536d45,/work/11617/sujato_ts/vista/motion_code-master/physics_modal_v4/results/final/headline/runs/LatentFlow/seed43/ETTh1/h192.json,0.6705899365992284,multiscale,43,"{'inducing_points': 32, 'latent_dim': 16, 'patch_lens': [16, 32, 48], 'representation_weight': 0.05}",,validation MSE only; test evaluated once,,,96,False,,98.97498082136735,,final_no_exchange,0.0001,4
on,16,0,reference,1.2917826548725568,latentflow_process_preserving_unfreeze2,/work/11617/sujato_ts/vista/motion_code-master/physics_modal_v4/results/final/checkpoints/LatentFlow/seed43/ETTh1/h336.pt,e5e3119a3af772d1,preserved,2,False,ETTh1,16,136.70470869587734,latentflow-central-all28-five-seed-no-exchange-v2-selector-safe,central,10,latentflow_process_preserving_unfreeze2,5.0,0.001,336,32,8.205710916155123,,16,0.0007,0.4605197977717322,2048,1024,LatentFlow,0.4966021921924544,0.02,2545.0,1676686,16-32-48,,,False,2,,,0.05,/work/11617/sujato_ts/vista/motion_code-master/physics_modal_v4/enhancements/results/central/runs/final_no_exchange/seed43/ETTh1/h336.json,cb2242f2283145cd1df18600cf45bcc2228c9b8ba9b2a39c7ca800f9648e6658,/work/11617/sujato_ts/vista/motion_code-master/physics_modal_v4/results/final/headline/runs/LatentFlow/seed43/ETTh1/h336.json,0.7047000725077687,multiscale,43,"{'inducing_points': 32, 'latent_dim': 16, 'patch_lens': [16, 32, 48], 'representation_weight': 0.05}",,validation MSE only; test evaluated once,,,96,False,,99.17901085173071,,final_no_exchange,0.0001,4
on,16,0,reference,1.5655950902000306,latentflow_process_preserving_unfreeze2,/work/11617/sujato_ts/vista/motion_code-master/physics_modal_v4/results/final/checkpoints/LatentFlow/seed43/ETTh1/h720.pt,0d726bca846af59b,preserved,2,False,ETTh1,16,149.8985113799572,latentflow-central-all28-five-seed-no-exchange-v2-selector-safe,central,10,latentflow_process_preserving_unfreeze2,5.0,0.001,720,32,8.185544297960934,,16,0.0007,0.48321969007132837,2048,1024,LatentFlow,0.5091477053166293,0.02,2161.0,2055222,16-32-48,,,False,2,,,0.05,/work/11617/sujato_ts/vista/motion_code-master/physics_modal_v4/enhancements/results/central/runs/final_no_exchange/seed43/ETTh1/h720.json,1aa677c721d871df63cb7ceb4523a52e610652191340b6fb0b6abfc5ff00d343,/work/11617/sujato_ts/vista/motion_code-master/physics_modal_v4/results/final/headline/runs/LatentFlow/seed43/ETTh1/h720.json,0.713545867703422,multiscale,43,"{'inducing_points': 32, 'latent_dim': 16, 'patch_lens': [16, 32, 48], 'representation_weight': 0.05}",,validation MSE only; test evaluated once,,,96,False,,110.05238300313067,,final_no_exchange,0.0001,4
on,16,2,extension,0.768863388470241,latentflow_process_preserving_unfreeze2,/work/11617/sujato_ts/vista/motion_code-master/physics_modal_v4/results/final/checkpoints/LatentFlow/seed43/ETTh1/h96.pt,ba0d75c256df4bca,preserved,2,False,ETTh1,16,146.06957472709473,latentflow-central-all28-five-seed-no-exchange-v2-selector-safe,central,10,latentflow_process_preserving_unfreeze2,5.0,0.001,96,32,29.446664275709175,,16,0.0007,0.41217745236069603,2048,1024,LatentFlow,0.39988327339448265,0.02,2785.0,1441682,16-32-48,,,False,2,,,0.05,/work/11617/sujato_ts/vista/motion_code-master/physics_modal_v4/enhancements/results/central/runs/final_no_exchange/seed43/ETTh1/h96.json,7da3163530f6486f6798418fca3ad25a49ea92c5603b22162c03d12b0545a489,/work/11617/sujato_ts/vista/motion_code-master/physics_modal_v4/results/final/headline/runs/LatentFlow/seed43/ETTh1/h96.json,0.6323632448162074,multiscale,43,"{'inducing_points': 32, 'latent_dim': 16, 'patch_lens': [16, 32, 48], 'representation_weight': 0.05}",,validation MSE only; test evaluated once,,,96,False,,100.84576946019297,,final_no_exchange,0.0001,4
on,16,0,reference,0.26854835202296573,latentflow_process_preserving_unfreeze2,/work/11617/sujato_ts/vista/motion_code-master/physics_modal_v4/results/final/checkpoints/LatentFlow/seed43/ETTh2/h192.pt,84f53ab4d794b464,preserved,2,False,ETTh2,16,135.54333012504503,latentflow-central-all28-five-seed-no-exchange-v2-selector-safe,central,10,latentflow_process_preserving_unfreeze2,5.0,0.001,192,32,7.864242065474837,,8,0.0007,0.39616170797824446,2048,1024,LatentFlow,0.38277998701682386,0.02,2689.0,1505278,16-32-48,,,False,2,,,0.001,/work/11617/sujato_ts/vista/motion_code-master/physics_modal_v4/enhancements/results/central/runs/final_no_exchange/seed43/ETTh2/h192.json,baf3192116816508bf7287e278b06f480666f3300abf7203f2eb381ddf7a2035,/work/11617/sujato_ts/vista/motion_code-master/physics_modal_v4/results/final/headline/runs/LatentFlow/seed43/ETTh2/h192.json,0.6186921585221715,multiscale,43,"{'inducing_points': 32, 'latent_dim': 8, 'patch_lens': [16, 32, 48], 'representation_weight': 0.001}",,validation MSE only; test evaluated once,,,96,False,,99.0763503148628,,final_no_exchange,0.0001,4
on,16,1,extension,0.3532309211841246,latentflow_process_preserving_unfreeze2,/work/11617/sujato_ts/vista/motion_code-master/physics_modal_v4/results/final/checkpoints/LatentFlow/seed43/ETTh2/h336.pt,01ed7d4e8ebe8837,preserved,2,False,ETTh2,16,142.24039257480763,latentflow-central-all28-five-seed-no-exchange-v2-selector-safe,central,10,latentflow_process_preserving_unfreeze2,5.0,0.001,336,32,29.882560039080584,,8,0.0007,0.43372265814575,2048,1024,LatentFlow,0.42612604287785844,0.02,2545.0,1646438,16-32-48,,,False,2,,,0.001,/work/11617/sujato_ts/vista/motion_code-master/physics_modal_v4/enhancements/results/central/runs/final_no_exchange/seed43/ETTh2/h336.json,8c3ee76bddf55a5b385df392230a87683de7da712bf8d7eb4122c4a1d7997d14,/work/11617/sujato_ts/vista/motion_code-master/physics_modal_v4/results/final/headline/runs/LatentFlow/seed43/ETTh2/h336.json,0.6527833046868298,multiscale,43,"{'inducing_points': 32, 'latent_dim': 8, 'patch_lens': [16, 32, 48], 'representation_weight': 0.001}",,validation MSE only; test evaluated once,,,96,False,,101.53033903043251,,final_no_exchange,0.0001,4
on,16,0,reference,0.6313944475991385,latentflow_process_preserving_unfreeze2,/work/11617/sujato_ts/vista/motion_code-master/physics_modal_v4/results/final/checkpoints/LatentFlow/seed43/ETTh2/h720.pt,8df3af91870b14b1,preserved,2,False,ETTh2,16,133.42268888186663,latentflow-central-all28-five-seed-no-exchange-v2-selector-safe,central,10,latentflow_process_preserving_unfreeze2,5.0,0.001,720,32,7.597174273053212,,8,0.0007,0.4498645085030294,2048,1024,LatentFlow,0.4358261119942588,0.02,2161.0,2024974,16-32-48,,,False,2,,,0.001,/work/11617/sujato_ts/vista/motion_code-master/physics_modal_v4/enhancements/results/central/runs/final_no_exchange/seed43/ETTh2/h720.json,72552cb65b1b88c7a5cc50999b70c1c551054d8ccc4193d28be73663db97c5f0,/work/11617/sujato_ts/vista/motion_code-master/physics_modal_v4/results/final/headline/runs/LatentFlow/seed43/ETTh2/h720.json,0.6601712747418346,multiscale,43,"{'inducing_points': 32, 'latent_dim': 8, 'patch_lens': [16, 32, 48], 'representation_weight': 0.001}",,validation MSE only; test evaluated once,,,96,False,,97.67928372348251,,final_no_exchange,0.0001,4
on,16,0,reference,0.22145391503969827,latentflow_process_preserving_unfreeze2,/work/11617/sujato_ts/vista/motion_code-master/physics_modal_v4/results/final/checkpoints/LatentFlow/seed43/ETTh2/h96.pt,c31fcf4da5c98585,preserved,2,False,ETTh2,16,137.20834937691689,latentflow-central-all28-five-seed-no-exchange-v2-selector-safe,central,10,latentflow_process_preserving_unfreeze2,5.0,0.001,96,32,8.009568193249104,,8,0.0007,0.3446854704127736,2048,1024,LatentFlow,0.29659152826284907,0.02,2785.0,1411434,16-32-48,,,False,2,,,0.001,/work/11617/sujato_ts/vista/motion_code-master/physics_modal_v4/enhancements/results/central/runs/final_no_exchange/seed43/ETTh2/h96.json,d4c46b3a87d18c284cdfca4657b5434dc3c162f5ea8f27644e5de96bd1addce8,/work/11617/sujato_ts/vista/motion_code-master/physics_modal_v4/results/final/headline/runs/LatentFlow/seed43/ETTh2/h96.json,0.5446021743096965,multiscale,43,"{'inducing_points': 32, 'latent_dim': 8, 'patch_lens': [16, 32, 48], 'representation_weight': 0.001}",,validation MSE only; test evaluated once,,,96,False,,100.19256896594015,,final_no_exchange,0.0001,4
on,16,0,reference,0.5154585605930715,latentflow_process_preserving_unfreeze2,/work/11617/sujato_ts/vista/motion_code-master/physics_modal_v4/results/final/checkpoints/LatentFlow/seed43/ETTm1/h192.pt,2f5ddb8c7c25ad16,preserved,2,False,ETTm1,16,137.52673441900697,latentflow-central-all28-five-seed-no-exchange-v2-selector-safe,central,10,latentflow_process_preserving_unfreeze2,5.0,0.001,192,32,7.410341634244995,,8,0.0007,0.39651534458020243,2048,1024,LatentFlow,0.38090578920044743,0.02,11329.0,1493398,8-24-48,,,False,2,,,0.01,/work/11617/sujato_ts/vista/motion_code-master/physics_modal_v4/enhancements/results/central/runs/final_no_exchange/seed43/ETTm1/h192.json,b0322ec6f95b987e777126b9c416a7c044d896d8d9676b68853d67e6d5f45833,/work/11617/sujato_ts/vista/motion_code-master/physics_modal_v4/results/final/headline/runs/LatentFlow/seed43/ETTm1/h192.json,0.6171756550613832,multiscale,43,"{'inducing_points': 32, 'latent_dim': 8, 'patch_lens': [8, 24, 48], 'representation_weight': 0.01}",,validation MSE only; test evaluated once,,,96,False,,97.43272590390006,,final_no_exchange,0.0001,4
on,16,5,extension,0.65509321515252,latentflow_process_preserving_unfreeze2,/work/11617/sujato_ts/vista/motion_code-master/physics_modal_v4/results/final/checkpoints/LatentFlow/seed43/ETTm1/h336.pt,5fe5ecf4d7892e74,preserved,2,False,ETTm1,16,167.320685967803,latentflow-central-all28-five-seed-no-exchange-v2-selector-safe,central,10,latentflow_process_preserving_unfreeze2,5.0,0.001,336,32,31.301196518468867,,8,0.0007,0.4268675689823943,2048,1024,LatentFlow,0.4238138203011319,0.02,11185.0,1636816,8-24-48,,,False,2,,,0.01,/work/11617/sujato_ts/vista/motion_code-master/physics_modal_v4/enhancements/results/central/runs/final_no_exchange/seed43/ETTm1/h336.json,736e72b64ff52d91e64058607b64a04ac66a97087ef9bf340df378a4a9ca9411,/work/11617/sujato_ts/vista/motion_code-master/physics_modal_v4/results/final/headline/runs/LatentFlow/seed43/ETTm1/h336.json,0.6510098465469872,multiscale,43,"{'inducing_points': 32, 'latent_dim': 8, 'patch_lens': [8, 24, 48], 'representation_weight': 0.01}",,validation MSE only; test evaluated once,,,96,False,,107.33617114819936,,final_no_exchange,0.0001,4
on,16,3,extension,0.9990989711549547,latentflow_process_preserving_unfreeze2,/work/11617/sujato_ts/vista/motion_code-master/physics_modal_v4/results/final/checkpoints/LatentFlow/seed43/ETTm1/h720.pt,5581bfefc85075b9,preserved,2,False,ETTm1,16,166.97327186027542,latentflow-central-all28-five-seed-no-exchange-v2-selector-safe,central,10,latentflow_process_preserving_unfreeze2,5.0,0.001,720,32,30.81446619516443,,8,0.0007,0.4691178767093256,2048,1024,LatentFlow,0.4924183591910145,0.02,10801.0,2026480,8-24-48,,,False,2,,,0.01,/work/11617/sujato_ts/vista/motion_code-master/physics_modal_v4/enhancements/results/central/runs/final_no_exchange/seed43/ETTm1/h720.json,9f7a3c531930e13a213e72ab4c0d1c208ae6ce2eaf104bab98687eeffefa4029,/work/11617/sujato_ts/vista/motion_code-master/physics_modal_v4/results/final/headline/runs/LatentFlow/seed43/ETTm1/h720.json,0.7017252733021766,multiscale,43,"{'inducing_points': 32, 'latent_dim': 8, 'patch_lens': [8, 24, 48], 'representation_weight': 0.01}",,validation MSE only; test evaluated once,,,96,False,,107.95652635788429,,final_no_exchange,0.0001,4
on,16,1,extension,0.3921449225218523,latentflow_process_preserving_unfreeze2,/work/11617/sujato_ts/vista/motion_code-master/physics_modal_v4/results/final/checkpoints/LatentFlow/seed43/ETTm1/h96.pt,d0a103575a1dc9a4,preserved,2,False,ETTm1,16,162.59282267838717,latentflow-central-all28-five-seed-no-exchange-v2-selector-safe,central,10,latentflow_process_preserving_unfreeze2,5.0,0.001,96,32,30.27170953480592,,8,0.0007,0.37382098866214575,2048,1024,LatentFlow,0.3349981519894462,0.02,11425.0,1398606,8-24-48,,,False,2,,,0.01,/work/11617/sujato_ts/vista/motion_code-master/physics_modal_v4/enhancements/results/central/runs/final_no_exchange/seed43/ETTm1/h96.json,c23357f9940d2e103092ef22a9d43aa9803c24bddc696a3f8915ffa431175fd6,/work/11617/sujato_ts/vista/motion_code-master/physics_modal_v4/results/final/headline/runs/LatentFlow/seed43/ETTm1/h96.json,0.578790248699342,multiscale,43,"{'inducing_points': 32, 'latent_dim': 8, 'patch_lens': [8, 24, 48], 'representation_weight': 0.01}",,validation MSE only; test evaluated once,,,96,False,,103.93409232056001,,final_no_exchange,0.0001,4
on,16,4,extension,0.17074308588746048,latentflow_process_preserving_unfreeze2,/work/11617/sujato_ts/vista/motion_code-master/physics_modal_v4/results/final/checkpoints/LatentFlow/seed43/ETTm2/h192.pt,56340a0542eca883,preserved,2,False,ETTm2,16,163.28670676099136,latentflow-central-all28-five-seed-no-exchange-v2-selector-safe,central,10,latentflow_process_preserving_unfreeze2,5.0,0.001,192,16,29.13511955212865,,8,0.0007,0.3029546071687472,2048,1024,LatentFlow,0.24278723827039594,0.02,11329.0,1468534,8-16-32,,,False,2,,,0.001,/work/11617/sujato_ts/vista/motion_code-master/physics_modal_v4/enhancements/results/central/runs/final_no_exchange/seed43/ETTm2/h192.json,8e4846d48ed2bc310eff6093975ea6e288659986a8dbc6fae2c7c543be123cf8,/work/11617/sujato_ts/vista/motion_code-master/physics_modal_v4/results/final/headline/runs/LatentFlow/seed43/ETTm2/h192.json,0.4927344500543837,multiscale,43,"{'inducing_points': 16, 'latent_dim': 8, 'patch_lens': [8, 16, 32], 'representation_weight': 0.001}",,validation MSE only; test evaluated once,,,96,False,,105.22133665153888,,final_no_exchange,0.0001,4
on,16,1,extension,0.21845124104396016,latentflow_process_preserving_unfreeze2,/work/11617/sujato_ts/vista/motion_code-master/physics_modal_v4/results/final/checkpoints/LatentFlow/seed43/ETTm2/h336.pt,46653de57ae79e58,preserved,2,False,ETTm2,16,157.83638129616156,latentflow-central-all28-five-seed-no-exchange-v2-selector-safe,central,10,latentflow_process_preserving_unfreeze2,5.0,0.001,336,16,29.319990515698247,,8,0.0007,0.3443550271087049,2048,1024,LatentFlow,0.3059869159442127,0.02,11185.0,1612484,8-16-32,,,False,2,,,0.001,/work/11617/sujato_ts/vista/motion_code-master/physics_modal_v4/enhancements/results/central/runs/final_no_exchange/seed43/ETTm2/h336.json,74cb89e5bb6fe6280418e072443ebb7ea28e863999db068c3492a21e38f92de5,/work/11617/sujato_ts/vista/motion_code-master/physics_modal_v4/results/final/headline/runs/LatentFlow/seed43/ETTm2/h336.json,0.5531608409352679,multiscale,43,"{'inducing_points': 16, 'latent_dim': 8, 'patch_lens': [8, 16, 32], 'representation_weight': 0.001}",,validation MSE only; test evaluated once,,,96,False,,101.1410156814236,,final_no_exchange,0.0001,4
on,16,1,extension,0.30211052156630014,latentflow_process_preserving_unfreeze2,/work/11617/sujato_ts/vista/motion_code-master/physics_modal_v4/results/final/checkpoints/LatentFlow/seed43/ETTm2/h720.pt,d89b13e2cc9c0d5a,preserved,2,False,ETTm2,16,161.0040333950892,latentflow-central-all28-five-seed-no-exchange-v2-selector-safe,central,10,latentflow_process_preserving_unfreeze2,5.0,0.001,720,16,29.270539158341705,,8,0.0007,0.4040215044675564,2048,1024,LatentFlow,0.4116332957806696,0.02,10801.0,2004620,8-16-32,,,False,2,,,0.001,/work/11617/sujato_ts/vista/motion_code-master/physics_modal_v4/enhancements/results/central/runs/final_no_exchange/seed43/ETTm2/h720.json,3010de6abff968679c3071542ffe3568a14011c705faecdb4c32c35713e87c5e,/work/11617/sujato_ts/vista/motion_code-master/physics_modal_v4/results/final/headline/runs/LatentFlow/seed43/ETTm2/h720.json,0.6415865458226736,multiscale,43,"{'inducing_points': 16, 'latent_dim': 8, 'patch_lens': [8, 16, 32], 'representation_weight': 0.001}",,validation MSE only; test evaluated once,,,96,False,,104.2871869110968,,final_no_exchange,0.0001,4
on,16,2,extension,0.1281356987144266,latentflow_process_preserving_unfreeze2,/work/11617/sujato_ts/vista/motion_code-master/physics_modal_v4/results/final/checkpoints/LatentFlow/seed43/ETTm2/h96.pt,7dd0f6a906f06663,preserved,2,False,ETTm2,16,168.35771525406744,latentflow-central-all28-five-seed-no-exchange-v2-selector-safe,central,10,latentflow_process_preserving_unfreeze2,5.0,0.001,96,16,31.073638739594653,,8,0.0007,0.2590128142100592,2048,1024,LatentFlow,0.17505394963332735,0.02,11425.0,1373530,8-16-32,,,False,2,,,0.001,/work/11617/sujato_ts/vista/motion_code-master/physics_modal_v4/enhancements/results/central/runs/final_no_exchange/seed43/ETTm2/h96.json,bfb6970a784e332706fb5ae994fadf09259c373593b060eeac29a4fc5c0bbd7f,/work/11617/sujato_ts/vista/motion_code-master/physics_modal_v4/results/final/headline/runs/LatentFlow/seed43/ETTm2/h96.json,0.41839449044332233,multiscale,43,"{'inducing_points': 16, 'latent_dim': 8, 'patch_lens': [8, 16, 32], 'representation_weight': 0.001}",,validation MSE only; test evaluated once,,,96,False,,107.96348682579264,,final_no_exchange,0.0001,4
on,16,9,extension,0.1478762723513234,latentflow_process_preserving_unfreeze2,/work/11617/sujato_ts/vista/motion_code-master/physics_modal_v4/results/final/checkpoints/LatentFlow/seed43/Electricity/h192.pt,9db3a040c863b3b1,preserved,2,False,Electricity,16,720.2580223320983,latentflow-central-all28-five-seed-no-exchange-v2-selector-safe,central,10,latentflow_process_preserving_unfreeze2,5.0,0.001,192,32,39.46081985642995,,16,0.0007,0.26351480634247404,2048,1024,LatentFlow,0.1712653125112707,0.02,5071.0,1482127,8-16-32,,,False,2,,,0.001,/work/11617/sujato_ts/vista/motion_code-master/physics_modal_v4/enhancements/results/central/runs/final_no_exchange/seed43/Electricity/h192.json,c8b47cbf9c556a0c7e91076163d6aca415dd4d1bd12f4b18d46537f6464dc232,/work/11617/sujato_ts/vista/motion_code-master/physics_modal_v4/results/final/headline/runs/LatentFlow/seed43/Electricity/h192.json,0.4138421347703381,multiscale,43,"{'inducing_points': 32, 'latent_dim': 16, 'patch_lens': [8, 16, 32], 'representation_weight': 0.001}",,validation MSE only; test evaluated once,,,96,False,,505.3678366210079,,final_no_exchange,0.0001,4
on,16,9,extension,0.16679913780841676,latentflow_process_preserving_unfreeze2,/work/11617/sujato_ts/vista/motion_code-master/physics_modal_v4/results/final/checkpoints/LatentFlow/seed43/Electricity/h336.pt,bb928749954b27a8,preserved,2,False,Electricity,16,719.3589143608697,latentflow-central-all28-five-seed-no-exchange-v2-selector-safe,central,10,latentflow_process_preserving_unfreeze2,5.0,0.001,336,32,39.8197948675209,,16,0.0007,0.281447027703506,2048,1024,LatentFlow,0.18877023179067196,0.02,4927.0,1626077,8-16-32,,,False,2,,,0.001,/work/11617/sujato_ts/vista/motion_code-master/physics_modal_v4/enhancements/results/central/runs/final_no_exchange/seed43/Electricity/h336.json,c3126692d561012b964e551e755aa12f87fc1933d0dc1f05ab0c9e80d5698a18,/work/11617/sujato_ts/vista/motion_code-master/physics_modal_v4/results/final/headline/runs/LatentFlow/seed43/Electricity/h336.json,0.43447696347524795,multiscale,43,"{'inducing_points': 32, 'latent_dim': 16, 'patch_lens': [8, 16, 32], 'representation_weight': 0.001}",,validation MSE only; test evaluated once,,,96,False,,505.77684947111266,,final_no_exchange,0.0001,4
on,16,8,extension,0.20472825391352817,latentflow_process_preserving_unfreeze2,/work/11617/sujato_ts/vista/motion_code-master/physics_modal_v4/results/final/checkpoints/LatentFlow/seed43/Electricity/h720.pt,5dda5c6107e5968a,preserved,2,False,Electricity,16,749.4249916789122,latentflow-central-all28-five-seed-no-exchange-v2-selector-safe,central,10,latentflow_process_preserving_unfreeze2,5.0,0.001,720,32,42.43582688975008,,16,0.0007,0.3098736978431532,2048,1024,LatentFlow,0.2236946640394882,0.02,4543.0,2018213,8-16-32,,,False,2,,,0.001,/work/11617/sujato_ts/vista/motion_code-master/physics_modal_v4/enhancements/results/central/runs/final_no_exchange/seed43/Electricity/h720.json,c4b7affd4c05cdaf3588b89d8ac60985b192685f47cd197580ac1dae34e36dca,/work/11617/sujato_ts/vista/motion_code-master/physics_modal_v4/results/final/headline/runs/LatentFlow/seed43/Electricity/h720.json,0.4729637026659532,multiscale,43,"{'inducing_points': 32, 'latent_dim': 16, 'patch_lens': [8, 16, 32], 'representation_weight': 0.001}",,validation MSE only; test evaluated once,,,96,False,,530.1924761883129,,final_no_exchange,0.0001,4
on,16,10,extension,0.13606457878000888,latentflow_process_preserving_unfreeze2,/work/11617/sujato_ts/vista/motion_code-master/physics_modal_v4/results/final/checkpoints/LatentFlow/seed43/Electricity/h96.pt,b1245fed23effe9c,preserved,2,False,Electricity,16,688.6204196820036,latentflow-central-all28-five-seed-no-exchange-v2-selector-safe,central,10,latentflow_process_preserving_unfreeze2,5.0,0.001,96,32,37.81926584964286,,16,0.0007,0.2518934597863897,2048,1024,LatentFlow,0.15727370938941218,0.02,5167.0,1387123,8-16-32,,,False,2,,,0.001,/work/11617/sujato_ts/vista/motion_code-master/physics_modal_v4/enhancements/results/central/runs/final_no_exchange/seed43/Electricity/h96.json,9375519713f31e42ab5061c8eb82e1a5b453132323f7ed489335334ce769b1e8,/work/11617/sujato_ts/vista/motion_code-master/physics_modal_v4/results/final/headline/runs/LatentFlow/seed43/Electricity/h96.json,0.39657749480954185,multiscale,43,"{'inducing_points': 32, 'latent_dim': 16, 'patch_lens': [8, 16, 32], 'representation_weight': 0.001}",,validation MSE only; test evaluated once,,,96,False,,481.8268411101599,,final_no_exchange,0.0001,4
on,16,10,extension,0.38388355563798804,latentflow_process_preserving_unfreeze2,/work/11617/sujato_ts/vista/motion_code-master/physics_modal_v4/results/final/checkpoints/LatentFlow/seed43/Traffic/h192.pt,30dd04d56fd1cb03,preserved,2,False,Traffic,16,1370.5440527949977,latentflow-central-all28-five-seed-no-exchange-v2-selector-safe,central,10,latentflow_process_preserving_unfreeze2,5.0,0.001,192,32,87.90909446500903,,16,0.0007,0.2969195937388296,2048,1024,LatentFlow,0.44934683501321854,0.02,3319.0,1483750,8-16-32,,,False,2,,,0.001,/work/11617/sujato_ts/vista/motion_code-master/physics_modal_v4/enhancements/results/central/runs/final_no_exchange/seed43/Traffic/h192.json,94a44210b9c290bd01791c2cac8997a09d3b75d3725d70bfc4ad71352aff08df,/work/11617/sujato_ts/vista/motion_code-master/physics_modal_v4/results/final/headline/runs/LatentFlow/seed43/Traffic/h192.json,0.6703333760251078,multiscale,43,"{'inducing_points': 32, 'latent_dim': 16, 'patch_lens': [8, 16, 32], 'representation_weight': 0.001}",,validation MSE only; test evaluated once,,,96,False,,993.5834928281338,,final_no_exchange,0.0001,4
on,16,7,extension,0.39812755732230226,latentflow_process_preserving_unfreeze2,/work/11617/sujato_ts/vista/motion_code-master/physics_modal_v4/results/final/checkpoints/LatentFlow/seed43/Traffic/h336.pt,3d123af920d2bf3e,preserved,2,False,Traffic,16,1429.646236859262,latentflow-central-all28-five-seed-no-exchange-v2-selector-safe,central,10,latentflow_process_preserving_unfreeze2,5.0,0.001,336,32,91.57319216532727,,16,0.0007,0.30476184580166676,2048,1024,LatentFlow,0.4665861094803876,0.02,3175.0,1627700,8-16-32,,,False,2,,,0.001,/work/11617/sujato_ts/vista/motion_code-master/physics_modal_v4/enhancements/results/central/runs/final_no_exchange/seed43/Traffic/h336.json,f4d21fa9e14a54803985172491307df13e29e2213346104e86a75d5ab47aadfb,/work/11617/sujato_ts/vista/motion_code-master/physics_modal_v4/results/final/headline/runs/LatentFlow/seed43/Traffic/h336.json,0.683071086696244,multiscale,43,"{'inducing_points': 32, 'latent_dim': 16, 'patch_lens': [8, 16, 32], 'representation_weight': 0.001}",,validation MSE only; test evaluated once,,,96,False,,1038.9985759586125,,final_no_exchange,0.0001,4
on,16,7,extension,0.44328350618838896,latentflow_process_preserving_unfreeze2,/work/11617/sujato_ts/vista/motion_code-master/physics_modal_v4/results/final/checkpoints/LatentFlow/seed43/Traffic/h720.pt,dadde2f7d5cc6fb4,preserved,2,False,Traffic,16,1544.6248558247462,latentflow-central-all28-five-seed-no-exchange-v2-selector-safe,central,10,latentflow_process_preserving_unfreeze2,5.0,0.001,720,32,99.6366464833986,,16,0.0007,0.3177446196447139,2048,1024,LatentFlow,0.49624386152771277,0.02,2791.0,2019836,8-16-32,,,False,2,,,0.001,/work/11617/sujato_ts/vista/motion_code-master/physics_modal_v4/enhancements/results/central/runs/final_no_exchange/seed43/Traffic/h720.json,b06a9fd80eeca796bd9fee63bae487eb066d3ca73e6e9f5be5d29b78fbbe5fdc,/work/11617/sujato_ts/vista/motion_code-master/physics_modal_v4/results/final/headline/runs/LatentFlow/seed43/Traffic/h720.json,0.7044457832421973,multiscale,43,"{'inducing_points': 32, 'latent_dim': 16, 'patch_lens': [8, 16, 32], 'representation_weight': 0.001}",,validation MSE only; test evaluated once,,,96,False,,1129.7831153704465,,final_no_exchange,0.0001,4
on,16,10,extension,0.3953881559681726,latentflow_process_preserving_unfreeze2,/work/11617/sujato_ts/vista/motion_code-master/physics_modal_v4/results/final/checkpoints/LatentFlow/seed43/Traffic/h96.pt,b8ac0b1be471a84d,preserved,2,False,Traffic,16,1360.4083220399916,latentflow-central-all28-five-seed-no-exchange-v2-selector-safe,central,10,latentflow_process_preserving_unfreeze2,5.0,0.001,96,32,87.10394902460872,,16,0.0007,0.29418264235354147,2048,1024,LatentFlow,0.436267156537962,0.02,3415.0,1388746,8-16-32,,,False,2,,,0.001,/work/11617/sujato_ts/vista/motion_code-master/physics_modal_v4/enhancements/results/central/runs/final_no_exchange/seed43/Traffic/h96.json,1912f68fa06d3e77cd89bb8a4ac796523cedd5fbed3c72f8be1127c2fafaa8aa,/work/11617/sujato_ts/vista/motion_code-master/physics_modal_v4/results/final/headline/runs/LatentFlow/seed43/Traffic/h96.json,0.6605052282442297,multiscale,43,"{'inducing_points': 32, 'latent_dim': 16, 'patch_lens': [8, 16, 32], 'representation_weight': 0.001}",,validation MSE only; test evaluated once,,,96,False,,984.4402104368783,,final_no_exchange,0.0001,4
on,16,2,extension,0.4759752141341331,latentflow_process_preserving_unfreeze2,/work/11617/sujato_ts/vista/motion_code-master/physics_modal_v4/results/final/checkpoints/LatentFlow/seed43/Weather/h192.pt,60aed0f70aaf51a4,preserved,2,False,Weather,16,218.99121325835586,latentflow-central-all28-five-seed-no-exchange-v2-selector-safe,central,10,latentflow_process_preserving_unfreeze2,5.0,0.001,192,32,40.7229963632286,,16,0.0007,0.2542393251259774,2048,1024,LatentFlow,0.213196166098454,0.02,10349.0,1484344,8-16-32,,,False,2,,,0.001,/work/11617/sujato_ts/vista/motion_code-master/physics_modal_v4/enhancements/results/central/runs/final_no_exchange/seed43/Weather/h192.json,9f964e6e1ab948bdd52eb9a966660b8ee871066d8041617a33b040c68e6bfd98,/work/11617/sujato_ts/vista/motion_code-master/physics_modal_v4/results/final/headline/runs/LatentFlow/seed43/Weather/h192.json,0.461731703588192,multiscale,43,"{'inducing_points': 32, 'latent_dim': 16, 'patch_lens': [8, 16, 32], 'representation_weight': 0.001}",,validation MSE only; test evaluated once,,,96,False,,144.63501356949564,,final_no_exchange,0.0001,4
on,16,3,extension,0.5615629336190602,latentflow_process_preserving_unfreeze2,/work/11617/sujato_ts/vista/motion_code-master/physics_modal_v4/results/final/checkpoints/LatentFlow/seed43/Weather/h336.pt,f2dceb94207e2c10,preserved,2,False,Weather,16,232.3693771958351,latentflow-central-all28-five-seed-no-exchange-v2-selector-safe,central,10,latentflow_process_preserving_unfreeze2,5.0,0.001,336,32,44.52837440888134,,16,0.0007,0.2995528643795756,2048,1024,LatentFlow,0.27411868525501326,0.02,10205.0,1628294,8-16-32,,,False,2,,,0.001,/work/11617/sujato_ts/vista/motion_code-master/physics_modal_v4/enhancements/results/central/runs/final_no_exchange/seed43/Weather/h336.json,5f5ea7eb4accb578192eb25e4626ec8ade86172de242c91d864e22cd0a03ee94,/work/11617/sujato_ts/vista/motion_code-master/physics_modal_v4/results/final/headline/runs/LatentFlow/seed43/Weather/h336.json,0.5235634491205562,multiscale,43,"{'inducing_points': 32, 'latent_dim': 16, 'patch_lens': [8, 16, 32], 'representation_weight': 0.001}",,validation MSE only; test evaluated once,,,96,False,,153.2217397070781,,final_no_exchange,0.0001,4
on,16,4,extension,0.682433659689767,latentflow_process_preserving_unfreeze2,/work/11617/sujato_ts/vista/motion_code-master/physics_modal_v4/results/final/checkpoints/LatentFlow/seed43/Weather/h720.pt,819dd40b69ca1159,preserved,2,False,Weather,16,229.6666374099441,latentflow-central-all28-five-seed-no-exchange-v2-selector-safe,central,10,latentflow_process_preserving_unfreeze2,5.0,0.001,720,32,43.57506436511898,,16,0.0007,0.34838874321649693,2048,1024,LatentFlow,0.3507824229126084,0.02,9821.0,2020430,8-16-32,,,False,2,,,0.001,/work/11617/sujato_ts/vista/motion_code-master/physics_modal_v4/enhancements/results/central/runs/final_no_exchange/seed43/Weather/h720.json,5790e30c187cf8a9fb6e8dc23d4db1648da116631ecaeec7c264fc0db91e1d48,/work/11617/sujato_ts/vista/motion_code-master/physics_modal_v4/results/final/headline/runs/LatentFlow/seed43/Weather/h720.json,0.5922688772108563,multiscale,43,"{'inducing_points': 32, 'latent_dim': 16, 'patch_lens': [8, 16, 32], 'representation_weight': 0.001}",,validation MSE only; test evaluated once,,,96,False,,152.56958130885323,,final_no_exchange,0.0001,4
on,16,6,extension,0.43321506229657974,latentflow_process_preserving_unfreeze2,/work/11617/sujato_ts/vista/motion_code-master/physics_modal_v4/results/final/checkpoints/LatentFlow/seed43/Weather/h96.pt,1e87493aafb73997,preserved,2,False,Weather,16,237.12126035999972,latentflow-central-all28-five-seed-no-exchange-v2-selector-safe,central,10,latentflow_process_preserving_unfreeze2,5.0,0.001,96,32,43.849297876601405,,16,0.0007,0.21396712893357522,2048,1024,LatentFlow,0.1679886183765194,0.02,10445.0,1389340,8-16-32,,,False,2,,,0.001,/work/11617/sujato_ts/vista/motion_code-master/physics_modal_v4/enhancements/results/central/runs/final_no_exchange/seed43/Weather/h96.json,af70006dbf38558607c444b5fc56d14bd8a6f11bab8380ab8de581afa36ac294,/work/11617/sujato_ts/vista/motion_code-master/physics_modal_v4/results/final/headline/runs/LatentFlow/seed43/Weather/h96.json,0.40986414624423956,multiscale,43,"{'inducing_points': 32, 'latent_dim': 16, 'patch_lens': [8, 16, 32], 'representation_weight': 0.001}",,validation MSE only; test evaluated once,,,96,False,,156.7276508726536,,final_no_exchange,0.0001,4
on,16,1,extension,1.025974528420539,latentflow_process_preserving_unfreeze2,/work/11617/sujato_ts/vista/motion_code-master/physics_modal_v4/results/final/checkpoints/LatentFlow/seed44/ETTh1/h192.pt,4cd0079ac2f35674,preserved,2,False,ETTh1,16,144.89135006582364,latentflow-central-all28-five-seed-no-exchange-v2-selector-safe,central,10,latentflow_process_preserving_unfreeze2,5.0,0.001,192,32,29.862601834232223,,16,0.0007,0.43321985592889645,2048,1024,LatentFlow,0.44695659733310056,0.02,2689.0,1535526,16-32-48,,,False,2,,,0.05,/work/11617/sujato_ts/vista/motion_code-master/physics_modal_v4/enhancements/results/central/runs/final_no_exchange/seed44/ETTh1/h192.json,f6ccbd149993e677efc185f3548986f81eee6c57b738b44bb743bcd683855743,/work/11617/sujato_ts/vista/motion_code-master/physics_modal_v4/results/final/headline/runs/LatentFlow/seed44/ETTh1/h192.json,0.6685481264150701,multiscale,44,"{'inducing_points': 32, 'latent_dim': 16, 'patch_lens': [16, 32, 48], 'representation_weight': 0.05}",,validation MSE only; test evaluated once,,,96,False,,102.56517605630506,,final_no_exchange,0.0001,4
on,16,0,reference,1.2865984881816268,latentflow_process_preserving_unfreeze2,/work/11617/sujato_ts/vista/motion_code-master/physics_modal_v4/results/final/checkpoints/LatentFlow/seed44/ETTh1/h336.pt,8bc3ebbef9b2843f,preserved,2,False,ETTh1,16,137.7092479201965,latentflow-central-all28-five-seed-no-exchange-v2-selector-safe,central,10,latentflow_process_preserving_unfreeze2,5.0,0.001,336,32,7.669156735550754,,16,0.0007,0.45960576987732715,2048,1024,LatentFlow,0.49471651836941954,0.02,2545.0,1676686,16-32-48,,,False,2,,,0.05,/work/11617/sujato_ts/vista/motion_code-master/physics_modal_v4/enhancements/results/central/runs/final_no_exchange/seed44/ETTh1/h336.json,e7771afe807d07b300a7b55909c51839a94c9342f1b0e98641fd5956d1a0fddb,/work/11617/sujato_ts/vista/motion_code-master/physics_modal_v4/results/final/headline/runs/LatentFlow/seed44/ETTh1/h336.json,0.7033608734991018,multiscale,44,"{'inducing_points': 32, 'latent_dim': 16, 'patch_lens': [16, 32, 48], 'representation_weight': 0.05}",,validation MSE only; test evaluated once,,,96,False,,100.02285226037202,,final_no_exchange,0.0001,4
on,16,0,reference,1.5637264736114986,latentflow_process_preserving_unfreeze2,/work/11617/sujato_ts/vista/motion_code-master/physics_modal_v4/results/final/checkpoints/LatentFlow/seed44/ETTh1/h720.pt,f59d72ad523953df,preserved,2,False,ETTh1,16,137.57355981506407,latentflow-central-all28-five-seed-no-exchange-v2-selector-safe,central,10,latentflow_process_preserving_unfreeze2,5.0,0.001,720,32,7.705187602246653,,16,0.0007,0.4802329831879081,2048,1024,LatentFlow,0.4984691149224758,0.02,2161.0,2055222,16-32-48,,,False,2,,,0.05,/work/11617/sujato_ts/vista/motion_code-master/physics_modal_v4/enhancements/results/central/runs/final_no_exchange/seed44/ETTh1/h720.json,043a6675e50965a2b0e2b3df2a84d00cb5155e6104808007b8c6362c1007e9eb,/work/11617/sujato_ts/vista/motion_code-master/physics_modal_v4/results/final/headline/runs/LatentFlow/seed44/ETTh1/h720.json,0.7060234521051519,multiscale,44,"{'inducing_points': 32, 'latent_dim': 16, 'patch_lens': [16, 32, 48], 'representation_weight': 0.05}",,validation MSE only; test evaluated once,,,96,False,,100.77778625936844,,final_no_exchange,0.0001,4
on,16,1,extension,0.7697107880598023,latentflow_process_preserving_unfreeze2,/work/11617/sujato_ts/vista/motion_code-master/physics_modal_v4/results/final/checkpoints/LatentFlow/seed44/ETTh1/h96.pt,d36fbc30a7e24091,preserved,2,False,ETTh1,16,154.74254742707126,latentflow-central-all28-five-seed-no-exchange-v2-selector-safe,central,10,latentflow_process_preserving_unfreeze2,5.0,0.001,96,32,30.86239822085064,,16,0.0007,0.41168622904540514,2048,1024,LatentFlow,0.4034148573274132,0.02,2785.0,1441682,16-32-48,,,False,2,,,0.05,/work/11617/sujato_ts/vista/motion_code-master/physics_modal_v4/enhancements/results/central/runs/final_no_exchange/seed44/ETTh1/h96.json,80b17935c6be084c84e50f212d7b148950b3b6c1097f74106cca5da867629c78,/work/11617/sujato_ts/vista/motion_code-master/physics_modal_v4/results/final/headline/runs/LatentFlow/seed44/ETTh1/h96.json,0.635149476365535,multiscale,44,"{'inducing_points': 32, 'latent_dim': 16, 'patch_lens': [16, 32, 48], 'representation_weight': 0.05}",,validation MSE only; test evaluated once,,,96,False,,106.20998548747593,,final_no_exchange,0.0001,4
on,16,0,reference,0.27509241214110736,latentflow_process_preserving_unfreeze2,/work/11617/sujato_ts/vista/motion_code-master/physics_modal_v4/results/final/checkpoints/LatentFlow/seed44/ETTh2/h192.pt,0f8f9420082c03c0,preserved,2,False,ETTh2,16,136.57686867704615,latentflow-central-all28-five-seed-no-exchange-v2-selector-safe,central,10,latentflow_process_preserving_unfreeze2,5.0,0.001,192,32,7.982032719308031,,8,0.0007,0.40038104993692547,2048,1024,LatentFlow,0.38934538500320265,0.02,2689.0,1505278,16-32-48,,,False,2,,,0.001,/work/11617/sujato_ts/vista/motion_code-master/physics_modal_v4/enhancements/results/central/runs/final_no_exchange/seed44/ETTh2/h192.json,d94222d94bc1532c61f7c5db44c9f28ffe23cf2b59b5525aee84eb1d4b3298f8,/work/11617/sujato_ts/vista/motion_code-master/physics_modal_v4/results/final/headline/runs/LatentFlow/seed44/ETTh2/h192.json,0.6239754682703501,multiscale,44,"{'inducing_points': 32, 'latent_dim': 8, 'patch_lens': [16, 32, 48], 'representation_weight': 0.001}",,validation MSE only; test evaluated once,,,96,False,,99.85217101311719,,final_no_exchange,0.0001,4
on,16,0,reference,0.35774983323755716,latentflow_process_preserving_unfreeze2,/work/11617/sujato_ts/vista/motion_code-master/physics_modal_v4/results/final/checkpoints/LatentFlow/seed44/ETTh2/h336.pt,7470883149ad0e1d,preserved,2,False,ETTh2,16,144.9108110088855,latentflow-central-all28-five-seed-no-exchange-v2-selector-safe,central,10,latentflow_process_preserving_unfreeze2,5.0,0.001,336,32,8.509282488375902,,8,0.0007,0.4241401757912671,2048,1024,LatentFlow,0.41043008342135356,0.02,2545.0,1646438,16-32-48,,,False,2,,,0.001,/work/11617/sujato_ts/vista/motion_code-master/physics_modal_v4/enhancements/results/central/runs/final_no_exchange/seed44/ETTh2/h336.json,988b6e22d6ce15ced965a23f3266564d21980ee9acc02c04489e09f41540d123,/work/11617/sujato_ts/vista/motion_code-master/physics_modal_v4/results/final/headline/runs/LatentFlow/seed44/ETTh2/h336.json,0.6406481744462819,multiscale,44,"{'inducing_points': 32, 'latent_dim': 8, 'patch_lens': [16, 32, 48], 'representation_weight': 0.001}",,validation MSE only; test evaluated once,,,96,False,,106.07981052417017,,final_no_exchange,0.0001,4
on,16,0,reference,0.6189794491207788,latentflow_process_preserving_unfreeze2,/work/11617/sujato_ts/vista/motion_code-master/physics_modal_v4/results/final/checkpoints/LatentFlow/seed44/ETTh2/h720.pt,a83a6c0e1a23eeb5,preserved,2,False,ETTh2,16,139.48584024328738,latentflow-central-all28-five-seed-no-exchange-v2-selector-safe,central,10,latentflow_process_preserving_unfreeze2,5.0,0.001,720,32,8.069348295650153,,8,0.0007,0.4511602481575769,2048,1024,LatentFlow,0.43759845636049677,0.02,2161.0,2024974,16-32-48,,,False,2,,,0.001,/work/11617/sujato_ts/vista/motion_code-master/physics_modal_v4/enhancements/results/central/runs/final_no_exchange/seed44/ETTh2/h720.json,373eb1a00dbecf85442c80eefc8d11012456099c25596bd6139707aacd94e0be,/work/11617/sujato_ts/vista/motion_code-master/physics_modal_v4/results/final/headline/runs/LatentFlow/seed44/ETTh2/h720.json,0.6615122495921726,multiscale,44,"{'inducing_points': 32, 'latent_dim': 8, 'patch_lens': [16, 32, 48], 'representation_weight': 0.001}",,validation MSE only; test evaluated once,,,96,False,,102.07801491342252,,final_no_exchange,0.0001,4
on,16,1,extension,0.22695607514608473,latentflow_process_preserving_unfreeze2,/work/11617/sujato_ts/vista/motion_code-master/physics_modal_v4/results/final/checkpoints/LatentFlow/seed44/ETTh2/h96.pt,436932fea8f52d0e,preserved,2,False,ETTh2,16,138.7191129811108,latentflow-central-all28-five-seed-no-exchange-v2-selector-safe,central,10,latentflow_process_preserving_unfreeze2,5.0,0.001,96,32,29.14174659059227,,8,0.0007,0.3514481170346434,2048,1024,LatentFlow,0.30359987158790414,0.02,2785.0,1411434,16-32-48,,,False,2,,,0.001,/work/11617/sujato_ts/vista/motion_code-master/physics_modal_v4/enhancements/results/central/runs/final_no_exchange/seed44/ETTh2/h96.json,34704eca04c92c657a9ebdb89e275af1113eedb31819dbaa5ff950629053e0e2,/work/11617/sujato_ts/vista/motion_code-master/physics_modal_v4/results/final/headline/runs/LatentFlow/seed44/ETTh2/h96.json,0.5509989760316294,multiscale,44,"{'inducing_points': 32, 'latent_dim': 8, 'patch_lens': [16, 32, 48], 'representation_weight': 0.001}",,validation MSE only; test evaluated once,,,96,False,,98.61477939266479,,final_no_exchange,0.0001,4
on,16,2,extension,0.512834358250811,latentflow_process_preserving_unfreeze2,/work/11617/sujato_ts/vista/motion_code-master/physics_modal_v4/results/final/checkpoints/LatentFlow/seed44/ETTm1/h192.pt,76076c8bc8d736eb,preserved,2,False,ETTm1,16,155.62819129996933,latentflow-central-all28-five-seed-no-exchange-v2-selector-safe,central,10,latentflow_process_preserving_unfreeze2,5.0,0.001,192,32,29.576502164069673,,8,0.0007,0.3959587315687016,2048,1024,LatentFlow,0.37849950608616734,0.02,11329.0,1493398,8-24-48,,,False,2,,,0.01,/work/11617/sujato_ts/vista/motion_code-master/physics_modal_v4/enhancements/results/central/runs/final_no_exchange/seed44/ETTm1/h192.json,73f127c2729b1c97db5044e02b47de16a7e5a8534ef0f6d9fce13726792eef92,/work/11617/sujato_ts/vista/motion_code-master/physics_modal_v4/results/final/headline/runs/LatentFlow/seed44/ETTm1/h192.json,0.6152231352006907,multiscale,44,"{'inducing_points': 32, 'latent_dim': 8, 'patch_lens': [8, 24, 48], 'representation_weight': 0.01}",,validation MSE only; test evaluated once,,,96,False,,99.2711757968209,,final_no_exchange,0.0001,4
on,16,2,extension,0.6561011601062048,latentflow_process_preserving_unfreeze2,/work/11617/sujato_ts/vista/motion_code-master/physics_modal_v4/results/final/checkpoints/LatentFlow/seed44/ETTm1/h336.pt,3a5336b000a14496,preserved,2,False,ETTm1,16,150.90651680668816,latentflow-central-all28-five-seed-no-exchange-v2-selector-safe,central,10,latentflow_process_preserving_unfreeze2,5.0,0.001,336,32,27.514291098634885,,8,0.0007,0.41689597810629103,2048,1024,LatentFlow,0.4159849094709199,0.02,11185.0,1636816,8-24-48,,,False,2,,,0.01,/work/11617/sujato_ts/vista/motion_code-master/physics_modal_v4/enhancements/results/central/runs/final_no_exchange/seed44/ETTm1/h336.json,840c340723d5662886336b666582f0f3d0035e264e7837bfa9ad3751976f1e2c,/work/11617/sujato_ts/vista/motion_code-master/physics_modal_v4/results/final/headline/runs/LatentFlow/seed44/ETTm1/h336.json,0.644968921321733,multiscale,44,"{'inducing_points': 32, 'latent_dim': 8, 'patch_lens': [8, 24, 48], 'representation_weight': 0.01}",,validation MSE only; test evaluated once,,,96,False,,96.82148416650307,,final_no_exchange,0.0001,4
on,16,3,extension,0.9923984924952189,latentflow_process_preserving_unfreeze2,/work/11617/sujato_ts/vista/motion_code-master/physics_modal_v4/results/final/checkpoints/LatentFlow/seed44/ETTm1/h720.pt,ca2007c0b559ff3c,preserved,2,False,ETTm1,16,166.33842852525413,latentflow-central-all28-five-seed-no-exchange-v2-selector-safe,central,10,latentflow_process_preserving_unfreeze2,5.0,0.001,720,32,30.850755329898803,,8,0.0007,0.4773132086926633,2048,1024,LatentFlow,0.5126246371171618,0.02,10801.0,2026480,8-24-48,,,False,2,,,0.01,/work/11617/sujato_ts/vista/motion_code-master/physics_modal_v4/enhancements/results/central/runs/final_no_exchange/seed44/ETTm1/h720.json,0c2c15bca2a7d909b9b9fb5f5ca3f6a7f7c2ca37e4910dcf1b653806581bb060,/work/11617/sujato_ts/vista/motion_code-master/physics_modal_v4/results/final/headline/runs/LatentFlow/seed44/ETTm1/h720.json,0.7159780982105262,multiscale,44,"{'inducing_points': 32, 'latent_dim': 8, 'patch_lens': [8, 24, 48], 'representation_weight': 0.01}",,validation MSE only; test evaluated once,,,96,False,,107.46361174678896,,final_no_exchange,0.0001,4
on,16,1,extension,0.3950587904879025,latentflow_process_preserving_unfreeze2,/work/11617/sujato_ts/vista/motion_code-master/physics_modal_v4/results/final/checkpoints/LatentFlow/seed44/ETTm1/h96.pt,6e77ed99dae5aa95,preserved,2,False,ETTm1,16,150.9788011070341,latentflow-central-all28-five-seed-no-exchange-v2-selector-safe,central,10,latentflow_process_preserving_unfreeze2,5.0,0.001,96,32,28.43965856661448,,8,0.0007,0.3721375830605513,2048,1024,LatentFlow,0.334759097153462,0.02,11425.0,1398606,8-24-48,,,False,2,,,0.01,/work/11617/sujato_ts/vista/motion_code-master/physics_modal_v4/enhancements/results/central/runs/final_no_exchange/seed44/ETTm1/h96.json,73c14cd7a75fcbcbe569c78a778a2d317f5a12065dc18d6912bf5363b60fc2de,/work/11617/sujato_ts/vista/motion_code-master/physics_modal_v4/results/final/headline/runs/LatentFlow/seed44/ETTm1/h96.json,0.5785836993499403,multiscale,44,"{'inducing_points': 32, 'latent_dim': 8, 'patch_lens': [8, 24, 48], 'representation_weight': 0.01}",,validation MSE only; test evaluated once,,,96,False,,96.19955152884359,,final_no_exchange,0.0001,4
on,16,2,extension,0.17002589060437112,latentflow_process_preserving_unfreeze2,/work/11617/sujato_ts/vista/motion_code-master/physics_modal_v4/results/final/checkpoints/LatentFlow/seed44/ETTm2/h192.pt,e7d4777c3386d1e6,preserved,2,False,ETTm2,16,163.27586348401383,latentflow-central-all28-five-seed-no-exchange-v2-selector-safe,central,10,latentflow_process_preserving_unfreeze2,5.0,0.001,192,16,29.41326619108778,,8,0.0007,0.30245865022926843,2048,1024,LatentFlow,0.24216420599904076,0.02,11329.0,1468534,8-16-32,,,False,2,,,0.001,/work/11617/sujato_ts/vista/motion_code-master/physics_modal_v4/enhancements/results/central/runs/final_no_exchange/seed44/ETTm2/h192.json,81dd546fffdb47e01c4c39a71cd95d49744dbbbd97949c7bab4891d2081e84da,/work/11617/sujato_ts/vista/motion_code-master/physics_modal_v4/results/final/headline/runs/LatentFlow/seed44/ETTm2/h192.json,0.49210182482799303,multiscale,44,"{'inducing_points': 16, 'latent_dim': 8, 'patch_lens': [8, 16, 32], 'representation_weight': 0.001}",,validation MSE only; test evaluated once,,,96,False,,105.09736063904711,,final_no_exchange,0.0001,4
on,16,3,extension,0.2163150169614221,latentflow_process_preserving_unfreeze2,/work/11617/sujato_ts/vista/motion_code-master/physics_modal_v4/results/final/checkpoints/LatentFlow/seed44/ETTm2/h336.pt,f56cf8b151ed32eb,preserved,2,False,ETTm2,16,168.99508424382657,latentflow-central-all28-five-seed-no-exchange-v2-selector-safe,central,10,latentflow_process_preserving_unfreeze2,5.0,0.001,336,16,32.06555708511639,,8,0.0007,0.3449471412956523,2048,1024,LatentFlow,0.3072513765118252,0.02,11185.0,1612484,8-16-32,,,False,2,,,0.001,/work/11617/sujato_ts/vista/motion_code-master/physics_modal_v4/enhancements/results/central/runs/final_no_exchange/seed44/ETTm2/h336.json,a1c27ae796bd2690d0c1b1062397be7d6e15844a7d0741d0ab4a5cc11c7cfd37,/work/11617/sujato_ts/vista/motion_code-master/physics_modal_v4/results/final/headline/runs/LatentFlow/seed44/ETTm2/h336.json,0.5543026037389913,multiscale,44,"{'inducing_points': 16, 'latent_dim': 8, 'patch_lens': [8, 16, 32], 'representation_weight': 0.001}",,validation MSE only; test evaluated once,,,96,False,,108.33330417663092,,final_no_exchange,0.0001,4
on,16,0,reference,0.30286388974341133,latentflow_process_preserving_unfreeze2,/work/11617/sujato_ts/vista/motion_code-master/physics_modal_v4/results/final/checkpoints/LatentFlow/seed44/ETTm2/h720.pt,6d8475458ee7e505,preserved,2,False,ETTm2,16,143.2041265919106,latentflow-central-all28-five-seed-no-exchange-v2-selector-safe,central,10,latentflow_process_preserving_unfreeze2,5.0,0.001,720,16,7.835242159572052,,8,0.0007,0.406837863068797,2048,1024,LatentFlow,0.41702886235783804,0.02,10801.0,2004620,8-16-32,,,False,2,,,0.001,/work/11617/sujato_ts/vista/motion_code-master/physics_modal_v4/enhancements/results/central/runs/final_no_exchange/seed44/ETTm2/h720.json,84dc1edd9c1001b19141a69b2ca96a4e84d2f7483203714a9b2640c4e53acfdc,/work/11617/sujato_ts/vista/motion_code-master/physics_modal_v4/results/final/headline/runs/LatentFlow/seed44/ETTm2/h720.json,0.6457777190007704,multiscale,44,"{'inducing_points': 16, 'latent_dim': 8, 'patch_lens': [8, 16, 32], 'representation_weight': 0.001}",,validation MSE only; test evaluated once,,,96,False,,101.69958048445551,,final_no_exchange,0.0001,4
on,16,3,extension,0.12816246971488,latentflow_process_preserving_unfreeze2,/work/11617/sujato_ts/vista/motion_code-master/physics_modal_v4/results/final/checkpoints/LatentFlow/seed44/ETTm2/h96.pt,220ae77a618c7fce,preserved,2,False,ETTm2,16,152.65929958400375,latentflow-central-all28-five-seed-no-exchange-v2-selector-safe,central,10,latentflow_process_preserving_unfreeze2,5.0,0.001,96,16,28.22628650207074,,8,0.0007,0.2586701206884198,2048,1024,LatentFlow,0.17567293339723644,0.02,11425.0,1373530,8-16-32,,,False,2,,,0.001,/work/11617/sujato_ts/vista/motion_code-master/physics_modal_v4/enhancements/results/central/runs/final_no_exchange/seed44/ETTm2/h96.json,11a773496654241f7415191dc7405741bc11777c05fdb6c346cab93440ee8c0f,/work/11617/sujato_ts/vista/motion_code-master/physics_modal_v4/results/final/headline/runs/LatentFlow/seed44/ETTm2/h96.json,0.4191335507892877,multiscale,44,"{'inducing_points': 16, 'latent_dim': 8, 'patch_lens': [8, 16, 32], 'representation_weight': 0.001}",,validation MSE only; test evaluated once,,,96,False,,97.57028460234096,,final_no_exchange,0.0001,4
on,16,10,extension,0.14654051536463997,latentflow_process_preserving_unfreeze2,/work/11617/sujato_ts/vista/motion_code-master/physics_modal_v4/results/final/checkpoints/LatentFlow/seed44/Electricity/h192.pt,02d0fa9015872858,preserved,2,False,Electricity,16,669.0896161580458,latentflow-central-all28-five-seed-no-exchange-v2-selector-safe,central,10,latentflow_process_preserving_unfreeze2,5.0,0.001,192,32,37.134685466436764,,16,0.0007,0.26349574626788763,2048,1024,LatentFlow,0.17014598014363091,0.02,5071.0,1482127,8-16-32,,,False,2,,,0.001,/work/11617/sujato_ts/vista/motion_code-master/physics_modal_v4/enhancements/results/central/runs/final_no_exchange/seed44/Electricity/h192.json,423b8eb71e57bd122cca7094cf7a0392ba82c72332d59d0fb516f7647db0a9b2,/work/11617/sujato_ts/vista/motion_code-master/physics_modal_v4/results/final/headline/runs/LatentFlow/seed44/Electricity/h192.json,0.4124875515014131,multiscale,44,"{'inducing_points': 32, 'latent_dim': 16, 'patch_lens': [8, 16, 32], 'representation_weight': 0.001}",,validation MSE only; test evaluated once,,,96,False,,468.7679246162588,,final_no_exchange,0.0001,4
on,16,10,extension,0.16418744297166232,latentflow_process_preserving_unfreeze2,/work/11617/sujato_ts/vista/motion_code-master/physics_modal_v4/results/final/checkpoints/LatentFlow/seed44/Electricity/h336.pt,188f32d4a409a8dd,preserved,2,False,Electricity,16,718.6031061820686,latentflow-central-all28-five-seed-no-exchange-v2-selector-safe,central,10,latentflow_process_preserving_unfreeze2,5.0,0.001,336,32,39.22574857961598,,16,0.0007,0.2786056811037912,2048,1024,LatentFlow,0.18548487960275034,0.02,4927.0,1626077,8-16-32,,,False,2,,,0.001,/work/11617/sujato_ts/vista/motion_code-master/physics_modal_v4/enhancements/results/central/runs/final_no_exchange/seed44/Electricity/h336.json,0d10ac3030ed20984e3b6704a7ced06896119ba5aa2d55e94d2d3c9d4b3be5ef,/work/11617/sujato_ts/vista/motion_code-master/physics_modal_v4/results/final/headline/runs/LatentFlow/seed44/Electricity/h336.json,0.43067955558947807,multiscale,44,"{'inducing_points': 32, 'latent_dim': 16, 'patch_lens': [8, 16, 32], 'representation_weight': 0.001}",,validation MSE only; test evaluated once,,,96,False,,505.27938033046667,,final_no_exchange,0.0001,4
on,16,4,extension,0.20068875587122711,latentflow_process_preserving_unfreeze2,/work/11617/sujato_ts/vista/motion_code-master/physics_modal_v4/results/final/checkpoints/LatentFlow/seed44/Electricity/h720.pt,3b7c07efce28b865,preserved,2,False,Electricity,16,745.7752423342317,latentflow-central-all28-five-seed-no-exchange-v2-selector-safe,central,10,latentflow_process_preserving_unfreeze2,5.0,0.001,720,32,41.62334809794273,,16,0.0007,0.3115718862309479,2048,1024,LatentFlow,0.22663698095396576,0.02,4543.0,2018213,8-16-32,,,False,2,,,0.001,/work/11617/sujato_ts/vista/motion_code-master/physics_modal_v4/enhancements/results/central/runs/final_no_exchange/seed44/Electricity/h720.json,629b0a5683153496f27a79ef1d59b8cc64501cbac0d308028897bb31ddfd3992,/work/11617/sujato_ts/vista/motion_code-master/physics_modal_v4/results/final/headline/runs/LatentFlow/seed44/Electricity/h720.json,0.4760640513144904,multiscale,44,"{'inducing_points': 32, 'latent_dim': 16, 'patch_lens': [8, 16, 32], 'representation_weight': 0.001}",,validation MSE only; test evaluated once,,,96,False,,528.042677339181,,final_no_exchange,0.0001,4
on,16,10,extension,0.13377270455300994,latentflow_process_preserving_unfreeze2,/work/11617/sujato_ts/vista/motion_code-master/physics_modal_v4/results/final/checkpoints/LatentFlow/seed44/Electricity/h96.pt,6939d08cfbba17a4,preserved,2,False,Electricity,16,710.2016705516726,latentflow-central-all28-five-seed-no-exchange-v2-selector-safe,central,10,latentflow_process_preserving_unfreeze2,5.0,0.001,96,32,38.71699047758598,,16,0.0007,0.25100528847361003,2048,1024,LatentFlow,0.1558784446817667,0.02,5167.0,1387123,8-16-32,,,False,2,,,0.001,/work/11617/sujato_ts/vista/motion_code-master/physics_modal_v4/enhancements/results/central/runs/final_no_exchange/seed44/Electricity/h96.json,2830e62c72252848253e4de1dacd0f82789d6246cfa95aece16a2913d0fe51b2,/work/11617/sujato_ts/vista/motion_code-master/physics_modal_v4/results/final/headline/runs/LatentFlow/seed44/Electricity/h96.json,0.39481444335506105,multiscale,44,"{'inducing_points': 32, 'latent_dim': 16, 'patch_lens': [8, 16, 32], 'representation_weight': 0.001}",,validation MSE only; test evaluated once,,,96,False,,497.8139655053383,,final_no_exchange,0.0001,4
on,16,10,extension,0.38623967368014545,latentflow_process_preserving_unfreeze2,/work/11617/sujato_ts/vista/motion_code-master/physics_modal_v4/results/final/checkpoints/LatentFlow/seed44/Traffic/h192.pt,934d5a652790604c,preserved,2,False,Traffic,16,1376.510293980129,latentflow-central-all28-five-seed-no-exchange-v2-selector-safe,central,10,latentflow_process_preserving_unfreeze2,5.0,0.001,192,32,88.33700641264221,,16,0.0007,0.2956732559070855,2048,1024,LatentFlow,0.44975790957467715,0.02,3319.0,1483750,8-16-32,,,False,2,,,0.001,/work/11617/sujato_ts/vista/motion_code-master/physics_modal_v4/enhancements/results/central/runs/final_no_exchange/seed44/Traffic/h192.json,e2ab9418f55755a28ad00935d9b3b9b95edd662d096b87169b82ece6333a0db8,/work/11617/sujato_ts/vista/motion_code-master/physics_modal_v4/results/final/headline/runs/LatentFlow/seed44/Traffic/h192.json,0.6706399254254679,multiscale,44,"{'inducing_points': 32, 'latent_dim': 16, 'patch_lens': [8, 16, 32], 'representation_weight': 0.001}",,validation MSE only; test evaluated once,,,96,False,,997.9123662569691,,final_no_exchange,0.0001,4
on,16,10,extension,0.3974966358551069,latentflow_process_preserving_unfreeze2,/work/11617/sujato_ts/vista/motion_code-master/physics_modal_v4/results/final/checkpoints/LatentFlow/seed44/Traffic/h336.pt,3468cc38e150132f,preserved,2,False,Traffic,16,1428.9913241388276,latentflow-central-all28-five-seed-no-exchange-v2-selector-safe,central,10,latentflow_process_preserving_unfreeze2,5.0,0.001,336,32,90.84424529532723,,16,0.0007,0.3006377717050885,2048,1024,LatentFlow,0.4622203080251388,0.02,3175.0,1627700,8-16-32,,,False,2,,,0.001,/work/11617/sujato_ts/vista/motion_code-master/physics_modal_v4/enhancements/results/central/runs/final_no_exchange/seed44/Traffic/h336.json,16670939ba65cc3a886d35c4ca13c87d1def9a604001ac8a6c10e7ac576184c1,/work/11617/sujato_ts/vista/motion_code-master/physics_modal_v4/results/final/headline/runs/LatentFlow/seed44/Traffic/h336.json,0.6798678607090783,multiscale,44,"{'inducing_points': 32, 'latent_dim': 16, 'patch_lens': [8, 16, 32], 'representation_weight': 0.001}",,validation MSE only; test evaluated once,,,96,False,,1039.2562090812135,,final_no_exchange,0.0001,4
on,16,10,extension,0.4428822526491681,latentflow_process_preserving_unfreeze2,/work/11617/sujato_ts/vista/motion_code-master/physics_modal_v4/results/final/checkpoints/LatentFlow/seed44/Traffic/h720.pt,4c939b8c0e055168,preserved,2,False,Traffic,16,1559.464525938034,latentflow-central-all28-five-seed-no-exchange-v2-selector-safe,central,10,latentflow_process_preserving_unfreeze2,5.0,0.001,720,32,99.63405734977161,,16,0.0007,0.31559488215877807,2048,1024,LatentFlow,0.48812185908503597,0.02,2791.0,2019836,8-16-32,,,False,2,,,0.001,/work/11617/sujato_ts/vista/motion_code-master/physics_modal_v4/enhancements/results/central/runs/final_no_exchange/seed44/Traffic/h720.json,5055a34b0851d5882fa21eead56c45d5004936e10ac345daaabc0d651416627d,/work/11617/sujato_ts/vista/motion_code-master/physics_modal_v4/results/final/headline/runs/LatentFlow/seed44/Traffic/h720.json,0.698657182805012,multiscale,44,"{'inducing_points': 32, 'latent_dim': 16, 'patch_lens': [8, 16, 32], 'representation_weight': 0.001}",,validation MSE only; test evaluated once,,,96,False,,1141.4064705561032,,final_no_exchange,0.0001,4
on,16,10,extension,0.39015701125042435,latentflow_process_preserving_unfreeze2,/work/11617/sujato_ts/vista/motion_code-master/physics_modal_v4/results/final/checkpoints/LatentFlow/seed44/Traffic/h96.pt,e4395c6d32cee33e,preserved,2,False,Traffic,16,1349.8423369629309,latentflow-central-all28-five-seed-no-exchange-v2-selector-safe,central,10,latentflow_process_preserving_unfreeze2,5.0,0.001,96,32,87.0562731293839,,16,0.0007,0.29473947803803197,2048,1024,LatentFlow,0.4327181881502654,0.02,3415.0,1388746,8-16-32,,,False,2,,,0.001,/work/11617/sujato_ts/vista/motion_code-master/physics_modal_v4/enhancements/results/central/runs/final_no_exchange/seed44/Traffic/h96.json,af84e8ac4faf8ddcb1643bb66e16c9d70dd22e360b253cf300ac2a8364bad67a,/work/11617/sujato_ts/vista/motion_code-master/physics_modal_v4/results/final/headline/runs/LatentFlow/seed44/Traffic/h96.json,0.6578131863608888,multiscale,44,"{'inducing_points': 32, 'latent_dim': 16, 'patch_lens': [8, 16, 32], 'representation_weight': 0.001}",,validation MSE only; test evaluated once,,,96,False,,976.3882008766814,,final_no_exchange,0.0001,4
on,16,6,extension,0.4761248500574203,latentflow_process_preserving_unfreeze2,/work/11617/sujato_ts/vista/motion_code-master/physics_modal_v4/results/final/checkpoints/LatentFlow/seed44/Weather/h192.pt,703ea5843bee754f,preserved,2,False,Weather,16,237.75818894198164,latentflow-central-all28-five-seed-no-exchange-v2-selector-safe,central,10,latentflow_process_preserving_unfreeze2,5.0,0.001,192,32,44.17093442464175,,16,0.0007,0.25755964990814334,2048,1024,LatentFlow,0.21429596923894403,0.02,10349.0,1484344,8-16-32,,,False,2,,,0.001,/work/11617/sujato_ts/vista/motion_code-master/physics_modal_v4/enhancements/results/central/runs/final_no_exchange/seed44/Weather/h192.json,2b15505abe904dd5ae607882925cf7640312a1d11091b7781464cc51e504e567,/work/11617/sujato_ts/vista/motion_code-master/physics_modal_v4/results/final/headline/runs/LatentFlow/seed44/Weather/h192.json,0.4629211263692164,multiscale,44,"{'inducing_points': 32, 'latent_dim': 16, 'patch_lens': [8, 16, 32], 'representation_weight': 0.001}",,validation MSE only; test evaluated once,,,96,False,,157.27290902941604,,final_no_exchange,0.0001,4
on,16,5,extension,0.5631533926036082,latentflow_process_preserving_unfreeze2,/work/11617/sujato_ts/vista/motion_code-master/physics_modal_v4/results/final/checkpoints/LatentFlow/seed44/Weather/h336.pt,fe93f973e1965d7c,preserved,2,False,Weather,16,241.97354963514954,latentflow-central-all28-five-seed-no-exchange-v2-selector-safe,central,10,latentflow_process_preserving_unfreeze2,5.0,0.001,336,32,45.66183173662907,,16,0.0007,0.297392509495109,2048,1024,LatentFlow,0.27213605934971064,0.02,10205.0,1628294,8-16-32,,,False,2,,,0.001,/work/11617/sujato_ts/vista/motion_code-master/physics_modal_v4/enhancements/results/central/runs/final_no_exchange/seed44/Weather/h336.json,69d67a052adfab181cdcfe1d30703e926dade670923fbfd783b254142ee666a0,/work/11617/sujato_ts/vista/motion_code-master/physics_modal_v4/results/final/headline/runs/LatentFlow/seed44/Weather/h336.json,0.5216666170550983,multiscale,44,"{'inducing_points': 32, 'latent_dim': 16, 'patch_lens': [8, 16, 32], 'representation_weight': 0.001}",,validation MSE only; test evaluated once,,,96,False,,160.07494044461055,,final_no_exchange,0.0001,4
on,16,3,extension,0.6866370196064944,latentflow_process_preserving_unfreeze2,/work/11617/sujato_ts/vista/motion_code-master/physics_modal_v4/results/final/checkpoints/LatentFlow/seed44/Weather/h720.pt,dee389a000ca5f21,preserved,2,False,Weather,16,232.97047398600262,latentflow-central-all28-five-seed-no-exchange-v2-selector-safe,central,10,latentflow_process_preserving_unfreeze2,5.0,0.001,720,32,43.60062604502994,,16,0.0007,0.3491529641169275,2048,1024,LatentFlow,0.3510915758968178,0.02,9821.0,2020430,8-16-32,,,False,2,,,0.001,/work/11617/sujato_ts/vista/motion_code-master/physics_modal_v4/enhancements/results/central/runs/final_no_exchange/seed44/Weather/h720.json,b47a8a224403e288743baaa51462958c247654d04eb6dfaa382430e55b568ed6,/work/11617/sujato_ts/vista/motion_code-master/physics_modal_v4/results/final/headline/runs/LatentFlow/seed44/Weather/h720.json,0.5925298101334799,multiscale,44,"{'inducing_points': 32, 'latent_dim': 16, 'patch_lens': [8, 16, 32], 'representation_weight': 0.001}",,validation MSE only; test evaluated once,,,96,False,,155.04502555468207,,final_no_exchange,0.0001,4
on,16,2,extension,0.4331578430202272,latentflow_process_preserving_unfreeze2,/work/11617/sujato_ts/vista/motion_code-master/physics_modal_v4/results/final/checkpoints/LatentFlow/seed44/Weather/h96.pt,119b6b3058339244,preserved,2,False,Weather,16,238.2632095119916,latentflow-central-all28-five-seed-no-exchange-v2-selector-safe,central,10,latentflow_process_preserving_unfreeze2,5.0,0.001,96,32,44.771167887060024,,16,0.0007,0.21356388524997721,2048,1024,LatentFlow,0.16680027786230883,0.02,10445.0,1389340,8-16-32,,,False,2,,,0.001,/work/11617/sujato_ts/vista/motion_code-master/physics_modal_v4/enhancements/results/central/runs/final_no_exchange/seed44/Weather/h96.json,01dfc1fd5b518fdb3987530207cdb0c878a23c9f4f9942ebf622b9f1ebe127fd,/work/11617/sujato_ts/vista/motion_code-master/physics_modal_v4/results/final/headline/runs/LatentFlow/seed44/Weather/h96.json,0.4084118973074962,multiscale,44,"{'inducing_points': 32, 'latent_dim': 16, 'patch_lens': [8, 16, 32], 'representation_weight': 0.001}",,validation MSE only; test evaluated once,,,96,False,,157.00042023518108,,final_no_exchange,0.0001,4
on,16,2,extension,1.0219778294364612,latentflow_process_preserving_unfreeze2,/work/11617/sujato_ts/vista/motion_code-master/physics_modal_v4/results/final/checkpoints/LatentFlow/seed45/ETTh1/h192.pt,740229dbec35d153,preserved,2,False,ETTh1,16,147.02104245312512,latentflow-central-all28-five-seed-no-exchange-v2-selector-safe,central,10,latentflow_process_preserving_unfreeze2,5.0,0.001,192,32,30.897102123516763,,16,0.0007,0.44599827970414135,2048,1024,LatentFlow,0.4645301582105257,0.02,2689.0,1535526,16-32-48,,,False,2,,,0.05,/work/11617/sujato_ts/vista/motion_code-master/physics_modal_v4/enhancements/results/central/runs/final_no_exchange/seed45/ETTh1/h192.json,f72e293bb2152c87890e39b166057ecae894780e4c084caebe61196f7a6ddec3,/work/11617/sujato_ts/vista/motion_code-master/physics_modal_v4/results/final/headline/runs/LatentFlow/seed45/ETTh1/h192.json,0.6815644930676228,multiscale,45,"{'inducing_points': 32, 'latent_dim': 16, 'patch_lens': [16, 32, 48], 'representation_weight': 0.05}",,validation MSE only; test evaluated once,,,96,False,,104.02921751810936,,final_no_exchange,0.0001,4
on,16,0,reference,1.2853201546636568,latentflow_process_preserving_unfreeze2,/work/11617/sujato_ts/vista/motion_code-master/physics_modal_v4/results/final/checkpoints/LatentFlow/seed45/ETTh1/h336.pt,f3962b483ab4efbb,preserved,2,False,ETTh1,16,145.00487793702632,latentflow-central-all28-five-seed-no-exchange-v2-selector-safe,central,10,latentflow_process_preserving_unfreeze2,5.0,0.001,336,32,8.257180736753854,,16,0.0007,0.4569962442296437,2048,1024,LatentFlow,0.48986910685960405,0.02,2545.0,1676686,16-32-48,,,False,2,,,0.05,/work/11617/sujato_ts/vista/motion_code-master/physics_modal_v4/enhancements/results/central/runs/final_no_exchange/seed45/ETTh1/h336.json,029f350c8fe06b145ce523256c208c0bc138d73e4ea351b738b57866573283ae,/work/11617/sujato_ts/vista/motion_code-master/physics_modal_v4/results/final/headline/runs/LatentFlow/seed45/ETTh1/h336.json,0.6999064986550733,multiscale,45,"{'inducing_points': 32, 'latent_dim': 16, 'patch_lens': [16, 32, 48], 'representation_weight': 0.05}",,validation MSE only; test evaluated once,,,96,False,,105.45338806168729,,final_no_exchange,0.0001,4
on,16,0,reference,1.5614857582818895,latentflow_process_preserving_unfreeze2,/work/11617/sujato_ts/vista/motion_code-master/physics_modal_v4/results/final/checkpoints/LatentFlow/seed45/ETTh1/h720.pt,4ea01f49ddd12758,preserved,2,False,ETTh1,16,143.1812614199007,latentflow-central-all28-five-seed-no-exchange-v2-selector-safe,central,10,latentflow_process_preserving_unfreeze2,5.0,0.001,720,32,8.564882214118574,,16,0.0007,0.48077424157540805,2048,1024,LatentFlow,0.4952980946486845,0.02,2161.0,2055222,16-32-48,,,False,2,,,0.05,/work/11617/sujato_ts/vista/motion_code-master/physics_modal_v4/enhancements/results/central/runs/final_no_exchange/seed45/ETTh1/h720.json,66d796f3724f4c223207753510d056e999413b2b7f003797cd1395b5770fd8fb,/work/11617/sujato_ts/vista/motion_code-master/physics_modal_v4/results/final/headline/runs/LatentFlow/seed45/ETTh1/h720.json,0.7037741787311357,multiscale,45,"{'inducing_points': 32, 'latent_dim': 16, 'patch_lens': [16, 32, 48], 'representation_weight': 0.05}",,validation MSE only; test evaluated once,,,96,False,,104.79740585860782,,final_no_exchange,0.0001,4
on,16,2,extension,0.7649687035452752,latentflow_process_preserving_unfreeze2,/work/11617/sujato_ts/vista/motion_code-master/physics_modal_v4/results/final/checkpoints/LatentFlow/seed45/ETTh1/h96.pt,890c1f0a3c1faae5,preserved,2,False,ETTh1,16,151.20435913698748,latentflow-central-all28-five-seed-no-exchange-v2-selector-safe,central,10,latentflow_process_preserving_unfreeze2,5.0,0.001,96,32,30.82201950994961,,16,0.0007,0.4132674598710154,2048,1024,LatentFlow,0.40016380671080215,0.02,2785.0,1441682,16-32-48,,,False,2,,,0.05,/work/11617/sujato_ts/vista/motion_code-master/physics_modal_v4/enhancements/results/central/runs/final_no_exchange/seed45/ETTh1/h96.json,82ae3eba24ce8d87ff41ab59ef88c56975e39c1100af095efe92faeecaa3a9b8,/work/11617/sujato_ts/vista/motion_code-master/physics_modal_v4/results/final/headline/runs/LatentFlow/seed45/ETTh1/h96.json,0.6325850193537641,multiscale,45,"{'inducing_points': 32, 'latent_dim': 16, 'patch_lens': [16, 32, 48], 'representation_weight': 0.05}",,validation MSE only; test evaluated once,,,96,False,,104.42833065462764,,final_no_exchange,0.0001,4
on,16,1,extension,0.2712459624523208,latentflow_process_preserving_unfreeze2,/work/11617/sujato_ts/vista/motion_code-master/physics_modal_v4/results/final/checkpoints/LatentFlow/seed45/ETTh2/h192.pt,ebba12c19bbbd8bc,preserved,2,False,ETTh2,16,145.36444436199963,latentflow-central-all28-five-seed-no-exchange-v2-selector-safe,central,10,latentflow_process_preserving_unfreeze2,5.0,0.001,192,32,30.182034836825498,,8,0.0007,0.3961801013326051,2048,1024,LatentFlow,0.3813150841234451,0.02,2689.0,1505278,16-32-48,,,False,2,,,0.001,/work/11617/sujato_ts/vista/motion_code-master/physics_modal_v4/enhancements/results/central/runs/final_no_exchange/seed45/ETTh2/h192.json,c48e35f290a3c486b79af12688b86ae122ac8c2b84c9567e26c0c4dcb27fa12f,/work/11617/sujato_ts/vista/motion_code-master/physics_modal_v4/results/final/headline/runs/LatentFlow/seed45/ETTh2/h192.json,0.6175071530949622,multiscale,45,"{'inducing_points': 32, 'latent_dim': 8, 'patch_lens': [16, 32, 48], 'representation_weight': 0.001}",,validation MSE only; test evaluated once,,,96,False,,103.69989873979648,,final_no_exchange,0.0001,4
on,16,1,extension,0.3559309984145521,latentflow_process_preserving_unfreeze2,/work/11617/sujato_ts/vista/motion_code-master/physics_modal_v4/results/final/checkpoints/LatentFlow/seed45/ETTh2/h336.pt,df2c867be6ca797f,preserved,2,False,ETTh2,16,141.21532497298904,latentflow-central-all28-five-seed-no-exchange-v2-selector-safe,central,10,latentflow_process_preserving_unfreeze2,5.0,0.001,336,32,29.934540804316395,,8,0.0007,0.435010487706717,2048,1024,LatentFlow,0.42714812858410955,0.02,2545.0,1646438,16-32-48,,,False,2,,,0.001,/work/11617/sujato_ts/vista/motion_code-master/physics_modal_v4/enhancements/results/central/runs/final_no_exchange/seed45/ETTh2/h336.json,c0806d849d43c77240e7e1db79acde012dc962ac7f78c6de991073993d86afc0,/work/11617/sujato_ts/vista/motion_code-master/physics_modal_v4/results/final/headline/runs/LatentFlow/seed45/ETTh2/h336.json,0.6535657033413775,multiscale,45,"{'inducing_points': 32, 'latent_dim': 8, 'patch_lens': [16, 32, 48], 'representation_weight': 0.001}",,validation MSE only; test evaluated once,,,96,False,,100.70873627882975,,final_no_exchange,0.0001,4
on,16,0,reference,0.620609062058585,latentflow_process_preserving_unfreeze2,/work/11617/sujato_ts/vista/motion_code-master/physics_modal_v4/results/final/checkpoints/LatentFlow/seed45/ETTh2/h720.pt,8a403c5fbfe65565,preserved,2,False,ETTh2,16,138.34611486829817,latentflow-central-all28-five-seed-no-exchange-v2-selector-safe,central,10,latentflow_process_preserving_unfreeze2,5.0,0.001,720,32,7.970769055632513,,8,0.0007,0.44404134140585694,2048,1024,LatentFlow,0.4243852729579089,0.02,2161.0,2024974,16-32-48,,,False,2,,,0.001,/work/11617/sujato_ts/vista/motion_code-master/physics_modal_v4/enhancements/results/central/runs/final_no_exchange/seed45/ETTh2/h720.json,91b38b2cdef0b154d40928372b9a4cfe9df60c33eb2e06e242c0fe3333488487,/work/11617/sujato_ts/vista/motion_code-master/physics_modal_v4/results/final/headline/runs/LatentFlow/seed45/ETTh2/h720.json,0.6514485957908797,multiscale,45,"{'inducing_points': 32, 'latent_dim': 8, 'patch_lens': [16, 32, 48], 'representation_weight': 0.001}",,validation MSE only; test evaluated once,,,96,False,,101.13752664910862,,final_no_exchange,0.0001,4
on,16,1,extension,0.22447840975863592,latentflow_process_preserving_unfreeze2,/work/11617/sujato_ts/vista/motion_code-master/physics_modal_v4/results/final/checkpoints/LatentFlow/seed45/ETTh2/h96.pt,576cea65744dada4,preserved,2,False,ETTh2,16,138.0682277516462,latentflow-central-all28-five-seed-no-exchange-v2-selector-safe,central,10,latentflow_process_preserving_unfreeze2,5.0,0.001,96,32,28.961273739275903,,8,0.0007,0.3494777502438406,2048,1024,LatentFlow,0.30125427657420323,0.02,2785.0,1411434,16-32-48,,,False,2,,,0.001,/work/11617/sujato_ts/vista/motion_code-master/physics_modal_v4/enhancements/results/central/runs/final_no_exchange/seed45/ETTh2/h96.json,4dc5799c83aeb31dbf1a54fd755382570bfa4cba29973de782014c58babe311c,/work/11617/sujato_ts/vista/motion_code-master/physics_modal_v4/results/final/headline/runs/LatentFlow/seed45/ETTh2/h96.json,0.5488663558410218,multiscale,45,"{'inducing_points': 32, 'latent_dim': 8, 'patch_lens': [16, 32, 48], 'representation_weight': 0.001}",,validation MSE only; test evaluated once,,,96,False,,98.15103085311421,,final_no_exchange,0.0001,4
on,16,0,reference,0.5113625996524379,latentflow_process_preserving_unfreeze2,/work/11617/sujato_ts/vista/motion_code-master/physics_modal_v4/results/final/checkpoints/LatentFlow/seed45/ETTm1/h192.pt,f77a1ea3b2496584,preserved,2,False,ETTm1,16,138.29063420929015,latentflow-central-all28-five-seed-no-exchange-v2-selector-safe,central,10,latentflow_process_preserving_unfreeze2,5.0,0.001,192,32,7.621022884482373,,8,0.0007,0.40250063238337175,2048,1024,LatentFlow,0.39295605597909256,0.02,11329.0,1493398,8-24-48,,,False,2,,,0.01,/work/11617/sujato_ts/vista/motion_code-master/physics_modal_v4/enhancements/results/central/runs/final_no_exchange/seed45/ETTm1/h192.json,0f518fec1f73327dc2a2e1d9ca5074c092c8a1e69cbbe79663ed31439c7f2b18,/work/11617/sujato_ts/vista/motion_code-master/physics_modal_v4/results/final/headline/runs/LatentFlow/seed45/ETTm1/h192.json,0.6268620709367353,multiscale,45,"{'inducing_points': 32, 'latent_dim': 8, 'patch_lens': [8, 24, 48], 'representation_weight': 0.01}",,validation MSE only; test evaluated once,,,96,False,,97.96145444306603,,final_no_exchange,0.0001,4
on,16,0,reference,0.6596212520891306,latentflow_process_preserving_unfreeze2,/work/11617/sujato_ts/vista/motion_code-master/physics_modal_v4/results/final/checkpoints/LatentFlow/seed45/ETTm1/h336.pt,a56ff70d1b5ec098,preserved,2,False,ETTm1,16,150.58172788005322,latentflow-central-all28-five-seed-no-exchange-v2-selector-safe,central,10,latentflow_process_preserving_unfreeze2,5.0,0.001,336,32,8.39150223459376,,8,0.0007,0.43958715140634486,2048,1024,LatentFlow,0.4606223764176206,0.02,11185.0,1636816,8-24-48,,,False,2,,,0.01,/work/11617/sujato_ts/vista/motion_code-master/physics_modal_v4/enhancements/results/central/runs/final_no_exchange/seed45/ETTm1/h336.json,749b5bf6defa004e24fe3d89f8fb3dcf56f2cacf79495b0dd81519b073ebaf86,/work/11617/sujato_ts/vista/motion_code-master/physics_modal_v4/results/final/headline/runs/LatentFlow/seed45/ETTm1/h336.json,0.6786916652041785,multiscale,45,"{'inducing_points': 32, 'latent_dim': 8, 'patch_lens': [8, 24, 48], 'representation_weight': 0.01}",,validation MSE only; test evaluated once,,,96,False,,106.71643523201055,,final_no_exchange,0.0001,4
on,16,0,reference,0.9999531471540057,latentflow_process_preserving_unfreeze2,/work/11617/sujato_ts/vista/motion_code-master/physics_modal_v4/results/final/checkpoints/LatentFlow/seed45/ETTm1/h720.pt,eccfeed62effbacf,preserved,2,False,ETTm1,16,143.12663235887885,latentflow-central-all28-five-seed-no-exchange-v2-selector-safe,central,10,latentflow_process_preserving_unfreeze2,5.0,0.001,720,32,7.730027397497604,,8,0.0007,0.45882212620774127,2048,1024,LatentFlow,0.4826467743064109,0.02,10801.0,2026480,8-24-48,,,False,2,,,0.01,/work/11617/sujato_ts/vista/motion_code-master/physics_modal_v4/enhancements/results/central/runs/final_no_exchange/seed45/ETTm1/h720.json,9fe9a20d9093d1d6c5e36e672db84395c562093c8121f3be14ddecb1f5c5f886,/work/11617/sujato_ts/vista/motion_code-master/physics_modal_v4/results/final/headline/runs/LatentFlow/seed45/ETTm1/h720.json,0.6947278418966746,multiscale,45,"{'inducing_points': 32, 'latent_dim': 8, 'patch_lens': [8, 24, 48], 'representation_weight': 0.01}",,validation MSE only; test evaluated once,,,96,False,,101.61835549370153,,final_no_exchange,0.0001,4
on,16,3,extension,0.3935014797108514,latentflow_process_preserving_unfreeze2,/work/11617/sujato_ts/vista/motion_code-master/physics_modal_v4/results/final/checkpoints/LatentFlow/seed45/ETTm1/h96.pt,3e679f6fc2e7df99,preserved,2,False,ETTm1,16,152.09570615086704,latentflow-central-all28-five-seed-no-exchange-v2-selector-safe,central,10,latentflow_process_preserving_unfreeze2,5.0,0.001,96,32,28.206392529656977,,8,0.0007,0.3752352681010418,2048,1024,LatentFlow,0.33813158929130616,0.02,11425.0,1398606,8-24-48,,,False,2,,,0.01,/work/11617/sujato_ts/vista/motion_code-master/physics_modal_v4/enhancements/results/central/runs/final_no_exchange/seed45/ETTm1/h96.json,71d40291f109435e16d90ed2ca90c54641cbde0dc35d911361033b5a45084197,/work/11617/sujato_ts/vista/motion_code-master/physics_modal_v4/results/final/headline/runs/LatentFlow/seed45/ETTm1/h96.json,0.5814908333682537,multiscale,45,"{'inducing_points': 32, 'latent_dim': 8, 'patch_lens': [8, 24, 48], 'representation_weight': 0.01}",,validation MSE only; test evaluated once,,,96,False,,97.08001438193605,,final_no_exchange,0.0001,4
on,16,2,extension,0.1696856844105891,latentflow_process_preserving_unfreeze2,/work/11617/sujato_ts/vista/motion_code-master/physics_modal_v4/results/final/checkpoints/LatentFlow/seed45/ETTm2/h192.pt,a8858fd1dde65df0,preserved,2,False,ETTm2,16,151.7024405389093,latentflow-central-all28-five-seed-no-exchange-v2-selector-safe,central,10,latentflow_process_preserving_unfreeze2,5.0,0.001,192,16,28.02140667739481,,8,0.0007,0.30143849002460094,2048,1024,LatentFlow,0.241528916153208,0.02,11329.0,1468534,8-16-32,,,False,2,,,0.001,/work/11617/sujato_ts/vista/motion_code-master/physics_modal_v4/enhancements/results/central/runs/final_no_exchange/seed45/ETTm2/h192.json,e5f8454a287c808eb9706086ed524f70f09cea55b39205044dd1cc95e68e907f,/work/11617/sujato_ts/vista/motion_code-master/physics_modal_v4/results/final/headline/runs/LatentFlow/seed45/ETTm2/h192.json,0.4914559147606304,multiscale,45,"{'inducing_points': 16, 'latent_dim': 8, 'patch_lens': [8, 16, 32], 'representation_weight': 0.001}",,validation MSE only; test evaluated once,,,96,False,,97.09929550845118,,final_no_exchange,0.0001,4
on,16,1,extension,0.21799211498020457,latentflow_process_preserving_unfreeze2,/work/11617/sujato_ts/vista/motion_code-master/physics_modal_v4/results/final/checkpoints/LatentFlow/seed45/ETTm2/h336.pt,e8e884d8702e0698,preserved,2,False,ETTm2,16,164.90157270431519,latentflow-central-all28-five-seed-no-exchange-v2-selector-safe,central,10,latentflow_process_preserving_unfreeze2,5.0,0.001,336,16,31.43318031079277,,8,0.0007,0.3465407379197628,2048,1024,LatentFlow,0.309853084328104,0.02,11185.0,1612484,8-16-32,,,False,2,,,0.001,/work/11617/sujato_ts/vista/motion_code-master/physics_modal_v4/enhancements/results/central/runs/final_no_exchange/seed45/ETTm2/h336.json,a70b8db6746071a9fbd1e9dbcf2407d91623347eaf60872825fac5c565487d41,/work/11617/sujato_ts/vista/motion_code-master/physics_modal_v4/results/final/headline/runs/LatentFlow/seed45/ETTm2/h336.json,0.5566444864795698,multiscale,45,"{'inducing_points': 16, 'latent_dim': 8, 'patch_lens': [8, 16, 32], 'representation_weight': 0.001}",,validation MSE only; test evaluated once,,,96,False,,105.26329278800404,,final_no_exchange,0.0001,4
on,16,1,extension,0.30501856983654085,latentflow_process_preserving_unfreeze2,/work/11617/sujato_ts/vista/motion_code-master/physics_modal_v4/results/final/checkpoints/LatentFlow/seed45/ETTm2/h720.pt,b9c6adce804f6fbf,preserved,2,False,ETTm2,16,155.45349745500425,latentflow-central-all28-five-seed-no-exchange-v2-selector-safe,central,10,latentflow_process_preserving_unfreeze2,5.0,0.001,720,16,29.366441107996206,,8,0.0007,0.40601703540765566,2048,1024,LatentFlow,0.41532125782012924,0.02,10801.0,2004620,8-16-32,,,False,2,,,0.001,/work/11617/sujato_ts/vista/motion_code-master/physics_modal_v4/enhancements/results/central/runs/final_no_exchange/seed45/ETTm2/h720.json,9200356a06354779c387064930f415e7d2054cf795ad836226b40d45cd02782b,/work/11617/sujato_ts/vista/motion_code-master/physics_modal_v4/results/final/headline/runs/LatentFlow/seed45/ETTm2/h720.json,0.6444542325255761,multiscale,45,"{'inducing_points': 16, 'latent_dim': 8, 'patch_lens': [8, 16, 32], 'representation_weight': 0.001}",,validation MSE only; test evaluated once,,,96,False,,99.83621831639766,,final_no_exchange,0.0001,4
on,16,1,extension,0.12765920933868205,latentflow_process_preserving_unfreeze2,/work/11617/sujato_ts/vista/motion_code-master/physics_modal_v4/results/final/checkpoints/LatentFlow/seed45/ETTm2/h96.pt,5c5be3a82761910a,preserved,2,False,ETTm2,16,154.76055405987427,latentflow-central-all28-five-seed-no-exchange-v2-selector-safe,central,10,latentflow_process_preserving_unfreeze2,5.0,0.001,96,16,29.25780429707273,,8,0.0007,0.2605474121242411,2048,1024,LatentFlow,0.17720540472600838,0.02,11425.0,1373530,8-16-32,,,False,2,,,0.001,/work/11617/sujato_ts/vista/motion_code-master/physics_modal_v4/enhancements/results/central/runs/final_no_exchange/seed45/ETTm2/h96.json,bdce7e9f77f3878709f915fc0f7b9fa5aed1a7aa3beb1785428d3e930bfa6b2f,/work/11617/sujato_ts/vista/motion_code-master/physics_modal_v4/results/final/headline/runs/LatentFlow/seed45/ETTm2/h96.json,0.4209577232050843,multiscale,45,"{'inducing_points': 16, 'latent_dim': 8, 'patch_lens': [8, 16, 32], 'representation_weight': 0.001}",,validation MSE only; test evaluated once,,,96,False,,98.60605960475368,,final_no_exchange,0.0001,4
on,16,9,extension,0.1471314048965153,latentflow_process_preserving_unfreeze2,/work/11617/sujato_ts/vista/motion_code-master/physics_modal_v4/results/final/checkpoints/LatentFlow/seed45/Electricity/h192.pt,e4a43e5f0abc9ff1,preserved,2,False,Electricity,16,701.717925587669,latentflow-central-all28-five-seed-no-exchange-v2-selector-safe,central,10,latentflow_process_preserving_unfreeze2,5.0,0.001,192,32,38.03935079867723,,16,0.0007,0.2641094642564542,2048,1024,LatentFlow,0.17108681495107703,0.02,5071.0,1482127,8-16-32,,,False,2,,,0.001,/work/11617/sujato_ts/vista/motion_code-master/physics_modal_v4/enhancements/results/central/runs/final_no_exchange/seed45/Electricity/h192.json,44f807f628834e3f4c1702181b5054b66f69dbdc79a6f7c9994560e490846e29,/work/11617/sujato_ts/vista/motion_code-master/physics_modal_v4/results/final/headline/runs/LatentFlow/seed45/Electricity/h192.json,0.41362641955160095,multiscale,45,"{'inducing_points': 32, 'latent_dim': 16, 'patch_lens': [8, 16, 32], 'representation_weight': 0.001}",,validation MSE only; test evaluated once,,,96,False,,492.7774319123273,,final_no_exchange,0.0001,4
on,16,7,extension,0.16424980875894377,latentflow_process_preserving_unfreeze2,/work/11617/sujato_ts/vista/motion_code-master/physics_modal_v4/results/final/checkpoints/LatentFlow/seed45/Electricity/h336.pt,fe256f13f152f88f,preserved,2,False,Electricity,16,709.5356602469692,latentflow-central-all28-five-seed-no-exchange-v2-selector-safe,central,10,latentflow_process_preserving_unfreeze2,5.0,0.001,336,32,39.10602405752487,,16,0.0007,0.2800707658416171,2048,1024,LatentFlow,0.18785633703395885,0.02,4927.0,1626077,8-16-32,,,False,2,,,0.001,/work/11617/sujato_ts/vista/motion_code-master/physics_modal_v4/enhancements/results/central/runs/final_no_exchange/seed45/Electricity/h336.json,a94db3ce06b8286e7c54f04d4f2dd277856c413c9f91dedebc5b2e34cc71a727,/work/11617/sujato_ts/vista/motion_code-master/physics_modal_v4/results/final/headline/runs/LatentFlow/seed45/Electricity/h336.json,0.4334239691502523,multiscale,45,"{'inducing_points': 32, 'latent_dim': 16, 'patch_lens': [8, 16, 32], 'representation_weight': 0.001}",,validation MSE only; test evaluated once,,,96,False,,498.76117104840887,,final_no_exchange,0.0001,4
on,16,7,extension,0.20256204832875221,latentflow_process_preserving_unfreeze2,/work/11617/sujato_ts/vista/motion_code-master/physics_modal_v4/results/final/checkpoints/LatentFlow/seed45/Electricity/h720.pt,63b1e8a3cce60396,preserved,2,False,Electricity,16,726.6085580158979,latentflow-central-all28-five-seed-no-exchange-v2-selector-safe,central,10,latentflow_process_preserving_unfreeze2,5.0,0.001,720,32,40.554037284782744,,16,0.0007,0.31248471933990035,2048,1024,LatentFlow,0.22648335311564957,0.02,4543.0,2018213,8-16-32,,,False,2,,,0.001,/work/11617/sujato_ts/vista/motion_code-master/physics_modal_v4/enhancements/results/central/runs/final_no_exchange/seed45/Electricity/h720.json,18f41b54dbd44c583989483f2e3615e367beb89cb1137447d35545c59a099254,/work/11617/sujato_ts/vista/motion_code-master/physics_modal_v4/results/final/headline/runs/LatentFlow/seed45/Electricity/h720.json,0.4759026718937913,multiscale,45,"{'inducing_points': 32, 'latent_dim': 16, 'patch_lens': [8, 16, 32], 'representation_weight': 0.001}",,validation MSE only; test evaluated once,,,96,False,,514.3450193252647,,final_no_exchange,0.0001,4
on,16,10,extension,0.13618391625358803,latentflow_process_preserving_unfreeze2,/work/11617/sujato_ts/vista/motion_code-master/physics_modal_v4/results/final/checkpoints/LatentFlow/seed45/Electricity/h96.pt,792b498041796cc7,preserved,2,False,Electricity,16,692.5286383749917,latentflow-central-all28-five-seed-no-exchange-v2-selector-safe,central,10,latentflow_process_preserving_unfreeze2,5.0,0.001,96,32,38.22778052462684,,16,0.0007,0.25233942783667557,2048,1024,LatentFlow,0.1578761134250234,0.02,5167.0,1387123,8-16-32,,,False,2,,,0.001,/work/11617/sujato_ts/vista/motion_code-master/physics_modal_v4/enhancements/results/central/runs/final_no_exchange/seed45/Electricity/h96.json,d729a431906fafa677a88fc51fdcb69f7a4ea92ae2ea879e3b24e0021faa205c,/work/11617/sujato_ts/vista/motion_code-master/physics_modal_v4/results/final/headline/runs/LatentFlow/seed45/Electricity/h96.json,0.3973362724758758,multiscale,45,"{'inducing_points': 32, 'latent_dim': 16, 'patch_lens': [8, 16, 32], 'representation_weight': 0.001}",,validation MSE only; test evaluated once,,,96,False,,484.38322859510663,,final_no_exchange,0.0001,4
on,16,8,extension,0.3868477038422575,latentflow_process_preserving_unfreeze2,/work/11617/sujato_ts/vista/motion_code-master/physics_modal_v4/results/final/checkpoints/LatentFlow/seed45/Traffic/h192.pt,24462ab5637b0104,preserved,2,False,Traffic,16,1376.3016594750807,latentflow-central-all28-five-seed-no-exchange-v2-selector-safe,central,10,latentflow_process_preserving_unfreeze2,5.0,0.001,192,32,88.13313870400569,,16,0.0007,0.2994897631567025,2048,1024,LatentFlow,0.4540212702234257,0.02,3319.0,1483750,8-16-32,,,False,2,,,0.001,/work/11617/sujato_ts/vista/motion_code-master/physics_modal_v4/enhancements/results/central/runs/final_no_exchange/seed45/Traffic/h192.json,1df2af7bb68db362ca1dc0b7180f8c8eb395180e5263d1e1442beca32b536829,/work/11617/sujato_ts/vista/motion_code-master/physics_modal_v4/results/final/headline/runs/LatentFlow/seed45/Traffic/h192.json,0.6738110048251109,multiscale,45,"{'inducing_points': 32, 'latent_dim': 16, 'patch_lens': [8, 16, 32], 'representation_weight': 0.001}",,validation MSE only; test evaluated once,,,96,False,,997.7672679895477,,final_no_exchange,0.0001,4
on,16,7,extension,0.4006205755707283,latentflow_process_preserving_unfreeze2,/work/11617/sujato_ts/vista/motion_code-master/physics_modal_v4/results/final/checkpoints/LatentFlow/seed45/Traffic/h336.pt,23689a10433eb83c,preserved,2,False,Traffic,16,1414.6938997209072,latentflow-central-all28-five-seed-no-exchange-v2-selector-safe,central,10,latentflow_process_preserving_unfreeze2,5.0,0.001,336,32,90.59584734554525,,16,0.0007,0.3052328454320965,2048,1024,LatentFlow,0.4680817580856881,0.02,3175.0,1627700,8-16-32,,,False,2,,,0.001,/work/11617/sujato_ts/vista/motion_code-master/physics_modal_v4/enhancements/results/central/runs/final_no_exchange/seed45/Traffic/h336.json,b3cf58c9eaf1da1d83708bb318e6c13b0de64b9204df248f89fab91336689977,/work/11617/sujato_ts/vista/motion_code-master/physics_modal_v4/results/final/headline/runs/LatentFlow/seed45/Traffic/h336.json,0.6841650079371847,multiscale,45,"{'inducing_points': 32, 'latent_dim': 16, 'patch_lens': [8, 16, 32], 'representation_weight': 0.001}",,validation MSE only; test evaluated once,,,96,False,,1028.2545830203162,,final_no_exchange,0.0001,4
on,16,9,extension,0.4446932836671747,latentflow_process_preserving_unfreeze2,/work/11617/sujato_ts/vista/motion_code-master/physics_modal_v4/results/final/checkpoints/LatentFlow/seed45/Traffic/h720.pt,b1a2fa7f661aa9c7,preserved,2,False,Traffic,16,1543.0571403079666,latentflow-central-all28-five-seed-no-exchange-v2-selector-safe,central,10,latentflow_process_preserving_unfreeze2,5.0,0.001,720,32,99.36162525514976,,16,0.0007,0.3171008629073522,2048,1024,LatentFlow,0.4898862096164138,0.02,2791.0,2019836,8-16-32,,,False,2,,,0.001,/work/11617/sujato_ts/vista/motion_code-master/physics_modal_v4/enhancements/results/central/runs/final_no_exchange/seed45/Traffic/h720.json,d79431d800d965a86048e76cef638e3d68615397bafd2572b33e17ad62d4e2f0,/work/11617/sujato_ts/vista/motion_code-master/physics_modal_v4/results/final/headline/runs/LatentFlow/seed45/Traffic/h720.json,0.6999187164352828,multiscale,45,"{'inducing_points': 32, 'latent_dim': 16, 'patch_lens': [8, 16, 32], 'representation_weight': 0.001}",,validation MSE only; test evaluated once,,,96,False,,1128.84970334635,,final_no_exchange,0.0001,4
on,16,10,extension,0.39498937673930135,latentflow_process_preserving_unfreeze2,/work/11617/sujato_ts/vista/motion_code-master/physics_modal_v4/results/final/checkpoints/LatentFlow/seed45/Traffic/h96.pt,42c4fa02d0d26ee7,preserved,2,False,Traffic,16,1336.9079102440737,latentflow-central-all28-five-seed-no-exchange-v2-selector-safe,central,10,latentflow_process_preserving_unfreeze2,5.0,0.001,96,32,85.89441056675912,,16,0.0007,0.29654216450488624,2048,1024,LatentFlow,0.44067272173368094,0.02,3415.0,1388746,8-16-32,,,False,2,,,0.001,/work/11617/sujato_ts/vista/motion_code-master/physics_modal_v4/enhancements/results/central/runs/final_no_exchange/seed45/Traffic/h96.json,7a380b9c4cbfe1dc7c3f11b8743b3ab857583b6fcfec3f648d8a53d093b412d6,/work/11617/sujato_ts/vista/motion_code-master/physics_modal_v4/results/final/headline/runs/LatentFlow/seed45/Traffic/h96.json,0.6638318474837441,multiscale,45,"{'inducing_points': 32, 'latent_dim': 16, 'patch_lens': [8, 16, 32], 'representation_weight': 0.001}",,validation MSE only; test evaluated once,,,96,False,,967.4036922006053,,final_no_exchange,0.0001,4
on,16,3,extension,0.48702781848491183,latentflow_process_preserving_unfreeze2,/work/11617/sujato_ts/vista/motion_code-master/physics_modal_v4/results/final/checkpoints/LatentFlow/seed45/Weather/h192.pt,2285b02c786b97e9,preserved,2,False,Weather,16,235.75844925502315,latentflow-central-all28-five-seed-no-exchange-v2-selector-safe,central,10,latentflow_process_preserving_unfreeze2,5.0,0.001,192,32,44.91218493948149,,16,0.0007,0.260368285768841,2048,1024,LatentFlow,0.21896124742603998,0.02,10349.0,1484344,8-16-32,,,False,2,,,0.001,/work/11617/sujato_ts/vista/motion_code-master/physics_modal_v4/enhancements/results/central/runs/final_no_exchange/seed45/Weather/h192.json,a3e1e58ae9ad0aa59ea7c07dfa4dc6ea280de587adf8541a7b0120851b7af84c,/work/11617/sujato_ts/vista/motion_code-master/physics_modal_v4/results/final/headline/runs/LatentFlow/seed45/Weather/h192.json,0.46793295184891603,multiscale,45,"{'inducing_points': 32, 'latent_dim': 16, 'patch_lens': [8, 16, 32], 'representation_weight': 0.001}",,validation MSE only; test evaluated once,,,96,False,,155.3541621164186,,final_no_exchange,0.0001,4
on,16,4,extension,0.561813140131719,latentflow_process_preserving_unfreeze2,/work/11617/sujato_ts/vista/motion_code-master/physics_modal_v4/results/final/checkpoints/LatentFlow/seed45/Weather/h336.pt,b0749c0da45c1482,preserved,2,False,Weather,16,237.5597583220806,latentflow-central-all28-five-seed-no-exchange-v2-selector-safe,central,10,latentflow_process_preserving_unfreeze2,5.0,0.001,336,32,44.103973383141046,,16,0.0007,0.3003888687019036,2048,1024,LatentFlow,0.27580183089104665,0.02,10205.0,1628294,8-16-32,,,False,2,,,0.001,/work/11617/sujato_ts/vista/motion_code-master/physics_modal_v4/enhancements/results/central/runs/final_no_exchange/seed45/Weather/h336.json,9b54ae7e912a1a8ab33d556b37458ed47ca92161d6a9ef4d210164c46d9a741c,/work/11617/sujato_ts/vista/motion_code-master/physics_modal_v4/results/final/headline/runs/LatentFlow/seed45/Weather/h336.json,0.5251683833696071,multiscale,45,"{'inducing_points': 32, 'latent_dim': 16, 'patch_lens': [8, 16, 32], 'representation_weight': 0.001}",,validation MSE only; test evaluated once,,,96,False,,157.38875434535657,,final_no_exchange,0.0001,4
on,16,5,extension,0.683465470208062,latentflow_process_preserving_unfreeze2,/work/11617/sujato_ts/vista/motion_code-master/physics_modal_v4/results/final/checkpoints/LatentFlow/seed45/Weather/h720.pt,082118256f44a710,preserved,2,False,Weather,16,234.99173147697002,latentflow-central-all28-five-seed-no-exchange-v2-selector-safe,central,10,latentflow_process_preserving_unfreeze2,5.0,0.001,720,32,44.61462318279409,,16,0.0007,0.34875218247633805,2048,1024,LatentFlow,0.3505655746585777,0.02,9821.0,2020430,8-16-32,,,False,2,,,0.001,/work/11617/sujato_ts/vista/motion_code-master/physics_modal_v4/enhancements/results/central/runs/final_no_exchange/seed45/Weather/h720.json,6b067a0b17017d258a81bb75e0cca24fe2fd104b4ca6020577a066644b41bf92,/work/11617/sujato_ts/vista/motion_code-master/physics_modal_v4/results/final/headline/runs/LatentFlow/seed45/Weather/h720.json,0.5920857831924169,multiscale,45,"{'inducing_points': 32, 'latent_dim': 16, 'patch_lens': [8, 16, 32], 'representation_weight': 0.001}",,validation MSE only; test evaluated once,,,96,False,,155.92363706173273,,final_no_exchange,0.0001,4
on,16,5,extension,0.4301298698262563,latentflow_process_preserving_unfreeze2,/work/11617/sujato_ts/vista/motion_code-master/physics_modal_v4/results/final/checkpoints/LatentFlow/seed45/Weather/h96.pt,be96b08e6816559e,preserved,2,False,Weather,16,243.7871962999925,latentflow-central-all28-five-seed-no-exchange-v2-selector-safe,central,10,latentflow_process_preserving_unfreeze2,5.0,0.001,96,32,45.09621203094492,,16,0.0007,0.21265085224931118,2048,1024,LatentFlow,0.16513085546636067,0.02,10445.0,1389340,8-16-32,,,False,2,,,0.001,/work/11617/sujato_ts/vista/motion_code-master/physics_modal_v4/enhancements/results/central/runs/final_no_exchange/seed45/Weather/h96.json,f6a277cb4623fd277be62152b23b9a983daf24f671ca999e0fe798ebb49f5b71,/work/11617/sujato_ts/vista/motion_code-master/physics_modal_v4/results/final/headline/runs/LatentFlow/seed45/Weather/h96.json,0.406362960253959,multiscale,45,"{'inducing_points': 32, 'latent_dim': 16, 'patch_lens': [8, 16, 32], 'representation_weight': 0.001}",,validation MSE only; test evaluated once,,,96,False,,161.19547295784287,,final_no_exchange,0.0001,4
on,16,1,extension,1.0222430449156534,latentflow_process_preserving_unfreeze2,/work/11617/sujato_ts/vista/motion_code-master/physics_modal_v4/results/final/checkpoints/LatentFlow/seed46/ETTh1/h192.pt,4c4c6917812b2779,preserved,2,False,ETTh1,16,146.0064693633467,latentflow-central-all28-five-seed-no-exchange-v2-selector-safe,central,10,latentflow_process_preserving_unfreeze2,5.0,0.001,192,32,30.801555208727986,,16,0.0007,0.4362631963314301,2048,1024,LatentFlow,0.4480188745654268,0.02,2689.0,1535526,16-32-48,,,False,2,,,0.05,/work/11617/sujato_ts/vista/motion_code-master/physics_modal_v4/enhancements/results/central/runs/final_no_exchange/seed46/ETTh1/h192.json,482b93bb81bb390a152297a90cdb83e6529cf4c0f5fd9cab5336091a741ca1a8,/work/11617/sujato_ts/vista/motion_code-master/physics_modal_v4/results/final/headline/runs/LatentFlow/seed46/ETTh1/h192.json,0.6693421207166234,multiscale,46,"{'inducing_points': 32, 'latent_dim': 16, 'patch_lens': [16, 32, 48], 'representation_weight': 0.05}",,validation MSE only; test evaluated once,,,96,False,,103.23094589839457,,final_no_exchange,0.0001,4
on,16,1,extension,1.2883445279938834,latentflow_process_preserving_unfreeze2,/work/11617/sujato_ts/vista/motion_code-master/physics_modal_v4/results/final/checkpoints/LatentFlow/seed46/ETTh1/h336.pt,3329929422e3328f,preserved,2,False,ETTh1,16,145.68587027999456,latentflow-central-all28-five-seed-no-exchange-v2-selector-safe,central,10,latentflow_process_preserving_unfreeze2,5.0,0.001,336,32,31.23554955113199,,16,0.0007,0.4534994653422115,2048,1024,LatentFlow,0.48176558784036316,0.02,2545.0,1676686,16-32-48,,,False,2,,,0.05,/work/11617/sujato_ts/vista/motion_code-master/physics_modal_v4/enhancements/results/central/runs/final_no_exchange/seed46/ETTh1/h336.json,e8b4bec3f41cb69f1d6e37f89448eec8e717fce60c73852cebe06e9f5584c659,/work/11617/sujato_ts/vista/motion_code-master/physics_modal_v4/results/final/headline/runs/LatentFlow/seed46/ETTh1/h336.json,0.6940933567182178,multiscale,46,"{'inducing_points': 32, 'latent_dim': 16, 'patch_lens': [16, 32, 48], 'representation_weight': 0.05}",,validation MSE only; test evaluated once,,,96,False,,103.14546169530558,,final_no_exchange,0.0001,4
on,16,1,extension,1.5656067840636723,latentflow_process_preserving_unfreeze2,/work/11617/sujato_ts/vista/motion_code-master/physics_modal_v4/results/final/checkpoints/LatentFlow/seed46/ETTh1/h720.pt,9be5780cda164187,preserved,2,False,ETTh1,16,146.676206137985,latentflow-central-all28-five-seed-no-exchange-v2-selector-safe,central,10,latentflow_process_preserving_unfreeze2,5.0,0.001,720,32,30.307836879267178,,16,0.0007,0.4807287510996666,2048,1024,LatentFlow,0.49972310868744746,0.02,2161.0,2055222,16-32-48,,,False,2,,,0.05,/work/11617/sujato_ts/vista/motion_code-master/physics_modal_v4/enhancements/results/central/runs/final_no_exchange/seed46/ETTh1/h720.json,6a5f9134b5984681cfd2ff6a34520d7d38fff38959f1dda43bccbf232768a3d8,/work/11617/sujato_ts/vista/motion_code-master/physics_modal_v4/results/final/headline/runs/LatentFlow/seed46/ETTh1/h720.json,0.706910962347768,multiscale,46,"{'inducing_points': 32, 'latent_dim': 16, 'patch_lens': [16, 32, 48], 'representation_weight': 0.05}",,validation MSE only; test evaluated once,,,96,False,,105.36706847960886,,final_no_exchange,0.0001,4
on,16,6,extension,0.7606990296571028,latentflow_process_preserving_unfreeze2,/work/11617/sujato_ts/vista/motion_code-master/physics_modal_v4/results/final/checkpoints/LatentFlow/seed46/ETTh1/h96.pt,e8611c35c52f0fc4,preserved,2,False,ETTh1,16,145.15148015134037,latentflow-central-all28-five-seed-no-exchange-v2-selector-safe,central,10,latentflow_process_preserving_unfreeze2,5.0,0.001,96,32,28.89191042201195,,16,0.0007,0.4216507157923126,2048,1024,LatentFlow,0.41173357843303005,0.02,2785.0,1441682,16-32-48,,,False,2,,,0.05,/work/11617/sujato_ts/vista/motion_code-master/physics_modal_v4/enhancements/results/central/runs/final_no_exchange/seed46/ETTh1/h96.json,398b8f089885f74243c4afdfc56038f1c31610a8d5831774d7e24d67ff5d1285,/work/11617/sujato_ts/vista/motion_code-master/physics_modal_v4/results/final/headline/runs/LatentFlow/seed46/ETTh1/h96.json,0.6416646931482439,multiscale,46,"{'inducing_points': 32, 'latent_dim': 16, 'patch_lens': [16, 32, 48], 'representation_weight': 0.05}",,validation MSE only; test evaluated once,,,96,False,,100.0173849213752,,final_no_exchange,0.0001,4
on,16,0,reference,0.27593773071255,latentflow_process_preserving_unfreeze2,/work/11617/sujato_ts/vista/motion_code-master/physics_modal_v4/results/final/checkpoints/LatentFlow/seed46/ETTh2/h192.pt,94c3fef3e5d86449,preserved,2,False,ETTh2,16,138.16353348304983,latentflow-central-all28-five-seed-no-exchange-v2-selector-safe,central,10,latentflow_process_preserving_unfreeze2,5.0,0.001,192,32,8.028184612348541,,8,0.0007,0.4010127329049908,2048,1024,LatentFlow,0.38344777443369743,0.02,2689.0,1505278,16-32-48,,,False,2,,,0.001,/work/11617/sujato_ts/vista/motion_code-master/physics_modal_v4/enhancements/results/central/runs/final_no_exchange/seed46/ETTh2/h192.json,d95b04508f06bc592b1328440210f257885a77f825d478fbdfe3da077bd21c11,/work/11617/sujato_ts/vista/motion_code-master/physics_modal_v4/results/final/headline/runs/LatentFlow/seed46/ETTh2/h192.json,0.6192315999960737,multiscale,46,"{'inducing_points': 32, 'latent_dim': 8, 'patch_lens': [16, 32, 48], 'representation_weight': 0.001}",,validation MSE only; test evaluated once,,,96,False,,101.0635873796673,,final_no_exchange,0.0001,4
on,16,2,extension,0.356954462370094,latentflow_process_preserving_unfreeze2,/work/11617/sujato_ts/vista/motion_code-master/physics_modal_v4/results/final/checkpoints/LatentFlow/seed46/ETTh2/h336.pt,1dfa14b48344d5c4,preserved,2,False,ETTh2,16,159.1311505100457,latentflow-central-all28-five-seed-no-exchange-v2-selector-safe,central,10,latentflow_process_preserving_unfreeze2,5.0,0.001,336,32,33.323539618426295,,8,0.0007,0.4282362560130841,2048,1024,LatentFlow,0.41389734326232563,0.02,2545.0,1646438,16-32-48,,,False,2,,,0.001,/work/11617/sujato_ts/vista/motion_code-master/physics_modal_v4/enhancements/results/central/runs/final_no_exchange/seed46/ETTh2/h336.json,e158c5cf77ae2ee8ad7d168327a5d08f4b6c856858cb8a7406bcf170d5cd08bb,/work/11617/sujato_ts/vista/motion_code-master/physics_modal_v4/results/final/headline/runs/LatentFlow/seed46/ETTh2/h336.json,0.6433485394887639,multiscale,46,"{'inducing_points': 32, 'latent_dim': 8, 'patch_lens': [16, 32, 48], 'representation_weight': 0.001}",,validation MSE only; test evaluated once,,,96,False,,113.76384940940625,,final_no_exchange,0.0001,4
on,16,2,extension,0.6221508627846127,latentflow_process_preserving_unfreeze2,/work/11617/sujato_ts/vista/motion_code-master/physics_modal_v4/results/final/checkpoints/LatentFlow/seed46/ETTh2/h720.pt,b0d8ac823d5dc27a,preserved,2,False,ETTh2,16,144.66073855897412,latentflow-central-all28-five-seed-no-exchange-v2-selector-safe,central,10,latentflow_process_preserving_unfreeze2,5.0,0.001,720,32,30.825407025334773,,8,0.0007,0.44407965041131214,2048,1024,LatentFlow,0.4221446562908578,0.02,2161.0,2024974,16-32-48,,,False,2,,,0.001,/work/11617/sujato_ts/vista/motion_code-master/physics_modal_v4/enhancements/results/central/runs/final_no_exchange/seed46/ETTh2/h720.json,30c71c10aff860e9df26f96c0ec5d2ba06220a134df89184e473aaea2b524796,/work/11617/sujato_ts/vista/motion_code-master/physics_modal_v4/results/final/headline/runs/LatentFlow/seed46/ETTh2/h720.json,0.6497266011876517,multiscale,46,"{'inducing_points': 32, 'latent_dim': 8, 'patch_lens': [16, 32, 48], 'representation_weight': 0.001}",,validation MSE only; test evaluated once,,,96,False,,103.76980277906114,,final_no_exchange,0.0001,4
on,16,0,reference,0.2203803869585196,latentflow_process_preserving_unfreeze2,/work/11617/sujato_ts/vista/motion_code-master/physics_modal_v4/results/final/checkpoints/LatentFlow/seed46/ETTh2/h96.pt,99c6e3215da33402,preserved,2,False,ETTh2,16,142.19141158973798,latentflow-central-all28-five-seed-no-exchange-v2-selector-safe,central,10,latentflow_process_preserving_unfreeze2,5.0,0.001,96,32,8.446321187465522,,8,0.0007,0.3458137481632707,2048,1024,LatentFlow,0.298961461420965,0.02,2785.0,1411434,16-32-48,,,False,2,,,0.001,/work/11617/sujato_ts/vista/motion_code-master/physics_modal_v4/enhancements/results/central/runs/final_no_exchange/seed46/ETTh2/h96.json,1f57d64f5808b0bf7453d38e2a4ebd948d0bb07af3b9c8b9d3e47fc167150287,/work/11617/sujato_ts/vista/motion_code-master/physics_modal_v4/results/final/headline/runs/LatentFlow/seed46/ETTh2/h96.json,0.5467736839140716,multiscale,46,"{'inducing_points': 32, 'latent_dim': 8, 'patch_lens': [16, 32, 48], 'representation_weight': 0.001}",,validation MSE only; test evaluated once,,,96,False,,103.91541492499528,,final_no_exchange,0.0001,4
on,16,0,reference,0.5149844826332161,latentflow_process_preserving_unfreeze2,/work/11617/sujato_ts/vista/motion_code-master/physics_modal_v4/results/final/checkpoints/LatentFlow/seed46/ETTm1/h192.pt,2b143bd173208ae5,preserved,2,False,ETTm1,16,147.61100358795375,latentflow-central-all28-five-seed-no-exchange-v2-selector-safe,central,10,latentflow_process_preserving_unfreeze2,5.0,0.001,192,32,8.11693603811783,,8,0.0007,0.4032480942658258,2048,1024,LatentFlow,0.39587090706678846,0.02,11329.0,1493398,8-24-48,,,False,2,,,0.01,/work/11617/sujato_ts/vista/motion_code-master/physics_modal_v4/enhancements/results/central/runs/final_no_exchange/seed46/ETTm1/h192.json,9a9e7a863e7a7ff738cc80440577a8261f2bbcf8efc739255f94c3f9c185c132,/work/11617/sujato_ts/vista/motion_code-master/physics_modal_v4/results/final/headline/runs/LatentFlow/seed46/ETTm1/h192.json,0.629182729472757,multiscale,46,"{'inducing_points': 32, 'latent_dim': 8, 'patch_lens': [8, 24, 48], 'representation_weight': 0.01}",,validation MSE only; test evaluated once,,,96,False,,104.55603182890627,,final_no_exchange,0.0001,4
on,16,2,extension,0.6589470708451304,latentflow_process_preserving_unfreeze2,/work/11617/sujato_ts/vista/motion_code-master/physics_modal_v4/results/final/checkpoints/LatentFlow/seed46/ETTm1/h336.pt,0aad212a1b184a50,preserved,2,False,ETTm1,16,155.6314379107207,latentflow-central-all28-five-seed-no-exchange-v2-selector-safe,central,10,latentflow_process_preserving_unfreeze2,5.0,0.001,336,32,28.833718482074048,,8,0.0007,0.42143582422906684,2048,1024,LatentFlow,0.41862716557639623,0.02,11185.0,1636816,8-24-48,,,False,2,,,0.01,/work/11617/sujato_ts/vista/motion_code-master/physics_modal_v4/enhancements/results/central/runs/final_no_exchange/seed46/ETTm1/h336.json,4da17a6d03af3bf41d507c699527b90a3598fe5b3997a1692c6cfea3f46e4900,/work/11617/sujato_ts/vista/motion_code-master/physics_modal_v4/results/final/headline/runs/LatentFlow/seed46/ETTm1/h336.json,0.6470140381602213,multiscale,46,"{'inducing_points': 32, 'latent_dim': 8, 'patch_lens': [8, 24, 48], 'representation_weight': 0.01}",,validation MSE only; test evaluated once,,,96,False,,99.84910156490514,,final_no_exchange,0.0001,4
on,16,2,extension,0.9968857753844488,latentflow_process_preserving_unfreeze2,/work/11617/sujato_ts/vista/motion_code-master/physics_modal_v4/results/final/checkpoints/LatentFlow/seed46/ETTm1/h720.pt,a5f73c2784629659,preserved,2,False,ETTm1,16,151.572815626394,latentflow-central-all28-five-seed-no-exchange-v2-selector-safe,central,10,latentflow_process_preserving_unfreeze2,5.0,0.001,720,32,28.717953959087502,,8,0.0007,0.46365829780971224,2048,1024,LatentFlow,0.4941950051236943,0.02,10801.0,2026480,8-24-48,,,False,2,,,0.01,/work/11617/sujato_ts/vista/motion_code-master/physics_modal_v4/enhancements/results/central/runs/final_no_exchange/seed46/ETTm1/h720.json,c5519dbd0fbf7277a806aba1c567707c98625eb9ac0f8d80da23c536cba764f3,/work/11617/sujato_ts/vista/motion_code-master/physics_modal_v4/results/final/headline/runs/LatentFlow/seed46/ETTm1/h720.json,0.7029900462479496,multiscale,46,"{'inducing_points': 32, 'latent_dim': 8, 'patch_lens': [8, 24, 48], 'representation_weight': 0.01}",,validation MSE only; test evaluated once,,,96,False,,97.3374808771041,,final_no_exchange,0.0001,4
on,16,2,extension,0.3955370605524097,latentflow_process_preserving_unfreeze2,/work/11617/sujato_ts/vista/motion_code-master/physics_modal_v4/results/final/checkpoints/LatentFlow/seed46/ETTm1/h96.pt,0223928a595af579,preserved,2,False,ETTm1,16,163.33473759097978,latentflow-central-all28-five-seed-no-exchange-v2-selector-safe,central,10,latentflow_process_preserving_unfreeze2,5.0,0.001,96,32,29.427768417005787,,8,0.0007,0.37162481351707133,2048,1024,LatentFlow,0.3327819039477052,0.02,11425.0,1398606,8-24-48,,,False,2,,,0.01,/work/11617/sujato_ts/vista/motion_code-master/physics_modal_v4/enhancements/results/central/runs/final_no_exchange/seed46/ETTm1/h96.json,72b49dbf924d1c54663018960cb5b6fc8c26268fce2799a58420c231d6b788f9,/work/11617/sujato_ts/vista/motion_code-master/physics_modal_v4/results/final/headline/runs/LatentFlow/seed46/ETTm1/h96.json,0.5768725196676517,multiscale,46,"{'inducing_points': 32, 'latent_dim': 8, 'patch_lens': [8, 24, 48], 'representation_weight': 0.01}",,validation MSE only; test evaluated once,,,96,False,,104.99391710472992,,final_no_exchange,0.0001,4
on,16,2,extension,0.16915278039163067,latentflow_process_preserving_unfreeze2,/work/11617/sujato_ts/vista/motion_code-master/physics_modal_v4/results/final/checkpoints/LatentFlow/seed46/ETTm2/h192.pt,7a222f1f0646ef05,preserved,2,False,ETTm2,16,166.5021168529056,latentflow-central-all28-five-seed-no-exchange-v2-selector-safe,central,10,latentflow_process_preserving_unfreeze2,5.0,0.001,192,16,31.004215029491142,,8,0.0007,0.3004734589129794,2048,1024,LatentFlow,0.23933888791789568,0.02,11329.0,1468534,8-16-32,,,False,2,,,0.001,/work/11617/sujato_ts/vista/motion_code-master/physics_modal_v4/enhancements/results/central/runs/final_no_exchange/seed46/ETTm2/h192.json,7b62387ca11c56c221b99cfc959f761a8483d2014a9858ae43661fe0ef194090,/work/11617/sujato_ts/vista/motion_code-master/physics_modal_v4/results/final/headline/runs/LatentFlow/seed46/ETTm2/h192.json,0.48922273855361187,multiscale,46,"{'inducing_points': 16, 'latent_dim': 8, 'patch_lens': [8, 16, 32], 'representation_weight': 0.001}",,validation MSE only; test evaluated once,,,96,False,,106.66891578111972,,final_no_exchange,0.0001,4
on,16,0,reference,0.2164184902192784,latentflow_process_preserving_unfreeze2,/work/11617/sujato_ts/vista/motion_code-master/physics_modal_v4/results/final/checkpoints/LatentFlow/seed46/ETTm2/h336.pt,e29d0ce258aa1faa,preserved,2,False,ETTm2,16,139.08223914401606,latentflow-central-all28-five-seed-no-exchange-v2-selector-safe,central,10,latentflow_process_preserving_unfreeze2,5.0,0.001,336,16,7.690620498550271,,8,0.0007,0.34648394825235657,2048,1024,LatentFlow,0.30777939181879294,0.02,11185.0,1612484,8-16-32,,,False,2,,,0.001,/work/11617/sujato_ts/vista/motion_code-master/physics_modal_v4/enhancements/results/central/runs/final_no_exchange/seed46/ETTm2/h336.json,1a8f0df897757eb296b213d148f358bd67952fe37a70d980f4d5ba046559a2d6,/work/11617/sujato_ts/vista/motion_code-master/physics_modal_v4/results/final/headline/runs/LatentFlow/seed46/ETTm2/h336.json,0.5547786872427535,multiscale,46,"{'inducing_points': 16, 'latent_dim': 8, 'patch_lens': [8, 16, 32], 'representation_weight': 0.001}",,validation MSE only; test evaluated once,,,96,False,,98.54075389011996,,final_no_exchange,0.0001,4
on,16,0,reference,0.29964046998629495,latentflow_process_preserving_unfreeze2,/work/11617/sujato_ts/vista/motion_code-master/physics_modal_v4/results/final/checkpoints/LatentFlow/seed46/ETTm2/h720.pt,40a09cb8ab6f6c44,preserved,2,False,ETTm2,16,151.47998955100775,latentflow-central-all28-five-seed-no-exchange-v2-selector-safe,central,10,latentflow_process_preserving_unfreeze2,5.0,0.001,720,16,8.321937711119032,,8,0.0007,0.40494165511476077,2048,1024,LatentFlow,0.41341775118483637,0.02,10801.0,2004620,8-16-32,,,False,2,,,0.001,/work/11617/sujato_ts/vista/motion_code-master/physics_modal_v4/enhancements/results/central/runs/final_no_exchange/seed46/ETTm2/h720.json,f6a356edf5978c600d93e843c098debdbf1e2256dafa59012f9e5c8c358bbafe,/work/11617/sujato_ts/vista/motion_code-master/physics_modal_v4/results/final/headline/runs/LatentFlow/seed46/ETTm2/h720.json,0.6429757003066573,multiscale,46,"{'inducing_points': 16, 'latent_dim': 8, 'patch_lens': [8, 16, 32], 'representation_weight': 0.001}",,validation MSE only; test evaluated once,,,96,False,,107.73140744222474,,final_no_exchange,0.0001,4
on,16,2,extension,0.1287448773870156,latentflow_process_preserving_unfreeze2,/work/11617/sujato_ts/vista/motion_code-master/physics_modal_v4/results/final/checkpoints/LatentFlow/seed46/ETTm2/h96.pt,6dbb1a435910253f,preserved,2,False,ETTm2,16,157.31394937029108,latentflow-central-all28-five-seed-no-exchange-v2-selector-safe,central,10,latentflow_process_preserving_unfreeze2,5.0,0.001,96,16,29.872295101203264,,8,0.0007,0.25876980044909587,2048,1024,LatentFlow,0.17377210465125445,0.02,11425.0,1373530,8-16-32,,,False,2,,,0.001,/work/11617/sujato_ts/vista/motion_code-master/physics_modal_v4/enhancements/results/central/runs/final_no_exchange/seed46/ETTm2/h96.json,9248651ad43f207958d74e1d244a6135ee33368bcd86b2bcc4b34f595af2178f,/work/11617/sujato_ts/vista/motion_code-master/physics_modal_v4/results/final/headline/runs/LatentFlow/seed46/ETTm2/h96.json,0.41685981414769935,multiscale,46,"{'inducing_points': 16, 'latent_dim': 8, 'patch_lens': [8, 16, 32], 'representation_weight': 0.001}",,validation MSE only; test evaluated once,,,96,False,,100.1964118629985,,final_no_exchange,0.0001,4
on,16,10,extension,0.14522500978328234,latentflow_process_preserving_unfreeze2,/work/11617/sujato_ts/vista/motion_code-master/physics_modal_v4/results/final/checkpoints/LatentFlow/seed46/Electricity/h192.pt,7be6200a047d9dd9,preserved,2,False,Electricity,16,722.5219250620576,latentflow-central-all28-five-seed-no-exchange-v2-selector-safe,central,10,latentflow_process_preserving_unfreeze2,5.0,0.001,192,32,39.72424718113263,,16,0.0007,0.2617894192003542,2048,1024,LatentFlow,0.16881637925654858,0.02,5071.0,1482127,8-16-32,,,False,2,,,0.001,/work/11617/sujato_ts/vista/motion_code-master/physics_modal_v4/enhancements/results/central/runs/final_no_exchange/seed46/Electricity/h192.json,9e198ca969eb22a949c46dff3eff50521f56f9b8a0f6a051d9dd00327b64a9b1,/work/11617/sujato_ts/vista/motion_code-master/physics_modal_v4/results/final/headline/runs/LatentFlow/seed46/Electricity/h192.json,0.4108727044432966,multiscale,46,"{'inducing_points': 32, 'latent_dim': 16, 'patch_lens': [8, 16, 32], 'representation_weight': 0.001}",,validation MSE only; test evaluated once,,,96,False,,506.38361579685807,,final_no_exchange,0.0001,4
on,16,10,extension,0.1620878595712365,latentflow_process_preserving_unfreeze2,/work/11617/sujato_ts/vista/motion_code-master/physics_modal_v4/results/final/checkpoints/LatentFlow/seed46/Electricity/h336.pt,a75f0ace4db4186d,preserved,2,False,Electricity,16,750.9822797379456,latentflow-central-all28-five-seed-no-exchange-v2-selector-safe,central,10,latentflow_process_preserving_unfreeze2,5.0,0.001,336,32,41.82420118789499,,16,0.0007,0.27782224478025874,2048,1024,LatentFlow,0.18484945912067832,0.02,4927.0,1626077,8-16-32,,,False,2,,,0.001,/work/11617/sujato_ts/vista/motion_code-master/physics_modal_v4/enhancements/results/central/runs/final_no_exchange/seed46/Electricity/h336.json,39ccb9b900929bd615f91e2d2fb1cbd1e45a3bc6a45797ff98014aaa0f0c3931,/work/11617/sujato_ts/vista/motion_code-master/physics_modal_v4/results/final/headline/runs/LatentFlow/seed46/Electricity/h336.json,0.4299412275191556,multiscale,46,"{'inducing_points': 32, 'latent_dim': 16, 'patch_lens': [8, 16, 32], 'representation_weight': 0.001}",,validation MSE only; test evaluated once,,,96,False,,527.1452045539263,,final_no_exchange,0.0001,4
on,16,6,extension,0.19853297979949708,latentflow_process_preserving_unfreeze2,/work/11617/sujato_ts/vista/motion_code-master/physics_modal_v4/results/final/checkpoints/LatentFlow/seed46/Electricity/h720.pt,664b9ee2873816a2,preserved,2,False,Electricity,16,765.7030075574294,latentflow-central-all28-five-seed-no-exchange-v2-selector-safe,central,10,latentflow_process_preserving_unfreeze2,5.0,0.001,720,32,42.19343747764602,,16,0.0007,0.3104959961143382,2048,1024,LatentFlow,0.22447128197885563,0.02,4543.0,2018213,8-16-32,,,False,2,,,0.001,/work/11617/sujato_ts/vista/motion_code-master/physics_modal_v4/enhancements/results/central/runs/final_no_exchange/seed46/Electricity/h720.json,2ee37e4eb116708738916c4e07030685d837b49d5ebd0658bbcd12e7019d8d36,/work/11617/sujato_ts/vista/motion_code-master/physics_modal_v4/results/final/headline/runs/LatentFlow/seed46/Electricity/h720.json,0.47378400350671995,multiscale,46,"{'inducing_points': 32, 'latent_dim': 16, 'patch_lens': [8, 16, 32], 'representation_weight': 0.001}",,validation MSE only; test evaluated once,,,96,False,,542.8916298562399,,final_no_exchange,0.0001,4
on,16,10,extension,0.13437647292794716,latentflow_process_preserving_unfreeze2,/work/11617/sujato_ts/vista/motion_code-master/physics_modal_v4/results/final/checkpoints/LatentFlow/seed46/Electricity/h96.pt,f9a8da3a65aec2bb,preserved,2,False,Electricity,16,696.8377244081348,latentflow-central-all28-five-seed-no-exchange-v2-selector-safe,central,10,latentflow_process_preserving_unfreeze2,5.0,0.001,96,32,37.47206939990784,,16,0.0007,0.25113206656173703,2048,1024,LatentFlow,0.15621951253576144,0.02,5167.0,1387123,8-16-32,,,False,2,,,0.001,/work/11617/sujato_ts/vista/motion_code-master/physics_modal_v4/enhancements/results/central/runs/final_no_exchange/seed46/Electricity/h96.json,0c71409e09519cfb8b07c1de31e2445bd6055c6d1387d2c4f4cb25bd477aa187,/work/11617/sujato_ts/vista/motion_code-master/physics_modal_v4/results/final/headline/runs/LatentFlow/seed46/Electricity/h96.json,0.39524614170888683,multiscale,46,"{'inducing_points': 32, 'latent_dim': 16, 'patch_lens': [8, 16, 32], 'representation_weight': 0.001}",,validation MSE only; test evaluated once,,,96,False,,488.539465730355,,final_no_exchange,0.0001,4
on,16,9,extension,0.38167551959658075,latentflow_process_preserving_unfreeze2,/work/11617/sujato_ts/vista/motion_code-master/physics_modal_v4/results/final/checkpoints/LatentFlow/seed46/Traffic/h192.pt,a49664da86dab278,preserved,2,False,Traffic,16,1372.8865093099885,latentflow-central-all28-five-seed-no-exchange-v2-selector-safe,central,10,latentflow_process_preserving_unfreeze2,5.0,0.001,192,32,87.85432126754917,,16,0.0007,0.2951564295543943,2048,1024,LatentFlow,0.4470354692773819,0.02,3319.0,1483750,8-16-32,,,False,2,,,0.001,/work/11617/sujato_ts/vista/motion_code-master/physics_modal_v4/enhancements/results/central/runs/final_no_exchange/seed46/Traffic/h192.json,32f54e72280c24e8f0701fa6e10511121a3f3e709f4ef266626fce16b5a2f1b9,/work/11617/sujato_ts/vista/motion_code-master/physics_modal_v4/results/final/headline/runs/LatentFlow/seed46/Traffic/h192.json,0.6686071112973462,multiscale,46,"{'inducing_points': 32, 'latent_dim': 16, 'patch_lens': [8, 16, 32], 'representation_weight': 0.001}",,validation MSE only; test evaluated once,,,96,False,,995.2975512734156,,final_no_exchange,0.0001,4
on,16,9,extension,0.3979011390659904,latentflow_process_preserving_unfreeze2,/work/11617/sujato_ts/vista/motion_code-master/physics_modal_v4/results/final/checkpoints/LatentFlow/seed46/Traffic/h336.pt,d621d932234d13e5,preserved,2,False,Traffic,16,1402.2658718973398,latentflow-central-all28-five-seed-no-exchange-v2-selector-safe,central,10,latentflow_process_preserving_unfreeze2,5.0,0.001,336,32,89.92230928869861,,16,0.0007,0.3025303198691122,2048,1024,LatentFlow,0.46020274862638616,0.02,3175.0,1627700,8-16-32,,,False,2,,,0.001,/work/11617/sujato_ts/vista/motion_code-master/physics_modal_v4/enhancements/results/central/runs/final_no_exchange/seed46/Traffic/h336.json,47629f98472b88e846bf75721d7e54a82fe0487dd91df9dbde7742c2fa4a316f,/work/11617/sujato_ts/vista/motion_code-master/physics_modal_v4/results/final/headline/runs/LatentFlow/seed46/Traffic/h336.json,0.6783824501167363,multiscale,46,"{'inducing_points': 32, 'latent_dim': 16, 'patch_lens': [8, 16, 32], 'representation_weight': 0.001}",,validation MSE only; test evaluated once,,,96,False,,1019.7754960754537,,final_no_exchange,0.0001,4
on,16,8,extension,0.4420588204958415,latentflow_process_preserving_unfreeze2,/work/11617/sujato_ts/vista/motion_code-master/physics_modal_v4/results/final/checkpoints/LatentFlow/seed46/Traffic/h720.pt,a4bd2c6a09bd26e3,preserved,2,False,Traffic,16,1538.2481123022735,latentflow-central-all28-five-seed-no-exchange-v2-selector-safe,central,10,latentflow_process_preserving_unfreeze2,5.0,0.001,720,32,99.23657452374503,,16,0.0007,0.31441045138626217,2048,1024,LatentFlow,0.48894046603249736,0.02,2791.0,2019836,8-16-32,,,False,2,,,0.001,/work/11617/sujato_ts/vista/motion_code-master/physics_modal_v4/enhancements/results/central/runs/final_no_exchange/seed46/Traffic/h720.json,e6e73e963dc6105771a44364676564adb106912c7585438b4d4d26374afea1ec,/work/11617/sujato_ts/vista/motion_code-master/physics_modal_v4/results/final/headline/runs/LatentFlow/seed46/Traffic/h720.json,0.6992427804650523,multiscale,46,"{'inducing_points': 32, 'latent_dim': 16, 'patch_lens': [8, 16, 32], 'representation_weight': 0.001}",,validation MSE only; test evaluated once,,,96,False,,1125.1132213008532,,final_no_exchange,0.0001,4
on,16,10,extension,0.3892555742971858,latentflow_process_preserving_unfreeze2,/work/11617/sujato_ts/vista/motion_code-master/physics_modal_v4/results/final/checkpoints/LatentFlow/seed46/Traffic/h96.pt,0ff2a52b67d99669,preserved,2,False,Traffic,16,1346.7843234832399,latentflow-central-all28-five-seed-no-exchange-v2-selector-safe,central,10,latentflow_process_preserving_unfreeze2,5.0,0.001,96,32,85.82873790231949,,16,0.0007,0.2931362960753971,2048,1024,LatentFlow,0.43413505169714,0.02,3415.0,1388746,8-16-32,,,False,2,,,0.001,/work/11617/sujato_ts/vista/motion_code-master/physics_modal_v4/enhancements/results/central/runs/final_no_exchange/seed46/Traffic/h96.json,d1837f642bc1d4f6b9a8669cc88bce73a760ac8a32f0940c4315f0cb514f7069,/work/11617/sujato_ts/vista/motion_code-master/physics_modal_v4/results/final/headline/runs/LatentFlow/seed46/Traffic/h96.json,0.6588892560189004,multiscale,46,"{'inducing_points': 32, 'latent_dim': 16, 'patch_lens': [8, 16, 32], 'representation_weight': 0.001}",,validation MSE only; test evaluated once,,,96,False,,973.6260805122583,,final_no_exchange,0.0001,4
on,16,5,extension,0.4890648527514367,latentflow_process_preserving_unfreeze2,/work/11617/sujato_ts/vista/motion_code-master/physics_modal_v4/results/final/checkpoints/LatentFlow/seed46/Weather/h192.pt,13aa74375d8ffc08,preserved,2,False,Weather,16,246.32371932826936,latentflow-central-all28-five-seed-no-exchange-v2-selector-safe,central,10,latentflow_process_preserving_unfreeze2,5.0,0.001,192,32,46.53192117174928,,16,0.0007,0.2561918432142639,2048,1024,LatentFlow,0.21532564122383496,0.02,10349.0,1484344,8-16-32,,,False,2,,,0.001,/work/11617/sujato_ts/vista/motion_code-master/physics_modal_v4/enhancements/results/central/runs/final_no_exchange/seed46/Weather/h192.json,ce9322a63a14889bd333e8c3d588c5dad10f3e29b28309d5dfd76d7ee246c7a0,/work/11617/sujato_ts/vista/motion_code-master/physics_modal_v4/results/final/headline/runs/LatentFlow/seed46/Weather/h192.json,0.4640319398746545,multiscale,46,"{'inducing_points': 32, 'latent_dim': 16, 'patch_lens': [8, 16, 32], 'representation_weight': 0.001}",,validation MSE only; test evaluated once,,,96,False,,162.4094350147061,,final_no_exchange,0.0001,4
on,16,3,extension,0.5667199993890429,latentflow_process_preserving_unfreeze2,/work/11617/sujato_ts/vista/motion_code-master/physics_modal_v4/results/final/checkpoints/LatentFlow/seed46/Weather/h336.pt,dd97d68a0218c094,preserved,2,False,Weather,16,219.1018028989929,latentflow-central-all28-five-seed-no-exchange-v2-selector-safe,central,10,latentflow_process_preserving_unfreeze2,5.0,0.001,336,32,41.21795783368794,,16,0.0007,0.2998118821921045,2048,1024,LatentFlow,0.27601601188466823,0.02,10205.0,1628294,8-16-32,,,False,2,,,0.001,/work/11617/sujato_ts/vista/motion_code-master/physics_modal_v4/enhancements/results/central/runs/final_no_exchange/seed46/Weather/h336.json,c0de1b714560ea77466b64ccda3e6e1f1150215221c51b6713f4a56acca7c810,/work/11617/sujato_ts/vista/motion_code-master/physics_modal_v4/results/final/headline/runs/LatentFlow/seed46/Weather/h336.json,0.5253722602923266,multiscale,46,"{'inducing_points': 32, 'latent_dim': 16, 'patch_lens': [8, 16, 32], 'representation_weight': 0.001}",,validation MSE only; test evaluated once,,,96,False,,144.64020458829054,,final_no_exchange,0.0001,4
on,16,2,extension,0.6876799926555976,latentflow_process_preserving_unfreeze2,/work/11617/sujato_ts/vista/motion_code-master/physics_modal_v4/results/final/checkpoints/LatentFlow/seed46/Weather/h720.pt,71ed2587199bd7d7,preserved,2,False,Weather,16,232.7588330307044,latentflow-central-all28-five-seed-no-exchange-v2-selector-safe,central,10,latentflow_process_preserving_unfreeze2,5.0,0.001,720,32,43.945130423393124,,16,0.0007,0.3481389795820299,2048,1024,LatentFlow,0.3504443061092834,0.02,9821.0,2020430,8-16-32,,,False,2,,,0.001,/work/11617/sujato_ts/vista/motion_code-master/physics_modal_v4/enhancements/results/central/runs/final_no_exchange/seed46/Weather/h720.json,315f782be9e6962ae2513f08a10cfc674898198aace04151c0c9c91175a5ff49,/work/11617/sujato_ts/vista/motion_code-master/physics_modal_v4/results/final/headline/runs/LatentFlow/seed46/Weather/h720.json,0.591983366412675,multiscale,46,"{'inducing_points': 32, 'latent_dim': 16, 'patch_lens': [8, 16, 32], 'representation_weight': 0.001}",,validation MSE only; test evaluated once,,,96,False,,154.46978029140155,,final_no_exchange,0.0001,4
on,16,7,extension,0.43317755181638024,latentflow_process_preserving_unfreeze2,/work/11617/sujato_ts/vista/motion_code-master/physics_modal_v4/results/final/checkpoints/LatentFlow/seed46/Weather/h96.pt,fda8654adb4416e9,preserved,2,False,Weather,16,243.38853286812082,latentflow-central-all28-five-seed-no-exchange-v2-selector-safe,central,10,latentflow_process_preserving_unfreeze2,5.0,0.001,96,32,44.56187941394346,,16,0.0007,0.21077543430826484,2048,1024,LatentFlow,0.16457030027274847,0.02,10445.0,1389340,8-16-32,,,False,2,,,0.001,/work/11617/sujato_ts/vista/motion_code-master/physics_modal_v4/enhancements/results/central/runs/final_no_exchange/seed46/Weather/h96.json,90ec75f08d9f9f82e25c49e6cd1159c378ea5e0c64f902a480a24c7257e0e60a,/work/11617/sujato_ts/vista/motion_code-master/physics_modal_v4/results/final/headline/runs/LatentFlow/seed46/Weather/h96.json,0.40567265162042715,multiscale,46,"{'inducing_points': 32, 'latent_dim': 16, 'patch_lens': [8, 16, 32], 'representation_weight': 0.001}",,validation MSE only; test evaluated once,,,96,False,,161.26507157969172,,final_no_exchange,0.0001,4
off,16,2,extension,1.0227501356885547,,/work/11617/sujato_ts/vista/motion_code-master/physics_modal_v4/enhancements/results/central/checkpoints/no_linear_bank/seed42/ETTh1/h192.pt,fbcb9569338b7d7f,preserved,2,False,ETTh1,16,166.02502489788458,latentflow-central-all28-five-seed-no-exchange-v2-selector-safe,central,10,latentflow_process_preserving_unfreeze2,5.0,0.001,192,,25.55991779499782,False,,0.0007,0.4435927311119176,2048,1024,LatentFlow,0.4534584649273849,0.02,2689.0,1422510,,0.44055688285141964,0.44923558725187057,False,2,0.003035848260497964,0.004222877675514325,,/work/11617/sujato_ts/vista/motion_code-master/physics_modal_v4/enhancements/results/central/runs/no_linear_bank/seed42/ETTh1/h192.json,ce2440bdede7a581139cbfb257ca69cfc04f9421b5e5859de5369ef4b1a10ebf,,0.6733932468679686,multiscale,42,"{'inducing_points': 32, 'latent_dim': 16, 'patch_lens': [16, 32, 48], 'representation_weight': 0.05}",16-32-48,,True,True,96,False,0,96.29535361273156,extension,no_linear_bank,0.0001,4
off,16,0,reference,1.3008724455119802,,/work/11617/sujato_ts/vista/motion_code-master/physics_modal_v4/enhancements/results/central/checkpoints/no_linear_bank/seed42/ETTh1/h336.pt,33839b861a930e31,preserved,2,False,ETTh1,16,167.6097742030397,latentflow-central-all28-five-seed-no-exchange-v2-selector-safe,central,10,latentflow_process_preserving_unfreeze2,5.0,0.001,336,,7.0323850860070625,True,,0.0007,0.45424901281836333,2048,1024,LatentFlow,0.48029273990997007,0.02,2545.0,1479862,,0.45424901281836333,0.48029273990997007,False,2,0.0,0.0,,/work/11617/sujato_ts/vista/motion_code-master/physics_modal_v4/enhancements/results/central/runs/no_linear_bank/seed42/ETTh1/h336.json,60b6aab5bd269f0ec8fc9a52cc43bf8a21fda73fbadd94bf0b3614045f0e86db,,0.6930315576580695,multiscale,42,"{'inducing_points': 32, 'latent_dim': 16, 'patch_lens': [16, 32, 48], 'representation_weight': 0.05}",16-32-48,,True,True,96,False,0,96.97852950303059,reference,no_linear_bank,0.0001,4
off,16,1,extension,1.5744163482908218,,/work/11617/sujato_ts/vista/motion_code-master/physics_modal_v4/enhancements/results/central/checkpoints/no_linear_bank/seed42/ETTh1/h720.pt,b1d266b2e43a58a0,preserved,2,False,ETTh1,16,163.3103342782706,latentflow-central-all28-five-seed-no-exchange-v2-selector-safe,central,10,latentflow_process_preserving_unfreeze2,5.0,0.001,720,,28.101876846326988,False,,0.0007,0.4782866035134659,2048,1024,LatentFlow,0.49096254885179613,0.02,2161.0,1634910,,0.4803721449625807,0.49710112704298914,False,2,-0.0020855414491147695,-0.0061385781911930115,,/work/11617/sujato_ts/vista/motion_code-master/physics_modal_v4/enhancements/results/central/runs/no_linear_bank/seed42/ETTh1/h720.json,b8bae7a9b1f4d613bf1db50d68a4b0fa3d26f75e1807cc28446b1e02a26a3616,,0.7006871975794877,multiscale,42,"{'inducing_points': 32, 'latent_dim': 16, 'patch_lens': [16, 32, 48], 'representation_weight': 0.05}",16-32-48,,True,True,96,False,0,94.9566263887391,extension,no_linear_bank,0.0001,4
off,16,4,extension,0.7626682019659451,,/work/11617/sujato_ts/vista/motion_code-master/physics_modal_v4/enhancements/results/central/checkpoints/no_linear_bank/seed42/ETTh1/h96.pt,8ca4b8a09e8f4881,preserved,2,False,ETTh1,16,158.72997451596893,latentflow-central-all28-five-seed-no-exchange-v2-selector-safe,central,10,latentflow_process_preserving_unfreeze2,5.0,0.001,96,,26.941401065687913,False,,0.0007,0.4172598924332728,2048,1024,LatentFlow,0.40885301281613573,0.02,2785.0,1384538,,0.41171991355278315,0.40215477523940685,False,2,0.005539978880489682,0.006698237576728883,,/work/11617/sujato_ts/vista/motion_code-master/physics_modal_v4/enhancements/results/central/runs/no_linear_bank/seed42/ETTh1/h96.json,b8c35d6acbbb5b67ea9bee0bf5b1e575e15d88a3240ec79696c5b402dfb29275,,0.6394161499494173,multiscale,42,"{'inducing_points': 32, 'latent_dim': 16, 'patch_lens': [16, 32, 48], 'representation_weight': 0.05}",16-32-48,,True,True,96,False,0,91.91593619061678,extension,no_linear_bank,0.0001,4
off,16,1,extension,0.28274685614520595,,/work/11617/sujato_ts/vista/motion_code-master/physics_modal_v4/enhancements/results/central/checkpoints/no_linear_bank/seed42/ETTh2/h192.pt,11a47eb78bde4113,preserved,2,False,ETTh2,16,152.75136344879866,latentflow-central-all28-five-seed-no-exchange-v2-selector-safe,central,10,latentflow_process_preserving_unfreeze2,5.0,0.001,192,,25.49346432669791,False,,0.0007,0.4088086549584994,2048,1024,LatentFlow,0.39936890742539344,0.02,2689.0,1392262,,0.40752161966316525,0.39740199310103314,False,2,0.001287035295334138,0.0019669143243603027,,/work/11617/sujato_ts/vista/motion_code-master/physics_modal_v4/enhancements/results/central/runs/no_linear_bank/seed42/ETTh2/h192.json,91983174166a0fbeecdd86aa5dc3a28322d118cf2856a7b3f67c4d50d6d2267b,,0.6319564125993132,multiscale,42,"{'inducing_points': 32, 'latent_dim': 8, 'patch_lens': [16, 32, 48], 'representation_weight': 0.001}",16-32-48,,True,True,96,False,0,88.33931912231492,extension,no_linear_bank,0.0001,4
off,16,0,reference,0.3565130593622623,,/work/11617/sujato_ts/vista/motion_code-master/physics_modal_v4/enhancements/results/central/checkpoints/no_linear_bank/seed42/ETTh2/h336.pt,bf047e0667f8c3c5,preserved,2,False,ETTh2,16,165.00589173845947,latentflow-central-all28-five-seed-no-exchange-v2-selector-safe,central,10,latentflow_process_preserving_unfreeze2,5.0,0.001,336,,6.716558014195931,True,,0.0007,0.4249041535223649,2048,1024,LatentFlow,0.41214913227932765,0.02,2545.0,1449614,,0.4249041535223649,0.41214913227932765,False,2,0.0,0.0,,/work/11617/sujato_ts/vista/motion_code-master/physics_modal_v4/enhancements/results/central/runs/no_linear_bank/seed42/ETTh2/h336.json,dd548fb256b23664145c15e4b6eec12adfa8d58689e79139e72ffdeab61c5caf,,0.6419884206738683,multiscale,42,"{'inducing_points': 32, 'latent_dim': 8, 'patch_lens': [16, 32, 48], 'representation_weight': 0.001}",16-32-48,,True,True,96,False,0,96.16206985738245,reference,no_linear_bank,0.0001,4
off,16,0,reference,0.6195506561370123,,/work/11617/sujato_ts/vista/motion_code-master/physics_modal_v4/enhancements/results/central/checkpoints/no_linear_bank/seed42/ETTh2/h720.pt,494925d821ff7072,preserved,2,False,ETTh2,16,165.75070328870788,latentflow-central-all28-five-seed-no-exchange-v2-selector-safe,central,10,latentflow_process_preserving_unfreeze2,5.0,0.001,720,,6.605330173537802,True,,0.0007,0.44607007720645325,2048,1024,LatentFlow,0.42525227503688534,0.02,2161.0,1604662,,0.44607007720645325,0.42525227503688534,False,2,0.0,0.0,,/work/11617/sujato_ts/vista/motion_code-master/physics_modal_v4/enhancements/results/central/runs/no_linear_bank/seed42/ETTh2/h720.json,a712ca3cbea7792bb0f9de5045de7c48bf6a32476520a2a2efb191c3fead8312,,0.6521136979368592,multiscale,42,"{'inducing_points': 32, 'latent_dim': 8, 'patch_lens': [16, 32, 48], 'representation_weight': 0.001}",16-32-48,,True,True,96,False,0,96.1935346829705,reference,no_linear_bank,0.0001,4
off,16,0,reference,0.22376768503870284,,/work/11617/sujato_ts/vista/motion_code-master/physics_modal_v4/enhancements/results/central/checkpoints/no_linear_bank/seed42/ETTh2/h96.pt,3f31f0d8a8062537,preserved,2,False,ETTh2,16,159.987441055011,latentflow-central-all28-five-seed-no-exchange-v2-selector-safe,central,10,latentflow_process_preserving_unfreeze2,5.0,0.001,96,,6.438392316761044,True,,0.0007,0.3484349451687149,2048,1024,LatentFlow,0.30091272523548496,0.02,2785.0,1354290,,0.3484349451687149,0.30091272523548496,False,2,0.0,0.0,,/work/11617/sujato_ts/vista/motion_code-master/physics_modal_v4/enhancements/results/central/runs/no_linear_bank/seed42/ETTh2/h96.json,fe938955dd5ba0ce97f42ab350371fae863f0c8019ba13ee8f3bb922fe1705e5,,0.5485551250653711,multiscale,42,"{'inducing_points': 32, 'latent_dim': 8, 'patch_lens': [16, 32, 48], 'representation_weight': 0.001}",16-32-48,,True,True,96,False,0,92.60997195160598,reference,no_linear_bank,0.0001,4
off,16,1,extension,0.5098642039866674,,/work/11617/sujato_ts/vista/motion_code-master/physics_modal_v4/enhancements/results/central/checkpoints/no_linear_bank/seed42/ETTm1/h192.pt,84f6af2e5414de37,preserved,2,False,ETTm1,16,173.62703520432115,latentflow-central-all28-five-seed-no-exchange-v2-selector-safe,central,10,latentflow_process_preserving_unfreeze2,5.0,0.001,192,,26.11704033705942,False,,0.0007,0.40005126132996116,2048,1024,LatentFlow,0.3844993167715235,0.02,11329.0,1380382,,0.39792928345770845,0.38387849383223926,False,2,0.0021219778722527116,0.0006208229392842268,,/work/11617/sujato_ts/vista/motion_code-master/physics_modal_v4/enhancements/results/central/runs/no_linear_bank/seed42/ETTm1/h192.json,98c4d347cdfbad6751429316c7c93a1f6bf9aa35581747f9176774ead08eb9a0,,0.6200800889978032,multiscale,42,"{'inducing_points': 32, 'latent_dim': 8, 'patch_lens': [8, 24, 48], 'representation_weight': 0.01}",8-24-48,,True,True,96,False,0,98.59151636919705,extension,no_linear_bank,0.0001,4
off,16,4,extension,0.6564505227974483,,/work/11617/sujato_ts/vista/motion_code-master/physics_modal_v4/enhancements/results/central/checkpoints/no_linear_bank/seed42/ETTm1/h336.pt,8790f0f96541113c,preserved,2,False,ETTm1,16,172.11578730400652,latentflow-central-all28-five-seed-no-exchange-v2-selector-safe,central,10,latentflow_process_preserving_unfreeze2,5.0,0.001,336,,26.790059308713584,False,,0.0007,0.4306042299352442,2048,1024,LatentFlow,0.438027217831662,0.02,11185.0,1439992,,0.4284935573755496,0.4299403943818845,False,2,0.002110672559694604,0.008086823449777458,,/work/11617/sujato_ts/vista/motion_code-master/physics_modal_v4/enhancements/results/central/runs/no_linear_bank/seed42/ETTm1/h336.json,516c6e0ff8323d395e293b0cd4fa72525d475260dce456853f8c06e06a894510,,0.6618362469914004,multiscale,42,"{'inducing_points': 32, 'latent_dim': 8, 'patch_lens': [8, 24, 48], 'representation_weight': 0.01}",8-24-48,,True,True,96,False,0,97.64229295615223,extension,no_linear_bank,0.0001,4
off,16,0,reference,0.9920360315413702,,/work/11617/sujato_ts/vista/motion_code-master/physics_modal_v4/enhancements/results/central/checkpoints/no_linear_bank/seed42/ETTm1/h720.pt,d273b454243c75a9,preserved,2,False,ETTm1,16,170.22758584283292,latentflow-central-all28-five-seed-no-exchange-v2-selector-safe,central,10,latentflow_process_preserving_unfreeze2,5.0,0.001,720,,6.608299733117466,True,,0.0007,0.47604066163521197,2048,1024,LatentFlow,0.5070499993780803,0.02,10801.0,1606168,,0.47604066163521197,0.5070499993780803,False,2,0.0,0.0,,/work/11617/sujato_ts/vista/motion_code-master/physics_modal_v4/enhancements/results/central/runs/no_linear_bank/seed42/ETTm1/h720.json,9ff3d436c7a17566f780c3c025d15f5b7a83c0c9b77c2ec72e7df005c143abd6,,0.7120744338747743,multiscale,42,"{'inducing_points': 32, 'latent_dim': 8, 'patch_lens': [8, 24, 48], 'representation_weight': 0.01}",8-24-48,,True,True,96,False,0,96.48415432166075,reference,no_linear_bank,0.0001,4
off,16,0,reference,0.40234640471282457,,/work/11617/sujato_ts/vista/motion_code-master/physics_modal_v4/enhancements/results/central/checkpoints/no_linear_bank/seed42/ETTm1/h96.pt,80c75fa53c8079cf,preserved,2,False,ETTm1,16,163.20902872714214,latentflow-central-all28-five-seed-no-exchange-v2-selector-safe,central,10,latentflow_process_preserving_unfreeze2,5.0,0.001,96,,6.197733478032857,True,,0.0007,0.38435205908160514,2048,1024,LatentFlow,0.3534930601405193,0.02,11425.0,1341462,,0.38435205908160514,0.3534930601405193,False,2,0.0,0.0,,/work/11617/sujato_ts/vista/motion_code-master/physics_modal_v4/enhancements/results/central/runs/no_linear_bank/seed42/ETTm1/h96.json,27b66df75ee3b0fe91dfa76c89ae9b52d2b2d8af01c9068ee24cd05efd8f0cd0,,0.5945528236755077,multiscale,42,"{'inducing_points': 32, 'latent_dim': 8, 'patch_lens': [8, 24, 48], 'representation_weight': 0.01}",8-24-48,,True,True,96,False,0,92.42669808827486,reference,no_linear_bank,0.0001,4
off,16,3,extension,0.17292759602978117,,/work/11617/sujato_ts/vista/motion_code-master/physics_modal_v4/enhancements/results/central/checkpoints/no_linear_bank/seed42/ETTm2/h192.pt,b28c525e697aa349,preserved,2,False,ETTm2,16,162.85214304202236,latentflow-central-all28-five-seed-no-exchange-v2-selector-safe,central,10,latentflow_process_preserving_unfreeze2,5.0,0.001,192,,29.00927467666872,False,,0.0007,0.30678147589479565,2048,1024,LatentFlow,0.24637017421968457,0.02,11329.0,1355518,,0.3074813611903993,0.2475313564333752,False,2,-0.0006998852956036639,-0.0011611822136906313,,/work/11617/sujato_ts/vista/motion_code-master/physics_modal_v4/enhancements/results/central/runs/no_linear_bank/seed42/ETTm2/h192.json,0321cd3d0ec89001622561c9463b5efac6f3a7f3725cc7d91099642b92a4c853,,0.49635690205706273,multiscale,42,"{'inducing_points': 16, 'latent_dim': 8, 'patch_lens': [8, 16, 32], 'representation_weight': 0.001}",8-16-32,,True,True,96,False,0,91.85870056244312,extension,no_linear_bank,0.0001,4
off,16,2,extension,0.2211427933910266,,/work/11617/sujato_ts/vista/motion_code-master/physics_modal_v4/enhancements/results/central/checkpoints/no_linear_bank/seed42/ETTm2/h336.pt,9d5edaf9fb5cf7ee,preserved,2,False,ETTm2,16,166.64643001102377,latentflow-central-all28-five-seed-no-exchange-v2-selector-safe,central,10,latentflow_process_preserving_unfreeze2,5.0,0.001,336,,26.25219047754699,False,,0.0007,0.35117632104295143,2048,1024,LatentFlow,0.3151030333812077,0.02,11185.0,1415660,,0.3519271083305577,0.31608480205977113,False,2,-0.0007507872876062471,-0.0009817686785634216,,/work/11617/sujato_ts/vista/motion_code-master/physics_modal_v4/enhancements/results/central/runs/no_linear_bank/seed42/ETTm2/h336.json,dc56379874abb02ab09b1298f62fbcbac8aea217863187b33237ec6c963a36d5,,0.561340389942865,multiscale,42,"{'inducing_points': 16, 'latent_dim': 8, 'patch_lens': [8, 16, 32], 'representation_weight': 0.001}",8-16-32,,True,True,96,False,0,94.48927086168624,extension,no_linear_bank,0.0001,4
off,16,0,reference,0.301069979913651,,/work/11617/sujato_ts/vista/motion_code-master/physics_modal_v4/enhancements/results/central/checkpoints/no_linear_bank/seed42/ETTm2/h720.pt,c51022add974c6da,preserved,2,False,ETTm2,16,173.4676941386424,latentflow-central-all28-five-seed-no-exchange-v2-selector-safe,central,10,latentflow_process_preserving_unfreeze2,5.0,0.001,720,,6.689775193480426,True,,0.0007,0.40621079411743793,2048,1024,LatentFlow,0.41419080023741645,0.02,10801.0,1584308,,0.40621079411743793,0.41419080023741645,False,2,0.0,0.0,,/work/11617/sujato_ts/vista/motion_code-master/physics_modal_v4/enhancements/results/central/runs/no_linear_bank/seed42/ETTm2/h720.json,c7f5b3da7b5a77ac151cfb1ff57067605bc1b609034de0b9b0c91ad6166ca870,,0.6435765690556303,multiscale,42,"{'inducing_points': 16, 'latent_dim': 8, 'patch_lens': [8, 16, 32], 'representation_weight': 0.001}",8-16-32,,True,True,96,False,0,98.32175747033034,reference,no_linear_bank,0.0001,4
off,16,3,extension,0.1310986245849303,,/work/11617/sujato_ts/vista/motion_code-master/physics_modal_v4/enhancements/results/central/checkpoints/no_linear_bank/seed42/ETTm2/h96.pt,45118c9304fe5f05,preserved,2,False,ETTm2,16,171.1508089285344,latentflow-central-all28-five-seed-no-exchange-v2-selector-safe,central,10,latentflow_process_preserving_unfreeze2,5.0,0.001,96,,25.51273892138566,False,,0.0007,0.26229592145128994,2048,1024,LatentFlow,0.1774811372561195,0.02,11425.0,1316386,,0.26361899021852636,0.17868426892140563,False,2,-0.0013230687672364239,-0.001203131665286128,,/work/11617/sujato_ts/vista/motion_code-master/physics_modal_v4/enhancements/results/central/runs/no_linear_bank/seed42/ETTm2/h96.json,25156f34db3b71a68a5706c8cf730446e7ea33f31ddacfeb5de798f7cf79d57b,,0.4212851021055925,multiscale,42,"{'inducing_points': 16, 'latent_dim': 8, 'patch_lens': [8, 16, 32], 'representation_weight': 0.001}",8-16-32,,True,True,96,False,0,96.99884083820507,extension,no_linear_bank,0.0001,4
off,16,10,extension,0.1469223785561317,,/work/11617/sujato_ts/vista/motion_code-master/physics_modal_v4/enhancements/results/central/checkpoints/no_linear_bank/seed42/Electricity/h192.pt,f28058b6fb25fbe0,preserved,2,False,Electricity,16,696.0806717798114,latentflow-central-all28-five-seed-no-exchange-v2-selector-safe,central,10,latentflow_process_preserving_unfreeze2,5.0,0.001,192,,37.622824792366174,False,,0.0007,0.2649523779855501,2048,1024,LatentFlow,0.17095031480123385,0.02,5071.0,1369111,,0.27137243848673714,0.1794662628896464,False,2,-0.0064200605011870415,-0.00851594808841255,,/work/11617/sujato_ts/vista/motion_code-master/physics_modal_v4/enhancements/results/central/runs/no_linear_bank/seed42/Electricity/h192.json,1e6849c0e7df7ad64185bdd98651ac7ffbbbc49426eeeca76898bd371b3d0952,,0.41346138247874353,multiscale,42,"{'inducing_points': 32, 'latent_dim': 16, 'patch_lens': [8, 16, 32], 'representation_weight': 0.001}",8-16-32,,True,True,96,False,0,467.356026681955,extension,no_linear_bank,0.0001,4
off,16,10,extension,0.165285941914659,,/work/11617/sujato_ts/vista/motion_code-master/physics_modal_v4/enhancements/results/central/checkpoints/no_linear_bank/seed42/Electricity/h336.pt,80f1f8956adae329,preserved,2,False,Electricity,16,739.7769293691963,latentflow-central-all28-five-seed-no-exchange-v2-selector-safe,central,10,latentflow_process_preserving_unfreeze2,5.0,0.001,336,,37.03474240695558,False,,0.0007,0.2836121481150103,2048,1024,LatentFlow,0.19054275640926377,0.02,4927.0,1429253,,0.29061044531149816,0.19995148862726958,False,2,-0.006998297196487868,-0.00940873221800581,,/work/11617/sujato_ts/vista/motion_code-master/physics_modal_v4/enhancements/results/central/runs/no_linear_bank/seed42/Electricity/h336.json,e2701d9f33fcd560b565a55e7ff940682f83ca15998efd54b238c35ce6440141,,0.4365120346671599,multiscale,42,"{'inducing_points': 32, 'latent_dim': 16, 'patch_lens': [8, 16, 32], 'representation_weight': 0.001}",8-16-32,,True,True,96,False,0,498.3943467217614,extension,no_linear_bank,0.0001,4
off,16,8,extension,0.19819292967688382,,/work/11617/sujato_ts/vista/motion_code-master/physics_modal_v4/enhancements/results/central/checkpoints/no_linear_bank/seed42/Electricity/h720.pt,d80a368c2eff3d75,preserved,2,False,Electricity,16,743.2185024148785,latentflow-central-all28-five-seed-no-exchange-v2-selector-safe,central,10,latentflow_process_preserving_unfreeze2,5.0,0.001,720,,40.98193636870363,False,,0.0007,0.31259068266000883,2048,1024,LatentFlow,0.2214310653941364,0.02,4543.0,1597901,,0.3206249529722361,0.23815533752983015,False,2,-0.008034270312227254,-0.016724272135693746,,/work/11617/sujato_ts/vista/motion_code-master/physics_modal_v4/enhancements/results/central/runs/no_linear_bank/seed42/Electricity/h720.json,5a7262781f6287fa1ea4f4d6f3404f42a84e76663cba83cca078efba527113d3,,0.47056462403599403,multiscale,42,"{'inducing_points': 32, 'latent_dim': 16, 'patch_lens': [8, 16, 32], 'representation_weight': 0.001}",8-16-32,,True,True,96,False,0,496.24201254373475,extension,no_linear_bank,0.0001,4
off,16,10,extension,0.13662296443837207,,/work/11617/sujato_ts/vista/motion_code-master/physics_modal_v4/enhancements/results/central/checkpoints/no_linear_bank/seed42/Electricity/h96.pt,8366325bccaa74f0,preserved,2,False,Electricity,16,705.9397522180807,latentflow-central-all28-five-seed-no-exchange-v2-selector-safe,central,10,latentflow_process_preserving_unfreeze2,5.0,0.001,96,,38.04479467487612,False,,0.0007,0.25497942517074457,2048,1024,LatentFlow,0.158692244986136,0.02,5167.0,1329979,,0.2623137245657001,0.16768108898256281,False,2,-0.007334299394955557,-0.008988843996426826,,/work/11617/sujato_ts/vista/motion_code-master/physics_modal_v4/enhancements/results/central/runs/no_linear_bank/seed42/Electricity/h96.json,fa01d22271078b757edf53df6e1d61e5d4f033f54ffe97024571ff1b4e197c36,,0.3983619522320574,multiscale,42,"{'inducing_points': 32, 'latent_dim': 16, 'patch_lens': [8, 16, 32], 'representation_weight': 0.001}",8-16-32,,True,True,96,False,0,475.45940555937705,extension,no_linear_bank,0.0001,4
off,16,10,extension,0.390477283832553,,/work/11617/sujato_ts/vista/motion_code-master/physics_modal_v4/enhancements/results/central/checkpoints/no_linear_bank/seed42/Traffic/h192.pt,9c7e65c8e2ab8207,preserved,2,False,Traffic,16,1454.86245017685,latentflow-central-all28-five-seed-no-exchange-v2-selector-safe,central,10,latentflow_process_preserving_unfreeze2,5.0,0.001,192,,86.48650791352065,False,,0.0007,0.30155022942001825,2048,1024,LatentFlow,0.45500014799535626,0.02,3319.0,1370734,,0.31633716023187153,0.47443509920952764,False,2,-0.014786930811853283,-0.01943495121417138,,/work/11617/sujato_ts/vista/motion_code-master/physics_modal_v4/enhancements/results/central/runs/no_linear_bank/seed42/Traffic/h192.json,fdc48a3a0b1e6d381f46ff8df4724e700f44bf8845d9e4b9a7b3e5b454fe22fb,,0.6745369878630498,multiscale,42,"{'inducing_points': 32, 'latent_dim': 16, 'patch_lens': [8, 16, 32], 'representation_weight': 0.001}",8-16-32,,True,True,96,False,0,968.9657374983653,extension,no_linear_bank,0.0001,4
off,16,10,extension,0.4007375451849648,,/work/11617/sujato_ts/vista/motion_code-master/physics_modal_v4/enhancements/results/central/checkpoints/no_linear_bank/seed42/Traffic/h336.pt,a8e98dcb1dcedadd,preserved,2,False,Traffic,16,1516.5401070371736,latentflow-central-all28-five-seed-no-exchange-v2-selector-safe,central,10,latentflow_process_preserving_unfreeze2,5.0,0.001,336,,89.68179861749194,False,,0.0007,0.301726345607883,2048,1024,LatentFlow,0.46115726458505696,0.02,3175.0,1430876,,0.31241921927455923,0.4737609898485355,False,2,-0.010692873666676261,-0.012603725263478527,,/work/11617/sujato_ts/vista/motion_code-master/physics_modal_v4/enhancements/results/central/runs/no_linear_bank/seed42/Traffic/h336.json,c38f4970a67c5c9e5db79c1046746001a280654416323c070fcc3693a37909e0,,0.6790856091724055,multiscale,42,"{'inducing_points': 32, 'latent_dim': 16, 'patch_lens': [8, 16, 32], 'representation_weight': 0.001}",8-16-32,,True,True,96,False,0,1010.1931743054593,extension,no_linear_bank,0.0001,4
off,16,10,extension,0.44625741467398444,,/work/11617/sujato_ts/vista/motion_code-master/physics_modal_v4/enhancements/results/central/checkpoints/no_linear_bank/seed42/Traffic/h720.pt,7785811c5507114d,preserved,2,False,Traffic,16,1690.331704089418,latentflow-central-all28-five-seed-no-exchange-v2-selector-safe,central,10,latentflow_process_preserving_unfreeze2,5.0,0.001,720,,99.72586663198676,False,,0.0007,0.31831332686025887,2048,1024,LatentFlow,0.4902586945276216,0.02,2791.0,1599524,,0.33202941303629063,0.5101077935153957,False,2,-0.013716086176031761,-0.019849098987774094,,/work/11617/sujato_ts/vista/motion_code-master/physics_modal_v4/enhancements/results/central/runs/no_linear_bank/seed42/Traffic/h720.json,c4bef58b8f4d6a1b34153e2ebc15e036c3200deab40c9efed5666d5104983bfc,,0.7001847574230831,multiscale,42,"{'inducing_points': 32, 'latent_dim': 16, 'patch_lens': [8, 16, 32], 'representation_weight': 0.001}",8-16-32,,True,True,96,False,0,1123.522267570661,extension,no_linear_bank,0.0001,4
off,16,10,extension,0.3917112097847121,,/work/11617/sujato_ts/vista/motion_code-master/physics_modal_v4/enhancements/results/central/checkpoints/no_linear_bank/seed42/Traffic/h96.pt,ff2ad5f161692dec,preserved,2,False,Traffic,16,1445.5007002169732,latentflow-central-all28-five-seed-no-exchange-v2-selector-safe,central,10,latentflow_process_preserving_unfreeze2,5.0,0.001,96,,87.72177088944495,False,,0.0007,0.2944886216445411,2048,1024,LatentFlow,0.43297755345352135,0.02,3415.0,1331602,,0.3068906657060002,0.4471947579558042,False,2,-0.012402044061459117,-0.014217204502282865,,/work/11617/sujato_ts/vista/motion_code-master/physics_modal_v4/enhancements/results/central/runs/no_linear_bank/seed42/Traffic/h96.json,226ebd2cd393901f6be3f4d6f95b862dc408687a8ee5c788eff153dfd1f35647,,0.6580102988962417,multiscale,42,"{'inducing_points': 32, 'latent_dim': 16, 'patch_lens': [8, 16, 32], 'representation_weight': 0.001}",8-16-32,,True,True,96,False,0,964.2360311656375,extension,no_linear_bank,0.0001,4
off,16,4,extension,0.4792043776029632,,/work/11617/sujato_ts/vista/motion_code-master/physics_modal_v4/enhancements/results/central/checkpoints/no_linear_bank/seed42/Weather/h192.pt,05df1031c38c22b4,preserved,2,False,Weather,16,240.5361148440279,latentflow-central-all28-five-seed-no-exchange-v2-selector-safe,central,10,latentflow_process_preserving_unfreeze2,5.0,0.001,192,,41.187722285732974,False,,0.0007,0.2562145097431449,2048,1024,LatentFlow,0.2143069253088955,0.02,10349.0,1371328,,0.26030513320276283,0.2196984919292888,False,2,-0.004090623459617915,-0.005391566620393307,,/work/11617/sujato_ts/vista/motion_code-master/physics_modal_v4/enhancements/results/central/runs/no_linear_bank/seed42/Weather/h192.json,8ff6368899e8735af37731212c3a4b40d69f7df769dae6b350c7e8699385869c,,0.4629329598428864,multiscale,42,"{'inducing_points': 32, 'latent_dim': 16, 'patch_lens': [8, 16, 32], 'representation_weight': 0.001}",8-16-32,,True,True,96,False,0,151.13454825150257,extension,no_linear_bank,0.0001,4
off,16,4,extension,0.559269605580371,,/work/11617/sujato_ts/vista/motion_code-master/physics_modal_v4/enhancements/results/central/checkpoints/no_linear_bank/seed42/Weather/h336.pt,a60cf8d5c0c8f333,preserved,2,False,Weather,16,250.92956547392532,latentflow-central-all28-five-seed-no-exchange-v2-selector-safe,central,10,latentflow_process_preserving_unfreeze2,5.0,0.001,336,,39.76655789347492,False,,0.0007,0.2974403958103406,2048,1024,LatentFlow,0.2714524786668397,0.02,10205.0,1431470,,0.2994118183714594,0.27447461232124093,False,2,-0.0019714225611188185,-0.003022133654401238,,/work/11617/sujato_ts/vista/motion_code-master/physics_modal_v4/enhancements/results/central/runs/no_linear_bank/seed42/Weather/h336.json,baf34c9c26e271a9296c5b53da0dfdcd5515ce13293945e65c2b5420498cc883,,0.5210110158785893,multiscale,42,"{'inducing_points': 32, 'latent_dim': 16, 'patch_lens': [8, 16, 32], 'representation_weight': 0.001}",8-16-32,,True,True,96,False,0,158.06726507362328,extension,no_linear_bank,0.0001,4
off,16,6,extension,0.6789292663493485,,/work/11617/sujato_ts/vista/motion_code-master/physics_modal_v4/enhancements/results/central/checkpoints/no_linear_bank/seed42/Weather/h720.pt,2a960288739fe822,preserved,2,False,Weather,16,238.92642161203548,latentflow-central-all28-five-seed-no-exchange-v2-selector-safe,central,10,latentflow_process_preserving_unfreeze2,5.0,0.001,720,,42.11255665860912,False,,0.0007,0.3467068189974721,2048,1024,LatentFlow,0.3471329245677059,0.02,9821.0,1600118,,0.34676486798464334,0.3490673420752426,False,2,-5.8048987171266386e-05,-0.001934417507536701,,/work/11617/sujato_ts/vista/motion_code-master/physics_modal_v4/enhancements/results/central/runs/no_linear_bank/seed42/Weather/h720.json,569cf5b2c4d415af878421da7db88415d2e182fb2d591dd9608869316d61dbb1,,0.589179874544019,multiscale,42,"{'inducing_points': 32, 'latent_dim': 16, 'patch_lens': [8, 16, 32], 'representation_weight': 0.001}",8-16-32,,True,True,96,False,0,150.67745388223557,extension,no_linear_bank,0.0001,4
off,16,8,extension,0.4363589340022632,,/work/11617/sujato_ts/vista/motion_code-master/physics_modal_v4/enhancements/results/central/checkpoints/no_linear_bank/seed42/Weather/h96.pt,259ae24298a0dd3c,preserved,2,False,Weather,16,232.67839956004173,latentflow-central-all28-five-seed-no-exchange-v2-selector-safe,central,10,latentflow_process_preserving_unfreeze2,5.0,0.001,96,,40.62147458983777,False,,0.0007,0.21296077343546685,2048,1024,LatentFlow,0.16613470078949433,0.02,10445.0,1332196,,0.21734394928356254,0.17167284340145306,False,2,-0.004383175848095694,-0.00553814261195873,,/work/11617/sujato_ts/vista/motion_code-master/physics_modal_v4/enhancements/results/central/runs/no_linear_bank/seed42/Weather/h96.json,a4291431eb2ebe6615af64ee28f008316de287ccbab51e9a5f14923f563c4d49,,0.40759624727111304,multiscale,42,"{'inducing_points': 32, 'latent_dim': 16, 'patch_lens': [8, 16, 32], 'representation_weight': 0.001}",8-16-32,,True,True,96,False,0,146.41833160858369,extension,no_linear_bank,0.0001,4
off,16,1,extension,1.0297900995328313,,/work/11617/sujato_ts/vista/motion_code-master/physics_modal_v4/enhancements/results/central/checkpoints/no_linear_bank/seed43/ETTh1/h192.pt,762907ed5ad8ed44,preserved,2,False,ETTh1,16,156.73066635697614,latentflow-central-all28-five-seed-no-exchange-v2-selector-safe,central,10,latentflow_process_preserving_unfreeze2,5.0,0.001,192,,27.40392945204934,False,,0.0007,0.4419232441275379,2048,1024,LatentFlow,0.45736352584485696,0.02,2689.0,1422510,,0.443341979500161,0.4599794201267479,False,2,-0.0014187353726231033,-0.0026158942818909625,,/work/11617/sujato_ts/vista/motion_code-master/physics_modal_v4/enhancements/results/central/runs/no_linear_bank/seed43/ETTh1/h192.json,22a92ff9aba6372ed12687cc5154760387620080ee19a6a16735c3ce3c71a306,,0.6762865708003205,multiscale,43,"{'inducing_points': 32, 'latent_dim': 16, 'patch_lens': [16, 32, 48], 'representation_weight': 0.05}",16-32-48,,True,True,96,False,0,91.3386611234273,extension,no_linear_bank,0.0001,4
off,16,1,extension,1.3000383162174096,,/work/11617/sujato_ts/vista/motion_code-master/physics_modal_v4/enhancements/results/central/checkpoints/no_linear_bank/seed43/ETTh1/h336.pt,e5e3119a3af772d1,preserved,2,False,ETTh1,16,162.6001645089127,latentflow-central-all28-five-seed-no-exchange-v2-selector-safe,central,10,latentflow_process_preserving_unfreeze2,5.0,0.001,336,,28.02528117936623,False,,0.0007,0.46791749414849515,2048,1024,LatentFlow,0.506544230272114,0.02,2545.0,1479862,,0.4658007510558577,0.49559610148945654,False,2,0.0021167430926374298,0.010948128782657496,,/work/11617/sujato_ts/vista/motion_code-master/physics_modal_v4/enhancements/results/central/runs/no_linear_bank/seed43/ETTh1/h336.json,e330b0ba8db35b1c36d066053516ff473c88ca6d62be38796b1d2703d7b9b7d9,,0.7117192074632481,multiscale,43,"{'inducing_points': 32, 'latent_dim': 16, 'patch_lens': [16, 32, 48], 'representation_weight': 0.05}",16-32-48,,True,True,96,False,0,94.36796615336789,extension,no_linear_bank,0.0001,4
off,16,0,reference,1.5775798396458702,,/work/11617/sujato_ts/vista/motion_code-master/physics_modal_v4/enhancements/results/central/checkpoints/no_linear_bank/seed43/ETTh1/h720.pt,0d726bca846af59b,preserved,2,False,ETTh1,16,165.0952046510065,latentflow-central-all28-five-seed-no-exchange-v2-selector-safe,central,10,latentflow_process_preserving_unfreeze2,5.0,0.001,720,,6.624050153447176,True,,0.0007,0.5129380355705734,2048,1024,LatentFlow,0.5872729192308579,0.02,2161.0,1634910,,0.5129380355705734,0.5872729192308579,False,2,0.0,0.0,,/work/11617/sujato_ts/vista/motion_code-master/physics_modal_v4/enhancements/results/central/runs/no_linear_bank/seed43/ETTh1/h720.json,3b87c63b00efd4963be5ec089b8eecf1c8ba380ce6fd64b8f8cea44a01d8c9cd,,0.7663373403605346,multiscale,43,"{'inducing_points': 32, 'latent_dim': 16, 'patch_lens': [16, 32, 48], 'representation_weight': 0.05}",16-32-48,,True,True,96,False,0,95.89496902972314,reference,no_linear_bank,0.0001,4
off,16,3,extension,0.7686287381109738,,/work/11617/sujato_ts/vista/motion_code-master/physics_modal_v4/enhancements/results/central/checkpoints/no_linear_bank/seed43/ETTh1/h96.pt,ba0d75c256df4bca,preserved,2,False,ETTh1,16,164.2697466260288,latentflow-central-all28-five-seed-no-exchange-v2-selector-safe,central,10,latentflow_process_preserving_unfreeze2,5.0,0.001,96,,28.11046957302128,False,,0.0007,0.42275450860494995,2048,1024,LatentFlow,0.414932810380702,0.02,2785.0,1384538,,0.41676520919701965,0.4051857176281157,False,2,0.005989299407930304,0.009747092752586284,,/work/11617/sujato_ts/vista/motion_code-master/physics_modal_v4/enhancements/results/central/runs/no_linear_bank/seed43/ETTh1/h96.json,cc712708d2243ff3e70e72f32830fdd1e1d57f115f69c89ceabb478994f114c7,,0.6441527849669688,multiscale,43,"{'inducing_points': 32, 'latent_dim': 16, 'patch_lens': [16, 32, 48], 'representation_weight': 0.05}",16-32-48,,True,True,96,False,0,95.19350258433406,extension,no_linear_bank,0.0001,4
off,16,0,reference,0.2771868986920232,,/work/11617/sujato_ts/vista/motion_code-master/physics_modal_v4/enhancements/results/central/checkpoints/no_linear_bank/seed43/ETTh2/h192.pt,84f53ab4d794b464,preserved,2,False,ETTh2,16,174.249558982905,latentflow-central-all28-five-seed-no-exchange-v2-selector-safe,central,10,latentflow_process_preserving_unfreeze2,5.0,0.001,192,,6.732886852306163,True,,0.0007,0.40085590263379806,2048,1024,LatentFlow,0.38761995805958793,0.02,2689.0,1392262,,0.40085590263379806,0.38761995805958793,False,2,0.0,0.0,,/work/11617/sujato_ts/vista/motion_code-master/physics_modal_v4/enhancements/results/central/runs/no_linear_bank/seed43/ETTh2/h192.json,8a848491c73183429e83249bf34d3771e41e4638c1e92231973c187428807d78,,0.6225913250757578,multiscale,43,"{'inducing_points': 32, 'latent_dim': 8, 'patch_lens': [16, 32, 48], 'representation_weight': 0.001}",16-32-48,,True,True,96,False,0,101.22110547636112,reference,no_linear_bank,0.0001,4
off,16,0,reference,0.353056555297099,,/work/11617/sujato_ts/vista/motion_code-master/physics_modal_v4/enhancements/results/central/checkpoints/no_linear_bank/seed43/ETTh2/h336.pt,01ed7d4e8ebe8837,preserved,2,False,ETTh2,16,173.7758626253344,latentflow-central-all28-five-seed-no-exchange-v2-selector-safe,central,10,latentflow_process_preserving_unfreeze2,5.0,0.001,336,,6.055501358188642,True,,0.0007,0.4250684972451326,2048,1024,LatentFlow,0.40988198726142133,0.02,2545.0,1449614,,0.4250684972451326,0.40988198726142133,False,2,0.0,0.0,,/work/11617/sujato_ts/vista/motion_code-master/physics_modal_v4/enhancements/results/central/runs/no_linear_bank/seed43/ETTh2/h336.json,525a205f3b58f7675c8040357cfa8e91719cb864fa33c295d6a32aa008250721,,0.6402202646444591,multiscale,43,"{'inducing_points': 32, 'latent_dim': 8, 'patch_lens': [16, 32, 48], 'representation_weight': 0.001}",16-32-48,,True,True,96,False,0,101.03394566940551,reference,no_linear_bank,0.0001,4
off,16,0,reference,0.6264719037782578,,/work/11617/sujato_ts/vista/motion_code-master/physics_modal_v4/enhancements/results/central/checkpoints/no_linear_bank/seed43/ETTh2/h720.pt,8df3af91870b14b1,preserved,2,False,ETTh2,16,162.60257419198751,latentflow-central-all28-five-seed-no-exchange-v2-selector-safe,central,10,latentflow_process_preserving_unfreeze2,5.0,0.001,720,,6.808275551493488,True,,0.0007,0.44383206391344515,2048,1024,LatentFlow,0.4266107113311291,0.02,2161.0,1604662,,0.44383206391344515,0.4266107113311291,False,2,0.0,0.0,,/work/11617/sujato_ts/vista/motion_code-master/physics_modal_v4/enhancements/results/central/runs/no_linear_bank/seed43/ETTh2/h720.json,48877b9891bb19bbf3bacaa27846eda142a8b93d73827d0b2062093cc14012ba,,0.653154431456397,multiscale,43,"{'inducing_points': 32, 'latent_dim': 8, 'patch_lens': [16, 32, 48], 'representation_weight': 0.001}",16-32-48,,True,True,96,False,0,94.05840626859572,reference,no_linear_bank,0.0001,4
off,16,0,reference,0.2316125681002935,,/work/11617/sujato_ts/vista/motion_code-master/physics_modal_v4/enhancements/results/central/checkpoints/no_linear_bank/seed43/ETTh2/h96.pt,c31fcf4da5c98585,preserved,2,False,ETTh2,16,151.6943565439433,latentflow-central-all28-five-seed-no-exchange-v2-selector-safe,central,10,latentflow_process_preserving_unfreeze2,5.0,0.001,96,,6.687024985090156,True,,0.0007,0.35290649650830064,2048,1024,LatentFlow,0.30764443275713865,0.02,2785.0,1354290,,0.35290649650830064,0.30764443275713865,False,2,0.0,0.0,,/work/11617/sujato_ts/vista/motion_code-master/physics_modal_v4/enhancements/results/central/runs/no_linear_bank/seed43/ETTh2/h96.json,97729cca41be3c200e13ce2bd02cc93ad602999c8be04bbb1f48d3dfb946b2c9,,0.5546570406630917,multiscale,43,"{'inducing_points': 32, 'latent_dim': 8, 'patch_lens': [16, 32, 48], 'representation_weight': 0.001}",16-32-48,,True,True,96,False,0,87.40288694207266,reference,no_linear_bank,0.0001,4
off,16,3,extension,0.5125834140039626,,/work/11617/sujato_ts/vista/motion_code-master/physics_modal_v4/enhancements/results/central/checkpoints/no_linear_bank/seed43/ETTm1/h192.pt,2f5ddb8c7c25ad16,preserved,2,False,ETTm1,16,171.46618670597672,latentflow-central-all28-five-seed-no-exchange-v2-selector-safe,central,10,latentflow_process_preserving_unfreeze2,5.0,0.001,192,,26.551861645287637,False,,0.0007,0.395602624428347,2048,1024,LatentFlow,0.377290579972523,0.02,11329.0,1380382,,0.39785520574722033,0.38152902875583694,False,2,-0.002252581318873348,-0.0042384487833139195,,/work/11617/sujato_ts/vista/motion_code-master/physics_modal_v4/enhancements/results/central/runs/no_linear_bank/seed43/ETTm1/h192.json,0e2c52963f3f9333f051740f399461766c3cfe1d46a7670eb516a2bd970e3231,,0.6142398391284328,multiscale,43,"{'inducing_points': 32, 'latent_dim': 8, 'patch_lens': [8, 24, 48], 'representation_weight': 0.01}",8-24-48,,True,True,96,False,0,97.65267159673385,extension,no_linear_bank,0.0001,4
off,16,3,extension,0.6557272090798333,,/work/11617/sujato_ts/vista/motion_code-master/physics_modal_v4/enhancements/results/central/checkpoints/no_linear_bank/seed43/ETTm1/h336.pt,5fe5ecf4d7892e74,preserved,2,False,ETTm1,16,173.71415677433833,latentflow-central-all28-five-seed-no-exchange-v2-selector-safe,central,10,latentflow_process_preserving_unfreeze2,5.0,0.001,336,,27.603806396759513,False,,0.0007,0.4230950737467592,2048,1024,LatentFlow,0.4181563640732053,0.02,11185.0,1439992,,0.422382717193993,0.4181434244470936,False,2,0.0007123565527661913,1.2939626111652114e-05,,/work/11617/sujato_ts/vista/motion_code-master/physics_modal_v4/enhancements/results/central/runs/no_linear_bank/seed43/ETTm1/h336.json,7a6dc5a2130b3b3cb86820e3a7b873d0c4f280bb0fdc52bbd999a5aa4e7289a2,,0.6466501094666306,multiscale,43,"{'inducing_points': 32, 'latent_dim': 8, 'patch_lens': [8, 24, 48], 'representation_weight': 0.01}",8-24-48,,True,True,96,False,0,98.9647840091493,extension,no_linear_bank,0.0001,4
off,16,1,extension,0.9879691241279481,,/work/11617/sujato_ts/vista/motion_code-master/physics_modal_v4/enhancements/results/central/checkpoints/no_linear_bank/seed43/ETTm1/h720.pt,5581bfefc85075b9,preserved,2,False,ETTm1,16,159.8489012750797,latentflow-central-all28-five-seed-no-exchange-v2-selector-safe,central,10,latentflow_process_preserving_unfreeze2,5.0,0.001,720,,24.505687794628766,False,,0.0007,0.4523580661729243,2048,1024,LatentFlow,0.47591895714095817,0.02,10801.0,1606168,,0.451734251621733,0.4769820346515787,False,2,0.0006238145511913151,-0.0010630775106205137,,/work/11617/sujato_ts/vista/motion_code-master/physics_modal_v4/enhancements/results/central/runs/no_linear_bank/seed43/ETTm1/h720.json,98d3cb9ce55552b932717ec8661115c220f9e7d67bec20939f5ee5a8eef389de,,0.689868797048365,multiscale,43,"{'inducing_points': 32, 'latent_dim': 8, 'patch_lens': [8, 24, 48], 'representation_weight': 0.01}",8-24-48,,True,True,96,False,0,90.45647409202502,extension,no_linear_bank,0.0001,4
off,16,1,extension,0.395308958987395,,/work/11617/sujato_ts/vista/motion_code-master/physics_modal_v4/enhancements/results/central/checkpoints/no_linear_bank/seed43/ETTm1/h96.pt,d0a103575a1dc9a4,preserved,2,False,ETTm1,16,162.03494131937623,latentflow-central-all28-five-seed-no-exchange-v2-selector-safe,central,10,latentflow_process_preserving_unfreeze2,5.0,0.001,96,,24.64419624769504,False,,0.0007,0.37851468887082657,2048,1024,LatentFlow,0.34244445722476013,0.02,11425.0,1341462,,0.3789956576359375,0.3433126579663077,False,2,-0.0004809687651109451,-0.0008682007415475868,,/work/11617/sujato_ts/vista/motion_code-master/physics_modal_v4/enhancements/results/central/runs/no_linear_bank/seed43/ETTm1/h96.json,f686140f15f1b5ab59f21e8d924cde54194e7b56d37b43ee1c190c5e83dc3496,,0.5851875402166046,multiscale,43,"{'inducing_points': 32, 'latent_dim': 8, 'patch_lens': [8, 24, 48], 'representation_weight': 0.01}",8-24-48,,True,True,96,False,0,92.07458354794653,extension,no_linear_bank,0.0001,4
off,16,2,extension,0.17292686649376438,,/work/11617/sujato_ts/vista/motion_code-master/physics_modal_v4/enhancements/results/central/checkpoints/no_linear_bank/seed43/ETTm2/h192.pt,56340a0542eca883,preserved,2,False,ETTm2,16,164.25454927398823,latentflow-central-all28-five-seed-no-exchange-v2-selector-safe,central,10,latentflow_process_preserving_unfreeze2,5.0,0.001,192,,26.127229107786206,False,,0.0007,0.30473235337645205,2048,1024,LatentFlow,0.24312247845218105,0.02,11329.0,1355518,,0.3054367402774705,0.24420747295211104,False,2,-0.0007043869010184278,-0.001084994499929992,,/work/11617/sujato_ts/vista/motion_code-master/physics_modal_v4/enhancements/results/central/runs/no_linear_bank/seed43/ETTm2/h192.json,7238412179d64f75a70f024b7ced99bedbb4dc6b07cd9583d5cf23464dc0ff37,,0.4930745161252821,multiscale,43,"{'inducing_points': 16, 'latent_dim': 8, 'patch_lens': [8, 16, 32], 'representation_weight': 0.001}",8-16-32,,True,True,96,False,0,92.84497042663133,extension,no_linear_bank,0.0001,4
off,16,2,extension,0.21609969873006651,,/work/11617/sujato_ts/vista/motion_code-master/physics_modal_v4/enhancements/results/central/checkpoints/no_linear_bank/seed43/ETTm2/h336.pt,46653de57ae79e58,preserved,2,False,ETTm2,16,163.41873829811811,latentflow-central-all28-five-seed-no-exchange-v2-selector-safe,central,10,latentflow_process_preserving_unfreeze2,5.0,0.001,336,,27.299720259669524,False,,0.0007,0.3453318597101383,2048,1024,LatentFlow,0.30776261589644216,0.02,11185.0,1415660,,0.3457875948301823,0.30844945502242255,False,2,-0.0004557351200439874,-0.0006868391259803874,,/work/11617/sujato_ts/vista/motion_code-master/physics_modal_v4/enhancements/results/central/runs/no_linear_bank/seed43/ETTm2/h336.json,ca8fadea79294c74e9d3b7dd2c63c4e8b1a1481e6d807bdb4fe77cf1218d035e,,0.554763567564095,multiscale,43,"{'inducing_points': 16, 'latent_dim': 8, 'patch_lens': [8, 16, 32], 'representation_weight': 0.001}",8-16-32,,True,True,96,False,0,92.32771004171809,extension,no_linear_bank,0.0001,4
off,16,0,reference,0.2986388373942602,,/work/11617/sujato_ts/vista/motion_code-master/physics_modal_v4/enhancements/results/central/checkpoints/no_linear_bank/seed43/ETTm2/h720.pt,d89b13e2cc9c0d5a,preserved,2,False,ETTm2,16,168.91569828242064,latentflow-central-all28-five-seed-no-exchange-v2-selector-safe,central,10,latentflow_process_preserving_unfreeze2,5.0,0.001,720,,6.804586424097109,True,,0.0007,0.40690780168898727,2048,1024,LatentFlow,0.41617078781730577,0.02,10801.0,1584308,,0.40690780168898727,0.41617078781730577,False,2,0.0,0.0,,/work/11617/sujato_ts/vista/motion_code-master/physics_modal_v4/enhancements/results/central/runs/no_linear_bank/seed43/ETTm2/h720.json,63f453e9cef66cba8d0dcdcf8ae29ae4a6c6f9fb2c847fccec5c11a0f56328c9,,0.6451130039127299,multiscale,43,"{'inducing_points': 16, 'latent_dim': 8, 'patch_lens': [8, 16, 32], 'representation_weight': 0.001}",8-16-32,,True,True,96,False,0,95.72682707512286,reference,no_linear_bank,0.0001,4
off,16,1,extension,0.13059120208379768,,/work/11617/sujato_ts/vista/motion_code-master/physics_modal_v4/enhancements/results/central/checkpoints/no_linear_bank/seed43/ETTm2/h96.pt,7dd0f6a906f06663,preserved,2,False,ETTm2,16,171.70571006275713,latentflow-central-all28-five-seed-no-exchange-v2-selector-safe,central,10,latentflow_process_preserving_unfreeze2,5.0,0.001,96,,27.02456349337168,False,,0.0007,0.2630289146564051,2048,1024,LatentFlow,0.17837454361283084,0.02,11425.0,1316386,,0.26373499365589254,0.17906134122459172,False,2,-0.0007060789994874361,-0.0006867976117608809,,/work/11617/sujato_ts/vista/motion_code-master/physics_modal_v4/enhancements/results/central/runs/no_linear_bank/seed43/ETTm2/h96.json,d2d4a4e910916e7e6c076128b40e5a65a9bd342d09b16f53d31be1173b23755b,,0.42234410569206576,multiscale,43,"{'inducing_points': 16, 'latent_dim': 8, 'patch_lens': [8, 16, 32], 'representation_weight': 0.001}",8-16-32,,True,True,96,False,0,97.36106197378831,extension,no_linear_bank,0.0001,4
off,16,9,extension,0.14939146494320743,,/work/11617/sujato_ts/vista/motion_code-master/physics_modal_v4/enhancements/results/central/checkpoints/no_linear_bank/seed43/Electricity/h192.pt,9db3a040c863b3b1,preserved,2,False,Electricity,16,696.1971101369709,latentflow-central-all28-five-seed-no-exchange-v2-selector-safe,central,10,latentflow_process_preserving_unfreeze2,5.0,0.001,192,,36.59128764701094,False,,0.0007,0.26742284461219784,2048,1024,LatentFlow,0.1737024233543422,0.02,5071.0,1369111,,0.2738353399317951,0.1829367893440265,False,2,-0.006412495319597256,-0.009234365989684301,,/work/11617/sujato_ts/vista/motion_code-master/physics_modal_v4/enhancements/results/central/runs/no_linear_bank/seed43/Electricity/h192.json,5f5e52ea3a6940dc8b66163cb15f8a338a260caf07524a581bf912324ba0e7a4,,0.416776226954396,multiscale,43,"{'inducing_points': 32, 'latent_dim': 16, 'patch_lens': [8, 16, 32], 'representation_weight': 0.001}",8-16-32,,True,True,96,False,0,467.7749054175365,extension,no_linear_bank,0.0001,4
off,16,8,extension,0.16794686811894483,,/work/11617/sujato_ts/vista/motion_code-master/physics_modal_v4/enhancements/results/central/checkpoints/no_linear_bank/seed43/Electricity/h336.pt,bb928749954b27a8,preserved,2,False,Electricity,16,745.1058848369867,latentflow-central-all28-five-seed-no-exchange-v2-selector-safe,central,10,latentflow_process_preserving_unfreeze2,5.0,0.001,336,,38.22709850226794,False,,0.0007,0.28446376130878126,2048,1024,LatentFlow,0.1917910946794156,0.02,4927.0,1429253,,0.28915831019974875,0.19748390570684707,False,2,-0.004694548890967487,-0.005692811027431466,,/work/11617/sujato_ts/vista/motion_code-master/physics_modal_v4/enhancements/results/central/runs/no_linear_bank/seed43/Electricity/h336.json,02bea18be4a007ec179d710074200e4c20801a249446c7322bf9f971fcd2124a,,0.43793960163407875,multiscale,43,"{'inducing_points': 32, 'latent_dim': 16, 'patch_lens': [8, 16, 32], 'representation_weight': 0.001}",8-16-32,,True,True,96,False,0,501.80512364131573,extension,no_linear_bank,0.0001,4
off,16,3,extension,0.20540356786245292,,/work/11617/sujato_ts/vista/motion_code-master/physics_modal_v4/enhancements/results/central/checkpoints/no_linear_bank/seed43/Electricity/h720.pt,5dda5c6107e5968a,preserved,2,False,Electricity,16,742.1481455550529,latentflow-central-all28-five-seed-no-exchange-v2-selector-safe,central,10,latentflow_process_preserving_unfreeze2,5.0,0.001,720,,41.349271844540326,False,,0.0007,0.319888780293773,2048,1024,LatentFlow,0.23775332023929907,0.02,4543.0,1597901,,0.3241261535948281,0.2428785076318873,False,2,-0.004237373301055114,-0.005125187392588243,,/work/11617/sujato_ts/vista/motion_code-master/physics_modal_v4/enhancements/results/central/runs/no_linear_bank/seed43/Electricity/h720.json,db08f77e1c2e6930dd50a681d3990b902caf7ca2f70bda6fe984ea37cb3f835a,,0.4875995490556765,multiscale,43,"{'inducing_points': 32, 'latent_dim': 16, 'patch_lens': [8, 16, 32], 'representation_weight': 0.001}",8-16-32,,True,True,96,False,0,495.6274280000798,extension,no_linear_bank,0.0001,4
off,16,9,extension,0.13808207376352352,,/work/11617/sujato_ts/vista/motion_code-master/physics_modal_v4/enhancements/results/central/checkpoints/no_linear_bank/seed43/Electricity/h96.pt,b1245fed23effe9c,preserved,2,False,Electricity,16,671.4671665001661,latentflow-central-all28-five-seed-no-exchange-v2-selector-safe,central,10,latentflow_process_preserving_unfreeze2,5.0,0.001,96,,36.63661882440134,False,,0.0007,0.2567861424039998,2048,1024,LatentFlow,0.1602915837744591,0.02,5167.0,1329979,,0.2629459618459666,0.16817525858293583,False,2,-0.006159819441966807,-0.007883674808476737,,/work/11617/sujato_ts/vista/motion_code-master/physics_modal_v4/enhancements/results/central/runs/no_linear_bank/seed43/Electricity/h96.json,5f9d9a0c62e92040d06320cf6e2c47692b46438495c161c99a2bf27af76bacb2,,0.4003643138123815,multiscale,43,"{'inducing_points': 32, 'latent_dim': 16, 'patch_lens': [8, 16, 32], 'representation_weight': 0.001}",8-16-32,,True,True,96,False,0,450.5299247623043,extension,no_linear_bank,0.0001,4
off,16,10,extension,0.38957796941316136,,/work/11617/sujato_ts/vista/motion_code-master/physics_modal_v4/enhancements/results/central/checkpoints/no_linear_bank/seed43/Traffic/h192.pt,30dd04d56fd1cb03,preserved,2,False,Traffic,16,1489.7654017368332,latentflow-central-all28-five-seed-no-exchange-v2-selector-safe,central,10,latentflow_process_preserving_unfreeze2,5.0,0.001,192,,86.77104047099174,False,,0.0007,0.30053839630721885,2048,1024,LatentFlow,0.4520034972957492,0.02,3319.0,1370734,,0.3131390828654499,0.4685487397926896,False,2,-0.012600686558231045,-0.016545242496940393,,/work/11617/sujato_ts/vista/motion_code-master/physics_modal_v4/enhancements/results/central/runs/no_linear_bank/seed43/Traffic/h192.json,3cd815e5bd06cb8d8c15f274fa1044497b22007956c2192cbcdd718f3f26d340,,0.6723120535106812,multiscale,43,"{'inducing_points': 32, 'latent_dim': 16, 'patch_lens': [8, 16, 32], 'representation_weight': 0.001}",8-16-32,,True,True,96,False,0,995.0625351644703,extension,no_linear_bank,0.0001,4
off,16,7,extension,0.4039067835349982,,/work/11617/sujato_ts/vista/motion_code-master/physics_modal_v4/enhancements/results/central/checkpoints/no_linear_bank/seed43/Traffic/h336.pt,3d123af920d2bf3e,preserved,2,False,Traffic,16,1534.7656557406299,latentflow-central-all28-five-seed-no-exchange-v2-selector-safe,central,10,latentflow_process_preserving_unfreeze2,5.0,0.001,336,,91.0561719792895,False,,0.0007,0.3094359131981871,2048,1024,LatentFlow,0.47254853447073103,0.02,3175.0,1430876,,0.3216683891891704,0.48278019169261327,False,2,-0.012232475990983316,-0.01023165722188224,,/work/11617/sujato_ts/vista/motion_code-master/physics_modal_v4/enhancements/results/central/runs/no_linear_bank/seed43/Traffic/h336.json,b43d73caaf861fae93c21bdfc0597d063034fb0000663c3196eefa804dbb2df0,,0.6874216569695277,multiscale,43,"{'inducing_points': 32, 'latent_dim': 16, 'patch_lens': [8, 16, 32], 'representation_weight': 0.001}",8-16-32,,True,True,96,False,0,1022.9006810859573,extension,no_linear_bank,0.0001,4
off,16,7,extension,0.44448132899717807,,/work/11617/sujato_ts/vista/motion_code-master/physics_modal_v4/enhancements/results/central/checkpoints/no_linear_bank/seed43/Traffic/h720.pt,dadde2f7d5cc6fb4,preserved,2,False,Traffic,16,1677.103979669977,latentflow-central-all28-five-seed-no-exchange-v2-selector-safe,central,10,latentflow_process_preserving_unfreeze2,5.0,0.001,720,,100.08531322585011,False,,0.0007,0.32007977316546327,2048,1024,LatentFlow,0.5008862604821814,0.02,2791.0,1599524,,0.33464495692066093,0.5128350406112727,False,2,-0.014565183755197664,-0.011948780129091285,,/work/11617/sujato_ts/vista/motion_code-master/physics_modal_v4/enhancements/results/central/runs/no_linear_bank/seed43/Traffic/h720.json,474dd1f277e38869be506f5a70eb0af6cf680435f41365c529f9c782b3452ec5,,0.7077331845280264,multiscale,43,"{'inducing_points': 32, 'latent_dim': 16, 'patch_lens': [8, 16, 32], 'representation_weight': 0.001}",8-16-32,,True,True,96,False,0,1112.4950367859128,extension,no_linear_bank,0.0001,4
off,16,10,extension,0.3971416913347473,,/work/11617/sujato_ts/vista/motion_code-master/physics_modal_v4/enhancements/results/central/checkpoints/no_linear_bank/seed43/Traffic/h96.pt,b8ac0b1be471a84d,preserved,2,False,Traffic,16,1432.5186869297177,latentflow-central-all28-five-seed-no-exchange-v2-selector-safe,central,10,latentflow_process_preserving_unfreeze2,5.0,0.001,96,,86.47959654442441,False,,0.0007,0.2965177982410567,2048,1024,LatentFlow,0.44050283724171974,0.02,3415.0,1331602,,0.3137063777611741,0.4589426666652778,False,2,-0.01718857952011743,-0.01843982942355804,,/work/11617/sujato_ts/vista/motion_code-master/physics_modal_v4/enhancements/results/central/runs/no_linear_bank/seed43/Traffic/h96.json,02597e72f1044cca254f2ecb4ffa65b147f8435f9a252f0a59d881be5bbddbf7,,0.6637038776756693,multiscale,43,"{'inducing_points': 32, 'latent_dim': 16, 'patch_lens': [8, 16, 32], 'representation_weight': 0.001}",8-16-32,,True,True,96,False,0,954.7664041339885,extension,no_linear_bank,0.0001,4
off,16,3,extension,0.47506769994894665,,/work/11617/sujato_ts/vista/motion_code-master/physics_modal_v4/enhancements/results/central/checkpoints/no_linear_bank/seed43/Weather/h192.pt,60aed0f70aaf51a4,preserved,2,False,Weather,16,226.45697798102628,latentflow-central-all28-five-seed-no-exchange-v2-selector-safe,central,10,latentflow_process_preserving_unfreeze2,5.0,0.001,192,,40.49755086898515,False,,0.0007,0.2548199643317702,2048,1024,LatentFlow,0.2138773048639513,0.02,10349.0,1371328,,0.256249009137202,0.2158285317509315,False,2,-0.0014290448054318228,-0.0019512268869802118,,/work/11617/sujato_ts/vista/motion_code-master/physics_modal_v4/enhancements/results/central/runs/no_linear_bank/seed43/Weather/h192.json,6e7aeadc0ecfdebb8e5ba0180e1afc7c62efef98d3cc91c974e23b200227a307,,0.4624687069023712,multiscale,43,"{'inducing_points': 32, 'latent_dim': 16, 'patch_lens': [8, 16, 32], 'representation_weight': 0.001}",8-16-32,,True,True,96,False,0,142.89095829371945,extension,no_linear_bank,0.0001,4
off,16,3,extension,0.5575835292571797,,/work/11617/sujato_ts/vista/motion_code-master/physics_modal_v4/enhancements/results/central/checkpoints/no_linear_bank/seed43/Weather/h336.pt,f2dceb94207e2c10,preserved,2,False,Weather,16,247.48576007969677,latentflow-central-all28-five-seed-no-exchange-v2-selector-safe,central,10,latentflow_process_preserving_unfreeze2,5.0,0.001,336,,42.013400509578624,False,,0.0007,0.2959482041934151,2048,1024,LatentFlow,0.2703325066968474,0.02,10205.0,1431470,,0.2981265712778558,0.27329123324999927,False,2,-0.002178367084440691,-0.0029587265531518803,,/work/11617/sujato_ts/vista/motion_code-master/physics_modal_v4/enhancements/results/central/runs/no_linear_bank/seed43/Weather/h336.json,86069daa72fadfe5ba2ffd415d4d28780416025fbf6b28e7c30107589461ed72,,0.519935098542931,multiscale,43,"{'inducing_points': 32, 'latent_dim': 16, 'patch_lens': [8, 16, 32], 'representation_weight': 0.001}",8-16-32,,True,True,96,False,0,156.4684516408306,extension,no_linear_bank,0.0001,4
off,16,2,extension,0.6799522102194488,,/work/11617/sujato_ts/vista/motion_code-master/physics_modal_v4/enhancements/results/central/checkpoints/no_linear_bank/seed43/Weather/h720.pt,819dd40b69ca1159,preserved,2,False,Weather,16,244.64405142399482,latentflow-central-all28-five-seed-no-exchange-v2-selector-safe,central,10,latentflow_process_preserving_unfreeze2,5.0,0.001,720,,39.43641374825068,False,,0.0007,0.34674436203933345,2048,1024,LatentFlow,0.3486751644506735,0.02,9821.0,1600118,,0.3503502951151505,0.3520486265763272,False,2,-0.003605933075817025,-0.0033734621256537034,,/work/11617/sujato_ts/vista/motion_code-master/physics_modal_v4/enhancements/results/central/runs/no_linear_bank/seed43/Weather/h720.json,b91a08d899dbf550d25ddb0ab32f8b58c64800dc59e42eaf152bc104fec78bc1,,0.590487226323037,multiscale,43,"{'inducing_points': 32, 'latent_dim': 16, 'patch_lens': [8, 16, 32], 'representation_weight': 0.001}",8-16-32,,True,True,96,False,0,154.7951717140677,extension,no_linear_bank,0.0001,4
off,16,3,extension,0.4323729347615015,,/work/11617/sujato_ts/vista/motion_code-master/physics_modal_v4/enhancements/results/central/checkpoints/no_linear_bank/seed43/Weather/h96.pt,1e87493aafb73997,preserved,2,False,Weather,16,240.57855194201693,latentflow-central-all28-five-seed-no-exchange-v2-selector-safe,central,10,latentflow_process_preserving_unfreeze2,5.0,0.001,96,,41.14231603011237,False,,0.0007,0.21251772260459734,2048,1024,LatentFlow,0.1665442661554763,0.02,10445.0,1332196,,0.21319870609262376,0.1678031056864614,False,2,-0.000680983488026421,-0.0012588395309851008,,/work/11617/sujato_ts/vista/motion_code-master/physics_modal_v4/enhancements/results/central/runs/no_linear_bank/seed43/Weather/h96.json,c107eb1e4b7b2873c75bb8701dc331d1afca07ec1e4c9f0fa17882ac2fdd8c12,,0.40809835353193513,multiscale,43,"{'inducing_points': 32, 'latent_dim': 16, 'patch_lens': [8, 16, 32], 'representation_weight': 0.001}",8-16-32,,True,True,96,False,0,151.87990082740725,extension,no_linear_bank,0.0001,4
off,16,1,extension,1.0266360221874147,,/work/11617/sujato_ts/vista/motion_code-master/physics_modal_v4/enhancements/results/central/checkpoints/no_linear_bank/seed44/ETTh1/h192.pt,4cd0079ac2f35674,preserved,2,False,ETTh1,16,165.65865222737193,latentflow-central-all28-five-seed-no-exchange-v2-selector-safe,central,10,latentflow_process_preserving_unfreeze2,5.0,0.001,192,,27.570775315140423,False,,0.0007,0.4379059853157147,2048,1024,LatentFlow,0.4495062787784993,0.02,2689.0,1422510,,0.43770743800390943,0.44691621277491017,False,2,0.00019854731180524166,0.002590066003589131,,/work/11617/sujato_ts/vista/motion_code-master/physics_modal_v4/enhancements/results/central/runs/no_linear_bank/seed44/ETTh1/h192.json,ee3a9d10f165fedeee008de6097042d7db492a3432a01dce1748c3e95c4343f4,,0.6704522941854247,multiscale,44,"{'inducing_points': 32, 'latent_dim': 16, 'patch_lens': [16, 32, 48], 'representation_weight': 0.05}",16-32-48,,True,True,96,False,0,96.09855256276205,extension,no_linear_bank,0.0001,4
off,16,1,extension,1.297901837193236,,/work/11617/sujato_ts/vista/motion_code-master/physics_modal_v4/enhancements/results/central/checkpoints/no_linear_bank/seed44/ETTh1/h336.pt,8bc3ebbef9b2843f,preserved,2,False,ETTh1,16,175.25077724456787,latentflow-central-all28-five-seed-no-exchange-v2-selector-safe,central,10,latentflow_process_preserving_unfreeze2,5.0,0.001,336,,28.281468898057938,False,,0.0007,0.45904327315491905,2048,1024,LatentFlow,0.48616523321046784,0.02,2545.0,1479862,,0.4591230058390275,0.4876308846119681,False,2,-7.973268410843559e-05,-0.0014656514015002342,,/work/11617/sujato_ts/vista/motion_code-master/physics_modal_v4/enhancements/results/central/runs/no_linear_bank/seed44/ETTh1/h336.json,b612744c5fd09f256a82c60268b44ad81ad1e16ec5796c1da687d105f0876a32,,0.6972555006670567,multiscale,44,"{'inducing_points': 32, 'latent_dim': 16, 'patch_lens': [16, 32, 48], 'representation_weight': 0.05}",16-32-48,,True,True,96,False,0,101.75040325702867,extension,no_linear_bank,0.0001,4
off,16,1,extension,1.568573007886372,,/work/11617/sujato_ts/vista/motion_code-master/physics_modal_v4/enhancements/results/central/checkpoints/no_linear_bank/seed44/ETTh1/h720.pt,f59d72ad523953df,preserved,2,False,ETTh1,16,167.1689602341503,latentflow-central-all28-five-seed-no-exchange-v2-selector-safe,central,10,latentflow_process_preserving_unfreeze2,5.0,0.001,720,,28.375130299645573,False,,0.0007,0.4914511672358206,2048,1024,LatentFlow,0.5305293317289197,0.02,2161.0,1634910,,0.47804556795111286,0.49321255640503286,False,2,0.013405599284707748,0.03731677532388683,,/work/11617/sujato_ts/vista/motion_code-master/physics_modal_v4/enhancements/results/central/runs/no_linear_bank/seed44/ETTh1/h720.json,846b538bd16eccbcea46845d1db55a77d47a537a7361b2fcb6608ba5ab28f42e,,0.728374444725321,multiscale,44,"{'inducing_points': 32, 'latent_dim': 16, 'patch_lens': [16, 32, 48], 'representation_weight': 0.05}",16-32-48,,True,True,96,False,0,97.09049185003096,extension,no_linear_bank,0.0001,4
off,16,0,reference,0.7723131293342227,,/work/11617/sujato_ts/vista/motion_code-master/physics_modal_v4/enhancements/results/central/checkpoints/no_linear_bank/seed44/ETTh1/h96.pt,d36fbc30a7e24091,preserved,2,False,ETTh1,16,164.35986119508743,latentflow-central-all28-five-seed-no-exchange-v2-selector-safe,central,10,latentflow_process_preserving_unfreeze2,5.0,0.001,96,,6.610956296696182,True,,0.0007,0.42231151613097034,2048,1024,LatentFlow,0.41360218598922727,0.02,2785.0,1384538,,0.42231151613097034,0.41360218598922727,False,2,0.0,0.0,,/work/11617/sujato_ts/vista/motion_code-master/physics_modal_v4/enhancements/results/central/runs/no_linear_bank/seed44/ETTh1/h96.json,f1c9e03231d2d4560994bc74a27df1982d264a1368ec89440b7d1f32b89b01cc,,0.6431191071560751,multiscale,44,"{'inducing_points': 32, 'latent_dim': 16, 'patch_lens': [16, 32, 48], 'representation_weight': 0.05}",16-32-48,,True,True,96,False,0,95.24451676570607,reference,no_linear_bank,0.0001,4
off,16,0,reference,0.27739986990179333,,/work/11617/sujato_ts/vista/motion_code-master/physics_modal_v4/enhancements/results/central/checkpoints/no_linear_bank/seed44/ETTh2/h192.pt,0f8f9420082c03c0,preserved,2,False,ETTh2,16,161.9596359957941,latentflow-central-all28-five-seed-no-exchange-v2-selector-safe,central,10,latentflow_process_preserving_unfreeze2,5.0,0.001,192,,6.702175564662425,True,,0.0007,0.40329570485186506,2048,1024,LatentFlow,0.39145799402530357,0.02,2689.0,1392262,,0.40329570485186506,0.39145799402530357,False,2,0.0,0.0,,/work/11617/sujato_ts/vista/motion_code-master/physics_modal_v4/enhancements/results/central/runs/no_linear_bank/seed44/ETTh2/h192.json,5e8f599bd7aa1894f4a16bef5d01cc8f57afa1b9ffb34de0b64c0137409ad4c4,,0.6256660403324633,multiscale,44,"{'inducing_points': 32, 'latent_dim': 8, 'patch_lens': [16, 32, 48], 'representation_weight': 0.001}",16-32-48,,True,True,96,False,0,93.72372260222619,reference,no_linear_bank,0.0001,4
off,16,0,reference,0.35948368075753556,,/work/11617/sujato_ts/vista/motion_code-master/physics_modal_v4/enhancements/results/central/checkpoints/no_linear_bank/seed44/ETTh2/h336.pt,7470883149ad0e1d,preserved,2,False,ETTh2,16,160.32364959002007,latentflow-central-all28-five-seed-no-exchange-v2-selector-safe,central,10,latentflow_process_preserving_unfreeze2,5.0,0.001,336,,6.6347687882430195,True,,0.0007,0.432463596876715,2048,1024,LatentFlow,0.4279336241586785,0.02,2545.0,1449614,,0.432463596876715,0.4279336241586785,False,2,0.0,0.0,,/work/11617/sujato_ts/vista/motion_code-master/physics_modal_v4/enhancements/results/central/runs/no_linear_bank/seed44/ETTh2/h336.json,8ff5cb5cd92f6b29d195a962d02d1c2a6d4312d5d51f0475f6197930a18b50b7,,0.6541663581679193,multiscale,44,"{'inducing_points': 32, 'latent_dim': 8, 'patch_lens': [16, 32, 48], 'representation_weight': 0.001}",16-32-48,,True,True,96,False,0,92.61845664059365,reference,no_linear_bank,0.0001,4
off,16,0,reference,0.6280461784393069,,/work/11617/sujato_ts/vista/motion_code-master/physics_modal_v4/enhancements/results/central/checkpoints/no_linear_bank/seed44/ETTh2/h720.pt,a83a6c0e1a23eeb5,preserved,2,False,ETTh2,16,161.1263196771033,latentflow-central-all28-five-seed-no-exchange-v2-selector-safe,central,10,latentflow_process_preserving_unfreeze2,5.0,0.001,720,,6.420072008257926,True,,0.0007,0.4474083718722355,2048,1024,LatentFlow,0.4325620621866375,0.02,2161.0,1604662,,0.4474083718722355,0.4325620621866375,False,2,0.0,0.0,,/work/11617/sujato_ts/vista/motion_code-master/physics_modal_v4/enhancements/results/central/runs/no_linear_bank/seed44/ETTh2/h720.json,a39ee642107e62479f3f56a6402688035628de91954ce6180b60250d383fbe17,,0.657694505212441,multiscale,44,"{'inducing_points': 32, 'latent_dim': 8, 'patch_lens': [16, 32, 48], 'representation_weight': 0.001}",16-32-48,,True,True,96,False,0,93.20860240550246,reference,no_linear_bank,0.0001,4
off,16,1,extension,0.23673631428253084,,/work/11617/sujato_ts/vista/motion_code-master/physics_modal_v4/enhancements/results/central/checkpoints/no_linear_bank/seed44/ETTh2/h96.pt,436932fea8f52d0e,preserved,2,False,ETTh2,16,156.36809916701168,latentflow-central-all28-five-seed-no-exchange-v2-selector-safe,central,10,latentflow_process_preserving_unfreeze2,5.0,0.001,96,,27.026679684445693,False,,0.0007,0.3629432505538874,2048,1024,LatentFlow,0.3187367859238935,0.02,2785.0,1354290,,0.36216801603176535,0.317897382043025,False,2,0.0007752345221220258,0.0008394038808685056,,/work/11617/sujato_ts/vista/motion_code-master/physics_modal_v4/enhancements/results/central/runs/no_linear_bank/seed44/ETTh2/h96.json,85743719baee2c8d2c31bd7e61305bff88db049bf1c1458e454a26244d60f483,,0.5645677868280243,multiscale,44,"{'inducing_points': 32, 'latent_dim': 8, 'patch_lens': [16, 32, 48], 'representation_weight': 0.001}",16-32-48,,True,True,96,False,0,90.80154878201938,extension,no_linear_bank,0.0001,4
off,16,2,extension,0.5125504432334786,,/work/11617/sujato_ts/vista/motion_code-master/physics_modal_v4/enhancements/results/central/checkpoints/no_linear_bank/seed44/ETTm1/h192.pt,76076c8bc8d736eb,preserved,2,False,ETTm1,16,171.66323602432385,latentflow-central-all28-five-seed-no-exchange-v2-selector-safe,central,10,latentflow_process_preserving_unfreeze2,5.0,0.001,192,,26.152403100625556,False,,0.0007,0.39583183666044996,2048,1024,LatentFlow,0.3784281569715882,0.02,11329.0,1380382,,0.398732273189482,0.38099327648561726,False,2,-0.0029004365290320466,-0.002565119514029046,,/work/11617/sujato_ts/vista/motion_code-master/physics_modal_v4/enhancements/results/central/runs/no_linear_bank/seed44/ETTm1/h192.json,e108c68db26dff084c793b7433f5ad41a80ae7cb1f37cea5acb469964ecd4b54,,0.6151651460962236,multiscale,44,"{'inducing_points': 32, 'latent_dim': 8, 'patch_lens': [8, 24, 48], 'representation_weight': 0.01}",8-24-48,,True,True,96,False,0,97.50099851153209,extension,no_linear_bank,0.0001,4
off,16,2,extension,0.6547990372391785,,/work/11617/sujato_ts/vista/motion_code-master/physics_modal_v4/enhancements/results/central/checkpoints/no_linear_bank/seed44/ETTm1/h336.pt,3a5336b000a14496,preserved,2,False,ETTm1,16,165.90035061794333,latentflow-central-all28-five-seed-no-exchange-v2-selector-safe,central,10,latentflow_process_preserving_unfreeze2,5.0,0.001,336,,27.817114088203983,False,,0.0007,0.42269617535271525,2048,1024,LatentFlow,0.4243799137236599,0.02,11185.0,1439992,,0.4212727511092856,0.4191240223624583,False,2,0.0014234242434296718,0.005255891361201581,,/work/11617/sujato_ts/vista/motion_code-master/physics_modal_v4/enhancements/results/central/runs/no_linear_bank/seed44/ETTm1/h336.json,9b81df3516f5b7708c6469d5efa93e1d4cb5ee55a330272f762dd7508b509713,,0.6514444824569934,multiscale,44,"{'inducing_points': 32, 'latent_dim': 8, 'patch_lens': [8, 24, 48], 'representation_weight': 0.01}",8-24-48,,True,True,96,False,0,93.72285271019791,extension,no_linear_bank,0.0001,4
off,16,1,extension,0.9851731442269824,,/work/11617/sujato_ts/vista/motion_code-master/physics_modal_v4/enhancements/results/central/checkpoints/no_linear_bank/seed44/ETTm1/h720.pt,ca2007c0b559ff3c,preserved,2,False,ETTm1,16,170.6157691013068,latentflow-central-all28-five-seed-no-exchange-v2-selector-safe,central,10,latentflow_process_preserving_unfreeze2,5.0,0.001,720,,25.88448658010726,False,,0.0007,0.45984789155336603,2048,1024,LatentFlow,0.47298540065375866,0.02,10801.0,1606168,,0.46131507863365817,0.4717641489762976,False,2,-0.0014671870802921427,0.001221251677461066,,/work/11617/sujato_ts/vista/motion_code-master/physics_modal_v4/enhancements/results/central/runs/no_linear_bank/seed44/ETTm1/h720.json,c125748b7e714e453c43a4dd0e417a96210ae9c56d21f9dd95136ba0c056f321,,0.6877393406325966,multiscale,44,"{'inducing_points': 32, 'latent_dim': 8, 'patch_lens': [8, 24, 48], 'representation_weight': 0.01}",8-24-48,,True,True,96,False,0,97.49837977142306,extension,no_linear_bank,0.0001,4
off,16,2,extension,0.4020736277813003,,/work/11617/sujato_ts/vista/motion_code-master/physics_modal_v4/enhancements/results/central/checkpoints/no_linear_bank/seed44/ETTm1/h96.pt,6e77ed99dae5aa95,preserved,2,False,ETTm1,16,168.87712254887447,latentflow-central-all28-five-seed-no-exchange-v2-selector-safe,central,10,latentflow_process_preserving_unfreeze2,5.0,0.001,96,,25.81590588041614,False,,0.0007,0.38001017466850473,2048,1024,LatentFlow,0.3428935612993239,0.02,11425.0,1341462,,0.3868779538603665,0.35287276293742753,False,2,-0.006867779191861767,-0.009979201638103619,,/work/11617/sujato_ts/vista/motion_code-master/physics_modal_v4/enhancements/results/central/runs/no_linear_bank/seed44/ETTm1/h96.json,19e770ac21af406e70379b10dc353fd44b7135337f3175970b5674a500cdb997,,0.5855711411086819,multiscale,44,"{'inducing_points': 32, 'latent_dim': 8, 'patch_lens': [8, 24, 48], 'representation_weight': 0.01}",8-24-48,,True,True,96,False,0,95.97112158044183,extension,no_linear_bank,0.0001,4
off,16,2,extension,0.17056791404528276,,/work/11617/sujato_ts/vista/motion_code-master/physics_modal_v4/enhancements/results/central/checkpoints/no_linear_bank/seed44/ETTm2/h192.pt,e7d4777c3386d1e6,preserved,2,False,ETTm2,16,172.04263852583244,latentflow-central-all28-five-seed-no-exchange-v2-selector-safe,central,10,latentflow_process_preserving_unfreeze2,5.0,0.001,192,,26.73024635253503,False,,0.0007,0.3030173735211341,2048,1024,LatentFlow,0.24107689544042984,0.02,11329.0,1355518,,0.30378740260714177,0.24269223820143046,False,2,-0.0007700290860076509,-0.0016153427610006155,,/work/11617/sujato_ts/vista/motion_code-master/physics_modal_v4/enhancements/results/central/runs/no_linear_bank/seed44/ETTm2/h192.json,30600bdb4595793f0ab2bc0d4d4289aecf050e75b0aed5d1e0318f32e762ffb6,,0.4909958201863126,multiscale,44,"{'inducing_points': 16, 'latent_dim': 8, 'patch_lens': [8, 16, 32], 'representation_weight': 0.001}",8-16-32,,True,True,96,False,0,97.75707037297252,extension,no_linear_bank,0.0001,4
off,16,1,extension,0.21795385660362893,,/work/11617/sujato_ts/vista/motion_code-master/physics_modal_v4/enhancements/results/central/checkpoints/no_linear_bank/seed44/ETTm2/h336.pt,f56cf8b151ed32eb,preserved,2,False,ETTm2,16,163.9207428500522,latentflow-central-all28-five-seed-no-exchange-v2-selector-safe,central,10,latentflow_process_preserving_unfreeze2,5.0,0.001,336,,25.944508404009323,False,,0.0007,0.3478552698949482,2048,1024,LatentFlow,0.3119004345941019,0.02,11185.0,1415660,,0.3481609085362023,0.3124339869085309,False,2,-0.00030563864125410234,-0.0005335523144290311,,/work/11617/sujato_ts/vista/motion_code-master/physics_modal_v4/enhancements/results/central/runs/no_linear_bank/seed44/ETTm2/h336.json,b546e6582b03ab2d4711bf5ab21072820afb5792e96a8b41bf01b7539d93e17f,,0.5584804693040768,multiscale,44,"{'inducing_points': 16, 'latent_dim': 8, 'patch_lens': [8, 16, 32], 'representation_weight': 0.001}",8-16-32,,True,True,96,False,0,92.83936765550607,extension,no_linear_bank,0.0001,4
off,16,1,extension,0.29956602974543495,,/work/11617/sujato_ts/vista/motion_code-master/physics_modal_v4/enhancements/results/central/checkpoints/no_linear_bank/seed44/ETTm2/h720.pt,6d8475458ee7e505,preserved,2,False,ETTm2,16,167.8861095495522,latentflow-central-all28-five-seed-no-exchange-v2-selector-safe,central,10,latentflow_process_preserving_unfreeze2,5.0,0.001,720,,27.34836202822294,False,,0.0007,0.40289125156779454,2048,1024,LatentFlow,0.4124396387022355,0.02,10801.0,1584308,,0.40289446798597517,0.41250198684496775,False,2,-3.2164181806293435e-06,-6.23481427322603e-05,,/work/11617/sujato_ts/vista/motion_code-master/physics_modal_v4/enhancements/results/central/runs/no_linear_bank/seed44/ETTm2/h720.json,b2e1a52be95c094cd8f333aa6169f2528c007c14c18be6e161756ef66d044d02,,0.6422146360074921,multiscale,44,"{'inducing_points': 16, 'latent_dim': 8, 'patch_lens': [8, 16, 32], 'representation_weight': 0.001}",8-16-32,,True,True,96,False,0,94.94030797359301,extension,no_linear_bank,0.0001,4
off,16,1,extension,0.1297023297243175,,/work/11617/sujato_ts/vista/motion_code-master/physics_modal_v4/enhancements/results/central/checkpoints/no_linear_bank/seed44/ETTm2/h96.pt,220ae77a618c7fce,preserved,2,False,ETTm2,16,169.20702257938683,latentflow-central-all28-five-seed-no-exchange-v2-selector-safe,central,10,latentflow_process_preserving_unfreeze2,5.0,0.001,96,,27.454377445921324,False,,0.0007,0.2639290651093054,2048,1024,LatentFlow,0.17913049767585526,0.02,11425.0,1316386,,0.26499371584373255,0.18005908088409814,False,2,-0.0010646507344271305,-0.000928583208242878,,/work/11617/sujato_ts/vista/motion_code-master/physics_modal_v4/enhancements/results/central/runs/no_linear_bank/seed44/ETTm2/h96.json,34db90cb720e6ea7db0a6c0e36f551c9a195d7622b0733b6a6f0a24b5e7c9bb1,,0.42323810990488,multiscale,44,"{'inducing_points': 16, 'latent_dim': 8, 'patch_lens': [8, 16, 32], 'representation_weight': 0.001}",8-16-32,,True,True,96,False,0,95.93961113569094,extension,no_linear_bank,0.0001,4
off,16,10,extension,0.14818085338591538,,/work/11617/sujato_ts/vista/motion_code-master/physics_modal_v4/enhancements/results/central/checkpoints/no_linear_bank/seed44/Electricity/h192.pt,02d0fa9015872858,preserved,2,False,Electricity,16,708.7230041380972,latentflow-central-all28-five-seed-no-exchange-v2-selector-safe,central,10,latentflow_process_preserving_unfreeze2,5.0,0.001,192,,36.40704493422361,False,,0.0007,0.2669158239258052,2048,1024,LatentFlow,0.1725997999624224,0.02,5071.0,1369111,,0.27211647447854803,0.18008406659671175,False,2,-0.005200650552742825,-0.0074842666342893605,,/work/11617/sujato_ts/vista/motion_code-master/physics_modal_v4/enhancements/results/central/runs/no_linear_bank/seed44/Electricity/h192.json,2b31415164d4780ce002408c7eb78b314dd999c4ac0fbbc637c6f13f7e780bef,,0.41545132080957736,multiscale,44,"{'inducing_points': 32, 'latent_dim': 16, 'patch_lens': [8, 16, 32], 'representation_weight': 0.001}",8-16-32,,True,True,96,False,0,476.5222940390231,extension,no_linear_bank,0.0001,4
off,16,10,extension,0.1650402028135156,,/work/11617/sujato_ts/vista/motion_code-master/physics_modal_v4/enhancements/results/central/checkpoints/no_linear_bank/seed44/Electricity/h336.pt,188f32d4a409a8dd,preserved,2,False,Electricity,16,710.1743209739216,latentflow-central-all28-five-seed-no-exchange-v2-selector-safe,central,10,latentflow_process_preserving_unfreeze2,5.0,0.001,336,,37.46398159461777,False,,0.0007,0.2811220252762682,2048,1024,LatentFlow,0.1873891973715948,0.02,4927.0,1429253,,0.28645636041457656,0.19530326467670855,False,2,-0.005334335138308388,-0.007914067305113764,,/work/11617/sujato_ts/vista/motion_code-master/physics_modal_v4/enhancements/results/central/runs/no_linear_bank/seed44/Electricity/h336.json,66fb49ad49c1d93fdb2771ca56aa636415b555492b8f8b008d92da613d6ca9a2,,0.43288473912993836,multiscale,44,"{'inducing_points': 32, 'latent_dim': 16, 'patch_lens': [8, 16, 32], 'representation_weight': 0.001}",8-16-32,,True,True,96,False,0,475.5728611633458,extension,no_linear_bank,0.0001,4
off,16,8,extension,0.19836985372514945,,/work/11617/sujato_ts/vista/motion_code-master/physics_modal_v4/enhancements/results/central/checkpoints/no_linear_bank/seed44/Electricity/h720.pt,3b7c07efce28b865,preserved,2,False,Electricity,16,775.574909993913,latentflow-central-all28-five-seed-no-exchange-v2-selector-safe,central,10,latentflow_process_preserving_unfreeze2,5.0,0.001,720,,39.94331232516828,False,,0.0007,0.30743116610099297,2048,1024,LatentFlow,0.2175284141892294,0.02,4543.0,1597901,,0.31212930321212584,0.22779061840200562,False,2,-0.004698137111132872,-0.01026220421277621,,/work/11617/sujato_ts/vista/motion_code-master/physics_modal_v4/enhancements/results/central/runs/no_linear_bank/seed44/Electricity/h720.json,d8fd22f7da6a04ebf0bc3a4a3521a991538bb61373006f08fde608d632b499c2,,0.46639941486801784,multiscale,44,"{'inducing_points': 32, 'latent_dim': 16, 'patch_lens': [8, 16, 32], 'representation_weight': 0.001}",8-16-32,,True,True,96,False,0,520.5111225724977,extension,no_linear_bank,0.0001,4
off,16,10,extension,0.13742747794554364,,/work/11617/sujato_ts/vista/motion_code-master/physics_modal_v4/enhancements/results/central/checkpoints/no_linear_bank/seed44/Electricity/h96.pt,6939d08cfbba17a4,preserved,2,False,Electricity,16,665.9871970439563,latentflow-central-all28-five-seed-no-exchange-v2-selector-safe,central,10,latentflow_process_preserving_unfreeze2,5.0,0.001,96,,35.62958021512861,False,,0.0007,0.25689401268813933,2048,1024,LatentFlow,0.1599753813674295,0.02,5167.0,1329979,,0.26397629339553963,0.169436871165086,False,2,-0.007082280707400301,-0.009461489797656486,,/work/11617/sujato_ts/vista/motion_code-master/physics_modal_v4/enhancements/results/central/runs/no_linear_bank/seed44/Electricity/h96.json,200391da46a5026fa63a200f27089f10a3ffe02ffed2f83e23793bd0837b812c,,0.3999692255254515,multiscale,44,"{'inducing_points': 32, 'latent_dim': 16, 'patch_lens': [8, 16, 32], 'representation_weight': 0.001}",8-16-32,,True,True,96,False,0,446.92516688364776,extension,no_linear_bank,0.0001,4
off,16,10,extension,0.3881662759500608,,/work/11617/sujato_ts/vista/motion_code-master/physics_modal_v4/enhancements/results/central/checkpoints/no_linear_bank/seed44/Traffic/h192.pt,934d5a652790604c,preserved,2,False,Traffic,16,1463.0446337992325,latentflow-central-all28-five-seed-no-exchange-v2-selector-safe,central,10,latentflow_process_preserving_unfreeze2,5.0,0.001,192,,88.35661043719487,False,,0.0007,0.29875815400913786,2048,1024,LatentFlow,0.4508500769202656,0.02,3319.0,1370734,,0.31483508115198244,0.46615323230468886,False,2,-0.016076927142844588,-0.015303155384423284,,/work/11617/sujato_ts/vista/motion_code-master/physics_modal_v4/enhancements/results/central/runs/no_linear_bank/seed44/Traffic/h192.json,60deadaaddd25206efd751d7cdf2b5e3c0865b41b3a24cc1b1baeb4b91d5eb2d,,0.671453704227079,multiscale,44,"{'inducing_points': 32, 'latent_dim': 16, 'patch_lens': [8, 16, 32], 'representation_weight': 0.001}",8-16-32,,True,True,96,False,0,974.6162270119385,extension,no_linear_bank,0.0001,4
off,16,10,extension,0.399351109353077,,/work/11617/sujato_ts/vista/motion_code-master/physics_modal_v4/enhancements/results/central/checkpoints/no_linear_bank/seed44/Traffic/h336.pt,3468cc38e150132f,preserved,2,False,Traffic,16,1541.4348222350236,latentflow-central-all28-five-seed-no-exchange-v2-selector-safe,central,10,latentflow_process_preserving_unfreeze2,5.0,0.001,336,,91.90877487017501,False,,0.0007,0.3023628180807989,2048,1024,LatentFlow,0.46439487619287945,0.02,3175.0,1430876,,0.3158521797780099,0.4781276926647945,False,2,-0.013489361697210989,-0.013732816471915044,,/work/11617/sujato_ts/vista/motion_code-master/physics_modal_v4/enhancements/results/central/runs/no_linear_bank/seed44/Traffic/h336.json,ee0af73a4352567503fc5a87a647f5781ff2a0b2278b07526cd8d993670b58a7,,0.6814652421018107,multiscale,44,"{'inducing_points': 32, 'latent_dim': 16, 'patch_lens': [8, 16, 32], 'representation_weight': 0.001}",8-16-32,,True,True,96,False,0,1028.2580968438197,extension,no_linear_bank,0.0001,4
off,16,10,extension,0.4411256686410021,,/work/11617/sujato_ts/vista/motion_code-master/physics_modal_v4/enhancements/results/central/checkpoints/no_linear_bank/seed44/Traffic/h720.pt,4c939b8c0e055168,preserved,2,False,Traffic,16,1676.2619798984379,latentflow-central-all28-five-seed-no-exchange-v2-selector-safe,central,10,latentflow_process_preserving_unfreeze2,5.0,0.001,720,,98.63790695758901,False,,0.0007,0.3158687473900336,2048,1024,LatentFlow,0.48847985131522215,0.02,2791.0,1599524,,0.3334471660184644,0.5060832948217528,False,2,-0.017578418628430792,-0.017603443506530703,,/work/11617/sujato_ts/vista/motion_code-master/physics_modal_v4/enhancements/results/central/runs/no_linear_bank/seed44/Traffic/h720.json,f5d6ccf30467141ca811a532e6d025b4543c7694b5348c9a8b0c7b0c3bc21b32,,0.6989133360547802,multiscale,44,"{'inducing_points': 32, 'latent_dim': 16, 'patch_lens': [8, 16, 32], 'representation_weight': 0.001}",8-16-32,,True,True,96,False,0,1112.4050938917208,extension,no_linear_bank,0.0001,4
off,16,10,extension,0.39580005209112207,,/work/11617/sujato_ts/vista/motion_code-master/physics_modal_v4/enhancements/results/central/checkpoints/no_linear_bank/seed44/Traffic/h96.pt,e4395c6d32cee33e,preserved,2,False,Traffic,16,1459.3139010849409,latentflow-central-all28-five-seed-no-exchange-v2-selector-safe,central,10,latentflow_process_preserving_unfreeze2,5.0,0.001,96,,85.85179435414975,False,,0.0007,0.2981914173224832,2048,1024,LatentFlow,0.4372668125965329,0.02,3415.0,1331602,,0.3128044577230275,0.4554747259396189,False,2,-0.014613040400544286,-0.018207913343086024,,/work/11617/sujato_ts/vista/motion_code-master/physics_modal_v4/enhancements/results/central/runs/no_linear_bank/seed44/Traffic/h96.json,3812b5577ee15d67702caa16963acef45a3fbdaa0359291daaae5ad2bae7b28d,,0.6612615311633763,multiscale,44,"{'inducing_points': 32, 'latent_dim': 16, 'patch_lens': [8, 16, 32], 'representation_weight': 0.001}",8-16-32,,True,True,96,False,0,975.0247040770773,extension,no_linear_bank,0.0001,4
off,16,2,extension,0.47485154015677317,,/work/11617/sujato_ts/vista/motion_code-master/physics_modal_v4/enhancements/results/central/checkpoints/no_linear_bank/seed44/Weather/h192.pt,703ea5843bee754f,preserved,2,False,Weather,16,243.92594875767827,latentflow-central-all28-five-seed-no-exchange-v2-selector-safe,central,10,latentflow_process_preserving_unfreeze2,5.0,0.001,192,,41.3683623485195,False,,0.0007,0.25619437767477116,2048,1024,LatentFlow,0.21569624491377723,0.02,10349.0,1371328,,0.25600652850028366,0.2160990817181746,False,2,0.00018784917448749772,-0.0004028368043973718,,/work/11617/sujato_ts/vista/motion_code-master/physics_modal_v4/enhancements/results/central/runs/no_linear_bank/seed44/Weather/h192.json,67afea756c429dd1c439d46a538ef0b305c024b2d0a8acca6d6ca45609f2b627,,0.4644310981338106,multiscale,44,"{'inducing_points': 32, 'latent_dim': 16, 'patch_lens': [8, 16, 32], 'representation_weight': 0.001}",8-16-32,,True,True,96,False,0,154.07604675274342,extension,no_linear_bank,0.0001,4
off,16,1,extension,0.566565009201465,,/work/11617/sujato_ts/vista/motion_code-master/physics_modal_v4/enhancements/results/central/checkpoints/no_linear_bank/seed44/Weather/h336.pt,fe93f973e1965d7c,preserved,2,False,Weather,16,255.09805159643292,latentflow-central-all28-five-seed-no-exchange-v2-selector-safe,central,10,latentflow_process_preserving_unfreeze2,5.0,0.001,336,,38.514380636127115,False,,0.0007,0.2985649695525884,2048,1024,LatentFlow,0.2728898392607122,0.02,10205.0,1431470,,0.2986012274655915,0.2726677327447648,False,2,-3.625791300310155e-05,0.0002221065159473956,,/work/11617/sujato_ts/vista/motion_code-master/physics_modal_v4/enhancements/results/central/runs/no_linear_bank/seed44/Weather/h336.json,e7b2dc441709308e1ca311e59b850f321531318f4dd76f557ed8b7a727781641,,0.5223885902857299,multiscale,44,"{'inducing_points': 32, 'latent_dim': 16, 'patch_lens': [8, 16, 32], 'representation_weight': 0.001}",8-16-32,,True,True,96,False,0,160.85195724008372,extension,no_linear_bank,0.0001,4
off,16,5,extension,0.6811891480097695,,/work/11617/sujato_ts/vista/motion_code-master/physics_modal_v4/enhancements/results/central/checkpoints/no_linear_bank/seed44/Weather/h720.pt,dee389a000ca5f21,preserved,2,False,Weather,16,238.5712635689415,latentflow-central-all28-five-seed-no-exchange-v2-selector-safe,central,10,latentflow_process_preserving_unfreeze2,5.0,0.001,720,,42.48823764965279,False,,0.0007,0.3476768525930458,2048,1024,LatentFlow,0.34668995590104285,0.02,9821.0,1600118,,0.34864226666885867,0.3491307055041232,False,2,-0.0009654140758128538,-0.0024407496030803277,,/work/11617/sujato_ts/vista/motion_code-master/physics_modal_v4/enhancements/results/central/runs/no_linear_bank/seed44/Weather/h720.json,a871f75330822ea4395f6caab74eb86b518185850eeaa6645e2d40c7ee14b4ad,,0.5888038348219573,multiscale,44,"{'inducing_points': 32, 'latent_dim': 16, 'patch_lens': [8, 16, 32], 'representation_weight': 0.001}",8-16-32,,True,True,96,False,0,151.04259976160392,extension,no_linear_bank,0.0001,4
off,16,6,extension,0.43083097584663876,,/work/11617/sujato_ts/vista/motion_code-master/physics_modal_v4/enhancements/results/central/checkpoints/no_linear_bank/seed44/Weather/h96.pt,119b6b3058339244,preserved,2,False,Weather,16,236.1141819159966,latentflow-central-all28-five-seed-no-exchange-v2-selector-safe,central,10,latentflow_process_preserving_unfreeze2,5.0,0.001,96,,38.378599412222826,False,,0.0007,0.21179280654146762,2048,1024,LatentFlow,0.16398285155761652,0.02,10445.0,1332196,,0.21428261206990942,0.16649674856291463,False,2,-0.002489805528441802,-0.0025138970052981102,,/work/11617/sujato_ts/vista/motion_code-master/physics_modal_v4/enhancements/results/central/runs/no_linear_bank/seed44/Weather/h96.json,2548a7bd2d7a368c6534586af2bf55b2154f9dd485d73acf5deac48e1b8eaadd,,0.40494796154273516,multiscale,44,"{'inducing_points': 32, 'latent_dim': 16, 'patch_lens': [8, 16, 32], 'representation_weight': 0.001}",8-16-32,,True,True,96,False,0,148.92260359301872,extension,no_linear_bank,0.0001,4
off,16,2,extension,1.032542002342996,,/work/11617/sujato_ts/vista/motion_code-master/physics_modal_v4/enhancements/results/central/checkpoints/no_linear_bank/seed45/ETTh1/h192.pt,740229dbec35d153,preserved,2,False,ETTh1,16,161.16246605897322,latentflow-central-all28-five-seed-no-exchange-v2-selector-safe,central,10,latentflow_process_preserving_unfreeze2,5.0,0.001,192,,27.7269185816278,False,,0.0007,0.44384826950367506,2048,1024,LatentFlow,0.45525887224896266,0.02,2689.0,1422510,,0.44106023451662524,0.4553479907317139,False,2,0.0027880349870498256,-8.911848275122702e-05,,/work/11617/sujato_ts/vista/motion_code-master/physics_modal_v4/enhancements/results/central/runs/no_linear_bank/seed45/ETTh1/h192.json,ff329f8fc108e6fe98e1b2b211ec4e9958a42263b7e5c2f4b71c64c1902b3c54,,0.6747287397532157,multiscale,45,"{'inducing_points': 32, 'latent_dim': 16, 'patch_lens': [16, 32, 48], 'representation_weight': 0.05}",16-32-48,,True,True,96,False,0,93.17871673829359,extension,no_linear_bank,0.0001,4
off,16,0,reference,1.3044078783924078,,/work/11617/sujato_ts/vista/motion_code-master/physics_modal_v4/enhancements/results/central/checkpoints/no_linear_bank/seed45/ETTh1/h336.pt,f3962b483ab4efbb,preserved,2,False,ETTh1,16,162.76123811490834,latentflow-central-all28-five-seed-no-exchange-v2-selector-safe,central,10,latentflow_process_preserving_unfreeze2,5.0,0.001,336,,6.227105643741692,True,,0.0007,0.457377641540024,2048,1024,LatentFlow,0.4890006157125217,0.02,2545.0,1479862,,0.457377641540024,0.4890006157125217,False,2,0.0,0.0,,/work/11617/sujato_ts/vista/motion_code-master/physics_modal_v4/enhancements/results/central/runs/no_linear_bank/seed45/ETTh1/h336.json,457f14378c4c6cc5b0f00d3ca58f3177980f3c9f006ad4cc3ef5542119ddc5b5,,0.6992857897258614,multiscale,45,"{'inducing_points': 32, 'latent_dim': 16, 'patch_lens': [16, 32, 48], 'representation_weight': 0.05}",16-32-48,,True,True,96,False,0,94.47310799732804,reference,no_linear_bank,0.0001,4
off,16,1,extension,1.566972457794916,,/work/11617/sujato_ts/vista/motion_code-master/physics_modal_v4/enhancements/results/central/checkpoints/no_linear_bank/seed45/ETTh1/h720.pt,4ea01f49ddd12758,preserved,2,False,ETTh1,16,164.46181981288828,latentflow-central-all28-five-seed-no-exchange-v2-selector-safe,central,10,latentflow_process_preserving_unfreeze2,5.0,0.001,720,,24.866742655329073,False,,0.0007,0.4703799255496174,2048,1024,LatentFlow,0.4756062178375934,0.02,2161.0,1634910,,0.47969743922212366,0.49322470457232354,False,2,-0.009317513672506272,-0.017618486734730154,,/work/11617/sujato_ts/vista/motion_code-master/physics_modal_v4/enhancements/results/central/runs/no_linear_bank/seed45/ETTh1/h720.json,8c1667e4463d56aff08790ceaa3bba2fbf50279153fe576ddd00efe4eaaaad04,,0.6896420940151445,multiscale,45,"{'inducing_points': 32, 'latent_dim': 16, 'patch_lens': [16, 32, 48], 'representation_weight': 0.05}",16-32-48,,True,True,96,False,0,95.36421034608793,extension,no_linear_bank,0.0001,4
off,16,2,extension,0.7786695513696897,,/work/11617/sujato_ts/vista/motion_code-master/physics_modal_v4/enhancements/results/central/checkpoints/no_linear_bank/seed45/ETTh1/h96.pt,890c1f0a3c1faae5,preserved,2,False,ETTh1,16,165.31840601703152,latentflow-central-all28-five-seed-no-exchange-v2-selector-safe,central,10,latentflow_process_preserving_unfreeze2,5.0,0.001,96,,27.482817059845765,False,,0.0007,0.4215210541442,2048,1024,LatentFlow,0.4074221799931506,0.02,2785.0,1384538,,0.4217520955384078,0.40864847034350965,False,2,-0.00023104139420782044,-0.0012262903503590383,,/work/11617/sujato_ts/vista/motion_code-master/physics_modal_v4/enhancements/results/central/runs/no_linear_bank/seed45/ETTh1/h96.json,af1f2532f8108d94cf01609aa7f9bb1f2ebe99034d4a551164d8d34c4ae1f43f,,0.6382963104962699,multiscale,45,"{'inducing_points': 32, 'latent_dim': 16, 'patch_lens': [16, 32, 48], 'representation_weight': 0.05}",16-32-48,,True,True,96,False,0,95.9805127891741,extension,no_linear_bank,0.0001,4
off,16,1,extension,0.28288879174561726,,/work/11617/sujato_ts/vista/motion_code-master/physics_modal_v4/enhancements/results/central/checkpoints/no_linear_bank/seed45/ETTh2/h192.pt,ebba12c19bbbd8bc,preserved,2,False,ETTh2,16,163.31597303971648,latentflow-central-all28-five-seed-no-exchange-v2-selector-safe,central,10,latentflow_process_preserving_unfreeze2,5.0,0.001,192,,28.807077467620015,False,,0.0007,0.4005140612847336,2048,1024,LatentFlow,0.3851870977069402,0.02,2689.0,1392262,,0.4003640172687112,0.387953268491362,False,2,0.00015004401602242146,-0.0027661707844218175,,/work/11617/sujato_ts/vista/motion_code-master/physics_modal_v4/enhancements/results/central/runs/no_linear_bank/seed45/ETTh2/h192.json,b9df90b953832e630b59535d935dd9cb2cb8074e0a706622d0a6536b16bd1b82,,0.6206344316156978,multiscale,45,"{'inducing_points': 32, 'latent_dim': 8, 'patch_lens': [16, 32, 48], 'representation_weight': 0.001}",16-32-48,,True,True,96,False,0,94.59851754654665,extension,no_linear_bank,0.0001,4
off,16,0,reference,0.35658139953402435,,/work/11617/sujato_ts/vista/motion_code-master/physics_modal_v4/enhancements/results/central/checkpoints/no_linear_bank/seed45/ETTh2/h336.pt,df2c867be6ca797f,preserved,2,False,ETTh2,16,161.3689701340627,latentflow-central-all28-five-seed-no-exchange-v2-selector-safe,central,10,latentflow_process_preserving_unfreeze2,5.0,0.001,336,,6.728737190648725,True,,0.0007,0.4280900523705998,2048,1024,LatentFlow,0.41728387188752436,0.02,2545.0,1449614,,0.4280900523705998,0.41728387188752436,False,2,0.0,0.0,,/work/11617/sujato_ts/vista/motion_code-master/physics_modal_v4/enhancements/results/central/runs/no_linear_bank/seed45/ETTh2/h336.json,d9b139808be035618423b916e43556e87519b37fbd4cfb0a38c11674a89bcea0,,0.6459751325612498,multiscale,45,"{'inducing_points': 32, 'latent_dim': 8, 'patch_lens': [16, 32, 48], 'representation_weight': 0.001}",16-32-48,,True,True,96,False,0,93.18359785538632,reference,no_linear_bank,0.0001,4
off,16,0,reference,0.6195309358929831,,/work/11617/sujato_ts/vista/motion_code-master/physics_modal_v4/enhancements/results/central/checkpoints/no_linear_bank/seed45/ETTh2/h720.pt,8a403c5fbfe65565,preserved,2,False,ETTh2,16,161.57471546996385,latentflow-central-all28-five-seed-no-exchange-v2-selector-safe,central,10,latentflow_process_preserving_unfreeze2,5.0,0.001,720,,6.5917555831803645,True,,0.0007,0.4408376061080924,2048,1024,LatentFlow,0.41741527066102196,0.02,2161.0,1604662,,0.4408376061080924,0.41741527066102196,False,2,0.0,0.0,,/work/11617/sujato_ts/vista/motion_code-master/physics_modal_v4/enhancements/results/central/runs/no_linear_bank/seed45/ETTh2/h720.json,da436e3ab452128b4ad09b4f04370e726650280efd6c30da6defe51da41ec373,,0.6460768303081469,multiscale,45,"{'inducing_points': 32, 'latent_dim': 8, 'patch_lens': [16, 32, 48], 'representation_weight': 0.001}",16-32-48,,True,True,96,False,0,93.98653912194277,reference,no_linear_bank,0.0001,4
off,16,1,extension,0.2346317455882118,,/work/11617/sujato_ts/vista/motion_code-master/physics_modal_v4/enhancements/results/central/checkpoints/no_linear_bank/seed45/ETTh2/h96.pt,576cea65744dada4,preserved,2,False,ETTh2,16,166.32014571502805,latentflow-central-all28-five-seed-no-exchange-v2-selector-safe,central,10,latentflow_process_preserving_unfreeze2,5.0,0.001,96,,28.008254277896718,False,,0.0007,0.3598291571735266,2048,1024,LatentFlow,0.31366628715500133,0.02,2785.0,1354290,,0.3601288894205875,0.313680397291168,False,2,-0.00029973224706092427,-1.4110136166645137e-05,,/work/11617/sujato_ts/vista/motion_code-master/physics_modal_v4/enhancements/results/central/runs/no_linear_bank/seed45/ETTh2/h96.json,22d491568fcab98af8fdcc280b9a4702ac169017d1b8b4cf258b6b0e97f25c1b,,0.5600591818326001,multiscale,45,"{'inducing_points': 32, 'latent_dim': 8, 'patch_lens': [16, 32, 48], 'representation_weight': 0.001}",16-32-48,,True,True,96,False,0,96.32920368312625,extension,no_linear_bank,0.0001,4
off,16,1,extension,0.5124949846594107,,/work/11617/sujato_ts/vista/motion_code-master/physics_modal_v4/enhancements/results/central/checkpoints/no_linear_bank/seed45/ETTm1/h192.pt,f77a1ea3b2496584,preserved,2,False,ETTm1,16,161.60351233708207,latentflow-central-all28-five-seed-no-exchange-v2-selector-safe,central,10,latentflow_process_preserving_unfreeze2,5.0,0.001,192,,27.600446768642485,False,,0.0007,0.40538561016596647,2048,1024,LatentFlow,0.39605649267441284,0.02,11329.0,1380382,,0.40986935203246344,0.4074315687379136,False,2,-0.004483741866496971,-0.011375076063500744,,/work/11617/sujato_ts/vista/motion_code-master/physics_modal_v4/enhancements/results/central/runs/no_linear_bank/seed45/ETTm1/h192.json,9ac42dec9b518fd5fa243c2259b3b4f6ed208679e215dcad70017fc6e2962d50,,0.6293301936777012,multiscale,45,"{'inducing_points': 32, 'latent_dim': 8, 'patch_lens': [8, 24, 48], 'representation_weight': 0.01}",8-24-48,,True,True,96,False,0,91.32826926561393,extension,no_linear_bank,0.0001,4
off,16,1,extension,0.6555977374517998,,/work/11617/sujato_ts/vista/motion_code-master/physics_modal_v4/enhancements/results/central/checkpoints/no_linear_bank/seed45/ETTm1/h336.pt,a56ff70d1b5ec098,preserved,2,False,ETTm1,16,173.64897333085537,latentflow-central-all28-five-seed-no-exchange-v2-selector-safe,central,10,latentflow_process_preserving_unfreeze2,5.0,0.001,336,,26.67932433975503,False,,0.0007,0.42627813137912496,2048,1024,LatentFlow,0.42917295980872705,0.02,11185.0,1439992,,0.4301232226636149,0.44009054340908943,False,2,-0.0038450912844899543,-0.01091758360036238,,/work/11617/sujato_ts/vista/motion_code-master/physics_modal_v4/enhancements/results/central/runs/no_linear_bank/seed45/ETTm1/h336.json,c412b0a08ef88215aa29eabfc66021f772295906fab66fe8d2a498e584557c39,,0.6551129366824678,multiscale,45,"{'inducing_points': 32, 'latent_dim': 8, 'patch_lens': [8, 24, 48], 'representation_weight': 0.01}",8-24-48,,True,True,96,False,0,98.48547394976777,extension,no_linear_bank,0.0001,4
off,16,1,extension,0.9845046081240215,,/work/11617/sujato_ts/vista/motion_code-master/physics_modal_v4/enhancements/results/central/checkpoints/no_linear_bank/seed45/ETTm1/h720.pt,eccfeed62effbacf,preserved,2,False,ETTm1,16,166.4505482017994,latentflow-central-all28-five-seed-no-exchange-v2-selector-safe,central,10,latentflow_process_preserving_unfreeze2,5.0,0.001,720,,27.40777710921446,False,,0.0007,0.4628948073285025,2048,1024,LatentFlow,0.48408008539185243,0.02,10801.0,1606168,,0.4645010019293906,0.4854384833649039,False,2,-0.0016061946008880668,-0.001358397973051484,,/work/11617/sujato_ts/vista/motion_code-master/physics_modal_v4/enhancements/results/central/runs/no_linear_bank/seed45/ETTm1/h720.json,9b8ca3b669536258e34ffd382c1917d43fd26a78ba49041100c0b875956cfcbd,,0.6957586401848362,multiscale,45,"{'inducing_points': 32, 'latent_dim': 8, 'patch_lens': [8, 24, 48], 'representation_weight': 0.01}",8-24-48,,True,True,96,False,0,94.30945812091522,extension,no_linear_bank,0.0001,4
off,16,1,extension,0.39600803330540657,,/work/11617/sujato_ts/vista/motion_code-master/physics_modal_v4/enhancements/results/central/checkpoints/no_linear_bank/seed45/ETTm1/h96.pt,3e679f6fc2e7df99,preserved,2,False,ETTm1,16,166.64051390904933,latentflow-central-all28-five-seed-no-exchange-v2-selector-safe,central,10,latentflow_process_preserving_unfreeze2,5.0,0.001,96,,24.92556344524423,False,,0.0007,0.37360114697504754,2048,1024,LatentFlow,0.33393647070885996,0.02,11425.0,1341462,,0.3867252679927977,0.3491686567912887,False,2,-0.013124121017750179,-0.015232186082428767,,/work/11617/sujato_ts/vista/motion_code-master/physics_modal_v4/enhancements/results/central/runs/no_linear_bank/seed45/ETTm1/h96.json,8e7f42561607baf2c63eac49821c0f71c714716fe8039d6d929a8c8e19c61c88,,0.5778723654137304,multiscale,45,"{'inducing_points': 32, 'latent_dim': 8, 'patch_lens': [8, 24, 48], 'representation_weight': 0.01}",8-24-48,,True,True,96,False,0,94.3944579204981,extension,no_linear_bank,0.0001,4
off,16,0,reference,0.17510658041352317,,/work/11617/sujato_ts/vista/motion_code-master/physics_modal_v4/enhancements/results/central/checkpoints/no_linear_bank/seed45/ETTm2/h192.pt,a8858fd1dde65df0,preserved,2,False,ETTm2,16,171.96995814493857,latentflow-central-all28-five-seed-no-exchange-v2-selector-safe,central,10,latentflow_process_preserving_unfreeze2,5.0,0.001,192,,6.670556720109101,True,,0.0007,0.31102968820698945,2048,1024,LatentFlow,0.2514389279062985,0.02,11329.0,1355518,,0.31102968820698945,0.2514389279062985,False,2,0.0,0.0,,/work/11617/sujato_ts/vista/motion_code-master/physics_modal_v4/enhancements/results/central/runs/no_linear_bank/seed45/ETTm2/h192.json,f6f14140e63125d49de0946440c12ec2abd59077a4b2bdbe66bc795c534a7d21,,0.5014368633300692,multiscale,45,"{'inducing_points': 16, 'latent_dim': 8, 'patch_lens': [8, 16, 32], 'representation_weight': 0.001}",8-16-32,,True,True,96,False,0,97.25210418837378,reference,no_linear_bank,0.0001,4
off,16,2,extension,0.21636017467699895,,/work/11617/sujato_ts/vista/motion_code-master/physics_modal_v4/enhancements/results/central/checkpoints/no_linear_bank/seed45/ETTm2/h336.pt,e8e884d8702e0698,preserved,2,False,ETTm2,16,174.82868617773056,latentflow-central-all28-five-seed-no-exchange-v2-selector-safe,central,10,latentflow_process_preserving_unfreeze2,5.0,0.001,336,,26.12369385331784,False,,0.0007,0.34737072598543056,2048,1024,LatentFlow,0.3099339281130139,0.02,11185.0,1415660,,0.3503069799585039,0.3141461082980681,False,2,-0.002936253973073344,-0.004212180185054204,,/work/11617/sujato_ts/vista/motion_code-master/physics_modal_v4/enhancements/results/central/runs/no_linear_bank/seed45/ETTm2/h336.json,b2e0a609929bd85b7d2da2cc9f127a1edb8a3dd0d542bc384ca1d98795284450,,0.5567170988150211,multiscale,45,"{'inducing_points': 16, 'latent_dim': 8, 'patch_lens': [8, 16, 32], 'representation_weight': 0.001}",8-16-32,,True,True,96,False,0,99.56688351521734,extension,no_linear_bank,0.0001,4
off,16,1,extension,0.3021560020863064,,/work/11617/sujato_ts/vista/motion_code-master/physics_modal_v4/enhancements/results/central/checkpoints/no_linear_bank/seed45/ETTm2/h720.pt,b9c6adce804f6fbf,preserved,2,False,ETTm2,16,170.24946725182235,latentflow-central-all28-five-seed-no-exchange-v2-selector-safe,central,10,latentflow_process_preserving_unfreeze2,5.0,0.001,720,,27.900393272940764,False,,0.0007,0.405396320723,2048,1024,LatentFlow,0.41576090805320987,0.02,10801.0,1584308,,0.40569446677349363,0.41613225094961764,False,2,-0.00029814605049360843,-0.00037134289640777807,,/work/11617/sujato_ts/vista/motion_code-master/physics_modal_v4/enhancements/results/central/runs/no_linear_bank/seed45/ETTm2/h720.json,1bc33f743dcd4b6c5c25a1d60e2d24e6a2bbef54c8055d8ac79f509f9c763204,,0.6447952450609494,multiscale,45,"{'inducing_points': 16, 'latent_dim': 8, 'patch_lens': [8, 16, 32], 'representation_weight': 0.001}",8-16-32,,True,True,96,False,0,97.01828666366055,extension,no_linear_bank,0.0001,4
off,16,3,extension,0.1305012736646902,,/work/11617/sujato_ts/vista/motion_code-master/physics_modal_v4/enhancements/results/central/checkpoints/no_linear_bank/seed45/ETTm2/h96.pt,5c5be3a82761910a,preserved,2,False,ETTm2,16,171.5967484130524,latentflow-central-all28-five-seed-no-exchange-v2-selector-safe,central,10,latentflow_process_preserving_unfreeze2,5.0,0.001,96,,27.09940124840605,False,,0.0007,0.26240826315689525,2048,1024,LatentFlow,0.17671897684172613,0.02,11425.0,1316386,,0.2632670788627323,0.17768175271894704,False,2,-0.0008588157058370682,-0.0009627758772209061,,/work/11617/sujato_ts/vista/motion_code-master/physics_modal_v4/enhancements/results/central/runs/no_linear_bank/seed45/ETTm2/h96.json,bcb1ddfd3cdaa4a79cfd0590de0fa57bc5191329544228c5a6a06ddb82e93e78,,0.42037956282593725,multiscale,45,"{'inducing_points': 16, 'latent_dim': 8, 'patch_lens': [8, 16, 32], 'representation_weight': 0.001}",8-16-32,,True,True,96,False,0,97.46373932430288,extension,no_linear_bank,0.0001,4
off,16,10,extension,0.1487473030328008,,/work/11617/sujato_ts/vista/motion_code-master/physics_modal_v4/enhancements/results/central/checkpoints/no_linear_bank/seed45/Electricity/h192.pt,e4a43e5f0abc9ff1,preserved,2,False,Electricity,16,692.3347427453846,latentflow-central-all28-five-seed-no-exchange-v2-selector-safe,central,10,latentflow_process_preserving_unfreeze2,5.0,0.001,192,,37.557484601193224,False,,0.0007,0.266402769944477,2048,1024,LatentFlow,0.1725551598679267,0.02,5071.0,1369111,,0.271932701811386,0.17932814726274446,False,2,-0.0055299318669090325,-0.00677298739481777,,/work/11617/sujato_ts/vista/motion_code-master/physics_modal_v4/enhancements/results/central/runs/no_linear_bank/seed45/Electricity/h192.json,28dcd4fbf378a784193f1c8257242b7edbc5a4bb8278e1a03c182fc29ce28ab8,,0.4153975925158049,multiscale,45,"{'inducing_points': 32, 'latent_dim': 16, 'patch_lens': [8, 16, 32], 'representation_weight': 0.001}",8-16-32,,True,True,96,False,0,464.91461140976753,extension,no_linear_bank,0.0001,4
off,16,9,extension,0.1651807328286289,,/work/11617/sujato_ts/vista/motion_code-master/physics_modal_v4/enhancements/results/central/checkpoints/no_linear_bank/seed45/Electricity/h336.pt,fe256f13f152f88f,preserved,2,False,Electricity,16,712.2295198340435,latentflow-central-all28-five-seed-no-exchange-v2-selector-safe,central,10,latentflow_process_preserving_unfreeze2,5.0,0.001,336,,35.75088942264457,False,,0.0007,0.2828766246170173,2048,1024,LatentFlow,0.18899380007209526,0.02,4927.0,1429253,,0.2864396860182107,0.19479023799639192,False,2,-0.0035630614011933903,-0.005796437924296655,,/work/11617/sujato_ts/vista/motion_code-master/physics_modal_v4/enhancements/results/central/runs/no_linear_bank/seed45/Electricity/h336.json,01d587d5ed326d345a7c75f65b20f0189615cdf7094166a82ca95b789285306a,,0.43473417173267537,multiscale,45,"{'inducing_points': 32, 'latent_dim': 16, 'patch_lens': [8, 16, 32], 'representation_weight': 0.001}",8-16-32,,True,True,96,False,0,477.6635848422302,extension,no_linear_bank,0.0001,4
off,16,9,extension,0.20370428366576895,,/work/11617/sujato_ts/vista/motion_code-master/physics_modal_v4/enhancements/results/central/checkpoints/no_linear_bank/seed45/Electricity/h720.pt,63b1e8a3cce60396,preserved,2,False,Electricity,16,721.4603384740185,latentflow-central-all28-five-seed-no-exchange-v2-selector-safe,central,10,latentflow_process_preserving_unfreeze2,5.0,0.001,720,,39.82176332386717,False,,0.0007,0.31044857009811516,2048,1024,LatentFlow,0.22205915308633659,0.02,4543.0,1597901,,0.3208851292618791,0.23709770328401403,False,2,-0.010436559163763959,-0.015038550197677442,,/work/11617/sujato_ts/vista/motion_code-master/physics_modal_v4/enhancements/results/central/runs/no_linear_bank/seed45/Electricity/h720.json,046ea32cdf799a63387d8261ca53e7448151df481ef73a142bfc461dd4e81593,,0.47123152811153945,multiscale,45,"{'inducing_points': 32, 'latent_dim': 16, 'patch_lens': [8, 16, 32], 'representation_weight': 0.001}",8-16-32,,True,True,96,False,0,480.9136910757843,extension,no_linear_bank,0.0001,4
off,16,10,extension,0.14103530506726242,,/work/11617/sujato_ts/vista/motion_code-master/physics_modal_v4/enhancements/results/central/checkpoints/no_linear_bank/seed45/Electricity/h96.pt,792b498041796cc7,preserved,2,False,Electricity,16,698.9685014672577,latentflow-central-all28-five-seed-no-exchange-v2-selector-safe,central,10,latentflow_process_preserving_unfreeze2,5.0,0.001,96,,36.96832619160739,False,,0.0007,0.2614408412573594,2048,1024,LatentFlow,0.1636428545285267,0.02,5167.0,1329979,,0.26835679267842494,0.17249160377571243,False,2,-0.006915951421065547,-0.008848749247185733,,/work/11617/sujato_ts/vista/motion_code-master/physics_modal_v4/enhancements/results/central/runs/no_linear_bank/seed45/Electricity/h96.json,dafaba6018caf0f51d1a222c4c965f9d31ba2a6a35be3550a9a98328dd672776,,0.40452794035582595,multiscale,45,"{'inducing_points': 32, 'latent_dim': 16, 'patch_lens': [8, 16, 32], 'representation_weight': 0.001}",8-16-32,,True,True,96,False,0,470.4656243673526,extension,no_linear_bank,0.0001,4
off,16,10,extension,0.38802963158739506,,/work/11617/sujato_ts/vista/motion_code-master/physics_modal_v4/enhancements/results/central/checkpoints/no_linear_bank/seed45/Traffic/h192.pt,24462ab5637b0104,preserved,2,False,Traffic,16,1460.2654964759713,latentflow-central-all28-five-seed-no-exchange-v2-selector-safe,central,10,latentflow_process_preserving_unfreeze2,5.0,0.001,192,,87.3104222951196,False,,0.0007,0.3013895948891956,2048,1024,LatentFlow,0.45234470759157797,0.02,3319.0,1370734,,0.31647494606238746,0.4665357003509359,False,2,-0.015085351173191874,-0.014190992759357923,,/work/11617/sujato_ts/vista/motion_code-master/physics_modal_v4/enhancements/results/central/runs/no_linear_bank/seed45/Traffic/h192.json,6ff627cff119b87d9a3186b1b5b35535f48c501a697d9cd80695f31a695b72f4,,0.6725657645104886,multiscale,45,"{'inducing_points': 32, 'latent_dim': 16, 'patch_lens': [8, 16, 32], 'representation_weight': 0.001}",8-16-32,,True,True,96,False,0,972.8766516351243,extension,no_linear_bank,0.0001,4
off,16,10,extension,0.40300992517468154,,/work/11617/sujato_ts/vista/motion_code-master/physics_modal_v4/enhancements/results/central/checkpoints/no_linear_bank/seed45/Traffic/h336.pt,23689a10433eb83c,preserved,2,False,Traffic,16,1526.9425705587491,latentflow-central-all28-five-seed-no-exchange-v2-selector-safe,central,10,latentflow_process_preserving_unfreeze2,5.0,0.001,336,,90.70189817658051,False,,0.0007,0.30204869043840155,2048,1024,LatentFlow,0.46816441327093755,0.02,3175.0,1430876,,0.31891383836953674,0.48140716852234755,False,2,-0.016865147931135194,-0.013242755251409999,,/work/11617/sujato_ts/vista/motion_code-master/physics_modal_v4/enhancements/results/central/runs/no_linear_bank/seed45/Traffic/h336.json,4e4295aec9cea4b0012405db7b1c56cc279fcecd5f9a3c3e5107c7eaecda11a0,,0.6842254111555179,multiscale,45,"{'inducing_points': 32, 'latent_dim': 16, 'patch_lens': [8, 16, 32], 'representation_weight': 0.001}",8-16-32,,True,True,96,False,0,1017.2616053412639,extension,no_linear_bank,0.0001,4
off,16,10,extension,0.44749855027735985,,/work/11617/sujato_ts/vista/motion_code-master/physics_modal_v4/enhancements/results/central/checkpoints/no_linear_bank/seed45/Traffic/h720.pt,b1a2fa7f661aa9c7,preserved,2,False,Traffic,16,1706.1225046403706,latentflow-central-all28-five-seed-no-exchange-v2-selector-safe,central,10,latentflow_process_preserving_unfreeze2,5.0,0.001,720,,99.44422521538786,False,,0.0007,0.3184447856942254,2048,1024,LatentFlow,0.495138662732216,0.02,2791.0,1599524,,0.334872663062627,0.5100999756674471,False,2,-0.016427877368401567,-0.01496131293523112,,/work/11617/sujato_ts/vista/motion_code-master/physics_modal_v4/enhancements/results/central/runs/no_linear_bank/seed45/Traffic/h720.json,04fbf97a69971d55120164770042efae8750449e95dce4dd6ad8d8139dfbc102,,0.7036609003861277,multiscale,45,"{'inducing_points': 32, 'latent_dim': 16, 'patch_lens': [8, 16, 32], 'representation_weight': 0.001}",8-16-32,,True,True,96,False,0,1134.6666167490184,extension,no_linear_bank,0.0001,4
off,16,9,extension,0.4003115859219757,,/work/11617/sujato_ts/vista/motion_code-master/physics_modal_v4/enhancements/results/central/checkpoints/no_linear_bank/seed45/Traffic/h96.pt,42c4fa02d0d26ee7,preserved,2,False,Traffic,16,1443.9542259066366,latentflow-central-all28-five-seed-no-exchange-v2-selector-safe,central,10,latentflow_process_preserving_unfreeze2,5.0,0.001,96,,86.75933176730301,False,,0.0007,0.30120584793958965,2048,1024,LatentFlow,0.44122183955013955,0.02,3415.0,1331602,,0.31980165614646955,0.4620085635401345,False,2,-0.018595808206879894,-0.020786723989994926,,/work/11617/sujato_ts/vista/motion_code-master/physics_modal_v4/enhancements/results/central/runs/no_linear_bank/seed45/Traffic/h96.json,6895d44b1e0af6d09ca73c7c184956aea67416e4b8cb566e233cd1d0b1b8431c,,0.6642453157908903,multiscale,45,"{'inducing_points': 32, 'latent_dim': 16, 'patch_lens': [8, 16, 32], 'representation_weight': 0.001}",8-16-32,,True,True,96,False,0,963.0440354576422,extension,no_linear_bank,0.0001,4
off,16,2,extension,0.47454945967784,,/work/11617/sujato_ts/vista/motion_code-master/physics_modal_v4/enhancements/results/central/checkpoints/no_linear_bank/seed45/Weather/h192.pt,2285b02c786b97e9,preserved,2,False,Weather,16,225.52899012714624,latentflow-central-all28-five-seed-no-exchange-v2-selector-safe,central,10,latentflow_process_preserving_unfreeze2,5.0,0.001,192,,42.26157569954562,False,,0.0007,0.2574496299848114,2048,1024,LatentFlow,0.21525676549726586,0.02,10349.0,1371328,,0.25966861683552156,0.21735574594486357,False,2,-0.0022189868507101473,-0.002098980447597709,,/work/11617/sujato_ts/vista/motion_code-master/physics_modal_v4/enhancements/results/central/runs/no_linear_bank/seed45/Weather/h192.json,60dbb5dd2b40583a754f576582dc05cabf1b1da8cb135fd589bf6de84c3f776f,,0.4639577195146836,multiscale,45,"{'inducing_points': 32, 'latent_dim': 16, 'patch_lens': [8, 16, 32], 'representation_weight': 0.001}",8-16-32,,True,True,96,False,0,141.647521925006,extension,no_linear_bank,0.0001,4
off,16,6,extension,0.5648424368596672,,/work/11617/sujato_ts/vista/motion_code-master/physics_modal_v4/enhancements/results/central/checkpoints/no_linear_bank/seed45/Weather/h336.pt,b0749c0da45c1482,preserved,2,False,Weather,16,250.39592190273106,latentflow-central-all28-five-seed-no-exchange-v2-selector-safe,central,10,latentflow_process_preserving_unfreeze2,5.0,0.001,336,,39.90921660461141,False,,0.0007,0.2961563987669929,2048,1024,LatentFlow,0.27150129949540436,0.02,10205.0,1431470,,0.2989898246939893,0.276189034079869,False,2,-0.0028334259269964246,-0.004687734584464642,,/work/11617/sujato_ts/vista/motion_code-master/physics_modal_v4/enhancements/results/central/runs/no_linear_bank/seed45/Weather/h336.json,a9fdb92733ebbf86c61035d0de26645b6564a1bcdebe43803840fdfbbde550fc,,0.5210578657840262,multiscale,45,"{'inducing_points': 32, 'latent_dim': 16, 'patch_lens': [8, 16, 32], 'representation_weight': 0.001}",8-16-32,,True,True,96,False,0,158.1987957833917,extension,no_linear_bank,0.0001,4
off,16,3,extension,0.681423516248269,,/work/11617/sujato_ts/vista/motion_code-master/physics_modal_v4/enhancements/results/central/checkpoints/no_linear_bank/seed45/Weather/h720.pt,082118256f44a710,preserved,2,False,Weather,16,246.36775380303152,latentflow-central-all28-five-seed-no-exchange-v2-selector-safe,central,10,latentflow_process_preserving_unfreeze2,5.0,0.001,720,,44.91542526094693,False,,0.0007,0.34790852063569844,2048,1024,LatentFlow,0.3503164153355185,0.02,9821.0,1600118,,0.34732489849872744,0.34986848875048976,False,2,0.000583622136970996,0.00044792658502873506,,/work/11617/sujato_ts/vista/motion_code-master/physics_modal_v4/enhancements/results/central/runs/no_linear_bank/seed45/Weather/h720.json,006266d0ff3228c541a328723227b4d6522dfb26c14425e796ff786445603df3,,0.5918753376645445,multiscale,45,"{'inducing_points': 32, 'latent_dim': 16, 'patch_lens': [8, 16, 32], 'representation_weight': 0.001}",8-16-32,,True,True,96,False,0,156.1812756162908,extension,no_linear_bank,0.0001,4
off,16,5,extension,0.429936369141889,,/work/11617/sujato_ts/vista/motion_code-master/physics_modal_v4/enhancements/results/central/checkpoints/no_linear_bank/seed45/Weather/h96.pt,be96b08e6816559e,preserved,2,False,Weather,16,231.90451383963227,latentflow-central-all28-five-seed-no-exchange-v2-selector-safe,central,10,latentflow_process_preserving_unfreeze2,5.0,0.001,96,,42.264761842398144,False,,0.0007,0.21297443164414223,2048,1024,LatentFlow,0.16544427294964728,0.02,10445.0,1332196,,0.21598440993752202,0.16898821067176725,False,2,-0.003009978293379789,-0.003543937722119972,,/work/11617/sujato_ts/vista/motion_code-master/physics_modal_v4/enhancements/results/central/runs/no_linear_bank/seed45/Weather/h96.json,2335a41c76e8486195231a70ab2a23f10466f9e348ee291bd581d57522e8d46e,,0.4067484148090159,multiscale,45,"{'inducing_points': 32, 'latent_dim': 16, 'patch_lens': [8, 16, 32], 'representation_weight': 0.001}",8-16-32,,True,True,96,False,0,146.4567122664448,extension,no_linear_bank,0.0001,4
off,16,0,reference,1.0282791033387184,,/work/11617/sujato_ts/vista/motion_code-master/physics_modal_v4/enhancements/results/central/checkpoints/no_linear_bank/seed46/ETTh1/h192.pt,4c4c6917812b2779,preserved,2,False,ETTh1,16,159.3047193903476,latentflow-central-all28-five-seed-no-exchange-v2-selector-safe,central,10,latentflow_process_preserving_unfreeze2,5.0,0.001,192,,6.800428813624525,True,,0.0007,0.44002093153147315,2048,1024,LatentFlow,0.4496641717390028,0.02,2689.0,1422510,,0.44002093153147315,0.4496641717390028,False,2,0.0,0.0,,/work/11617/sujato_ts/vista/motion_code-master/physics_modal_v4/enhancements/results/central/runs/no_linear_bank/seed46/ETTh1/h192.json,2adf1e1eb91ed15e58b0b35ea12d20df92b72e5537565482a2a8ed8f6adc3cae,,0.6705700349247666,multiscale,46,"{'inducing_points': 32, 'latent_dim': 16, 'patch_lens': [16, 32, 48], 'representation_weight': 0.05}",16-32-48,,True,True,96,False,0,92.31446687772404,reference,no_linear_bank,0.0001,4
off,16,1,extension,1.3026900587438726,,/work/11617/sujato_ts/vista/motion_code-master/physics_modal_v4/enhancements/results/central/checkpoints/no_linear_bank/seed46/ETTh1/h336.pt,3329929422e3328f,preserved,2,False,ETTh1,16,174.5366945080459,latentflow-central-all28-five-seed-no-exchange-v2-selector-safe,central,10,latentflow_process_preserving_unfreeze2,5.0,0.001,336,,26.029831883084924,False,,0.0007,0.4527108275660768,2048,1024,LatentFlow,0.47753054724612326,0.02,2545.0,1479862,,0.45466264185561256,0.476966789450251,False,2,-0.0019518142895357804,0.000563757795872255,,/work/11617/sujato_ts/vista/motion_code-master/physics_modal_v4/enhancements/results/central/runs/no_linear_bank/seed46/ETTh1/h336.json,b40bde0b91c313486621e8aff4cb45615a2fc331732354038b14ecc03e0e2147,,0.6910358509123266,multiscale,46,"{'inducing_points': 32, 'latent_dim': 16, 'patch_lens': [16, 32, 48], 'representation_weight': 0.05}",16-32-48,,True,True,96,False,0,101.82667135304655,extension,no_linear_bank,0.0001,4
off,16,1,extension,1.5770653732239255,,/work/11617/sujato_ts/vista/motion_code-master/physics_modal_v4/enhancements/results/central/checkpoints/no_linear_bank/seed46/ETTh1/h720.pt,9be5780cda164187,preserved,2,False,ETTh1,16,161.95020279241726,latentflow-central-all28-five-seed-no-exchange-v2-selector-safe,central,10,latentflow_process_preserving_unfreeze2,5.0,0.001,720,,27.16907210397854,False,,0.0007,0.47718599647191395,2048,1024,LatentFlow,0.48826148650410894,0.02,2161.0,1634910,,0.4840422091314515,0.4981220114144686,False,2,-0.006856212659537564,-0.009860524910359658,,/work/11617/sujato_ts/vista/motion_code-master/physics_modal_v4/enhancements/results/central/runs/no_linear_bank/seed46/ETTh1/h720.json,8f70dfeef4c9791f70952c4a8e765fb8d97fb6b7b2004a242c48e34f76a1850a,,0.6987571012190924,multiscale,46,"{'inducing_points': 32, 'latent_dim': 16, 'patch_lens': [16, 32, 48], 'representation_weight': 0.05}",16-32-48,,True,True,96,False,0,93.96125176645,extension,no_linear_bank,0.0001,4
off,16,3,extension,0.7685090619183722,,/work/11617/sujato_ts/vista/motion_code-master/physics_modal_v4/enhancements/results/central/checkpoints/no_linear_bank/seed46/ETTh1/h96.pt,e8611c35c52f0fc4,preserved,2,False,ETTh1,16,167.3438241421245,latentflow-central-all28-five-seed-no-exchange-v2-selector-safe,central,10,latentflow_process_preserving_unfreeze2,5.0,0.001,96,,27.05991411355534,False,,0.0007,0.42177168107536234,2048,1024,LatentFlow,0.409108675102031,0.02,2785.0,1384538,,0.4175158633078593,0.4043880093471713,False,2,0.004255817767503056,0.004720665754859743,,/work/11617/sujato_ts/vista/motion_code-master/physics_modal_v4/enhancements/results/central/runs/no_linear_bank/seed46/ETTh1/h96.json,7097e8ec0351aadd6dfddc103e6f48187e8a4ae9710b38e8c594acfbfac2e41c,,0.6396160372458082,multiscale,46,"{'inducing_points': 32, 'latent_dim': 16, 'patch_lens': [16, 32, 48], 'representation_weight': 0.05}",16-32-48,,True,True,96,False,0,96.74474827188533,extension,no_linear_bank,0.0001,4
off,16,0,reference,0.27148642541751977,,/work/11617/sujato_ts/vista/motion_code-master/physics_modal_v4/enhancements/results/central/checkpoints/no_linear_bank/seed46/ETTh2/h192.pt,94c3fef3e5d86449,preserved,2,False,ETTh2,16,164.3619374204427,latentflow-central-all28-five-seed-no-exchange-v2-selector-safe,central,10,latentflow_process_preserving_unfreeze2,5.0,0.001,192,,6.684924157972107,True,,0.0007,0.3988710247494365,2048,1024,LatentFlow,0.3848208614367537,0.02,2689.0,1392262,,0.3988710247494365,0.3848208614367537,False,2,0.0,0.0,,/work/11617/sujato_ts/vista/motion_code-master/physics_modal_v4/enhancements/results/central/runs/no_linear_bank/seed46/ETTh2/h192.json,a2637afe2329824a40d4bbcefa2288f64419207ccceed3203896c4d2f277ec78,,0.620339311535835,multiscale,46,"{'inducing_points': 32, 'latent_dim': 8, 'patch_lens': [16, 32, 48], 'representation_weight': 0.001}",16-32-48,,True,True,96,False,0,94.99501263198908,reference,no_linear_bank,0.0001,4
off,16,2,extension,0.35506014911090433,,/work/11617/sujato_ts/vista/motion_code-master/physics_modal_v4/enhancements/results/central/checkpoints/no_linear_bank/seed46/ETTh2/h336.pt,1dfa14b48344d5c4,preserved,2,False,ETTh2,16,166.76601103390567,latentflow-central-all28-five-seed-no-exchange-v2-selector-safe,central,10,latentflow_process_preserving_unfreeze2,5.0,0.001,336,,26.801430075753576,False,,0.0007,0.43929849475279237,2048,1024,LatentFlow,0.42484287046661895,0.02,2545.0,1449614,,0.44282920789172475,0.4348240509712296,False,2,-0.0035307131389323843,-0.009981180504610665,,/work/11617/sujato_ts/vista/motion_code-master/physics_modal_v4/enhancements/results/central/runs/no_linear_bank/seed46/ETTh2/h336.json,a0a8f05b565497d7c963e96fe339ab35711bc4dfb27d90fa6ca29fd80e90967d,,0.6517997165284892,multiscale,46,"{'inducing_points': 32, 'latent_dim': 8, 'patch_lens': [16, 32, 48], 'representation_weight': 0.001}",16-32-48,,True,True,96,False,0,96.48842558199249,extension,no_linear_bank,0.0001,4
off,16,0,reference,0.6349885963258289,,/work/11617/sujato_ts/vista/motion_code-master/physics_modal_v4/enhancements/results/central/checkpoints/no_linear_bank/seed46/ETTh2/h720.pt,b0d8ac823d5dc27a,preserved,2,False,ETTh2,16,157.69825225137174,latentflow-central-all28-five-seed-no-exchange-v2-selector-safe,central,10,latentflow_process_preserving_unfreeze2,5.0,0.001,720,,6.7491943373713195,True,,0.0007,0.4490896991750947,2048,1024,LatentFlow,0.43153734943863453,0.02,2161.0,1604662,,0.4490896991750947,0.43153734943863453,False,2,0.0,0.0,,/work/11617/sujato_ts/vista/motion_code-master/physics_modal_v4/enhancements/results/central/runs/no_linear_bank/seed46/ETTh2/h720.json,3570d9198bf10a2946c53ed4431e4c7901d5e99b94b7523b320851658bb8cc7c,,0.6569150245188753,multiscale,46,"{'inducing_points': 32, 'latent_dim': 8, 'patch_lens': [16, 32, 48], 'representation_weight': 0.001}",16-32-48,,True,True,96,False,0,91.05137529113563,reference,no_linear_bank,0.0001,4
off,16,0,reference,0.22521938019919963,,/work/11617/sujato_ts/vista/motion_code-master/physics_modal_v4/enhancements/results/central/checkpoints/no_linear_bank/seed46/ETTh2/h96.pt,99c6e3215da33402,preserved,2,False,ETTh2,16,162.54851774103008,latentflow-central-all28-five-seed-no-exchange-v2-selector-safe,central,10,latentflow_process_preserving_unfreeze2,5.0,0.001,96,,6.514439833043627,True,,0.0007,0.34801842393636234,2048,1024,LatentFlow,0.30322222978302155,0.02,2785.0,1354290,,0.34801842393636234,0.30322222978302155,False,2,0.0,0.0,,/work/11617/sujato_ts/vista/motion_code-master/physics_modal_v4/enhancements/results/central/runs/no_linear_bank/seed46/ETTh2/h96.json,5c4d4f0932e4427bcb56fbff863cdc522150b1350d2eb3eb992a077c6c64afa4,,0.550656181099442,multiscale,46,"{'inducing_points': 32, 'latent_dim': 8, 'patch_lens': [16, 32, 48], 'representation_weight': 0.001}",16-32-48,,True,True,96,False,0,94.40313801333104,reference,no_linear_bank,0.0001,4
off,16,0,reference,0.5103681057336784,,/work/11617/sujato_ts/vista/motion_code-master/physics_modal_v4/enhancements/results/central/checkpoints/no_linear_bank/seed46/ETTm1/h192.pt,2b143bd173208ae5,preserved,2,False,ETTm1,16,165.85770065314136,latentflow-central-all28-five-seed-no-exchange-v2-selector-safe,central,10,latentflow_process_preserving_unfreeze2,5.0,0.001,192,,6.639616036342386,True,,0.0007,0.4087779072431386,2048,1024,LatentFlow,0.4028232705935892,0.02,11329.0,1380382,,0.4087779072431386,0.4028232705935892,False,2,0.0,0.0,,/work/11617/sujato_ts/vista/motion_code-master/physics_modal_v4/enhancements/results/central/runs/no_linear_bank/seed46/ETTm1/h192.json,77f927a51ed05c1f261121e14d88573d2c51001a78c3879190a325f800651ae4,,0.6346835988061998,multiscale,46,"{'inducing_points': 32, 'latent_dim': 8, 'patch_lens': [8, 24, 48], 'representation_weight': 0.01}",8-24-48,,True,True,96,False,0,94.11781147118745,reference,no_linear_bank,0.0001,4
off,16,1,extension,0.6579140710587404,,/work/11617/sujato_ts/vista/motion_code-master/physics_modal_v4/enhancements/results/central/checkpoints/no_linear_bank/seed46/ETTm1/h336.pt,0aad212a1b184a50,preserved,2,False,ETTm1,16,158.6106516480213,latentflow-central-all28-five-seed-no-exchange-v2-selector-safe,central,10,latentflow_process_preserving_unfreeze2,5.0,0.001,336,,24.628219825988182,False,,0.0007,0.427346592577572,2048,1024,LatentFlow,0.427661264724121,0.02,11185.0,1439992,,0.4279617261729845,0.4320681866459477,False,2,-0.000615133595412487,-0.004406921921826679,,/work/11617/sujato_ts/vista/motion_code-master/physics_modal_v4/enhancements/results/central/runs/no_linear_bank/seed46/ETTm1/h336.json,b6b91aeda6c6db834461cf45e51a775d2bbd2cab96e4c7dde45946e027c15cc2,,0.6539581521199358,multiscale,46,"{'inducing_points': 32, 'latent_dim': 8, 'patch_lens': [8, 24, 48], 'representation_weight': 0.01}",8-24-48,,True,True,96,False,0,89.80540707107139,extension,no_linear_bank,0.0001,4
off,16,2,extension,0.984721351048303,,/work/11617/sujato_ts/vista/motion_code-master/physics_modal_v4/enhancements/results/central/checkpoints/no_linear_bank/seed46/ETTm1/h720.pt,a5f73c2784629659,preserved,2,False,ETTm1,16,168.1546133630909,latentflow-central-all28-five-seed-no-exchange-v2-selector-safe,central,10,latentflow_process_preserving_unfreeze2,5.0,0.001,720,,27.03260770482108,False,,0.0007,0.4616217747707518,2048,1024,LatentFlow,0.4873664440942492,0.02,10801.0,1606168,,0.459435755096837,0.4827948625805839,False,2,0.0021860196739147963,0.004571581513665268,,/work/11617/sujato_ts/vista/motion_code-master/physics_modal_v4/enhancements/results/central/runs/no_linear_bank/seed46/ETTm1/h720.json,ebe6d228112b749fd92162736a313461c38a281f532ca52822e4e0cf75ce84f3,,0.6981163542664283,multiscale,46,"{'inducing_points': 32, 'latent_dim': 8, 'patch_lens': [8, 24, 48], 'representation_weight': 0.01}",8-24-48,,True,True,96,False,0,95.2976609365578,extension,no_linear_bank,0.0001,4
off,16,2,extension,0.39728322589681264,,/work/11617/sujato_ts/vista/motion_code-master/physics_modal_v4/enhancements/results/central/checkpoints/no_linear_bank/seed46/ETTm1/h96.pt,0223928a595af579,preserved,2,False,ETTm1,16,177.2424010783434,latentflow-central-all28-five-seed-no-exchange-v2-selector-safe,central,10,latentflow_process_preserving_unfreeze2,5.0,0.001,96,,27.25058881537192,False,,0.0007,0.37437262527642307,2048,1024,LatentFlow,0.33568764076936464,0.02,11425.0,1341462,,0.37831060270226174,0.34017647906493503,False,2,-0.003937977425838679,-0.0044888382955703965,,/work/11617/sujato_ts/vista/motion_code-master/physics_modal_v4/enhancements/results/central/runs/no_linear_bank/seed46/ETTm1/h96.json,25d14b9c11bebae77827ab29662e446f8a48df202d2ca8853f3def9bebabf225,,0.5793855717649212,multiscale,46,"{'inducing_points': 32, 'latent_dim': 8, 'patch_lens': [8, 24, 48], 'representation_weight': 0.01}",8-24-48,,True,True,96,False,0,100.48790556902532,extension,no_linear_bank,0.0001,4
off,16,2,extension,0.17198028459790207,,/work/11617/sujato_ts/vista/motion_code-master/physics_modal_v4/enhancements/results/central/checkpoints/no_linear_bank/seed46/ETTm2/h192.pt,7a222f1f0646ef05,preserved,2,False,ETTm2,16,167.1878267438151,latentflow-central-all28-five-seed-no-exchange-v2-selector-safe,central,10,latentflow_process_preserving_unfreeze2,5.0,0.001,192,,23.888482226129973,False,,0.0007,0.3055571814158884,2048,1024,LatentFlow,0.24422039341540047,0.02,11329.0,1355518,,0.30636941892921987,0.24538427263097323,False,2,-0.0008122375133314819,-0.0011638792155727606,,/work/11617/sujato_ts/vista/motion_code-master/physics_modal_v4/enhancements/results/central/runs/no_linear_bank/seed46/ETTm2/h192.json,52b981eba4febf6dff3479c90188655edd5fff77c84236b691f0919e3f7d0e19,,0.4941865977699117,multiscale,46,"{'inducing_points': 16, 'latent_dim': 8, 'patch_lens': [8, 16, 32], 'representation_weight': 0.001}",8-16-32,,True,True,96,False,0,94.569610560211,extension,no_linear_bank,0.0001,4
off,16,4,extension,0.21758289746686715,,/work/11617/sujato_ts/vista/motion_code-master/physics_modal_v4/enhancements/results/central/checkpoints/no_linear_bank/seed46/ETTm2/h336.pt,e29d0ce258aa1faa,preserved,2,False,ETTm2,16,179.69669867074117,latentflow-central-all28-five-seed-no-exchange-v2-selector-safe,central,10,latentflow_process_preserving_unfreeze2,5.0,0.001,336,,25.56876876542577,False,,0.0007,0.3476784416245295,2048,1024,LatentFlow,0.3089673003287777,0.02,11185.0,1415660,,0.35034870773447724,0.3142429882262766,False,2,-0.00267026610994775,-0.005275687897498882,,/work/11617/sujato_ts/vista/motion_code-master/physics_modal_v4/enhancements/results/central/runs/no_linear_bank/seed46/ETTm2/h336.json,195af0dd7f3027d1493076bd6aa7d900f7ff64d01797eb47712077d93bca2803,,0.5558482709596008,multiscale,46,"{'inducing_points': 16, 'latent_dim': 8, 'patch_lens': [8, 16, 32], 'representation_weight': 0.001}",8-16-32,,True,True,96,False,0,101.72969010091037,extension,no_linear_bank,0.0001,4
off,16,0,reference,0.29762729869948495,,/work/11617/sujato_ts/vista/motion_code-master/physics_modal_v4/enhancements/results/central/checkpoints/no_linear_bank/seed46/ETTm2/h720.pt,40a09cb8ab6f6c44,preserved,2,False,ETTm2,16,173.08892034227028,latentflow-central-all28-five-seed-no-exchange-v2-selector-safe,central,10,latentflow_process_preserving_unfreeze2,5.0,0.001,720,,6.4232164570019865,True,,0.0007,0.40168128772520395,2048,1024,LatentFlow,0.4103536065668563,0.02,10801.0,1584308,,0.40168128772520395,0.4103536065668563,False,2,0.0,0.0,,/work/11617/sujato_ts/vista/motion_code-master/physics_modal_v4/enhancements/results/central/runs/no_linear_bank/seed46/ETTm2/h720.json,5226894733c354f2a55ba7a7dd052d64e81fd3bcbe2488a5cf2aaba9d61f35b7,,0.6405884845724721,multiscale,46,"{'inducing_points': 16, 'latent_dim': 8, 'patch_lens': [8, 16, 32], 'representation_weight': 0.001}",8-16-32,,True,True,96,False,0,98.55234902097436,reference,no_linear_bank,0.0001,4
off,16,3,extension,0.12799408322288877,,/work/11617/sujato_ts/vista/motion_code-master/physics_modal_v4/enhancements/results/central/checkpoints/no_linear_bank/seed46/ETTm2/h96.pt,6dbb1a435910253f,preserved,2,False,ETTm2,16,166.15428680100013,latentflow-central-all28-five-seed-no-exchange-v2-selector-safe,central,10,latentflow_process_preserving_unfreeze2,5.0,0.001,96,,26.512047315086924,False,,0.0007,0.26084848267194616,2048,1024,LatentFlow,0.17593826271288468,0.02,11425.0,1316386,,0.2650372674378974,0.18028754537746758,False,2,-0.004188784765951248,-0.004349282664582899,,/work/11617/sujato_ts/vista/motion_code-master/physics_modal_v4/enhancements/results/central/runs/no_linear_bank/seed46/ETTm2/h96.json,a56d4fc7b43430059948f4e31cc2d2eb349296bc7f7d7d2583d18aa2b42029a7,,0.41944995257227613,multiscale,46,"{'inducing_points': 16, 'latent_dim': 8, 'patch_lens': [8, 16, 32], 'representation_weight': 0.001}",8-16-32,,True,True,96,False,0,94.18364161401769,extension,no_linear_bank,0.0001,4
off,16,10,extension,0.1475996102747021,,/work/11617/sujato_ts/vista/motion_code-master/physics_modal_v4/enhancements/results/central/checkpoints/no_linear_bank/seed46/Electricity/h192.pt,7be6200a047d9dd9,preserved,2,False,Electricity,16,701.3936498053372,latentflow-central-all28-five-seed-no-exchange-v2-selector-safe,central,10,latentflow_process_preserving_unfreeze2,5.0,0.001,192,,37.75186611613108,False,,0.0007,0.2656949799669716,2048,1024,LatentFlow,0.17109752984610996,0.02,5071.0,1369111,,0.27244336606703184,0.17915613418944393,False,2,-0.006748386100060233,-0.00805860434333397,,/work/11617/sujato_ts/vista/motion_code-master/physics_modal_v4/enhancements/results/central/runs/no_linear_bank/seed46/Electricity/h192.json,2980cd1695f21c9633644160c6f7f293bccf8186d577ea67e69674fd1379c411,,0.4136393717311131,multiscale,46,"{'inducing_points': 32, 'latent_dim': 16, 'patch_lens': [8, 16, 32], 'representation_weight': 0.001}",8-16-32,,True,True,96,False,0,471.6222340037348,extension,no_linear_bank,0.0001,4
off,16,10,extension,0.16436355334328467,,/work/11617/sujato_ts/vista/motion_code-master/physics_modal_v4/enhancements/results/central/checkpoints/no_linear_bank/seed46/Electricity/h336.pt,a75f0ace4db4186d,preserved,2,False,Electricity,16,720.1501920421142,latentflow-central-all28-five-seed-no-exchange-v2-selector-safe,central,10,latentflow_process_preserving_unfreeze2,5.0,0.001,336,,36.78420275162027,False,,0.0007,0.2813325730113324,2048,1024,LatentFlow,0.1881013427790851,0.02,4927.0,1429253,,0.28458979697142855,0.19296239055150355,False,2,-0.003257223960096145,-0.004861047772418442,,/work/11617/sujato_ts/vista/motion_code-master/physics_modal_v4/enhancements/results/central/runs/no_linear_bank/seed46/Electricity/h336.json,4c1251bf05fdd23dc31dd06558a9dede4825b80ae8e06a2202480e4a9d9b4082,,0.43370651687412437,multiscale,46,"{'inducing_points': 32, 'latent_dim': 16, 'patch_lens': [8, 16, 32], 'representation_weight': 0.001}",8-16-32,,True,True,96,False,0,483.44440681885317,extension,no_linear_bank,0.0001,4
off,16,9,extension,0.19932400137959735,,/work/11617/sujato_ts/vista/motion_code-master/physics_modal_v4/enhancements/results/central/checkpoints/no_linear_bank/seed46/Electricity/h720.pt,664b9ee2873816a2,preserved,2,False,Electricity,16,770.5722753759474,latentflow-central-all28-five-seed-no-exchange-v2-selector-safe,central,10,latentflow_process_preserving_unfreeze2,5.0,0.001,720,,41.380072593542366,False,,0.0007,0.31183384319750995,2048,1024,LatentFlow,0.22254634991645922,0.02,4543.0,1597901,,0.32332159684516676,0.24175011128921958,False,2,-0.011487753647656807,-0.019203761372760364,,/work/11617/sujato_ts/vista/motion_code-master/physics_modal_v4/enhancements/results/central/runs/no_linear_bank/seed46/Electricity/h720.json,d390fcb23443646ee215649e4d02e9a2cb3feffc63a29067374950a992e4ac6e,,0.47174818485762,multiscale,46,"{'inducing_points': 32, 'latent_dim': 16, 'patch_lens': [8, 16, 32], 'representation_weight': 0.001}",8-16-32,,True,True,96,False,0,516.2801495622261,extension,no_linear_bank,0.0001,4
off,16,10,extension,0.1360589393945498,,/work/11617/sujato_ts/vista/motion_code-master/physics_modal_v4/enhancements/results/central/checkpoints/no_linear_bank/seed46/Electricity/h96.pt,f9a8da3a65aec2bb,preserved,2,False,Electricity,16,686.6256211160216,latentflow-central-all28-five-seed-no-exchange-v2-selector-safe,central,10,latentflow_process_preserving_unfreeze2,5.0,0.001,96,,34.72091450045506,False,,0.0007,0.255462963183103,2048,1024,LatentFlow,0.1591783871872896,0.02,5167.0,1329979,,0.2616905746995893,0.16709971317333472,False,2,-0.006227611516486264,-0.007921325986045114,,/work/11617/sujato_ts/vista/motion_code-master/physics_modal_v4/enhancements/results/central/runs/no_linear_bank/seed46/Electricity/h96.json,dc184c2b11559c3e88c931d8f6a1d5dd848015ee20799067d92eb02b164d6606,,0.39897166213565793,multiscale,46,"{'inducing_points': 32, 'latent_dim': 16, 'patch_lens': [8, 16, 32], 'representation_weight': 0.001}",8-16-32,,True,True,96,False,0,461.39657180319773,extension,no_linear_bank,0.0001,4
off,16,9,extension,0.3870478979119569,,/work/11617/sujato_ts/vista/motion_code-master/physics_modal_v4/enhancements/results/central/checkpoints/no_linear_bank/seed46/Traffic/h192.pt,a49664da86dab278,preserved,2,False,Traffic,16,1455.3800252578221,latentflow-central-all28-five-seed-no-exchange-v2-selector-safe,central,10,latentflow_process_preserving_unfreeze2,5.0,0.001,192,,88.33764467089199,False,,0.0007,0.2993314415653293,2048,1024,LatentFlow,0.4508325237200447,0.02,3319.0,1370734,,0.3133110782005387,0.46290671212207635,False,2,-0.013979636635209403,-0.012074188402031671,,/work/11617/sujato_ts/vista/motion_code-master/physics_modal_v4/enhancements/results/central/runs/no_linear_bank/seed46/Traffic/h192.json,33fed562ab4cfcc5ffac7039e86ea18e675adbb9ae7767dfa2444cb129052bdf,,0.6714406330570445,multiscale,46,"{'inducing_points': 32, 'latent_dim': 16, 'patch_lens': [8, 16, 32], 'representation_weight': 0.001}",8-16-32,,True,True,96,False,0,969.4585350618581,extension,no_linear_bank,0.0001,4
off,16,9,extension,0.40153621249588245,,/work/11617/sujato_ts/vista/motion_code-master/physics_modal_v4/enhancements/results/central/checkpoints/no_linear_bank/seed46/Traffic/h336.pt,d621d932234d13e5,preserved,2,False,Traffic,16,1514.7278450109297,latentflow-central-all28-five-seed-no-exchange-v2-selector-safe,central,10,latentflow_process_preserving_unfreeze2,5.0,0.001,336,,90.9380498355445,False,,0.0007,0.3060697084277241,2048,1024,LatentFlow,0.4629575782752721,0.02,3175.0,1430876,,0.3157717843160955,0.4748638103799054,False,2,-0.009702075888371409,-0.011906232104633263,,/work/11617/sujato_ts/vista/motion_code-master/physics_modal_v4/enhancements/results/central/runs/no_linear_bank/seed46/Traffic/h336.json,b37c375091e566af55cca9c5b9e2549a76a8161ffd4d1fd16b83dfd3106ae319,,0.680409860507086,multiscale,46,"{'inducing_points': 32, 'latent_dim': 16, 'patch_lens': [8, 16, 32], 'representation_weight': 0.001}",8-16-32,,True,True,96,False,0,1008.3608867327712,extension,no_linear_bank,0.0001,4
off,16,10,extension,0.4442277001117609,,/work/11617/sujato_ts/vista/motion_code-master/physics_modal_v4/enhancements/results/central/checkpoints/no_linear_bank/seed46/Traffic/h720.pt,a4bd2c6a09bd26e3,preserved,2,False,Traffic,16,1690.6667250096798,latentflow-central-all28-five-seed-no-exchange-v2-selector-safe,central,10,latentflow_process_preserving_unfreeze2,5.0,0.001,720,,98.71616372678044,False,,0.0007,0.31468495041906785,2048,1024,LatentFlow,0.4882785061364864,0.02,2791.0,1599524,,0.32641825303088623,0.4984455397831265,False,2,-0.011733302611818375,-0.010167033646640122,,/work/11617/sujato_ts/vista/motion_code-master/physics_modal_v4/enhancements/results/central/runs/no_linear_bank/seed46/Traffic/h720.json,c4fcaa5e664425cc54dee3f25fa21d749facd7bcc525eaed6324138d26f803b7,,0.6987692796170181,multiscale,46,"{'inducing_points': 32, 'latent_dim': 16, 'patch_lens': [8, 16, 32], 'representation_weight': 0.001}",8-16-32,,True,True,96,False,0,1123.484580605509,extension,no_linear_bank,0.0001,4
off,16,10,extension,0.39632278307408025,,/work/11617/sujato_ts/vista/motion_code-master/physics_modal_v4/enhancements/results/central/checkpoints/no_linear_bank/seed46/Traffic/h96.pt,0ff2a52b67d99669,preserved,2,False,Traffic,16,1441.689897896722,latentflow-central-all28-five-seed-no-exchange-v2-selector-safe,central,10,latentflow_process_preserving_unfreeze2,5.0,0.001,96,,87.85848439553044,False,,0.0007,0.29629633243173487,2048,1024,LatentFlow,0.43556671038390016,0.02,3415.0,1331602,,0.3102946922556056,0.45169545547138007,False,2,-0.01399835982387071,-0.016128745087479912,,/work/11617/sujato_ts/vista/motion_code-master/physics_modal_v4/enhancements/results/central/runs/no_linear_bank/seed46/Traffic/h96.json,53406db0f32211bd912ee6d04556bc46a26e1144096e8c3e046c9f749ffcb91c,,0.6599747801120132,multiscale,46,"{'inducing_points': 32, 'latent_dim': 16, 'patch_lens': [8, 16, 32], 'representation_weight': 0.001}",8-16-32,,True,True,96,False,0,961.9721207811381,extension,no_linear_bank,0.0001,4
off,16,2,extension,0.47871095095835037,,/work/11617/sujato_ts/vista/motion_code-master/physics_modal_v4/enhancements/results/central/checkpoints/no_linear_bank/seed46/Weather/h192.pt,13aa74375d8ffc08,preserved,2,False,Weather,16,242.48306829854846,latentflow-central-all28-five-seed-no-exchange-v2-selector-safe,central,10,latentflow_process_preserving_unfreeze2,5.0,0.001,192,,39.22444335076698,False,,0.0007,0.25761328307013837,2048,1024,LatentFlow,0.21616094041494552,0.02,10349.0,1371328,,0.2633622863451337,0.22285953546752726,False,2,-0.005749003274995335,-0.006698595052581746,,/work/11617/sujato_ts/vista/motion_code-master/physics_modal_v4/enhancements/results/central/runs/no_linear_bank/seed46/Weather/h192.json,5390a1c5ac363c93af9686fc43a614cf1d72858eb70dc372589bfa2dfdf7aeb9,,0.46493111362323936,multiscale,46,"{'inducing_points': 32, 'latent_dim': 16, 'patch_lens': [8, 16, 32], 'representation_weight': 0.001}",8-16-32,,True,True,96,False,0,153.06890715728514,extension,no_linear_bank,0.0001,4
off,16,5,extension,0.559633676156976,,/work/11617/sujato_ts/vista/motion_code-master/physics_modal_v4/enhancements/results/central/checkpoints/no_linear_bank/seed46/Weather/h336.pt,dd97d68a0218c094,preserved,2,False,Weather,16,244.8965479778126,latentflow-central-all28-five-seed-no-exchange-v2-selector-safe,central,10,latentflow_process_preserving_unfreeze2,5.0,0.001,336,,39.93939231706303,False,,0.0007,0.29453713674504106,2048,1024,LatentFlow,0.268891286858293,0.02,10205.0,1431470,,0.2966213391272216,0.27196245440259553,False,2,-0.0020842023821805444,-0.0030711675443025332,,/work/11617/sujato_ts/vista/motion_code-master/physics_modal_v4/enhancements/results/central/runs/no_linear_bank/seed46/Weather/h336.json,7fcfc4b7d28f1f787486e4603eae00dd5b475a05475129a68eccbc4e3c626403,,0.5185472850746525,multiscale,46,"{'inducing_points': 32, 'latent_dim': 16, 'patch_lens': [8, 16, 32], 'representation_weight': 0.001}",8-16-32,,True,True,96,False,0,154.8647703610186,extension,no_linear_bank,0.0001,4
off,16,2,extension,0.6825377772094081,,/work/11617/sujato_ts/vista/motion_code-master/physics_modal_v4/enhancements/results/central/checkpoints/no_linear_bank/seed46/Weather/h720.pt,71ed2587199bd7d7,preserved,2,False,Weather,16,234.9160585142672,latentflow-central-all28-five-seed-no-exchange-v2-selector-safe,central,10,latentflow_process_preserving_unfreeze2,5.0,0.001,720,,44.16786591001951,False,,0.0007,0.3472189222044841,2048,1024,LatentFlow,0.34881301220353755,0.02,9821.0,1600118,,0.34927405431247943,0.3517337242355971,False,2,-0.00205513210799535,-0.002920712032059569,,/work/11617/sujato_ts/vista/motion_code-master/physics_modal_v4/enhancements/results/central/runs/no_linear_bank/seed46/Weather/h720.json,0be6fb64ef3db04d08674e5b864715ade363658f9772ba5b9411e5da5880eab9,,0.5906039385269434,multiscale,46,"{'inducing_points': 32, 'latent_dim': 16, 'patch_lens': [8, 16, 32], 'representation_weight': 0.001}",8-16-32,,True,True,96,False,0,148.23252276255516,extension,no_linear_bank,0.0001,4
off,16,7,extension,0.43502052199272884,,/work/11617/sujato_ts/vista/motion_code-master/physics_modal_v4/enhancements/results/central/checkpoints/no_linear_bank/seed46/Weather/h96.pt,fda8654adb4416e9,preserved,2,False,Weather,16,216.7581925690174,latentflow-central-all28-five-seed-no-exchange-v2-selector-safe,central,10,latentflow_process_preserving_unfreeze2,5.0,0.001,96,,37.962188369118124,False,,0.0007,0.21219981271941063,2048,1024,LatentFlow,0.1644869493809729,0.02,10445.0,1332196,,0.2197817191262274,0.17252311991325697,False,2,-0.007581906406816774,-0.00803617053228406,,/work/11617/sujato_ts/vista/motion_code-master/physics_modal_v4/enhancements/results/central/runs/no_linear_bank/seed46/Weather/h96.json,e0571530ddea1c4e8ba5c63776e4c9a1ec5814f78f94f7c1831bf72bd3b985da,,0.40556990689765543,multiscale,46,"{'inducing_points': 32, 'latent_dim': 16, 'patch_lens': [8, 16, 32], 'representation_weight': 0.001}",8-16-32,,True,True,96,False,0,136.5185936101625,extension,no_linear_bank,0.0001,4
on,16,2,extension,1.0176687038370542,,/work/11617/sujato_ts/vista/motion_code-master/physics_modal_v4/enhancements/results/central/checkpoints/no_multiscale/seed42/ETTh1/h192.pt,fbcb9569338b7d7f,preserved,2,False,ETTh1,16,372.1789427921176,latentflow-central-all28-five-seed-no-exchange-v2-selector-safe,central,10,latentflow_process_preserving_unfreeze2,5.0,0.001,192,,19.664090486455287,False,,0.0007,0.43919897695052057,2048,1024,LatentFlow,0.4543071907198966,0.02,2689.0,617482,,0.43620894722768894,0.44605673155124015,False,2,0.002990029722831633,0.008250459168656465,,/work/11617/sujato_ts/vista/motion_code-master/physics_modal_v4/enhancements/results/central/runs/no_multiscale/seed42/ETTh1/h192.json,779917ee2cb75c463fefd1d349995274eb416d24b4b1e1fb00871d813eba453d,,0.6740231381190831,single,42,"{'inducing_points': 32, 'latent_dim': 16, 'patch_lens': [16, 32, 48], 'representation_weight': 0.05}",16,,True,True,96,False,0,78.7131906767172,extension,no_multiscale,0.0001,4
on,16,0,reference,1.2834128254935855,,/work/11617/sujato_ts/vista/motion_code-master/physics_modal_v4/enhancements/results/central/checkpoints/no_multiscale/seed42/ETTh1/h336.pt,33839b861a930e31,preserved,2,False,ETTh1,16,376.3752142479643,latentflow-central-all28-five-seed-no-exchange-v2-selector-safe,central,10,latentflow_process_preserving_unfreeze2,5.0,0.001,336,,4.8919717108541985,True,,0.0007,0.451345809839248,2048,1024,LatentFlow,0.47693115907757805,0.02,2545.0,758332,,0.451345809839248,0.47693115907757805,False,2,0.0,0.0,,/work/11617/sujato_ts/vista/motion_code-master/physics_modal_v4/enhancements/results/central/runs/no_multiscale/seed42/ETTh1/h336.json,f461d0a8bf8b85e0e1deed49f8da00a989127be35c6d63ae05199ae7b630d097,,0.6906020265518905,single,42,"{'inducing_points': 32, 'latent_dim': 16, 'patch_lens': [16, 32, 48], 'representation_weight': 0.05}",16,,True,True,96,False,0,79.21247793237853,reference,no_multiscale,0.0001,4
on,16,0,reference,1.5561827826121497,,/work/11617/sujato_ts/vista/motion_code-master/physics_modal_v4/enhancements/results/central/checkpoints/no_multiscale/seed42/ETTh1/h720.pt,b1d266b2e43a58a0,preserved,2,False,ETTh1,16,364.3465342610143,latentflow-central-all28-five-seed-no-exchange-v2-selector-safe,central,10,latentflow_process_preserving_unfreeze2,5.0,0.001,720,,4.860556435965891,True,,0.0007,0.47859032000202106,2048,1024,LatentFlow,0.4938865323758555,0.02,2161.0,1180516,,0.47859032000202106,0.4938865323758555,False,2,0.0,0.0,,/work/11617/sujato_ts/vista/motion_code-master/physics_modal_v4/enhancements/results/central/runs/no_multiscale/seed42/ETTh1/h720.json,c695628b9e4606148e76ba42d3079fda20a3c6280b8c68694dfb175164229aa8,,0.7027706114912998,single,42,"{'inducing_points': 32, 'latent_dim': 16, 'patch_lens': [16, 32, 48], 'representation_weight': 0.05}",48,,True,True,96,False,0,77.37798619928071,reference,no_multiscale,0.0001,4
on,16,0,reference,0.7621116824448109,,/work/11617/sujato_ts/vista/motion_code-master/physics_modal_v4/enhancements/results/central/checkpoints/no_multiscale/seed42/ETTh1/h96.pt,8ca4b8a09e8f4881,preserved,2,False,ETTh1,16,353.75678985507693,latentflow-central-all28-five-seed-no-exchange-v2-selector-safe,central,10,latentflow_process_preserving_unfreeze2,5.0,0.001,96,,4.708846783362372,True,,0.0007,0.40459336049843925,2048,1024,LatentFlow,0.39791870638989296,0.02,2785.0,572818,,0.40459336049843925,0.39791870638989296,False,2,0.0,0.0,,/work/11617/sujato_ts/vista/motion_code-master/physics_modal_v4/enhancements/results/central/runs/no_multiscale/seed42/ETTh1/h96.json,cf8b935c049ddf3a8b8464f88486116aaf353b961b8904fd9ae8d851ca1473a5,,0.6308079790157167,single,42,"{'inducing_points': 32, 'latent_dim': 16, 'patch_lens': [16, 32, 48], 'representation_weight': 0.05}",48,,True,True,96,False,0,74.88964221874994,reference,no_multiscale,0.0001,4
on,16,0,reference,0.2647402187188466,,/work/11617/sujato_ts/vista/motion_code-master/physics_modal_v4/enhancements/results/central/checkpoints/no_multiscale/seed42/ETTh2/h192.pt,11a47eb78bde4113,preserved,2,False,ETTh2,16,338.6725917458534,latentflow-central-all28-five-seed-no-exchange-v2-selector-safe,central,10,latentflow_process_preserving_unfreeze2,5.0,0.001,192,,4.407638193158332,True,,0.0007,0.39251590989787766,2048,1024,LatentFlow,0.38090621875148944,0.02,2689.0,646258,,0.39251590989787766,0.38090621875148944,False,2,0.0,0.0,,/work/11617/sujato_ts/vista/motion_code-master/physics_modal_v4/enhancements/results/central/runs/no_multiscale/seed42/ETTh2/h192.json,8f5c294533fac4db5c76be6b61439b8b3fa749a95d00f7fde93af82d76fce249,,0.6171760030586814,single,42,"{'inducing_points': 32, 'latent_dim': 8, 'patch_lens': [16, 32, 48], 'representation_weight': 0.001}",48,,True,True,96,False,0,72.31853095872793,reference,no_multiscale,0.0001,4
on,16,0,reference,0.34347591310942255,,/work/11617/sujato_ts/vista/motion_code-master/physics_modal_v4/enhancements/results/central/checkpoints/no_multiscale/seed42/ETTh2/h336.pt,bf047e0667f8c3c5,preserved,2,False,ETTh2,16,374.1511904001236,latentflow-central-all28-five-seed-no-exchange-v2-selector-safe,central,10,latentflow_process_preserving_unfreeze2,5.0,0.001,336,,4.6445700115984,True,,0.0007,0.4272882950703765,2048,1024,LatentFlow,0.421305299264402,0.02,2545.0,786460,,0.4272882950703765,0.421305299264402,False,2,0.0,0.0,,/work/11617/sujato_ts/vista/motion_code-master/physics_modal_v4/enhancements/results/central/runs/no_multiscale/seed42/ETTh2/h336.json,e9b4933016f3c89a95f25bbae78132f69579040fcb57e24d294d160b34e3916d,,0.6490803488508969,single,42,"{'inducing_points': 32, 'latent_dim': 8, 'patch_lens': [16, 32, 48], 'representation_weight': 0.001}",48,,True,True,96,False,0,79.81909861337044,reference,no_multiscale,0.0001,4
on,16,0,reference,0.5973923921585083,,/work/11617/sujato_ts/vista/motion_code-master/physics_modal_v4/enhancements/results/central/checkpoints/no_multiscale/seed42/ETTh2/h720.pt,494925d821ff7072,preserved,2,False,ETTh2,16,373.8783776788041,latentflow-central-all28-five-seed-no-exchange-v2-selector-safe,central,10,latentflow_process_preserving_unfreeze2,5.0,0.001,720,,4.706613337204082,True,,0.0007,0.434828278489231,2048,1024,LatentFlow,0.4109337318996329,0.02,2161.0,1160508,,0.434828278489231,0.4109337318996329,False,2,0.0,0.0,,/work/11617/sujato_ts/vista/motion_code-master/physics_modal_v4/enhancements/results/central/runs/no_multiscale/seed42/ETTh2/h720.json,470164c5b672a7430021661bfe66d984bcba8d84d6026b858b40aa25a703401b,,0.6410411312073765,single,42,"{'inducing_points': 32, 'latent_dim': 8, 'patch_lens': [16, 32, 48], 'representation_weight': 0.001}",48,,True,True,96,False,0,79.1110142828984,reference,no_multiscale,0.0001,4
on,16,3,extension,0.21273347930539221,,/work/11617/sujato_ts/vista/motion_code-master/physics_modal_v4/enhancements/results/central/checkpoints/no_multiscale/seed42/ETTh2/h96.pt,3f31f0d8a8062537,preserved,2,False,ETTh2,16,358.84237777697854,latentflow-central-all28-five-seed-no-exchange-v2-selector-safe,central,10,latentflow_process_preserving_unfreeze2,5.0,0.001,96,,20.462011014019822,False,,0.0007,0.3402386142074873,2048,1024,LatentFlow,0.2923202799438075,0.02,2785.0,552810,,0.3408561592724952,0.2953847670133189,False,2,-0.0006175450650078851,-0.0030644870695114013,,/work/11617/sujato_ts/vista/motion_code-master/physics_modal_v4/enhancements/results/central/runs/no_multiscale/seed42/ETTh2/h96.json,6a93bdc6ed5c2e22fccd680d2bac6e8f70564797dce164201adf595feec0210f,,0.5406665145390526,single,42,"{'inducing_points': 32, 'latent_dim': 8, 'patch_lens': [16, 32, 48], 'representation_weight': 0.001}",48,,True,True,96,False,0,76.06031289287785,extension,no_multiscale,0.0001,4
on,16,0,reference,0.5070549629273868,,/work/11617/sujato_ts/vista/motion_code-master/physics_modal_v4/enhancements/results/central/checkpoints/no_multiscale/seed42/ETTm1/h192.pt,84f6af2e5414de37,preserved,2,False,ETTm1,16,384.71374776400626,latentflow-central-all28-five-seed-no-exchange-v2-selector-safe,central,10,latentflow_process_preserving_unfreeze2,5.0,0.001,192,,4.415755569829462,True,,0.0007,0.40745573511743344,2048,1024,LatentFlow,0.40148370819914675,0.02,11329.0,620266,,0.40745573511743344,0.40148370819914675,False,2,0.0,0.0,,/work/11617/sujato_ts/vista/motion_code-master/physics_modal_v4/enhancements/results/central/runs/no_multiscale/seed42/ETTm1/h192.json,eb801ace16af1d01a1dfcee92b2e3660883163539c5a6a3dd23600b4659c10fc,,0.6336274206496644,single,42,"{'inducing_points': 32, 'latent_dim': 8, 'patch_lens': [8, 24, 48], 'representation_weight': 0.01}",24,,True,True,96,False,0,80.83388272643788,reference,no_multiscale,0.0001,4
on,16,1,extension,0.6506720402208316,,/work/11617/sujato_ts/vista/motion_code-master/physics_modal_v4/enhancements/results/central/checkpoints/no_multiscale/seed42/ETTm1/h336.pt,8790f0f96541113c,preserved,2,False,ETTm1,16,381.2699526930228,latentflow-central-all28-five-seed-no-exchange-v2-selector-safe,central,10,latentflow_process_preserving_unfreeze2,5.0,0.001,336,,21.517640970584623,False,,0.0007,0.41324184840528083,2048,1024,LatentFlow,0.4044121444675374,0.02,11185.0,752570,,0.4112969252567128,0.40240100541593515,False,2,0.001944923148568034,0.002011139051602273,,/work/11617/sujato_ts/vista/motion_code-master/physics_modal_v4/enhancements/results/central/runs/no_multiscale/seed42/ETTm1/h336.json,3e0c59e7b6acc63ac48d35f8b3bae6d6c7778b142738e79cf5cf4e0ac6b5f75f,,0.6359340724222421,single,42,"{'inducing_points': 32, 'latent_dim': 8, 'patch_lens': [8, 24, 48], 'representation_weight': 0.01}",8,,True,True,96,False,0,79.80609998048749,extension,no_multiscale,0.0001,4
on,16,2,extension,0.9763105350827413,,/work/11617/sujato_ts/vista/motion_code-master/physics_modal_v4/enhancements/results/central/checkpoints/no_multiscale/seed42/ETTm1/h720.pt,d273b454243c75a9,preserved,2,False,ETTm1,16,377.69824120774865,latentflow-central-all28-five-seed-no-exchange-v2-selector-safe,central,10,latentflow_process_preserving_unfreeze2,5.0,0.001,720,,21.321549241376477,False,,0.0007,0.4681205634733822,2048,1024,LatentFlow,0.49394318716362084,0.02,10801.0,1140218,,0.4706026573653797,0.49441572303893117,False,2,-0.0024820938919974944,-0.0004725358753103204,,/work/11617/sujato_ts/vista/motion_code-master/physics_modal_v4/enhancements/results/central/runs/no_multiscale/seed42/ETTm1/h720.json,036129bb163c57c7038026a6b7f200d92b055c87f878e3ac8a8955864f512bbd,,0.7028109185005743,single,42,"{'inducing_points': 32, 'latent_dim': 8, 'patch_lens': [8, 24, 48], 'representation_weight': 0.01}",8,,True,True,96,False,0,79.0107228924171,extension,no_multiscale,0.0001,4
on,16,0,reference,0.39250070246912183,,/work/11617/sujato_ts/vista/motion_code-master/physics_modal_v4/enhancements/results/central/checkpoints/no_multiscale/seed42/ETTm1/h96.pt,80c75fa53c8079cf,preserved,2,False,ETTm1,16,361.60992213105783,latentflow-central-all28-five-seed-no-exchange-v2-selector-safe,central,10,latentflow_process_preserving_unfreeze2,5.0,0.001,96,,4.238153670667598,True,,0.0007,0.37793458419876125,2048,1024,LatentFlow,0.3411493279907347,0.02,11425.0,526714,,0.37793458419876125,0.3411493279907347,False,2,0.0,0.0,,/work/11617/sujato_ts/vista/motion_code-master/physics_modal_v4/enhancements/results/central/runs/no_multiscale/seed42/ETTm1/h96.json,3de4eb7b4330974690e1fa2ca557a16523b5b16897db8707340c44798ce27c08,,0.584079898636081,single,42,"{'inducing_points': 32, 'latent_dim': 8, 'patch_lens': [8, 24, 48], 'representation_weight': 0.01}",24,,True,True,96,False,0,75.65142844523507,reference,no_multiscale,0.0001,4
on,16,2,extension,0.1676205529698304,,/work/11617/sujato_ts/vista/motion_code-master/physics_modal_v4/enhancements/results/central/checkpoints/no_multiscale/seed42/ETTm2/h192.pt,b28c525e697aa349,preserved,2,False,ETTm2,16,358.0844935348723,latentflow-central-all28-five-seed-no-exchange-v2-selector-safe,central,10,latentflow_process_preserving_unfreeze2,5.0,0.001,192,,23.038980718359582,False,,0.0007,0.2998215597014567,2048,1024,LatentFlow,0.24044054556847183,0.02,11329.0,609514,,0.30130034184840593,0.24211921609077525,False,2,-0.0014787821469492424,-0.001678670522303416,,/work/11617/sujato_ts/vista/motion_code-master/physics_modal_v4/enhancements/results/central/runs/no_multiscale/seed42/ETTm2/h192.json,4c5215033061ba27b0d8777fe380f5b0e9ca66e7729562801a39b68fa2cf5e4f,,0.4903473723478814,single,42,"{'inducing_points': 16, 'latent_dim': 8, 'patch_lens': [8, 16, 32], 'representation_weight': 0.001}",8,,True,True,96,False,0,75.14432446550927,extension,no_multiscale,0.0001,4
on,16,1,extension,0.21648001701247935,,/work/11617/sujato_ts/vista/motion_code-master/physics_modal_v4/enhancements/results/central/checkpoints/no_multiscale/seed42/ETTm2/h336.pt,9d5edaf9fb5cf7ee,preserved,2,False,ETTm2,16,370.4817020330811,latentflow-central-all28-five-seed-no-exchange-v2-selector-safe,central,10,latentflow_process_preserving_unfreeze2,5.0,0.001,336,,20.89072709298028,False,,0.0007,0.3440600345027568,2048,1024,LatentFlow,0.3071227540169095,0.02,11185.0,768134,,0.34436970590518096,0.3075116868981786,False,2,-0.0003096714024241609,-0.0003889328812690662,,/work/11617/sujato_ts/vista/motion_code-master/physics_modal_v4/enhancements/results/central/runs/no_multiscale/seed42/ETTm2/h336.json,e8eba9f5a84391c8f550d5557884de7b7e63b8499b491200507257a9c5af2274,,0.5541865696829088,single,42,"{'inducing_points': 16, 'latent_dim': 8, 'patch_lens': [8, 16, 32], 'representation_weight': 0.001}",32,,True,True,96,False,0,78.06186129610069,extension,no_multiscale,0.0001,4
on,16,0,reference,0.2965257716557336,,/work/11617/sujato_ts/vista/motion_code-master/physics_modal_v4/enhancements/results/central/checkpoints/no_multiscale/seed42/ETTm2/h720.pt,c51022add974c6da,preserved,2,False,ETTm2,16,386.4971010177396,latentflow-central-all28-five-seed-no-exchange-v2-selector-safe,central,10,latentflow_process_preserving_unfreeze2,5.0,0.001,720,,4.631893374910163,True,,0.0007,0.39998473441642685,2048,1024,LatentFlow,0.4069401379445784,0.02,10801.0,1142702,,0.39998473441642685,0.4069401379445784,False,2,0.0,0.0,,/work/11617/sujato_ts/vista/motion_code-master/physics_modal_v4/enhancements/results/central/runs/no_multiscale/seed42/ETTm2/h720.json,f27a467e8833a92e928e5e7d3551ac337fbb8f84aa358f3dc583234582229e95,,0.6379185982118553,single,42,"{'inducing_points': 16, 'latent_dim': 8, 'patch_lens': [8, 16, 32], 'representation_weight': 0.001}",32,,True,True,96,False,0,81.12973619208788,reference,no_multiscale,0.0001,4
on,16,5,extension,0.12816912303900435,,/work/11617/sujato_ts/vista/motion_code-master/physics_modal_v4/enhancements/results/central/checkpoints/no_multiscale/seed42/ETTm2/h96.pt,45118c9304fe5f05,preserved,2,False,ETTm2,16,378.2770881690085,latentflow-central-all28-five-seed-no-exchange-v2-selector-safe,central,10,latentflow_process_preserving_unfreeze2,5.0,0.001,96,,20.253715495909415,False,,0.0007,0.2587210975429149,2048,1024,LatentFlow,0.1743774491701944,0.02,11425.0,520074,,0.26100155763505856,0.17721956967736105,False,2,-0.0022804600921436657,-0.0028421205071666455,,/work/11617/sujato_ts/vista/motion_code-master/physics_modal_v4/enhancements/results/central/runs/no_multiscale/seed42/ETTm2/h96.json,7f22cd8f957971e39760716489bf415db1c6a09aad308866abdea4a07fe66f31,,0.4175852597616377,single,42,"{'inducing_points': 16, 'latent_dim': 8, 'patch_lens': [8, 16, 32], 'representation_weight': 0.001}",16,,True,True,96,False,0,79.25583859178005,extension,no_multiscale,0.0001,4
on,16,10,extension,0.14795216713738962,,/work/11617/sujato_ts/vista/motion_code-master/physics_modal_v4/enhancements/results/central/checkpoints/no_multiscale/seed42/Electricity/h192.pt,f28058b6fb25fbe0,preserved,2,False,Electricity,16,1478.0056542679667,latentflow-central-all28-five-seed-no-exchange-v2-selector-safe,central,10,latentflow_process_preserving_unfreeze2,5.0,0.001,192,,26.04601649335022,False,,0.0007,0.2638550299005757,2048,1024,LatentFlow,0.171423127151915,0.02,5071.0,612867,,0.26903617975431154,0.18057755324293223,False,2,-0.005181149853735856,-0.009154426091017243,,/work/11617/sujato_ts/vista/motion_code-master/physics_modal_v4/enhancements/results/central/runs/no_multiscale/seed42/Electricity/h192.json,24dbaed0d5e2b15e5177f4616fcbc4575a7698c9508dcf3651215cabaad05a65,,0.41403276096453406,single,42,"{'inducing_points': 32, 'latent_dim': 16, 'patch_lens': [8, 16, 32], 'representation_weight': 0.001}",8,,True,True,96,False,0,354.0017457155045,extension,no_multiscale,0.0001,4
on,16,10,extension,0.16527798886363504,,/work/11617/sujato_ts/vista/motion_code-master/physics_modal_v4/enhancements/results/central/checkpoints/no_multiscale/seed42/Electricity/h336.pt,80f1f8956adae329,preserved,2,False,Electricity,16,1573.8677679700777,latentflow-central-all28-five-seed-no-exchange-v2-selector-safe,central,10,latentflow_process_preserving_unfreeze2,5.0,0.001,336,,25.16749024512322,False,,0.0007,0.28273021088444056,2048,1024,LatentFlow,0.1902937704396959,0.02,4927.0,755859,,0.2882653510398881,0.19989252836524798,False,2,-0.005535140155447538,-0.009598757925552093,,/work/11617/sujato_ts/vista/motion_code-master/physics_modal_v4/enhancements/results/central/runs/no_multiscale/seed42/Electricity/h336.json,084d3af6660a4891965a0a138e7241956ccf5dda52f75f7d367a9d155f082914,,0.4362267420043112,single,42,"{'inducing_points': 32, 'latent_dim': 16, 'patch_lens': [8, 16, 32], 'representation_weight': 0.001}",8,,True,True,96,False,0,373.28533850741223,extension,no_multiscale,0.0001,4
on,16,8,extension,0.20170509725262362,,/work/11617/sujato_ts/vista/motion_code-master/physics_modal_v4/enhancements/results/central/checkpoints/no_multiscale/seed42/Electricity/h720.pt,d80a368c2eff3d75,preserved,2,False,Electricity,16,1510.9318297947757,latentflow-central-all28-five-seed-no-exchange-v2-selector-safe,central,10,latentflow_process_preserving_unfreeze2,5.0,0.001,720,,27.434434701493124,False,,0.0007,0.31267562557265477,2048,1024,LatentFlow,0.22614926923218098,0.02,4543.0,1136717,,0.3246753240800742,0.24660372411936646,False,2,-0.011999698507419443,-0.020454454887185475,,/work/11617/sujato_ts/vista/motion_code-master/physics_modal_v4/enhancements/results/central/runs/no_multiscale/seed42/Electricity/h720.json,07c4dc816d005df698f68b0b0ffe9f4b6be787bb86e6b7dbd87df5883276c588,,0.47555154214047185,single,42,"{'inducing_points': 32, 'latent_dim': 16, 'patch_lens': [8, 16, 32], 'representation_weight': 0.001}",16,,True,True,96,False,0,355.6211991352029,extension,no_multiscale,0.0001,4
on,16,9,extension,0.13786180947180973,,/work/11617/sujato_ts/vista/motion_code-master/physics_modal_v4/enhancements/results/central/checkpoints/no_multiscale/seed42/Electricity/h96.pt,8366325bccaa74f0,preserved,2,False,Electricity,16,1502.3138052499853,latentflow-central-all28-five-seed-no-exchange-v2-selector-safe,central,10,latentflow_process_preserving_unfreeze2,5.0,0.001,96,,26.768323948043722,False,,0.0007,0.2535646169617152,2048,1024,LatentFlow,0.15927522914062708,0.02,5167.0,518259,,0.2572692813920298,0.16525641673100436,False,2,-0.0037046644303146414,-0.005981187590377274,,/work/11617/sujato_ts/vista/motion_code-master/physics_modal_v4/enhancements/results/central/runs/no_multiscale/seed42/Electricity/h96.json,1c85202161fa236cc8534e8a47faee6c674f439ee662e010330a4371fda6f7a0,,0.39909300813297527,single,42,"{'inducing_points': 32, 'latent_dim': 16, 'patch_lens': [8, 16, 32], 'representation_weight': 0.001}",8,,True,True,96,False,0,359.8844006852232,extension,no_multiscale,0.0001,4
on,16,9,extension,0.38804834975075186,,/work/11617/sujato_ts/vista/motion_code-master/physics_modal_v4/enhancements/results/central/checkpoints/no_multiscale/seed42/Traffic/h192.pt,9c7e65c8e2ab8207,preserved,2,False,Traffic,16,2483.8946030754596,latentflow-central-all28-five-seed-no-exchange-v2-selector-safe,central,10,latentflow_process_preserving_unfreeze2,5.0,0.001,192,,55.52159125606219,False,,0.0007,0.30111407661922485,2048,1024,LatentFlow,0.4520575843463938,0.02,3319.0,614490,,0.31193999615117407,0.4670676597840479,False,2,-0.010825919531949224,-0.015010075437654091,,/work/11617/sujato_ts/vista/motion_code-master/physics_modal_v4/enhancements/results/central/runs/no_multiscale/seed42/Traffic/h192.json,d42c9b00b1923449f0943ca11777bfca92d9cc6d25a1887e6ad0f5f0f1f1fbda,,0.6723522769697399,single,42,"{'inducing_points': 32, 'latent_dim': 16, 'patch_lens': [8, 16, 32], 'representation_weight': 0.001}",8,,True,True,96,False,0,633.6487798689632,extension,no_multiscale,0.0001,4
on,16,9,extension,0.39913325435666663,,/work/11617/sujato_ts/vista/motion_code-master/physics_modal_v4/enhancements/results/central/checkpoints/no_multiscale/seed42/Traffic/h336.pt,a8e98dcb1dcedadd,preserved,2,False,Traffic,16,2587.330461845966,latentflow-central-all28-five-seed-no-exchange-v2-selector-safe,central,10,latentflow_process_preserving_unfreeze2,5.0,0.001,336,,58.0831066484215,False,,0.0007,0.30143379384439617,2048,1024,LatentFlow,0.46404267811170863,0.02,3175.0,757482,,0.3113959600621631,0.4775372026188323,False,2,-0.00996216621776691,-0.013494524507123684,,/work/11617/sujato_ts/vista/motion_code-master/physics_modal_v4/enhancements/results/central/runs/no_multiscale/seed42/Traffic/h336.json,110cd5ddfa9ccfbad76c30e65ed09237f3092c7021f37ee76e2905c27e899542,,0.6812067807293969,single,42,"{'inducing_points': 32, 'latent_dim': 16, 'patch_lens': [8, 16, 32], 'representation_weight': 0.001}",8,,True,True,96,False,0,658.9028579610385,extension,no_multiscale,0.0001,4
on,16,10,extension,0.44572000378153626,,/work/11617/sujato_ts/vista/motion_code-master/physics_modal_v4/enhancements/results/central/checkpoints/no_multiscale/seed42/Traffic/h720.pt,7785811c5507114d,preserved,2,False,Traffic,16,2846.033962611109,latentflow-central-all28-five-seed-no-exchange-v2-selector-safe,central,10,latentflow_process_preserving_unfreeze2,5.0,0.001,720,,65.72664108183557,False,,0.0007,0.3176037268879138,2048,1024,LatentFlow,0.4941214085382235,0.02,2791.0,1145130,,0.32705866537000816,0.5037013786100898,False,2,-0.009454938482094388,-0.009579970071866284,,/work/11617/sujato_ts/vista/motion_code-master/physics_modal_v4/enhancements/results/central/runs/no_multiscale/seed42/Traffic/h720.json,9838e7f9777133eb4cfe7c3302ae00b7e8ed3e094936e8fe499cbd9abaa85c07,,0.7029376989024159,single,42,"{'inducing_points': 32, 'latent_dim': 16, 'patch_lens': [8, 16, 32], 'representation_weight': 0.001}",8,,True,True,96,False,0,738.8970982297906,extension,no_multiscale,0.0001,4
on,16,10,extension,0.3918684992048967,,/work/11617/sujato_ts/vista/motion_code-master/physics_modal_v4/enhancements/results/central/checkpoints/no_multiscale/seed42/Traffic/h96.pt,ff2ad5f161692dec,preserved,2,False,Traffic,16,2474.9101378519554,latentflow-central-all28-five-seed-no-exchange-v2-selector-safe,central,10,latentflow_process_preserving_unfreeze2,5.0,0.001,96,,57.44084230506084,False,,0.0007,0.2955264363161544,2048,1024,LatentFlow,0.43613268707341357,0.02,3415.0,519882,,0.30909050919706355,0.4536407873529254,False,2,-0.013564072880909162,-0.01750810027951183,,/work/11617/sujato_ts/vista/motion_code-master/physics_modal_v4/enhancements/results/central/runs/no_multiscale/seed42/Traffic/h96.json,f2da245f658bee1895bd812822e9a53a393869fc326f0b713107faa591b88e90,,0.6604034275148892,single,42,"{'inducing_points': 32, 'latent_dim': 16, 'patch_lens': [8, 16, 32], 'representation_weight': 0.001}",8,,True,True,96,False,0,630.7430375196418,extension,no_multiscale,0.0001,4
on,16,5,extension,0.4828766882419586,,/work/11617/sujato_ts/vista/motion_code-master/physics_modal_v4/enhancements/results/central/checkpoints/no_multiscale/seed42/Weather/h192.pt,05df1031c38c22b4,preserved,2,False,Weather,16,582.581681067124,latentflow-central-all28-five-seed-no-exchange-v2-selector-safe,central,10,latentflow_process_preserving_unfreeze2,5.0,0.001,192,,36.20390305006804,False,,0.0007,0.2562558411973008,2048,1024,LatentFlow,0.21552754326849588,0.02,10349.0,613036,,0.2571383054325549,0.21772806853539153,False,2,-0.0008824642352540657,-0.002200525266895653,,/work/11617/sujato_ts/vista/motion_code-master/physics_modal_v4/enhancements/results/central/runs/no_multiscale/seed42/Weather/h192.json,43a6612942799365d60fc18971a6e4bc7210aa0004f14266b94b126bc788b171,,0.46424944078425756,single,42,"{'inducing_points': 32, 'latent_dim': 16, 'patch_lens': [8, 16, 32], 'representation_weight': 0.001}",8,,True,True,96,False,0,132.1786449130741,extension,no_multiscale,0.0001,4
on,16,3,extension,0.559834920630163,,/work/11617/sujato_ts/vista/motion_code-master/physics_modal_v4/enhancements/results/central/checkpoints/no_multiscale/seed42/Weather/h336.pt,a60cf8d5c0c8f333,preserved,2,False,Weather,16,606.2715142928064,latentflow-central-all28-five-seed-no-exchange-v2-selector-safe,central,10,latentflow_process_preserving_unfreeze2,5.0,0.001,336,,34.35658992833016,False,,0.0007,0.2973190016522645,2048,1024,LatentFlow,0.2717607944988727,0.02,10205.0,756028,,0.3018558399052896,0.2771905979104784,False,2,-0.004536838253025088,-0.005429803411605705,,/work/11617/sujato_ts/vista/motion_code-master/physics_modal_v4/enhancements/results/central/runs/no_multiscale/seed42/Weather/h336.json,28abbc160f3bc1d58cfe586b06f2b665a2f4b4abb256d9e2128c2d10a91e640a,,0.5213068141688469,single,42,"{'inducing_points': 32, 'latent_dim': 16, 'patch_lens': [8, 16, 32], 'representation_weight': 0.001}",8,,True,True,96,False,0,138.4990771930461,extension,no_multiscale,0.0001,4
on,16,6,extension,0.6822403398140398,,/work/11617/sujato_ts/vista/motion_code-master/physics_modal_v4/enhancements/results/central/checkpoints/no_multiscale/seed42/Weather/h720.pt,2a960288739fe822,preserved,2,False,Weather,16,580.3904657871462,latentflow-central-all28-five-seed-no-exchange-v2-selector-safe,central,10,latentflow_process_preserving_unfreeze2,5.0,0.001,720,,35.24017658939104,False,,0.0007,0.3471682083437883,2048,1024,LatentFlow,0.34761072107725643,0.02,9821.0,1143676,,0.34834239084136465,0.35065394124342514,False,2,-0.001174182497576337,-0.003043220166168703,,/work/11617/sujato_ts/vista/motion_code-master/physics_modal_v4/enhancements/results/central/runs/no_multiscale/seed42/Weather/h720.json,122ef5869b620ddb72e9b070281db22e61f0ac1c7985df121c9ac3f0dccf2184,,0.5895852110401485,single,42,"{'inducing_points': 32, 'latent_dim': 16, 'patch_lens': [8, 16, 32], 'representation_weight': 0.001}",8,,True,True,96,False,0,132.32317581860116,extension,no_multiscale,0.0001,4
on,16,8,extension,0.43718378931757,,/work/11617/sujato_ts/vista/motion_code-master/physics_modal_v4/enhancements/results/central/checkpoints/no_multiscale/seed42/Weather/h96.pt,259ae24298a0dd3c,preserved,2,False,Weather,16,567.5001386330696,latentflow-central-all28-five-seed-no-exchange-v2-selector-safe,central,10,latentflow_process_preserving_unfreeze2,5.0,0.001,96,,34.93627617006889,False,,0.0007,0.21500023684879582,2048,1024,LatentFlow,0.16803491961349412,0.02,10445.0,518428,,0.21785661237575907,0.1721303252181364,False,2,-0.002856375526963245,-0.004095405604642277,,/work/11617/sujato_ts/vista/motion_code-master/physics_modal_v4/enhancements/results/central/runs/no_multiscale/seed42/Weather/h96.json,1a699964b5ca3662f0e466174c34d266d5d366ab42896d8417a366c3f15d50aa,,0.40992062599178164,single,42,"{'inducing_points': 32, 'latent_dim': 16, 'patch_lens': [8, 16, 32], 'representation_weight': 0.001}",8,,True,True,96,False,0,129.16327222965265,extension,no_multiscale,0.0001,4
on,16,3,extension,1.023459831873576,,/work/11617/sujato_ts/vista/motion_code-master/physics_modal_v4/enhancements/results/central/checkpoints/no_multiscale/seed43/ETTh1/h192.pt,762907ed5ad8ed44,preserved,2,False,ETTh1,16,355.4320178319467,latentflow-central-all28-five-seed-no-exchange-v2-selector-safe,central,10,latentflow_process_preserving_unfreeze2,5.0,0.001,192,,21.875257672836813,False,,0.0007,0.4322419314761157,2048,1024,LatentFlow,0.44636341511710287,0.02,2689.0,637634,,0.4321298937012318,0.4493923361038089,False,2,0.00011203777488394406,-0.0030289209867060407,,/work/11617/sujato_ts/vista/motion_code-master/physics_modal_v4/enhancements/results/central/runs/no_multiscale/seed43/ETTh1/h192.json,51614be1fd2d3ab443d7439952a5821037c937b336548bd5a2d5f4a61516039d,,0.6681043444830327,single,43,"{'inducing_points': 32, 'latent_dim': 16, 'patch_lens': [16, 32, 48], 'representation_weight': 0.05}",32,,True,True,96,False,0,75.18291929609404,extension,no_multiscale,0.0001,4
on,16,2,extension,1.2824955765081911,,/work/11617/sujato_ts/vista/motion_code-master/physics_modal_v4/enhancements/results/central/checkpoints/no_multiscale/seed43/ETTh1/h336.pt,e5e3119a3af772d1,preserved,2,False,ETTh1,16,365.03277366096154,latentflow-central-all28-five-seed-no-exchange-v2-selector-safe,central,10,latentflow_process_preserving_unfreeze2,5.0,0.001,336,,22.63367949407312,False,,0.0007,0.44885518295671273,2048,1024,LatentFlow,0.4843095508215143,0.02,2545.0,806468,,0.45073745713467767,0.4874934137778047,False,2,-0.0018822741779649377,-0.0031838629562904175,,/work/11617/sujato_ts/vista/motion_code-master/physics_modal_v4/enhancements/results/central/runs/no_multiscale/seed43/ETTh1/h336.json,18221f10ab92875371cb060c536262f9e32adcdf5e1babb639c0fd262e4d5a93,,0.6959235236874195,single,43,"{'inducing_points': 32, 'latent_dim': 16, 'patch_lens': [16, 32, 48], 'representation_weight': 0.05}",48,,True,True,96,False,0,77.45032690872904,extension,no_multiscale,0.0001,4
on,16,0,reference,1.555402359886775,,/work/11617/sujato_ts/vista/motion_code-master/physics_modal_v4/enhancements/results/central/checkpoints/no_multiscale/seed43/ETTh1/h720.pt,0d726bca846af59b,preserved,2,False,ETTh1,16,371.21352609200403,latentflow-central-all28-five-seed-no-exchange-v2-selector-safe,central,10,latentflow_process_preserving_unfreeze2,5.0,0.001,720,,4.624122357579754,True,,0.0007,0.4819678192644149,2048,1024,LatentFlow,0.49998006069678486,0.02,2161.0,1180516,,0.4819678192644149,0.49998006069678486,False,2,0.0,0.0,,/work/11617/sujato_ts/vista/motion_code-master/physics_modal_v4/enhancements/results/central/runs/no_multiscale/seed43/ETTh1/h720.json,8b086daf84b47a11e04a96a9b60a45737c74e9bf07e6f2aaa8c76b8eeec456f7,,0.7070926818294648,single,43,"{'inducing_points': 32, 'latent_dim': 16, 'patch_lens': [16, 32, 48], 'representation_weight': 0.05}",48,,True,True,96,False,0,78.4463412624973,reference,no_multiscale,0.0001,4
on,16,0,reference,0.7622835495997042,,/work/11617/sujato_ts/vista/motion_code-master/physics_modal_v4/enhancements/results/central/checkpoints/no_multiscale/seed43/ETTh1/h96.pt,ba0d75c256df4bca,preserved,2,False,ETTh1,16,370.5062380870804,latentflow-central-all28-five-seed-no-exchange-v2-selector-safe,central,10,latentflow_process_preserving_unfreeze2,5.0,0.001,96,,4.672014079126664,True,,0.0007,0.40215491537580206,2048,1024,LatentFlow,0.3941724153831595,0.02,2785.0,572818,,0.40215491537580206,0.3941724153831595,False,2,0.0,0.0,,/work/11617/sujato_ts/vista/motion_code-master/physics_modal_v4/enhancements/results/central/runs/no_multiscale/seed43/ETTh1/h96.json,72cb7d422c36b5a30346d91c2b6ee646714da634ad1f16864a5d955aa6517839,,0.6278315183097767,single,43,"{'inducing_points': 32, 'latent_dim': 16, 'patch_lens': [16, 32, 48], 'representation_weight': 0.05}",48,,True,True,96,False,0,78.25623442495271,reference,no_multiscale,0.0001,4
on,16,1,extension,0.266525569238833,,/work/11617/sujato_ts/vista/motion_code-master/physics_modal_v4/enhancements/results/central/checkpoints/no_multiscale/seed43/ETTh2/h192.pt,84f53ab4d794b464,preserved,2,False,ETTh2,16,393.4955612248741,latentflow-central-all28-five-seed-no-exchange-v2-selector-safe,central,10,latentflow_process_preserving_unfreeze2,5.0,0.001,192,,21.384141374794865,False,,0.0007,0.39439840843185686,2048,1024,LatentFlow,0.38373630924073193,0.02,2689.0,646258,,0.39442265252216346,0.3837626497966204,False,2,-2.424409030660213e-05,-2.634055588845996e-05,,/work/11617/sujato_ts/vista/motion_code-master/physics_modal_v4/enhancements/results/central/runs/no_multiscale/seed43/ETTh2/h192.json,e05c212d9e7f0ca6590812c3aa67c09983ab51d8533e9cb229c9cf10efb97522,,0.6194645342880671,single,43,"{'inducing_points': 32, 'latent_dim': 8, 'patch_lens': [16, 32, 48], 'representation_weight': 0.001}",48,,True,True,96,False,0,83.57328268575657,extension,no_multiscale,0.0001,4
on,16,0,reference,0.3427737019702691,,/work/11617/sujato_ts/vista/motion_code-master/physics_modal_v4/enhancements/results/central/checkpoints/no_multiscale/seed43/ETTh2/h336.pt,01ed7d4e8ebe8837,preserved,2,False,ETTh2,16,390.8650089823641,latentflow-central-all28-five-seed-no-exchange-v2-selector-safe,central,10,latentflow_process_preserving_unfreeze2,5.0,0.001,336,,4.137540954501144,True,,0.0007,0.4344515597092341,2048,1024,LatentFlow,0.43633658017556853,0.02,2545.0,786460,,0.4344515597092341,0.43633658017556853,False,2,0.0,0.0,,/work/11617/sujato_ts/vista/motion_code-master/physics_modal_v4/enhancements/results/central/runs/no_multiscale/seed43/ETTh2/h336.json,c0d5dce2011f8217ac6f9396e8e55d42ba1c31e926ef39340abcd3364d2e4616,,0.6605577795890141,single,43,"{'inducing_points': 32, 'latent_dim': 8, 'patch_lens': [16, 32, 48], 'representation_weight': 0.001}",48,,True,True,96,False,0,83.18404650490265,reference,no_multiscale,0.0001,4
on,16,0,reference,0.5996892325461857,,/work/11617/sujato_ts/vista/motion_code-master/physics_modal_v4/enhancements/results/central/checkpoints/no_multiscale/seed43/ETTh2/h720.pt,8df3af91870b14b1,preserved,2,False,ETTh2,16,366.4205054740887,latentflow-central-all28-five-seed-no-exchange-v2-selector-safe,central,10,latentflow_process_preserving_unfreeze2,5.0,0.001,720,,4.657698809099731,True,,0.0007,0.4425861106828792,2048,1024,LatentFlow,0.42051280602874824,0.02,2161.0,1160508,,0.4425861106828792,0.42051280602874824,False,2,0.0,0.0,,/work/11617/sujato_ts/vista/motion_code-master/physics_modal_v4/enhancements/results/central/runs/no_multiscale/seed43/ETTh2/h720.json,c2ef42c252c497b2277288b5697871c4885bb169a7fe311104486ef41d6e2832,,0.6484695875896943,single,43,"{'inducing_points': 32, 'latent_dim': 8, 'patch_lens': [16, 32, 48], 'representation_weight': 0.001}",48,,True,True,96,False,0,77.11524198984989,reference,no_multiscale,0.0001,4
on,16,0,reference,0.21457448167105517,,/work/11617/sujato_ts/vista/motion_code-master/physics_modal_v4/enhancements/results/central/checkpoints/no_multiscale/seed43/ETTh2/h96.pt,c31fcf4da5c98585,preserved,2,False,ETTh2,16,338.57112592598423,latentflow-central-all28-five-seed-no-exchange-v2-selector-safe,central,10,latentflow_process_preserving_unfreeze2,5.0,0.001,96,,4.504020977226985,True,,0.0007,0.3401064189425939,2048,1024,LatentFlow,0.29093987046321906,0.02,2785.0,552810,,0.3401064189425939,0.29093987046321906,False,2,0.0,0.0,,/work/11617/sujato_ts/vista/motion_code-master/physics_modal_v4/enhancements/results/central/runs/no_multiscale/seed43/ETTh2/h96.json,241aa18dfa5aa1ad734379523ae2aea31bf101ecae0e8207302808a8cb209786,,0.5393884226262361,single,43,"{'inducing_points': 32, 'latent_dim': 8, 'patch_lens': [16, 32, 48], 'representation_weight': 0.001}",48,,True,True,96,False,0,71.8270620007388,reference,no_multiscale,0.0001,4
on,16,8,extension,0.5189777330628463,,/work/11617/sujato_ts/vista/motion_code-master/physics_modal_v4/enhancements/results/central/checkpoints/no_multiscale/seed43/ETTm1/h192.pt,2f5ddb8c7c25ad16,preserved,2,False,ETTm1,16,379.80258345324546,latentflow-central-all28-five-seed-no-exchange-v2-selector-safe,central,10,latentflow_process_preserving_unfreeze2,5.0,0.001,192,,21.091121002568045,False,,0.0007,0.407732177874739,2048,1024,LatentFlow,0.39964456026972073,0.02,11329.0,620266,,0.3917572737943685,0.37952281679049116,False,2,0.0159749040803705,0.02012174347922957,,/work/11617/sujato_ts/vista/motion_code-master/physics_modal_v4/enhancements/results/central/runs/no_multiscale/seed43/ETTm1/h192.json,33d2e5c46113bc6075f36a199cf227ff18a8756ea578ca79888e17b064865bde,,0.6321744698022221,single,43,"{'inducing_points': 32, 'latent_dim': 8, 'patch_lens': [8, 24, 48], 'representation_weight': 0.01}",24,,True,True,96,False,0,80.01938465458807,extension,no_multiscale,0.0001,4
on,16,3,extension,0.651079345114377,,/work/11617/sujato_ts/vista/motion_code-master/physics_modal_v4/enhancements/results/central/checkpoints/no_multiscale/seed43/ETTm1/h336.pt,5fe5ecf4d7892e74,preserved,2,False,ETTm1,16,387.6746179861948,latentflow-central-all28-five-seed-no-exchange-v2-selector-safe,central,10,latentflow_process_preserving_unfreeze2,5.0,0.001,336,,21.740778180554425,False,,0.0007,0.41936957581251855,2048,1024,LatentFlow,0.42141783692320184,0.02,11185.0,760714,,0.4161067398247292,0.41474401218387774,False,2,0.00326283598778937,0.006673824739324097,,/work/11617/sujato_ts/vista/motion_code-master/physics_modal_v4/enhancements/results/central/runs/no_multiscale/seed43/ETTm1/h336.json,702c6edcaccc1c770faecad8b748199493813b6dd561cf233044a7737164e59c,,0.6491670331457089,single,43,"{'inducing_points': 32, 'latent_dim': 8, 'patch_lens': [8, 24, 48], 'representation_weight': 0.01}",24,,True,True,96,False,0,81.42445634293836,extension,no_multiscale,0.0001,4
on,16,3,extension,0.9828076150682238,,/work/11617/sujato_ts/vista/motion_code-master/physics_modal_v4/enhancements/results/central/checkpoints/no_multiscale/seed43/ETTm1/h720.pt,5581bfefc85075b9,preserved,2,False,ETTm1,16,355.30461396998726,latentflow-central-all28-five-seed-no-exchange-v2-selector-safe,central,10,latentflow_process_preserving_unfreeze2,5.0,0.001,720,,19.361007331320547,False,,0.0007,0.46888401518327555,2048,1024,LatentFlow,0.49912882859399077,0.02,10801.0,1140218,,0.46823763553756176,0.4918157410732397,False,2,0.0006463796457137905,0.007313087520751049,,/work/11617/sujato_ts/vista/motion_code-master/physics_modal_v4/enhancements/results/central/runs/no_multiscale/seed43/ETTm1/h720.json,66aacd842942cb9ef8718e2a2dce652f5355ad8d36820d57fed3ba50f9633071,,0.7064905014180947,single,43,"{'inducing_points': 32, 'latent_dim': 8, 'patch_lens': [8, 24, 48], 'representation_weight': 0.01}",8,,True,True,96,False,0,74.27837507821096,extension,no_multiscale,0.0001,4
on,16,3,extension,0.39325880631804466,,/work/11617/sujato_ts/vista/motion_code-master/physics_modal_v4/enhancements/results/central/checkpoints/no_multiscale/seed43/ETTm1/h96.pt,d0a103575a1dc9a4,preserved,2,False,ETTm1,16,360.51821439526975,latentflow-central-all28-five-seed-no-exchange-v2-selector-safe,central,10,latentflow_process_preserving_unfreeze2,5.0,0.001,96,,19.6274482262377,False,,0.0007,0.37955455787581577,2048,1024,LatentFlow,0.3426697391244885,0.02,11425.0,526714,,0.3768144406494255,0.34103575863986757,False,2,0.0027401172263902818,0.0016339804846209338,,/work/11617/sujato_ts/vista/motion_code-master/physics_modal_v4/enhancements/results/central/runs/no_multiscale/seed43/ETTm1/h96.json,2b012b35f1b0eca0c53e4e917aea7d4b7571c3f7b31009b3dffac76c4463acf6,,0.5853799954939428,single,43,"{'inducing_points': 32, 'latent_dim': 8, 'patch_lens': [8, 24, 48], 'representation_weight': 0.01}",24,,True,True,96,False,0,76.47382948925951,extension,no_multiscale,0.0001,4
on,16,2,extension,0.16799307898396537,,/work/11617/sujato_ts/vista/motion_code-master/physics_modal_v4/enhancements/results/central/checkpoints/no_multiscale/seed43/ETTm2/h192.pt,56340a0542eca883,preserved,2,False,ETTm2,16,361.60911438590847,latentflow-central-all28-five-seed-no-exchange-v2-selector-safe,central,10,latentflow_process_preserving_unfreeze2,5.0,0.001,192,,21.154987506563163,False,,0.0007,0.3013279697864174,2048,1024,LatentFlow,0.2423333776075379,0.02,11329.0,609514,,0.3010951741534053,0.24204204649791528,False,2,0.00023279563301209505,0.0002913311096226223,,/work/11617/sujato_ts/vista/motion_code-master/physics_modal_v4/enhancements/results/central/runs/no_multiscale/seed43/ETTm2/h192.json,0e10c9fdefe7fb7d089024cec9a4acbffc403f7840f0891cdd8aef456ab9d14c,,0.49227368161170054,single,43,"{'inducing_points': 16, 'latent_dim': 8, 'patch_lens': [8, 16, 32], 'representation_weight': 0.001}",8,,True,True,96,False,0,75.72141685850511,extension,no_multiscale,0.0001,4
on,16,1,extension,0.21756486827824392,,/work/11617/sujato_ts/vista/motion_code-master/physics_modal_v4/enhancements/results/central/checkpoints/no_multiscale/seed43/ETTm2/h336.pt,46653de57ae79e58,preserved,2,False,ETTm2,16,361.5328556802124,latentflow-central-all28-five-seed-no-exchange-v2-selector-safe,central,10,latentflow_process_preserving_unfreeze2,5.0,0.001,336,,21.737689423967915,False,,0.0007,0.3441075882987622,2048,1024,LatentFlow,0.30670892241347414,0.02,11185.0,752506,,0.3440553065490616,0.3066445993016035,False,2,5.228174970062227e-05,6.432311187065665e-05,,/work/11617/sujato_ts/vista/motion_code-master/physics_modal_v4/enhancements/results/central/runs/no_multiscale/seed43/ETTm2/h336.json,a2ca5efc210e3807f1de1595946b71891d16c05dfc59f847607d67ca2d47e753,,0.5538130753363215,single,43,"{'inducing_points': 16, 'latent_dim': 8, 'patch_lens': [8, 16, 32], 'representation_weight': 0.001}",8,,True,True,96,False,0,75.5789761300548,extension,no_multiscale,0.0001,4
on,16,1,extension,0.30054268666676115,,/work/11617/sujato_ts/vista/motion_code-master/physics_modal_v4/enhancements/results/central/checkpoints/no_multiscale/seed43/ETTm2/h720.pt,d89b13e2cc9c0d5a,preserved,2,False,ETTm2,16,375.1327116303146,latentflow-central-all28-five-seed-no-exchange-v2-selector-safe,central,10,latentflow_process_preserving_unfreeze2,5.0,0.001,720,,22.517851667163633,False,,0.0007,0.4013557898362379,2048,1024,LatentFlow,0.4078802821815463,0.02,10801.0,1142702,,0.40140922848742444,0.4080483994486954,False,2,-5.343865118656588e-05,-0.0001681172671491038,,/work/11617/sujato_ts/vista/motion_code-master/physics_modal_v4/enhancements/results/central/runs/no_multiscale/seed43/ETTm2/h720.json,a282fa4de706d1d1ea4d95ddcc331174df85a46110f28889aeb6c24dfb545002,,0.6386550572739139,single,43,"{'inducing_points': 16, 'latent_dim': 8, 'patch_lens': [8, 16, 32], 'representation_weight': 0.001}",32,,True,True,96,False,0,78.96551657177042,extension,no_multiscale,0.0001,4
on,16,0,reference,0.12798860598178136,,/work/11617/sujato_ts/vista/motion_code-master/physics_modal_v4/enhancements/results/central/checkpoints/no_multiscale/seed43/ETTm2/h96.pt,7dd0f6a906f06663,preserved,2,False,ETTm2,16,380.6835643518716,latentflow-central-all28-five-seed-no-exchange-v2-selector-safe,central,10,latentflow_process_preserving_unfreeze2,5.0,0.001,96,,4.572609888825978,True,,0.0007,0.2588079679599836,2048,1024,LatentFlow,0.17595712876585706,0.02,11425.0,514906,,0.2588079679599836,0.17595712876585706,False,2,0.0,0.0,,/work/11617/sujato_ts/vista/motion_code-master/physics_modal_v4/enhancements/results/central/runs/no_multiscale/seed43/ETTm2/h96.json,bc147d7a42e81bdd3caab9bb6e3e1f70e8dde74bb10dc3a9b61e480e4b0c1edd,,0.41947244100877124,single,43,"{'inducing_points': 16, 'latent_dim': 8, 'patch_lens': [8, 16, 32], 'representation_weight': 0.001}",8,,True,True,96,False,0,79.57977751357248,reference,no_multiscale,0.0001,4
on,16,10,extension,0.14671593307210898,,/work/11617/sujato_ts/vista/motion_code-master/physics_modal_v4/enhancements/results/central/checkpoints/no_multiscale/seed43/Electricity/h192.pt,9db3a040c863b3b1,preserved,2,False,Electricity,16,1482.5906116119586,latentflow-central-all28-five-seed-no-exchange-v2-selector-safe,central,10,latentflow_process_preserving_unfreeze2,5.0,0.001,192,,25.30162895965834,False,,0.0007,0.2632243083138589,2048,1024,LatentFlow,0.1707496394305899,0.02,5071.0,612867,,0.26876736336185275,0.18003818004529734,False,2,-0.00554305504799385,-0.009288540614707436,,/work/11617/sujato_ts/vista/motion_code-master/physics_modal_v4/enhancements/results/central/runs/no_multiscale/seed43/Electricity/h192.json,cc9b5c44f2ec1597dea8074c9f003eb72a1ad3f5a37c011ee28afc931ff2459f,,0.41321863393437364,single,43,"{'inducing_points': 32, 'latent_dim': 16, 'patch_lens': [8, 16, 32], 'representation_weight': 0.001}",8,,True,True,96,False,0,354.0435956343572,extension,no_multiscale,0.0001,4
on,16,9,extension,0.16551394229861188,,/work/11617/sujato_ts/vista/motion_code-master/physics_modal_v4/enhancements/results/central/checkpoints/no_multiscale/seed43/Electricity/h336.pt,bb928749954b27a8,preserved,2,False,Electricity,16,1561.8886023140512,latentflow-central-all28-five-seed-no-exchange-v2-selector-safe,central,10,latentflow_process_preserving_unfreeze2,5.0,0.001,336,,26.074966864766388,False,,0.0007,0.28129853276054695,2048,1024,LatentFlow,0.18951547234503263,0.02,4927.0,755859,,0.28342551442284547,0.19316633571705036,False,2,-0.0021269816622985216,-0.0036508633720177264,,/work/11617/sujato_ts/vista/motion_code-master/physics_modal_v4/enhancements/results/central/runs/no_multiscale/seed43/Electricity/h336.json,c70d0600c55028b36324da80f7ed9c00157a6fe44386129a11999e2f6921b979,,0.43533374822661364,single,43,"{'inducing_points': 32, 'latent_dim': 16, 'patch_lens': [8, 16, 32], 'representation_weight': 0.001}",8,,True,True,96,False,0,372.2471931709151,extension,no_multiscale,0.0001,4
on,16,6,extension,0.19771378049391616,,/work/11617/sujato_ts/vista/motion_code-master/physics_modal_v4/enhancements/results/central/checkpoints/no_multiscale/seed43/Electricity/h720.pt,5dda5c6107e5968a,preserved,2,False,Electricity,16,1473.8812896430027,latentflow-central-all28-five-seed-no-exchange-v2-selector-safe,central,10,latentflow_process_preserving_unfreeze2,5.0,0.001,720,,28.2263382563016,False,,0.0007,0.3077232128749707,2048,1024,LatentFlow,0.21956347102734022,0.02,4543.0,1143507,,0.31245239616757836,0.22806805697034688,False,2,-0.004729183292607686,-0.008504585943006654,,/work/11617/sujato_ts/vista/motion_code-master/physics_modal_v4/enhancements/results/central/runs/no_multiscale/seed43/Electricity/h720.json,950791feabb54f4ae32e21e60ab1a0472a3acbd4fd98682542a52a99080bf29b,,0.46857600346938405,single,43,"{'inducing_points': 32, 'latent_dim': 16, 'patch_lens': [8, 16, 32], 'representation_weight': 0.001}",8,,True,True,96,False,0,357.3813196811898,extension,no_multiscale,0.0001,4
on,16,9,extension,0.13670190067058535,,/work/11617/sujato_ts/vista/motion_code-master/physics_modal_v4/enhancements/results/central/checkpoints/no_multiscale/seed43/Electricity/h96.pt,b1245fed23effe9c,preserved,2,False,Electricity,16,1428.3470764798112,latentflow-central-all28-five-seed-no-exchange-v2-selector-safe,central,10,latentflow_process_preserving_unfreeze2,5.0,0.001,96,,25.220726504055566,False,,0.0007,0.2525420757212376,2048,1024,LatentFlow,0.15849151091572258,0.02,5167.0,518259,,0.2562925326643214,0.16398379426050763,False,2,-0.003750456943083791,-0.005492283344785048,,/work/11617/sujato_ts/vista/motion_code-master/physics_modal_v4/enhancements/results/central/runs/no_multiscale/seed43/Electricity/h96.json,277bee6ea5ac350d731453035be9e7e0c9cb421471b0c45956f61756b50e9e7e,,0.3981099231565606,single,43,"{'inducing_points': 32, 'latent_dim': 16, 'patch_lens': [8, 16, 32], 'representation_weight': 0.001}",8,,True,True,96,False,0,340.80687922396464,extension,no_multiscale,0.0001,4
on,16,10,extension,0.3856928615909349,,/work/11617/sujato_ts/vista/motion_code-master/physics_modal_v4/enhancements/results/central/checkpoints/no_multiscale/seed43/Traffic/h192.pt,30dd04d56fd1cb03,preserved,2,False,Traffic,16,2603.076237038709,latentflow-central-all28-five-seed-no-exchange-v2-selector-safe,central,10,latentflow_process_preserving_unfreeze2,5.0,0.001,192,,55.89416595670768,False,,0.0007,0.29962566047399264,2048,1024,LatentFlow,0.45274437097286785,0.02,3319.0,614490,,0.30920252167634527,0.46585965164249743,False,2,-0.009576861202352627,-0.013115280669629581,,/work/11617/sujato_ts/vista/motion_code-master/physics_modal_v4/enhancements/results/central/runs/no_multiscale/seed43/Traffic/h192.json,341837d0e880e2ba960dbeb5c65f59a3161774a2c452dca8e4d9dc6f0bed9edb,,0.6728628173505116,single,43,"{'inducing_points': 32, 'latent_dim': 16, 'patch_lens': [8, 16, 32], 'representation_weight': 0.001}",8,,True,True,96,False,0,660.6483604875393,extension,no_multiscale,0.0001,4
on,16,10,extension,0.395830554601804,,/work/11617/sujato_ts/vista/motion_code-master/physics_modal_v4/enhancements/results/central/checkpoints/no_multiscale/seed43/Traffic/h336.pt,3d123af920d2bf3e,preserved,2,False,Traffic,16,2611.4833527179435,latentflow-central-all28-five-seed-no-exchange-v2-selector-safe,central,10,latentflow_process_preserving_unfreeze2,5.0,0.001,336,,58.847496698779814,False,,0.0007,0.29972590775250396,2048,1024,LatentFlow,0.4580927066790484,0.02,3175.0,757482,,0.31359911388641315,0.47282940636399207,False,2,-0.013873206133909188,-0.014736699684943677,,/work/11617/sujato_ts/vista/motion_code-master/physics_modal_v4/enhancements/results/central/runs/no_multiscale/seed43/Traffic/h336.json,75738e338fdfd3f9718bf024788d8039eaac69759e7bb4cc4f6ef3217dd7d14f,,0.6768254624931367,single,43,"{'inducing_points': 32, 'latent_dim': 16, 'patch_lens': [8, 16, 32], 'representation_weight': 0.001}",8,,True,True,96,False,0,665.8188171906659,extension,no_multiscale,0.0001,4
on,16,7,extension,0.44365696849267366,,/work/11617/sujato_ts/vista/motion_code-master/physics_modal_v4/enhancements/results/central/checkpoints/no_multiscale/seed43/Traffic/h720.pt,dadde2f7d5cc6fb4,preserved,2,False,Traffic,16,2808.230536047835,latentflow-central-all28-five-seed-no-exchange-v2-selector-safe,central,10,latentflow_process_preserving_unfreeze2,5.0,0.001,720,,66.4572514641773,False,,0.0007,0.317989423057961,2048,1024,LatentFlow,0.4999820799701657,0.02,2791.0,1145130,,0.3310468556345231,0.5095622727349141,False,2,-0.013057432576562056,-0.009580192764748363,,/work/11617/sujato_ts/vista/motion_code-master/physics_modal_v4/enhancements/results/central/runs/no_multiscale/seed43/Traffic/h720.json,d321909d6c5987170a97234f84d091df56330e8401d3bdc841fd94607ff445d8,,0.7070941096983949,single,43,"{'inducing_points': 32, 'latent_dim': 16, 'patch_lens': [8, 16, 32], 'representation_weight': 0.001}",8,,True,True,96,False,0,726.9299386249259,extension,no_multiscale,0.0001,4
on,16,10,extension,0.3960864220307211,,/work/11617/sujato_ts/vista/motion_code-master/physics_modal_v4/enhancements/results/central/checkpoints/no_multiscale/seed43/Traffic/h96.pt,b8ac0b1be471a84d,preserved,2,False,Traffic,16,2460.911388600245,latentflow-central-all28-five-seed-no-exchange-v2-selector-safe,central,10,latentflow_process_preserving_unfreeze2,5.0,0.001,96,,56.20520426607538,False,,0.0007,0.29646821360326475,2048,1024,LatentFlow,0.44438393621163313,0.02,3415.0,519882,,0.30663008655426377,0.4583446510439181,False,2,-0.010161872950999018,-0.013960714832284948,,/work/11617/sujato_ts/vista/motion_code-master/physics_modal_v4/enhancements/results/central/runs/no_multiscale/seed43/Traffic/h96.json,f20b39194b78e9a810d6421f0f491403f8a2d4dd1ec08014a6751a56cc81d0e1,,0.6666212839473648,single,43,"{'inducing_points': 32, 'latent_dim': 16, 'patch_lens': [8, 16, 32], 'representation_weight': 0.001}",8,,True,True,96,False,0,623.3152747023269,extension,no_multiscale,0.0001,4
on,16,3,extension,0.4801114203910979,,/work/11617/sujato_ts/vista/motion_code-master/physics_modal_v4/enhancements/results/central/checkpoints/no_multiscale/seed43/Weather/h192.pt,60aed0f70aaf51a4,preserved,2,False,Weather,16,546.606275230064,latentflow-central-all28-five-seed-no-exchange-v2-selector-safe,central,10,latentflow_process_preserving_unfreeze2,5.0,0.001,192,,34.83949012624807,False,,0.0007,0.2543843510007976,2048,1024,LatentFlow,0.21359958057186995,0.02,10349.0,613036,,0.2543013749885289,0.21367517827424323,False,2,8.297601226869844e-05,-7.559770237328123e-05,,/work/11617/sujato_ts/vista/motion_code-master/physics_modal_v4/enhancements/results/central/runs/no_multiscale/seed43/Weather/h192.json,3fe2c818d21ee014605f11373d00ba948f31100425f0d7c39dd99c063f9267c7,,0.46216834657067324,single,43,"{'inducing_points': 32, 'latent_dim': 16, 'patch_lens': [8, 16, 32], 'representation_weight': 0.001}",8,,True,True,96,False,0,124.6630620351425,extension,no_multiscale,0.0001,4
on,16,6,extension,0.5582716440667912,,/work/11617/sujato_ts/vista/motion_code-master/physics_modal_v4/enhancements/results/central/checkpoints/no_multiscale/seed43/Weather/h336.pt,f2dceb94207e2c10,preserved,2,False,Weather,16,603.6317737139761,latentflow-central-all28-five-seed-no-exchange-v2-selector-safe,central,10,latentflow_process_preserving_unfreeze2,5.0,0.001,336,,35.72991507936199,False,,0.0007,0.2965956600961035,2048,1024,LatentFlow,0.2712433000577474,0.02,10205.0,756028,,0.3002462903745564,0.27440679000863666,False,2,-0.0036506302784529154,-0.0031634899508892755,,/work/11617/sujato_ts/vista/motion_code-master/physics_modal_v4/enhancements/results/central/runs/no_multiscale/seed43/Weather/h336.json,9535ebefab827cc8c0ea13a10885c0a06f639b555d90f591288a5c8da06c2e43,,0.5208102342098774,single,43,"{'inducing_points': 32, 'latent_dim': 16, 'patch_lens': [8, 16, 32], 'representation_weight': 0.001}",8,,True,True,96,False,0,137.6146059796156,extension,no_multiscale,0.0001,4
on,16,4,extension,0.6810346522659221,,/work/11617/sujato_ts/vista/motion_code-master/physics_modal_v4/enhancements/results/central/checkpoints/no_multiscale/seed43/Weather/h720.pt,819dd40b69ca1159,preserved,2,False,Weather,16,601.1257734410465,latentflow-central-all28-five-seed-no-exchange-v2-selector-safe,central,10,latentflow_process_preserving_unfreeze2,5.0,0.001,720,,32.6490976993798,False,,0.0007,0.34625224697304974,2048,1024,LatentFlow,0.34698772508936754,0.02,9821.0,1143676,,0.347490668726866,0.35016271265837473,False,2,-0.0012384217538162767,-0.0031749875690071927,,/work/11617/sujato_ts/vista/motion_code-master/physics_modal_v4/enhancements/results/central/runs/no_multiscale/seed43/Weather/h720.json,0959e67cd772ae43f5034b3f759fed804826c93754b6bc8ace8a19421f7c1d13,,0.5890566399671321,single,43,"{'inducing_points': 32, 'latent_dim': 16, 'patch_lens': [8, 16, 32], 'representation_weight': 0.001}",8,,True,True,96,False,0,137.7538416828429,extension,no_multiscale,0.0001,4
on,16,3,extension,0.4246755987405777,,/work/11617/sujato_ts/vista/motion_code-master/physics_modal_v4/enhancements/results/central/checkpoints/no_multiscale/seed43/Weather/h96.pt,1e87493aafb73997,preserved,2,False,Weather,16,587.6970132559072,latentflow-central-all28-five-seed-no-exchange-v2-selector-safe,central,10,latentflow_process_preserving_unfreeze2,5.0,0.001,96,,34.720126142476424,False,,0.0007,0.21064676151181286,2048,1024,LatentFlow,0.16434270091561426,0.02,10445.0,518428,,0.21161238899269508,0.16622651209209463,False,2,-0.0009656274808822196,-0.001883811176480371,,/work/11617/sujato_ts/vista/motion_code-master/physics_modal_v4/enhancements/results/central/runs/no_multiscale/seed43/Weather/h96.json,ad8426f78bdb731e4edd1b85be7fed5aa3d6c15fc9732b3cc9885d1152c2d19f,,0.4053920336114343,single,43,"{'inducing_points': 32, 'latent_dim': 16, 'patch_lens': [8, 16, 32], 'representation_weight': 0.001}",8,,True,True,96,False,0,133.781385221846,extension,no_multiscale,0.0001,4
on,16,0,reference,1.018974832480862,,/work/11617/sujato_ts/vista/motion_code-master/physics_modal_v4/enhancements/results/central/checkpoints/no_multiscale/seed44/ETTh1/h192.pt,4cd0079ac2f35674,preserved,2,False,ETTh1,16,371.61681089550257,latentflow-central-all28-five-seed-no-exchange-v2-selector-safe,central,10,latentflow_process_preserving_unfreeze2,5.0,0.001,192,,4.68735553255907,True,,0.0007,0.42832038794749583,2048,1024,LatentFlow,0.4431943834829669,0.02,2689.0,666266,,0.42832038794749583,0.4431943834829669,False,2,0.0,0.0,,/work/11617/sujato_ts/vista/motion_code-master/physics_modal_v4/enhancements/results/central/runs/no_multiscale/seed44/ETTh1/h192.json,fd02c935f3782cfb5c2c429ce52c8d4312d1935cd904aa1dd862db2900996a1a,,0.6657284607728341,single,44,"{'inducing_points': 32, 'latent_dim': 16, 'patch_lens': [16, 32, 48], 'representation_weight': 0.05}",48,,True,True,96,False,0,78.69357493473217,reference,no_multiscale,0.0001,4
on,16,0,reference,1.2842177485122162,,/work/11617/sujato_ts/vista/motion_code-master/physics_modal_v4/enhancements/results/central/checkpoints/no_multiscale/seed44/ETTh1/h336.pt,8bc3ebbef9b2843f,preserved,2,False,ETTh1,16,396.0193735808134,latentflow-central-all28-five-seed-no-exchange-v2-selector-safe,central,10,latentflow_process_preserving_unfreeze2,5.0,0.001,336,,4.872799485544615,True,,0.0007,0.452405279384967,2048,1024,LatentFlow,0.4879260482391439,0.02,2545.0,806468,,0.452405279384967,0.4879260482391439,False,2,0.0,0.0,,/work/11617/sujato_ts/vista/motion_code-master/physics_modal_v4/enhancements/results/central/runs/no_multiscale/seed44/ETTh1/h336.json,37842cc45a227f62b2cc749db46f4ad3864f4a0df4dd0b8cf50515ea5775a5a6,,0.6985170350386194,single,44,"{'inducing_points': 32, 'latent_dim': 16, 'patch_lens': [16, 32, 48], 'representation_weight': 0.05}",48,,True,True,96,False,0,83.77018855680944,reference,no_multiscale,0.0001,4
on,16,1,extension,1.5581892808278401,,/work/11617/sujato_ts/vista/motion_code-master/physics_modal_v4/enhancements/results/central/checkpoints/no_multiscale/seed44/ETTh1/h720.pt,f59d72ad523953df,preserved,2,False,ETTh1,16,377.63185398606583,latentflow-central-all28-five-seed-no-exchange-v2-selector-safe,central,10,latentflow_process_preserving_unfreeze2,5.0,0.001,720,,23.582566567738333,False,,0.0007,0.4825734768856824,2048,1024,LatentFlow,0.4981764784646819,0.02,2161.0,1180516,,0.48269867664924815,0.4984452489045081,False,2,-0.00012519976356573093,-0.00026877043982620474,,/work/11617/sujato_ts/vista/motion_code-master/physics_modal_v4/enhancements/results/central/runs/no_multiscale/seed44/ETTh1/h720.json,e038d5a001be64fa5d907194eb12f136a4f151bd1291add3e990d98b5a0bab18,,0.7058161789479481,single,44,"{'inducing_points': 32, 'latent_dim': 16, 'patch_lens': [16, 32, 48], 'representation_weight': 0.05}",48,,True,True,96,False,0,79.97903948271414,extension,no_multiscale,0.0001,4
on,16,0,reference,0.7592343599313781,,/work/11617/sujato_ts/vista/motion_code-master/physics_modal_v4/enhancements/results/central/checkpoints/no_multiscale/seed44/ETTh1/h96.pt,d36fbc30a7e24091,preserved,2,False,ETTh1,16,375.1997439030092,latentflow-central-all28-five-seed-no-exchange-v2-selector-safe,central,10,latentflow_process_preserving_unfreeze2,5.0,0.001,96,,4.57365961067077,True,,0.0007,0.4003156252862083,2048,1024,LatentFlow,0.39092473795426813,0.02,2785.0,572818,,0.4003156252862083,0.39092473795426813,False,2,0.0,0.0,,/work/11617/sujato_ts/vista/motion_code-master/physics_modal_v4/enhancements/results/central/runs/no_multiscale/seed44/ETTh1/h96.json,71dca90f26d54bd22fd6fbcad5dd71eba4b514777ada573d5747218f3702aee6,,0.6252397443815197,single,44,"{'inducing_points': 32, 'latent_dim': 16, 'patch_lens': [16, 32, 48], 'representation_weight': 0.05}",48,,True,True,96,False,0,79.29979055843432,reference,no_multiscale,0.0001,4
on,16,0,reference,0.26194124908319544,,/work/11617/sujato_ts/vista/motion_code-master/physics_modal_v4/enhancements/results/central/checkpoints/no_multiscale/seed44/ETTh2/h192.pt,0f8f9420082c03c0,preserved,2,False,ETTh2,16,362.92545195203274,latentflow-central-all28-five-seed-no-exchange-v2-selector-safe,central,10,latentflow_process_preserving_unfreeze2,5.0,0.001,192,,4.609595638460028,True,,0.0007,0.39708651951516244,2048,1024,LatentFlow,0.3761773969987396,0.02,2689.0,646258,,0.39708651951516244,0.3761773969987396,False,2,0.0,0.0,,/work/11617/sujato_ts/vista/motion_code-master/physics_modal_v4/enhancements/results/central/runs/no_multiscale/seed44/ETTh2/h192.json,96599c0dc31c5be58ea28d5499201cbe03c7069d94d782a8dffb22937ab0b6ec,,0.6133330229155606,single,44,"{'inducing_points': 32, 'latent_dim': 8, 'patch_lens': [16, 32, 48], 'representation_weight': 0.001}",48,,True,True,96,False,0,76.86028306488879,reference,no_multiscale,0.0001,4
on,16,0,reference,0.34325466218854295,,/work/11617/sujato_ts/vista/motion_code-master/physics_modal_v4/enhancements/results/central/checkpoints/no_multiscale/seed44/ETTh2/h336.pt,7470883149ad0e1d,preserved,2,False,ETTh2,16,358.8610909569543,latentflow-central-all28-five-seed-no-exchange-v2-selector-safe,central,10,latentflow_process_preserving_unfreeze2,5.0,0.001,336,,4.62689472928266,True,,0.0007,0.42708084540616115,2048,1024,LatentFlow,0.4219147602567319,0.02,2545.0,786460,,0.42708084540616115,0.4219147602567319,False,2,0.0,0.0,,/work/11617/sujato_ts/vista/motion_code-master/physics_modal_v4/enhancements/results/central/runs/no_multiscale/seed44/ETTh2/h336.json,96dcd6ab34ae31266396115914083188c819deff2f3d653011d805d3169918bf,,0.6495496595771042,single,44,"{'inducing_points': 32, 'latent_dim': 8, 'patch_lens': [16, 32, 48], 'representation_weight': 0.001}",48,,True,True,96,False,0,75.89004693672905,reference,no_multiscale,0.0001,4
on,16,0,reference,0.6086461882742624,,/work/11617/sujato_ts/vista/motion_code-master/physics_modal_v4/enhancements/results/central/checkpoints/no_multiscale/seed44/ETTh2/h720.pt,a83a6c0e1a23eeb5,preserved,2,False,ETTh2,16,361.46101606590673,latentflow-central-all28-five-seed-no-exchange-v2-selector-safe,central,10,latentflow_process_preserving_unfreeze2,5.0,0.001,720,,4.427851883194117,True,,0.0007,0.4470634959593626,2048,1024,LatentFlow,0.4333601387385773,0.02,2161.0,1160508,,0.4470634959593626,0.4333601387385773,False,2,0.0,0.0,,/work/11617/sujato_ts/vista/motion_code-master/physics_modal_v4/enhancements/results/central/runs/no_multiscale/seed44/ETTh2/h720.json,adac1290a742893bf745972d23a55587cd0b86c6beed7acfd819bb0312602606,,0.658300948456386,single,44,"{'inducing_points': 32, 'latent_dim': 8, 'patch_lens': [16, 32, 48], 'representation_weight': 0.001}",48,,True,True,96,False,0,76.4629341505497,reference,no_multiscale,0.0001,4
on,16,1,extension,0.21390642137044952,,/work/11617/sujato_ts/vista/motion_code-master/physics_modal_v4/enhancements/results/central/checkpoints/no_multiscale/seed44/ETTh2/h96.pt,436932fea8f52d0e,preserved,2,False,ETTh2,16,351.93018593790475,latentflow-central-all28-five-seed-no-exchange-v2-selector-safe,central,10,latentflow_process_preserving_unfreeze2,5.0,0.001,96,,21.641697066383855,False,,0.0007,0.3405154362900538,2048,1024,LatentFlow,0.2932328214235282,0.02,2785.0,552810,,0.3405450543715647,0.29324028497884913,False,2,-2.9618081510862648e-05,-7.463555320941229e-06,,/work/11617/sujato_ts/vista/motion_code-master/physics_modal_v4/enhancements/results/central/runs/no_multiscale/seed44/ETTh2/h96.json,b61b9a33588530dd8fe44aa30ab23b7742dfa6c74ed6d93b29635cd93f48b3bb,,0.5415097611525836,single,44,"{'inducing_points': 32, 'latent_dim': 8, 'patch_lens': [16, 32, 48], 'representation_weight': 0.001}",48,,True,True,96,False,0,74.42651062501682,extension,no_multiscale,0.0001,4
on,16,2,extension,0.5107904795025077,,/work/11617/sujato_ts/vista/motion_code-master/physics_modal_v4/enhancements/results/central/checkpoints/no_multiscale/seed44/ETTm1/h192.pt,76076c8bc8d736eb,preserved,2,False,ETTm1,16,378.862939146813,latentflow-central-all28-five-seed-no-exchange-v2-selector-safe,central,10,latentflow_process_preserving_unfreeze2,5.0,0.001,192,,20.937278569719453,False,,0.0007,0.403159216649059,2048,1024,LatentFlow,0.39438676586376964,0.02,11329.0,620266,,0.4009104102925246,0.39016367903301263,False,2,0.002248806356534405,0.004223086830757006,,/work/11617/sujato_ts/vista/motion_code-master/physics_modal_v4/enhancements/results/central/runs/no_multiscale/seed44/ETTm1/h192.json,7a6f8d3ed4a4c82af6adebb2b8cb9f3c2ca3c0bc0144f50798b11fb8b21451e0,,0.6280022021169748,single,44,"{'inducing_points': 32, 'latent_dim': 8, 'patch_lens': [8, 24, 48], 'representation_weight': 0.01}",24,,True,True,96,False,0,79.8506798055314,extension,no_multiscale,0.0001,4
on,16,1,extension,0.6596481043870758,,/work/11617/sujato_ts/vista/motion_code-master/physics_modal_v4/enhancements/results/central/checkpoints/no_multiscale/seed44/ETTm1/h336.pt,3a5336b000a14496,preserved,2,False,ETTm1,16,367.94921072013676,latentflow-central-all28-five-seed-no-exchange-v2-selector-safe,central,10,latentflow_process_preserving_unfreeze2,5.0,0.001,336,,22.578510682613597,False,,0.0007,0.413596096516005,2048,1024,LatentFlow,0.4069187758913539,0.02,11185.0,752570,,0.4198447728059962,0.4134034869003397,False,2,-0.006248676289991206,-0.0064847110089857884,,/work/11617/sujato_ts/vista/motion_code-master/physics_modal_v4/enhancements/results/central/runs/no_multiscale/seed44/ETTm1/h336.json,53b44c95dbbb3f6fabe9579e86b1cd9b3942084bbc04b0f803d3af744db75fc4,,0.6379018544347977,single,44,"{'inducing_points': 32, 'latent_dim': 8, 'patch_lens': [8, 24, 48], 'representation_weight': 0.01}",8,,True,True,96,False,0,76.98173529915948,extension,no_multiscale,0.0001,4
on,16,4,extension,0.9864194431002178,,/work/11617/sujato_ts/vista/motion_code-master/physics_modal_v4/enhancements/results/central/checkpoints/no_multiscale/seed44/ETTm1/h720.pt,ca2007c0b559ff3c,preserved,2,False,ETTm1,16,377.29678408801556,latentflow-central-all28-five-seed-no-exchange-v2-selector-safe,central,10,latentflow_process_preserving_unfreeze2,5.0,0.001,720,,20.559697246140296,False,,0.0007,0.4669622490653308,2048,1024,LatentFlow,0.4956579066482554,0.02,10801.0,1140218,,0.46323798049329673,0.48708763371410346,False,2,0.003724268572034062,0.008570272934151912,,/work/11617/sujato_ts/vista/motion_code-master/physics_modal_v4/enhancements/results/central/runs/no_multiscale/seed44/ETTm1/h720.json,7c84a78958a68e476dcfb45b95a70a748c2abf28e330dfd6b0abe44706300e6c,,0.7040297626153708,single,44,"{'inducing_points': 32, 'latent_dim': 8, 'patch_lens': [8, 24, 48], 'representation_weight': 0.01}",8,,True,True,96,False,0,79.56014352239436,extension,no_multiscale,0.0001,4
on,16,2,extension,0.39333793379011606,,/work/11617/sujato_ts/vista/motion_code-master/physics_modal_v4/enhancements/results/central/checkpoints/no_multiscale/seed44/ETTm1/h96.pt,6e77ed99dae5aa95,preserved,2,False,ETTm1,16,375.07421940611675,latentflow-central-all28-five-seed-no-exchange-v2-selector-safe,central,10,latentflow_process_preserving_unfreeze2,5.0,0.001,96,,21.07827748099491,False,,0.0007,0.38334128088959557,2048,1024,LatentFlow,0.3477418936333632,0.02,11425.0,526714,,0.37942110449793043,0.349147388188556,False,2,0.003920176391665142,-0.0014054945551927878,,/work/11617/sujato_ts/vista/motion_code-master/physics_modal_v4/enhancements/results/central/runs/no_multiscale/seed44/ETTm1/h96.json,7b689a4d973d53e5ba998311fe64214b9252a8fe3c744e7033fc3da5cf87b4ea,,0.5896964419371743,single,44,"{'inducing_points': 32, 'latent_dim': 8, 'patch_lens': [8, 24, 48], 'representation_weight': 0.01}",24,,True,True,96,False,0,78.7359594443842,extension,no_multiscale,0.0001,4
on,16,2,extension,0.16866645775735378,,/work/11617/sujato_ts/vista/motion_code-master/physics_modal_v4/enhancements/results/central/checkpoints/no_multiscale/seed44/ETTm2/h192.pt,e7d4777c3386d1e6,preserved,2,False,ETTm2,16,382.6946700802073,latentflow-central-all28-five-seed-no-exchange-v2-selector-safe,central,10,latentflow_process_preserving_unfreeze2,5.0,0.001,192,,21.064600599679405,False,,0.0007,0.3005851763740229,2048,1024,LatentFlow,0.23956551861139969,0.02,11329.0,613794,,0.3011514929712854,0.2410364596994211,False,2,-0.0005663165972625284,-0.0014709410880214269,,/work/11617/sujato_ts/vista/motion_code-master/physics_modal_v4/enhancements/results/central/runs/no_multiscale/seed44/ETTm2/h192.json,e7ff762eba390f5a71f20a212cd612857ca7875f5fec4c8e93da0c0a83c23dc3,,0.4894543069699149,single,44,"{'inducing_points': 16, 'latent_dim': 8, 'patch_lens': [8, 16, 32], 'representation_weight': 0.001}",16,,True,True,96,False,0,80.45395415247185,extension,no_multiscale,0.0001,4
on,16,2,extension,0.21613143364182946,,/work/11617/sujato_ts/vista/motion_code-master/physics_modal_v4/enhancements/results/central/checkpoints/no_multiscale/seed44/ETTm2/h336.pt,f56cf8b151ed32eb,preserved,2,False,ETTm2,16,361.74957651481964,latentflow-central-all28-five-seed-no-exchange-v2-selector-safe,central,10,latentflow_process_preserving_unfreeze2,5.0,0.001,336,,20.629833254931135,False,,0.0007,0.3449475782981389,2048,1024,LatentFlow,0.3077877702089747,0.02,11185.0,754644,,0.3464540730079123,0.30985885547080433,False,2,-0.0015064947097734316,-0.0020710852618296416,,/work/11617/sujato_ts/vista/motion_code-master/physics_modal_v4/enhancements/results/central/runs/no_multiscale/seed44/ETTm2/h336.json,63611feb5f81deca254d6b74438f5764e34c3154beb2deb293cca935a6e1c8a1,,0.5547862383017217,single,44,"{'inducing_points': 16, 'latent_dim': 8, 'patch_lens': [8, 16, 32], 'representation_weight': 0.001}",16,,True,True,96,False,0,75.80335373113485,extension,no_multiscale,0.0001,4
on,16,0,reference,0.2985150132860456,,/work/11617/sujato_ts/vista/motion_code-master/physics_modal_v4/enhancements/results/central/checkpoints/no_multiscale/seed44/ETTm2/h720.pt,6d8475458ee7e505,preserved,2,False,ETTm2,16,372.1736315060407,latentflow-central-all28-five-seed-no-exchange-v2-selector-safe,central,10,latentflow_process_preserving_unfreeze2,5.0,0.001,720,,4.614194893783915,True,,0.0007,0.40171771225802205,2048,1024,LatentFlow,0.40848322760188593,0.02,10801.0,1142702,,0.40171771225802205,0.40848322760188593,False,2,0.0,0.0,,/work/11617/sujato_ts/vista/motion_code-master/physics_modal_v4/enhancements/results/central/runs/no_multiscale/seed44/ETTm2/h720.json,56d0ed4e9bb26411adc5c03a33cb51ad938dd1a92bac7e092c6316ae00578d06,,0.6391269260498151,single,44,"{'inducing_points': 16, 'latent_dim': 8, 'patch_lens': [8, 16, 32], 'representation_weight': 0.001}",32,,True,True,96,False,0,78.13897857122356,reference,no_multiscale,0.0001,4
on,16,3,extension,0.1278699151284638,,/work/11617/sujato_ts/vista/motion_code-master/physics_modal_v4/enhancements/results/central/checkpoints/no_multiscale/seed44/ETTm2/h96.pt,220ae77a618c7fce,preserved,2,False,ETTm2,16,374.578545643948,latentflow-central-all28-five-seed-no-exchange-v2-selector-safe,central,10,latentflow_process_preserving_unfreeze2,5.0,0.001,96,,21.920171160078482,False,,0.0007,0.2589483143630668,2048,1024,LatentFlow,0.17596428912692336,0.02,11425.0,514906,,0.25972072866443197,0.17625739944444493,False,2,-0.0007724143013651541,-0.0002931103175215777,,/work/11617/sujato_ts/vista/motion_code-master/physics_modal_v4/enhancements/results/central/runs/no_multiscale/seed44/ETTm2/h96.json,97ebbb1f2b87b833eeda83ef2bddb289f5931ce7c2d97ab15c9aeeeb3ed2561a,,0.4194809758820099,single,44,"{'inducing_points': 16, 'latent_dim': 8, 'patch_lens': [8, 16, 32], 'representation_weight': 0.001}",8,,True,True,96,False,0,78.7453428732988,extension,no_multiscale,0.0001,4
on,16,10,extension,0.14605773296806795,,/work/11617/sujato_ts/vista/motion_code-master/physics_modal_v4/enhancements/results/central/checkpoints/no_multiscale/seed44/Electricity/h192.pt,02d0fa9015872858,preserved,2,False,Electricity,16,1510.653023363091,latentflow-central-all28-five-seed-no-exchange-v2-selector-safe,central,10,latentflow_process_preserving_unfreeze2,5.0,0.001,192,,24.859074061798257,False,,0.0007,0.2624934567586013,2048,1024,LatentFlow,0.17018329094195947,0.02,5071.0,612867,,0.26608439156625835,0.17681279120147286,False,2,-0.0035909348076570424,-0.006629500259513393,,/work/11617/sujato_ts/vista/motion_code-master/physics_modal_v4/enhancements/results/central/runs/no_multiscale/seed44/Electricity/h192.json,8a0ecffd4b99b935d1f1ddfb75e627dfc18214866e7f7958e04917ee5973b4fd,,0.412532775597236,single,44,"{'inducing_points': 32, 'latent_dim': 16, 'patch_lens': [8, 16, 32], 'representation_weight': 0.001}",8,,True,True,96,False,0,361.0532096310635,extension,no_multiscale,0.0001,4
on,16,10,extension,0.16492392379829782,,/work/11617/sujato_ts/vista/motion_code-master/physics_modal_v4/enhancements/results/central/checkpoints/no_multiscale/seed44/Electricity/h336.pt,188f32d4a409a8dd,preserved,2,False,Electricity,16,1455.3182961469283,latentflow-central-all28-five-seed-no-exchange-v2-selector-safe,central,10,latentflow_process_preserving_unfreeze2,5.0,0.001,336,,25.62753773725978,False,,0.0007,0.28098395931964043,2048,1024,LatentFlow,0.18924898344378258,0.02,4927.0,755859,,0.2830713086433489,0.1932382027501269,False,2,-0.002087349323708465,-0.003989219306344327,,/work/11617/sujato_ts/vista/motion_code-master/physics_modal_v4/enhancements/results/central/runs/no_multiscale/seed44/Electricity/h336.json,f07d730c7239c3f6064623a642607257dac9ec6553acb4cdb29e515e89f79a72,,0.4350275663033121,single,44,"{'inducing_points': 32, 'latent_dim': 16, 'patch_lens': [8, 16, 32], 'representation_weight': 0.001}",8,,True,True,96,False,0,345.3069756656987,extension,no_multiscale,0.0001,4
on,16,5,extension,0.19980584435415086,,/work/11617/sujato_ts/vista/motion_code-master/physics_modal_v4/enhancements/results/central/checkpoints/no_multiscale/seed44/Electricity/h720.pt,3b7c07efce28b865,preserved,2,False,Electricity,16,1536.0711584207602,latentflow-central-all28-five-seed-no-exchange-v2-selector-safe,central,10,latentflow_process_preserving_unfreeze2,5.0,0.001,720,,27.243993639275825,False,,0.0007,0.3077364961720966,2048,1024,LatentFlow,0.22096902957843428,0.02,4543.0,1143507,,0.31160322104937876,0.22920622987053368,False,2,-0.0038667248772821794,-0.0082372002920994,,/work/11617/sujato_ts/vista/motion_code-master/physics_modal_v4/enhancements/results/central/runs/no_multiscale/seed44/Electricity/h720.json,dd2c79caff40d9245f4d7faf237d959dcbf4966e7ed4df545639c3832374ed4b,,0.47007342998560797,single,44,"{'inducing_points': 32, 'latent_dim': 16, 'patch_lens': [8, 16, 32], 'representation_weight': 0.001}",8,,True,True,96,False,0,366.6004340586369,extension,no_multiscale,0.0001,4
on,16,10,extension,0.13535333731959295,,/work/11617/sujato_ts/vista/motion_code-master/physics_modal_v4/enhancements/results/central/checkpoints/no_multiscale/seed44/Electricity/h96.pt,6939d08cfbba17a4,preserved,2,False,Electricity,16,1395.1384456420783,latentflow-central-all28-five-seed-no-exchange-v2-selector-safe,central,10,latentflow_process_preserving_unfreeze2,5.0,0.001,96,,24.07357531975117,False,,0.0007,0.25182624735818565,2048,1024,LatentFlow,0.15719568723514224,0.02,5167.0,518259,,0.25959411575720526,0.16933370565131795,False,2,-0.007767868399019606,-0.012138018416175705,,/work/11617/sujato_ts/vista/motion_code-master/physics_modal_v4/enhancements/results/central/runs/no_multiscale/seed44/Electricity/h96.json,d6bc26d747ad7c94237d4f0d88033b236ce5e9b82f2b1161fa931992eb64b4e9,,0.39647911323945206,single,44,"{'inducing_points': 32, 'latent_dim': 16, 'patch_lens': [8, 16, 32], 'representation_weight': 0.001}",8,,True,True,96,False,0,331.38707689604416,extension,no_multiscale,0.0001,4
on,16,10,extension,0.3828410079842469,,/work/11617/sujato_ts/vista/motion_code-master/physics_modal_v4/enhancements/results/central/checkpoints/no_multiscale/seed44/Traffic/h192.pt,934d5a652790604c,preserved,2,False,Traffic,16,2518.219598466065,latentflow-central-all28-five-seed-no-exchange-v2-selector-safe,central,10,latentflow_process_preserving_unfreeze2,5.0,0.001,192,,57.67360373972668,False,,0.0007,0.2971429784110684,2048,1024,LatentFlow,0.45006378468780317,0.02,3319.0,614490,,0.30834480625598315,0.46275455340086064,False,2,-0.011201827844914747,-0.012690768713057465,,/work/11617/sujato_ts/vista/motion_code-master/physics_modal_v4/enhancements/results/central/runs/no_multiscale/seed44/Traffic/h192.json,8a290418599cc82582edbb5af5a923183490d8f7f4f4697aa63fcbac292a6a4f,,0.6708679338646342,single,44,"{'inducing_points': 32, 'latent_dim': 16, 'patch_lens': [8, 16, 32], 'representation_weight': 0.001}",8,,True,True,96,False,0,640.588025015677,extension,no_multiscale,0.0001,4
on,16,10,extension,0.39859751487565875,,/work/11617/sujato_ts/vista/motion_code-master/physics_modal_v4/enhancements/results/central/checkpoints/no_multiscale/seed44/Traffic/h336.pt,3468cc38e150132f,preserved,2,False,Traffic,16,2651.472098978935,latentflow-central-all28-five-seed-no-exchange-v2-selector-safe,central,10,latentflow_process_preserving_unfreeze2,5.0,0.001,336,,60.6087838238425,False,,0.0007,0.2997792751616605,2048,1024,LatentFlow,0.4655268856782258,0.02,3175.0,757482,,0.3110705552122835,0.47728855930920105,False,2,-0.01129128005062302,-0.011761673630975245,,/work/11617/sujato_ts/vista/motion_code-master/physics_modal_v4/enhancements/results/central/runs/no_multiscale/seed44/Traffic/h336.json,77f9095d8fea06fdbe611e90f6fa0654873dee9fc2ee82230ca83c5cb92d57b1,,0.6822953067977426,single,44,"{'inducing_points': 32, 'latent_dim': 16, 'patch_lens': [8, 16, 32], 'representation_weight': 0.001}",8,,True,True,96,False,0,676.5435669109138,extension,no_multiscale,0.0001,4
on,16,10,extension,0.44442179385581315,,/work/11617/sujato_ts/vista/motion_code-master/physics_modal_v4/enhancements/results/central/checkpoints/no_multiscale/seed44/Traffic/h720.pt,4c939b8c0e055168,preserved,2,False,Traffic,16,2807.937420262024,latentflow-central-all28-five-seed-no-exchange-v2-selector-safe,central,10,latentflow_process_preserving_unfreeze2,5.0,0.001,720,,65.05692294723858,False,,0.0007,0.31588162067670417,2048,1024,LatentFlow,0.4876042972299303,0.02,2791.0,1145130,,0.3281609767711609,0.5072763393924733,False,2,-0.01227935609445674,-0.01967204216254298,,/work/11617/sujato_ts/vista/motion_code-master/physics_modal_v4/enhancements/results/central/runs/no_multiscale/seed44/Traffic/h720.json,e47c3a3c6ba2ccc3c1a53eed0db3abb8b162c7e5f815aaa380b88edf2b9c2510,,0.6982866869917616,single,44,"{'inducing_points': 32, 'latent_dim': 16, 'patch_lens': [8, 16, 32], 'representation_weight': 0.001}",8,,True,True,96,False,0,729.3334770263755,extension,no_multiscale,0.0001,4
on,16,10,extension,0.39432641801590707,,/work/11617/sujato_ts/vista/motion_code-master/physics_modal_v4/enhancements/results/central/checkpoints/no_multiscale/seed44/Traffic/h96.pt,e4395c6d32cee33e,preserved,2,False,Traffic,16,2554.1494436031207,latentflow-central-all28-five-seed-no-exchange-v2-selector-safe,central,10,latentflow_process_preserving_unfreeze2,5.0,0.001,96,,54.8411234518477,False,,0.0007,0.2976115104720899,2048,1024,LatentFlow,0.43798364488954594,0.02,3415.0,519882,,0.3111533578973493,0.45912143347165524,False,2,-0.013541847425259435,-0.021137788582109296,,/work/11617/sujato_ts/vista/motion_code-master/physics_modal_v4/enhancements/results/central/runs/no_multiscale/seed44/Traffic/h96.json,76111b06af345a6815d660f1e8b3edf2804f925f0f0c1c78c681d3fcb9a14011,,0.6618033279529092,single,44,"{'inducing_points': 32, 'latent_dim': 16, 'patch_lens': [8, 16, 32], 'representation_weight': 0.001}",8,,True,True,96,False,0,645.0514585896599,extension,no_multiscale,0.0001,4
on,16,5,extension,0.4798570835874194,,/work/11617/sujato_ts/vista/motion_code-master/physics_modal_v4/enhancements/results/central/checkpoints/no_multiscale/seed44/Weather/h192.pt,703ea5843bee754f,preserved,2,False,Weather,16,592.7045504394919,latentflow-central-all28-five-seed-no-exchange-v2-selector-safe,central,10,latentflow_process_preserving_unfreeze2,5.0,0.001,192,,35.229081202428354,False,,0.0007,0.2549696021037181,2048,1024,LatentFlow,0.21379773627508852,0.02,10349.0,613036,,0.2569109103050567,0.21566235048309085,False,2,-0.0019413082013385874,-0.0018646142080023242,,/work/11617/sujato_ts/vista/motion_code-master/physics_modal_v4/enhancements/results/central/runs/no_multiscale/seed44/Weather/h192.json,e4aff61bdf45bbc4c12d6ba54630443f5daaa460ce76be897b870e0ed31edee5,,0.4623826729831996,single,44,"{'inducing_points': 32, 'latent_dim': 16, 'patch_lens': [8, 16, 32], 'representation_weight': 0.001}",8,,True,True,96,False,0,134.48985357536003,extension,no_multiscale,0.0001,4
on,16,10,extension,0.5611161090889756,,/work/11617/sujato_ts/vista/motion_code-master/physics_modal_v4/enhancements/results/central/checkpoints/no_multiscale/seed44/Weather/h336.pt,fe93f973e1965d7c,preserved,2,False,Weather,16,620.6710507255048,latentflow-central-all28-five-seed-no-exchange-v2-selector-safe,central,10,latentflow_process_preserving_unfreeze2,5.0,0.001,336,,32.28848425484022,False,,0.0007,0.29780691353717836,2048,1024,LatentFlow,0.27105155686405974,0.02,10205.0,756028,,0.30292752246590343,0.27811103734197995,False,2,-0.005120608928725068,-0.00705948047792021,,/work/11617/sujato_ts/vista/motion_code-master/physics_modal_v4/enhancements/results/central/runs/no_multiscale/seed44/Weather/h336.json,b865ba934e172a811e923748473f403d5bcda8310c1620300c960ef1536d4345,,0.5206261200363076,single,44,"{'inducing_points': 32, 'latent_dim': 16, 'patch_lens': [8, 16, 32], 'representation_weight': 0.001}",8,,True,True,96,False,0,141.37266127072508,extension,no_multiscale,0.0001,4
on,16,7,extension,0.6818456084639938,,/work/11617/sujato_ts/vista/motion_code-master/physics_modal_v4/enhancements/results/central/checkpoints/no_multiscale/seed44/Weather/h720.pt,dee389a000ca5f21,preserved,2,False,Weather,16,573.8873079849873,latentflow-central-all28-five-seed-no-exchange-v2-selector-safe,central,10,latentflow_process_preserving_unfreeze2,5.0,0.001,720,,35.6184165381516,False,,0.0007,0.34904743799489535,2048,1024,LatentFlow,0.3506613388068634,0.02,9821.0,1143676,,0.34846306519385495,0.3512572592498481,False,2,0.0005843728010404003,-0.0005959204429846765,,/work/11617/sujato_ts/vista/motion_code-master/physics_modal_v4/enhancements/results/central/runs/no_multiscale/seed44/Weather/h720.json,0ac0ad4fad769bf970eb86889700a833981e48a5796017c21f614a797d550d35,,0.5921666478339214,single,44,"{'inducing_points': 32, 'latent_dim': 16, 'patch_lens': [8, 16, 32], 'representation_weight': 0.001}",8,,True,True,96,False,0,130.59152021560294,extension,no_multiscale,0.0001,4
on,16,6,extension,0.4253992650007445,,/work/11617/sujato_ts/vista/motion_code-master/physics_modal_v4/enhancements/results/central/checkpoints/no_multiscale/seed44/Weather/h96.pt,119b6b3058339244,preserved,2,False,Weather,16,574.3425715190824,latentflow-central-all28-five-seed-no-exchange-v2-selector-safe,central,10,latentflow_process_preserving_unfreeze2,5.0,0.001,96,,32.926579556977245,False,,0.0007,0.21259821701545456,2048,1024,LatentFlow,0.16432757759907282,0.02,10445.0,518428,,0.21823216226213657,0.16973387142483048,False,2,-0.0056339452466820095,-0.005406293825757663,,/work/11617/sujato_ts/vista/motion_code-master/physics_modal_v4/enhancements/results/central/runs/no_multiscale/seed44/Weather/h96.json,32154baaa1b9e03afae7beb4086360f9f9ef411e2d2b5110a8d3e14474f36ed6,,0.4053733804766574,single,44,"{'inducing_points': 32, 'latent_dim': 16, 'patch_lens': [8, 16, 32], 'representation_weight': 0.001}",8,,True,True,96,False,0,129.2504216891757,extension,no_multiscale,0.0001,4
on,16,2,extension,1.0201886466571264,,/work/11617/sujato_ts/vista/motion_code-master/physics_modal_v4/enhancements/results/central/checkpoints/no_multiscale/seed45/ETTh1/h192.pt,740229dbec35d153,preserved,2,False,ETTh1,16,360.31919636693783,latentflow-central-all28-five-seed-no-exchange-v2-selector-safe,central,10,latentflow_process_preserving_unfreeze2,5.0,0.001,192,,22.099197468536342,False,,0.0007,0.4416225961417904,2048,1024,LatentFlow,0.4566782370206263,0.02,2689.0,617482,,0.43790640175130396,0.45166374663477077,False,2,0.003716194390486427,0.005014490385855552,,/work/11617/sujato_ts/vista/motion_code-master/physics_modal_v4/enhancements/results/central/runs/no_multiscale/seed45/ETTh1/h192.json,1edf0f3c7124ac580e497c7462c0b15999bbf81a0512aad244fda69bc9f6a101,,0.6757797252216334,single,45,"{'inducing_points': 32, 'latent_dim': 16, 'patch_lens': [16, 32, 48], 'representation_weight': 0.05}",16,,True,True,96,False,0,76.01647335559392,extension,no_multiscale,0.0001,4
on,16,0,reference,1.283891457684186,,/work/11617/sujato_ts/vista/motion_code-master/physics_modal_v4/enhancements/results/central/checkpoints/no_multiscale/seed45/ETTh1/h336.pt,f3962b483ab4efbb,preserved,2,False,ETTh1,16,367.5779263228178,latentflow-central-all28-five-seed-no-exchange-v2-selector-safe,central,10,latentflow_process_preserving_unfreeze2,5.0,0.001,336,,4.270583909900883,True,,0.0007,0.4482438466483375,2048,1024,LatentFlow,0.48497532017765704,0.02,2545.0,806468,,0.4482438466483375,0.48497532017765704,False,2,0.0,0.0,,/work/11617/sujato_ts/vista/motion_code-master/physics_modal_v4/enhancements/results/central/runs/no_multiscale/seed45/ETTh1/h336.json,73b15c0abe7a9d9ab27a890765d0ddccae26537d2712fc6af3b725dec8985e24,,0.6964016945539816,single,45,"{'inducing_points': 32, 'latent_dim': 16, 'patch_lens': [16, 32, 48], 'representation_weight': 0.05}",48,,True,True,96,False,0,77.85446992056677,reference,no_multiscale,0.0001,4
on,16,1,extension,1.553133453641619,,/work/11617/sujato_ts/vista/motion_code-master/physics_modal_v4/enhancements/results/central/checkpoints/no_multiscale/seed45/ETTh1/h720.pt,4ea01f49ddd12758,preserved,2,False,ETTh1,16,369.8076797798276,latentflow-central-all28-five-seed-no-exchange-v2-selector-safe,central,10,latentflow_process_preserving_unfreeze2,5.0,0.001,720,,20.22228643920189,False,,0.0007,0.48274030010358193,2048,1024,LatentFlow,0.5080739797596352,0.02,2161.0,1152534,,0.47716499938828105,0.49150250396075096,False,2,0.005575300715300879,0.01657147579888424,,/work/11617/sujato_ts/vista/motion_code-master/physics_modal_v4/enhancements/results/central/runs/no_multiscale/seed45/ETTh1/h720.json,ad3be110edd89abb00dc6c6e612c69dd3cfd75bab050ada980d3c8fbdc2e423c,,0.7127930834117536,single,45,"{'inducing_points': 32, 'latent_dim': 16, 'patch_lens': [16, 32, 48], 'representation_weight': 0.05}",32,,True,True,96,False,0,78.20170909835724,extension,no_multiscale,0.0001,4
on,16,2,extension,0.7612123803368637,,/work/11617/sujato_ts/vista/motion_code-master/physics_modal_v4/enhancements/results/central/checkpoints/no_multiscale/seed45/ETTh1/h96.pt,890c1f0a3c1faae5,preserved,2,False,ETTh1,16,373.0413039070554,latentflow-central-all28-five-seed-no-exchange-v2-selector-safe,central,10,latentflow_process_preserving_unfreeze2,5.0,0.001,96,,21.877354527742877,False,,0.0007,0.4132739949656458,2048,1024,LatentFlow,0.4022198356562541,0.02,2785.0,523762,,0.4130563486964619,0.40073214010202934,False,2,0.00021764626918391317,0.0014876955542247328,,/work/11617/sujato_ts/vista/motion_code-master/physics_modal_v4/enhancements/results/central/runs/no_multiscale/seed45/ETTh1/h96.json,35bc18e14c6b5a49d6b10b169486cc16c6f402f88e270c95a4d50afa73558925,,0.6342080381517204,single,45,"{'inducing_points': 32, 'latent_dim': 16, 'patch_lens': [16, 32, 48], 'representation_weight': 0.05}",16,,True,True,96,False,0,78.73131607811956,extension,no_multiscale,0.0001,4
on,16,10,extension,0.2669095898135787,,/work/11617/sujato_ts/vista/motion_code-master/physics_modal_v4/enhancements/results/central/checkpoints/no_multiscale/seed45/ETTh2/h192.pt,ebba12c19bbbd8bc,preserved,2,False,ETTh2,16,366.5009789522737,latentflow-central-all28-five-seed-no-exchange-v2-selector-safe,central,10,latentflow_process_preserving_unfreeze2,5.0,0.001,192,,23.153216684025203,False,,0.0007,0.3902964974419105,2048,1024,LatentFlow,0.36800683616069785,0.02,2689.0,646258,,0.39459677108526586,0.38289365393677743,False,2,-0.00430027364335539,-0.014886817776079586,,/work/11617/sujato_ts/vista/motion_code-master/physics_modal_v4/enhancements/results/central/runs/no_multiscale/seed45/ETTh2/h192.json,28db9ed97b1d572e4a25a6eb705713ce6b91932c95c05573e6e9685dab108d4d,,0.6066356700365532,single,45,"{'inducing_points': 32, 'latent_dim': 8, 'patch_lens': [16, 32, 48], 'representation_weight': 0.001}",48,,True,True,96,False,0,77.56694554409478,extension,no_multiscale,0.0001,4
on,16,2,extension,0.34702663985239407,,/work/11617/sujato_ts/vista/motion_code-master/physics_modal_v4/enhancements/results/central/checkpoints/no_multiscale/seed45/ETTh2/h336.pt,df2c867be6ca797f,preserved,2,False,ETTh2,16,369.03531129518524,latentflow-central-all28-five-seed-no-exchange-v2-selector-safe,central,10,latentflow_process_preserving_unfreeze2,5.0,0.001,336,,22.434406890239142,False,,0.0007,0.4199009172552171,2048,1024,LatentFlow,0.4007621601889313,0.02,2545.0,768198,,0.4189237191609764,0.40331441691323816,False,2,0.0009771980942406833,-0.0025522567243068672,,/work/11617/sujato_ts/vista/motion_code-master/physics_modal_v4/enhancements/results/central/runs/no_multiscale/seed45/ETTh2/h336.json,5a252aebe4a3fe740285acb29dfd61e8fd2f208742e0809ba22fabd68e63d149,,0.6330577858212718,single,45,"{'inducing_points': 32, 'latent_dim': 8, 'patch_lens': [16, 32, 48], 'representation_weight': 0.001}",32,,True,True,96,False,0,78.25998016014637,extension,no_multiscale,0.0001,4
on,16,0,reference,0.5927186250686646,,/work/11617/sujato_ts/vista/motion_code-master/physics_modal_v4/enhancements/results/central/checkpoints/no_multiscale/seed45/ETTh2/h720.pt,8a403c5fbfe65565,preserved,2,False,ETTh2,16,362.73738190706354,latentflow-central-all28-five-seed-no-exchange-v2-selector-safe,central,10,latentflow_process_preserving_unfreeze2,5.0,0.001,720,,4.533472789778138,True,,0.0007,0.4474788923749623,2048,1024,LatentFlow,0.4307455450141636,0.02,2161.0,1160508,,0.4474788923749623,0.4307455450141636,False,2,0.0,0.0,,/work/11617/sujato_ts/vista/motion_code-master/physics_modal_v4/enhancements/results/central/runs/no_multiscale/seed45/ETTh2/h720.json,9edff43ede435b84b6dfbd259b130ea44bf6b7373b2fcde37312938c247aeed6,,0.6563120789793249,single,45,"{'inducing_points': 32, 'latent_dim': 8, 'patch_lens': [16, 32, 48], 'representation_weight': 0.001}",48,,True,True,96,False,0,76.91072794686988,reference,no_multiscale,0.0001,4
on,16,2,extension,0.21427018159911745,,/work/11617/sujato_ts/vista/motion_code-master/physics_modal_v4/enhancements/results/central/checkpoints/no_multiscale/seed45/ETTh2/h96.pt,576cea65744dada4,preserved,2,False,ETTh2,16,374.305937692523,latentflow-central-all28-five-seed-no-exchange-v2-selector-safe,central,10,latentflow_process_preserving_unfreeze2,5.0,0.001,96,,22.43802511648711,False,,0.0007,0.34123238976657866,2048,1024,LatentFlow,0.2960162006484817,0.02,2785.0,552810,,0.34136153093370464,0.2962246752237778,False,2,-0.000129141167125979,-0.00020847457529610258,,/work/11617/sujato_ts/vista/motion_code-master/physics_modal_v4/enhancements/results/central/runs/no_multiscale/seed45/ETTh2/h96.json,464b9a4c02bbc2b625fdca0e793f7ec28eef1ebfdf20702c4fd6b7b0ad608016,,0.5440737088377656,single,45,"{'inducing_points': 32, 'latent_dim': 8, 'patch_lens': [16, 32, 48], 'representation_weight': 0.001}",48,,True,True,96,False,0,79.43370484863408,extension,no_multiscale,0.0001,4
on,16,0,reference,0.5106787392426104,,/work/11617/sujato_ts/vista/motion_code-master/physics_modal_v4/enhancements/results/central/checkpoints/no_multiscale/seed45/ETTm1/h192.pt,f77a1ea3b2496584,preserved,2,False,ETTm1,16,359.096122126095,latentflow-central-all28-five-seed-no-exchange-v2-selector-safe,central,10,latentflow_process_preserving_unfreeze2,5.0,0.001,192,,4.80597191971043,True,,0.0007,0.40468578214678136,2048,1024,LatentFlow,0.39894802948982294,0.02,11329.0,620266,,0.40468578214678136,0.39894802948982294,False,2,0.0,0.0,,/work/11617/sujato_ts/vista/motion_code-master/physics_modal_v4/enhancements/results/central/runs/no_multiscale/seed45/ETTm1/h192.json,93c5fb935cf847c3eaa2955d833d940925401d462e28a99d6d7f438753d78063,,0.6316233288042985,single,45,"{'inducing_points': 32, 'latent_dim': 8, 'patch_lens': [8, 24, 48], 'representation_weight': 0.01}",24,,True,True,96,False,0,75.3900292187609,reference,no_multiscale,0.0001,4
on,16,1,extension,0.6601144847821216,,/work/11617/sujato_ts/vista/motion_code-master/physics_modal_v4/enhancements/results/central/checkpoints/no_multiscale/seed45/ETTm1/h336.pt,a56ff70d1b5ec098,preserved,2,False,ETTm1,16,386.08792926277965,latentflow-central-all28-five-seed-no-exchange-v2-selector-safe,central,10,latentflow_process_preserving_unfreeze2,5.0,0.001,336,,21.208414138777762,False,,0.0007,0.4186452294223692,2048,1024,LatentFlow,0.4182831886330969,0.02,11185.0,752570,,0.418439991292118,0.4155467891321609,False,2,0.0002052381302511952,0.00273639950093596,,/work/11617/sujato_ts/vista/motion_code-master/physics_modal_v4/enhancements/results/central/runs/no_multiscale/seed45/ETTm1/h336.json,30a8eac519a9cf69f88a230b56a37e93656d33aa32e0978ecd68cfe8d3d8322b,,0.6467481647697942,single,45,"{'inducing_points': 32, 'latent_dim': 8, 'patch_lens': [8, 24, 48], 'representation_weight': 0.01}",8,,True,True,96,False,0,80.89078352350043,extension,no_multiscale,0.0001,4
on,16,1,extension,0.9848400373307485,,/work/11617/sujato_ts/vista/motion_code-master/physics_modal_v4/enhancements/results/central/checkpoints/no_multiscale/seed45/ETTm1/h720.pt,eccfeed62effbacf,preserved,2,False,ETTm1,16,367.6380568780005,latentflow-central-all28-five-seed-no-exchange-v2-selector-safe,central,10,latentflow_process_preserving_unfreeze2,5.0,0.001,720,,21.920229407622912,False,,0.0007,0.4591842727272859,2048,1024,LatentFlow,0.4823322221722505,0.02,10801.0,1140218,,0.4574628541377155,0.4770765686826728,False,2,0.0017214185895704226,0.0052556534895777385,,/work/11617/sujato_ts/vista/motion_code-master/physics_modal_v4/enhancements/results/central/runs/no_multiscale/seed45/ETTm1/h720.json,1673a958b349089bef6dd43a53f1345bae38d21ec3aac6f08a051c6ebdf564b2,,0.694501419848981,single,45,"{'inducing_points': 32, 'latent_dim': 8, 'patch_lens': [8, 24, 48], 'representation_weight': 0.01}",8,,True,True,96,False,0,76.69775633257814,extension,no_multiscale,0.0001,4
on,16,3,extension,0.3951111836802392,,/work/11617/sujato_ts/vista/motion_code-master/physics_modal_v4/enhancements/results/central/checkpoints/no_multiscale/seed45/ETTm1/h96.pt,3e679f6fc2e7df99,preserved,2,False,ETTm1,16,368.51424977974966,latentflow-central-all28-five-seed-no-exchange-v2-selector-safe,central,10,latentflow_process_preserving_unfreeze2,5.0,0.001,96,,19.746627590683033,False,,0.0007,0.37617369167752795,2048,1024,LatentFlow,0.3385772655034321,0.02,11425.0,514970,,0.38281215410748287,0.3465053200282019,False,2,-0.006638462429954917,-0.007928054524769801,,/work/11617/sujato_ts/vista/motion_code-master/physics_modal_v4/enhancements/results/central/runs/no_multiscale/seed45/ETTm1/h96.json,58cfdfef6b48f6c809c5395f92b779840cd61396f35a03f1ca4123a9494184e8,,0.5818739257806901,single,45,"{'inducing_points': 32, 'latent_dim': 8, 'patch_lens': [8, 24, 48], 'representation_weight': 0.01}",8,,True,True,96,False,0,77.31312916475872,extension,no_multiscale,0.0001,4
on,16,5,extension,0.16640304099945796,,/work/11617/sujato_ts/vista/motion_code-master/physics_modal_v4/enhancements/results/central/checkpoints/no_multiscale/seed45/ETTm2/h192.pt,a8858fd1dde65df0,preserved,2,False,ETTm2,16,378.90108011383563,latentflow-central-all28-five-seed-no-exchange-v2-selector-safe,central,10,latentflow_process_preserving_unfreeze2,5.0,0.001,192,,21.659441626877058,False,,0.0007,0.30016509761923904,2048,1024,LatentFlow,0.23911505482378387,0.02,11329.0,609514,,0.3037828494796072,0.24324768822374002,False,2,-0.003617751860368168,-0.004132633399956148,,/work/11617/sujato_ts/vista/motion_code-master/physics_modal_v4/enhancements/results/central/runs/no_multiscale/seed45/ETTm2/h192.json,08b0ef2f3fe6617e7b48b69eae6583caa97084596bce74d63925e09aa41f8c5b,,0.48899392104992867,single,45,"{'inducing_points': 16, 'latent_dim': 8, 'patch_lens': [8, 16, 32], 'representation_weight': 0.001}",8,,True,True,96,False,0,78.17352874681092,extension,no_multiscale,0.0001,4
on,16,2,extension,0.21584547417504446,,/work/11617/sujato_ts/vista/motion_code-master/physics_modal_v4/enhancements/results/central/checkpoints/no_multiscale/seed45/ETTm2/h336.pt,e8e884d8702e0698,preserved,2,False,ETTm2,16,389.37163007073104,latentflow-central-all28-five-seed-no-exchange-v2-selector-safe,central,10,latentflow_process_preserving_unfreeze2,5.0,0.001,336,,20.331935388673855,False,,0.0007,0.3440035746399243,2048,1024,LatentFlow,0.3076671398319066,0.02,11185.0,754644,,0.3466770982750575,0.3113804243604217,False,2,-0.0026735236351331793,-0.003713284528515104,,/work/11617/sujato_ts/vista/motion_code-master/physics_modal_v4/enhancements/results/central/runs/no_multiscale/seed45/ETTm2/h336.json,ff8ed6e40d8d4a8096461c3571927828b759602064d30428e7a8b00c8d77f962,,0.5546775097585142,single,45,"{'inducing_points': 16, 'latent_dim': 8, 'patch_lens': [8, 16, 32], 'representation_weight': 0.001}",16,,True,True,96,False,0,81.85481444670586,extension,no_multiscale,0.0001,4
on,16,1,extension,0.29981095847629363,,/work/11617/sujato_ts/vista/motion_code-master/physics_modal_v4/enhancements/results/central/checkpoints/no_multiscale/seed45/ETTm2/h720.pt,b9c6adce804f6fbf,preserved,2,False,ETTm2,16,382.9086103634909,latentflow-central-all28-five-seed-no-exchange-v2-selector-safe,central,10,latentflow_process_preserving_unfreeze2,5.0,0.001,720,,21.784452829255724,False,,0.0007,0.40270588399342705,2048,1024,LatentFlow,0.4110078674502347,0.02,10801.0,1131828,,0.40283081098280005,0.41121166616395,False,2,-0.00012492698937299762,-0.00020379871371528635,,/work/11617/sujato_ts/vista/motion_code-master/physics_modal_v4/enhancements/results/central/runs/no_multiscale/seed45/ETTm2/h720.json,32b4d8ecec2d2ee9719c83202bb6a443057b1b4ef3420232fb2211f7c747532c,,0.6410989529317879,single,45,"{'inducing_points': 16, 'latent_dim': 8, 'patch_lens': [8, 16, 32], 'representation_weight': 0.001}",16,,True,True,96,False,0,80.51658872063854,extension,no_multiscale,0.0001,4
on,16,2,extension,0.12792262789748965,,/work/11617/sujato_ts/vista/motion_code-master/physics_modal_v4/enhancements/results/central/checkpoints/no_multiscale/seed45/ETTm2/h96.pt,5c5be3a82761910a,preserved,2,False,ETTm2,16,379.15674133831635,latentflow-central-all28-five-seed-no-exchange-v2-selector-safe,central,10,latentflow_process_preserving_unfreeze2,5.0,0.001,96,,21.610980369163702,False,,0.0007,0.2599333417247928,2048,1024,LatentFlow,0.17598008922081237,0.02,11425.0,514906,,0.2597942398304217,0.17525173960172274,False,2,0.00013910189437110754,0.0007283496190896299,,/work/11617/sujato_ts/vista/motion_code-master/physics_modal_v4/enhancements/results/central/runs/no_multiscale/seed45/ETTm2/h96.json,bcee6ecf0f9a99b6f4f00ee55097aa57cb409fa89c2e039f65e7c353aa3220fa,,0.4194998083680282,single,45,"{'inducing_points': 16, 'latent_dim': 8, 'patch_lens': [8, 16, 32], 'representation_weight': 0.001}",8,,True,True,96,False,0,80.20445695001399,extension,no_multiscale,0.0001,4
on,16,9,extension,0.14810782571943132,,/work/11617/sujato_ts/vista/motion_code-master/physics_modal_v4/enhancements/results/central/checkpoints/no_multiscale/seed45/Electricity/h192.pt,e4a43e5f0abc9ff1,preserved,2,False,Electricity,16,1473.8737351037562,latentflow-central-all28-five-seed-no-exchange-v2-selector-safe,central,10,latentflow_process_preserving_unfreeze2,5.0,0.001,192,,25.76855819754738,False,,0.0007,0.26413824885225895,2048,1024,LatentFlow,0.17205166601418756,0.02,5071.0,612867,,0.2691362892252053,0.1801068247717917,False,2,-0.004998040372946377,-0.008055158757604153,,/work/11617/sujato_ts/vista/motion_code-master/physics_modal_v4/enhancements/results/central/runs/no_multiscale/seed45/Electricity/h192.json,2883e4d33c3661abe3f95dd0c9fc1772f6ca09dd72a3387b8bb21e4fa75ccf05,,0.41479111130084206,single,45,"{'inducing_points': 32, 'latent_dim': 16, 'patch_lens': [8, 16, 32], 'representation_weight': 0.001}",8,,True,True,96,False,0,352.18375218100846,extension,no_multiscale,0.0001,4
on,16,7,extension,0.16514889413357983,,/work/11617/sujato_ts/vista/motion_code-master/physics_modal_v4/enhancements/results/central/checkpoints/no_multiscale/seed45/Electricity/h336.pt,fe256f13f152f88f,preserved,2,False,Electricity,16,1495.5851977858692,latentflow-central-all28-five-seed-no-exchange-v2-selector-safe,central,10,latentflow_process_preserving_unfreeze2,5.0,0.001,336,,24.324011557349344,False,,0.0007,0.2825302257875088,2048,1024,LatentFlow,0.1906085215194446,0.02,4927.0,755859,,0.2854005829433409,0.1952200932975441,False,2,-0.002870357155832115,-0.00461157177809951,,/work/11617/sujato_ts/vista/motion_code-master/physics_modal_v4/enhancements/results/central/runs/no_multiscale/seed45/Electricity/h336.json,d98154a137ebee7b2c9cfd07f55ef612f69738a4ec26498cb8299df26eaa92cc,,0.43658735840544516,single,45,"{'inducing_points': 32, 'latent_dim': 16, 'patch_lens': [8, 16, 32], 'representation_weight': 0.001}",8,,True,True,96,False,0,356.67250237820554,extension,no_multiscale,0.0001,4
on,16,8,extension,0.2063592131718008,,/work/11617/sujato_ts/vista/motion_code-master/physics_modal_v4/enhancements/results/central/checkpoints/no_multiscale/seed45/Electricity/h720.pt,63b1e8a3cce60396,preserved,2,False,Electricity,16,1409.8852440109476,latentflow-central-all28-five-seed-no-exchange-v2-selector-safe,central,10,latentflow_process_preserving_unfreeze2,5.0,0.001,720,,27.266166714139978,False,,0.0007,0.31139999194126095,2048,1024,LatentFlow,0.22442607709514167,0.02,4543.0,1143507,,0.32544758544072955,0.24458304689582783,False,2,-0.014047593499468602,-0.020156969800686153,,/work/11617/sujato_ts/vista/motion_code-master/physics_modal_v4/enhancements/results/central/runs/no_multiscale/seed45/Electricity/h720.json,c63159110854eb1285072f74d19c27f83978e2629fcf59657dd2446ad3088aad,,0.4737362948889832,single,45,"{'inducing_points': 32, 'latent_dim': 16, 'patch_lens': [8, 16, 32], 'representation_weight': 0.001}",8,,True,True,96,False,0,340.9021610875243,extension,no_multiscale,0.0001,4
on,16,9,extension,0.13591630303475963,,/work/11617/sujato_ts/vista/motion_code-master/physics_modal_v4/enhancements/results/central/checkpoints/no_multiscale/seed45/Electricity/h96.pt,792b498041796cc7,preserved,2,False,Electricity,16,1524.660755392164,latentflow-central-all28-five-seed-no-exchange-v2-selector-safe,central,10,latentflow_process_preserving_unfreeze2,5.0,0.001,96,,25.943908414238514,False,,0.0007,0.25209280476025964,2048,1024,LatentFlow,0.15788568014062757,0.02,5167.0,518259,,0.25763532621863355,0.16550684228970236,False,2,-0.005542521458373917,-0.007621162149074795,,/work/11617/sujato_ts/vista/motion_code-master/physics_modal_v4/enhancements/results/central/runs/no_multiscale/seed45/Electricity/h96.json,1a2f2e81887259db75bf15d3d1308ff9dbf3d6948190eaf71bf90d6db34faff1,,0.39734831085664324,single,45,"{'inducing_points': 32, 'latent_dim': 16, 'patch_lens': [8, 16, 32], 'representation_weight': 0.001}",8,,True,True,96,False,0,364.4974217721028,extension,no_multiscale,0.0001,4
on,16,8,extension,0.38825577723362237,,/work/11617/sujato_ts/vista/motion_code-master/physics_modal_v4/enhancements/results/central/checkpoints/no_multiscale/seed45/Traffic/h192.pt,24462ab5637b0104,preserved,2,False,Traffic,16,2513.1821108679287,latentflow-central-all28-five-seed-no-exchange-v2-selector-safe,central,10,latentflow_process_preserving_unfreeze2,5.0,0.001,192,,55.944116056136394,False,,0.0007,0.30083717618353906,2048,1024,LatentFlow,0.45804405797611536,0.02,3319.0,614490,,0.3112098632365801,0.4716207748019846,False,2,-0.010372687053041063,-0.01357671682586925,,/work/11617/sujato_ts/vista/motion_code-master/physics_modal_v4/enhancements/results/central/runs/no_multiscale/seed45/Traffic/h192.json,09db8f8712e6b6f02d64231f1e454e958177278e91d9b533ee781ad1abe24392,,0.6767895226553935,single,45,"{'inducing_points': 32, 'latent_dim': 16, 'patch_lens': [8, 16, 32], 'representation_weight': 0.001}",8,,True,True,96,False,0,639.1520875336028,extension,no_multiscale,0.0001,4
on,16,10,extension,0.39924709889891663,,/work/11617/sujato_ts/vista/motion_code-master/physics_modal_v4/enhancements/results/central/checkpoints/no_multiscale/seed45/Traffic/h336.pt,23689a10433eb83c,preserved,2,False,Traffic,16,2638.9123164396733,latentflow-central-all28-five-seed-no-exchange-v2-selector-safe,central,10,latentflow_process_preserving_unfreeze2,5.0,0.001,336,,59.19819084087838,False,,0.0007,0.2989505375325039,2048,1024,LatentFlow,0.46506599329385234,0.02,3175.0,757482,,0.3105369519749525,0.477069174346518,False,2,-0.011586414442448623,-0.012003181052665679,,/work/11617/sujato_ts/vista/motion_code-master/physics_modal_v4/enhancements/results/central/runs/no_multiscale/seed45/Traffic/h336.json,3f2e61d514acc97cb23204844fec66e5b4a4ec7849304310faf96445819727ff,,0.6819574717633442,single,45,"{'inducing_points': 32, 'latent_dim': 16, 'patch_lens': [8, 16, 32], 'representation_weight': 0.001}",8,,True,True,96,False,0,673.1281607906567,extension,no_multiscale,0.0001,4
on,16,9,extension,0.4473605747719529,,/work/11617/sujato_ts/vista/motion_code-master/physics_modal_v4/enhancements/results/central/checkpoints/no_multiscale/seed45/Traffic/h720.pt,b1a2fa7f661aa9c7,preserved,2,False,Traffic,16,2886.0438946383074,latentflow-central-all28-five-seed-no-exchange-v2-selector-safe,central,10,latentflow_process_preserving_unfreeze2,5.0,0.001,720,,66.08568046426991,False,,0.0007,0.31932902992544354,2048,1024,LatentFlow,0.49057563560531914,0.02,2791.0,1145130,,0.329818886743821,0.5078343721429499,False,2,-0.010489856818377441,-0.01725873653763077,,/work/11617/sujato_ts/vista/motion_code-master/physics_modal_v4/enhancements/results/central/runs/no_multiscale/seed45/Traffic/h720.json,2d55f41ed102123063e955d629367eb9fe9183ddc30ff475197d7edcf6baac67,,0.7004110476037048,single,45,"{'inducing_points': 32, 'latent_dim': 16, 'patch_lens': [8, 16, 32], 'representation_weight': 0.001}",8,,True,True,96,False,0,748.3526133302803,extension,no_multiscale,0.0001,4
on,16,9,extension,0.3974164534426436,,/work/11617/sujato_ts/vista/motion_code-master/physics_modal_v4/enhancements/results/central/checkpoints/no_multiscale/seed45/Traffic/h96.pt,42c4fa02d0d26ee7,preserved,2,False,Traffic,16,2523.4387925784104,latentflow-central-all28-five-seed-no-exchange-v2-selector-safe,central,10,latentflow_process_preserving_unfreeze2,5.0,0.001,96,,56.220402357391485,False,,0.0007,0.29997850337040505,2048,1024,LatentFlow,0.4443744130522313,0.02,3415.0,519882,,0.31419207075048955,0.46703256464589654,False,2,-0.014213567380084502,-0.022658151593665243,,/work/11617/sujato_ts/vista/motion_code-master/physics_modal_v4/enhancements/results/central/runs/no_multiscale/seed45/Traffic/h96.json,348f8846c9a3128099ffa982cc2d5ec8a00c95b3d69d22c6ed3153c2d7c54c72,,0.6666141410533017,single,45,"{'inducing_points': 32, 'latent_dim': 16, 'patch_lens': [8, 16, 32], 'representation_weight': 0.001}",8,,True,True,96,False,0,638.8251852411486,extension,no_multiscale,0.0001,4
on,16,6,extension,0.4793775629193064,,/work/11617/sujato_ts/vista/motion_code-master/physics_modal_v4/enhancements/results/central/checkpoints/no_multiscale/seed45/Weather/h192.pt,2285b02c786b97e9,preserved,2,False,Weather,16,546.2644867398776,latentflow-central-all28-five-seed-no-exchange-v2-selector-safe,central,10,latentflow_process_preserving_unfreeze2,5.0,0.001,192,,36.196763903018116,False,,0.0007,0.252118385637828,2048,1024,LatentFlow,0.21068933284372257,0.02,10349.0,613036,,0.2549345266320816,0.2139963819543462,False,2,-0.002816140994253591,-0.0033070491106236277,,/work/11617/sujato_ts/vista/motion_code-master/physics_modal_v4/enhancements/results/central/runs/no_multiscale/seed45/Weather/h192.json,2bd39545a7d267a10df5c2fa2ace0b4f47c4aa00946aa743a57749a99a6b0c74,,0.4590090770820579,single,45,"{'inducing_points': 32, 'latent_dim': 16, 'patch_lens': [8, 16, 32], 'representation_weight': 0.001}",8,,True,True,96,False,0,123.75531284378667,extension,no_multiscale,0.0001,4
on,16,4,extension,0.564035295629177,,/work/11617/sujato_ts/vista/motion_code-master/physics_modal_v4/enhancements/results/central/checkpoints/no_multiscale/seed45/Weather/h336.pt,b0749c0da45c1482,preserved,2,False,Weather,16,618.7652890905738,latentflow-central-all28-five-seed-no-exchange-v2-selector-safe,central,10,latentflow_process_preserving_unfreeze2,5.0,0.001,336,,33.90872060854293,False,,0.0007,0.30037701366262887,2048,1024,LatentFlow,0.27691628129716156,0.02,10205.0,756028,,0.30184247279507,0.2790652649923074,False,2,-0.001465459132441116,-0.002148983695145823,,/work/11617/sujato_ts/vista/motion_code-master/physics_modal_v4/enhancements/results/central/runs/no_multiscale/seed45/Weather/h336.json,9a1655025c0bd760e50e9a4b35fb2e73b473e9406691b58effa762a643b4fb08,,0.526228354706549,single,45,"{'inducing_points': 32, 'latent_dim': 16, 'patch_lens': [8, 16, 32], 'representation_weight': 0.001}",8,,True,True,96,False,0,140.96702024689876,extension,no_multiscale,0.0001,4
on,16,5,extension,0.680703841819965,,/work/11617/sujato_ts/vista/motion_code-master/physics_modal_v4/enhancements/results/central/checkpoints/no_multiscale/seed45/Weather/h720.pt,082118256f44a710,preserved,2,False,Weather,16,600.3981997719966,latentflow-central-all28-five-seed-no-exchange-v2-selector-safe,central,10,latentflow_process_preserving_unfreeze2,5.0,0.001,720,,37.57157596170573,False,,0.0007,0.3470714093229034,2048,1024,LatentFlow,0.3484996042988105,0.02,9821.0,1143676,,0.34712307369329987,0.34889442871396004,False,2,-5.166437039644256e-05,-0.0003948244151495417,,/work/11617/sujato_ts/vista/motion_code-master/physics_modal_v4/enhancements/results/central/runs/no_multiscale/seed45/Weather/h720.json,1390e9b8f353313bc2e25899067a57764feca8f4ef82cdbcca4ccf931615e92d,,0.5903385505782343,single,45,"{'inducing_points': 32, 'latent_dim': 16, 'patch_lens': [8, 16, 32], 'representation_weight': 0.001}",8,,True,True,96,False,0,136.74442328210716,extension,no_multiscale,0.0001,4
on,16,3,extension,0.4296880917889731,,/work/11617/sujato_ts/vista/motion_code-master/physics_modal_v4/enhancements/results/central/checkpoints/no_multiscale/seed45/Weather/h96.pt,be96b08e6816559e,preserved,2,False,Weather,16,560.183028742671,latentflow-central-all28-five-seed-no-exchange-v2-selector-safe,central,10,latentflow_process_preserving_unfreeze2,5.0,0.001,96,,36.43501561761658,False,,0.0007,0.2116458408097423,2048,1024,LatentFlow,0.1650254286275668,0.02,10445.0,518428,,0.21461777775369892,0.16804799395235734,False,2,-0.0029719369439566157,-0.0030225653247905326,,/work/11617/sujato_ts/vista/motion_code-master/physics_modal_v4/enhancements/results/central/runs/no_multiscale/seed45/Weather/h96.json,82b536c35e544fcbc79d519017e6a531b692d6d26a3da53cd9b6bcb66fd4cb6e,,0.4062332195027467,single,45,"{'inducing_points': 32, 'latent_dim': 16, 'patch_lens': [8, 16, 32], 'representation_weight': 0.001}",8,,True,True,96,False,0,127.46239079315274,extension,no_multiscale,0.0001,4
on,16,1,extension,1.01983744792995,,/work/11617/sujato_ts/vista/motion_code-master/physics_modal_v4/enhancements/results/central/checkpoints/no_multiscale/seed46/ETTh1/h192.pt,4c4c6917812b2779,preserved,2,False,ETTh1,16,358.5388676095754,latentflow-central-all28-five-seed-no-exchange-v2-selector-safe,central,10,latentflow_process_preserving_unfreeze2,5.0,0.001,192,,21.21986294845621,False,,0.0007,0.4350107970841748,2048,1024,LatentFlow,0.44901524550365596,0.02,2689.0,637634,,0.43854992643301366,0.45739706774042843,False,2,-0.0035391293488388764,-0.008381822236772474,,/work/11617/sujato_ts/vista/motion_code-master/physics_modal_v4/enhancements/results/central/runs/no_multiscale/seed46/ETTh1/h192.json,9b842efaa5a6475d2167e8ee293ac94245fa63fc68a7a2a3b6931e47a3df3b22,,0.6700859985879842,single,46,"{'inducing_points': 32, 'latent_dim': 16, 'patch_lens': [16, 32, 48], 'representation_weight': 0.05}",32,,True,True,96,False,0,76.60559908836149,extension,no_multiscale,0.0001,4
on,16,0,reference,1.2848561539941905,,/work/11617/sujato_ts/vista/motion_code-master/physics_modal_v4/enhancements/results/central/checkpoints/no_multiscale/seed46/ETTh1/h336.pt,3329929422e3328f,preserved,2,False,ETTh1,16,393.4921139795333,latentflow-central-all28-five-seed-no-exchange-v2-selector-safe,central,10,latentflow_process_preserving_unfreeze2,5.0,0.001,336,,4.501273867355872,True,,0.0007,0.4524362171441725,2048,1024,LatentFlow,0.4887624231459356,0.02,2545.0,806468,,0.4524362171441725,0.4887624231459356,False,2,0.0,0.0,,/work/11617/sujato_ts/vista/motion_code-master/physics_modal_v4/enhancements/results/central/runs/no_multiscale/seed46/ETTh1/h336.json,5d48619a1ee1ddba7a1fe4aeaf475ff5f97cf357b7b51cc08fff2418d3f5c0b0,,0.6991154576648521,single,46,"{'inducing_points': 32, 'latent_dim': 16, 'patch_lens': [16, 32, 48], 'representation_weight': 0.05}",48,,True,True,96,False,0,83.76292119646678,reference,no_multiscale,0.0001,4
on,16,1,extension,1.5547226799858942,,/work/11617/sujato_ts/vista/motion_code-master/physics_modal_v4/enhancements/results/central/checkpoints/no_multiscale/seed46/ETTh1/h720.pt,9be5780cda164187,preserved,2,False,ETTh1,16,365.1746580041945,latentflow-central-all28-five-seed-no-exchange-v2-selector-safe,central,10,latentflow_process_preserving_unfreeze2,5.0,0.001,720,,21.70707812921992,False,,0.0007,0.47912075896515405,2048,1024,LatentFlow,0.4951544934869006,0.02,2161.0,1180516,,0.4791368740611893,0.4951765865251031,False,2,-1.6115096035274057e-05,-2.2093038202497528e-05,,/work/11617/sujato_ts/vista/motion_code-master/physics_modal_v4/enhancements/results/central/runs/no_multiscale/seed46/ETTh1/h720.json,b153cbce6d328ddc1cd6bd2472253fd3526d01f8ee056d284d5d3be5f95b5ba8,,0.7036721491482384,single,46,"{'inducing_points': 32, 'latent_dim': 16, 'patch_lens': [16, 32, 48], 'representation_weight': 0.05}",48,,True,True,96,False,0,77.54668897905503,extension,no_multiscale,0.0001,4
on,16,0,reference,0.76412261046824,,/work/11617/sujato_ts/vista/motion_code-master/physics_modal_v4/enhancements/results/central/checkpoints/no_multiscale/seed46/ETTh1/h96.pt,e8611c35c52f0fc4,preserved,2,False,ETTh1,16,372.813265691977,latentflow-central-all28-five-seed-no-exchange-v2-selector-safe,central,10,latentflow_process_preserving_unfreeze2,5.0,0.001,96,,4.6580486494854005,True,,0.0007,0.4034087376196262,2048,1024,LatentFlow,0.39847029648225024,0.02,2785.0,572818,,0.4034087376196262,0.39847029648225024,False,2,0.0,0.0,,/work/11617/sujato_ts/vista/motion_code-master/physics_modal_v4/enhancements/results/central/runs/no_multiscale/seed46/ETTh1/h96.json,56a1e30975fa3b17f68f7a2af439378ff5f04b794e3a078628f6032cecab06d8,,0.6312450367981124,single,46,"{'inducing_points': 32, 'latent_dim': 16, 'patch_lens': [16, 32, 48], 'representation_weight': 0.05}",48,,True,True,96,False,0,78.9418935759386,reference,no_multiscale,0.0001,4
on,16,0,reference,0.2659481506617296,,/work/11617/sujato_ts/vista/motion_code-master/physics_modal_v4/enhancements/results/central/checkpoints/no_multiscale/seed46/ETTh2/h192.pt,94c3fef3e5d86449,preserved,2,False,ETTh2,16,368.1751700527966,latentflow-central-all28-five-seed-no-exchange-v2-selector-safe,central,10,latentflow_process_preserving_unfreeze2,5.0,0.001,192,,4.591633939368283,True,,0.0007,0.39604263994375366,2048,1024,LatentFlow,0.3842458380619934,0.02,2689.0,627866,,0.39604263994375366,0.3842458380619934,False,2,0.0,0.0,,/work/11617/sujato_ts/vista/motion_code-master/physics_modal_v4/enhancements/results/central/runs/no_multiscale/seed46/ETTh2/h192.json,6441b66daa20d6786601fa319224bf5d0f2f4a247a52fc0006950592582490cc,,0.6198756633890328,single,46,"{'inducing_points': 32, 'latent_dim': 8, 'patch_lens': [16, 32, 48], 'representation_weight': 0.001}",32,,True,True,96,False,0,77.73036250582663,reference,no_multiscale,0.0001,4
on,16,1,extension,0.3462678207223918,,/work/11617/sujato_ts/vista/motion_code-master/physics_modal_v4/enhancements/results/central/checkpoints/no_multiscale/seed46/ETTh2/h336.pt,1dfa14b48344d5c4,preserved,2,False,ETTh2,16,378.28316560806707,latentflow-central-all28-five-seed-no-exchange-v2-selector-safe,central,10,latentflow_process_preserving_unfreeze2,5.0,0.001,336,,21.477076676644714,False,,0.0007,0.43031504656164327,2048,1024,LatentFlow,0.42400570868897736,0.02,2545.0,786460,,0.4303333779911346,0.4240143938588298,False,2,-1.8331429491313944e-05,-8.685169852418184e-06,,/work/11617/sujato_ts/vista/motion_code-master/physics_modal_v4/enhancements/results/central/runs/no_multiscale/seed46/ETTh2/h336.json,2a11257f7ba29429dc399f1532202b92acc4b839230dfdc862bf970285616a64,,0.6511572073539365,single,46,"{'inducing_points': 32, 'latent_dim': 8, 'patch_lens': [16, 32, 48], 'representation_weight': 0.001}",48,,True,True,96,False,0,80.30870015627443,extension,no_multiscale,0.0001,4
on,16,0,reference,0.602415298658704,,/work/11617/sujato_ts/vista/motion_code-master/physics_modal_v4/enhancements/results/central/checkpoints/no_multiscale/seed46/ETTh2/h720.pt,b0d8ac823d5dc27a,preserved,2,False,ETTh2,16,354.3010603673756,latentflow-central-all28-five-seed-no-exchange-v2-selector-safe,central,10,latentflow_process_preserving_unfreeze2,5.0,0.001,720,,4.635721476793762,True,,0.0007,0.45567250270858495,2048,1024,LatentFlow,0.44386505994221437,0.02,2161.0,1131892,,0.45567250270858495,0.44386505994221437,False,2,0.0,0.0,,/work/11617/sujato_ts/vista/motion_code-master/physics_modal_v4/enhancements/results/central/runs/no_multiscale/seed46/ETTh2/h720.json,c426f12d50a21d802a68efe145aeaeda59cd4626cb8615e2967964d64aa92dea,,0.6662319865799108,single,46,"{'inducing_points': 32, 'latent_dim': 8, 'patch_lens': [16, 32, 48], 'representation_weight': 0.001}",16,,True,True,96,False,0,74.4364312995458,reference,no_multiscale,0.0001,4
on,16,1,extension,0.21331071126319112,,/work/11617/sujato_ts/vista/motion_code-master/physics_modal_v4/enhancements/results/central/checkpoints/no_multiscale/seed46/ETTh2/h96.pt,99c6e3215da33402,preserved,2,False,ETTh2,16,364.5411223140545,latentflow-central-all28-five-seed-no-exchange-v2-selector-safe,central,10,latentflow_process_preserving_unfreeze2,5.0,0.001,96,,21.196780920114822,False,,0.0007,0.34092592896687085,2048,1024,LatentFlow,0.29555953443993094,0.02,2785.0,552810,,0.34098832909955096,0.2956794424057822,False,2,-6.240013268010713e-05,-0.00011990796585126251,,/work/11617/sujato_ts/vista/motion_code-master/physics_modal_v4/enhancements/results/central/runs/no_multiscale/seed46/ETTh2/h96.json,484de143df0315ec4b5476bd834f51ad4cf25f20bcb7596c072dd2d066d1b34f,,0.543653873746827,single,46,"{'inducing_points': 32, 'latent_dim': 8, 'patch_lens': [16, 32, 48], 'representation_weight': 0.001}",48,,True,True,96,False,0,77.82422457894427,extension,no_multiscale,0.0001,4
on,16,2,extension,0.5136096200772694,,/work/11617/sujato_ts/vista/motion_code-master/physics_modal_v4/enhancements/results/central/checkpoints/no_multiscale/seed46/ETTm1/h192.pt,2b143bd173208ae5,preserved,2,False,ETTm1,16,368.8054412920028,latentflow-central-all28-five-seed-no-exchange-v2-selector-safe,central,10,latentflow_process_preserving_unfreeze2,5.0,0.001,192,,21.213856326150044,False,,0.0007,0.39989913677563854,2048,1024,LatentFlow,0.38585038831681545,0.02,11329.0,620266,,0.39817918962356996,0.3828756826240967,False,2,0.0017199471520685794,0.0029747056927187376,,/work/11617/sujato_ts/vista/motion_code-master/physics_modal_v4/enhancements/results/central/runs/no_multiscale/seed46/ETTm1/h192.json,32d9dc16b8ed1439e3ed39aa7413ad97b3a237eef78ce9c85481da848820971f,,0.6211685667488459,single,46,"{'inducing_points': 32, 'latent_dim': 8, 'patch_lens': [8, 24, 48], 'representation_weight': 0.01}",24,,True,True,96,False,0,77.30278155086125,extension,no_multiscale,0.0001,4
on,16,0,reference,0.657015960435478,,/work/11617/sujato_ts/vista/motion_code-master/physics_modal_v4/enhancements/results/central/checkpoints/no_multiscale/seed46/ETTm1/h336.pt,0aad212a1b184a50,preserved,2,False,ETTm1,16,351.1717548100278,latentflow-central-all28-five-seed-no-exchange-v2-selector-safe,central,10,latentflow_process_preserving_unfreeze2,5.0,0.001,336,,4.182649635406942,True,,0.0007,0.4247059503152836,2048,1024,LatentFlow,0.4360933891613011,0.02,11185.0,760714,,0.4247059503152836,0.4360933891613011,False,2,0.0,0.0,,/work/11617/sujato_ts/vista/motion_code-master/physics_modal_v4/enhancements/results/central/runs/no_multiscale/seed46/ETTm1/h336.json,2c0f406142a0dffc750433e963761149ee0632c5017aa18601c33e2a971c8e87,,0.6603736738857032,single,46,"{'inducing_points': 32, 'latent_dim': 8, 'patch_lens': [8, 24, 48], 'representation_weight': 0.01}",24,,True,True,96,False,0,73.8904657094281,reference,no_multiscale,0.0001,4
on,16,2,extension,0.9934188634630233,,/work/11617/sujato_ts/vista/motion_code-master/physics_modal_v4/enhancements/results/central/checkpoints/no_multiscale/seed46/ETTm1/h720.pt,a5f73c2784629659,preserved,2,False,ETTm1,16,370.5637011756189,latentflow-central-all28-five-seed-no-exchange-v2-selector-safe,central,10,latentflow_process_preserving_unfreeze2,5.0,0.001,720,,21.623997371477966,False,,0.0007,0.4604854230868558,2048,1024,LatentFlow,0.4972288975082499,0.02,10801.0,1135946,,0.457316635134325,0.4879019361604479,False,2,0.0031687879525307827,0.009326961347801976,,/work/11617/sujato_ts/vista/motion_code-master/physics_modal_v4/enhancements/results/central/runs/no_multiscale/seed46/ETTm1/h720.json,fcf73f3051052ff0bfbd8a6021b5e329f48939b31e6f08eb228acb6a72bc8dcc,,0.7051445933340551,single,46,"{'inducing_points': 32, 'latent_dim': 8, 'patch_lens': [8, 24, 48], 'representation_weight': 0.01}",24,,True,True,96,False,0,77.75500084389932,extension,no_multiscale,0.0001,4
on,16,2,extension,0.39100717114550726,,/work/11617/sujato_ts/vista/motion_code-master/physics_modal_v4/enhancements/results/central/checkpoints/no_multiscale/seed46/ETTm1/h96.pt,0223928a595af579,preserved,2,False,ETTm1,16,394.046846576035,latentflow-central-all28-five-seed-no-exchange-v2-selector-safe,central,10,latentflow_process_preserving_unfreeze2,5.0,0.001,96,,21.83941698425448,False,,0.0007,0.37738922090720195,2048,1024,LatentFlow,0.3416658137556885,0.02,11425.0,526714,,0.3753595383852686,0.34063780245711883,False,2,0.0020296825219333625,0.0010280112985696643,,/work/11617/sujato_ts/vista/motion_code-master/physics_modal_v4/enhancements/results/central/runs/no_multiscale/seed46/ETTm1/h96.json,4d8ddebe0c84bd25246bb4665dc33b058fbbf385e7ac7be75e7855e04e82cb1f,,0.5845218676454188,single,46,"{'inducing_points': 32, 'latent_dim': 8, 'patch_lens': [8, 24, 48], 'representation_weight': 0.01}",24,,True,True,96,False,0,82.73166614380898,extension,no_multiscale,0.0001,4
on,16,4,extension,0.16785639630896704,,/work/11617/sujato_ts/vista/motion_code-master/physics_modal_v4/enhancements/results/central/checkpoints/no_multiscale/seed46/ETTm2/h192.pt,7a222f1f0646ef05,preserved,2,False,ETTm2,16,369.37967037782073,latentflow-central-all28-five-seed-no-exchange-v2-selector-safe,central,10,latentflow_process_preserving_unfreeze2,5.0,0.001,192,,18.752524143156016,False,,0.0007,0.30123062961638447,2048,1024,LatentFlow,0.23995874413497587,0.02,11329.0,609514,,0.30135492061923186,0.24093971959191965,False,2,-0.0001242910028473876,-0.0009809754569437834,,/work/11617/sujato_ts/vista/motion_code-master/physics_modal_v4/enhancements/results/central/runs/no_multiscale/seed46/ETTm2/h192.json,4f5be18c9d33ad738e8087f9eae1a267a729445f7918ac24ef25cbe4e93bef11,,0.48985584015603595,single,46,"{'inducing_points': 16, 'latent_dim': 8, 'patch_lens': [8, 16, 32], 'representation_weight': 0.001}",8,,True,True,96,False,0,77.3860457669798,extension,no_multiscale,0.0001,4
on,16,1,extension,0.216383230017156,,/work/11617/sujato_ts/vista/motion_code-master/physics_modal_v4/enhancements/results/central/checkpoints/no_multiscale/seed46/ETTm2/h336.pt,e29d0ce258aa1faa,preserved,2,False,ETTm2,16,399.3965789289214,latentflow-central-all28-five-seed-no-exchange-v2-selector-safe,central,10,latentflow_process_preserving_unfreeze2,5.0,0.001,336,,20.294393800708725,False,,0.0007,0.3435832670566065,2048,1024,LatentFlow,0.30505518445058305,0.02,11185.0,752506,,0.34368734552280533,0.3052665507927666,False,2,-0.00010407846619880923,-0.00021136634218354988,,/work/11617/sujato_ts/vista/motion_code-master/physics_modal_v4/enhancements/results/central/runs/no_multiscale/seed46/ETTm2/h336.json,4d4358e38421c9d9a0a6535851d63cda01d90ac26a942a1d1d5ab07378198203,,0.552318010253679,single,46,"{'inducing_points': 16, 'latent_dim': 8, 'patch_lens': [8, 16, 32], 'representation_weight': 0.001}",8,,True,True,96,False,0,83.64096187833638,extension,no_multiscale,0.0001,4
on,16,0,reference,0.2986603441692534,,/work/11617/sujato_ts/vista/motion_code-master/physics_modal_v4/enhancements/results/central/checkpoints/no_multiscale/seed46/ETTm2/h720.pt,40a09cb8ab6f6c44,preserved,2,False,ETTm2,16,386.148457438685,latentflow-central-all28-five-seed-no-exchange-v2-selector-safe,central,10,latentflow_process_preserving_unfreeze2,5.0,0.001,720,,4.429723624760445,True,,0.0007,0.4021762732780526,2048,1024,LatentFlow,0.41065318752829816,0.02,10801.0,1142702,,0.4021762732780526,0.41065318752829816,False,2,0.0,0.0,,/work/11617/sujato_ts/vista/motion_code-master/physics_modal_v4/enhancements/results/central/runs/no_multiscale/seed46/ETTm2/h720.json,4fd60fd9f888cdfa1d93d3ed08b56a2d9c3e3d090f2a33fac89c03d6708670cd,,0.6408222745257051,single,46,"{'inducing_points': 16, 'latent_dim': 8, 'patch_lens': [8, 16, 32], 'representation_weight': 0.001}",32,,True,True,96,False,0,81.69373263917805,reference,no_multiscale,0.0001,4
on,16,2,extension,0.12707640957974253,,/work/11617/sujato_ts/vista/motion_code-master/physics_modal_v4/enhancements/results/central/checkpoints/no_multiscale/seed46/ETTm2/h96.pt,6dbb1a435910253f,preserved,2,False,ETTm2,16,365.1122376109706,latentflow-central-all28-five-seed-no-exchange-v2-selector-safe,central,10,latentflow_process_preserving_unfreeze2,5.0,0.001,96,,20.842675285526195,False,,0.0007,0.25830956652522946,2048,1024,LatentFlow,0.17533809598465816,0.02,11425.0,520074,,0.2589707772260012,0.17600144416600003,False,2,-0.0006612107007717416,-0.0006633481813418662,,/work/11617/sujato_ts/vista/motion_code-master/physics_modal_v4/enhancements/results/central/runs/no_multiscale/seed46/ETTm2/h96.json,a127707a649585cb860984ac5acc4232ca33af87dbfe601ad53af87404ad822e,,0.4187339202699707,single,46,"{'inducing_points': 16, 'latent_dim': 8, 'patch_lens': [8, 16, 32], 'representation_weight': 0.001}",16,,True,True,96,False,0,76.9386741976632,extension,no_multiscale,0.0001,4
on,16,9,extension,0.14664370629274956,,/work/11617/sujato_ts/vista/motion_code-master/physics_modal_v4/enhancements/results/central/checkpoints/no_multiscale/seed46/Electricity/h192.pt,7be6200a047d9dd9,preserved,2,False,Electricity,16,1514.1852885261178,latentflow-central-all28-five-seed-no-exchange-v2-selector-safe,central,10,latentflow_process_preserving_unfreeze2,5.0,0.001,192,,26.244260931290437,False,,0.0007,0.26264286254575125,2048,1024,LatentFlow,0.17067750942917162,0.02,5071.0,612867,,0.26548809382801425,0.17531786529211596,False,2,-0.0028452312822629944,-0.00464035586294434,,/work/11617/sujato_ts/vista/motion_code-master/physics_modal_v4/enhancements/results/central/runs/no_multiscale/seed46/Electricity/h192.json,28ebfb967589333aac359092a481a88dbc3b82a10dc4b957cf78e91e3038365a,,0.41313134646159644,single,46,"{'inducing_points': 32, 'latent_dim': 16, 'patch_lens': [8, 16, 32], 'representation_weight': 0.001}",8,,True,True,96,False,0,361.2038520135684,extension,no_multiscale,0.0001,4
on,16,10,extension,0.16315435418883165,,/work/11617/sujato_ts/vista/motion_code-master/physics_modal_v4/enhancements/results/central/checkpoints/no_multiscale/seed46/Electricity/h336.pt,a75f0ace4db4186d,preserved,2,False,Electricity,16,1512.236122403061,latentflow-central-all28-five-seed-no-exchange-v2-selector-safe,central,10,latentflow_process_preserving_unfreeze2,5.0,0.001,336,,24.609530964824636,False,,0.0007,0.2792228566154408,2048,1024,LatentFlow,0.18711480477679956,0.02,4927.0,755859,,0.282803829401511,0.19303678870653124,False,2,-0.0035809727860702245,-0.005921983929731672,,/work/11617/sujato_ts/vista/motion_code-master/physics_modal_v4/enhancements/results/central/runs/no_multiscale/seed46/Electricity/h336.json,4dc8672cb380c5c8b2f8d036395cfe5d8f5692f816758fc85f53a30139bb5fbd,,0.43256768808684676,single,46,"{'inducing_points': 32, 'latent_dim': 16, 'patch_lens': [8, 16, 32], 'representation_weight': 0.001}",8,,True,True,96,False,0,360.1212199890142,extension,no_multiscale,0.0001,4
on,16,8,extension,0.19813030991598823,,/work/11617/sujato_ts/vista/motion_code-master/physics_modal_v4/enhancements/results/central/checkpoints/no_multiscale/seed46/Electricity/h720.pt,664b9ee2873816a2,preserved,2,False,Electricity,16,1535.696165094152,latentflow-central-all28-five-seed-no-exchange-v2-selector-safe,central,10,latentflow_process_preserving_unfreeze2,5.0,0.001,720,,28.72138386123117,False,,0.0007,0.3142430312550501,2048,1024,LatentFlow,0.22659783286289975,0.02,4543.0,1143507,,0.323258856016348,0.24273197040236533,False,2,-0.00901582476129792,-0.016134137539465576,,/work/11617/sujato_ts/vista/motion_code-master/physics_modal_v4/enhancements/results/central/runs/no_multiscale/seed46/Electricity/h720.json,a00bca9b3688d27a2ef70172cd635947cac4d477233215169c32cc38bca0c554,,0.47602293312707084,single,46,"{'inducing_points': 32, 'latent_dim': 16, 'patch_lens': [8, 16, 32], 'representation_weight': 0.001}",8,,True,True,96,False,0,364.3670001983992,extension,no_multiscale,0.0001,4
on,16,10,extension,0.1360938665403879,,/work/11617/sujato_ts/vista/motion_code-master/physics_modal_v4/enhancements/results/central/checkpoints/no_multiscale/seed46/Electricity/h96.pt,f9a8da3a65aec2bb,preserved,2,False,Electricity,16,1475.19198963698,latentflow-central-all28-five-seed-no-exchange-v2-selector-safe,central,10,latentflow_process_preserving_unfreeze2,5.0,0.001,96,,23.539488186496634,False,,0.0007,0.2527429361289111,2048,1024,LatentFlow,0.15872584960561267,0.02,5167.0,518259,,0.2557704354333875,0.1638989522615986,False,2,-0.003027499304476433,-0.005173102655985917,,/work/11617/sujato_ts/vista/motion_code-master/physics_modal_v4/enhancements/results/central/runs/no_multiscale/seed46/Electricity/h96.json,6fbed6860fa43a6ccee8f5989d51a6db59e69c44199367e43724f33562b9cffe,,0.398404128499709,single,46,"{'inducing_points': 32, 'latent_dim': 16, 'patch_lens': [8, 16, 32], 'representation_weight': 0.001}",8,,True,True,96,False,0,352.2452662647993,extension,no_multiscale,0.0001,4
on,16,7,extension,0.3851264032945095,,/work/11617/sujato_ts/vista/motion_code-master/physics_modal_v4/enhancements/results/central/checkpoints/no_multiscale/seed46/Traffic/h192.pt,a49664da86dab278,preserved,2,False,Traffic,16,2500.175512804184,latentflow-central-all28-five-seed-no-exchange-v2-selector-safe,central,10,latentflow_process_preserving_unfreeze2,5.0,0.001,192,,57.37200708877619,False,,0.0007,0.2998785277925412,2048,1024,LatentFlow,0.4512147578355053,0.02,3319.0,614490,,0.30814544685009154,0.4609458587304342,False,2,-0.008266919057550337,-0.009731100894928901,,/work/11617/sujato_ts/vista/motion_code-master/physics_modal_v4/enhancements/results/central/runs/no_multiscale/seed46/Traffic/h192.json,797f27b7f22847f29a89924da595293d24fd1cd298aff0e82295c98c277ab4d9,,0.6717252100639853,single,46,"{'inducing_points': 32, 'latent_dim': 16, 'patch_lens': [8, 16, 32], 'representation_weight': 0.001}",8,,True,True,96,False,0,637.1540709616966,extension,no_multiscale,0.0001,4
on,16,9,extension,0.39753599285934527,,/work/11617/sujato_ts/vista/motion_code-master/physics_modal_v4/enhancements/results/central/checkpoints/no_multiscale/seed46/Traffic/h336.pt,d621d932234d13e5,preserved,2,False,Traffic,16,2592.370468036039,latentflow-central-all28-five-seed-no-exchange-v2-selector-safe,central,10,latentflow_process_preserving_unfreeze2,5.0,0.001,336,,59.37231148797736,False,,0.0007,0.3025775459662851,2048,1024,LatentFlow,0.4613439569623294,0.02,3175.0,757482,,0.31365443904733414,0.4728250805515791,False,2,-0.011076893081049033,-0.011481123589249742,,/work/11617/sujato_ts/vista/motion_code-master/physics_modal_v4/enhancements/results/central/runs/no_multiscale/seed46/Traffic/h336.json,d679ec18b16205bd4f6984427ef95abd0c97e74a54b206105e37b93c54b69985,,0.6792230539096339,single,46,"{'inducing_points': 32, 'latent_dim': 16, 'patch_lens': [8, 16, 32], 'representation_weight': 0.001}",8,,True,True,96,False,0,661.6809836109496,extension,no_multiscale,0.0001,4
on,16,8,extension,0.44413401521828777,,/work/11617/sujato_ts/vista/motion_code-master/physics_modal_v4/enhancements/results/central/checkpoints/no_multiscale/seed46/Traffic/h720.pt,a4bd2c6a09bd26e3,preserved,2,False,Traffic,16,2837.441248725634,latentflow-central-all28-five-seed-no-exchange-v2-selector-safe,central,10,latentflow_process_preserving_unfreeze2,5.0,0.001,720,,65.3747846452712,False,,0.0007,0.3171378497343365,2048,1024,LatentFlow,0.49322786853891026,0.02,2791.0,1145130,,0.3259506607957376,0.5007343559015236,False,2,-0.008812811061401082,-0.007506487362613334,,/work/11617/sujato_ts/vista/motion_code-master/physics_modal_v4/enhancements/results/central/runs/no_multiscale/seed46/Traffic/h720.json,aff574a3743b20e367ba4504817c0a94ce124788862764d41eaad875db7b1293,,0.702301835779254,single,46,"{'inducing_points': 32, 'latent_dim': 16, 'patch_lens': [8, 16, 32], 'representation_weight': 0.001}",8,,True,True,96,False,0,735.8771867195173,extension,no_multiscale,0.0001,4
on,16,9,extension,0.39487038374131533,,/work/11617/sujato_ts/vista/motion_code-master/physics_modal_v4/enhancements/results/central/checkpoints/no_multiscale/seed46/Traffic/h96.pt,0ff2a52b67d99669,preserved,2,False,Traffic,16,2514.9972590561956,latentflow-central-all28-five-seed-no-exchange-v2-selector-safe,central,10,latentflow_process_preserving_unfreeze2,5.0,0.001,96,,57.702455363573044,False,,0.0007,0.2952567600462599,2048,1024,LatentFlow,0.43933438505779127,0.02,3415.0,519882,,0.30883746549605007,0.4541730044828595,False,2,-0.013580705449790176,-0.014838619425068256,,/work/11617/sujato_ts/vista/motion_code-master/physics_modal_v4/enhancements/results/central/runs/no_multiscale/seed46/Traffic/h96.json,d0aefa6b3a16e9fbfcb41d62433aa3655af864a895b035f7fa4655743a4e8544,,0.6628230420389678,single,46,"{'inducing_points': 32, 'latent_dim': 16, 'patch_lens': [8, 16, 32], 'representation_weight': 0.001}",8,,True,True,96,False,0,638.670303253457,extension,no_multiscale,0.0001,4
on,16,6,extension,0.48400572155203136,,/work/11617/sujato_ts/vista/motion_code-master/physics_modal_v4/enhancements/results/central/checkpoints/no_multiscale/seed46/Weather/h192.pt,13aa74375d8ffc08,preserved,2,False,Weather,16,594.3786611836404,latentflow-central-all28-five-seed-no-exchange-v2-selector-safe,central,10,latentflow_process_preserving_unfreeze2,5.0,0.001,192,,32.740350229333536,False,,0.0007,0.25580435419665465,2048,1024,LatentFlow,0.21534340354565654,0.02,10349.0,618852,,0.25883229396871155,0.21962445077730144,False,2,-0.003027939772056898,-0.004281047231644908,,/work/11617/sujato_ts/vista/motion_code-master/physics_modal_v4/enhancements/results/central/runs/no_multiscale/seed46/Weather/h192.json,ac6042c406ee80213a4249dc965d08a9a515abc4eee3d33508c9eab3df4bae2f,,0.46405107859551037,single,46,"{'inducing_points': 32, 'latent_dim': 16, 'patch_lens': [8, 16, 32], 'representation_weight': 0.001}",16,,True,True,96,False,0,135.38339555816492,extension,no_multiscale,0.0001,4
on,16,6,extension,0.5627885264874586,,/work/11617/sujato_ts/vista/motion_code-master/physics_modal_v4/enhancements/results/central/checkpoints/no_multiscale/seed46/Weather/h336.pt,dd97d68a0218c094,preserved,2,False,Weather,16,602.86528100539,latentflow-central-all28-five-seed-no-exchange-v2-selector-safe,central,10,latentflow_process_preserving_unfreeze2,5.0,0.001,336,,33.883394679324056,False,,0.0007,0.2964454532506788,2048,1024,LatentFlow,0.27166388072219766,0.02,10205.0,756028,,0.3006325230561064,0.2766319208625824,False,2,-0.004187069805427601,-0.004968040140384766,,/work/11617/sujato_ts/vista/motion_code-master/physics_modal_v4/enhancements/results/central/runs/no_multiscale/seed46/Weather/h336.json,e4f37f11518fb3f6753968812ff5ceb5ea3cd4ea0cb8754b13180fb98a31633f,,0.5212138531564541,single,46,"{'inducing_points': 32, 'latent_dim': 16, 'patch_lens': [8, 16, 32], 'representation_weight': 0.001}",8,,True,True,96,False,0,137.65291012387024,extension,no_multiscale,0.0001,4
on,16,6,extension,0.6817138560865291,,/work/11617/sujato_ts/vista/motion_code-master/physics_modal_v4/enhancements/results/central/checkpoints/no_multiscale/seed46/Weather/h720.pt,71ed2587199bd7d7,preserved,2,False,Weather,16,567.7151067201048,latentflow-central-all28-five-seed-no-exchange-v2-selector-safe,central,10,latentflow_process_preserving_unfreeze2,5.0,0.001,720,,36.83810607907575,False,,0.0007,0.34967227702406645,2048,1024,LatentFlow,0.3513754684668858,0.02,9821.0,1143676,,0.35058005832405176,0.35235665427469076,False,2,-0.0009077812999853108,-0.000981185807804985,,/work/11617/sujato_ts/vista/motion_code-master/physics_modal_v4/enhancements/results/central/runs/no_multiscale/seed46/Weather/h720.json,8d9e687704d9ca9410f1fd69bcf51ab1a6190245d46e008af885cc669fdf9346,,0.5927693214623087,single,46,"{'inducing_points': 32, 'latent_dim': 16, 'patch_lens': [8, 16, 32], 'representation_weight': 0.001}",8,,True,True,96,False,0,128.9020123458613,extension,no_multiscale,0.0001,4
on,16,7,extension,0.42794383802111186,,/work/11617/sujato_ts/vista/motion_code-master/physics_modal_v4/enhancements/results/central/checkpoints/no_multiscale/seed46/Weather/h96.pt,fda8654adb4416e9,preserved,2,False,Weather,16,522.4266583791468,latentflow-central-all28-five-seed-no-exchange-v2-selector-safe,central,10,latentflow_process_preserving_unfreeze2,5.0,0.001,96,,32.1621246401295,False,,0.0007,0.21134149984623668,2048,1024,LatentFlow,0.16500633597311462,0.02,10445.0,518428,,0.2176463277882671,0.16978872033063788,False,2,-0.006304827942030411,-0.004782384357523262,,/work/11617/sujato_ts/vista/motion_code-master/physics_modal_v4/enhancements/results/central/runs/no_multiscale/seed46/Weather/h96.json,79690b691b249fe0f54c17af3a97e3817a5e6a448a2a384fcd4942c1fc735da9,,0.4062097192007038,single,46,"{'inducing_points': 32, 'latent_dim': 16, 'patch_lens': [8, 16, 32], 'representation_weight': 0.001}",8,,True,True,96,False,0,118.84000419759104,extension,no_multiscale,0.0001,4
on,16,2,extension,1.0174125855167706,,/work/11617/sujato_ts/vista/motion_code-master/physics_modal_v4/enhancements/results/central/checkpoints/x_to_z/seed42/ETTh1/h192.pt,fbcb9569338b7d7f,preserved,2,False,ETTh1,16,88.38268459495157,latentflow-central-all28-five-seed-no-exchange-v2-selector-safe,central,10,latentflow_process_preserving_unfreeze2,5.0,0.001,192,,27.39154767456972,False,,0.0007,0.43766237726822743,2048,1024,LatentFlow,0.44569641600276816,0.02,2689.0,1535526,,0.4359484592005332,0.4454155189162745,False,2,0.00171391806769422,0.00028089708649364775,,/work/11617/sujato_ts/vista/motion_code-master/physics_modal_v4/enhancements/results/central/runs/x_to_z/seed42/ETTh1/h192.json,d985314eef20764f75cbbc678bd5c446dddbf893e7feb2d5521cbce97404f78e,,0.6676049850044322,multiscale,42,"{'inducing_points': 32, 'latent_dim': 16, 'patch_lens': [16, 32, 48], 'representation_weight': 0.05}",16-32-48,,True,True,96,True,0,61.79264948259515,extension,x_to_z,0.0001,4
on,16,0,reference,1.2844313245241334,,/work/11617/sujato_ts/vista/motion_code-master/physics_modal_v4/enhancements/results/central/checkpoints/x_to_z/seed42/ETTh1/h336.pt,33839b861a930e31,preserved,2,False,ETTh1,16,87.48939982196316,latentflow-central-all28-five-seed-no-exchange-v2-selector-safe,central,10,latentflow_process_preserving_unfreeze2,5.0,0.001,336,,8.407099229207002,True,,0.0007,0.45415585197978037,2048,1024,LatentFlow,0.4817180077371921,0.02,2545.0,1676686,,0.45415585197978037,0.4817180077371921,False,2,0.0,0.0,,/work/11617/sujato_ts/vista/motion_code-master/physics_modal_v4/enhancements/results/central/runs/x_to_z/seed42/ETTh1/h336.json,403fc781ce3bc0e091fb40f23ce33981ef5408aa36dbb419552c41ad5da58cda,,0.6940590808693393,multiscale,42,"{'inducing_points': 32, 'latent_dim': 16, 'patch_lens': [16, 32, 48], 'representation_weight': 0.05}",16-32-48,,True,True,96,True,0,61.33494546484144,reference,x_to_z,0.0001,4
on,16,1,extension,1.5585196941617936,,/work/11617/sujato_ts/vista/motion_code-master/physics_modal_v4/enhancements/results/central/checkpoints/x_to_z/seed42/ETTh1/h720.pt,b1d266b2e43a58a0,preserved,2,False,ETTh1,16,86.38457838213071,latentflow-central-all28-five-seed-no-exchange-v2-selector-safe,central,10,latentflow_process_preserving_unfreeze2,5.0,0.001,720,,29.177382842067686,False,,0.0007,0.4778350692669111,2048,1024,LatentFlow,0.4858780136876701,0.02,2161.0,2055222,,0.4786009474572534,0.49215886750318655,False,2,-0.0007658781903422951,-0.006280853815516463,,/work/11617/sujato_ts/vista/motion_code-master/physics_modal_v4/enhancements/results/central/runs/x_to_z/seed42/ETTh1/h720.json,ab4aa00636ede8c120147ead02d07a908420cb66f200b5e72b42b6a931320c21,,0.697049505908777,multiscale,42,"{'inducing_points': 32, 'latent_dim': 16, 'patch_lens': [16, 32, 48], 'representation_weight': 0.05}",16-32-48,,True,True,96,True,0,60.67108341376297,extension,x_to_z,0.0001,4
on,16,0,reference,0.7638911305084115,,/work/11617/sujato_ts/vista/motion_code-master/physics_modal_v4/enhancements/results/central/checkpoints/x_to_z/seed42/ETTh1/h96.pt,8ca4b8a09e8f4881,preserved,2,False,ETTh1,16,92.33042392600328,latentflow-central-all28-five-seed-no-exchange-v2-selector-safe,central,10,latentflow_process_preserving_unfreeze2,5.0,0.001,96,,7.793921519695334,True,,0.0007,0.4114095289177025,2048,1024,LatentFlow,0.4032240676423306,0.02,2785.0,1441682,,0.4114095289177025,0.4032240676423306,False,2,0.0,0.0,,/work/11617/sujato_ts/vista/motion_code-master/physics_modal_v4/enhancements/results/central/runs/x_to_z/seed42/ETTh1/h96.json,4d62bfbc0d7bacb0f63c2d54f6edfeb8a6a2be6bb094f66c9dbec3b1ec835c59,,0.6349992658596785,multiscale,42,"{'inducing_points': 32, 'latent_dim': 16, 'patch_lens': [16, 32, 48], 'representation_weight': 0.05}",16-32-48,,True,True,96,True,0,59.555576130424015,reference,x_to_z,0.0001,4
on,16,0,reference,0.2718099478987001,,/work/11617/sujato_ts/vista/motion_code-master/physics_modal_v4/enhancements/results/central/checkpoints/x_to_z/seed42/ETTh2/h192.pt,11a47eb78bde4113,preserved,2,False,ETTh2,16,79.89093763753772,latentflow-central-all28-five-seed-no-exchange-v2-selector-safe,central,10,latentflow_process_preserving_unfreeze2,5.0,0.001,192,,7.567231995081473,True,,0.0007,0.3902497946414888,2048,1024,LatentFlow,0.36935875294162884,0.02,2689.0,1505278,,0.3902497946414888,0.36935875294162884,False,2,0.0,0.0,,/work/11617/sujato_ts/vista/motion_code-master/physics_modal_v4/enhancements/results/central/runs/x_to_z/seed42/ETTh2/h192.json,38aa275133c1b3304f3c147bc967fafb2b4fd6546ab7369ad3a1f60e2b7d31ee,,0.6077489226165924,multiscale,42,"{'inducing_points': 32, 'latent_dim': 8, 'patch_lens': [16, 32, 48], 'representation_weight': 0.001}",16-32-48,,True,True,96,True,0,56.29900280764559,reference,x_to_z,0.0001,4
on,16,0,reference,0.3575856243672014,,/work/11617/sujato_ts/vista/motion_code-master/physics_modal_v4/enhancements/results/central/checkpoints/x_to_z/seed42/ETTh2/h336.pt,bf047e0667f8c3c5,preserved,2,False,ETTh2,16,87.08911246806383,latentflow-central-all28-five-seed-no-exchange-v2-selector-safe,central,10,latentflow_process_preserving_unfreeze2,5.0,0.001,336,,7.946697181633001,True,,0.0007,0.42654472275517485,2048,1024,LatentFlow,0.41643647069421075,0.02,2545.0,1646438,,0.42654472275517485,0.41643647069421075,False,2,0.0,0.0,,/work/11617/sujato_ts/vista/motion_code-master/physics_modal_v4/enhancements/results/central/runs/x_to_z/seed42/ETTh2/h336.json,25b6d7d20eeb97aaa2050d8bf8f22b91e06880fcb346977a188d796c21751d61,,0.6453188906999475,multiscale,42,"{'inducing_points': 32, 'latent_dim': 8, 'patch_lens': [16, 32, 48], 'representation_weight': 0.001}",16-32-48,,True,True,96,True,0,61.53678506161668,reference,x_to_z,0.0001,4
on,16,0,reference,0.6150716898933289,,/work/11617/sujato_ts/vista/motion_code-master/physics_modal_v4/enhancements/results/central/checkpoints/x_to_z/seed42/ETTh2/h720.pt,494925d821ff7072,preserved,2,False,ETTh2,16,87.346663816832,latentflow-central-all28-five-seed-no-exchange-v2-selector-safe,central,10,latentflow_process_preserving_unfreeze2,5.0,0.001,720,,8.15254363314763,True,,0.0007,0.43879702215362193,2048,1024,LatentFlow,0.4136213828137338,0.02,2161.0,2024974,,0.43879702215362193,0.4136213828137338,False,2,0.0,0.0,,/work/11617/sujato_ts/vista/motion_code-master/physics_modal_v4/enhancements/results/central/runs/x_to_z/seed42/ETTh2/h720.json,bcbba6e142d35dc59e663fef50fdbda061bdb34ebb78485785a77aed8d9bcb4f,,0.6431340317645566,multiscale,42,"{'inducing_points': 32, 'latent_dim': 8, 'patch_lens': [16, 32, 48], 'representation_weight': 0.001}",16-32-48,,True,True,96,True,0,61.78798085311428,reference,x_to_z,0.0001,4
on,16,0,reference,0.21927327236958913,,/work/11617/sujato_ts/vista/motion_code-master/physics_modal_v4/enhancements/results/central/checkpoints/x_to_z/seed42/ETTh2/h96.pt,3f31f0d8a8062537,preserved,2,False,ETTh2,16,84.15232108999044,latentflow-central-all28-five-seed-no-exchange-v2-selector-safe,central,10,latentflow_process_preserving_unfreeze2,5.0,0.001,96,,7.568939852748992,True,,0.0007,0.34268046750302417,2048,1024,LatentFlow,0.2934846773242975,0.02,2785.0,1411434,,0.34268046750302417,0.2934846773242975,False,2,0.0,0.0,,/work/11617/sujato_ts/vista/motion_code-master/physics_modal_v4/enhancements/results/central/runs/x_to_z/seed42/ETTh2/h96.json,a934c6a6ba3e1d5fadc3382aba3e5df905aa95117b78a61556a4a1a1884146d0,,0.5417422609731471,multiscale,42,"{'inducing_points': 32, 'latent_dim': 8, 'patch_lens': [16, 32, 48], 'representation_weight': 0.001}",16-32-48,,True,True,96,True,0,59.34690645062801,reference,x_to_z,0.0001,4
on,16,1,extension,0.5082811280375436,,/work/11617/sujato_ts/vista/motion_code-master/physics_modal_v4/enhancements/results/central/checkpoints/x_to_z/seed42/ETTm1/h192.pt,84f6af2e5414de37,preserved,2,False,ETTm1,16,93.70471363887191,latentflow-central-all28-five-seed-no-exchange-v2-selector-safe,central,10,latentflow_process_preserving_unfreeze2,5.0,0.001,192,,28.42707978627385,False,,0.0007,0.39890096046379736,2048,1024,LatentFlow,0.3837753031797968,0.02,11329.0,1493398,,0.399763873331066,0.38498163545956293,False,2,-0.0008629128672686392,-0.0012063322797661313,,/work/11617/sujato_ts/vista/motion_code-master/physics_modal_v4/enhancements/results/central/runs/x_to_z/seed42/ETTm1/h192.json,9b746d5026108f7f147417f15298e1cf4cdf6659ab75841bb098fdc51ed5db7f,,0.6194960073961711,multiscale,42,"{'inducing_points': 32, 'latent_dim': 8, 'patch_lens': [8, 24, 48], 'representation_weight': 0.01}",8-24-48,,True,True,96,True,0,62.80994249536889,extension,x_to_z,0.0001,4
on,16,4,extension,0.6543823973256715,,/work/11617/sujato_ts/vista/motion_code-master/physics_modal_v4/enhancements/results/central/checkpoints/x_to_z/seed42/ETTm1/h336.pt,8790f0f96541113c,preserved,2,False,ETTm1,16,92.7883378569968,latentflow-central-all28-five-seed-no-exchange-v2-selector-safe,central,10,latentflow_process_preserving_unfreeze2,5.0,0.001,336,,29.091534502323942,False,,0.0007,0.4391212665714851,2048,1024,LatentFlow,0.4535536366504878,0.02,11185.0,1636816,,0.4212892901389582,0.4229558263398904,False,2,0.017831976432526875,0.03059781031059744,,/work/11617/sujato_ts/vista/motion_code-master/physics_modal_v4/enhancements/results/central/runs/x_to_z/seed42/ETTm1/h336.json,21ff73f6ca49267f655c9e81edabdd12d1f47cc9c56d2b6dd91d7c6e73efe652,,0.6734639089442639,multiscale,42,"{'inducing_points': 32, 'latent_dim': 8, 'patch_lens': [8, 24, 48], 'representation_weight': 0.01}",8-24-48,,True,True,96,True,0,62.419276841501414,extension,x_to_z,0.0001,4
on,16,1,extension,0.986477756121802,,/work/11617/sujato_ts/vista/motion_code-master/physics_modal_v4/enhancements/results/central/checkpoints/x_to_z/seed42/ETTm1/h720.pt,d273b454243c75a9,preserved,2,False,ETTm1,16,92.74818580038846,latentflow-central-all28-five-seed-no-exchange-v2-selector-safe,central,10,latentflow_process_preserving_unfreeze2,5.0,0.001,720,,29.415691647787774,False,,0.0007,0.4833741695486299,2048,1024,LatentFlow,0.5212563083304298,0.02,10801.0,2026480,,0.479489364208168,0.5139667242193918,False,2,0.003884805340461872,0.007289584111037972,,/work/11617/sujato_ts/vista/motion_code-master/physics_modal_v4/enhancements/results/central/runs/x_to_z/seed42/ETTm1/h720.json,4230ecf9b6119356f24b08c0d2b8f2f1af26cb57016fde1cc76f3a678540fb55,,0.7219808226888231,multiscale,42,"{'inducing_points': 32, 'latent_dim': 8, 'patch_lens': [8, 24, 48], 'representation_weight': 0.01}",8-24-48,,True,True,96,True,0,62.35805822216207,extension,x_to_z,0.0001,4
on,16,0,reference,0.39560971763871966,,/work/11617/sujato_ts/vista/motion_code-master/physics_modal_v4/enhancements/results/central/checkpoints/x_to_z/seed42/ETTm1/h96.pt,80c75fa53c8079cf,preserved,2,False,ETTm1,16,89.02913621091284,latentflow-central-all28-five-seed-no-exchange-v2-selector-safe,central,10,latentflow_process_preserving_unfreeze2,5.0,0.001,96,,7.281658577969164,True,,0.0007,0.3788299991861661,2048,1024,LatentFlow,0.34608704034718446,0.02,11425.0,1398606,,0.3788299991861661,0.34608704034718446,False,2,0.0,0.0,,/work/11617/sujato_ts/vista/motion_code-master/physics_modal_v4/enhancements/results/central/runs/x_to_z/seed42/ETTm1/h96.json,a9d757498f402cfb5c96744f0ff347ad79d9b799b2ba9fc0d746d29be4d6a5a7,,0.5882916286563871,multiscale,42,"{'inducing_points': 32, 'latent_dim': 8, 'patch_lens': [8, 24, 48], 'representation_weight': 0.01}",8-24-48,,True,True,96,True,0,59.51988875531242,reference,x_to_z,0.0001,4
on,16,0,reference,0.1685883045373928,,/work/11617/sujato_ts/vista/motion_code-master/physics_modal_v4/enhancements/results/central/checkpoints/x_to_z/seed42/ETTm2/h192.pt,b28c525e697aa349,preserved,2,False,ETTm2,16,88.19279404194094,latentflow-central-all28-five-seed-no-exchange-v2-selector-safe,central,10,latentflow_process_preserving_unfreeze2,5.0,0.001,192,,8.059969955668,True,,0.0007,0.3007856170117437,2048,1024,LatentFlow,0.24118935215299755,0.02,11329.0,1468534,,0.3007856170117437,0.24118935215299755,False,2,0.0,0.0,,/work/11617/sujato_ts/vista/motion_code-master/physics_modal_v4/enhancements/results/central/runs/x_to_z/seed42/ETTm2/h192.json,f17d39571179977cdf4fcde780ff20814fa2b31d8d73b490cdb8f6c70d3e5c7b,,0.4911103258464411,multiscale,42,"{'inducing_points': 16, 'latent_dim': 8, 'patch_lens': [8, 16, 32], 'representation_weight': 0.001}",8-16-32,,True,True,96,True,0,59.117817013247986,reference,x_to_z,0.0001,4
on,16,0,reference,0.21736542302734999,,/work/11617/sujato_ts/vista/motion_code-master/physics_modal_v4/enhancements/results/central/checkpoints/x_to_z/seed42/ETTm2/h336.pt,9d5edaf9fb5cf7ee,preserved,2,False,ETTm2,16,91.19630933797453,latentflow-central-all28-five-seed-no-exchange-v2-selector-safe,central,10,latentflow_process_preserving_unfreeze2,5.0,0.001,336,,7.629265115939262,True,,0.0007,0.34600727935710557,2048,1024,LatentFlow,0.3080357600960941,0.02,11185.0,1612484,,0.34600727935710557,0.3080357600960941,False,2,0.0,0.0,,/work/11617/sujato_ts/vista/motion_code-master/physics_modal_v4/enhancements/results/central/runs/x_to_z/seed42/ETTm2/h336.json,972ed80da28da7c892996bd505be875d451a06bbb28f7e2efe7fabe36060f058,,0.5550096936956094,multiscale,42,"{'inducing_points': 16, 'latent_dim': 8, 'patch_lens': [8, 16, 32], 'representation_weight': 0.001}",8-16-32,,True,True,96,True,0,61.23557858672939,reference,x_to_z,0.0001,4
on,16,0,reference,0.3068215714560615,,/work/11617/sujato_ts/vista/motion_code-master/physics_modal_v4/enhancements/results/central/checkpoints/x_to_z/seed42/ETTm2/h720.pt,c51022add974c6da,preserved,2,False,ETTm2,16,92.912593588233,latentflow-central-all28-five-seed-no-exchange-v2-selector-safe,central,10,latentflow_process_preserving_unfreeze2,5.0,0.001,720,,7.864071164025928,True,,0.0007,0.4080426387217376,2048,1024,LatentFlow,0.4151268912819473,0.02,10801.0,2004620,,0.4080426387217376,0.4151268912819473,False,2,0.0,0.0,,/work/11617/sujato_ts/vista/motion_code-master/physics_modal_v4/enhancements/results/central/runs/x_to_z/seed42/ETTm2/h720.json,be71279668258fa8db9eee86609924d1b32b9e8759b55f185879ade2880514e3,,0.6443034155442195,multiscale,42,"{'inducing_points': 16, 'latent_dim': 8, 'patch_lens': [8, 16, 32], 'representation_weight': 0.001}",8-16-32,,True,True,96,True,0,62.62126441106375,reference,x_to_z,0.0001,4
on,16,1,extension,0.13014257096108936,,/work/11617/sujato_ts/vista/motion_code-master/physics_modal_v4/enhancements/results/central/checkpoints/x_to_z/seed42/ETTm2/h96.pt,45118c9304fe5f05,preserved,2,False,ETTm2,16,92.74333170056343,latentflow-central-all28-five-seed-no-exchange-v2-selector-safe,central,10,latentflow_process_preserving_unfreeze2,5.0,0.001,96,,27.69833670727919,False,,0.0007,0.2579634419781374,2048,1024,LatentFlow,0.1729422100556447,0.02,11425.0,1373530,,0.25868614344245583,0.17370339504912508,False,2,-0.0007227014643184093,-0.0007611849934803794,,/work/11617/sujato_ts/vista/motion_code-master/physics_modal_v4/enhancements/results/central/runs/x_to_z/seed42/ETTm2/h96.json,5cc4daafce7e5b754546e645592f74f02982fd2eb1367087374ee57e60b208a4,,0.4158632107504157,multiscale,42,"{'inducing_points': 16, 'latent_dim': 8, 'patch_lens': [8, 16, 32], 'representation_weight': 0.001}",8-16-32,,True,True,96,True,0,62.09109996270854,extension,x_to_z,0.0001,4
on,16,10,extension,0.14354232984168508,,/work/11617/sujato_ts/vista/motion_code-master/physics_modal_v4/enhancements/results/central/checkpoints/x_to_z/seed42/Electricity/h192.pt,f28058b6fb25fbe0,preserved,2,False,Electricity,16,464.294655052945,latentflow-central-all28-five-seed-no-exchange-v2-selector-safe,central,10,latentflow_process_preserving_unfreeze2,5.0,0.001,192,,39.21074969296772,False,,0.0007,0.31010468187202606,2048,1024,LatentFlow,0.2060159326361863,0.02,5071.0,1482127,,0.26660545980262707,0.17576380106547018,False,2,0.04349922206939899,0.03025213157071613,,/work/11617/sujato_ts/vista/motion_code-master/physics_modal_v4/enhancements/results/central/runs/x_to_z/seed42/Electricity/h192.json,11e766a638d642ce57714ce3d19d6ca18af8cb1ec1a40cf9868294c04bfce0bf,,0.4538897802729054,multiscale,42,"{'inducing_points': 32, 'latent_dim': 16, 'patch_lens': [8, 16, 32], 'representation_weight': 0.001}",8-16-32,,True,True,96,True,0,338.9243993733544,extension,x_to_z,0.0001,4
on,16,10,extension,0.16210414461063147,,/work/11617/sujato_ts/vista/motion_code-master/physics_modal_v4/enhancements/results/central/checkpoints/x_to_z/seed42/Electricity/h336.pt,80f1f8956adae329,preserved,2,False,Electricity,16,487.85014781262726,latentflow-central-all28-five-seed-no-exchange-v2-selector-safe,central,10,latentflow_process_preserving_unfreeze2,5.0,0.001,336,,38.39301404853662,False,,0.0007,0.33162923665807,2048,1024,LatentFlow,0.22610708528039972,0.02,4927.0,1626077,,0.2852614630619167,0.19472323194298286,False,2,0.046367773596153294,0.03138385333741686,,/work/11617/sujato_ts/vista/motion_code-master/physics_modal_v4/enhancements/results/central/runs/x_to_z/seed42/Electricity/h336.json,7d981fe8ed80cbd08022d6fbc093525e0b584f2b313d3130c81d66e7b819b5a6,,0.47550718741192516,multiscale,42,"{'inducing_points': 32, 'latent_dim': 16, 'patch_lens': [8, 16, 32], 'representation_weight': 0.001}",8-16-32,,True,True,96,True,0,355.48449634588906,extension,x_to_z,0.0001,4
on,16,10,extension,0.19636318596971616,,/work/11617/sujato_ts/vista/motion_code-master/physics_modal_v4/enhancements/results/central/checkpoints/x_to_z/seed42/Electricity/h720.pt,d80a368c2eff3d75,preserved,2,False,Electricity,16,507.1441424819641,latentflow-central-all28-five-seed-no-exchange-v2-selector-safe,central,10,latentflow_process_preserving_unfreeze2,5.0,0.001,720,,42.86034629233444,False,,0.0007,0.33972253502337135,2048,1024,LatentFlow,0.2483844800132557,0.02,4543.0,2018213,,0.3171761386624937,0.23362635671988644,False,2,0.02254639636087763,0.014758123293369257,,/work/11617/sujato_ts/vista/motion_code-master/physics_modal_v4/enhancements/results/central/runs/x_to_z/seed42/Electricity/h720.json,77ca59392a62d15493a0783f289c94691d274ce9cf6a7cf07ae8fea3210da065,,0.4983818616415085,multiscale,42,"{'inducing_points': 32, 'latent_dim': 16, 'patch_lens': [8, 16, 32], 'representation_weight': 0.001}",8-16-32,,True,True,96,True,0,372.2904612732236,extension,x_to_z,0.0001,4
on,16,10,extension,0.13248966261357656,,/work/11617/sujato_ts/vista/motion_code-master/physics_modal_v4/enhancements/results/central/checkpoints/x_to_z/seed42/Electricity/h96.pt,8366325bccaa74f0,preserved,2,False,Electricity,16,461.9905367209576,latentflow-central-all28-five-seed-no-exchange-v2-selector-safe,central,10,latentflow_process_preserving_unfreeze2,5.0,0.001,96,,38.65867525541274,False,,0.0007,0.28474462496659314,2048,1024,LatentFlow,0.18236112777421007,0.02,5167.0,1387123,,0.25528010939529894,0.1629560981359871,False,2,0.029464515571294203,0.019405029638222965,,/work/11617/sujato_ts/vista/motion_code-master/physics_modal_v4/enhancements/results/central/runs/x_to_z/seed42/Electricity/h96.json,d64d45e3988377a184de96ca1a54b3fa8269c49b9a68dd2e9d285c3e1168555d,,0.42703761868740564,multiscale,42,"{'inducing_points': 32, 'latent_dim': 16, 'patch_lens': [8, 16, 32], 'representation_weight': 0.001}",8-16-32,,True,True,96,True,0,335.4299012929914,extension,x_to_z,0.0001,4
on,16,10,extension,0.38425887405457465,,/work/11617/sujato_ts/vista/motion_code-master/physics_modal_v4/enhancements/results/central/checkpoints/x_to_z/seed42/Traffic/h192.pt,9c7e65c8e2ab8207,preserved,2,False,Traffic,16,1110.1417800467461,latentflow-central-all28-five-seed-no-exchange-v2-selector-safe,central,10,latentflow_process_preserving_unfreeze2,5.0,0.001,192,,87.24035229308953,False,,0.0007,0.3443942099717791,2048,1024,LatentFlow,0.48674306195102907,0.02,3319.0,1483750,,0.30903464282904125,0.46258079488073733,False,2,0.03535956714273786,0.024162267070291732,,/work/11617/sujato_ts/vista/motion_code-master/physics_modal_v4/enhancements/results/central/runs/x_to_z/seed42/Traffic/h192.json,8b0f3e1d3670159d962f1a71966609ec5eafcb52ea7df487a0f1c70146410e88,,0.697669737018189,multiscale,42,"{'inducing_points': 32, 'latent_dim': 16, 'patch_lens': [8, 16, 32], 'representation_weight': 0.001}",8-16-32,,True,True,96,True,0,841.4879420539364,extension,x_to_z,0.0001,4
on,16,9,extension,0.3944802493393691,,/work/11617/sujato_ts/vista/motion_code-master/physics_modal_v4/enhancements/results/central/checkpoints/x_to_z/seed42/Traffic/h336.pt,a8e98dcb1dcedadd,preserved,2,False,Traffic,16,1162.0520180859603,latentflow-central-all28-five-seed-no-exchange-v2-selector-safe,central,10,latentflow_process_preserving_unfreeze2,5.0,0.001,336,,90.49930344770823,False,,0.0007,0.3630971283570702,2048,1024,LatentFlow,0.5139179450945408,0.02,3175.0,1627700,,0.31004021560593426,0.46936524077227076,False,2,0.05305691275113594,0.04455270432227004,,/work/11617/sujato_ts/vista/motion_code-master/physics_modal_v4/enhancements/results/central/runs/x_to_z/seed42/Traffic/h336.json,6cb54e198851a8c4fff6d636bc9a5d4e59cbd6ff007185ea6f565f316968f8a4,,0.7168807049255411,multiscale,42,"{'inducing_points': 32, 'latent_dim': 16, 'patch_lens': [8, 16, 32], 'representation_weight': 0.001}",8-16-32,,True,True,96,True,0,880.6894496827226,extension,x_to_z,0.0001,4
on,16,9,extension,0.4414298328735005,,/work/11617/sujato_ts/vista/motion_code-master/physics_modal_v4/enhancements/results/central/checkpoints/x_to_z/seed42/Traffic/h720.pt,7785811c5507114d,preserved,2,False,Traffic,16,1265.4468294158578,latentflow-central-all28-five-seed-no-exchange-v2-selector-safe,central,10,latentflow_process_preserving_unfreeze2,5.0,0.001,720,,100.80568965726155,False,,0.0007,0.3912699001852112,2048,1024,LatentFlow,0.5559940809934965,0.02,2791.0,2019836,,0.32889101650072566,0.5047611731701186,False,2,0.06237888368448552,0.05123290782337786,,/work/11617/sujato_ts/vista/motion_code-master/physics_modal_v4/enhancements/results/central/runs/x_to_z/seed42/Traffic/h720.json,4165bf0bc7d4f32d77d82c00d320481614b934f1b5194daa63bf619b0c222e4c,,0.7456501062787402,multiscale,42,"{'inducing_points': 32, 'latent_dim': 16, 'patch_lens': [8, 16, 32], 'representation_weight': 0.001}",8-16-32,,True,True,96,True,0,960.0407315068878,extension,x_to_z,0.0001,4
on,16,10,extension,0.386769795454664,,/work/11617/sujato_ts/vista/motion_code-master/physics_modal_v4/enhancements/results/central/checkpoints/x_to_z/seed42/Traffic/h96.pt,ff2ad5f161692dec,preserved,2,False,Traffic,16,1095.6172068249434,latentflow-central-all28-five-seed-no-exchange-v2-selector-safe,central,10,latentflow_process_preserving_unfreeze2,5.0,0.001,96,,88.28317741710396,False,,0.0007,0.35072616926152683,2048,1024,LatentFlow,0.4818086322399554,0.02,3415.0,1388746,,0.30567942414674226,0.4450950661287888,False,2,0.04504674511478457,0.03671356611116661,,/work/11617/sujato_ts/vista/motion_code-master/physics_modal_v4/enhancements/results/central/runs/x_to_z/seed42/Traffic/h96.json,12b9774a446fa345259726a930ebdf0a95e5ff47cd159cc3b9222545dc60e30d,,0.6941243636697645,multiscale,42,"{'inducing_points': 32, 'latent_dim': 16, 'patch_lens': [8, 16, 32], 'representation_weight': 0.001}",8-16-32,,True,True,96,True,0,829.6783975922153,extension,x_to_z,0.0001,4
on,16,2,extension,0.47877789324238185,,/work/11617/sujato_ts/vista/motion_code-master/physics_modal_v4/enhancements/results/central/checkpoints/x_to_z/seed42/Weather/h192.pt,05df1031c38c22b4,preserved,2,False,Weather,16,96.2496736026369,latentflow-central-all28-five-seed-no-exchange-v2-selector-safe,central,10,latentflow_process_preserving_unfreeze2,5.0,0.001,192,,43.861323626091085,False,,0.0007,0.25690188113445134,2048,1024,LatentFlow,0.21604267137779395,0.02,10349.0,1484344,,0.25844894718644396,0.21760237948327663,False,2,-0.0015470660519926183,-0.0015597081054826711,,/work/11617/sujato_ts/vista/motion_code-master/physics_modal_v4/enhancements/results/central/runs/x_to_z/seed42/Weather/h192.json,7a958c8a1b91cec3b3bda44c99f3770c634583fad0a1e20b200a0d7fa95af46d,,0.4648039063710566,multiscale,42,"{'inducing_points': 32, 'latent_dim': 16, 'patch_lens': [8, 16, 32], 'representation_weight': 0.001}",8-16-32,,True,True,96,True,0,65.20496443263255,extension,x_to_z,0.0001,4
on,16,3,extension,0.5587264935986526,,/work/11617/sujato_ts/vista/motion_code-master/physics_modal_v4/enhancements/results/central/checkpoints/x_to_z/seed42/Weather/h336.pt,a60cf8d5c0c8f333,preserved,2,False,Weather,16,99.46694744797423,latentflow-central-all28-five-seed-no-exchange-v2-selector-safe,central,10,latentflow_process_preserving_unfreeze2,5.0,0.001,336,,41.30479016583984,False,,0.0007,0.29934596280757475,2048,1024,LatentFlow,0.27310986869308934,0.02,10205.0,1628294,,0.3007526241041084,0.2751499827851865,False,2,-0.0014066612965336622,-0.002040114092097145,,/work/11617/sujato_ts/vista/motion_code-master/physics_modal_v4/enhancements/results/central/runs/x_to_z/seed42/Weather/h336.json,b29ec47ad995871009f1ddcf9011213b32e65d7a93a1dbdec42d5d53e583bc4b,,0.522599147237239,multiscale,42,"{'inducing_points': 32, 'latent_dim': 16, 'patch_lens': [8, 16, 32], 'representation_weight': 0.001}",8-16-32,,True,True,96,True,0,67.45220470002096,extension,x_to_z,0.0001,4
on,16,2,extension,0.6956451274730541,,/work/11617/sujato_ts/vista/motion_code-master/physics_modal_v4/enhancements/results/central/checkpoints/x_to_z/seed42/Weather/h720.pt,2a960288739fe822,preserved,2,False,Weather,16,97.01097610406578,latentflow-central-all28-five-seed-no-exchange-v2-selector-safe,central,10,latentflow_process_preserving_unfreeze2,5.0,0.001,720,,44.116684194164215,False,,0.0007,0.3501863429377255,2048,1024,LatentFlow,0.3518020332848531,0.02,9821.0,2020430,,0.3506985500528912,0.35200429896336977,False,2,-0.0005122071151656971,-0.00020226567851666655,,/work/11617/sujato_ts/vista/motion_code-master/physics_modal_v4/enhancements/results/central/runs/x_to_z/seed42/Weather/h720.json,2ceb9e8429c8ea2469538043a72faf963b7ff988779b6648938da499b3a11ff2,,0.5931290190884722,multiscale,42,"{'inducing_points': 32, 'latent_dim': 16, 'patch_lens': [8, 16, 32], 'representation_weight': 0.001}",8-16-32,,True,True,96,True,0,66.14751793749747,extension,x_to_z,0.0001,4
on,16,1,extension,0.43581540374055744,,/work/11617/sujato_ts/vista/motion_code-master/physics_modal_v4/enhancements/results/central/checkpoints/x_to_z/seed42/Weather/h96.pt,259ae24298a0dd3c,preserved,2,False,Weather,16,93.67973530804738,latentflow-central-all28-five-seed-no-exchange-v2-selector-safe,central,10,latentflow_process_preserving_unfreeze2,5.0,0.001,96,,42.6633936723554,False,,0.0007,0.2168126653487076,2048,1024,LatentFlow,0.17044722094683618,0.02,10445.0,1389340,,0.2174296580154658,0.17154243425354204,False,2,-0.0006169926667581871,-0.0010952133067058667,,/work/11617/sujato_ts/vista/motion_code-master/physics_modal_v4/enhancements/results/central/runs/x_to_z/seed42/Weather/h96.json,cb2d7fe583d6948d74d83609b35ade36047a49afd805f65b3923548d19b6161b,,0.41285254140774785,multiscale,42,"{'inducing_points': 32, 'latent_dim': 16, 'patch_lens': [8, 16, 32], 'representation_weight': 0.001}",8-16-32,,True,True,96,True,0,63.39993721949213,extension,x_to_z,0.0001,4
on,16,1,extension,1.024494880366893,,/work/11617/sujato_ts/vista/motion_code-master/physics_modal_v4/enhancements/results/central/checkpoints/x_to_z/seed43/ETTh1/h192.pt,762907ed5ad8ed44,preserved,2,False,ETTh1,16,85.12680735508911,latentflow-central-all28-five-seed-no-exchange-v2-selector-safe,central,10,latentflow_process_preserving_unfreeze2,5.0,0.001,192,,29.306419880385928,False,,0.0007,0.438700830780847,2048,1024,LatentFlow,0.45054679268295517,0.02,2689.0,1535526,,0.43998985352676867,0.4525807035020206,False,2,-0.0012890227459216863,-0.0020339108190654542,,/work/11617/sujato_ts/vista/motion_code-master/physics_modal_v4/enhancements/results/central/runs/x_to_z/seed43/ETTh1/h192.json,80f168c62237d20fd0cd0e2be2d3351e0a9a1f8a44c8854fa090dc2964f0edda,,0.6712278247234356,multiscale,43,"{'inducing_points': 32, 'latent_dim': 16, 'patch_lens': [16, 32, 48], 'representation_weight': 0.05}",16-32-48,,True,True,96,True,0,59.460190141453495,extension,x_to_z,0.0001,4
on,16,0,reference,1.2917826548725568,,/work/11617/sujato_ts/vista/motion_code-master/physics_modal_v4/enhancements/results/central/checkpoints/x_to_z/seed43/ETTh1/h336.pt,e5e3119a3af772d1,preserved,2,False,ETTh1,16,86.14794093789533,latentflow-central-all28-five-seed-no-exchange-v2-selector-safe,central,10,latentflow_process_preserving_unfreeze2,5.0,0.001,336,,8.071991214175013,True,,0.0007,0.4605197977717322,2048,1024,LatentFlow,0.4966021921924544,0.02,2545.0,1676686,,0.4605197977717322,0.4966021921924544,False,2,0.0,0.0,,/work/11617/sujato_ts/vista/motion_code-master/physics_modal_v4/enhancements/results/central/runs/x_to_z/seed43/ETTh1/h336.json,3cebde2e5aa96753ed3bbb7f0f4234216035d0d55be5cc5c3ee4c3788d522ad9,,0.7047000725077687,multiscale,43,"{'inducing_points': 32, 'latent_dim': 16, 'patch_lens': [16, 32, 48], 'representation_weight': 0.05}",16-32-48,,True,True,96,True,0,60.38482204457978,reference,x_to_z,0.0001,4
on,16,1,extension,1.5596047340877472,,/work/11617/sujato_ts/vista/motion_code-master/physics_modal_v4/enhancements/results/central/checkpoints/x_to_z/seed43/ETTh1/h720.pt,0d726bca846af59b,preserved,2,False,ETTh1,16,88.16941637999844,latentflow-central-all28-five-seed-no-exchange-v2-selector-safe,central,10,latentflow_process_preserving_unfreeze2,5.0,0.001,720,,28.877321311008576,False,,0.0007,0.4812134843951276,2048,1024,LatentFlow,0.5011615811595075,0.02,2161.0,2055222,,0.48321969007132837,0.5091477053166293,False,2,-0.002006205676200745,-0.007986124157121854,,/work/11617/sujato_ts/vista/motion_code-master/physics_modal_v4/enhancements/results/central/runs/x_to_z/seed43/ETTh1/h720.json,d6b9931a8fb5415ce181d0f09a424fc9f90fbd5e19381162086b08d7f998b491,,0.7079276666153876,multiscale,43,"{'inducing_points': 32, 'latent_dim': 16, 'patch_lens': [16, 32, 48], 'representation_weight': 0.05}",16-32-48,,True,True,96,True,0,62.38973792105753,extension,x_to_z,0.0001,4
on,16,1,extension,0.7687696172367959,,/work/11617/sujato_ts/vista/motion_code-master/physics_modal_v4/enhancements/results/central/checkpoints/x_to_z/seed43/ETTh1/h96.pt,ba0d75c256df4bca,preserved,2,False,ETTh1,16,88.46948943892494,latentflow-central-all28-five-seed-no-exchange-v2-selector-safe,central,10,latentflow_process_preserving_unfreeze2,5.0,0.001,96,,29.65339193271333,False,,0.0007,0.41214728119373933,2048,1024,LatentFlow,0.4008720374305075,0.02,2785.0,1441682,,0.41187950655100763,0.4011032879857046,False,2,0.0002677746427316996,-0.00023125055519712667,,/work/11617/sujato_ts/vista/motion_code-master/physics_modal_v4/enhancements/results/central/runs/x_to_z/seed43/ETTh1/h96.json,1d019bd7c4760f8bf083694920ee089fc1823574db88e376acb4ab093fd6bd71,,0.6331445628215625,multiscale,43,"{'inducing_points': 32, 'latent_dim': 16, 'patch_lens': [16, 32, 48], 'representation_weight': 0.05}",16-32-48,,True,True,96,True,0,61.816427389203454,extension,x_to_z,0.0001,4
on,16,0,reference,0.26854835202296573,,/work/11617/sujato_ts/vista/motion_code-master/physics_modal_v4/enhancements/results/central/checkpoints/x_to_z/seed43/ETTh2/h192.pt,84f53ab4d794b464,preserved,2,False,ETTh2,16,91.73039906192571,latentflow-central-all28-five-seed-no-exchange-v2-selector-safe,central,10,latentflow_process_preserving_unfreeze2,5.0,0.001,192,,7.878628159625021,True,,0.0007,0.39616170797824446,2048,1024,LatentFlow,0.38277998701682386,0.02,2689.0,1505278,,0.39616170797824446,0.38277998701682386,False,2,0.0,0.0,,/work/11617/sujato_ts/vista/motion_code-master/physics_modal_v4/enhancements/results/central/runs/x_to_z/seed43/ETTh2/h192.json,c9fca5e64d9f9829910ead9d574623dbffdf802a32020135153581882d48c682,,0.6186921585221715,multiscale,43,"{'inducing_points': 32, 'latent_dim': 8, 'patch_lens': [16, 32, 48], 'representation_weight': 0.001}",16-32-48,,True,True,96,True,0,64.77248523369781,reference,x_to_z,0.0001,4
on,16,1,extension,0.3554514618146987,,/work/11617/sujato_ts/vista/motion_code-master/physics_modal_v4/enhancements/results/central/checkpoints/x_to_z/seed43/ETTh2/h336.pt,01ed7d4e8ebe8837,preserved,2,False,ETTh2,16,92.6176190301776,latentflow-central-all28-five-seed-no-exchange-v2-selector-safe,central,10,latentflow_process_preserving_unfreeze2,5.0,0.001,336,,26.17668343746233,False,,0.0007,0.4337377136555944,2048,1024,LatentFlow,0.4264633870243671,0.02,2545.0,1646438,,0.4362194484386799,0.4312617346028424,False,2,-0.0024817347830854986,-0.004798347578475304,,/work/11617/sujato_ts/vista/motion_code-master/physics_modal_v4/enhancements/results/central/runs/x_to_z/seed43/ETTh2/h336.json,9f4ecd1257334007700f297e3ed0b77b55bfc266cedfe1c5fc1b0070a72dafe6,,0.653041642641851,multiscale,43,"{'inducing_points': 32, 'latent_dim': 8, 'patch_lens': [16, 32, 48], 'representation_weight': 0.001}",16-32-48,,True,True,96,True,0,65.60360936564393,extension,x_to_z,0.0001,4
on,16,3,extension,0.6289844121251787,,/work/11617/sujato_ts/vista/motion_code-master/physics_modal_v4/enhancements/results/central/checkpoints/x_to_z/seed43/ETTh2/h720.pt,8df3af91870b14b1,preserved,2,False,ETTh2,16,86.87771140178666,latentflow-central-all28-five-seed-no-exchange-v2-selector-safe,central,10,latentflow_process_preserving_unfreeze2,5.0,0.001,720,,30.23342026480988,False,,0.0007,0.47321963986884424,2048,1024,LatentFlow,0.4719095870368582,0.02,2161.0,2024974,,0.4498645085030294,0.4358261119942588,False,2,0.023355131365814852,0.0360834750425994,,/work/11617/sujato_ts/vista/motion_code-master/physics_modal_v4/enhancements/results/central/runs/x_to_z/seed43/ETTh2/h720.json,f336e7bfa19ccedc3547ade2da6f7f17af3d175f08f27a489e905dbb071774b1,,0.6869567577634405,multiscale,43,"{'inducing_points': 32, 'latent_dim': 8, 'patch_lens': [16, 32, 48], 'representation_weight': 0.001}",16-32-48,,True,True,96,True,0,61.430711325010634,extension,x_to_z,0.0001,4
on,16,0,reference,0.22145391503969827,,/work/11617/sujato_ts/vista/motion_code-master/physics_modal_v4/enhancements/results/central/checkpoints/x_to_z/seed43/ETTh2/h96.pt,c31fcf4da5c98585,preserved,2,False,ETTh2,16,80.1052453732118,latentflow-central-all28-five-seed-no-exchange-v2-selector-safe,central,10,latentflow_process_preserving_unfreeze2,5.0,0.001,96,,7.901539549640665,True,,0.0007,0.3446854704127736,2048,1024,LatentFlow,0.29659152826284907,0.02,2785.0,1411434,,0.3446854704127736,0.29659152826284907,False,2,0.0,0.0,,/work/11617/sujato_ts/vista/motion_code-master/physics_modal_v4/enhancements/results/central/runs/x_to_z/seed43/ETTh2/h96.json,8bbdd3491feac8d01eb18c3fd0364749bf6358d7229c5e9e24a1a9ec63afff29,,0.5446021743096965,multiscale,43,"{'inducing_points': 32, 'latent_dim': 8, 'patch_lens': [16, 32, 48], 'representation_weight': 0.001}",16-32-48,,True,True,96,True,0,56.31543414274347,reference,x_to_z,0.0001,4
on,16,0,reference,0.5154585605930715,,/work/11617/sujato_ts/vista/motion_code-master/physics_modal_v4/enhancements/results/central/checkpoints/x_to_z/seed43/ETTm1/h192.pt,2f5ddb8c7c25ad16,preserved,2,False,ETTm1,16,92.58378615602851,latentflow-central-all28-five-seed-no-exchange-v2-selector-safe,central,10,latentflow_process_preserving_unfreeze2,5.0,0.001,192,,7.621489062146554,True,,0.0007,0.39651534458020243,2048,1024,LatentFlow,0.38090578920044743,0.02,11329.0,1493398,,0.39651534458020243,0.38090578920044743,False,2,0.0,0.0,,/work/11617/sujato_ts/vista/motion_code-master/physics_modal_v4/enhancements/results/central/runs/x_to_z/seed43/ETTm1/h192.json,5985404ed1de4d9a7727c3aceac5a43690541e43767ab137c20bfdb75b672c75,,0.6171756550613832,multiscale,43,"{'inducing_points': 32, 'latent_dim': 8, 'patch_lens': [8, 24, 48], 'representation_weight': 0.01}",8-24-48,,True,True,96,True,0,62.149948996375315,reference,x_to_z,0.0001,4
on,16,3,extension,0.6527506204283967,,/work/11617/sujato_ts/vista/motion_code-master/physics_modal_v4/enhancements/results/central/checkpoints/x_to_z/seed43/ETTm1/h336.pt,5fe5ecf4d7892e74,preserved,2,False,ETTm1,16,93.7653479971923,latentflow-central-all28-five-seed-no-exchange-v2-selector-safe,central,10,latentflow_process_preserving_unfreeze2,5.0,0.001,336,,29.75795844524437,False,,0.0007,0.45327475879747575,2048,1024,LatentFlow,0.46694401998179047,0.02,11185.0,1636816,,0.41847783245699766,0.4115693425306681,False,2,0.034796926340478096,0.055374677451122345,,/work/11617/sujato_ts/vista/motion_code-master/physics_modal_v4/enhancements/results/central/runs/x_to_z/seed43/ETTm1/h336.json,da71a54e66006a6ad8f545cdff2d46b6e63aadf2d240e578a8803b8fcd1c956f,,0.683333022750833,multiscale,43,"{'inducing_points': 32, 'latent_dim': 8, 'patch_lens': [8, 24, 48], 'representation_weight': 0.01}",8-24-48,,True,True,96,True,0,63.05019101018843,extension,x_to_z,0.0001,4
on,16,0,reference,0.9992361806687855,,/work/11617/sujato_ts/vista/motion_code-master/physics_modal_v4/enhancements/results/central/checkpoints/x_to_z/seed43/ETTm1/h720.pt,5581bfefc85075b9,preserved,2,False,ETTm1,16,86.76871368684806,latentflow-central-all28-five-seed-no-exchange-v2-selector-safe,central,10,latentflow_process_preserving_unfreeze2,5.0,0.001,720,,7.117040839477356,True,,0.0007,0.4686201564713423,2048,1024,LatentFlow,0.48906182206480814,0.02,10801.0,2026480,,0.4686201564713423,0.48906182206480814,False,2,0.0,0.0,,/work/11617/sujato_ts/vista/motion_code-master/physics_modal_v4/enhancements/results/central/runs/x_to_z/seed43/ETTm1/h720.json,50946152482627ba6941c2bb68e4aa9fe6467a0184cdd1735a345d3546dc9ba0,,0.6993295518314725,multiscale,43,"{'inducing_points': 32, 'latent_dim': 8, 'patch_lens': [8, 24, 48], 'representation_weight': 0.01}",8-24-48,,True,True,96,True,0,58.09883510628424,reference,x_to_z,0.0001,4
on,16,1,extension,0.3907352960890248,,/work/11617/sujato_ts/vista/motion_code-master/physics_modal_v4/enhancements/results/central/checkpoints/x_to_z/seed43/ETTm1/h96.pt,d0a103575a1dc9a4,preserved,2,False,ETTm1,16,89.38504114933312,latentflow-central-all28-five-seed-no-exchange-v2-selector-safe,central,10,latentflow_process_preserving_unfreeze2,5.0,0.001,96,,26.865013730078726,False,,0.0007,0.373784191349813,2048,1024,LatentFlow,0.33495685493125016,0.02,11425.0,1398606,,0.37499999057157246,0.33678189131571895,False,2,-0.0012157992217594615,-0.0018250363844687922,,/work/11617/sujato_ts/vista/motion_code-master/physics_modal_v4/enhancements/results/central/runs/x_to_z/seed43/ETTm1/h96.json,e22bc3ddf8a7584d57b54c2b612f05232aed83d6f1d8058ad1cf4c1059569ea5,,0.5787545722767554,multiscale,43,"{'inducing_points': 32, 'latent_dim': 8, 'patch_lens': [8, 24, 48], 'representation_weight': 0.01}",8-24-48,,True,True,96,True,0,60.09999068628531,extension,x_to_z,0.0001,4
on,16,1,extension,0.17018644697964191,,/work/11617/sujato_ts/vista/motion_code-master/physics_modal_v4/enhancements/results/central/checkpoints/x_to_z/seed43/ETTm2/h192.pt,56340a0542eca883,preserved,2,False,ETTm2,16,87.05450203898363,latentflow-central-all28-five-seed-no-exchange-v2-selector-safe,central,10,latentflow_process_preserving_unfreeze2,5.0,0.001,192,,28.29810851609237,False,,0.0007,0.303860999295527,2048,1024,LatentFlow,0.24322470442077615,0.02,11329.0,1468534,,0.3050742198077167,0.24497037954299858,False,2,-0.0012132205121896944,-0.0017456751222224287,,/work/11617/sujato_ts/vista/motion_code-master/physics_modal_v4/enhancements/results/central/runs/x_to_z/seed43/ETTm2/h192.json,035027b864c7601aefc72f5d25cb6609d2ce0f1077f41af5ff29ad04cd5f5e79,,0.4931781670155078,multiscale,43,"{'inducing_points': 16, 'latent_dim': 8, 'patch_lens': [8, 16, 32], 'representation_weight': 0.001}",8-16-32,,True,True,96,True,0,58.426783184404485,extension,x_to_z,0.0001,4
on,16,0,reference,0.218707446541105,,/work/11617/sujato_ts/vista/motion_code-master/physics_modal_v4/enhancements/results/central/checkpoints/x_to_z/seed43/ETTm2/h336.pt,46653de57ae79e58,preserved,2,False,ETTm2,16,88.55525233596563,latentflow-central-all28-five-seed-no-exchange-v2-selector-safe,central,10,latentflow_process_preserving_unfreeze2,5.0,0.001,336,,7.975330010902424,True,,0.0007,0.34588291606166616,2048,1024,LatentFlow,0.30786420258596997,0.02,11185.0,1612484,,0.34588291606166616,0.30786420258596997,False,2,0.0,0.0,,/work/11617/sujato_ts/vista/motion_code-master/physics_modal_v4/enhancements/results/central/runs/x_to_z/seed43/ETTm2/h336.json,a0d1c250317c4de86fe0acd98d89cb214f38793d9f0dda5a3d8ff86555e4967a,,0.5548551185543573,multiscale,43,"{'inducing_points': 16, 'latent_dim': 8, 'patch_lens': [8, 16, 32], 'representation_weight': 0.001}",8-16-32,,True,True,96,True,0,59.49293420853792,reference,x_to_z,0.0001,4
on,16,1,extension,0.30138915805589583,,/work/11617/sujato_ts/vista/motion_code-master/physics_modal_v4/enhancements/results/central/checkpoints/x_to_z/seed43/ETTm2/h720.pt,d89b13e2cc9c0d5a,preserved,2,False,ETTm2,16,91.95649948529899,latentflow-central-all28-five-seed-no-exchange-v2-selector-safe,central,10,latentflow_process_preserving_unfreeze2,5.0,0.001,720,,30.307264876958172,False,,0.0007,0.40318691263926754,2048,1024,LatentFlow,0.41049234302908405,0.02,10801.0,2004620,,0.4043534373321455,0.41207231857769344,False,2,-0.0011665246928779793,-0.0015799755486093914,,/work/11617/sujato_ts/vista/motion_code-master/physics_modal_v4/enhancements/results/central/runs/x_to_z/seed43/ETTm2/h720.json,b0e9bf55f47c019ca7bb6d1dda9350bdcad7ae66e56e87b9c01d3f59910479c9,,0.6406967637104811,multiscale,43,"{'inducing_points': 16, 'latent_dim': 8, 'patch_lens': [8, 16, 32], 'representation_weight': 0.001}",8-16-32,,True,True,96,True,0,61.76797291554976,extension,x_to_z,0.0001,4
on,16,2,extension,0.1291001814284495,,/work/11617/sujato_ts/vista/motion_code-master/physics_modal_v4/enhancements/results/central/checkpoints/x_to_z/seed43/ETTm2/h96.pt,7dd0f6a906f06663,preserved,2,False,ETTm2,16,92.41115356609225,latentflow-central-all28-five-seed-no-exchange-v2-selector-safe,central,10,latentflow_process_preserving_unfreeze2,5.0,0.001,96,,29.305867869067328,False,,0.0007,0.2589446535554667,2048,1024,LatentFlow,0.1747683271984638,0.02,11425.0,1373530,,0.25994622917290566,0.1757947479626456,False,2,-0.0010015756174389656,-0.0010264207641818013,,/work/11617/sujato_ts/vista/motion_code-master/physics_modal_v4/enhancements/results/central/runs/x_to_z/seed43/ETTm2/h96.json,037a422cd4c366d00c8d51a3c77f70d701762152b9ec328c31f135b7a8cc96ed,,0.41805301960213587,multiscale,43,"{'inducing_points': 16, 'latent_dim': 8, 'patch_lens': [8, 16, 32], 'representation_weight': 0.001}",8-16-32,,True,True,96,True,0,62.01588492258452,extension,x_to_z,0.0001,4
on,16,9,extension,0.14578644391284679,,/work/11617/sujato_ts/vista/motion_code-master/physics_modal_v4/enhancements/results/central/checkpoints/x_to_z/seed43/Electricity/h192.pt,9db3a040c863b3b1,preserved,2,False,Electricity,16,470.72988035390154,latentflow-central-all28-five-seed-no-exchange-v2-selector-safe,central,10,latentflow_process_preserving_unfreeze2,5.0,0.001,192,,38.07568654138816,False,,0.0007,0.28776070858315744,2048,1024,LatentFlow,0.1897594680285112,0.02,5071.0,1482127,,0.2676547761511837,0.17734223166429036,False,2,0.020105932431973728,0.012417236364220846,,/work/11617/sujato_ts/vista/motion_code-master/physics_modal_v4/enhancements/results/central/runs/x_to_z/seed43/Electricity/h192.json,5b2a5e6be652fd234e5bdcf38daf9732b62dba7a211b564fbcfbcaa1a0b3eac4,,0.4356138978826447,multiscale,43,"{'inducing_points': 32, 'latent_dim': 16, 'patch_lens': [8, 16, 32], 'representation_weight': 0.001}",8-16-32,,True,True,96,True,0,342.81260932184523,extension,x_to_z,0.0001,4
on,16,9,extension,0.16294035181555686,,/work/11617/sujato_ts/vista/motion_code-master/physics_modal_v4/enhancements/results/central/checkpoints/x_to_z/seed43/Electricity/h336.pt,bb928749954b27a8,preserved,2,False,Electricity,16,490.6863196492195,latentflow-central-all28-five-seed-no-exchange-v2-selector-safe,central,10,latentflow_process_preserving_unfreeze2,5.0,0.001,336,,39.59931650755518,False,,0.0007,0.3320963922201616,2048,1024,LatentFlow,0.23435871651052753,0.02,4927.0,1626077,,0.2874145150436169,0.19745167819406823,False,2,0.04468187717654465,0.036907038316459306,,/work/11617/sujato_ts/vista/motion_code-master/physics_modal_v4/enhancements/results/central/runs/x_to_z/seed43/Electricity/h336.json,d13c0fe53eb69b2a079cf9e21807f8f0ba4c98988d5ef51222c6ff5a30464f14,,0.4841061004682006,multiscale,43,"{'inducing_points': 32, 'latent_dim': 16, 'patch_lens': [8, 16, 32], 'representation_weight': 0.001}",8-16-32,,True,True,96,True,0,357.94532306645124,extension,x_to_z,0.0001,4
on,16,1,extension,0.20504546137407356,,/work/11617/sujato_ts/vista/motion_code-master/physics_modal_v4/enhancements/results/central/checkpoints/x_to_z/seed43/Electricity/h720.pt,5dda5c6107e5968a,preserved,2,False,Electricity,16,506.89284298196435,latentflow-central-all28-five-seed-no-exchange-v2-selector-safe,central,10,latentflow_process_preserving_unfreeze2,5.0,0.001,720,,42.909908997029646,False,,0.0007,0.3236971460405186,2048,1024,LatentFlow,0.23685429011090098,0.02,4543.0,2018213,,0.3270065093246797,0.24448144244614572,False,2,-0.003309363284161093,-0.007627152335244747,,/work/11617/sujato_ts/vista/motion_code-master/physics_modal_v4/enhancements/results/central/runs/x_to_z/seed43/Electricity/h720.json,18447019323aef1f14b9271e468f98b9b9bea395a21067ada240253cb2acc622,,0.486676781972287,multiscale,43,"{'inducing_points': 32, 'latent_dim': 16, 'patch_lens': [8, 16, 32], 'representation_weight': 0.001}",8-16-32,,True,True,96,True,0,372.32374149753014,extension,x_to_z,0.0001,4
on,16,10,extension,0.1334982966832035,,/work/11617/sujato_ts/vista/motion_code-master/physics_modal_v4/enhancements/results/central/checkpoints/x_to_z/seed43/Electricity/h96.pt,b1245fed23effe9c,preserved,2,False,Electricity,16,453.99417293118313,latentflow-central-all28-five-seed-no-exchange-v2-selector-safe,central,10,latentflow_process_preserving_unfreeze2,5.0,0.001,96,,37.571510920200005,False,,0.0007,0.28005945858794506,2048,1024,LatentFlow,0.18023709829921314,0.02,5167.0,1387123,,0.2564658916479915,0.1632702913273398,False,2,0.02359356693995357,0.016966806971873333,,/work/11617/sujato_ts/vista/motion_code-master/physics_modal_v4/enhancements/results/central/runs/x_to_z/seed43/Electricity/h96.json,d3f44abc41540a8bd7b1e9c0096cf6d8a37ed6cfe4bad014a52b7e2a0b12d67c,,0.4245433997828881,multiscale,43,"{'inducing_points': 32, 'latent_dim': 16, 'patch_lens': [8, 16, 32], 'representation_weight': 0.001}",8-16-32,,True,True,96,True,0,330.31296961489716,extension,x_to_z,0.0001,4
on,16,9,extension,0.38156531222181916,,/work/11617/sujato_ts/vista/motion_code-master/physics_modal_v4/enhancements/results/central/checkpoints/x_to_z/seed43/Traffic/h192.pt,30dd04d56fd1cb03,preserved,2,False,Traffic,16,1126.325378187932,latentflow-central-all28-five-seed-no-exchange-v2-selector-safe,central,10,latentflow_process_preserving_unfreeze2,5.0,0.001,192,,87.48799198248608,False,,0.0007,0.3787781480620711,2048,1024,LatentFlow,0.5180057449876242,0.02,3319.0,1483750,,0.30830448545184075,0.46429043368735234,False,2,0.07047366261023036,0.05371531130027185,,/work/11617/sujato_ts/vista/motion_code-master/physics_modal_v4/enhancements/results/central/runs/x_to_z/seed43/Traffic/h192.json,2f33292b3406101893196cc5f42c5c94626588cdd82cc61f1dd1784d42963a9e,,0.7197261597216154,multiscale,43,"{'inducing_points': 32, 'latent_dim': 16, 'patch_lens': [8, 16, 32], 'representation_weight': 0.001}",8-16-32,,True,True,96,True,0,853.7491572773433,extension,x_to_z,0.0001,4
on,16,7,extension,0.39432529722994936,,/work/11617/sujato_ts/vista/motion_code-master/physics_modal_v4/enhancements/results/central/checkpoints/x_to_z/seed43/Traffic/h336.pt,3d123af920d2bf3e,preserved,2,False,Traffic,16,1158.8088940246962,latentflow-central-all28-five-seed-no-exchange-v2-selector-safe,central,10,latentflow_process_preserving_unfreeze2,5.0,0.001,336,,91.16315681103974,False,,0.0007,0.37393868278655207,2048,1024,LatentFlow,0.5176884698840212,0.02,3175.0,1627700,,0.3154820186362472,0.4740495272523939,False,2,0.05845666415030487,0.043638942631627264,,/work/11617/sujato_ts/vista/motion_code-master/physics_modal_v4/enhancements/results/central/runs/x_to_z/seed43/Traffic/h336.json,8daaa128a159472aa61c2aaacfce4680b921648707875949515b7081cfdd9fa8,,0.7195057121969367,multiscale,43,"{'inducing_points': 32, 'latent_dim': 16, 'patch_lens': [8, 16, 32], 'representation_weight': 0.001}",8-16-32,,True,True,96,True,0,878.2161944280233,extension,x_to_z,0.0001,4
on,16,7,extension,0.44125662634255314,,/work/11617/sujato_ts/vista/motion_code-master/physics_modal_v4/enhancements/results/central/checkpoints/x_to_z/seed43/Traffic/h720.pt,dadde2f7d5cc6fb4,preserved,2,False,Traffic,16,1259.0318816290237,latentflow-central-all28-five-seed-no-exchange-v2-selector-safe,central,10,latentflow_process_preserving_unfreeze2,5.0,0.001,720,,100.97273325965065,False,,0.0007,0.37006091459265267,2048,1024,LatentFlow,0.5374777438453288,0.02,2791.0,2019836,,0.3300437871070133,0.505209937176707,False,2,0.04001712748563935,0.032267806668621724,,/work/11617/sujato_ts/vista/motion_code-master/physics_modal_v4/enhancements/results/central/runs/x_to_z/seed43/Traffic/h720.json,16d51b509ef2dbc0423e8364f8dda0632b43c217e8d2ecde0bd5cf1f8ee057f4,,0.7331287362021276,multiscale,43,"{'inducing_points': 32, 'latent_dim': 16, 'patch_lens': [8, 16, 32], 'representation_weight': 0.001}",8-16-32,,True,True,96,True,0,955.0868535983682,extension,x_to_z,0.0001,4
on,16,10,extension,0.3935511956727514,,/work/11617/sujato_ts/vista/motion_code-master/physics_modal_v4/enhancements/results/central/checkpoints/x_to_z/seed43/Traffic/h96.pt,b8ac0b1be471a84d,preserved,2,False,Traffic,16,1095.959917049855,latentflow-central-all28-five-seed-no-exchange-v2-selector-safe,central,10,latentflow_process_preserving_unfreeze2,5.0,0.001,96,,87.23395882707807,False,,0.0007,0.34348026751345057,2048,1024,LatentFlow,0.4780811898369276,0.02,3415.0,1388746,,0.3066119593715481,0.45237782273901156,False,2,0.03686830814190245,0.02570336709791604,,/work/11617/sujato_ts/vista/motion_code-master/physics_modal_v4/enhancements/results/central/runs/x_to_z/seed43/Traffic/h96.json,603aa322e12567e3be9a8e8c76e00d1c720cbd895fb8e281d480ca69e4fe949e,,0.6914341543754746,multiscale,43,"{'inducing_points': 32, 'latent_dim': 16, 'patch_lens': [8, 16, 32], 'representation_weight': 0.001}",8-16-32,,True,True,96,True,0,830.8316039372585,extension,x_to_z,0.0001,4
on,16,2,extension,0.4767102979951435,,/work/11617/sujato_ts/vista/motion_code-master/physics_modal_v4/enhancements/results/central/checkpoints/x_to_z/seed43/Weather/h192.pt,60aed0f70aaf51a4,preserved,2,False,Weather,16,90.20061850408092,latentflow-central-all28-five-seed-no-exchange-v2-selector-safe,central,10,latentflow_process_preserving_unfreeze2,5.0,0.001,192,,42.30506045494749,False,,0.0007,0.2541851480194323,2048,1024,LatentFlow,0.21311013650640895,0.02,10349.0,1484344,,0.2549288752092222,0.21393736870987184,False,2,-0.0007437271897898778,-0.0008272322034628965,,/work/11617/sujato_ts/vista/motion_code-master/physics_modal_v4/enhancements/results/central/runs/x_to_z/seed43/Weather/h192.json,15ac07f6679a621551362af9cefb2a54ab5a205c1c086dadcd4131a32cbe9c91,,0.4616385344686998,multiscale,43,"{'inducing_points': 32, 'latent_dim': 16, 'patch_lens': [8, 16, 32], 'representation_weight': 0.001}",8-16-32,,True,True,96,True,0,61.12784095312236,extension,x_to_z,0.0001,4
on,16,2,extension,0.5636563014551625,,/work/11617/sujato_ts/vista/motion_code-master/physics_modal_v4/enhancements/results/central/checkpoints/x_to_z/seed43/Weather/h336.pt,f2dceb94207e2c10,preserved,2,False,Weather,16,97.1320374798961,latentflow-central-all28-five-seed-no-exchange-v2-selector-safe,central,10,latentflow_process_preserving_unfreeze2,5.0,0.001,336,,43.92421092990341,False,,0.0007,0.2998667831754951,2048,1024,LatentFlow,0.2746719903159562,0.02,10205.0,1628294,,0.30101054901098395,0.2759361857289072,False,2,-0.0011437658354888636,-0.0012641954129510302,,/work/11617/sujato_ts/vista/motion_code-master/physics_modal_v4/enhancements/results/central/runs/x_to_z/seed43/Weather/h336.json,f8f71d65e75f0c56648790b93873897ce1687fe2137f00f3a9f090a484774d12,,0.5240915858091563,multiscale,43,"{'inducing_points': 32, 'latent_dim': 16, 'patch_lens': [8, 16, 32], 'representation_weight': 0.001}",8-16-32,,True,True,96,True,0,65.98679299058858,extension,x_to_z,0.0001,4
on,16,4,extension,0.685045837725281,,/work/11617/sujato_ts/vista/motion_code-master/physics_modal_v4/enhancements/results/central/checkpoints/x_to_z/seed43/Weather/h720.pt,819dd40b69ca1159,preserved,2,False,Weather,16,98.14940996700898,latentflow-central-all28-five-seed-no-exchange-v2-selector-safe,central,10,latentflow_process_preserving_unfreeze2,5.0,0.001,720,,41.53534232675299,False,,0.0007,0.3475659628636489,2048,1024,LatentFlow,0.350495771120707,0.02,9821.0,2020430,,0.347052523450392,0.3504420589573538,False,2,0.0005134394132568776,5.371216335320339e-05,,/work/11617/sujato_ts/vista/motion_code-master/physics_modal_v4/enhancements/results/central/runs/x_to_z/seed43/Weather/h720.json,a2c7c15f189fd846615bc9afa7036830579dc43ea7abcb673d705d2d831458fc,,0.592026833108692,multiscale,43,"{'inducing_points': 32, 'latent_dim': 16, 'patch_lens': [8, 16, 32], 'representation_weight': 0.001}",8-16-32,,True,True,96,True,0,66.82359831484064,extension,x_to_z,0.0001,4
on,16,6,extension,0.4336962276507938,,/work/11617/sujato_ts/vista/motion_code-master/physics_modal_v4/enhancements/results/central/checkpoints/x_to_z/seed43/Weather/h96.pt,1e87493aafb73997,preserved,2,False,Weather,16,95.3053329270333,latentflow-central-all28-five-seed-no-exchange-v2-selector-safe,central,10,latentflow_process_preserving_unfreeze2,5.0,0.001,96,,42.73407387414149,False,,0.0007,0.2141880588125262,2048,1024,LatentFlow,0.16829750268977273,0.02,10445.0,1389340,,0.21944144009534766,0.17440594411105903,False,2,-0.005253381282821462,-0.006108441421286304,,/work/11617/sujato_ts/vista/motion_code-master/physics_modal_v4/enhancements/results/central/runs/x_to_z/seed43/Weather/h96.json,0306f0d6dd2f2e32253ac6a874c169b7e324ffea467a1587f2b97a90109b4ed7,,0.41024078623385646,multiscale,43,"{'inducing_points': 32, 'latent_dim': 16, 'patch_lens': [8, 16, 32], 'representation_weight': 0.001}",8-16-32,,True,True,96,True,0,64.47940725938679,extension,x_to_z,0.0001,4
on,16,1,extension,1.0240904096336592,,/work/11617/sujato_ts/vista/motion_code-master/physics_modal_v4/enhancements/results/central/checkpoints/x_to_z/seed44/ETTh1/h192.pt,4cd0079ac2f35674,preserved,2,False,ETTh1,16,88.24799539335072,latentflow-central-all28-five-seed-no-exchange-v2-selector-safe,central,10,latentflow_process_preserving_unfreeze2,5.0,0.001,192,,29.855002333343162,False,,0.0007,0.43551056971365315,2048,1024,LatentFlow,0.45051378216581595,0.02,2689.0,1535526,,0.4335250239414559,0.4477160018631498,False,2,0.001985545772197228,0.002797780302666142,,/work/11617/sujato_ts/vista/motion_code-master/physics_modal_v4/enhancements/results/central/runs/x_to_z/seed44/ETTh1/h192.json,50e777d6c6a07f85ef3f130563852ecb1e4ebee168dda76e8879d16cc765a6cc,,0.6712032346210914,multiscale,44,"{'inducing_points': 32, 'latent_dim': 16, 'patch_lens': [16, 32, 48], 'representation_weight': 0.05}",16-32-48,,True,True,96,True,0,61.666416918160394,extension,x_to_z,0.0001,4
on,16,0,reference,1.2865984881816268,,/work/11617/sujato_ts/vista/motion_code-master/physics_modal_v4/enhancements/results/central/checkpoints/x_to_z/seed44/ETTh1/h336.pt,8bc3ebbef9b2843f,preserved,2,False,ETTh1,16,91.61274588853121,latentflow-central-all28-five-seed-no-exchange-v2-selector-safe,central,10,latentflow_process_preserving_unfreeze2,5.0,0.001,336,,7.99987413272073,True,,0.0007,0.45960576987732715,2048,1024,LatentFlow,0.49471651836941954,0.02,2545.0,1676686,,0.45960576987732715,0.49471651836941954,False,2,0.0,0.0,,/work/11617/sujato_ts/vista/motion_code-master/physics_modal_v4/enhancements/results/central/runs/x_to_z/seed44/ETTh1/h336.json,88f755857aaa5e665d8ddaa5a1af132d7074a839428618eb5b8bd55d86bb24e5,,0.7033608734991018,multiscale,44,"{'inducing_points': 32, 'latent_dim': 16, 'patch_lens': [16, 32, 48], 'representation_weight': 0.05}",16-32-48,,True,True,96,True,0,64.05723397183465,reference,x_to_z,0.0001,4
on,16,0,reference,1.5637264736114986,,/work/11617/sujato_ts/vista/motion_code-master/physics_modal_v4/enhancements/results/central/checkpoints/x_to_z/seed44/ETTh1/h720.pt,f59d72ad523953df,preserved,2,False,ETTh1,16,88.14434747886844,latentflow-central-all28-five-seed-no-exchange-v2-selector-safe,central,10,latentflow_process_preserving_unfreeze2,5.0,0.001,720,,8.518386121366673,True,,0.0007,0.4802329831879081,2048,1024,LatentFlow,0.4984691149224758,0.02,2161.0,2055222,,0.4802329831879081,0.4984691149224758,False,2,0.0,0.0,,/work/11617/sujato_ts/vista/motion_code-master/physics_modal_v4/enhancements/results/central/runs/x_to_z/seed44/ETTh1/h720.json,dab10c19d83ccc17c0d72817f5e6eda42195c266d0ee9d647316c693d4ad8dac,,0.7060234521051519,multiscale,44,"{'inducing_points': 32, 'latent_dim': 16, 'patch_lens': [16, 32, 48], 'representation_weight': 0.05}",16-32-48,,True,True,96,True,0,62.30049077184958,reference,x_to_z,0.0001,4
on,16,0,reference,0.7703785300254822,,/work/11617/sujato_ts/vista/motion_code-master/physics_modal_v4/enhancements/results/central/checkpoints/x_to_z/seed44/ETTh1/h96.pt,d36fbc30a7e24091,preserved,2,False,ETTh1,16,88.29785994300619,latentflow-central-all28-five-seed-no-exchange-v2-selector-safe,central,10,latentflow_process_preserving_unfreeze2,5.0,0.001,96,,7.881971648113662,True,,0.0007,0.41290058516086325,2048,1024,LatentFlow,0.40439868635771326,0.02,2785.0,1441682,,0.41290058516086325,0.40439868635771326,False,2,0.0,0.0,,/work/11617/sujato_ts/vista/motion_code-master/physics_modal_v4/enhancements/results/central/runs/x_to_z/seed44/ETTh1/h96.json,fa55c081d739684be340316f7864cb58cd799520fbd2a63e3378b4ed525a5f04,,0.6359234909623274,multiscale,44,"{'inducing_points': 32, 'latent_dim': 16, 'patch_lens': [16, 32, 48], 'representation_weight': 0.05}",16-32-48,,True,True,96,True,0,61.7077800383413,reference,x_to_z,0.0001,4
on,16,0,reference,0.27509241214110736,,/work/11617/sujato_ts/vista/motion_code-master/physics_modal_v4/enhancements/results/central/checkpoints/x_to_z/seed44/ETTh2/h192.pt,0f8f9420082c03c0,preserved,2,False,ETTh2,16,84.72465002071112,latentflow-central-all28-five-seed-no-exchange-v2-selector-safe,central,10,latentflow_process_preserving_unfreeze2,5.0,0.001,192,,7.906734865314946,True,,0.0007,0.40038104993692547,2048,1024,LatentFlow,0.38934538500320265,0.02,2689.0,1505278,,0.40038104993692547,0.38934538500320265,False,2,0.0,0.0,,/work/11617/sujato_ts/vista/motion_code-master/physics_modal_v4/enhancements/results/central/runs/x_to_z/seed44/ETTh2/h192.json,74e933894c478a09bea20a4973b9fc37988e17c9b6a9eae63495e94c15128741,,0.6239754682703501,multiscale,44,"{'inducing_points': 32, 'latent_dim': 8, 'patch_lens': [16, 32, 48], 'representation_weight': 0.001}",16-32-48,,True,True,96,True,0,59.830277705259505,reference,x_to_z,0.0001,4
on,16,0,reference,0.35774983323755716,,/work/11617/sujato_ts/vista/motion_code-master/physics_modal_v4/enhancements/results/central/checkpoints/x_to_z/seed44/ETTh2/h336.pt,7470883149ad0e1d,preserved,2,False,ETTh2,16,84.84656644600909,latentflow-central-all28-five-seed-no-exchange-v2-selector-safe,central,10,latentflow_process_preserving_unfreeze2,5.0,0.001,336,,8.190171427647524,True,,0.0007,0.4241401757912671,2048,1024,LatentFlow,0.41043008342135356,0.02,2545.0,1646438,,0.4241401757912671,0.41043008342135356,False,2,0.0,0.0,,/work/11617/sujato_ts/vista/motion_code-master/physics_modal_v4/enhancements/results/central/runs/x_to_z/seed44/ETTh2/h336.json,a437e3437233c50ce1657a7c684844fbcdde3c75b4aee2ddb506af8000a77c8d,,0.6406481744462819,multiscale,44,"{'inducing_points': 32, 'latent_dim': 8, 'patch_lens': [16, 32, 48], 'representation_weight': 0.001}",16-32-48,,True,True,96,True,0,59.851561714003765,reference,x_to_z,0.0001,4
on,16,2,extension,0.6187348609878903,,/work/11617/sujato_ts/vista/motion_code-master/physics_modal_v4/enhancements/results/central/checkpoints/x_to_z/seed44/ETTh2/h720.pt,a83a6c0e1a23eeb5,preserved,2,False,ETTh2,16,84.27513616392389,latentflow-central-all28-five-seed-no-exchange-v2-selector-safe,central,10,latentflow_process_preserving_unfreeze2,5.0,0.001,720,,28.763047655794157,False,,0.0007,0.4742551519118024,2048,1024,LatentFlow,0.47626640386119024,0.02,2161.0,2024974,,0.4511602481575769,0.43759845636049677,False,2,0.023094903754225515,0.03866794750069347,,/work/11617/sujato_ts/vista/motion_code-master/physics_modal_v4/enhancements/results/central/runs/x_to_z/seed44/ETTh2/h720.json,81b1c069b9d9a16f28cb853b38dc0b8a0d5e10db53936bf8238b6bd8788f82b8,,0.6901205719736155,multiscale,44,"{'inducing_points': 32, 'latent_dim': 8, 'patch_lens': [16, 32, 48], 'representation_weight': 0.001}",16-32-48,,True,True,96,True,0,59.62032432835258,extension,x_to_z,0.0001,4
on,16,0,reference,0.22774122557824567,,/work/11617/sujato_ts/vista/motion_code-master/physics_modal_v4/enhancements/results/central/checkpoints/x_to_z/seed44/ETTh2/h96.pt,436932fea8f52d0e,preserved,2,False,ETTh2,16,82.02087891905103,latentflow-central-all28-five-seed-no-exchange-v2-selector-safe,central,10,latentflow_process_preserving_unfreeze2,5.0,0.001,96,,7.703833415905132,True,,0.0007,0.35057852634907055,2048,1024,LatentFlow,0.30207650445613776,0.02,2785.0,1411434,,0.35057852634907055,0.30207650445613776,False,2,0.0,0.0,,/work/11617/sujato_ts/vista/motion_code-master/physics_modal_v4/enhancements/results/central/runs/x_to_z/seed44/ETTh2/h96.json,c3a286bee6ff9b225c15aac12d2277b162926014377d43bff8620c28fd424a9e,,0.5496148692094655,multiscale,44,"{'inducing_points': 32, 'latent_dim': 8, 'patch_lens': [16, 32, 48], 'representation_weight': 0.001}",16-32-48,,True,True,96,True,0,57.602673456221964,reference,x_to_z,0.0001,4
on,16,2,extension,0.5153836673569112,,/work/11617/sujato_ts/vista/motion_code-master/physics_modal_v4/enhancements/results/central/checkpoints/x_to_z/seed44/ETTm1/h192.pt,76076c8bc8d736eb,preserved,2,False,ETTm1,16,92.73342272872105,latentflow-central-all28-five-seed-no-exchange-v2-selector-safe,central,10,latentflow_process_preserving_unfreeze2,5.0,0.001,192,,28.36918191097761,False,,0.0007,0.4035725812935758,2048,1024,LatentFlow,0.387785322202407,0.02,11329.0,1493398,,0.39690445315149436,0.38091796920713705,False,2,0.006668128142081453,0.006867352995269971,,/work/11617/sujato_ts/vista/motion_code-master/physics_modal_v4/enhancements/results/central/runs/x_to_z/seed44/ETTm1/h192.json,b8871489fcfaacee47149d276bae6740a34584957bc4d82bd2846c3100c6e29f,,0.6227241140363902,multiscale,44,"{'inducing_points': 32, 'latent_dim': 8, 'patch_lens': [8, 24, 48], 'representation_weight': 0.01}",8-24-48,,True,True,96,True,0,62.204925043624826,extension,x_to_z,0.0001,4
on,16,2,extension,0.6570571709652336,,/work/11617/sujato_ts/vista/motion_code-master/physics_modal_v4/enhancements/results/central/checkpoints/x_to_z/seed44/ETTm1/h336.pt,3a5336b000a14496,preserved,2,False,ETTm1,16,91.02340671909042,latentflow-central-all28-five-seed-no-exchange-v2-selector-safe,central,10,latentflow_process_preserving_unfreeze2,5.0,0.001,336,,29.322617276328852,False,,0.0007,0.42526449555607027,2048,1024,LatentFlow,0.4271498953953281,0.02,11185.0,1636816,,0.42013383945823324,0.41942832109940376,False,2,0.0051306560978370275,0.007721574295924349,,/work/11617/sujato_ts/vista/motion_code-master/physics_modal_v4/enhancements/results/central/runs/x_to_z/seed44/ETTm1/h336.json,faf1b6e70408720aa31d0d742018233d32521fa92f394add2ac382de72e33b94,,0.6535670550106761,multiscale,44,"{'inducing_points': 32, 'latent_dim': 8, 'patch_lens': [8, 24, 48], 'representation_weight': 0.01}",8-24-48,,True,True,96,True,0,61.13247109151416,extension,x_to_z,0.0001,4
on,16,3,extension,0.9972518523534138,,/work/11617/sujato_ts/vista/motion_code-master/physics_modal_v4/enhancements/results/central/checkpoints/x_to_z/seed44/ETTm1/h720.pt,ca2007c0b559ff3c,preserved,2,False,ETTm1,16,90.67056220211089,latentflow-central-all28-five-seed-no-exchange-v2-selector-safe,central,10,latentflow_process_preserving_unfreeze2,5.0,0.001,720,,28.06570587364697,False,,0.0007,0.5530433405484919,2048,1024,LatentFlow,0.6733255602804232,0.02,10801.0,2026480,,0.4723798172097284,0.4975596802034616,False,2,0.08066352333876353,0.17576588007696164,,/work/11617/sujato_ts/vista/motion_code-master/physics_modal_v4/enhancements/results/central/runs/x_to_z/seed44/ETTm1/h720.json,47dde7dc38f4492dedd9608c15fa4464163b2453f14a7872c51459d8026454bd,,0.8205641719453898,multiscale,44,"{'inducing_points': 32, 'latent_dim': 8, 'patch_lens': [8, 24, 48], 'representation_weight': 0.01}",8-24-48,,True,True,96,True,0,61.2640921593993,extension,x_to_z,0.0001,4
on,16,2,extension,0.39587713299053057,,/work/11617/sujato_ts/vista/motion_code-master/physics_modal_v4/enhancements/results/central/checkpoints/x_to_z/seed44/ETTm1/h96.pt,6e77ed99dae5aa95,preserved,2,False,ETTm1,16,91.8362245936878,latentflow-central-all28-five-seed-no-exchange-v2-selector-safe,central,10,latentflow_process_preserving_unfreeze2,5.0,0.001,96,,28.68409506450205,False,,0.0007,0.37516371326023207,2048,1024,LatentFlow,0.33876124571720434,0.02,11425.0,1398606,,0.3739250022798351,0.33656029815014,False,2,0.001238710980396962,0.0022009475670643486,,/work/11617/sujato_ts/vista/motion_code-master/physics_modal_v4/enhancements/results/central/runs/x_to_z/seed44/ETTm1/h96.json,e440bccfc4e65de38c06b5aad38ba31fce5704294708e515d5f9d616cf6e7271,,0.5820319971592665,multiscale,44,"{'inducing_points': 32, 'latent_dim': 8, 'patch_lens': [8, 24, 48], 'representation_weight': 0.01}",8-24-48,,True,True,96,True,0,61.62081601796672,extension,x_to_z,0.0001,4
on,16,1,extension,0.17079310420723187,,/work/11617/sujato_ts/vista/motion_code-master/physics_modal_v4/enhancements/results/central/checkpoints/x_to_z/seed44/ETTm2/h192.pt,e7d4777c3386d1e6,preserved,2,False,ETTm2,16,93.2732766289264,latentflow-central-all28-five-seed-no-exchange-v2-selector-safe,central,10,latentflow_process_preserving_unfreeze2,5.0,0.001,192,,28.475464687878965,False,,0.0007,0.30311180614277755,2048,1024,LatentFlow,0.24249842915911518,0.02,11329.0,1468534,,0.30433047977007194,0.24387946023680443,False,2,-0.0012186736272943866,-0.0013810310776892487,,/work/11617/sujato_ts/vista/motion_code-master/physics_modal_v4/enhancements/results/central/runs/x_to_z/seed44/ETTm2/h192.json,d1cafcd2cdf4db50dbf2075cd82c3045c0b5a9651bed775587e36bc2faf81f9a,,0.4924412951399539,multiscale,44,"{'inducing_points': 16, 'latent_dim': 8, 'patch_lens': [8, 16, 32], 'representation_weight': 0.001}",8-16-32,,True,True,96,True,0,62.61667245635181,extension,x_to_z,0.0001,4
on,16,2,extension,0.21584124792189824,,/work/11617/sujato_ts/vista/motion_code-master/physics_modal_v4/enhancements/results/central/checkpoints/x_to_z/seed44/ETTm2/h336.pt,f56cf8b151ed32eb,preserved,2,False,ETTm2,16,89.91476239799522,latentflow-central-all28-five-seed-no-exchange-v2-selector-safe,central,10,latentflow_process_preserving_unfreeze2,5.0,0.001,336,,28.03108790478426,False,,0.0007,0.3451988086785877,2048,1024,LatentFlow,0.30784484114677696,0.02,11185.0,1612484,,0.346752295492731,0.30991552585025506,False,2,-0.0015534868141433011,-0.0020706847034780984,,/work/11617/sujato_ts/vista/motion_code-master/physics_modal_v4/enhancements/results/central/runs/x_to_z/seed44/ETTm2/h336.json,987709869c8f4c1144461d5a7ec8ed0ef3bdd16c6ab651ad5fb62a7a47474a36,,0.5548376709874492,multiscale,44,"{'inducing_points': 16, 'latent_dim': 8, 'patch_lens': [8, 16, 32], 'representation_weight': 0.001}",8-16-32,,True,True,96,True,0,60.40811347265844,extension,x_to_z,0.0001,4
on,16,0,reference,0.30286388974341133,,/work/11617/sujato_ts/vista/motion_code-master/physics_modal_v4/enhancements/results/central/checkpoints/x_to_z/seed44/ETTm2/h720.pt,6d8475458ee7e505,preserved,2,False,ETTm2,16,90.84098771587014,latentflow-central-all28-five-seed-no-exchange-v2-selector-safe,central,10,latentflow_process_preserving_unfreeze2,5.0,0.001,720,,7.504920231990892,True,,0.0007,0.406837863068797,2048,1024,LatentFlow,0.41702886235783804,0.02,10801.0,2004620,,0.406837863068797,0.41702886235783804,False,2,0.0,0.0,,/work/11617/sujato_ts/vista/motion_code-master/physics_modal_v4/enhancements/results/central/runs/x_to_z/seed44/ETTm2/h720.json,ddea2678b00dac2b85bb462f078bd5b228e230a21a8a160241563d82846b8f26,,0.6457777190007704,multiscale,44,"{'inducing_points': 16, 'latent_dim': 8, 'patch_lens': [8, 16, 32], 'representation_weight': 0.001}",8-16-32,,True,True,96,True,0,60.96497328107944,reference,x_to_z,0.0001,4
on,16,1,extension,0.12866582810169175,,/work/11617/sujato_ts/vista/motion_code-master/physics_modal_v4/enhancements/results/central/checkpoints/x_to_z/seed44/ETTm2/h96.pt,220ae77a618c7fce,preserved,2,False,ETTm2,16,91.25871336832643,latentflow-central-all28-five-seed-no-exchange-v2-selector-safe,central,10,latentflow_process_preserving_unfreeze2,5.0,0.001,96,,29.697260285138583,False,,0.0007,0.2590642323185407,2048,1024,LatentFlow,0.17548996532734726,0.02,11425.0,1373530,,0.2594324529460411,0.1759595858709159,False,2,-0.0003682206275004152,-0.00046962054356863847,,/work/11617/sujato_ts/vista/motion_code-master/physics_modal_v4/enhancements/results/central/runs/x_to_z/seed44/ETTm2/h96.json,c4761ef5e8ba79323b5e36fb5663cfabce494be6e25e63076a919a2d883d5d53,,0.41891522451129326,multiscale,44,"{'inducing_points': 16, 'latent_dim': 8, 'patch_lens': [8, 16, 32], 'representation_weight': 0.001}",8-16-32,,True,True,96,True,0,61.33111409508274,extension,x_to_z,0.0001,4
on,16,10,extension,0.14497706544733494,,/work/11617/sujato_ts/vista/motion_code-master/physics_modal_v4/enhancements/results/central/checkpoints/x_to_z/seed44/Electricity/h192.pt,02d0fa9015872858,preserved,2,False,Electricity,16,474.66668481891975,latentflow-central-all28-five-seed-no-exchange-v2-selector-safe,central,10,latentflow_process_preserving_unfreeze2,5.0,0.001,192,,37.84352980883671,False,,0.0007,0.29861235265609365,2048,1024,LatentFlow,0.1959663088052757,0.02,5071.0,1482127,,0.2683383279235023,0.1773355172662888,False,2,0.03027402473259133,0.01863079153898692,,/work/11617/sujato_ts/vista/motion_code-master/physics_modal_v4/enhancements/results/central/runs/x_to_z/seed44/Electricity/h192.json,d0f9ba708d1274f6adf7f6a233ee644e5b438eeb36444032967986b7982edddc,,0.44268082046241364,multiscale,44,"{'inducing_points': 32, 'latent_dim': 16, 'patch_lens': [8, 16, 32], 'representation_weight': 0.001}",8-16-32,,True,True,96,True,0,345.05206208195887,extension,x_to_z,0.0001,4
on,16,10,extension,0.1624182541387015,,/work/11617/sujato_ts/vista/motion_code-master/physics_modal_v4/enhancements/results/central/checkpoints/x_to_z/seed44/Electricity/h336.pt,188f32d4a409a8dd,preserved,2,False,Electricity,16,479.37521062698215,latentflow-central-all28-five-seed-no-exchange-v2-selector-safe,central,10,latentflow_process_preserving_unfreeze2,5.0,0.001,336,,38.52987257400301,False,,0.0007,0.3270502981629109,2048,1024,LatentFlow,0.22243399672821942,0.02,4927.0,1626077,,0.28420340836451774,0.1934285180488271,False,2,0.042846889798393184,0.02900547867939232,,/work/11617/sujato_ts/vista/motion_code-master/physics_modal_v4/enhancements/results/central/runs/x_to_z/seed44/Electricity/h336.json,2a7f91d44ecf502733e509bc58396514a492c97642a8cbf69676cd146e93d842,,0.47162908808535065,multiscale,44,"{'inducing_points': 32, 'latent_dim': 16, 'patch_lens': [8, 16, 32], 'representation_weight': 0.001}",8-16-32,,True,True,96,True,0,349.91555162805525,extension,x_to_z,0.0001,4
on,16,4,extension,0.1993369704920266,,/work/11617/sujato_ts/vista/motion_code-master/physics_modal_v4/enhancements/results/central/checkpoints/x_to_z/seed44/Electricity/h720.pt,3b7c07efce28b865,preserved,2,False,Electricity,16,511.2625304320827,latentflow-central-all28-five-seed-no-exchange-v2-selector-safe,central,10,latentflow_process_preserving_unfreeze2,5.0,0.001,720,,41.35671542173932,False,,0.0007,0.3194215774211913,2048,1024,LatentFlow,0.23222772128898375,0.02,4543.0,2018213,,0.3137325625271815,0.22898968459258237,False,2,0.005689014894009803,0.0032380366964013807,,/work/11617/sujato_ts/vista/motion_code-master/physics_modal_v4/enhancements/results/central/runs/x_to_z/seed44/Electricity/h720.json,7a523fd3a1f292e0d2f9f91c0b7201adbc2e35a2e25aeb524cae0aceea98dc69,,0.4819001154689463,multiscale,44,"{'inducing_points': 32, 'latent_dim': 16, 'patch_lens': [8, 16, 32], 'representation_weight': 0.001}",8-16-32,,True,True,96,True,0,375.69864796641923,extension,x_to_z,0.0001,4
on,16,10,extension,0.13189972177349024,,/work/11617/sujato_ts/vista/motion_code-master/physics_modal_v4/enhancements/results/central/checkpoints/x_to_z/seed44/Electricity/h96.pt,6939d08cfbba17a4,preserved,2,False,Electricity,16,446.72316234291065,latentflow-central-all28-five-seed-no-exchange-v2-selector-safe,central,10,latentflow_process_preserving_unfreeze2,5.0,0.001,96,,37.28560370071827,False,,0.0007,0.2878469956725719,2048,1024,LatentFlow,0.18795375895429925,0.02,5167.0,1387123,,0.25770278107895644,0.16636889186059933,False,2,0.030144214593615437,0.021584867093699917,,/work/11617/sujato_ts/vista/motion_code-master/physics_modal_v4/enhancements/results/central/runs/x_to_z/seed44/Electricity/h96.json,c20a0970edd4fb7fd950488a7f34d3a70202eda6098cff8f924320ad8e2cd9dc,,0.43353634098458144,multiscale,44,"{'inducing_points': 32, 'latent_dim': 16, 'patch_lens': [8, 16, 32], 'representation_weight': 0.001}",8-16-32,,True,True,96,True,0,325.9716735656184,extension,x_to_z,0.0001,4
on,16,10,extension,0.3811646080348995,,/work/11617/sujato_ts/vista/motion_code-master/physics_modal_v4/enhancements/results/central/checkpoints/x_to_z/seed44/Traffic/h192.pt,934d5a652790604c,preserved,2,False,Traffic,16,1116.4632454337552,latentflow-central-all28-five-seed-no-exchange-v2-selector-safe,central,10,latentflow_process_preserving_unfreeze2,5.0,0.001,192,,88.98534584489026,False,,0.0007,0.39946823750224864,2048,1024,LatentFlow,0.5263233399560049,0.02,3319.0,1483750,,0.30739572277259186,0.46082103677292563,False,2,0.09207251472965677,0.06550230318307926,,/work/11617/sujato_ts/vista/motion_code-master/physics_modal_v4/enhancements/results/central/runs/x_to_z/seed44/Traffic/h192.json,f3a0fa8fdc174a3f5904a129cb262ab7270f0b86a1e260b4065d9705e55a97c7,,0.7254814539021689,multiscale,44,"{'inducing_points': 32, 'latent_dim': 16, 'patch_lens': [8, 16, 32], 'representation_weight': 0.001}",8-16-32,,True,True,96,True,0,846.345719085366,extension,x_to_z,0.0001,4
on,16,10,extension,0.3936439757978781,,/work/11617/sujato_ts/vista/motion_code-master/physics_modal_v4/enhancements/results/central/checkpoints/x_to_z/seed44/Traffic/h336.pt,3468cc38e150132f,preserved,2,False,Traffic,16,1164.9541396298446,latentflow-central-all28-five-seed-no-exchange-v2-selector-safe,central,10,latentflow_process_preserving_unfreeze2,5.0,0.001,336,,92.47190635322094,False,,0.0007,0.3797151898686859,2048,1024,LatentFlow,0.5301213156002142,0.02,3175.0,1627700,,0.31206508369540015,0.47452687093646717,False,2,0.06765010617328576,0.05559444466374708,,/work/11617/sujato_ts/vista/motion_code-master/physics_modal_v4/enhancements/results/central/runs/x_to_z/seed44/Traffic/h336.json,7e29a496b602df4971b545988ab77123d706ccc513a482da0139b35e5ae8d3c4,,0.7280943040569774,multiscale,44,"{'inducing_points': 32, 'latent_dim': 16, 'patch_lens': [8, 16, 32], 'representation_weight': 0.001}",8-16-32,,True,True,96,True,0,883.2413337671824,extension,x_to_z,0.0001,4
on,16,10,extension,0.4382622292251371,,/work/11617/sujato_ts/vista/motion_code-master/physics_modal_v4/enhancements/results/central/checkpoints/x_to_z/seed44/Traffic/h720.pt,4c939b8c0e055168,preserved,2,False,Traffic,16,1264.1511521562934,latentflow-central-all28-five-seed-no-exchange-v2-selector-safe,central,10,latentflow_process_preserving_unfreeze2,5.0,0.001,720,,99.52916008495222,False,,0.0007,0.4131966443124001,2048,1024,LatentFlow,0.5736042419810241,0.02,2791.0,2019836,,0.32872690371730795,0.5039912666880244,False,2,0.08446974059509216,0.0696129752929997,,/work/11617/sujato_ts/vista/motion_code-master/physics_modal_v4/enhancements/results/central/runs/x_to_z/seed44/Traffic/h720.json,685c58dc098cfc48cef82395fbe8c41cd36480093917f4c022958a21c2b49d1a,,0.7573666496361087,multiscale,44,"{'inducing_points': 32, 'latent_dim': 16, 'patch_lens': [8, 16, 32], 'representation_weight': 0.001}",8-16-32,,True,True,96,True,0,958.932390488917,extension,x_to_z,0.0001,4
on,16,10,extension,0.3903885506329754,,/work/11617/sujato_ts/vista/motion_code-master/physics_modal_v4/enhancements/results/central/checkpoints/x_to_z/seed44/Traffic/h96.pt,e4395c6d32cee33e,preserved,2,False,Traffic,16,1106.1109903417528,latentflow-central-all28-five-seed-no-exchange-v2-selector-safe,central,10,latentflow_process_preserving_unfreeze2,5.0,0.001,96,,86.38111057360886,False,,0.0007,0.35819898863188493,2048,1024,LatentFlow,0.48292036660168125,0.02,3415.0,1388746,,0.30655234342666093,0.4496583836624306,False,2,0.051646645205223995,0.033261982939250645,,/work/11617/sujato_ts/vista/motion_code-master/physics_modal_v4/enhancements/results/central/runs/x_to_z/seed44/Traffic/h96.json,2b002d3523aa20160b8bde7f703a6134982fb59599081b3056eb309fa80546e7,,0.694924720096847,multiscale,44,"{'inducing_points': 32, 'latent_dim': 16, 'patch_lens': [8, 16, 32], 'representation_weight': 0.001}",8-16-32,,True,True,96,True,0,837.5924453499465,extension,x_to_z,0.0001,4
on,16,1,extension,0.47947535167137784,,/work/11617/sujato_ts/vista/motion_code-master/physics_modal_v4/enhancements/results/central/checkpoints/x_to_z/seed44/Weather/h192.pt,703ea5843bee754f,preserved,2,False,Weather,16,95.78056463599205,latentflow-central-all28-five-seed-no-exchange-v2-selector-safe,central,10,latentflow_process_preserving_unfreeze2,5.0,0.001,192,,44.0375978255269,False,,0.0007,0.25907818486086137,2048,1024,LatentFlow,0.2166194602895712,0.02,10349.0,1484344,,0.2600385955754893,0.21730064049684683,False,2,-0.000960410714627935,-0.0006811802072756445,,/work/11617/sujato_ts/vista/motion_code-master/physics_modal_v4/enhancements/results/central/runs/x_to_z/seed44/Weather/h192.json,16d6dbec4662e0067ef76af051a037508929bb573fce1ba5f08f9eb7d6c298a7,,0.46542395758015204,multiscale,44,"{'inducing_points': 32, 'latent_dim': 16, 'patch_lens': [8, 16, 32], 'representation_weight': 0.001}",8-16-32,,True,True,96,True,0,64.81221609428758,extension,x_to_z,0.0001,4
on,16,3,extension,0.5660440906916075,,/work/11617/sujato_ts/vista/motion_code-master/physics_modal_v4/enhancements/results/central/checkpoints/x_to_z/seed44/Weather/h336.pt,fe93f973e1965d7c,preserved,2,False,Weather,16,101.03046786226332,latentflow-central-all28-five-seed-no-exchange-v2-selector-safe,central,10,latentflow_process_preserving_unfreeze2,5.0,0.001,336,,39.902801546356024,False,,0.0007,0.2984140117439344,2048,1024,LatentFlow,0.2745967389573393,0.02,10205.0,1628294,,0.29850318916989743,0.2750726298429799,False,2,-8.917742596303846e-05,-0.00047589088564059523,,/work/11617/sujato_ts/vista/motion_code-master/physics_modal_v4/enhancements/results/central/runs/x_to_z/seed44/Weather/h336.json,00942fbdc6e338f0f7e47aa2d5faa88686c753f256679a9e2e14f0aa42eb4f1f,,0.5240197887077732,multiscale,44,"{'inducing_points': 32, 'latent_dim': 16, 'patch_lens': [8, 16, 32], 'representation_weight': 0.001}",8-16-32,,True,True,96,True,0,68.51673708879389,extension,x_to_z,0.0001,4
on,16,1,extension,0.6878154325737524,,/work/11617/sujato_ts/vista/motion_code-master/physics_modal_v4/enhancements/results/central/checkpoints/x_to_z/seed44/Weather/h720.pt,dee389a000ca5f21,preserved,2,False,Weather,16,95.2491947140079,latentflow-central-all28-five-seed-no-exchange-v2-selector-safe,central,10,latentflow_process_preserving_unfreeze2,5.0,0.001,720,,44.204674893229274,False,,0.0007,0.3484928376157003,2048,1024,LatentFlow,0.35022234465338536,0.02,9821.0,2020430,,0.34861569143513804,0.3508948760519777,False,2,-0.00012285381943771823,-0.0006725313985923576,,/work/11617/sujato_ts/vista/motion_code-master/physics_modal_v4/enhancements/results/central/runs/x_to_z/seed44/Weather/h720.json,9c65b8c259542f22075b96caa3a4bcd6f440b0e26ab930c78176f5b8a3366eba,,0.591795864004967,multiscale,44,"{'inducing_points': 32, 'latent_dim': 16, 'patch_lens': [8, 16, 32], 'representation_weight': 0.001}",8-16-32,,True,True,96,True,0,65.05768059523689,extension,x_to_z,0.0001,4
on,16,2,extension,0.4338852372907457,,/work/11617/sujato_ts/vista/motion_code-master/physics_modal_v4/enhancements/results/central/checkpoints/x_to_z/seed44/Weather/h96.pt,119b6b3058339244,preserved,2,False,Weather,16,93.091271586949,latentflow-central-all28-five-seed-no-exchange-v2-selector-safe,central,10,latentflow_process_preserving_unfreeze2,5.0,0.001,96,,41.16548384742213,False,,0.0007,0.2134250405999476,2048,1024,LatentFlow,0.1666775123741525,0.02,10445.0,1389340,,0.21463701233574736,0.1676124202927663,False,2,-0.0012119717357997606,-0.0009349079186138087,,/work/11617/sujato_ts/vista/motion_code-master/physics_modal_v4/enhancements/results/central/runs/x_to_z/seed44/Weather/h96.json,fb94ecb36e03b56752756d39608211b67273121884f3d6f5d9230534e42fc08f,,0.40826157347239095,multiscale,44,"{'inducing_points': 32, 'latent_dim': 16, 'patch_lens': [8, 16, 32], 'representation_weight': 0.001}",8-16-32,,True,True,96,True,0,63.06906676873041,extension,x_to_z,0.0001,4
on,16,2,extension,1.0172845824133783,,/work/11617/sujato_ts/vista/motion_code-master/physics_modal_v4/enhancements/results/central/checkpoints/x_to_z/seed45/ETTh1/h192.pt,740229dbec35d153,preserved,2,False,ETTh1,16,85.97605921886861,latentflow-central-all28-five-seed-no-exchange-v2-selector-safe,central,10,latentflow_process_preserving_unfreeze2,5.0,0.001,192,,30.055306840710298,False,,0.0007,0.44165039863012895,2048,1024,LatentFlow,0.45560523975534917,0.02,2689.0,1535526,,0.43936014096883713,0.45546616455614775,False,2,0.002290257661291817,0.00013907519920142164,,/work/11617/sujato_ts/vista/motion_code-master/physics_modal_v4/enhancements/results/central/runs/x_to_z/seed45/ETTh1/h192.json,64fb66efc022723b2c63d09791a72ea81dbd9e09208fe786bda958a91e760839,,0.6749853626230343,multiscale,45,"{'inducing_points': 32, 'latent_dim': 16, 'patch_lens': [16, 32, 48], 'representation_weight': 0.05}",16-32-48,,True,True,96,True,0,60.093324079753074,extension,x_to_z,0.0001,4
on,16,0,reference,1.2853201546636568,,/work/11617/sujato_ts/vista/motion_code-master/physics_modal_v4/enhancements/results/central/checkpoints/x_to_z/seed45/ETTh1/h336.pt,f3962b483ab4efbb,preserved,2,False,ETTh1,16,87.65234333090484,latentflow-central-all28-five-seed-no-exchange-v2-selector-safe,central,10,latentflow_process_preserving_unfreeze2,5.0,0.001,336,,7.4665680692731575,True,,0.0007,0.4569962442296437,2048,1024,LatentFlow,0.48986910685960405,0.02,2545.0,1676686,,0.4569962442296437,0.48986910685960405,False,2,0.0,0.0,,/work/11617/sujato_ts/vista/motion_code-master/physics_modal_v4/enhancements/results/central/runs/x_to_z/seed45/ETTh1/h336.json,1f7d9d1721fdaf1aeaa8b651315379c9c1f8b3af7e6697e8398c71f0735b40ca,,0.6999064986550733,multiscale,45,"{'inducing_points': 32, 'latent_dim': 16, 'patch_lens': [16, 32, 48], 'representation_weight': 0.05}",16-32-48,,True,True,96,True,0,61.27559317101259,reference,x_to_z,0.0001,4
on,16,0,reference,1.5614857582818895,,/work/11617/sujato_ts/vista/motion_code-master/physics_modal_v4/enhancements/results/central/checkpoints/x_to_z/seed45/ETTh1/h720.pt,4ea01f49ddd12758,preserved,2,False,ETTh1,16,86.59217202896252,latentflow-central-all28-five-seed-no-exchange-v2-selector-safe,central,10,latentflow_process_preserving_unfreeze2,5.0,0.001,720,,7.429586706071425,True,,0.0007,0.48077424157540805,2048,1024,LatentFlow,0.4952980946486845,0.02,2161.0,2055222,,0.48077424157540805,0.4952980946486845,False,2,0.0,0.0,,/work/11617/sujato_ts/vista/motion_code-master/physics_modal_v4/enhancements/results/central/runs/x_to_z/seed45/ETTh1/h720.json,7e6d46d9533c080070bb5c2072130954252f8f6a7490e07366a0eabc74f38632,,0.7037741787311357,multiscale,45,"{'inducing_points': 32, 'latent_dim': 16, 'patch_lens': [16, 32, 48], 'representation_weight': 0.05}",16-32-48,,True,True,96,True,0,61.16722231490712,reference,x_to_z,0.0001,4
on,16,2,extension,0.7630484905980882,,/work/11617/sujato_ts/vista/motion_code-master/physics_modal_v4/enhancements/results/central/checkpoints/x_to_z/seed45/ETTh1/h96.pt,890c1f0a3c1faae5,preserved,2,False,ETTh1,16,87.33873814018443,latentflow-central-all28-five-seed-no-exchange-v2-selector-safe,central,10,latentflow_process_preserving_unfreeze2,5.0,0.001,96,,29.78958356910186,False,,0.0007,0.4192893832241703,2048,1024,LatentFlow,0.4088697415208617,0.02,2785.0,1441682,,0.4119331443025443,0.3993355176974089,False,2,0.007356238921626013,0.009534223823452814,,/work/11617/sujato_ts/vista/motion_code-master/physics_modal_v4/enhancements/results/central/runs/x_to_z/seed45/ETTh1/h96.json,3d4f409c91fbcb1787416a25fe921a2b7503e18e620c0825025a078ed25d300d,,0.6394292310497399,multiscale,45,"{'inducing_points': 32, 'latent_dim': 16, 'patch_lens': [16, 32, 48], 'representation_weight': 0.05}",16-32-48,,True,True,96,True,0,60.89298289225553,extension,x_to_z,0.0001,4
on,16,0,reference,0.2715803688125951,,/work/11617/sujato_ts/vista/motion_code-master/physics_modal_v4/enhancements/results/central/checkpoints/x_to_z/seed45/ETTh2/h192.pt,ebba12c19bbbd8bc,preserved,2,False,ETTh2,16,86.61886448971927,latentflow-central-all28-five-seed-no-exchange-v2-selector-safe,central,10,latentflow_process_preserving_unfreeze2,5.0,0.001,192,,8.23483617229019,True,,0.0007,0.3962504142475208,2048,1024,LatentFlow,0.38262124571531453,0.02,2689.0,1505278,,0.3962504142475208,0.38262124571531453,False,2,0.0,0.0,,/work/11617/sujato_ts/vista/motion_code-master/physics_modal_v4/enhancements/results/central/runs/x_to_z/seed45/ETTh2/h192.json,fdf156d5d7f4abc15c37d0647c106b6f8cc6adc9ed590ecf450f4de288406102,,0.6185638574272785,multiscale,45,"{'inducing_points': 32, 'latent_dim': 8, 'patch_lens': [16, 32, 48], 'representation_weight': 0.001}",16-32-48,,True,True,96,True,0,61.000401884666644,reference,x_to_z,0.0001,4
on,16,5,extension,0.35755576061553695,,/work/11617/sujato_ts/vista/motion_code-master/physics_modal_v4/enhancements/results/central/checkpoints/x_to_z/seed45/ETTh2/h336.pt,df2c867be6ca797f,preserved,2,False,ETTh2,16,86.80845489609055,latentflow-central-all28-five-seed-no-exchange-v2-selector-safe,central,10,latentflow_process_preserving_unfreeze2,5.0,0.001,336,,28.974293878514178,False,,0.0007,0.44883001899619823,2048,1024,LatentFlow,0.45139428550891825,0.02,2545.0,1646438,,0.43800290746301246,0.43231183527695677,False,2,0.010827111533185774,0.01908245023196148,,/work/11617/sujato_ts/vista/motion_code-master/physics_modal_v4/enhancements/results/central/runs/x_to_z/seed45/ETTh2/h336.json,faef6b3f6844b9b77a17e5ec52bad154ff1ae59eef73ad7f9f8ff4be9653c820,,0.6718588285562066,multiscale,45,"{'inducing_points': 32, 'latent_dim': 8, 'patch_lens': [16, 32, 48], 'representation_weight': 0.001}",16-32-48,,True,True,96,True,0,61.26671307411016,extension,x_to_z,0.0001,4
on,16,0,reference,0.620609062058585,,/work/11617/sujato_ts/vista/motion_code-master/physics_modal_v4/enhancements/results/central/checkpoints/x_to_z/seed45/ETTh2/h720.pt,8a403c5fbfe65565,preserved,2,False,ETTh2,16,85.57181282201782,latentflow-central-all28-five-seed-no-exchange-v2-selector-safe,central,10,latentflow_process_preserving_unfreeze2,5.0,0.001,720,,7.675770721433045,True,,0.0007,0.44404134140585694,2048,1024,LatentFlow,0.4243852729579089,0.02,2161.0,2024974,,0.44404134140585694,0.4243852729579089,False,2,0.0,0.0,,/work/11617/sujato_ts/vista/motion_code-master/physics_modal_v4/enhancements/results/central/runs/x_to_z/seed45/ETTh2/h720.json,068948c6097e15721237fec6560688066a4a7ba421a550e8ab5310aaa8c6dc20,,0.6514485957908797,multiscale,45,"{'inducing_points': 32, 'latent_dim': 8, 'patch_lens': [16, 32, 48], 'representation_weight': 0.001}",16-32-48,,True,True,96,True,0,60.48091443508383,reference,x_to_z,0.0001,4
on,16,1,extension,0.22270467895127477,,/work/11617/sujato_ts/vista/motion_code-master/physics_modal_v4/enhancements/results/central/checkpoints/x_to_z/seed45/ETTh2/h96.pt,576cea65744dada4,preserved,2,False,ETTh2,16,87.70889390073717,latentflow-central-all28-five-seed-no-exchange-v2-selector-safe,central,10,latentflow_process_preserving_unfreeze2,5.0,0.001,96,,30.749871343040482,False,,0.0007,0.3489832318154239,2048,1024,LatentFlow,0.3012355772360702,0.02,2785.0,1411434,,0.35010995524881683,0.3019044523270933,False,2,-0.0011267234333929288,-0.0006688750910230912,,/work/11617/sujato_ts/vista/motion_code-master/physics_modal_v4/enhancements/results/central/runs/x_to_z/seed45/ETTh2/h96.json,5378420e345bf94e596760179732ff182a8eb2b977308c5232579a6890a8bb32,,0.548849321067331,multiscale,45,"{'inducing_points': 32, 'latent_dim': 8, 'patch_lens': [16, 32, 48], 'representation_weight': 0.001}",16-32-48,,True,True,96,True,0,61.827011113928165,extension,x_to_z,0.0001,4
on,16,0,reference,0.5113625996524379,,/work/11617/sujato_ts/vista/motion_code-master/physics_modal_v4/enhancements/results/central/checkpoints/x_to_z/seed45/ETTm1/h192.pt,f77a1ea3b2496584,preserved,2,False,ETTm1,16,89.08074607793242,latentflow-central-all28-five-seed-no-exchange-v2-selector-safe,central,10,latentflow_process_preserving_unfreeze2,5.0,0.001,192,,8.176646506232032,True,,0.0007,0.40250063238337175,2048,1024,LatentFlow,0.39295605597909256,0.02,11329.0,1493398,,0.40250063238337175,0.39295605597909256,False,2,0.0,0.0,,/work/11617/sujato_ts/vista/motion_code-master/physics_modal_v4/enhancements/results/central/runs/x_to_z/seed45/ETTm1/h192.json,210846f6761e896a26349efb954e05672bca378f0f5a27615fd84086950e5a68,,0.6268620709367353,multiscale,45,"{'inducing_points': 32, 'latent_dim': 8, 'patch_lens': [8, 24, 48], 'representation_weight': 0.01}",8-24-48,,True,True,96,True,0,59.491162721860746,reference,x_to_z,0.0001,4
on,16,0,reference,0.6596212520891306,,/work/11617/sujato_ts/vista/motion_code-master/physics_modal_v4/enhancements/results/central/checkpoints/x_to_z/seed45/ETTm1/h336.pt,a56ff70d1b5ec098,preserved,2,False,ETTm1,16,94.59005627175793,latentflow-central-all28-five-seed-no-exchange-v2-selector-safe,central,10,latentflow_process_preserving_unfreeze2,5.0,0.001,336,,7.667944358293512,True,,0.0007,0.43958715140634486,2048,1024,LatentFlow,0.4606223764176206,0.02,11185.0,1636816,,0.43958715140634486,0.4606223764176206,False,2,0.0,0.0,,/work/11617/sujato_ts/vista/motion_code-master/physics_modal_v4/enhancements/results/central/runs/x_to_z/seed45/ETTm1/h336.json,fcb2731bfd764175c2567c1768f0f902b808ceb76ce798c670a805ee60ed9b1e,,0.6786916652041785,multiscale,45,"{'inducing_points': 32, 'latent_dim': 8, 'patch_lens': [8, 24, 48], 'representation_weight': 0.01}",8-24-48,,True,True,96,True,0,63.46970537197194,reference,x_to_z,0.0001,4
on,16,0,reference,0.9999531471540057,,/work/11617/sujato_ts/vista/motion_code-master/physics_modal_v4/enhancements/results/central/checkpoints/x_to_z/seed45/ETTm1/h720.pt,eccfeed62effbacf,preserved,2,False,ETTm1,16,88.66590846981853,latentflow-central-all28-five-seed-no-exchange-v2-selector-safe,central,10,latentflow_process_preserving_unfreeze2,5.0,0.001,720,,7.783062221224693,True,,0.0007,0.45882212620774127,2048,1024,LatentFlow,0.4826467743064109,0.02,10801.0,2026480,,0.45882212620774127,0.4826467743064109,False,2,0.0,0.0,,/work/11617/sujato_ts/vista/motion_code-master/physics_modal_v4/enhancements/results/central/runs/x_to_z/seed45/ETTm1/h720.json,e4ecc446993a36cca53c125bfd42c3216ede7e856bd6d0fcae63557be47dc462,,0.6947278418966746,multiscale,45,"{'inducing_points': 32, 'latent_dim': 8, 'patch_lens': [8, 24, 48], 'representation_weight': 0.01}",8-24-48,,True,True,96,True,0,59.6833559062361,reference,x_to_z,0.0001,4
on,16,3,extension,0.39491601039965946,,/work/11617/sujato_ts/vista/motion_code-master/physics_modal_v4/enhancements/results/central/checkpoints/x_to_z/seed45/ETTm1/h96.pt,3e679f6fc2e7df99,preserved,2,False,ETTm1,16,89.83587140031159,latentflow-central-all28-five-seed-no-exchange-v2-selector-safe,central,10,latentflow_process_preserving_unfreeze2,5.0,0.001,96,,27.18707565139838,False,,0.0007,0.3831094459902561,2048,1024,LatentFlow,0.3484366858262649,0.02,11425.0,1398606,,0.3806962201733682,0.3441826463617657,False,2,0.0024132258168879095,0.004254039464499204,,/work/11617/sujato_ts/vista/motion_code-master/physics_modal_v4/enhancements/results/central/runs/x_to_z/seed45/ETTm1/h96.json,4f2b600c2b96c92671fc234faa0c74f69150cc57437f679a381de6dc1d9ad1a5,,0.5902852580119758,multiscale,45,"{'inducing_points': 32, 'latent_dim': 8, 'patch_lens': [8, 24, 48], 'representation_weight': 0.01}",8-24-48,,True,True,96,True,0,60.20109083510761,extension,x_to_z,0.0001,4
on,16,2,extension,0.16894309444441682,,/work/11617/sujato_ts/vista/motion_code-master/physics_modal_v4/enhancements/results/central/checkpoints/x_to_z/seed45/ETTm2/h192.pt,a8858fd1dde65df0,preserved,2,False,ETTm2,16,90.78463644394651,latentflow-central-all28-five-seed-no-exchange-v2-selector-safe,central,10,latentflow_process_preserving_unfreeze2,5.0,0.001,192,,29.34985724047269,False,,0.0007,0.3016737969470665,2048,1024,LatentFlow,0.2411162198431423,0.02,11329.0,1468534,,0.30330142306865804,0.2440229780396618,False,2,-0.0016276261215915633,-0.0029067581965195044,,/work/11617/sujato_ts/vista/motion_code-master/physics_modal_v4/enhancements/results/central/runs/x_to_z/seed45/ETTm2/h192.json,a75b474b1da022c267d1267f381f720f6abf4f39f0f7ee4a5e59a0f2aa04250a,,0.4910358641109041,multiscale,45,"{'inducing_points': 16, 'latent_dim': 8, 'patch_lens': [8, 16, 32], 'representation_weight': 0.001}",8-16-32,,True,True,96,True,0,60.701537559361896,extension,x_to_z,0.0001,4
on,16,2,extension,0.2179584094659001,,/work/11617/sujato_ts/vista/motion_code-master/physics_modal_v4/enhancements/results/central/checkpoints/x_to_z/seed45/ETTm2/h336.pt,e8e884d8702e0698,preserved,2,False,ETTm2,16,93.71381936967373,latentflow-central-all28-five-seed-no-exchange-v2-selector-safe,central,10,latentflow_process_preserving_unfreeze2,5.0,0.001,336,,28.42655450500612,False,,0.0007,0.34602539573478885,2048,1024,LatentFlow,0.30842513309922465,0.02,11185.0,1612484,,0.34664563749960886,0.310168011943214,False,2,-0.0006202417648200065,-0.0017428788439893261,,/work/11617/sujato_ts/vista/motion_code-master/physics_modal_v4/enhancements/results/central/runs/x_to_z/seed45/ETTm2/h336.json,0968866d3564171f344c526fb0eedef6848c1cdb68549259df69ba06ccdd7e00,,0.555360363277057,multiscale,45,"{'inducing_points': 16, 'latent_dim': 8, 'patch_lens': [8, 16, 32], 'representation_weight': 0.001}",8-16-32,,True,True,96,True,0,63.173265133809764,extension,x_to_z,0.0001,4
on,16,1,extension,0.30482245380916295,,/work/11617/sujato_ts/vista/motion_code-master/physics_modal_v4/enhancements/results/central/checkpoints/x_to_z/seed45/ETTm2/h720.pt,b9c6adce804f6fbf,preserved,2,False,ETTm2,16,92.59688555356115,latentflow-central-all28-five-seed-no-exchange-v2-selector-safe,central,10,latentflow_process_preserving_unfreeze2,5.0,0.001,720,,30.289427899598014,False,,0.0007,0.405929442361591,2048,1024,LatentFlow,0.41534960228502904,0.02,10801.0,2004620,,0.40612095146496446,0.4155853570173753,False,2,-0.00019150910337345506,-0.00023575473234627164,,/work/11617/sujato_ts/vista/motion_code-master/physics_modal_v4/enhancements/results/central/runs/x_to_z/seed45/ETTm2/h720.json,60792075122cdaa4880148319333dc2f37a32356956045ad4f6ee3251d9e049a,,0.6444762232115542,multiscale,45,"{'inducing_points': 16, 'latent_dim': 8, 'patch_lens': [8, 16, 32], 'representation_weight': 0.001}",8-16-32,,True,True,96,True,0,62.308323169418145,extension,x_to_z,0.0001,4
on,16,1,extension,0.12780537961849145,,/work/11617/sujato_ts/vista/motion_code-master/physics_modal_v4/enhancements/results/central/checkpoints/x_to_z/seed45/ETTm2/h96.pt,5c5be3a82761910a,preserved,2,False,ETTm2,16,92.37960918294266,latentflow-central-all28-five-seed-no-exchange-v2-selector-safe,central,10,latentflow_process_preserving_unfreeze2,5.0,0.001,96,,29.79177530126079,False,,0.0007,0.26127947523604583,2048,1024,LatentFlow,0.17827120625824933,0.02,11425.0,1373530,,0.26215322569830907,0.1793267550403356,False,2,-0.0008737504622632342,-0.0010555487820862741,,/work/11617/sujato_ts/vista/motion_code-master/physics_modal_v4/enhancements/results/central/runs/x_to_z/seed45/ETTm2/h96.json,fa4254a04320d96a16b52ae1c4490ae410aeb931a87852696f91d5efd1f45532,,0.42222175010087926,multiscale,45,"{'inducing_points': 16, 'latent_dim': 8, 'patch_lens': [8, 16, 32], 'representation_weight': 0.001}",8-16-32,,True,True,96,True,0,62.04275221025455,extension,x_to_z,0.0001,4
on,16,9,extension,0.14440041987819216,,/work/11617/sujato_ts/vista/motion_code-master/physics_modal_v4/enhancements/results/central/checkpoints/x_to_z/seed45/Electricity/h192.pt,e4a43e5f0abc9ff1,preserved,2,False,Electricity,16,465.4629324954003,latentflow-central-all28-five-seed-no-exchange-v2-selector-safe,central,10,latentflow_process_preserving_unfreeze2,5.0,0.001,192,,38.93242623674644,False,,0.0007,0.30178992190164894,2048,1024,LatentFlow,0.19735681030155275,0.02,5071.0,1482127,,0.2665284614537983,0.17529456341694755,False,2,0.03526146044785061,0.022062246884605202,,/work/11617/sujato_ts/vista/motion_code-master/physics_modal_v4/enhancements/results/central/runs/x_to_z/seed45/Electricity/h192.json,e923a2e189e38539783234f2daeb5d4030383b2d8ce25506ba47e2c43c8898ed,,0.44424859065792516,multiscale,45,"{'inducing_points': 32, 'latent_dim': 16, 'patch_lens': [8, 16, 32], 'representation_weight': 0.001}",8-16-32,,True,True,96,True,0,338.97714346967405,extension,x_to_z,0.0001,4
on,16,9,extension,0.16119421007654078,,/work/11617/sujato_ts/vista/motion_code-master/physics_modal_v4/enhancements/results/central/checkpoints/x_to_z/seed45/Electricity/h336.pt,fe256f13f152f88f,preserved,2,False,Electricity,16,478.67447358416393,latentflow-central-all28-five-seed-no-exchange-v2-selector-safe,central,10,latentflow_process_preserving_unfreeze2,5.0,0.001,336,,36.989594246374395,False,,0.0007,0.3319019682936723,2048,1024,LatentFlow,0.22684224057804497,0.02,4927.0,1626077,,0.2820610529226776,0.19104857623485663,False,2,0.04984091537099472,0.03579366434318834,,/work/11617/sujato_ts/vista/motion_code-master/physics_modal_v4/enhancements/results/central/runs/x_to_z/seed45/Electricity/h336.json,40e024153bc336db5c5a2dec88e85d06e38c7503b6cbfcaa3f7465616f468921,,0.4762795823652794,multiscale,45,"{'inducing_points': 32, 'latent_dim': 16, 'patch_lens': [8, 16, 32], 'representation_weight': 0.001}",8-16-32,,True,True,96,True,0,349.5629999657467,extension,x_to_z,0.0001,4
on,16,7,extension,0.20153574106725453,,/work/11617/sujato_ts/vista/motion_code-master/physics_modal_v4/enhancements/results/central/checkpoints/x_to_z/seed45/Electricity/h720.pt,63b1e8a3cce60396,preserved,2,False,Electricity,16,493.0637058360735,latentflow-central-all28-five-seed-no-exchange-v2-selector-safe,central,10,latentflow_process_preserving_unfreeze2,5.0,0.001,720,,41.471828707281134,False,,0.0007,0.3422155832924658,2048,1024,LatentFlow,0.2515978268955137,0.02,4543.0,2018213,,0.32463368513362695,0.24211678077606394,False,2,0.01758189815883887,0.009481046119449749,,/work/11617/sujato_ts/vista/motion_code-master/physics_modal_v4/enhancements/results/central/runs/x_to_z/seed45/Electricity/h720.json,0af4f37d33fe3eb7ec83c37608d245ad207d0fbae0b49077745496de93885a28,,0.5015952819709468,multiscale,45,"{'inducing_points': 32, 'latent_dim': 16, 'patch_lens': [8, 16, 32], 'representation_weight': 0.001}",8-16-32,,True,True,96,True,0,363.54471886643296,extension,x_to_z,0.0001,4
on,16,10,extension,0.13288671551958917,,/work/11617/sujato_ts/vista/motion_code-master/physics_modal_v4/enhancements/results/central/checkpoints/x_to_z/seed45/Electricity/h96.pt,792b498041796cc7,preserved,2,False,Electricity,16,464.7851285263896,latentflow-central-all28-five-seed-no-exchange-v2-selector-safe,central,10,latentflow_process_preserving_unfreeze2,5.0,0.001,96,,38.58404369440919,False,,0.0007,0.2958348406026551,2048,1024,LatentFlow,0.1938718919610142,0.02,5167.0,1387123,,0.25727565885079723,0.16459865282916966,False,2,0.03855918175185785,0.029273239131844542,,/work/11617/sujato_ts/vista/motion_code-master/physics_modal_v4/enhancements/results/central/runs/x_to_z/seed45/Electricity/h96.json,d56f35813a870e0cb377a0441f66cc19a55aee5bf5896a9e05db6a8b88be33da,,0.4403088597348618,multiscale,45,"{'inducing_points': 32, 'latent_dim': 16, 'patch_lens': [8, 16, 32], 'representation_weight': 0.001}",8-16-32,,True,True,96,True,0,337.7289803349413,extension,x_to_z,0.0001,4
on,16,10,extension,0.38478463948095665,,/work/11617/sujato_ts/vista/motion_code-master/physics_modal_v4/enhancements/results/central/checkpoints/x_to_z/seed45/Traffic/h192.pt,24462ab5637b0104,preserved,2,False,Traffic,16,1113.67464939598,latentflow-central-all28-five-seed-no-exchange-v2-selector-safe,central,10,latentflow_process_preserving_unfreeze2,5.0,0.001,192,,87.4180802659262,False,,0.0007,0.3807248303226277,2048,1024,LatentFlow,0.5151326384156721,0.02,3319.0,1483750,,0.30840479394333203,0.4627301891851882,False,2,0.07232003637929568,0.05240244923048393,,/work/11617/sujato_ts/vista/motion_code-master/physics_modal_v4/enhancements/results/central/runs/x_to_z/seed45/Traffic/h192.json,ec50f0e8b1daeb3213df961917c326653c1d82d4a2b49db35aa192644c59ed0c,,0.7177274123340087,multiscale,45,"{'inducing_points': 32, 'latent_dim': 16, 'patch_lens': [8, 16, 32], 'representation_weight': 0.001}",8-16-32,,True,True,96,True,0,844.2776301179947,extension,x_to_z,0.0001,4
on,16,9,extension,0.397767149352353,,/work/11617/sujato_ts/vista/motion_code-master/physics_modal_v4/enhancements/results/central/checkpoints/x_to_z/seed45/Traffic/h336.pt,23689a10433eb83c,preserved,2,False,Traffic,16,1165.6660687047988,latentflow-central-all28-five-seed-no-exchange-v2-selector-safe,central,10,latentflow_process_preserving_unfreeze2,5.0,0.001,336,,91.5393592511078,False,,0.0007,0.3751054544466201,2048,1024,LatentFlow,0.5254427286550754,0.02,3175.0,1627700,,0.3113033041670799,0.48136893085398835,False,2,0.06380215027954017,0.044073797801087,,/work/11617/sujato_ts/vista/motion_code-master/physics_modal_v4/enhancements/results/central/runs/x_to_z/seed45/Traffic/h336.json,73336dad6fad05fe7048b59f0fb6aace86dd54425c59c8ecc5ebb26de5fe9495,,0.7248742847246517,multiscale,45,"{'inducing_points': 32, 'latent_dim': 16, 'patch_lens': [8, 16, 32], 'representation_weight': 0.001}",8-16-32,,True,True,96,True,0,883.7950089928199,extension,x_to_z,0.0001,4
on,16,9,extension,0.4401108956392293,,/work/11617/sujato_ts/vista/motion_code-master/physics_modal_v4/enhancements/results/central/checkpoints/x_to_z/seed45/Traffic/h720.pt,b1a2fa7f661aa9c7,preserved,2,False,Traffic,16,1275.5631392979994,latentflow-central-all28-five-seed-no-exchange-v2-selector-safe,central,10,latentflow_process_preserving_unfreeze2,5.0,0.001,720,,100.5984783360277,False,,0.0007,0.3932770324306187,2048,1024,LatentFlow,0.5587874146917402,0.02,2791.0,2019836,,0.32861205325498655,0.5060871590050963,False,2,0.06466497917563213,0.05270025568664394,,/work/11617/sujato_ts/vista/motion_code-master/physics_modal_v4/enhancements/results/central/runs/x_to_z/seed45/Traffic/h720.json,88aad14b6b50adcfba64acc51867e9c7af9f1b441f7e333954cc999b772fde20,,0.7475208456569892,multiscale,45,"{'inducing_points': 32, 'latent_dim': 16, 'patch_lens': [8, 16, 32], 'representation_weight': 0.001}",8-16-32,,True,True,96,True,0,967.8247077445121,extension,x_to_z,0.0001,4
on,16,9,extension,0.39387803158830137,,/work/11617/sujato_ts/vista/motion_code-master/physics_modal_v4/enhancements/results/central/checkpoints/x_to_z/seed45/Traffic/h96.pt,42c4fa02d0d26ee7,preserved,2,False,Traffic,16,1097.284646942746,latentflow-central-all28-five-seed-no-exchange-v2-selector-safe,central,10,latentflow_process_preserving_unfreeze2,5.0,0.001,96,,87.28409489669221,False,,0.0007,0.3694748758499615,2048,1024,LatentFlow,0.5044930500876899,0.02,3415.0,1388746,,0.3135031868017734,0.45799241917177924,False,2,0.05597168904818811,0.04650063091591061,,/work/11617/sujato_ts/vista/motion_code-master/physics_modal_v4/enhancements/results/central/runs/x_to_z/seed45/Traffic/h96.json,cc5468380337d6e56defc4f8f1cad415c684d8790d0587aaaaa59c78d9046e01,,0.7102767419025418,multiscale,45,"{'inducing_points': 32, 'latent_dim': 16, 'patch_lens': [8, 16, 32], 'representation_weight': 0.001}",8-16-32,,True,True,96,True,0,830.9894293095567,extension,x_to_z,0.0001,4
on,16,3,extension,0.4858831524375885,,/work/11617/sujato_ts/vista/motion_code-master/physics_modal_v4/enhancements/results/central/checkpoints/x_to_z/seed45/Weather/h192.pt,2285b02c786b97e9,preserved,2,False,Weather,16,91.51285949489102,latentflow-central-all28-five-seed-no-exchange-v2-selector-safe,central,10,latentflow_process_preserving_unfreeze2,5.0,0.001,192,,44.08865865868653,False,,0.0007,0.25921829610235514,2048,1024,LatentFlow,0.21857881419422107,0.02,10349.0,1484344,,0.25972269854933,0.21939001848127834,False,2,-0.0005044024469748609,-0.0008112042870572767,,/work/11617/sujato_ts/vista/motion_code-master/physics_modal_v4/enhancements/results/central/runs/x_to_z/seed45/Weather/h192.json,69351918ac067b2e28b84b7c1bb527021a603c70aafd653b6a3fcbba2dbe7244,,0.46752413220519545,multiscale,45,"{'inducing_points': 32, 'latent_dim': 16, 'patch_lens': [8, 16, 32], 'representation_weight': 0.001}",8-16-32,,True,True,96,True,0,62.11642416874383,extension,x_to_z,0.0001,4
on,16,4,extension,0.5620949453507421,,/work/11617/sujato_ts/vista/motion_code-master/physics_modal_v4/enhancements/results/central/checkpoints/x_to_z/seed45/Weather/h336.pt,b0749c0da45c1482,preserved,2,False,Weather,16,101.72264996916056,latentflow-central-all28-five-seed-no-exchange-v2-selector-safe,central,10,latentflow_process_preserving_unfreeze2,5.0,0.001,336,,40.5319797888445,False,,0.0007,0.30021262740216226,2048,1024,LatentFlow,0.27674155878162804,0.02,10205.0,1628294,,0.30122201465247034,0.27820171240198194,False,2,-0.0010093872503080803,-0.001460153620353899,,/work/11617/sujato_ts/vista/motion_code-master/physics_modal_v4/enhancements/results/central/runs/x_to_z/seed45/Weather/h336.json,b1d2454a5e91602ac924a73588800c4b6631a941e4123362a707acb868238f5d,,0.526062314542325,multiscale,45,"{'inducing_points': 32, 'latent_dim': 16, 'patch_lens': [8, 16, 32], 'representation_weight': 0.001}",8-16-32,,True,True,96,True,0,68.72072631522315,extension,x_to_z,0.0001,4
on,16,4,extension,0.6861901666752245,,/work/11617/sujato_ts/vista/motion_code-master/physics_modal_v4/enhancements/results/central/checkpoints/x_to_z/seed45/Weather/h720.pt,082118256f44a710,preserved,2,False,Weather,16,98.03750147297978,latentflow-central-all28-five-seed-no-exchange-v2-selector-safe,central,10,latentflow_process_preserving_unfreeze2,5.0,0.001,720,,46.7744304485059,False,,0.0007,0.3487673427811867,2048,1024,LatentFlow,0.3508478737905322,0.02,9821.0,2020430,,0.34876944269920834,0.3508158971610765,False,2,-2.0999180216363378e-06,3.197662945575441e-05,,/work/11617/sujato_ts/vista/motion_code-master/physics_modal_v4/enhancements/results/central/runs/x_to_z/seed45/Weather/h720.json,e67c23611543e7f99a83458bcbba4bdbec9818164b37960d7ed6ea7274bc93ed,,0.5923241289957148,multiscale,45,"{'inducing_points': 32, 'latent_dim': 16, 'patch_lens': [8, 16, 32], 'representation_weight': 0.001}",8-16-32,,True,True,96,True,0,66.86318243901042,extension,x_to_z,0.0001,4
on,16,6,extension,0.42887722405176315,,/work/11617/sujato_ts/vista/motion_code-master/physics_modal_v4/enhancements/results/central/checkpoints/x_to_z/seed45/Weather/h96.pt,be96b08e6816559e,preserved,2,False,Weather,16,92.92139971395954,latentflow-central-all28-five-seed-no-exchange-v2-selector-safe,central,10,latentflow_process_preserving_unfreeze2,5.0,0.001,96,,44.15079192709057,False,,0.0007,0.21249654178404456,2048,1024,LatentFlow,0.1659189184431553,0.02,10445.0,1389340,,0.21526523111739862,0.16898268626653212,False,2,-0.0027686893333540574,-0.003063767823376834,,/work/11617/sujato_ts/vista/motion_code-master/physics_modal_v4/enhancements/results/central/runs/x_to_z/seed45/Weather/h96.json,4d61e888a5fbf9309e80098c4234c0cc683e7e6b9e96cddc94703027c0547f8a,,0.40733146016868776,multiscale,45,"{'inducing_points': 32, 'latent_dim': 16, 'patch_lens': [8, 16, 32], 'representation_weight': 0.001}",8-16-32,,True,True,96,True,0,62.87179389910307,extension,x_to_z,0.0001,4
on,16,0,reference,1.0230432014380182,,/work/11617/sujato_ts/vista/motion_code-master/physics_modal_v4/enhancements/results/central/checkpoints/x_to_z/seed46/ETTh1/h192.pt,4c4c6917812b2779,preserved,2,False,ETTh1,16,84.93822637572885,latentflow-central-all28-five-seed-no-exchange-v2-selector-safe,central,10,latentflow_process_preserving_unfreeze2,5.0,0.001,192,,7.992800603994352,True,,0.0007,0.43696133683285093,2048,1024,LatentFlow,0.44908814311257633,0.02,2689.0,1535526,,0.43696133683285093,0.44908814311257633,False,2,0.0,0.0,,/work/11617/sujato_ts/vista/motion_code-master/physics_modal_v4/enhancements/results/central/runs/x_to_z/seed46/ETTh1/h192.json,4a782d159a3a8b96602f083e3f01e40a932da9835be20006aa3561a4d3483492,,0.6701403905992955,multiscale,46,"{'inducing_points': 32, 'latent_dim': 16, 'patch_lens': [16, 32, 48], 'representation_weight': 0.05}",16-32-48,,True,True,96,True,0,59.48325062927324,reference,x_to_z,0.0001,4
on,16,1,extension,1.286507216440577,,/work/11617/sujato_ts/vista/motion_code-master/physics_modal_v4/enhancements/results/central/checkpoints/x_to_z/seed46/ETTh1/h336.pt,3329929422e3328f,preserved,2,False,ETTh1,16,92.6710777245462,latentflow-central-all28-five-seed-no-exchange-v2-selector-safe,central,10,latentflow_process_preserving_unfreeze2,5.0,0.001,336,,28.732180890120283,False,,0.0007,0.4540914077568113,2048,1024,LatentFlow,0.4781916464009033,0.02,2545.0,1676686,,0.4549913390898745,0.48266760462079833,False,2,-0.0008999313330632086,-0.004475958219895049,,/work/11617/sujato_ts/vista/motion_code-master/physics_modal_v4/enhancements/results/central/runs/x_to_z/seed46/ETTh1/h336.json,6767c6e91623f6eb1c3f1d9def64dd757198657e261c49a0f33c1c54b1e24c3a,,0.6915140247318946,multiscale,46,"{'inducing_points': 32, 'latent_dim': 16, 'patch_lens': [16, 32, 48], 'representation_weight': 0.05}",16-32-48,,True,True,96,True,0,65.06460942546255,extension,x_to_z,0.0001,4
on,16,0,reference,1.5673880440848214,,/work/11617/sujato_ts/vista/motion_code-master/physics_modal_v4/enhancements/results/central/checkpoints/x_to_z/seed46/ETTh1/h720.pt,9be5780cda164187,preserved,2,False,ETTh1,16,85.34560071816668,latentflow-central-all28-five-seed-no-exchange-v2-selector-safe,central,10,latentflow_process_preserving_unfreeze2,5.0,0.001,720,,8.035311169588743,True,,0.0007,0.48477995297188375,2048,1024,LatentFlow,0.5024117612303217,0.02,2161.0,2055222,,0.48477995297188375,0.5024117612303217,False,2,0.0,0.0,,/work/11617/sujato_ts/vista/motion_code-master/physics_modal_v4/enhancements/results/central/runs/x_to_z/seed46/ETTh1/h720.json,5707cff5d5cae7db7c0120e4fee49e589bd9a3573d22290d6799cc09ce151c78,,0.7088101023760325,multiscale,46,"{'inducing_points': 32, 'latent_dim': 16, 'patch_lens': [16, 32, 48], 'representation_weight': 0.05}",16-32-48,,True,True,96,True,0,60.35472622170346,reference,x_to_z,0.0001,4
on,16,3,extension,0.7623415323240417,,/work/11617/sujato_ts/vista/motion_code-master/physics_modal_v4/enhancements/results/central/checkpoints/x_to_z/seed46/ETTh1/h96.pt,e8611c35c52f0fc4,preserved,2,False,ETTh1,16,89.73522238014266,latentflow-central-all28-five-seed-no-exchange-v2-selector-safe,central,10,latentflow_process_preserving_unfreeze2,5.0,0.001,96,,29.520346282448383,False,,0.0007,0.41709726010264114,2048,1024,LatentFlow,0.4048678949040878,0.02,2785.0,1441682,,0.4071548060371273,0.39336411556933,False,2,0.009942454065513862,0.011503779334757824,,/work/11617/sujato_ts/vista/motion_code-master/physics_modal_v4/enhancements/results/central/runs/x_to_z/seed46/ETTh1/h96.json,ce289e637f869e05d393222760f08f6f64969b6d866cbaf539a7038244ae9cb8,,0.6362923030369673,multiscale,46,"{'inducing_points': 32, 'latent_dim': 16, 'patch_lens': [16, 32, 48], 'representation_weight': 0.05}",16-32-48,,True,True,96,True,0,62.73801911574992,extension,x_to_z,0.0001,4
on,16,0,reference,0.27593773071255,,/work/11617/sujato_ts/vista/motion_code-master/physics_modal_v4/enhancements/results/central/checkpoints/x_to_z/seed46/ETTh2/h192.pt,94c3fef3e5d86449,preserved,2,False,ETTh2,16,86.05135933682323,latentflow-central-all28-five-seed-no-exchange-v2-selector-safe,central,10,latentflow_process_preserving_unfreeze2,5.0,0.001,192,,7.88997429350536,True,,0.0007,0.4010127329049908,2048,1024,LatentFlow,0.38344777443369743,0.02,2689.0,1505278,,0.4010127329049908,0.38344777443369743,False,2,0.0,0.0,,/work/11617/sujato_ts/vista/motion_code-master/physics_modal_v4/enhancements/results/central/runs/x_to_z/seed46/ETTh2/h192.json,d925d01661deeb464a082c446eb1494173666d1e229d7c8fe5f4ed6db9d9aec7,,0.6192315999960737,multiscale,46,"{'inducing_points': 32, 'latent_dim': 8, 'patch_lens': [16, 32, 48], 'representation_weight': 0.001}",16-32-48,,True,True,96,True,0,60.5980770997121,reference,x_to_z,0.0001,4
on,16,2,extension,0.3567296580797961,,/work/11617/sujato_ts/vista/motion_code-master/physics_modal_v4/enhancements/results/central/checkpoints/x_to_z/seed46/ETTh2/h336.pt,1dfa14b48344d5c4,preserved,2,False,ETTh2,16,88.22165671712719,latentflow-central-all28-five-seed-no-exchange-v2-selector-safe,central,10,latentflow_process_preserving_unfreeze2,5.0,0.001,336,,29.144748087524423,False,,0.0007,0.4324816489604268,2048,1024,LatentFlow,0.4206777512344498,0.02,2545.0,1646438,,0.42783686345478456,0.41502608460654644,False,2,0.004644785505642235,0.00565166662790334,,/work/11617/sujato_ts/vista/motion_code-master/physics_modal_v4/enhancements/results/central/runs/x_to_z/seed46/ETTh2/h336.json,641164e77c4fff19c76f49008ed5a3894a1ecf495cc8db3a4391461e3a1d339e,,0.6485967554917692,multiscale,46,"{'inducing_points': 32, 'latent_dim': 8, 'patch_lens': [16, 32, 48], 'representation_weight': 0.001}",16-32-48,,True,True,96,True,0,62.25609758985229,extension,x_to_z,0.0001,4
on,16,2,extension,0.6224017374099247,,/work/11617/sujato_ts/vista/motion_code-master/physics_modal_v4/enhancements/results/central/checkpoints/x_to_z/seed46/ETTh2/h720.pt,b0d8ac823d5dc27a,preserved,2,False,ETTh2,16,83.04784882813692,latentflow-central-all28-five-seed-no-exchange-v2-selector-safe,central,10,latentflow_process_preserving_unfreeze2,5.0,0.001,720,,29.434945111583446,False,,0.0007,0.46763010281755674,2048,1024,LatentFlow,0.4572336940950732,0.02,2161.0,2024974,,0.45505043959425506,0.4425535165026244,False,2,0.012579663223301674,0.014680177592448773,,/work/11617/sujato_ts/vista/motion_code-master/physics_modal_v4/enhancements/results/central/runs/x_to_z/seed46/ETTh2/h720.json,b14a6305d61214314a12f2ffa1e7a0120bf5639bdd73c9c96f17d88d8056a0d4,,0.6761905752782075,multiscale,46,"{'inducing_points': 32, 'latent_dim': 8, 'patch_lens': [16, 32, 48], 'representation_weight': 0.001}",16-32-48,,True,True,96,True,0,58.70806723105488,extension,x_to_z,0.0001,4
on,16,0,reference,0.2203803869585196,,/work/11617/sujato_ts/vista/motion_code-master/physics_modal_v4/enhancements/results/central/checkpoints/x_to_z/seed46/ETTh2/h96.pt,99c6e3215da33402,preserved,2,False,ETTh2,16,85.06744202901609,latentflow-central-all28-five-seed-no-exchange-v2-selector-safe,central,10,latentflow_process_preserving_unfreeze2,5.0,0.001,96,,7.669563464432782,True,,0.0007,0.3458137481632707,2048,1024,LatentFlow,0.298961461420965,0.02,2785.0,1411434,,0.3458137481632707,0.298961461420965,False,2,0.0,0.0,,/work/11617/sujato_ts/vista/motion_code-master/physics_modal_v4/enhancements/results/central/runs/x_to_z/seed46/ETTh2/h96.json,7487549bc356d50d5dc530547f7d27a8ee68269e3267093609f202388de82d4f,,0.5467736839140716,multiscale,46,"{'inducing_points': 32, 'latent_dim': 8, 'patch_lens': [16, 32, 48], 'representation_weight': 0.001}",16-32-48,,True,True,96,True,0,59.977775333754835,reference,x_to_z,0.0001,4
on,16,0,reference,0.5149844826332161,,/work/11617/sujato_ts/vista/motion_code-master/physics_modal_v4/enhancements/results/central/checkpoints/x_to_z/seed46/ETTm1/h192.pt,2b143bd173208ae5,preserved,2,False,ETTm1,16,90.25559533108026,latentflow-central-all28-five-seed-no-exchange-v2-selector-safe,central,10,latentflow_process_preserving_unfreeze2,5.0,0.001,192,,7.745720906501908,True,,0.0007,0.4032480942658258,2048,1024,LatentFlow,0.39587090706678846,0.02,11329.0,1493398,,0.4032480942658258,0.39587090706678846,False,2,0.0,0.0,,/work/11617/sujato_ts/vista/motion_code-master/physics_modal_v4/enhancements/results/central/runs/x_to_z/seed46/ETTm1/h192.json,f81e66a4e19fac908764a1dd413cb8ddeadc6a2a749e7be00e3efb4365f40ee2,,0.629182729472757,multiscale,46,"{'inducing_points': 32, 'latent_dim': 8, 'patch_lens': [8, 24, 48], 'representation_weight': 0.01}",8-24-48,,True,True,96,True,0,60.36797012893658,reference,x_to_z,0.0001,4
on,16,2,extension,0.6600306988978872,,/work/11617/sujato_ts/vista/motion_code-master/physics_modal_v4/enhancements/results/central/checkpoints/x_to_z/seed46/ETTm1/h336.pt,0aad212a1b184a50,preserved,2,False,ETTm1,16,85.90838447597343,latentflow-central-all28-five-seed-no-exchange-v2-selector-safe,central,10,latentflow_process_preserving_unfreeze2,5.0,0.001,336,,27.996151981592433,False,,0.0007,0.42358798051570734,2048,1024,LatentFlow,0.42150551439873385,0.02,11185.0,1636816,,0.42341318073679707,0.42376814818068975,False,2,0.00017479977891027287,-0.002262633781955903,,/work/11617/sujato_ts/vista/motion_code-master/physics_modal_v4/enhancements/results/central/runs/x_to_z/seed46/ETTm1/h336.json,29b78ec5b71c3257f95c3c996d6db4f409d94fcc72997a9b587df903d51bd5f3,,0.6492345603853309,multiscale,46,"{'inducing_points': 32, 'latent_dim': 8, 'patch_lens': [8, 24, 48], 'representation_weight': 0.01}",8-24-48,,True,True,96,True,0,57.69310242494612,extension,x_to_z,0.0001,4
on,16,1,extension,0.9984704528536116,,/work/11617/sujato_ts/vista/motion_code-master/physics_modal_v4/enhancements/results/central/checkpoints/x_to_z/seed46/ETTm1/h720.pt,a5f73c2784629659,preserved,2,False,ETTm1,16,90.20602720789611,latentflow-central-all28-five-seed-no-exchange-v2-selector-safe,central,10,latentflow_process_preserving_unfreeze2,5.0,0.001,720,,29.34106830673331,False,,0.0007,0.4602674010809523,2048,1024,LatentFlow,0.48396857320620557,0.02,10801.0,2026480,,0.46232926631704946,0.4863695690212721,False,2,-0.002061865236097138,-0.002400995815066531,,/work/11617/sujato_ts/vista/motion_code-master/physics_modal_v4/enhancements/results/central/runs/x_to_z/seed46/ETTm1/h720.json,1351d6bd6fc847ee195b772ef3104347c792dbd06ef7843d7d1ed56f9afa908c,,0.6956784984504017,multiscale,46,"{'inducing_points': 32, 'latent_dim': 8, 'patch_lens': [8, 24, 48], 'representation_weight': 0.01}",8-24-48,,True,True,96,True,0,60.71883887962031,extension,x_to_z,0.0001,4
on,16,1,extension,0.395753921320041,,/work/11617/sujato_ts/vista/motion_code-master/physics_modal_v4/enhancements/results/central/checkpoints/x_to_z/seed46/ETTm1/h96.pt,0223928a595af579,preserved,2,False,ETTm1,16,94.86909833177924,latentflow-central-all28-five-seed-no-exchange-v2-selector-safe,central,10,latentflow_process_preserving_unfreeze2,5.0,0.001,96,,29.270410545556942,False,,0.0007,0.372265147983972,2048,1024,LatentFlow,0.33361317464556806,0.02,11425.0,1398606,,0.37149360342722354,0.33439381997312273,False,2,0.000771544556748438,-0.0007806453275546743,,/work/11617/sujato_ts/vista/motion_code-master/physics_modal_v4/enhancements/results/central/runs/x_to_z/seed46/ETTm1/h96.json,144e59f4f768b34e7bc528e262f62fe64e58ceaf07852f9f2f690e99f54c5828,,0.5775925680317987,multiscale,46,"{'inducing_points': 32, 'latent_dim': 8, 'patch_lens': [8, 24, 48], 'representation_weight': 0.01}",8-24-48,,True,True,96,True,0,63.644452176231425,extension,x_to_z,0.0001,4
on,16,0,reference,0.17014864184671924,,/work/11617/sujato_ts/vista/motion_code-master/physics_modal_v4/enhancements/results/central/checkpoints/x_to_z/seed46/ETTm2/h192.pt,7a222f1f0646ef05,preserved,2,False,ETTm2,16,90.61106760706753,latentflow-central-all28-five-seed-no-exchange-v2-selector-safe,central,10,latentflow_process_preserving_unfreeze2,5.0,0.001,192,,6.787693768191708,True,,0.0007,0.300782304084927,2048,1024,LatentFlow,0.24018694105602445,0.02,11329.0,1468534,,0.300782304084927,0.24018694105602445,False,2,0.0,0.0,,/work/11617/sujato_ts/vista/motion_code-master/physics_modal_v4/enhancements/results/central/runs/x_to_z/seed46/ETTm2/h192.json,d88c1b792cfbdb1a1cca147d054fe3cce51a6ac14108a543a895d89655cc4b32,,0.4900887073337076,multiscale,46,"{'inducing_points': 16, 'latent_dim': 8, 'patch_lens': [8, 16, 32], 'representation_weight': 0.001}",8-16-32,,True,True,96,True,0,60.591350312461145,reference,x_to_z,0.0001,4
on,16,0,reference,0.2164184902192784,,/work/11617/sujato_ts/vista/motion_code-master/physics_modal_v4/enhancements/results/central/checkpoints/x_to_z/seed46/ETTm2/h336.pt,e29d0ce258aa1faa,preserved,2,False,ETTm2,16,97.94776959391311,latentflow-central-all28-five-seed-no-exchange-v2-selector-safe,central,10,latentflow_process_preserving_unfreeze2,5.0,0.001,336,,7.1815705771776805,True,,0.0007,0.34648394825235657,2048,1024,LatentFlow,0.30777939181879294,0.02,11185.0,1612484,,0.34648394825235657,0.30777939181879294,False,2,0.0,0.0,,/work/11617/sujato_ts/vista/motion_code-master/physics_modal_v4/enhancements/results/central/runs/x_to_z/seed46/ETTm2/h336.json,6e446ec48bb045562cea80155cd7f7fbda4c1613650ad84021c17bf5dbb0f0a7,,0.5547786872427535,multiscale,46,"{'inducing_points': 16, 'latent_dim': 8, 'patch_lens': [8, 16, 32], 'representation_weight': 0.001}",8-16-32,,True,True,96,True,0,65.68358023287146,reference,x_to_z,0.0001,4
on,16,0,reference,0.29964046998629495,,/work/11617/sujato_ts/vista/motion_code-master/physics_modal_v4/enhancements/results/central/checkpoints/x_to_z/seed46/ETTm2/h720.pt,40a09cb8ab6f6c44,preserved,2,False,ETTm2,16,93.0778155666776,latentflow-central-all28-five-seed-no-exchange-v2-selector-safe,central,10,latentflow_process_preserving_unfreeze2,5.0,0.001,720,,7.593246923347808,True,,0.0007,0.40494165511476077,2048,1024,LatentFlow,0.41341775118483637,0.02,10801.0,2004620,,0.40494165511476077,0.41341775118483637,False,2,0.0,0.0,,/work/11617/sujato_ts/vista/motion_code-master/physics_modal_v4/enhancements/results/central/runs/x_to_z/seed46/ETTm2/h720.json,441e11db9b4bfbf3d8b8edab7459567908e32a12402877c9fe465d7902582ee1,,0.6429757003066573,multiscale,46,"{'inducing_points': 16, 'latent_dim': 8, 'patch_lens': [8, 16, 32], 'representation_weight': 0.001}",8-16-32,,True,True,96,True,0,62.61850037262775,reference,x_to_z,0.0001,4
on,16,1,extension,0.1294767234385723,,/work/11617/sujato_ts/vista/motion_code-master/physics_modal_v4/enhancements/results/central/checkpoints/x_to_z/seed46/ETTm2/h96.pt,6dbb1a435910253f,preserved,2,False,ETTm2,16,89.00617766799405,latentflow-central-all28-five-seed-no-exchange-v2-selector-safe,central,10,latentflow_process_preserving_unfreeze2,5.0,0.001,96,,28.880336076324234,False,,0.0007,0.259013655160608,2048,1024,LatentFlow,0.1743045745929902,0.02,11425.0,1373530,,0.2605228048207127,0.17592421691765744,False,2,-0.001509149660104736,-0.001619642324667242,,/work/11617/sujato_ts/vista/motion_code-master/physics_modal_v4/enhancements/results/central/runs/x_to_z/seed46/ETTm2/h96.json,f8cf7170e72c680af7aa2e4f59c749cb5ef4148f7a56feac4057c950a31106f0,,0.41749799351971767,multiscale,46,"{'inducing_points': 16, 'latent_dim': 8, 'patch_lens': [8, 16, 32], 'representation_weight': 0.001}",8-16-32,,True,True,96,True,0,59.85686015774263,extension,x_to_z,0.0001,4
on,16,9,extension,0.14395684644440623,,/work/11617/sujato_ts/vista/motion_code-master/physics_modal_v4/enhancements/results/central/checkpoints/x_to_z/seed46/Electricity/h192.pt,7be6200a047d9dd9,preserved,2,False,Electricity,16,475.3337114471942,latentflow-central-all28-five-seed-no-exchange-v2-selector-safe,central,10,latentflow_process_preserving_unfreeze2,5.0,0.001,192,,39.33549998990167,False,,0.0007,0.28346247114205264,2048,1024,LatentFlow,0.18656721486227906,0.02,5071.0,1482127,,0.2648719766273542,0.17412285292431368,False,2,0.018590494514698463,0.012444361937965387,,/work/11617/sujato_ts/vista/motion_code-master/physics_modal_v4/enhancements/results/central/runs/x_to_z/seed46/Electricity/h192.json,3e64ec537a33e49b19a78b77b6b350cc8ea192260a719732ebf80e6d84b65c92,,0.43193427146069235,multiscale,46,"{'inducing_points': 32, 'latent_dim': 16, 'patch_lens': [8, 16, 32], 'representation_weight': 0.001}",8-16-32,,True,True,96,True,0,345.55131630331744,extension,x_to_z,0.0001,4
on,16,10,extension,0.15962159239278492,,/work/11617/sujato_ts/vista/motion_code-master/physics_modal_v4/enhancements/results/central/checkpoints/x_to_z/seed46/Electricity/h336.pt,a75f0ace4db4186d,preserved,2,False,Electricity,16,483.41960821300745,latentflow-central-all28-five-seed-no-exchange-v2-selector-safe,central,10,latentflow_process_preserving_unfreeze2,5.0,0.001,336,,38.10471050163004,False,,0.0007,0.31207003259952054,2048,1024,LatentFlow,0.21332476785416915,0.02,4927.0,1626077,,0.28189336253196406,0.19103395762254038,False,2,0.030176670067556477,0.022290810231628766,,/work/11617/sujato_ts/vista/motion_code-master/physics_modal_v4/enhancements/results/central/runs/x_to_z/seed46/Electricity/h336.json,fad9fc621882e6f03504d8850f01214d3a82f91476b445a3527ce700127d2086,,0.4618709428554357,multiscale,46,"{'inducing_points': 32, 'latent_dim': 16, 'patch_lens': [8, 16, 32], 'representation_weight': 0.001}",8-16-32,,True,True,96,True,0,352.28637605305266,extension,x_to_z,0.0001,4
on,16,7,extension,0.19908999264467211,,/work/11617/sujato_ts/vista/motion_code-master/physics_modal_v4/enhancements/results/central/checkpoints/x_to_z/seed46/Electricity/h720.pt,664b9ee2873816a2,preserved,2,False,Electricity,16,509.3778685852885,latentflow-central-all28-five-seed-no-exchange-v2-selector-safe,central,10,latentflow_process_preserving_unfreeze2,5.0,0.001,720,,43.895509141787635,False,,0.0007,0.34398258195079984,2048,1024,LatentFlow,0.2536927897415742,0.02,4543.0,2018213,,0.3190936333975747,0.23692712918547754,False,2,0.024888948553225154,0.016765660556096684,,/work/11617/sujato_ts/vista/motion_code-master/physics_modal_v4/enhancements/results/central/runs/x_to_z/seed46/Electricity/h720.json,279509fdcf440b6e5c07fa398695c21406f1d5affe9505157f434a95ab26c8d7,,0.5036792528401127,multiscale,46,"{'inducing_points': 32, 'latent_dim': 16, 'patch_lens': [8, 16, 32], 'representation_weight': 0.001}",8-16-32,,True,True,96,True,0,374.0944308025064,extension,x_to_z,0.0001,4
on,16,10,extension,0.13143030610535128,,/work/11617/sujato_ts/vista/motion_code-master/physics_modal_v4/enhancements/results/central/checkpoints/x_to_z/seed46/Electricity/h96.pt,f9a8da3a65aec2bb,preserved,2,False,Electricity,16,462.21005382877775,latentflow-central-all28-five-seed-no-exchange-v2-selector-safe,central,10,latentflow_process_preserving_unfreeze2,5.0,0.001,96,,36.43199389930381,False,,0.0007,0.30841749528708823,2048,1024,LatentFlow,0.19992658020680823,0.02,5167.0,1387123,,0.25537575353967024,0.16234266746846313,False,2,0.05304174174741799,0.037583912738345104,,/work/11617/sujato_ts/vista/motion_code-master/physics_modal_v4/enhancements/results/central/runs/x_to_z/seed46/Electricity/h96.json,7e7a180ec37029c7796442d8d21be747f4ef49b9bfe46820125d5bebfb484482,,0.44713150214093417,multiscale,46,"{'inducing_points': 32, 'latent_dim': 16, 'patch_lens': [8, 16, 32], 'representation_weight': 0.001}",8-16-32,,True,True,96,True,0,335.873356972661,extension,x_to_z,0.0001,4
on,16,10,extension,0.376825332272818,,/work/11617/sujato_ts/vista/motion_code-master/physics_modal_v4/enhancements/results/central/checkpoints/x_to_z/seed46/Traffic/h192.pt,a49664da86dab278,preserved,2,False,Traffic,16,1114.506365754176,latentflow-central-all28-five-seed-no-exchange-v2-selector-safe,central,10,latentflow_process_preserving_unfreeze2,5.0,0.001,192,,88.70361921049043,False,,0.0007,0.38742044291577626,2048,1024,LatentFlow,0.5185380600672127,0.02,3319.0,1483750,,0.30785787397651004,0.4581918886079996,False,2,0.07956256893926622,0.060346171459213116,,/work/11617/sujato_ts/vista/motion_code-master/physics_modal_v4/enhancements/results/central/runs/x_to_z/seed46/Traffic/h192.json,b1036a495a7a6744b75567b6f548e3dfe10ad7c1812b26713bc25418a676c170,,0.720095868664175,multiscale,46,"{'inducing_points': 32, 'latent_dim': 16, 'patch_lens': [8, 16, 32], 'representation_weight': 0.001}",8-16-32,,True,True,96,True,0,844.8232623039075,extension,x_to_z,0.0001,4
on,16,9,extension,0.3930803916820728,,/work/11617/sujato_ts/vista/motion_code-master/physics_modal_v4/enhancements/results/central/checkpoints/x_to_z/seed46/Traffic/h336.pt,d621d932234d13e5,preserved,2,False,Traffic,16,1153.6911465760786,latentflow-central-all28-five-seed-no-exchange-v2-selector-safe,central,10,latentflow_process_preserving_unfreeze2,5.0,0.001,336,,91.70849803826923,False,,0.0007,0.3599604152856038,2048,1024,LatentFlow,0.5122446750171491,0.02,3175.0,1627700,,0.31247496313812717,0.47121257601690814,False,2,0.047485452147476626,0.04103209900024096,,/work/11617/sujato_ts/vista/motion_code-master/physics_modal_v4/enhancements/results/central/runs/x_to_z/seed46/Traffic/h336.json,efdfcb4716a914f81cb277cc11f28b79dc33f07c60a118625a675a407e052726,,0.7157127042446215,multiscale,46,"{'inducing_points': 32, 'latent_dim': 16, 'patch_lens': [8, 16, 32], 'representation_weight': 0.001}",8-16-32,,True,True,96,True,0,875.1745424976434,extension,x_to_z,0.0001,4
on,16,10,extension,0.4384642233950602,,/work/11617/sujato_ts/vista/motion_code-master/physics_modal_v4/enhancements/results/central/checkpoints/x_to_z/seed46/Traffic/h720.pt,a4bd2c6a09bd26e3,preserved,2,False,Traffic,16,1265.3326641670428,latentflow-central-all28-five-seed-no-exchange-v2-selector-safe,central,10,latentflow_process_preserving_unfreeze2,5.0,0.001,720,,100.04667289844105,False,,0.0007,0.39349654374873977,2048,1024,LatentFlow,0.5566272316756578,0.02,2791.0,2019836,,0.32211792715716114,0.49668069226993433,False,2,0.07137861659157863,0.05994653940572342,,/work/11617/sujato_ts/vista/motion_code-master/physics_modal_v4/enhancements/results/central/runs/x_to_z/seed46/Traffic/h720.json,fbfd8c1a86d808e969d827923ef5da1c74a4fa1c7f6b786728ee8c27ce241316,,0.7460745483365974,multiscale,46,"{'inducing_points': 32, 'latent_dim': 16, 'patch_lens': [8, 16, 32], 'representation_weight': 0.001}",8-16-32,,True,True,96,True,0,959.9282512015634,extension,x_to_z,0.0001,4
on,16,10,extension,0.3876782343171865,,/work/11617/sujato_ts/vista/motion_code-master/physics_modal_v4/enhancements/results/central/checkpoints/x_to_z/seed46/Traffic/h96.pt,0ff2a52b67d99669,preserved,2,False,Traffic,16,1101.792582847178,latentflow-central-all28-five-seed-no-exchange-v2-selector-safe,central,10,latentflow_process_preserving_unfreeze2,5.0,0.001,96,,88.9130540480706,False,,0.0007,0.36514201269465013,2048,1024,LatentFlow,0.49183016526731177,0.02,3415.0,1388746,,0.3062827343762385,0.44833995954221006,False,2,0.058859278318411645,0.043490205725101705,,/work/11617/sujato_ts/vista/motion_code-master/physics_modal_v4/enhancements/results/central/runs/x_to_z/seed46/Traffic/h96.json,baac5d08185f083d6443a646c4e76d0a05cdc2858dc9cef45f3757ba84ba3afb,,0.7013060425144729,multiscale,46,"{'inducing_points': 32, 'latent_dim': 16, 'patch_lens': [8, 16, 32], 'representation_weight': 0.001}",8-16-32,,True,True,96,True,0,834.6341513941297,extension,x_to_z,0.0001,4
on,16,5,extension,0.4893476605888397,,/work/11617/sujato_ts/vista/motion_code-master/physics_modal_v4/enhancements/results/central/checkpoints/x_to_z/seed46/Weather/h192.pt,13aa74375d8ffc08,preserved,2,False,Weather,16,95.61483756825328,latentflow-central-all28-five-seed-no-exchange-v2-selector-safe,central,10,latentflow_process_preserving_unfreeze2,5.0,0.001,192,,40.90422750847746,False,,0.0007,0.2576742170529829,2048,1024,LatentFlow,0.21682777208371137,0.02,10349.0,1484344,,0.2610379490759773,0.22125755915870343,False,2,-0.003363732022994448,-0.004429787074992059,,/work/11617/sujato_ts/vista/motion_code-master/physics_modal_v4/enhancements/results/central/runs/x_to_z/seed46/Weather/h192.json,dc0eb686cd8536fb67943670ff28e42cfc1d53ce450662954ab1e95ce29f1207,,0.46564769094639713,multiscale,46,"{'inducing_points': 32, 'latent_dim': 16, 'patch_lens': [8, 16, 32], 'representation_weight': 0.001}",8-16-32,,True,True,96,True,0,64.81302218744531,extension,x_to_z,0.0001,4
on,16,2,extension,0.5663393442592923,,/work/11617/sujato_ts/vista/motion_code-master/physics_modal_v4/enhancements/results/central/checkpoints/x_to_z/seed46/Weather/h336.pt,dd97d68a0218c094,preserved,2,False,Weather,16,96.94222003780305,latentflow-central-all28-five-seed-no-exchange-v2-selector-safe,central,10,latentflow_process_preserving_unfreeze2,5.0,0.001,336,,41.73414908501806,False,,0.0007,0.29927053326268344,2048,1024,LatentFlow,0.2758299090999562,0.02,10205.0,1628294,,0.29987274557019467,0.27636567996559347,False,2,-0.0006022123075112296,-0.000535770865637275,,/work/11617/sujato_ts/vista/motion_code-master/physics_modal_v4/enhancements/results/central/runs/x_to_z/seed46/Weather/h336.json,d9742188795b852205fe9595e95297baf862550c56c9f1eec9c9712971b3b044,,0.5251951152666561,multiscale,46,"{'inducing_points': 32, 'latent_dim': 16, 'patch_lens': [8, 16, 32], 'representation_weight': 0.001}",8-16-32,,True,True,96,True,0,65.81312753623934,extension,x_to_z,0.0001,4
on,16,2,extension,0.6844300784761943,,/work/11617/sujato_ts/vista/motion_code-master/physics_modal_v4/enhancements/results/central/checkpoints/x_to_z/seed46/Weather/h720.pt,71ed2587199bd7d7,preserved,2,False,Weather,16,94.18373566539958,latentflow-central-all28-five-seed-no-exchange-v2-selector-safe,central,10,latentflow_process_preserving_unfreeze2,5.0,0.001,720,,46.58413402206612,False,,0.0007,0.348173193722317,2048,1024,LatentFlow,0.3512560953206914,0.02,9821.0,2020430,,0.3490808893967225,0.35182791531965923,False,2,-0.0009076956744055176,-0.0005718199989678263,,/work/11617/sujato_ts/vista/motion_code-master/physics_modal_v4/enhancements/results/central/runs/x_to_z/seed46/Weather/h720.json,723e2dc3b4ef8826be3d3d67e33444d13890756f60206a3e36d78e0bee10c144,,0.5926686218458772,multiscale,46,"{'inducing_points': 32, 'latent_dim': 16, 'patch_lens': [8, 16, 32], 'representation_weight': 0.001}",8-16-32,,True,True,96,True,0,64.35042694502044,extension,x_to_z,0.0001,4
on,16,6,extension,0.4400581308300533,,/work/11617/sujato_ts/vista/motion_code-master/physics_modal_v4/enhancements/results/central/checkpoints/x_to_z/seed46/Weather/h96.pt,fda8654adb4416e9,preserved,2,False,Weather,16,87.39778675115667,latentflow-central-all28-five-seed-no-exchange-v2-selector-safe,central,10,latentflow_process_preserving_unfreeze2,5.0,0.001,96,,41.39569029784239,False,,0.0007,0.21659889280611722,2048,1024,LatentFlow,0.16961194798195783,0.02,10445.0,1389340,,0.2207154064892525,0.1740178268106704,False,2,-0.004116513683135287,-0.004405878828712573,,/work/11617/sujato_ts/vista/motion_code-master/physics_modal_v4/enhancements/results/central/runs/x_to_z/seed46/Weather/h96.json,f721bed8d7e25452eb402c5125c16b7679ab0de8963301fef38130aba1aef63c,,0.41183971151645615,multiscale,46,"{'inducing_points': 32, 'latent_dim': 16, 'patch_lens': [8, 16, 32], 'representation_weight': 0.001}",8-16-32,,True,True,96,True,0,59.24399339073716,extension,x_to_z,0.0001,4
