bank,batch_size,best_epoch,best_stage,best_validation_mse,candidate,checkpoint,config_hash,continuation,continuation_unfreeze_blocks,cross_process_exchange,dataset,effective_batch_size,elapsed_seconds,enhancement_protocol,experiment,extension_epochs,final_candidate,gradient_clip,head_learning_rate,horizon,inducing_points,inference_ms_batch,inference_reference_only,latent_dim,learning_rate,mae,max_train_windows,max_validation_windows,model,mse,nll_weight,num_windows,parameters,patch_lens,pre_repair_mae,pre_repair_mse,primal_dual,reference_epochs,repair_mae_delta,repair_mse_delta,representation_weight,result_path,result_sha256,reused_source,rmse,scale,seed,selected_config,selected_patch_lens,selection_protocol,selector_repair_evaluation_only,selector_state_restored,seq_len,structural_only,trainable_parameters,training_ms_optimizer_step,validation_selected_stage,variant,weight_decay,wide_batch_size
off,16,2,extension,1.0172658324951218,,/work/11617/sujato_ts/vista/motion_code-master/physics_modal_v4/enhancements/results/factorial/checkpoints/scale-multiscale__bank-off__continuation-early/seed42/ETTh1/h192.pt,7114eb44ef88e138,early,2,False,ETTh1,16,127.76664214162156,latentflow-factorial-2x2x2-all28-three-seed-no-exchange-v2-selector-safe,factorial,10,latentflow_process_preserving_unfreeze2,5.0,0.001,192,,27.5168362656374,False,,0.0007,0.44181997857222755,2048,1024,LatentFlow,0.44772642700674137,0.02,2689.0,1422510,,0.44055688285141964,0.44923558725187057,False,2,0.0012630957208079052,-0.001509160245129204,,/work/11617/sujato_ts/vista/motion_code-master/physics_modal_v4/enhancements/results/factorial/runs/scale-multiscale__bank-off__continuation-early/seed42/ETTh1/h192.json,69727e0981e81fa6c70643e78627f7df5d9c77c972a3596e44a855dda48ee1c1,,0.6691236261011424,multiscale,42,"{'inducing_points': 32, 'latent_dim': 16, 'patch_lens': [16, 32, 48], 'representation_weight': 0.05}",16-32-48,,True,True,96,False,0,95.56494880416722,extension,scale-multiscale__bank-off__continuation-early,0.0001,4
off,16,0,reference,1.3008724455119802,,/work/11617/sujato_ts/vista/motion_code-master/physics_modal_v4/enhancements/results/factorial/checkpoints/scale-multiscale__bank-off__continuation-early/seed42/ETTh1/h336.pt,0450f7b93a488e76,early,2,False,ETTh1,16,127.34410357102752,latentflow-factorial-2x2x2-all28-three-seed-no-exchange-v2-selector-safe,factorial,10,latentflow_process_preserving_unfreeze2,5.0,0.001,336,,6.622240433610881,True,,0.0007,0.45424901281836333,2048,1024,LatentFlow,0.48029273990997007,0.02,2545.0,1479862,,0.45424901281836333,0.48029273990997007,False,2,0.0,0.0,,/work/11617/sujato_ts/vista/motion_code-master/physics_modal_v4/enhancements/results/factorial/runs/scale-multiscale__bank-off__continuation-early/seed42/ETTh1/h336.json,397576432298d5d08e2397eb1f00ca80b735bc479358b035b1e410d918b11e7a,,0.6930315576580695,multiscale,42,"{'inducing_points': 32, 'latent_dim': 16, 'patch_lens': [16, 32, 48], 'representation_weight': 0.05}",16-32-48,,True,True,96,False,0,95.15877667072346,reference,scale-multiscale__bank-off__continuation-early,0.0001,4
off,16,0,reference,1.5787925137413872,,/work/11617/sujato_ts/vista/motion_code-master/physics_modal_v4/enhancements/results/factorial/checkpoints/scale-multiscale__bank-off__continuation-early/seed42/ETTh1/h720.pt,88a4f5be43a45f70,early,2,False,ETTh1,16,127.13183142337948,latentflow-factorial-2x2x2-all28-three-seed-no-exchange-v2-selector-safe,factorial,10,latentflow_process_preserving_unfreeze2,5.0,0.001,720,,6.843698280515955,True,,0.0007,0.4803721449625807,2048,1024,LatentFlow,0.49710112704298914,0.02,2161.0,1634910,,0.4803721449625807,0.49710112704298914,False,2,0.0,0.0,,/work/11617/sujato_ts/vista/motion_code-master/physics_modal_v4/enhancements/results/factorial/runs/scale-multiscale__bank-off__continuation-early/seed42/ETTh1/h720.json,21fd5c6749fe4e11cd16d4be49d1627c0848d4d35a5073a22d0ab21bc8c765aa,,0.7050539887434076,multiscale,42,"{'inducing_points': 32, 'latent_dim': 16, 'patch_lens': [16, 32, 48], 'representation_weight': 0.05}",16-32-48,,True,True,96,False,0,95.17683327867417,reference,scale-multiscale__bank-off__continuation-early,0.0001,4
off,16,2,extension,0.7624445972698075,,/work/11617/sujato_ts/vista/motion_code-master/physics_modal_v4/enhancements/results/factorial/checkpoints/scale-multiscale__bank-off__continuation-early/seed42/ETTh1/h96.pt,72c3f368e2d36b47,early,2,False,ETTh1,16,122.16997799099772,latentflow-factorial-2x2x2-all28-three-seed-no-exchange-v2-selector-safe,factorial,10,latentflow_process_preserving_unfreeze2,5.0,0.001,96,,24.451454390766305,False,,0.0007,0.41372695501170487,2048,1024,LatentFlow,0.40302943149529796,0.02,2785.0,1384538,,0.41171991355278315,0.40215477523940685,False,2,0.002007041458921721,0.0008746562558911153,,/work/11617/sujato_ts/vista/motion_code-master/physics_modal_v4/enhancements/results/factorial/runs/scale-multiscale__bank-off__continuation-early/seed42/ETTh1/h96.json,783b761dc8200b5c5587bfd66a58fe6121e1d312e744e347e8e9e8692650bfe2,,0.6348459903750656,multiscale,42,"{'inducing_points': 32, 'latent_dim': 16, 'patch_lens': [16, 32, 48], 'representation_weight': 0.05}",16-32-48,,True,True,96,False,0,91.3380384421771,extension,scale-multiscale__bank-off__continuation-early,0.0001,4
off,16,4,extension,0.28349493222222444,,/work/11617/sujato_ts/vista/motion_code-master/physics_modal_v4/enhancements/results/factorial/checkpoints/scale-multiscale__bank-off__continuation-early/seed42/ETTh2/h192.pt,6c2ac767cedfb072,early,2,False,ETTh2,16,129.34700441733003,latentflow-factorial-2x2x2-all28-three-seed-no-exchange-v2-selector-safe,factorial,10,latentflow_process_preserving_unfreeze2,5.0,0.001,192,,25.10307479962082,False,,0.0007,0.43282785141887514,2048,1024,LatentFlow,0.4400540115277272,0.02,2689.0,1392262,,0.40752161966316525,0.39740199310103314,False,2,0.025306231755709896,0.04265201842669408,,/work/11617/sujato_ts/vista/motion_code-master/physics_modal_v4/enhancements/results/factorial/runs/scale-multiscale__bank-off__continuation-early/seed42/ETTh2/h192.json,ea5d28471aba3bd6e0734829353f621ff26b36fd9d1c721b2f03cb54baf5f507,,0.663365669542619,multiscale,42,"{'inducing_points': 32, 'latent_dim': 8, 'patch_lens': [16, 32, 48], 'representation_weight': 0.001}",16-32-48,,True,True,96,False,0,96.6136558825383,extension,scale-multiscale__bank-off__continuation-early,0.0001,4
off,16,0,reference,0.3565130593622623,,/work/11617/sujato_ts/vista/motion_code-master/physics_modal_v4/enhancements/results/factorial/checkpoints/scale-multiscale__bank-off__continuation-early/seed42/ETTh2/h336.pt,9d3f99f1064c7032,early,2,False,ETTh2,16,123.44601850025356,latentflow-factorial-2x2x2-all28-three-seed-no-exchange-v2-selector-safe,factorial,10,latentflow_process_preserving_unfreeze2,5.0,0.001,336,,6.696322056040451,True,,0.0007,0.4249041535223649,2048,1024,LatentFlow,0.41214913227932765,0.02,2545.0,1449614,,0.4249041535223649,0.41214913227932765,False,2,0.0,0.0,,/work/11617/sujato_ts/vista/motion_code-master/physics_modal_v4/enhancements/results/factorial/runs/scale-multiscale__bank-off__continuation-early/seed42/ETTh2/h336.json,d75a0331ac1e64cd49eb921feeec0b7a324071d020c624e29362d3826c4e841d,,0.6419884206738683,multiscale,42,"{'inducing_points': 32, 'latent_dim': 8, 'patch_lens': [16, 32, 48], 'representation_weight': 0.001}",16-32-48,,True,True,96,False,0,92.2705235061585,reference,scale-multiscale__bank-off__continuation-early,0.0001,4
off,16,0,reference,0.6195506561370123,,/work/11617/sujato_ts/vista/motion_code-master/physics_modal_v4/enhancements/results/factorial/checkpoints/scale-multiscale__bank-off__continuation-early/seed42/ETTh2/h720.pt,a391a2f826a9a236,early,2,False,ETTh2,16,125.84540193295106,latentflow-factorial-2x2x2-all28-three-seed-no-exchange-v2-selector-safe,factorial,10,latentflow_process_preserving_unfreeze2,5.0,0.001,720,,6.967887101667141,True,,0.0007,0.44607007720645325,2048,1024,LatentFlow,0.42525227503688534,0.02,2161.0,1604662,,0.44607007720645325,0.42525227503688534,False,2,0.0,0.0,,/work/11617/sujato_ts/vista/motion_code-master/physics_modal_v4/enhancements/results/factorial/runs/scale-multiscale__bank-off__continuation-early/seed42/ETTh2/h720.json,96751e1b4462042b5e40ddab1bd8ae8629be68f985e200557f4d1a321597a6d6,,0.6521136979368592,multiscale,42,"{'inducing_points': 32, 'latent_dim': 8, 'patch_lens': [16, 32, 48], 'representation_weight': 0.001}",16-32-48,,True,True,96,False,0,94.27120596119494,reference,scale-multiscale__bank-off__continuation-early,0.0001,4
off,16,0,reference,0.22376768503870284,,/work/11617/sujato_ts/vista/motion_code-master/physics_modal_v4/enhancements/results/factorial/checkpoints/scale-multiscale__bank-off__continuation-early/seed42/ETTh2/h96.pt,bdf5bffcee41f4f8,early,2,False,ETTh2,16,122.63473133556545,latentflow-factorial-2x2x2-all28-three-seed-no-exchange-v2-selector-safe,factorial,10,latentflow_process_preserving_unfreeze2,5.0,0.001,96,,6.3039518951982085,True,,0.0007,0.3484349451687149,2048,1024,LatentFlow,0.30091272523548496,0.02,2785.0,1354290,,0.3484349451687149,0.30091272523548496,False,2,0.0,0.0,,/work/11617/sujato_ts/vista/motion_code-master/physics_modal_v4/enhancements/results/factorial/runs/scale-multiscale__bank-off__continuation-early/seed42/ETTh2/h96.json,fa362b1b9a7d179e855e209c0b523ed2b104043a4047ac956489b9ac8afeef4f,,0.5485551250653711,multiscale,42,"{'inducing_points': 32, 'latent_dim': 8, 'patch_lens': [16, 32, 48], 'representation_weight': 0.001}",16-32-48,,True,True,96,False,0,91.61711009510327,reference,scale-multiscale__bank-off__continuation-early,0.0001,4
off,16,1,extension,0.5086500046863442,,/work/11617/sujato_ts/vista/motion_code-master/physics_modal_v4/enhancements/results/factorial/checkpoints/scale-multiscale__bank-off__continuation-early/seed42/ETTm1/h192.pt,7d10b0d5b3070bf2,early,2,False,ETTm1,16,129.82088187523186,latentflow-factorial-2x2x2-all28-three-seed-no-exchange-v2-selector-safe,factorial,10,latentflow_process_preserving_unfreeze2,5.0,0.001,192,,25.340342406799973,False,,0.0007,0.4002118041328561,2048,1024,LatentFlow,0.38638551910372043,0.02,11329.0,1380382,,0.39792928345770845,0.38387849383223926,False,2,0.00228252067514767,0.002507025271481167,,/work/11617/sujato_ts/vista/motion_code-master/physics_modal_v4/enhancements/results/factorial/runs/scale-multiscale__bank-off__continuation-early/seed42/ETTm1/h192.json,7b482bcf6b1b437c04f697e1cb8de6187cb5efb2797df335d50c2bd713e4dbd5,,0.6215991627276539,multiscale,42,"{'inducing_points': 32, 'latent_dim': 8, 'patch_lens': [8, 24, 48], 'representation_weight': 0.01}",8-24-48,,True,True,96,False,0,94.21058096486377,extension,scale-multiscale__bank-off__continuation-early,0.0001,4
off,16,4,extension,0.6558191188338662,,/work/11617/sujato_ts/vista/motion_code-master/physics_modal_v4/enhancements/results/factorial/checkpoints/scale-multiscale__bank-off__continuation-early/seed42/ETTm1/h336.pt,7ab4cd5d5cfb4e10,early,2,False,ETTm1,16,133.86331538087688,latentflow-factorial-2x2x2-all28-three-seed-no-exchange-v2-selector-safe,factorial,10,latentflow_process_preserving_unfreeze2,5.0,0.001,336,,25.6905169112816,False,,0.0007,0.429673175566359,2048,1024,LatentFlow,0.43111590855196413,0.02,11185.0,1439992,,0.4284935573755496,0.4299403943818845,False,2,0.0011796181908093617,0.0011755141700796057,,/work/11617/sujato_ts/vista/motion_code-master/physics_modal_v4/enhancements/results/factorial/runs/scale-multiscale__bank-off__continuation-early/seed42/ETTm1/h336.json,350aac19ee77ff3cd6e8503749cab999b032af399b80d95061709523002b83df,,0.6565941734069562,multiscale,42,"{'inducing_points': 32, 'latent_dim': 8, 'patch_lens': [8, 24, 48], 'representation_weight': 0.01}",8-24-48,,True,True,96,False,0,97.34210951264686,extension,scale-multiscale__bank-off__continuation-early,0.0001,4
off,16,0,reference,0.9920360315413702,,/work/11617/sujato_ts/vista/motion_code-master/physics_modal_v4/enhancements/results/factorial/checkpoints/scale-multiscale__bank-off__continuation-early/seed42/ETTm1/h720.pt,61a05d325392ec48,early,2,False,ETTm1,16,123.86625705193728,latentflow-factorial-2x2x2-all28-three-seed-no-exchange-v2-selector-safe,factorial,10,latentflow_process_preserving_unfreeze2,5.0,0.001,720,,6.2740812912716,True,,0.0007,0.47604066163521197,2048,1024,LatentFlow,0.5070499993780803,0.02,10801.0,1606168,,0.47604066163521197,0.5070499993780803,False,2,0.0,0.0,,/work/11617/sujato_ts/vista/motion_code-master/physics_modal_v4/enhancements/results/factorial/runs/scale-multiscale__bank-off__continuation-early/seed42/ETTm1/h720.json,a7d24330bcb1f05fd0d3a5a46d8b1d312e9c5774b0541dd9b64f1f8fcd9ab456,,0.7120744338747743,multiscale,42,"{'inducing_points': 32, 'latent_dim': 8, 'patch_lens': [8, 24, 48], 'representation_weight': 0.01}",8-24-48,,True,True,96,False,0,90.08633448429464,reference,scale-multiscale__bank-off__continuation-early,0.0001,4
off,16,0,reference,0.40234640471282457,,/work/11617/sujato_ts/vista/motion_code-master/physics_modal_v4/enhancements/results/factorial/checkpoints/scale-multiscale__bank-off__continuation-early/seed42/ETTm1/h96.pt,804f56c32c29f535,early,2,False,ETTm1,16,124.93985357135534,latentflow-factorial-2x2x2-all28-three-seed-no-exchange-v2-selector-safe,factorial,10,latentflow_process_preserving_unfreeze2,5.0,0.001,96,,6.059766411363326,True,,0.0007,0.38435205908160514,2048,1024,LatentFlow,0.3534930601405193,0.02,11425.0,1341462,,0.38435205908160514,0.3534930601405193,False,2,0.0,0.0,,/work/11617/sujato_ts/vista/motion_code-master/physics_modal_v4/enhancements/results/factorial/runs/scale-multiscale__bank-off__continuation-early/seed42/ETTm1/h96.json,1a67d8a9cacaf844d3a19b45fee26ee7cf7b3d01ffcd6d6e3be3739aecd737b8,,0.5945528236755077,multiscale,42,"{'inducing_points': 32, 'latent_dim': 8, 'patch_lens': [8, 24, 48], 'representation_weight': 0.01}",8-24-48,,True,True,96,False,0,90.66824363399064,reference,scale-multiscale__bank-off__continuation-early,0.0001,4
off,16,3,extension,0.1718503614621503,,/work/11617/sujato_ts/vista/motion_code-master/physics_modal_v4/enhancements/results/factorial/checkpoints/scale-multiscale__bank-off__continuation-early/seed42/ETTm2/h192.pt,c45962178470fa31,early,2,False,ETTm2,16,134.84100668504834,latentflow-factorial-2x2x2-all28-three-seed-no-exchange-v2-selector-safe,factorial,10,latentflow_process_preserving_unfreeze2,5.0,0.001,192,,26.65645668027551,False,,0.0007,0.30614296471190366,2048,1024,LatentFlow,0.2453203588631814,0.02,11329.0,1355518,,0.3074813611903993,0.2475313564333752,False,2,-0.0013383964784956515,-0.002210997570193801,,/work/11617/sujato_ts/vista/motion_code-master/physics_modal_v4/enhancements/results/factorial/runs/scale-multiscale__bank-off__continuation-early/seed42/ETTm2/h192.json,18309fff4f75bdf2b030bdcd41e511b72ef3cbf7589d67d781a4d9189e9073fd,,0.4952982524329976,multiscale,42,"{'inducing_points': 16, 'latent_dim': 8, 'patch_lens': [8, 16, 32], 'representation_weight': 0.001}",8-16-32,,True,True,96,False,0,97.92090086266398,extension,scale-multiscale__bank-off__continuation-early,0.0001,4
off,16,2,extension,0.2191783719930519,,/work/11617/sujato_ts/vista/motion_code-master/physics_modal_v4/enhancements/results/factorial/checkpoints/scale-multiscale__bank-off__continuation-early/seed42/ETTm2/h336.pt,ca2f86793995f079,early,2,False,ETTm2,16,137.999596349895,latentflow-factorial-2x2x2-all28-three-seed-no-exchange-v2-selector-safe,factorial,10,latentflow_process_preserving_unfreeze2,5.0,0.001,336,,27.155174743010527,False,,0.0007,0.35152849991888635,2048,1024,LatentFlow,0.3152889864679476,0.02,11185.0,1415660,,0.3519271083305577,0.31608480205977113,False,2,-0.00039860841167133065,-0.0007958155918235121,,/work/11617/sujato_ts/vista/motion_code-master/physics_modal_v4/enhancements/results/factorial/runs/scale-multiscale__bank-off__continuation-early/seed42/ETTm2/h336.json,04a4a14ec879c36e94d2cdbbd44b31ecf2137879cac21280a077b6a9a42ee6fc,,0.5615059986037083,multiscale,42,"{'inducing_points': 16, 'latent_dim': 8, 'patch_lens': [8, 16, 32], 'representation_weight': 0.001}",8-16-32,,True,True,96,False,0,100.40743157733232,extension,scale-multiscale__bank-off__continuation-early,0.0001,4
off,16,0,reference,0.301069979913651,,/work/11617/sujato_ts/vista/motion_code-master/physics_modal_v4/enhancements/results/factorial/checkpoints/scale-multiscale__bank-off__continuation-early/seed42/ETTm2/h720.pt,1e4693e4013b5099,early,2,False,ETTm2,16,128.8697917450918,latentflow-factorial-2x2x2-all28-three-seed-no-exchange-v2-selector-safe,factorial,10,latentflow_process_preserving_unfreeze2,5.0,0.001,720,,6.548915738212249,True,,0.0007,0.40621079411743793,2048,1024,LatentFlow,0.41419080023741645,0.02,10801.0,1584308,,0.40621079411743793,0.41419080023741645,False,2,0.0,0.0,,/work/11617/sujato_ts/vista/motion_code-master/physics_modal_v4/enhancements/results/factorial/runs/scale-multiscale__bank-off__continuation-early/seed42/ETTm2/h720.json,3112936cb8d09efb95dd1223bd35572acb2c0b7085c0f1e8e093626a9a5621bd,,0.6435765690556303,multiscale,42,"{'inducing_points': 16, 'latent_dim': 8, 'patch_lens': [8, 16, 32], 'representation_weight': 0.001}",8-16-32,,True,True,96,False,0,93.530218000069,reference,scale-multiscale__bank-off__continuation-early,0.0001,4
off,16,5,extension,0.12937098129519395,,/work/11617/sujato_ts/vista/motion_code-master/physics_modal_v4/enhancements/results/factorial/checkpoints/scale-multiscale__bank-off__continuation-early/seed42/ETTm2/h96.pt,b7e2d088575319e9,early,2,False,ETTm2,16,128.49529583612457,latentflow-factorial-2x2x2-all28-three-seed-no-exchange-v2-selector-safe,factorial,10,latentflow_process_preserving_unfreeze2,5.0,0.001,96,,24.0958343909173,False,,0.0007,0.26096377921573966,2048,1024,LatentFlow,0.17620276491903097,0.02,11425.0,1316386,,0.26361899021852636,0.17868426892140563,False,2,-0.002655211002786706,-0.0024815040023746515,,/work/11617/sujato_ts/vista/motion_code-master/physics_modal_v4/enhancements/results/factorial/runs/scale-multiscale__bank-off__continuation-early/seed42/ETTm2/h96.json,b76d0adc6ef1664ec2929b492edfcc417e17789db5744e616f5814c024955fe5,,0.41976513066121984,multiscale,42,"{'inducing_points': 16, 'latent_dim': 8, 'patch_lens': [8, 16, 32], 'representation_weight': 0.001}",8-16-32,,True,True,96,False,0,93.19880945695331,extension,scale-multiscale__bank-off__continuation-early,0.0001,4
off,16,10,extension,0.14626562617030595,,/work/11617/sujato_ts/vista/motion_code-master/physics_modal_v4/enhancements/results/factorial/checkpoints/scale-multiscale__bank-off__continuation-early/seed42/Electricity/h192.pt,a272bf8153bc5ab2,early,2,False,Electricity,16,638.2181200524792,latentflow-factorial-2x2x2-all28-three-seed-no-exchange-v2-selector-safe,factorial,10,latentflow_process_preserving_unfreeze2,5.0,0.001,192,,38.217281979342445,False,,0.0007,0.32259510211668996,2048,1024,LatentFlow,0.21272169419788434,0.02,5071.0,1369111,,0.27137243848673714,0.1794662628896464,False,2,0.051222663629952814,0.03325543130823794,,/work/11617/sujato_ts/vista/motion_code-master/physics_modal_v4/enhancements/results/factorial/runs/scale-multiscale__bank-off__continuation-early/seed42/Electricity/h192.json,84e8cc816da0e033b6ef254080d4c526d7a872f3cdbb3fe3010bfa5658063826,,0.4612176213002755,multiscale,42,"{'inducing_points': 32, 'latent_dim': 16, 'patch_lens': [8, 16, 32], 'representation_weight': 0.001}",8-16-32,,True,True,96,False,0,477.4408703240624,extension,scale-multiscale__bank-off__continuation-early,0.0001,4
off,16,10,extension,0.16301927809155742,,/work/11617/sujato_ts/vista/motion_code-master/physics_modal_v4/enhancements/results/factorial/checkpoints/scale-multiscale__bank-off__continuation-early/seed42/Electricity/h336.pt,ce27f95286982c19,early,2,False,Electricity,16,651.359555779025,latentflow-factorial-2x2x2-all28-three-seed-no-exchange-v2-selector-safe,factorial,10,latentflow_process_preserving_unfreeze2,5.0,0.001,336,,36.29309514450379,False,,0.0007,0.3019765259176011,2048,1024,LatentFlow,0.20292644437163718,0.02,4927.0,1429253,,0.29061044531149816,0.19995148862726958,False,2,0.011366080606102946,0.0029749557443675967,,/work/11617/sujato_ts/vista/motion_code-master/physics_modal_v4/enhancements/results/factorial/runs/scale-multiscale__bank-off__continuation-early/seed42/Electricity/h336.json,b75a02b451b1963dccb652e202eb6df0e3af2914960871784e12dc2360d276be,,0.4504735778840277,multiscale,42,"{'inducing_points': 32, 'latent_dim': 16, 'patch_lens': [8, 16, 32], 'representation_weight': 0.001}",8-16-32,,True,True,96,False,0,488.45892830577213,extension,scale-multiscale__bank-off__continuation-early,0.0001,4
off,16,10,extension,0.19831425272993417,,/work/11617/sujato_ts/vista/motion_code-master/physics_modal_v4/enhancements/results/factorial/checkpoints/scale-multiscale__bank-off__continuation-early/seed42/Electricity/h720.pt,7c59b62510887481,early,2,False,Electricity,16,693.0740124359727,latentflow-factorial-2x2x2-all28-three-seed-no-exchange-v2-selector-safe,factorial,10,latentflow_process_preserving_unfreeze2,5.0,0.001,720,,41.103061029894484,False,,0.0007,0.34011702529722143,2048,1024,LatentFlow,0.2504764870091441,0.02,4543.0,1597901,,0.3206249529722361,0.23815533752983015,False,2,0.019492072324985343,0.012321149479313953,,/work/11617/sujato_ts/vista/motion_code-master/physics_modal_v4/enhancements/results/factorial/runs/scale-multiscale__bank-off__continuation-early/seed42/Electricity/h720.json,d5a6c6adc21e365c193fc9be7e903441259aa41bb56f2edac0953a5ef05e1db4,,0.5004762601853799,multiscale,42,"{'inducing_points': 32, 'latent_dim': 16, 'patch_lens': [8, 16, 32], 'representation_weight': 0.001}",8-16-32,,True,True,96,False,0,520.6549887454457,extension,scale-multiscale__bank-off__continuation-early,0.0001,4
off,16,10,extension,0.1347302635386973,,/work/11617/sujato_ts/vista/motion_code-master/physics_modal_v4/enhancements/results/factorial/checkpoints/scale-multiscale__bank-off__continuation-early/seed42/Electricity/h96.pt,29472a2379fcfe90,early,2,False,Electricity,16,588.4027949608862,latentflow-factorial-2x2x2-all28-three-seed-no-exchange-v2-selector-safe,factorial,10,latentflow_process_preserving_unfreeze2,5.0,0.001,96,,37.294594751483245,False,,0.0007,0.3019305611714826,2048,1024,LatentFlow,0.19052994639814175,0.02,5167.0,1329979,,0.2623137245657001,0.16768108898256281,False,2,0.03961683660578247,0.022848857415578933,,/work/11617/sujato_ts/vista/motion_code-master/physics_modal_v4/enhancements/results/factorial/runs/scale-multiscale__bank-off__continuation-early/seed42/Electricity/h96.json,d56c1e9eddcaa9a11293c49566458670fb03facbeb1b171f58f2706ca80d6f35,,0.436497361272828,multiscale,42,"{'inducing_points': 32, 'latent_dim': 16, 'patch_lens': [8, 16, 32], 'representation_weight': 0.001}",8-16-32,,True,True,96,False,0,441.1487087723799,extension,scale-multiscale__bank-off__continuation-early,0.0001,4
off,16,10,extension,0.3900653050098877,,/work/11617/sujato_ts/vista/motion_code-master/physics_modal_v4/enhancements/results/factorial/checkpoints/scale-multiscale__bank-off__continuation-early/seed42/Traffic/h192.pt,49da2177fd87fdca,early,2,False,Traffic,16,1277.8807609640062,latentflow-factorial-2x2x2-all28-three-seed-no-exchange-v2-selector-safe,factorial,10,latentflow_process_preserving_unfreeze2,5.0,0.001,192,,88.03240387196594,False,,0.0007,0.34077050936377057,2048,1024,LatentFlow,0.4842623378068655,0.02,3319.0,1370734,,0.31633716023187153,0.47443509920952764,False,2,0.02443334913189904,0.009827238597337862,,/work/11617/sujato_ts/vista/motion_code-master/physics_modal_v4/enhancements/results/factorial/runs/scale-multiscale__bank-off__continuation-early/seed42/Traffic/h192.json,0ceb49a95bef5a4b65a4adebaca730fe10e75fbb337c8439884eabb511ff7e6f,,0.6958896017378514,multiscale,42,"{'inducing_points': 32, 'latent_dim': 16, 'patch_lens': [8, 16, 32], 'representation_weight': 0.001}",8-16-32,,True,True,96,False,0,975.3928635574994,extension,scale-multiscale__bank-off__continuation-early,0.0001,4
off,16,8,extension,0.4011938240288134,,/work/11617/sujato_ts/vista/motion_code-master/physics_modal_v4/enhancements/results/factorial/checkpoints/scale-multiscale__bank-off__continuation-early/seed42/Traffic/h336.pt,410f3ea0e6a8de0f,early,2,False,Traffic,16,1329.0989938180428,latentflow-factorial-2x2x2-all28-three-seed-no-exchange-v2-selector-safe,factorial,10,latentflow_process_preserving_unfreeze2,5.0,0.001,336,,90.62865294628975,False,,0.0007,0.33396755508836845,2048,1024,LatentFlow,0.4837687257376072,0.02,3175.0,1430876,,0.31241921927455923,0.4737609898485355,False,2,0.021548335813809216,0.010007735889071723,,/work/11617/sujato_ts/vista/motion_code-master/physics_modal_v4/enhancements/results/factorial/runs/scale-multiscale__bank-off__continuation-early/seed42/Traffic/h336.json,5fd6e8f14c50c15c142c35398b5cf5180a3c23d07732891bef6f8d7c4919c253,,0.6955348486866831,multiscale,42,"{'inducing_points': 32, 'latent_dim': 16, 'patch_lens': [8, 16, 32], 'representation_weight': 0.001}",8-16-32,,True,True,96,False,0,1014.7278101765551,extension,scale-multiscale__bank-off__continuation-early,0.0001,4
off,16,9,extension,0.4440289367809527,,/work/11617/sujato_ts/vista/motion_code-master/physics_modal_v4/enhancements/results/factorial/checkpoints/scale-multiscale__bank-off__continuation-early/seed42/Traffic/h720.pt,3a564e34480d0960,early,2,False,Traffic,16,1446.8761311718263,latentflow-factorial-2x2x2-all28-three-seed-no-exchange-v2-selector-safe,factorial,10,latentflow_process_preserving_unfreeze2,5.0,0.001,720,,98.28876377880873,False,,0.0007,0.3874147345324192,2048,1024,LatentFlow,0.5432322393738173,0.02,2791.0,1599524,,0.33202941303629063,0.5101077935153957,False,2,0.05538532149612857,0.03312444585842156,,/work/11617/sujato_ts/vista/motion_code-master/physics_modal_v4/enhancements/results/factorial/runs/scale-multiscale__bank-off__continuation-early/seed42/Traffic/h720.json,9f03e628c3a3c1592d03e0438ef75b102a3a5b187d7f0138e9884bbab9c4b25a,,0.7370429019899841,multiscale,42,"{'inducing_points': 32, 'latent_dim': 16, 'patch_lens': [8, 16, 32], 'representation_weight': 0.001}",8-16-32,,True,True,96,False,0,1104.7715648117446,extension,scale-multiscale__bank-off__continuation-early,0.0001,4
off,16,10,extension,0.39200284650689027,,/work/11617/sujato_ts/vista/motion_code-master/physics_modal_v4/enhancements/results/factorial/checkpoints/scale-multiscale__bank-off__continuation-early/seed42/Traffic/h96.pt,76b351377d38228c,early,2,False,Traffic,16,1231.229554206133,latentflow-factorial-2x2x2-all28-three-seed-no-exchange-v2-selector-safe,factorial,10,latentflow_process_preserving_unfreeze2,5.0,0.001,96,,86.48909871852322,False,,0.0007,0.31383244065874405,2048,1024,LatentFlow,0.45247436491230764,0.02,3415.0,1331602,,0.3068906657060002,0.4471947579558042,False,2,0.00694177495274384,0.005279606956503424,,/work/11617/sujato_ts/vista/motion_code-master/physics_modal_v4/enhancements/results/factorial/runs/scale-multiscale__bank-off__continuation-early/seed42/Traffic/h96.json,21496e7f7b317c29b0a3e9caa9aa1b3248a98158736d61104b23123fd0f7a24d,,0.6726621476731893,multiscale,42,"{'inducing_points': 32, 'latent_dim': 16, 'patch_lens': [8, 16, 32], 'representation_weight': 0.001}",8-16-32,,True,True,96,False,0,939.6168526538531,extension,scale-multiscale__bank-off__continuation-early,0.0001,4
off,16,2,extension,0.48267814576152773,,/work/11617/sujato_ts/vista/motion_code-master/physics_modal_v4/enhancements/results/factorial/checkpoints/scale-multiscale__bank-off__continuation-early/seed42/Weather/h192.pt,2177c4fcc553157a,early,2,False,Weather,16,195.12928038602695,latentflow-factorial-2x2x2-all28-three-seed-no-exchange-v2-selector-safe,factorial,10,latentflow_process_preserving_unfreeze2,5.0,0.001,192,,40.81442466352222,False,,0.0007,0.25695245141962275,2048,1024,LatentFlow,0.2162745175383435,0.02,10349.0,1371328,,0.26030513320276283,0.2196984919292888,False,2,-0.003352681783140077,-0.0034239743909453,,/work/11617/sujato_ts/vista/motion_code-master/physics_modal_v4/enhancements/results/factorial/runs/scale-multiscale__bank-off__continuation-early/seed42/Weather/h192.json,5c15e8a3c3e324305f636a8477f21d6260f2a3fed8ded293ef145c818f15a721,,0.46505324161685346,multiscale,42,"{'inducing_points': 32, 'latent_dim': 16, 'patch_lens': [8, 16, 32], 'representation_weight': 0.001}",8-16-32,,True,True,96,False,0,145.6502502096555,extension,scale-multiscale__bank-off__continuation-early,0.0001,4
off,16,3,extension,0.5589370200423156,,/work/11617/sujato_ts/vista/motion_code-master/physics_modal_v4/enhancements/results/factorial/checkpoints/scale-multiscale__bank-off__continuation-early/seed42/Weather/h336.pt,2651ff94ec7fdd48,early,2,False,Weather,16,201.12063122633845,latentflow-factorial-2x2x2-all28-three-seed-no-exchange-v2-selector-safe,factorial,10,latentflow_process_preserving_unfreeze2,5.0,0.001,336,,42.23782933498703,False,,0.0007,0.2976346639571753,2048,1024,LatentFlow,0.2717654846963296,0.02,10205.0,1431470,,0.2994118183714594,0.27447461232124093,False,2,-0.00177715441428411,-0.0027091276249113228,,/work/11617/sujato_ts/vista/motion_code-master/physics_modal_v4/enhancements/results/factorial/runs/scale-multiscale__bank-off__continuation-early/seed42/Weather/h336.json,4b638fc12619348e8700801460a78ae36ded5b3575b8d635ca970cb8ea92d116,,0.5213113126494855,multiscale,42,"{'inducing_points': 32, 'latent_dim': 16, 'patch_lens': [8, 16, 32], 'representation_weight': 0.001}",8-16-32,,True,True,96,False,0,150.02857394210878,extension,scale-multiscale__bank-off__continuation-early,0.0001,4
off,16,4,extension,0.681857400218015,,/work/11617/sujato_ts/vista/motion_code-master/physics_modal_v4/enhancements/results/factorial/checkpoints/scale-multiscale__bank-off__continuation-early/seed42/Weather/h720.pt,31123364146c602b,early,2,False,Weather,16,193.19932506233454,latentflow-factorial-2x2x2-all28-three-seed-no-exchange-v2-selector-safe,factorial,10,latentflow_process_preserving_unfreeze2,5.0,0.001,720,,42.87316268492563,False,,0.0007,0.34719790074320245,2048,1024,LatentFlow,0.3474341909756609,0.02,9821.0,1600118,,0.34676486798464334,0.3490673420752426,False,2,0.0004330327585591043,-0.0016331510995816756,,/work/11617/sujato_ts/vista/motion_code-master/physics_modal_v4/enhancements/results/factorial/runs/scale-multiscale__bank-off__continuation-early/seed42/Weather/h720.json,38835c09258a26ecf918b2db7896f7abb3c3f6f63d753c7243f3988571e4e84c,,0.589435484998707,multiscale,42,"{'inducing_points': 32, 'latent_dim': 16, 'patch_lens': [8, 16, 32], 'representation_weight': 0.001}",8-16-32,,True,True,96,False,0,144.13783217096352,extension,scale-multiscale__bank-off__continuation-early,0.0001,4
off,16,5,extension,0.436677005792421,,/work/11617/sujato_ts/vista/motion_code-master/physics_modal_v4/enhancements/results/factorial/checkpoints/scale-multiscale__bank-off__continuation-early/seed42/Weather/h96.pt,735c3bdbcdb8875f,early,2,False,Weather,16,194.3043049009866,latentflow-factorial-2x2x2-all28-three-seed-no-exchange-v2-selector-safe,factorial,10,latentflow_process_preserving_unfreeze2,5.0,0.001,96,,41.632548067575684,False,,0.0007,0.2149370419351106,2048,1024,LatentFlow,0.16827611825174255,0.02,10445.0,1332196,,0.21734394928356254,0.17167284340145306,False,2,-0.0024069073484519476,-0.003396725149710511,,/work/11617/sujato_ts/vista/motion_code-master/physics_modal_v4/enhancements/results/factorial/runs/scale-multiscale__bank-off__continuation-early/seed42/Weather/h96.json,184d8354fab530bbdc03b1b472e8b05758f45d98c6afad9dda4cc39f9cd6c97d,,0.4102147221294508,multiscale,42,"{'inducing_points': 32, 'latent_dim': 16, 'patch_lens': [8, 16, 32], 'representation_weight': 0.001}",8-16-32,,True,True,96,False,0,145.0349779554699,extension,scale-multiscale__bank-off__continuation-early,0.0001,4
off,16,1,extension,1.0265008988124984,,/work/11617/sujato_ts/vista/motion_code-master/physics_modal_v4/enhancements/results/factorial/checkpoints/scale-multiscale__bank-off__continuation-early/seed43/ETTh1/h192.pt,a50cd1471de09d0c,early,2,False,ETTh1,16,128.11922938004136,latentflow-factorial-2x2x2-all28-three-seed-no-exchange-v2-selector-safe,factorial,10,latentflow_process_preserving_unfreeze2,5.0,0.001,192,,25.656707266981375,False,,0.0007,0.4421880201847625,2048,1024,LatentFlow,0.4537100400878915,0.02,2689.0,1422510,,0.443341979500161,0.4599794201267479,False,2,-0.0011539593153985228,-0.006269380038856409,,/work/11617/sujato_ts/vista/motion_code-master/physics_modal_v4/enhancements/results/factorial/runs/scale-multiscale__bank-off__continuation-early/seed43/ETTh1/h192.json,df7c9c2e3dbe55445042185175d34bb9aa07ed051c00a3711daa03823dbb8e1f,,0.6735800175835767,multiscale,43,"{'inducing_points': 32, 'latent_dim': 16, 'patch_lens': [16, 32, 48], 'representation_weight': 0.05}",16-32-48,,True,True,96,False,0,95.75940780305245,extension,scale-multiscale__bank-off__continuation-early,0.0001,4
off,16,0,reference,1.3018467324931606,,/work/11617/sujato_ts/vista/motion_code-master/physics_modal_v4/enhancements/results/factorial/checkpoints/scale-multiscale__bank-off__continuation-early/seed43/ETTh1/h336.pt,46dbd61e14572ef9,early,2,False,ETTh1,16,118.06040337309241,latentflow-factorial-2x2x2-all28-three-seed-no-exchange-v2-selector-safe,factorial,10,latentflow_process_preserving_unfreeze2,5.0,0.001,336,,6.648356890706699,True,,0.0007,0.4658007510558577,2048,1024,LatentFlow,0.49559610148945654,0.02,2545.0,1479862,,0.4658007510558577,0.49559610148945654,False,2,0.0,0.0,,/work/11617/sujato_ts/vista/motion_code-master/physics_modal_v4/enhancements/results/factorial/runs/scale-multiscale__bank-off__continuation-early/seed43/ETTh1/h336.json,8ea582d69b06f515657b01cfbb479365fc30f7ae2d66f6a97c0bc67282c57f17,,0.7039858673932713,multiscale,43,"{'inducing_points': 32, 'latent_dim': 16, 'patch_lens': [16, 32, 48], 'representation_weight': 0.05}",16-32-48,,True,True,96,False,0,88.24919161852449,reference,scale-multiscale__bank-off__continuation-early,0.0001,4
off,16,0,reference,1.5775798396458702,,/work/11617/sujato_ts/vista/motion_code-master/physics_modal_v4/enhancements/results/factorial/checkpoints/scale-multiscale__bank-off__continuation-early/seed43/ETTh1/h720.pt,f31bacbdb915c2a1,early,2,False,ETTh1,16,125.29608280584216,latentflow-factorial-2x2x2-all28-three-seed-no-exchange-v2-selector-safe,factorial,10,latentflow_process_preserving_unfreeze2,5.0,0.001,720,,6.572865227709955,True,,0.0007,0.5129380355705734,2048,1024,LatentFlow,0.5872729192308579,0.02,2161.0,1634910,,0.5129380355705734,0.5872729192308579,False,2,0.0,0.0,,/work/11617/sujato_ts/vista/motion_code-master/physics_modal_v4/enhancements/results/factorial/runs/scale-multiscale__bank-off__continuation-early/seed43/ETTh1/h720.json,5be97c795d553600d15fd051e4eec6015782c05e9d0c6665ef199280dd370259,,0.7663373403605346,multiscale,43,"{'inducing_points': 32, 'latent_dim': 16, 'patch_lens': [16, 32, 48], 'representation_weight': 0.05}",16-32-48,,True,True,96,False,0,93.82525765249738,reference,scale-multiscale__bank-off__continuation-early,0.0001,4
off,16,1,extension,0.7656943704045954,,/work/11617/sujato_ts/vista/motion_code-master/physics_modal_v4/enhancements/results/factorial/checkpoints/scale-multiscale__bank-off__continuation-early/seed43/ETTh1/h96.pt,4a086df15623160a,early,2,False,ETTh1,16,127.2642521718517,latentflow-factorial-2x2x2-all28-three-seed-no-exchange-v2-selector-safe,factorial,10,latentflow_process_preserving_unfreeze2,5.0,0.001,96,,26.566179558053353,False,,0.0007,0.4176418639537951,2048,1024,LatentFlow,0.40544415872056455,0.02,2785.0,1384538,,0.41676520919701965,0.4051857176281157,False,2,0.0008766547567754523,0.0002584410924488245,,/work/11617/sujato_ts/vista/motion_code-master/physics_modal_v4/enhancements/results/factorial/runs/scale-multiscale__bank-off__continuation-early/seed43/ETTh1/h96.json,b5ed44077686d41de5cbb5dfd2b061c11e2f549ac5d1f59f60978cff9e065a78,,0.6367449714921701,multiscale,43,"{'inducing_points': 32, 'latent_dim': 16, 'patch_lens': [16, 32, 48], 'representation_weight': 0.05}",16-32-48,,True,True,96,False,0,95.08662763182656,extension,scale-multiscale__bank-off__continuation-early,0.0001,4
off,16,0,reference,0.2771868986920232,,/work/11617/sujato_ts/vista/motion_code-master/physics_modal_v4/enhancements/results/factorial/checkpoints/scale-multiscale__bank-off__continuation-early/seed43/ETTh2/h192.pt,7c408f06b5b7c236,early,2,False,ETTh2,16,123.40675919002388,latentflow-factorial-2x2x2-all28-three-seed-no-exchange-v2-selector-safe,factorial,10,latentflow_process_preserving_unfreeze2,5.0,0.001,192,,6.752937580430936,True,,0.0007,0.40085590263379806,2048,1024,LatentFlow,0.38761995805958793,0.02,2689.0,1392262,,0.40085590263379806,0.38761995805958793,False,2,0.0,0.0,,/work/11617/sujato_ts/vista/motion_code-master/physics_modal_v4/enhancements/results/factorial/runs/scale-multiscale__bank-off__continuation-early/seed43/ETTh2/h192.json,b4364592f00c2d521b8aa54f2ab24e39a41468208fc7ad7e577c80a9983e198c,,0.6225913250757578,multiscale,43,"{'inducing_points': 32, 'latent_dim': 8, 'patch_lens': [16, 32, 48], 'representation_weight': 0.001}",16-32-48,,True,True,96,False,0,92.15708227343384,reference,scale-multiscale__bank-off__continuation-early,0.0001,4
off,16,0,reference,0.353056555297099,,/work/11617/sujato_ts/vista/motion_code-master/physics_modal_v4/enhancements/results/factorial/checkpoints/scale-multiscale__bank-off__continuation-early/seed43/ETTh2/h336.pt,41fb1322efc09555,early,2,False,ETTh2,16,124.35764297796413,latentflow-factorial-2x2x2-all28-three-seed-no-exchange-v2-selector-safe,factorial,10,latentflow_process_preserving_unfreeze2,5.0,0.001,336,,6.551342994222252,True,,0.0007,0.4250684972451326,2048,1024,LatentFlow,0.40988198726142133,0.02,2545.0,1449614,,0.4250684972451326,0.40988198726142133,False,2,0.0,0.0,,/work/11617/sujato_ts/vista/motion_code-master/physics_modal_v4/enhancements/results/factorial/runs/scale-multiscale__bank-off__continuation-early/seed43/ETTh2/h336.json,abe2a29b9c1b4e67fdc65376e4222fa2f9855e3f31db10a89acbf5cddf5cf33c,,0.6402202646444591,multiscale,43,"{'inducing_points': 32, 'latent_dim': 8, 'patch_lens': [16, 32, 48], 'representation_weight': 0.001}",16-32-48,,True,True,96,False,0,92.89853468690126,reference,scale-multiscale__bank-off__continuation-early,0.0001,4
off,16,1,extension,0.6238991585988847,,/work/11617/sujato_ts/vista/motion_code-master/physics_modal_v4/enhancements/results/factorial/checkpoints/scale-multiscale__bank-off__continuation-early/seed43/ETTh2/h720.pt,c55dbcf6eaa95b68,early,2,False,ETTh2,16,124.94623656664044,latentflow-factorial-2x2x2-all28-three-seed-no-exchange-v2-selector-safe,factorial,10,latentflow_process_preserving_unfreeze2,5.0,0.001,720,,24.812447150418564,False,,0.0007,0.447601909106056,2048,1024,LatentFlow,0.4311145040198642,0.02,2161.0,1604662,,0.44383206391344515,0.4266107113311291,False,2,0.0037698451926108656,0.004503792688735075,,/work/11617/sujato_ts/vista/motion_code-master/physics_modal_v4/enhancements/results/factorial/runs/scale-multiscale__bank-off__continuation-early/seed43/ETTh2/h720.json,bef14676cf6cb90073d461b5f52737a524a44c264b996f81cc5b484af1aea2f0,,0.656593103847325,multiscale,43,"{'inducing_points': 32, 'latent_dim': 8, 'patch_lens': [16, 32, 48], 'representation_weight': 0.001}",16-32-48,,True,True,96,False,0,93.51411020179512,extension,scale-multiscale__bank-off__continuation-early,0.0001,4
off,16,0,reference,0.2316125681002935,,/work/11617/sujato_ts/vista/motion_code-master/physics_modal_v4/enhancements/results/factorial/checkpoints/scale-multiscale__bank-off__continuation-early/seed43/ETTh2/h96.pt,095876d49c6127d3,early,2,False,ETTh2,16,127.24649951898027,latentflow-factorial-2x2x2-all28-three-seed-no-exchange-v2-selector-safe,factorial,10,latentflow_process_preserving_unfreeze2,5.0,0.001,96,,6.961082329036873,True,,0.0007,0.35290649650830064,2048,1024,LatentFlow,0.30764443275713865,0.02,2785.0,1354290,,0.35290649650830064,0.30764443275713865,False,2,0.0,0.0,,/work/11617/sujato_ts/vista/motion_code-master/physics_modal_v4/enhancements/results/factorial/runs/scale-multiscale__bank-off__continuation-early/seed43/ETTh2/h96.json,581a0aef5220cec433c11f41f57c8b2d7837c7a051cca7f03a095608a9298b4d,,0.5546570406630917,multiscale,43,"{'inducing_points': 32, 'latent_dim': 8, 'patch_lens': [16, 32, 48], 'representation_weight': 0.001}",16-32-48,,True,True,96,False,0,95.04110119141842,reference,scale-multiscale__bank-off__continuation-early,0.0001,4
off,16,5,extension,0.5098019675129936,,/work/11617/sujato_ts/vista/motion_code-master/physics_modal_v4/enhancements/results/factorial/checkpoints/scale-multiscale__bank-off__continuation-early/seed43/ETTm1/h192.pt,dea59ffd1aa5e392,early,2,False,ETTm1,16,119.48266161419451,latentflow-factorial-2x2x2-all28-three-seed-no-exchange-v2-selector-safe,factorial,10,latentflow_process_preserving_unfreeze2,5.0,0.001,192,,26.15447122869747,False,,0.0007,0.41311905076195704,2048,1024,LatentFlow,0.40377467535721295,0.02,11329.0,1380382,,0.39785520574722033,0.38152902875583694,False,2,0.01526384501473671,0.022245646601376012,,/work/11617/sujato_ts/vista/motion_code-master/physics_modal_v4/enhancements/results/factorial/runs/scale-multiscale__bank-off__continuation-early/seed43/ETTm1/h192.json,139be678a5f216b964b8db1c9fbccf87eb41b2c027820dcbccee71d961a0b12f,,0.6354326678391763,multiscale,43,"{'inducing_points': 32, 'latent_dim': 8, 'patch_lens': [8, 24, 48], 'representation_weight': 0.01}",8-24-48,,True,True,96,False,0,86.74995975597994,extension,scale-multiscale__bank-off__continuation-early,0.0001,4
off,16,3,extension,0.6564338038973256,,/work/11617/sujato_ts/vista/motion_code-master/physics_modal_v4/enhancements/results/factorial/checkpoints/scale-multiscale__bank-off__continuation-early/seed43/ETTm1/h336.pt,d8aaaa53045de048,early,2,False,ETTm1,16,132.48376496694982,latentflow-factorial-2x2x2-all28-three-seed-no-exchange-v2-selector-safe,factorial,10,latentflow_process_preserving_unfreeze2,5.0,0.001,336,,26.86120384975862,False,,0.0007,0.4247197229687575,2048,1024,LatentFlow,0.4202619447737972,0.02,11185.0,1439992,,0.422382717193993,0.4181434244470936,False,2,0.002337005774764478,0.0021185203267035657,,/work/11617/sujato_ts/vista/motion_code-master/physics_modal_v4/enhancements/results/factorial/runs/scale-multiscale__bank-off__continuation-early/seed43/ETTm1/h336.json,9acca86f8452f52f4cd15be7e0d7c2863fa6c4cbdb578b34a3c0fbc169b5dcaa,,0.6482761331205995,multiscale,43,"{'inducing_points': 32, 'latent_dim': 8, 'patch_lens': [8, 24, 48], 'representation_weight': 0.01}",8-24-48,,True,True,96,False,0,96.05216640702565,extension,scale-multiscale__bank-off__continuation-early,0.0001,4
off,16,3,extension,0.9851974445676047,,/work/11617/sujato_ts/vista/motion_code-master/physics_modal_v4/enhancements/results/factorial/checkpoints/scale-multiscale__bank-off__continuation-early/seed43/ETTm1/h720.pt,685d9fc38643415f,early,2,False,ETTm1,16,124.67675164155662,latentflow-factorial-2x2x2-all28-three-seed-no-exchange-v2-selector-safe,factorial,10,latentflow_process_preserving_unfreeze2,5.0,0.001,720,,24.19333748425459,False,,0.0007,0.45507810446846886,2048,1024,LatentFlow,0.476143792969149,0.02,10801.0,1606168,,0.451734251621733,0.4769820346515787,False,2,0.003343852846735884,-0.0008382416824296857,,/work/11617/sujato_ts/vista/motion_code-master/physics_modal_v4/enhancements/results/factorial/runs/scale-multiscale__bank-off__continuation-early/seed43/ETTm1/h720.json,518b8c5654849b5b144bf8e0c0b806fab81f883f3dfd4d9e1548180ba616170b,,0.6900317333059031,multiscale,43,"{'inducing_points': 32, 'latent_dim': 8, 'patch_lens': [8, 24, 48], 'representation_weight': 0.01}",8-24-48,,True,True,96,False,0,90.44417480617994,extension,scale-multiscale__bank-off__continuation-early,0.0001,4
off,16,1,extension,0.39565120584198404,,/work/11617/sujato_ts/vista/motion_code-master/physics_modal_v4/enhancements/results/factorial/checkpoints/scale-multiscale__bank-off__continuation-early/seed43/ETTm1/h96.pt,ca908b5ae7fc64da,early,2,False,ETTm1,16,118.68695089500397,latentflow-factorial-2x2x2-all28-three-seed-no-exchange-v2-selector-safe,factorial,10,latentflow_process_preserving_unfreeze2,5.0,0.001,96,,26.111048383724473,False,,0.0007,0.3783497025145085,2048,1024,LatentFlow,0.3421821869827005,0.02,11425.0,1341462,,0.3789956576359375,0.3433126579663077,False,2,-0.0006459551214290093,-0.0011304709836072457,,/work/11617/sujato_ts/vista/motion_code-master/physics_modal_v4/enhancements/results/factorial/runs/scale-multiscale__bank-off__continuation-early/seed43/ETTm1/h96.json,4cb3ae95312b7842d190f8a532fee0b00cb20312c4b97bad5f0d25296d06abb2,,0.5849634065330074,multiscale,43,"{'inducing_points': 32, 'latent_dim': 8, 'patch_lens': [8, 24, 48], 'representation_weight': 0.01}",8-24-48,,True,True,96,False,0,86.02653193229344,extension,scale-multiscale__bank-off__continuation-early,0.0001,4
off,16,1,extension,0.17297199155603135,,/work/11617/sujato_ts/vista/motion_code-master/physics_modal_v4/enhancements/results/factorial/checkpoints/scale-multiscale__bank-off__continuation-early/seed43/ETTm2/h192.pt,a2bde9486bfeb8ae,early,2,False,ETTm2,16,129.5404368583113,latentflow-factorial-2x2x2-all28-three-seed-no-exchange-v2-selector-safe,factorial,10,latentflow_process_preserving_unfreeze2,5.0,0.001,192,,24.602567308412436,False,,0.0007,0.3045667561105032,2048,1024,LatentFlow,0.24348269813539553,0.02,11329.0,1355518,,0.3054367402774705,0.24420747295211104,False,2,-0.0008699841669672637,-0.0007247748167155121,,/work/11617/sujato_ts/vista/motion_code-master/physics_modal_v4/enhancements/results/factorial/runs/scale-multiscale__bank-off__continuation-early/seed43/ETTm2/h192.json,59667bebd5489e0c6ce61ca3665015584b0afcd9789abf0240fd7b0b58bf0d6a,,0.49343966007547013,multiscale,43,"{'inducing_points': 16, 'latent_dim': 8, 'patch_lens': [8, 16, 32], 'representation_weight': 0.001}",8-16-32,,True,True,96,False,0,94.09051059337799,extension,scale-multiscale__bank-off__continuation-early,0.0001,4
off,16,0,reference,0.21738581501302265,,/work/11617/sujato_ts/vista/motion_code-master/physics_modal_v4/enhancements/results/factorial/checkpoints/scale-multiscale__bank-off__continuation-early/seed43/ETTm2/h336.pt,c537b7d9a732840f,early,2,False,ETTm2,16,133.04388075880706,latentflow-factorial-2x2x2-all28-three-seed-no-exchange-v2-selector-safe,factorial,10,latentflow_process_preserving_unfreeze2,5.0,0.001,336,,6.463178269362296,True,,0.0007,0.3457875948301823,2048,1024,LatentFlow,0.30844945502242255,0.02,11185.0,1415660,,0.3457875948301823,0.30844945502242255,False,2,0.0,0.0,,/work/11617/sujato_ts/vista/motion_code-master/physics_modal_v4/enhancements/results/factorial/runs/scale-multiscale__bank-off__continuation-early/seed43/ETTm2/h336.json,d4069bfdf5f29005beece5ca54a5cd536bf1e6b0ac3439998be19d78ad0743db,,0.5553822602698276,multiscale,43,"{'inducing_points': 16, 'latent_dim': 8, 'patch_lens': [8, 16, 32], 'representation_weight': 0.001}",8-16-32,,True,True,96,False,0,96.53227872040588,reference,scale-multiscale__bank-off__continuation-early,0.0001,4
off,16,1,extension,0.29789138682304867,,/work/11617/sujato_ts/vista/motion_code-master/physics_modal_v4/enhancements/results/factorial/checkpoints/scale-multiscale__bank-off__continuation-early/seed43/ETTm2/h720.pt,efbd5ce85f5f9487,early,2,False,ETTm2,16,133.121363356011,latentflow-factorial-2x2x2-all28-three-seed-no-exchange-v2-selector-safe,factorial,10,latentflow_process_preserving_unfreeze2,5.0,0.001,720,,28.075516632915605,False,,0.0007,0.4055182543290492,2048,1024,LatentFlow,0.4155220606928363,0.02,10801.0,1584308,,0.40690780168898727,0.41617078781730577,False,2,-0.0013895473599380703,-0.0006487271244694504,,/work/11617/sujato_ts/vista/motion_code-master/physics_modal_v4/enhancements/results/factorial/runs/scale-multiscale__bank-off__continuation-early/seed43/ETTm2/h720.json,e86c4f4b74513e3c413761a44eda62f7906514301b01b3f44e08be8613528a2c,,0.6446100066651435,multiscale,43,"{'inducing_points': 16, 'latent_dim': 8, 'patch_lens': [8, 16, 32], 'representation_weight': 0.001}",8-16-32,,True,True,96,False,0,96.8781042000046,extension,scale-multiscale__bank-off__continuation-early,0.0001,4
off,16,1,extension,0.1301172066125132,,/work/11617/sujato_ts/vista/motion_code-master/physics_modal_v4/enhancements/results/factorial/checkpoints/scale-multiscale__bank-off__continuation-early/seed43/ETTm2/h96.pt,a1fe60f16dc7dd29,early,2,False,ETTm2,16,137.21725131804124,latentflow-factorial-2x2x2-all28-three-seed-no-exchange-v2-selector-safe,factorial,10,latentflow_process_preserving_unfreeze2,5.0,0.001,96,,26.961163592852685,False,,0.0007,0.2628279955729701,2048,1024,LatentFlow,0.17808510369430722,0.02,11425.0,1316386,,0.26373499365589254,0.17906134122459172,False,2,-0.0009069980829224389,-0.0009762375302845017,,/work/11617/sujato_ts/vista/motion_code-master/physics_modal_v4/enhancements/results/factorial/runs/scale-multiscale__bank-off__continuation-early/seed43/ETTm2/h96.json,e2e72315c3bc10a0bb1cb05c2689b68b4428c6cc6ee98865c1749789ff093f52,,0.42200130769265065,multiscale,43,"{'inducing_points': 16, 'latent_dim': 8, 'patch_lens': [8, 16, 32], 'representation_weight': 0.001}",8-16-32,,True,True,96,False,0,99.48463560103846,extension,scale-multiscale__bank-off__continuation-early,0.0001,4
off,16,9,extension,0.1471898688829329,,/work/11617/sujato_ts/vista/motion_code-master/physics_modal_v4/enhancements/results/factorial/checkpoints/scale-multiscale__bank-off__continuation-early/seed43/Electricity/h192.pt,71fefcb4e3762a6d,early,2,False,Electricity,16,619.5618130440125,latentflow-factorial-2x2x2-all28-three-seed-no-exchange-v2-selector-safe,factorial,10,latentflow_process_preserving_unfreeze2,5.0,0.001,192,,37.98876049388406,False,,0.0007,0.4049567654009169,2048,1024,LatentFlow,0.3025473779529658,0.02,5071.0,1369111,,0.2738353399317951,0.1829367893440265,False,2,0.1311214254691218,0.11961058860893933,,/work/11617/sujato_ts/vista/motion_code-master/physics_modal_v4/enhancements/results/factorial/runs/scale-multiscale__bank-off__continuation-early/seed43/Electricity/h192.json,71286ebc3ebcc1baf6f9945293c9edc7e83823fa56b7334abe60427933f20360,,0.5500430691800106,multiscale,43,"{'inducing_points': 32, 'latent_dim': 16, 'patch_lens': [8, 16, 32], 'representation_weight': 0.001}",8-16-32,,True,True,96,False,0,463.83427116561506,extension,scale-multiscale__bank-off__continuation-early,0.0001,4
off,16,9,extension,0.1640309996039732,,/work/11617/sujato_ts/vista/motion_code-master/physics_modal_v4/enhancements/results/factorial/checkpoints/scale-multiscale__bank-off__continuation-early/seed43/Electricity/h336.pt,9f4367b6b18b8f37,early,2,False,Electricity,16,633.8511294359341,latentflow-factorial-2x2x2-all28-three-seed-no-exchange-v2-selector-safe,factorial,10,latentflow_process_preserving_unfreeze2,5.0,0.001,336,,37.509178311367165,False,,0.0007,0.31028041350244123,2048,1024,LatentFlow,0.21077685648173097,0.02,4927.0,1429253,,0.28915831019974875,0.19748390570684707,False,2,0.021122103302692485,0.013292950774883905,,/work/11617/sujato_ts/vista/motion_code-master/physics_modal_v4/enhancements/results/factorial/runs/scale-multiscale__bank-off__continuation-early/seed43/Electricity/h336.json,77dda5a2f212eb862407b54f9e9eb383264a8a8b4eec0d36a67e2b3a8226bbb1,,0.4591044069508928,multiscale,43,"{'inducing_points': 32, 'latent_dim': 16, 'patch_lens': [8, 16, 32], 'representation_weight': 0.001}",8-16-32,,True,True,96,False,0,475.4174997258815,extension,scale-multiscale__bank-off__continuation-early,0.0001,4
off,16,8,extension,0.20207492782814604,,/work/11617/sujato_ts/vista/motion_code-master/physics_modal_v4/enhancements/results/factorial/checkpoints/scale-multiscale__bank-off__continuation-early/seed43/Electricity/h720.pt,2258cd08e544e80b,early,2,False,Electricity,16,652.4180901208892,latentflow-factorial-2x2x2-all28-three-seed-no-exchange-v2-selector-safe,factorial,10,latentflow_process_preserving_unfreeze2,5.0,0.001,720,,40.86209087742647,False,,0.0007,0.3431114541884852,2048,1024,LatentFlow,0.2546004314330214,0.02,4543.0,1597901,,0.3241261535948281,0.2428785076318873,False,2,0.018985300593657106,0.011721923801134099,,/work/11617/sujato_ts/vista/motion_code-master/physics_modal_v4/enhancements/results/factorial/runs/scale-multiscale__bank-off__continuation-early/seed43/Electricity/h720.json,4f37a2cb8edf1364aac398d89b49b97b03b0b34c777caa9ff5ae4494702f2915,,0.5045794599793192,multiscale,43,"{'inducing_points': 32, 'latent_dim': 16, 'patch_lens': [8, 16, 32], 'representation_weight': 0.001}",8-16-32,,True,True,96,False,0,491.0337807079486,extension,scale-multiscale__bank-off__continuation-early,0.0001,4
off,16,9,extension,0.13572570774414086,,/work/11617/sujato_ts/vista/motion_code-master/physics_modal_v4/enhancements/results/factorial/checkpoints/scale-multiscale__bank-off__continuation-early/seed43/Electricity/h96.pt,a6fbfd280df648aa,early,2,False,Electricity,16,617.9205642289016,latentflow-factorial-2x2x2-all28-three-seed-no-exchange-v2-selector-safe,factorial,10,latentflow_process_preserving_unfreeze2,5.0,0.001,96,,36.34051607502985,False,,0.0007,0.2862602634954928,2048,1024,LatentFlow,0.18287828731520708,0.02,5167.0,1329979,,0.2629459618459666,0.16817525858293583,False,2,0.023314301649526192,0.01470302873227125,,/work/11617/sujato_ts/vista/motion_code-master/physics_modal_v4/enhancements/results/factorial/runs/scale-multiscale__bank-off__continuation-early/seed43/Electricity/h96.json,1ecd2e2d07ef1b01f740b80927b1fdaafa99e0e5526d063b787c270c8a38ab6a,,0.4276427098819844,multiscale,43,"{'inducing_points': 32, 'latent_dim': 16, 'patch_lens': [8, 16, 32], 'representation_weight': 0.001}",8-16-32,,True,True,96,False,0,462.4600319484671,extension,scale-multiscale__bank-off__continuation-early,0.0001,4
off,16,10,extension,0.38987924798182155,,/work/11617/sujato_ts/vista/motion_code-master/physics_modal_v4/enhancements/results/factorial/checkpoints/scale-multiscale__bank-off__continuation-early/seed43/Traffic/h192.pt,5a761961d5c7713d,early,2,False,Traffic,16,1271.2038700114936,latentflow-factorial-2x2x2-all28-three-seed-no-exchange-v2-selector-safe,factorial,10,latentflow_process_preserving_unfreeze2,5.0,0.001,192,,88.93342874719252,False,,0.0007,0.3462956976236215,2048,1024,LatentFlow,0.4846068217683487,0.02,3319.0,1370734,,0.3131390828654499,0.4685487397926896,False,2,0.03315661475817161,0.01605808197565911,,/work/11617/sujato_ts/vista/motion_code-master/physics_modal_v4/enhancements/results/factorial/runs/scale-multiscale__bank-off__continuation-early/seed43/Traffic/h192.json,7ec730c95fb7400707e382f746fa27b69e79b89e8eb9178ab9e942f45d7c769c,,0.6961370711062217,multiscale,43,"{'inducing_points': 32, 'latent_dim': 16, 'patch_lens': [8, 16, 32], 'representation_weight': 0.001}",8-16-32,,True,True,96,False,0,970.3671063529328,extension,scale-multiscale__bank-off__continuation-early,0.0001,4
off,16,7,extension,0.4043876622450469,,/work/11617/sujato_ts/vista/motion_code-master/physics_modal_v4/enhancements/results/factorial/checkpoints/scale-multiscale__bank-off__continuation-early/seed43/Traffic/h336.pt,4b2386681ad21cae,early,2,False,Traffic,16,1336.7725848322734,latentflow-factorial-2x2x2-all28-three-seed-no-exchange-v2-selector-safe,factorial,10,latentflow_process_preserving_unfreeze2,5.0,0.001,336,,90.13503957528037,False,,0.0007,0.35829081770040855,2048,1024,LatentFlow,0.5079702210834254,0.02,3175.0,1430876,,0.3216683891891704,0.48278019169261327,False,2,0.03662242851123815,0.025190029390812108,,/work/11617/sujato_ts/vista/motion_code-master/physics_modal_v4/enhancements/results/factorial/runs/scale-multiscale__bank-off__continuation-early/seed43/Traffic/h336.json,13f4209aac62192498f7c9df2d0cbc006b1088a0992def8e0896f35c7c68f229,,0.7127202965283264,multiscale,43,"{'inducing_points': 32, 'latent_dim': 16, 'patch_lens': [8, 16, 32], 'representation_weight': 0.001}",8-16-32,,True,True,96,False,0,1020.5471939210838,extension,scale-multiscale__bank-off__continuation-early,0.0001,4
off,16,7,extension,0.44368731643035564,,/work/11617/sujato_ts/vista/motion_code-master/physics_modal_v4/enhancements/results/factorial/checkpoints/scale-multiscale__bank-off__continuation-early/seed43/Traffic/h720.pt,eac8b345a72219c0,early,2,False,Traffic,16,1457.157139353454,latentflow-factorial-2x2x2-all28-three-seed-no-exchange-v2-selector-safe,factorial,10,latentflow_process_preserving_unfreeze2,5.0,0.001,720,,99.3141272234404,False,,0.0007,0.400004420735143,2048,1024,LatentFlow,0.5577843280514911,0.02,2791.0,1599524,,0.33464495692066093,0.5128350406112727,False,2,0.06535946381448204,0.04494928744021842,,/work/11617/sujato_ts/vista/motion_code-master/physics_modal_v4/enhancements/results/factorial/runs/scale-multiscale__bank-off__continuation-early/seed43/Traffic/h720.json,d2a0d0ac0bdb17f15ca068176cb9982d1c328ca3123cbd03ebcaa79f869f9b97,,0.7468496020294121,multiscale,43,"{'inducing_points': 32, 'latent_dim': 16, 'patch_lens': [8, 16, 32], 'representation_weight': 0.001}",8-16-32,,True,True,96,False,0,1112.5354834191967,extension,scale-multiscale__bank-off__continuation-early,0.0001,4
off,16,10,extension,0.39753563995980884,,/work/11617/sujato_ts/vista/motion_code-master/physics_modal_v4/enhancements/results/factorial/checkpoints/scale-multiscale__bank-off__continuation-early/seed43/Traffic/h96.pt,ed8ec65ff69bd708,early,2,False,Traffic,16,1236.8248750921339,latentflow-factorial-2x2x2-all28-three-seed-no-exchange-v2-selector-safe,factorial,10,latentflow_process_preserving_unfreeze2,5.0,0.001,96,,87.74851543715162,False,,0.0007,0.3309077445729196,2048,1024,LatentFlow,0.47427976888700907,0.02,3415.0,1331602,,0.3137063777611741,0.4589426666652778,False,2,0.0172013668117455,0.015337102221731291,,/work/11617/sujato_ts/vista/motion_code-master/physics_modal_v4/enhancements/results/factorial/runs/scale-multiscale__bank-off__continuation-early/seed43/Traffic/h96.json,de0179d031d3e4647d71748715ea3e8723c7129815935173df8d1d174b46b524,,0.6886797288195792,multiscale,43,"{'inducing_points': 32, 'latent_dim': 16, 'patch_lens': [8, 16, 32], 'representation_weight': 0.001}",8-16-32,,True,True,96,False,0,944.0072420846263,extension,scale-multiscale__bank-off__continuation-early,0.0001,4
off,16,6,extension,0.47567367435447755,,/work/11617/sujato_ts/vista/motion_code-master/physics_modal_v4/enhancements/results/factorial/checkpoints/scale-multiscale__bank-off__continuation-early/seed43/Weather/h192.pt,cc63a4f0331e2910,early,2,False,Weather,16,196.19505308102816,latentflow-factorial-2x2x2-all28-three-seed-no-exchange-v2-selector-safe,factorial,10,latentflow_process_preserving_unfreeze2,5.0,0.001,192,,40.72063125583322,False,,0.0007,0.2528423471647117,2048,1024,LatentFlow,0.21091851925010935,0.02,10349.0,1371328,,0.256249009137202,0.2158285317509315,False,2,-0.003406661972490288,-0.004910012500822153,,/work/11617/sujato_ts/vista/motion_code-master/physics_modal_v4/enhancements/results/factorial/runs/scale-multiscale__bank-off__continuation-early/seed43/Weather/h192.json,1b0c2bc6b24b3e0cf6621ab379b3327b78b1a1a8e92da1aab27f99876fd7e606,,0.45925866268379667,multiscale,43,"{'inducing_points': 32, 'latent_dim': 16, 'patch_lens': [8, 16, 32], 'representation_weight': 0.001}",8-16-32,,True,True,96,False,0,146.485470089101,extension,scale-multiscale__bank-off__continuation-early,0.0001,4
off,16,2,extension,0.5570052993270546,,/work/11617/sujato_ts/vista/motion_code-master/physics_modal_v4/enhancements/results/factorial/checkpoints/scale-multiscale__bank-off__continuation-early/seed43/Weather/h336.pt,b5740e2efa978abb,early,2,False,Weather,16,196.9932884313166,latentflow-factorial-2x2x2-all28-three-seed-no-exchange-v2-selector-safe,factorial,10,latentflow_process_preserving_unfreeze2,5.0,0.001,336,,41.56063089100351,False,,0.0007,0.296525286872402,2048,1024,LatentFlow,0.2717124380789236,0.02,10205.0,1431470,,0.2981265712778558,0.27329123324999927,False,2,-0.0016012844054538178,-0.0015787951710756754,,/work/11617/sujato_ts/vista/motion_code-master/physics_modal_v4/enhancements/results/factorial/runs/scale-multiscale__bank-off__continuation-early/seed43/Weather/h336.json,3519a3507982a94f7b4b923f96ad8587de174a5c1abd0af9f656b523bed8c05b,,0.5212604321056065,multiscale,43,"{'inducing_points': 32, 'latent_dim': 16, 'patch_lens': [8, 16, 32], 'representation_weight': 0.001}",8-16-32,,True,True,96,False,0,147.1998083856306,extension,scale-multiscale__bank-off__continuation-early,0.0001,4
off,16,2,extension,0.6781746859272951,,/work/11617/sujato_ts/vista/motion_code-master/physics_modal_v4/enhancements/results/factorial/checkpoints/scale-multiscale__bank-off__continuation-early/seed43/Weather/h720.pt,4a2624b6da178900,early,2,False,Weather,16,206.94591821357608,latentflow-factorial-2x2x2-all28-three-seed-no-exchange-v2-selector-safe,factorial,10,latentflow_process_preserving_unfreeze2,5.0,0.001,720,,41.75559417922902,False,,0.0007,0.3473891320992071,2048,1024,LatentFlow,0.3494826460772287,0.02,9821.0,1600118,,0.3503502951151505,0.3520486265763272,False,2,-0.002961163015943402,-0.002565980499098508,,/work/11617/sujato_ts/vista/motion_code-master/physics_modal_v4/enhancements/results/factorial/runs/scale-multiscale__bank-off__continuation-early/seed43/Weather/h720.json,4a5026687ddf07348778eba1cbc08356a4a55759d3ded74765acd6e38341164a,,0.5911705727429509,multiscale,43,"{'inducing_points': 32, 'latent_dim': 16, 'patch_lens': [8, 16, 32], 'representation_weight': 0.001}",8-16-32,,True,True,96,False,0,154.68918361293618,extension,scale-multiscale__bank-off__continuation-early,0.0001,4
off,16,1,extension,0.43273941995132537,,/work/11617/sujato_ts/vista/motion_code-master/physics_modal_v4/enhancements/results/factorial/checkpoints/scale-multiscale__bank-off__continuation-early/seed43/Weather/h96.pt,039002700089167b,early,2,False,Weather,16,197.95620768563822,latentflow-factorial-2x2x2-all28-three-seed-no-exchange-v2-selector-safe,factorial,10,latentflow_process_preserving_unfreeze2,5.0,0.001,96,,36.51423799410497,False,,0.0007,0.21288821586274917,2048,1024,LatentFlow,0.16717506449908814,0.02,10445.0,1332196,,0.21319870609262376,0.1678031056864614,False,2,-0.0003104902298745882,-0.0006280411873732517,,/work/11617/sujato_ts/vista/motion_code-master/physics_modal_v4/enhancements/results/factorial/runs/scale-multiscale__bank-off__continuation-early/seed43/Weather/h96.json,d54f1a3b874a6778482069f38565d84f61d45431cc3da2e96b9a3726ee8285e5,,0.4088704739878977,multiscale,43,"{'inducing_points': 32, 'latent_dim': 16, 'patch_lens': [8, 16, 32], 'representation_weight': 0.001}",8-16-32,,True,True,96,False,0,147.77787752500444,extension,scale-multiscale__bank-off__continuation-early,0.0001,4
off,16,1,extension,1.0270682942299616,,/work/11617/sujato_ts/vista/motion_code-master/physics_modal_v4/enhancements/results/factorial/checkpoints/scale-multiscale__bank-off__continuation-early/seed44/ETTh1/h192.pt,cf82fa93c2ebc386,early,2,False,ETTh1,16,133.614394268021,latentflow-factorial-2x2x2-all28-three-seed-no-exchange-v2-selector-safe,factorial,10,latentflow_process_preserving_unfreeze2,5.0,0.001,192,,28.038541027930325,False,,0.0007,0.4428742451024251,2048,1024,LatentFlow,0.45747904546239426,0.02,2689.0,1422510,,0.43770743800390943,0.44691621277491017,False,2,0.005166807098515691,0.010562832687484092,,/work/11617/sujato_ts/vista/motion_code-master/physics_modal_v4/enhancements/results/factorial/runs/scale-multiscale__bank-off__continuation-early/seed44/ETTh1/h192.json,a376e54936ec8f997b846196951b1a9ef6da439043628c99d49462f098b7da46,,0.6763719727061391,multiscale,44,"{'inducing_points': 32, 'latent_dim': 16, 'patch_lens': [16, 32, 48], 'representation_weight': 0.05}",16-32-48,,True,True,96,False,0,99.78416599988122,extension,scale-multiscale__bank-off__continuation-early,0.0001,4
off,16,1,extension,1.294195789463666,,/work/11617/sujato_ts/vista/motion_code-master/physics_modal_v4/enhancements/results/factorial/checkpoints/scale-multiscale__bank-off__continuation-early/seed44/ETTh1/h336.pt,44ed1c1661fc78a7,early,2,False,ETTh1,16,124.77765640430152,latentflow-factorial-2x2x2-all28-three-seed-no-exchange-v2-selector-safe,factorial,10,latentflow_process_preserving_unfreeze2,5.0,0.001,336,,25.121445471385517,False,,0.0007,0.4589593023397523,2048,1024,LatentFlow,0.4841616253012709,0.02,2545.0,1479862,,0.4591230058390275,0.4876308846119681,False,2,-0.0001637034992751918,-0.0034692593106971925,,/work/11617/sujato_ts/vista/motion_code-master/physics_modal_v4/enhancements/results/factorial/runs/scale-multiscale__bank-off__continuation-early/seed44/ETTh1/h336.json,06273a240a3b6eef0332122cce74017edc7e2d2cba313759966ae49e840ab475,,0.695817235559217,multiscale,44,"{'inducing_points': 32, 'latent_dim': 16, 'patch_lens': [16, 32, 48], 'representation_weight': 0.05}",16-32-48,,True,True,96,False,0,93.28050377225736,extension,scale-multiscale__bank-off__continuation-early,0.0001,4
off,16,0,reference,1.5785007105933295,,/work/11617/sujato_ts/vista/motion_code-master/physics_modal_v4/enhancements/results/factorial/checkpoints/scale-multiscale__bank-off__continuation-early/seed44/ETTh1/h720.pt,996d81655b965a7c,early,2,False,ETTh1,16,127.48954593017697,latentflow-factorial-2x2x2-all28-three-seed-no-exchange-v2-selector-safe,factorial,10,latentflow_process_preserving_unfreeze2,5.0,0.001,720,,6.33921486033655,True,,0.0007,0.47804556795111286,2048,1024,LatentFlow,0.49321255640503286,0.02,2161.0,1634910,,0.47804556795111286,0.49321255640503286,False,2,0.0,0.0,,/work/11617/sujato_ts/vista/motion_code-master/physics_modal_v4/enhancements/results/factorial/runs/scale-multiscale__bank-off__continuation-early/seed44/ETTh1/h720.json,adf29660830b343a5d61ce7dde0a8d0cefc253cb4b3df0c110ae9ec5ba66926d,,0.7022909343036068,multiscale,44,"{'inducing_points': 32, 'latent_dim': 16, 'patch_lens': [16, 32, 48], 'representation_weight': 0.05}",16-32-48,,True,True,96,False,0,95.39847351406934,reference,scale-multiscale__bank-off__continuation-early,0.0001,4
off,16,3,extension,0.7678459339908191,,/work/11617/sujato_ts/vista/motion_code-master/physics_modal_v4/enhancements/results/factorial/checkpoints/scale-multiscale__bank-off__continuation-early/seed44/ETTh1/h96.pt,c02a737e1492a922,early,2,False,ETTh1,16,126.84597921743989,latentflow-factorial-2x2x2-all28-three-seed-no-exchange-v2-selector-safe,factorial,10,latentflow_process_preserving_unfreeze2,5.0,0.001,96,,25.502273236869733,False,,0.0007,0.42243546632413037,2048,1024,LatentFlow,0.41344089997245825,0.02,2785.0,1384538,,0.42231151613097034,0.41360218598922727,False,2,0.0001239501931600273,-0.00016128601676901333,,/work/11617/sujato_ts/vista/motion_code-master/physics_modal_v4/enhancements/results/factorial/runs/scale-multiscale__bank-off__continuation-early/seed44/ETTh1/h96.json,0eacc117bfaedd1cff5b94d01d3350bddd8f4fc66c1901d369939747aeec222d,,0.6429937013474224,multiscale,44,"{'inducing_points': 32, 'latent_dim': 16, 'patch_lens': [16, 32, 48], 'representation_weight': 0.05}",16-32-48,,True,True,96,False,0,94.83842721529072,extension,scale-multiscale__bank-off__continuation-early,0.0001,4
off,16,0,reference,0.27739986990179333,,/work/11617/sujato_ts/vista/motion_code-master/physics_modal_v4/enhancements/results/factorial/checkpoints/scale-multiscale__bank-off__continuation-early/seed44/ETTh2/h192.pt,26ce691475466851,early,2,False,ETTh2,16,127.64906279183924,latentflow-factorial-2x2x2-all28-three-seed-no-exchange-v2-selector-safe,factorial,10,latentflow_process_preserving_unfreeze2,5.0,0.001,192,,6.684772229703244,True,,0.0007,0.40329570485186506,2048,1024,LatentFlow,0.39145799402530357,0.02,2689.0,1392262,,0.40329570485186506,0.39145799402530357,False,2,0.0,0.0,,/work/11617/sujato_ts/vista/motion_code-master/physics_modal_v4/enhancements/results/factorial/runs/scale-multiscale__bank-off__continuation-early/seed44/ETTh2/h192.json,0c1c78bb93e83b5414e2e70591480c8f6324a89ad9a7298c032a0c0bcbaf1e95,,0.6256660403324633,multiscale,44,"{'inducing_points': 32, 'latent_dim': 8, 'patch_lens': [16, 32, 48], 'representation_weight': 0.001}",16-32-48,,True,True,96,False,0,95.40056851037662,reference,scale-multiscale__bank-off__continuation-early,0.0001,4
off,16,0,reference,0.35948368075753556,,/work/11617/sujato_ts/vista/motion_code-master/physics_modal_v4/enhancements/results/factorial/checkpoints/scale-multiscale__bank-off__continuation-early/seed44/ETTh2/h336.pt,4bece546f3b39765,early,2,False,ETTh2,16,120.85520203784108,latentflow-factorial-2x2x2-all28-three-seed-no-exchange-v2-selector-safe,factorial,10,latentflow_process_preserving_unfreeze2,5.0,0.001,336,,6.361804342581125,True,,0.0007,0.432463596876715,2048,1024,LatentFlow,0.4279336241586785,0.02,2545.0,1449614,,0.432463596876715,0.4279336241586785,False,2,0.0,0.0,,/work/11617/sujato_ts/vista/motion_code-master/physics_modal_v4/enhancements/results/factorial/runs/scale-multiscale__bank-off__continuation-early/seed44/ETTh2/h336.json,17a4146f44e9c16819d95285c326603dd63c7329f327062799c4a89d0cc82d2d,,0.6541663581679193,multiscale,44,"{'inducing_points': 32, 'latent_dim': 8, 'patch_lens': [16, 32, 48], 'representation_weight': 0.001}",16-32-48,,True,True,96,False,0,90.36186779121635,reference,scale-multiscale__bank-off__continuation-early,0.0001,4
off,16,1,extension,0.619810770617591,,/work/11617/sujato_ts/vista/motion_code-master/physics_modal_v4/enhancements/results/factorial/checkpoints/scale-multiscale__bank-off__continuation-early/seed44/ETTh2/h720.pt,0e98d9c986f7b528,early,2,False,ETTh2,16,121.95268814265728,latentflow-factorial-2x2x2-all28-three-seed-no-exchange-v2-selector-safe,factorial,10,latentflow_process_preserving_unfreeze2,5.0,0.001,720,,27.281058479600876,False,,0.0007,0.45802320603059316,2048,1024,LatentFlow,0.4490916824153088,0.02,2161.0,1604662,,0.4474083718722355,0.4325620621866375,False,2,0.010614834158357678,0.01652962022867127,,/work/11617/sujato_ts/vista/motion_code-master/physics_modal_v4/enhancements/results/factorial/runs/scale-multiscale__bank-off__continuation-early/seed44/ETTh2/h720.json,c9fd4993eb4d35b0133d7e329c57fc92688b31afc5033bb84fcf058caf3175e1,,0.6701430313114572,multiscale,44,"{'inducing_points': 32, 'latent_dim': 8, 'patch_lens': [16, 32, 48], 'representation_weight': 0.001}",16-32-48,,True,True,96,False,0,91.19860128557775,extension,scale-multiscale__bank-off__continuation-early,0.0001,4
off,16,1,extension,0.23771166464402563,,/work/11617/sujato_ts/vista/motion_code-master/physics_modal_v4/enhancements/results/factorial/checkpoints/scale-multiscale__bank-off__continuation-early/seed44/ETTh2/h96.pt,2c72b985b708780a,early,2,False,ETTh2,16,127.30097691714764,latentflow-factorial-2x2x2-all28-three-seed-no-exchange-v2-selector-safe,factorial,10,latentflow_process_preserving_unfreeze2,5.0,0.001,96,,26.997463639039612,False,,0.0007,0.36285179911428633,2048,1024,LatentFlow,0.31918080902164836,0.02,2785.0,1354290,,0.36216801603176535,0.317897382043025,False,2,0.0006837830825209834,0.001283426978623381,,/work/11617/sujato_ts/vista/motion_code-master/physics_modal_v4/enhancements/results/factorial/runs/scale-multiscale__bank-off__continuation-early/seed44/ETTh2/h96.json,794df84a76267c29bc0d0633b493be616bf58521d36809559bf749ef731d4bd4,,0.5649608915860003,multiscale,44,"{'inducing_points': 32, 'latent_dim': 8, 'patch_lens': [16, 32, 48], 'representation_weight': 0.001}",16-32-48,,True,True,96,False,0,95.11190120229003,extension,scale-multiscale__bank-off__continuation-early,0.0001,4
off,16,2,extension,0.5127158397365184,,/work/11617/sujato_ts/vista/motion_code-master/physics_modal_v4/enhancements/results/factorial/checkpoints/scale-multiscale__bank-off__continuation-early/seed44/ETTm1/h192.pt,c7e7c7b9f051908c,early,2,False,ETTm1,16,131.87906016292982,latentflow-factorial-2x2x2-all28-three-seed-no-exchange-v2-selector-safe,factorial,10,latentflow_process_preserving_unfreeze2,5.0,0.001,192,,26.610080940488203,False,,0.0007,0.39741890944018105,2048,1024,LatentFlow,0.38034611436882765,0.02,11329.0,1380382,,0.398732273189482,0.38099327648561726,False,2,-0.0013133637493009664,-0.0006471621167896124,,/work/11617/sujato_ts/vista/motion_code-master/physics_modal_v4/enhancements/results/factorial/runs/scale-multiscale__bank-off__continuation-early/seed44/ETTm1/h192.json,cf238e77f3dd19132826313829e21f4f04f59ec60f0e132e38158b90858b8c36,,0.6167220722244564,multiscale,44,"{'inducing_points': 32, 'latent_dim': 8, 'patch_lens': [8, 24, 48], 'representation_weight': 0.01}",8-24-48,,True,True,96,False,0,95.61836459224651,extension,scale-multiscale__bank-off__continuation-early,0.0001,4
off,16,2,extension,0.6544631370881788,,/work/11617/sujato_ts/vista/motion_code-master/physics_modal_v4/enhancements/results/factorial/checkpoints/scale-multiscale__bank-off__continuation-early/seed44/ETTm1/h336.pt,3e7726f145ecf73b,early,2,False,ETTm1,16,132.5277479669894,latentflow-factorial-2x2x2-all28-three-seed-no-exchange-v2-selector-safe,factorial,10,latentflow_process_preserving_unfreeze2,5.0,0.001,336,,27.619143323519168,False,,0.0007,0.42088713349817763,2048,1024,LatentFlow,0.4202665213293492,0.02,11185.0,1439992,,0.4212727511092856,0.4191240223624583,False,2,-0.0003856176111079468,0.0011424989668908925,,/work/11617/sujato_ts/vista/motion_code-master/physics_modal_v4/enhancements/results/factorial/runs/scale-multiscale__bank-off__continuation-early/seed44/ETTm1/h336.json,102c1adce40f1007c35c4055402492f8f518a768867b26357460955ed674da00,,0.6482796628997004,multiscale,44,"{'inducing_points': 32, 'latent_dim': 8, 'patch_lens': [8, 24, 48], 'representation_weight': 0.01}",8-24-48,,True,True,96,False,0,96.16337376874071,extension,scale-multiscale__bank-off__continuation-early,0.0001,4
off,16,0,reference,0.9873083776897854,,/work/11617/sujato_ts/vista/motion_code-master/physics_modal_v4/enhancements/results/factorial/checkpoints/scale-multiscale__bank-off__continuation-early/seed44/ETTm1/h720.pt,3180a79203d83aa5,early,2,False,ETTm1,16,120.0132801621221,latentflow-factorial-2x2x2-all28-three-seed-no-exchange-v2-selector-safe,factorial,10,latentflow_process_preserving_unfreeze2,5.0,0.001,720,,6.4760069279912145,True,,0.0007,0.46131507863365817,2048,1024,LatentFlow,0.4717641489762976,0.02,10801.0,1606168,,0.46131507863365817,0.4717641489762976,False,2,0.0,0.0,,/work/11617/sujato_ts/vista/motion_code-master/physics_modal_v4/enhancements/results/factorial/runs/scale-multiscale__bank-off__continuation-early/seed44/ETTm1/h720.json,2295873e8492054715557822d373d845637ce21f29cccc1060bcb3bf21f40a8a,,0.6868508928263088,multiscale,44,"{'inducing_points': 32, 'latent_dim': 8, 'patch_lens': [8, 24, 48], 'representation_weight': 0.01}",8-24-48,,True,True,96,False,0,87.29037045159203,reference,scale-multiscale__bank-off__continuation-early,0.0001,4
off,16,1,extension,0.4014140358638196,,/work/11617/sujato_ts/vista/motion_code-master/physics_modal_v4/enhancements/results/factorial/checkpoints/scale-multiscale__bank-off__continuation-early/seed44/ETTm1/h96.pt,4aec2a489c0d98dc,early,2,False,ETTm1,16,132.94582986459136,latentflow-factorial-2x2x2-all28-three-seed-no-exchange-v2-selector-safe,factorial,10,latentflow_process_preserving_unfreeze2,5.0,0.001,96,,25.77285729035171,False,,0.0007,0.38123692902150325,2048,1024,LatentFlow,0.34520299580589836,0.02,11425.0,1341462,,0.3868779538603665,0.35287276293742753,False,2,-0.005641024838863251,-0.0076697671315291704,,/work/11617/sujato_ts/vista/motion_code-master/physics_modal_v4/enhancements/results/factorial/runs/scale-multiscale__bank-off__continuation-early/seed44/ETTm1/h96.json,53f438de58d9f2d6e06f11b3175f73d0ae28c8709001f229fbc087ad2117f05e,,0.5875397823176728,multiscale,44,"{'inducing_points': 32, 'latent_dim': 8, 'patch_lens': [8, 24, 48], 'representation_weight': 0.01}",8-24-48,,True,True,96,False,0,96.3874070730526,extension,scale-multiscale__bank-off__continuation-early,0.0001,4
off,16,2,extension,0.17067221401348,,/work/11617/sujato_ts/vista/motion_code-master/physics_modal_v4/enhancements/results/factorial/checkpoints/scale-multiscale__bank-off__continuation-early/seed44/ETTm2/h192.pt,730cdb98a6293067,early,2,False,ETTm2,16,117.30809091124684,latentflow-factorial-2x2x2-all28-three-seed-no-exchange-v2-selector-safe,factorial,10,latentflow_process_preserving_unfreeze2,5.0,0.001,192,,26.80188288340474,False,,0.0007,0.30336834708734844,2048,1024,LatentFlow,0.24164802360710244,0.02,11329.0,1355518,,0.30378740260714177,0.24269223820143046,False,2,-0.000419055519793321,-0.001044214594328019,,/work/11617/sujato_ts/vista/motion_code-master/physics_modal_v4/enhancements/results/factorial/runs/scale-multiscale__bank-off__continuation-early/seed44/ETTm2/h192.json,fbba6838b77d3053be20632ac7c8875a6786517cc8195b89049cb2cde037f15a,,0.4915770779919487,multiscale,44,"{'inducing_points': 16, 'latent_dim': 8, 'patch_lens': [8, 16, 32], 'representation_weight': 0.001}",8-16-32,,True,True,96,False,0,85.06089906732086,extension,scale-multiscale__bank-off__continuation-early,0.0001,4
off,16,2,extension,0.21630763460178765,,/work/11617/sujato_ts/vista/motion_code-master/physics_modal_v4/enhancements/results/factorial/checkpoints/scale-multiscale__bank-off__continuation-early/seed44/ETTm2/h336.pt,de6921c988935ad9,early,2,False,ETTm2,16,126.61664077080786,latentflow-factorial-2x2x2-all28-three-seed-no-exchange-v2-selector-safe,factorial,10,latentflow_process_preserving_unfreeze2,5.0,0.001,336,,24.854506029718074,False,,0.0007,0.3473152851477588,2048,1024,LatentFlow,0.31096546837723227,0.02,11185.0,1415660,,0.3481609085362023,0.3124339869085309,False,2,-0.0008456233884435171,-0.001468518531298646,,/work/11617/sujato_ts/vista/motion_code-master/physics_modal_v4/enhancements/results/factorial/runs/scale-multiscale__bank-off__continuation-early/seed44/ETTm2/h336.json,04a1e3c397e1cc7b716d4a9f22caed64c8ba8529175664c8fde4839159ed41d3,,0.5576427784677501,multiscale,44,"{'inducing_points': 16, 'latent_dim': 8, 'patch_lens': [8, 16, 32], 'representation_weight': 0.001}",8-16-32,,True,True,96,False,0,91.91176502790768,extension,scale-multiscale__bank-off__continuation-early,0.0001,4
off,16,2,extension,0.29635927923141964,,/work/11617/sujato_ts/vista/motion_code-master/physics_modal_v4/enhancements/results/factorial/checkpoints/scale-multiscale__bank-off__continuation-early/seed44/ETTm2/h720.pt,34f5fd9d5c761257,early,2,False,ETTm2,16,131.32627487182617,latentflow-factorial-2x2x2-all28-three-seed-no-exchange-v2-selector-safe,factorial,10,latentflow_process_preserving_unfreeze2,5.0,0.001,720,,27.14175892888792,False,,0.0007,0.4046674298946286,2048,1024,LatentFlow,0.4151054803572666,0.02,10801.0,1584308,,0.40289446798597517,0.41250198684496775,False,2,0.0017729619086534476,0.0026034935122988268,,/work/11617/sujato_ts/vista/motion_code-master/physics_modal_v4/enhancements/results/factorial/runs/scale-multiscale__bank-off__continuation-early/seed44/ETTm2/h720.json,f6dd8378376bede3a5f85205f9f88624e65f9210ac54ad753f15433eab6bd590,,0.6442867997695332,multiscale,44,"{'inducing_points': 16, 'latent_dim': 8, 'patch_lens': [8, 16, 32], 'representation_weight': 0.001}",8-16-32,,True,True,96,False,0,95.22858963900944,extension,scale-multiscale__bank-off__continuation-early,0.0001,4
off,16,0,reference,0.13026627915955724,,/work/11617/sujato_ts/vista/motion_code-master/physics_modal_v4/enhancements/results/factorial/checkpoints/scale-multiscale__bank-off__continuation-early/seed44/ETTm2/h96.pt,88d35532f79c9df1,early,2,False,ETTm2,16,125.77070541772991,latentflow-factorial-2x2x2-all28-three-seed-no-exchange-v2-selector-safe,factorial,10,latentflow_process_preserving_unfreeze2,5.0,0.001,96,,5.891416906960424,True,,0.0007,0.26499371584373255,2048,1024,LatentFlow,0.18005908088409814,0.02,11425.0,1316386,,0.26499371584373255,0.18005908088409814,False,2,0.0,0.0,,/work/11617/sujato_ts/vista/motion_code-master/physics_modal_v4/enhancements/results/factorial/runs/scale-multiscale__bank-off__continuation-early/seed44/ETTm2/h96.json,da01f964efcec21ef4da5f07264daa8775f01c547d00b3d86f3196e398d4f41c,,0.42433369048909864,multiscale,44,"{'inducing_points': 16, 'latent_dim': 8, 'patch_lens': [8, 16, 32], 'representation_weight': 0.001}",8-16-32,,True,True,96,False,0,91.1950732821424,reference,scale-multiscale__bank-off__continuation-early,0.0001,4
off,16,10,extension,0.14661001252360556,,/work/11617/sujato_ts/vista/motion_code-master/physics_modal_v4/enhancements/results/factorial/checkpoints/scale-multiscale__bank-off__continuation-early/seed44/Electricity/h192.pt,e1d7f259d0eb9abc,early,2,False,Electricity,16,639.1949001476169,latentflow-factorial-2x2x2-all28-three-seed-no-exchange-v2-selector-safe,factorial,10,latentflow_process_preserving_unfreeze2,5.0,0.001,192,,36.20386986896148,False,,0.0007,0.2974038168843983,2048,1024,LatentFlow,0.1942358299726331,0.02,5071.0,1369111,,0.27211647447854803,0.18008406659671175,False,2,0.025287342405850288,0.014151763375921361,,/work/11617/sujato_ts/vista/motion_code-master/physics_modal_v4/enhancements/results/factorial/runs/scale-multiscale__bank-off__continuation-early/seed44/Electricity/h192.json,cacf888c885b77fcec833fac8ab4e2251122126db06e1c7136f8afb4762d18ef,,0.4407219417871467,multiscale,44,"{'inducing_points': 32, 'latent_dim': 16, 'patch_lens': [8, 16, 32], 'representation_weight': 0.001}",8-16-32,,True,True,96,False,0,478.77100175501255,extension,scale-multiscale__bank-off__continuation-early,0.0001,4
off,16,10,extension,0.16288318341889982,,/work/11617/sujato_ts/vista/motion_code-master/physics_modal_v4/enhancements/results/factorial/checkpoints/scale-multiscale__bank-off__continuation-early/seed44/Electricity/h336.pt,755c6f8b11542c45,early,2,False,Electricity,16,599.9288338231854,latentflow-factorial-2x2x2-all28-three-seed-no-exchange-v2-selector-safe,factorial,10,latentflow_process_preserving_unfreeze2,5.0,0.001,336,,36.60523059088888,False,,0.0007,0.3592018883535059,2048,1024,LatentFlow,0.25127581168353985,0.02,4927.0,1429253,,0.28645636041457656,0.19530326467670855,False,2,0.07274552793892936,0.0559725470068313,,/work/11617/sujato_ts/vista/motion_code-master/physics_modal_v4/enhancements/results/factorial/runs/scale-multiscale__bank-off__continuation-early/seed44/Electricity/h336.json,1d77258ccaaeaa8e4b4b03df1bef204031b5c2d12b4da85f92f1cf521ea5f545,,0.5012741881281539,multiscale,44,"{'inducing_points': 32, 'latent_dim': 16, 'patch_lens': [8, 16, 32], 'representation_weight': 0.001}",8-16-32,,True,True,96,False,0,450.5470349013194,extension,scale-multiscale__bank-off__continuation-early,0.0001,4
off,16,8,extension,0.19559899280953466,,/work/11617/sujato_ts/vista/motion_code-master/physics_modal_v4/enhancements/results/factorial/checkpoints/scale-multiscale__bank-off__continuation-early/seed44/Electricity/h720.pt,4e6730c886983b76,early,2,False,Electricity,16,675.7532210461795,latentflow-factorial-2x2x2-all28-three-seed-no-exchange-v2-selector-safe,factorial,10,latentflow_process_preserving_unfreeze2,5.0,0.001,720,,38.98333568237656,False,,0.0007,0.36476830941297866,2048,1024,LatentFlow,0.2705717856163551,0.02,4543.0,1597901,,0.31212930321212584,0.22779061840200562,False,2,0.05263900620085282,0.042781167214349464,,/work/11617/sujato_ts/vista/motion_code-master/physics_modal_v4/enhancements/results/factorial/runs/scale-multiscale__bank-off__continuation-early/seed44/Electricity/h720.json,4ce8c0b812f576c51d15ca6bedffda8f50f36e9f387c13b01de02cd0b62f2fe2,,0.5201651522510472,multiscale,44,"{'inducing_points': 32, 'latent_dim': 16, 'patch_lens': [8, 16, 32], 'representation_weight': 0.001}",8-16-32,,True,True,96,False,0,508.3408847320243,extension,scale-multiscale__bank-off__continuation-early,0.0001,4
off,16,9,extension,0.13718940498672913,,/work/11617/sujato_ts/vista/motion_code-master/physics_modal_v4/enhancements/results/factorial/checkpoints/scale-multiscale__bank-off__continuation-early/seed44/Electricity/h96.pt,6453e3ca3a3aa507,early,2,False,Electricity,16,634.9951181849465,latentflow-factorial-2x2x2-all28-three-seed-no-exchange-v2-selector-safe,factorial,10,latentflow_process_preserving_unfreeze2,5.0,0.001,96,,36.968732550523654,False,,0.0007,0.2920014041156082,2048,1024,LatentFlow,0.18650110461248584,0.02,5167.0,1329979,,0.26397629339553963,0.169436871165086,False,2,0.02802511072006858,0.01706423344739985,,/work/11617/sujato_ts/vista/motion_code-master/physics_modal_v4/enhancements/results/factorial/runs/scale-multiscale__bank-off__continuation-early/seed44/Electricity/h96.json,ba51768c0d2f0e44e013ed37796e0ae26808051a4a5e9b68a9ad2a817137805c,,0.4318577365435125,multiscale,44,"{'inducing_points': 32, 'latent_dim': 16, 'patch_lens': [8, 16, 32], 'representation_weight': 0.001}",8-16-32,,True,True,96,False,0,474.78554296958464,extension,scale-multiscale__bank-off__continuation-early,0.0001,4
off,16,10,extension,0.38644310198176857,,/work/11617/sujato_ts/vista/motion_code-master/physics_modal_v4/enhancements/results/factorial/checkpoints/scale-multiscale__bank-off__continuation-early/seed44/Traffic/h192.pt,2ec5181cd39a1ad9,early,2,False,Traffic,16,1273.0079376290087,latentflow-factorial-2x2x2-all28-three-seed-no-exchange-v2-selector-safe,factorial,10,latentflow_process_preserving_unfreeze2,5.0,0.001,192,,87.69304037616017,False,,0.0007,0.37168493906410677,2048,1024,LatentFlow,0.5073208037416805,0.02,3319.0,1370734,,0.31483508115198244,0.46615323230468886,False,2,0.056849857912124324,0.04116757143699168,,/work/11617/sujato_ts/vista/motion_code-master/physics_modal_v4/enhancements/results/factorial/runs/scale-multiscale__bank-off__continuation-early/seed44/Traffic/h192.json,8eede22a88eef94784c9d48164c8b067ce0576effe53cf0e484199c13d49b3ca,,0.712264560217396,multiscale,44,"{'inducing_points': 32, 'latent_dim': 16, 'patch_lens': [8, 16, 32], 'representation_weight': 0.001}",8-16-32,,True,True,96,False,0,971.9511471858823,extension,scale-multiscale__bank-off__continuation-early,0.0001,4
off,16,10,extension,0.3997550865732205,,/work/11617/sujato_ts/vista/motion_code-master/physics_modal_v4/enhancements/results/factorial/checkpoints/scale-multiscale__bank-off__continuation-early/seed44/Traffic/h336.pt,214858cdd14bdd97,early,2,False,Traffic,16,1334.486052319,latentflow-factorial-2x2x2-all28-three-seed-no-exchange-v2-selector-safe,factorial,10,latentflow_process_preserving_unfreeze2,5.0,0.001,336,,90.80752451913526,False,,0.0007,0.3671112082725992,2048,1024,LatentFlow,0.5233925565985661,0.02,3175.0,1430876,,0.3158521797780099,0.4781276926647945,False,2,0.0512590284945893,0.045264863933771604,,/work/11617/sujato_ts/vista/motion_code-master/physics_modal_v4/enhancements/results/factorial/runs/scale-multiscale__bank-off__continuation-early/seed44/Traffic/h336.json,c7408ea83ffe792584ad880be87ebdcf1dd0394e757509cbccc545e1b9c6a905,,0.7234587456092891,multiscale,44,"{'inducing_points': 32, 'latent_dim': 16, 'patch_lens': [8, 16, 32], 'representation_weight': 0.001}",8-16-32,,True,True,96,False,0,1018.9333160499928,extension,scale-multiscale__bank-off__continuation-early,0.0001,4
off,16,10,extension,0.44089698870177735,,/work/11617/sujato_ts/vista/motion_code-master/physics_modal_v4/enhancements/results/factorial/checkpoints/scale-multiscale__bank-off__continuation-early/seed44/Traffic/h720.pt,53291c407b018b1a,early,2,False,Traffic,16,1454.0091576380655,latentflow-factorial-2x2x2-all28-three-seed-no-exchange-v2-selector-safe,factorial,10,latentflow_process_preserving_unfreeze2,5.0,0.001,720,,98.96579401730827,False,,0.0007,0.42753715645892143,2048,1024,LatentFlow,0.6318939845898488,0.02,2791.0,1599524,,0.3334471660184644,0.5060832948217528,False,2,0.09408999044045702,0.12581068976809595,,/work/11617/sujato_ts/vista/motion_code-master/physics_modal_v4/enhancements/results/factorial/runs/scale-multiscale__bank-off__continuation-early/seed44/Traffic/h720.json,c61367a4c82f4740ec5310336dab0e7f235b522ce749a6addd5028c96279019e,,0.7949175961002806,multiscale,44,"{'inducing_points': 32, 'latent_dim': 16, 'patch_lens': [8, 16, 32], 'representation_weight': 0.001}",8-16-32,,True,True,96,False,0,1110.0672809337993,extension,scale-multiscale__bank-off__continuation-early,0.0001,4
off,16,10,extension,0.39569831539841466,,/work/11617/sujato_ts/vista/motion_code-master/physics_modal_v4/enhancements/results/factorial/checkpoints/scale-multiscale__bank-off__continuation-early/seed44/Traffic/h96.pt,3893bba960154b2d,early,2,False,Traffic,16,1276.4025317970663,latentflow-factorial-2x2x2-all28-three-seed-no-exchange-v2-selector-safe,factorial,10,latentflow_process_preserving_unfreeze2,5.0,0.001,96,,86.54756149049726,False,,0.0007,0.33796859145991015,2048,1024,LatentFlow,0.4761929088063204,0.02,3415.0,1331602,,0.3128044577230275,0.4554747259396189,False,2,0.025164133736882643,0.020718182866701518,,/work/11617/sujato_ts/vista/motion_code-master/physics_modal_v4/enhancements/results/factorial/runs/scale-multiscale__bank-off__continuation-early/seed44/Traffic/h96.json,a903d83dc6002e9ddb9e0e0fe2afe16f76f3187c17e4388b327e8e6e19548614,,0.690067321937737,multiscale,44,"{'inducing_points': 32, 'latent_dim': 16, 'patch_lens': [8, 16, 32], 'representation_weight': 0.001}",8-16-32,,True,True,96,False,0,973.6147881005309,extension,scale-multiscale__bank-off__continuation-early,0.0001,4
off,16,2,extension,0.47378831297632246,,/work/11617/sujato_ts/vista/motion_code-master/physics_modal_v4/enhancements/results/factorial/checkpoints/scale-multiscale__bank-off__continuation-early/seed44/Weather/h192.pt,2f95f6cd3b9c6f4b,early,2,False,Weather,16,212.156526400242,latentflow-factorial-2x2x2-all28-three-seed-no-exchange-v2-selector-safe,factorial,10,latentflow_process_preserving_unfreeze2,5.0,0.001,192,,39.34617100875507,False,,0.0007,0.25564188310597113,2048,1024,LatentFlow,0.21542260073240083,0.02,10349.0,1371328,,0.25600652850028366,0.2160990817181746,False,2,-0.00036464539431252385,-0.0006764809857737752,,/work/11617/sujato_ts/vista/motion_code-master/physics_modal_v4/enhancements/results/factorial/runs/scale-multiscale__bank-off__continuation-early/seed44/Weather/h192.json,ce2bc55e16e95128d84cfc12cbb70d82844c645ca283485d35553c556e155224,,0.4641364031536428,multiscale,44,"{'inducing_points': 32, 'latent_dim': 16, 'patch_lens': [8, 16, 32], 'representation_weight': 0.001}",8-16-32,,True,True,96,False,0,158.3588285418955,extension,scale-multiscale__bank-off__continuation-early,0.0001,4
off,16,4,extension,0.5645285728567041,,/work/11617/sujato_ts/vista/motion_code-master/physics_modal_v4/enhancements/results/factorial/checkpoints/scale-multiscale__bank-off__continuation-early/seed44/Weather/h336.pt,3c544d0b16f69cf3,early,2,False,Weather,16,191.36746698990464,latentflow-factorial-2x2x2-all28-three-seed-no-exchange-v2-selector-safe,factorial,10,latentflow_process_preserving_unfreeze2,5.0,0.001,336,,40.17262014782982,False,,0.0007,0.2974825478733173,2048,1024,LatentFlow,0.2718238341540798,0.02,10205.0,1431470,,0.2986012274655915,0.2726677327447648,False,2,-0.0011186795922741855,-0.0008438985906850105,,/work/11617/sujato_ts/vista/motion_code-master/physics_modal_v4/enhancements/results/factorial/runs/scale-multiscale__bank-off__continuation-early/seed44/Weather/h336.json,a7482ef7442fe09782df2ce82b6b85ece320323214021a01fd230a420784d07a,,0.5213672737658932,multiscale,44,"{'inducing_points': 32, 'latent_dim': 16, 'patch_lens': [8, 16, 32], 'representation_weight': 0.001}",8-16-32,,True,True,96,False,0,142.9348572724848,extension,scale-multiscale__bank-off__continuation-early,0.0001,4
off,16,4,extension,0.6778102874755859,,/work/11617/sujato_ts/vista/motion_code-master/physics_modal_v4/enhancements/results/factorial/checkpoints/scale-multiscale__bank-off__continuation-early/seed44/Weather/h720.pt,a0c186aec7cc0397,early,2,False,Weather,16,194.73738214559853,latentflow-factorial-2x2x2-all28-three-seed-no-exchange-v2-selector-safe,factorial,10,latentflow_process_preserving_unfreeze2,5.0,0.001,720,,45.35089217710729,False,,0.0007,0.34807692508021565,2048,1024,LatentFlow,0.3491023755115922,0.02,9821.0,1600118,,0.34864226666885867,0.3491307055041232,False,2,-0.0005653415886430202,-2.832999253099544e-05,,/work/11617/sujato_ts/vista/motion_code-master/physics_modal_v4/enhancements/results/factorial/runs/scale-multiscale__bank-off__continuation-early/seed44/Weather/h720.json,1ceb9b8122cd5c9e08dda1b4ed8e31d44b08e1ad309d45599a7f42ac8a97c6ff,,0.5908488601254911,multiscale,44,"{'inducing_points': 32, 'latent_dim': 16, 'patch_lens': [8, 16, 32], 'representation_weight': 0.001}",8-16-32,,True,True,96,False,0,145.3829650155967,extension,scale-multiscale__bank-off__continuation-early,0.0001,4
off,16,6,extension,0.4329879422272955,,/work/11617/sujato_ts/vista/motion_code-master/physics_modal_v4/enhancements/results/factorial/checkpoints/scale-multiscale__bank-off__continuation-early/seed44/Weather/h96.pt,e80acc4fbe7859cf,early,2,False,Weather,16,200.56025372073054,latentflow-factorial-2x2x2-all28-three-seed-no-exchange-v2-selector-safe,factorial,10,latentflow_process_preserving_unfreeze2,5.0,0.001,96,,39.338757160953755,False,,0.0007,0.21200579023734756,2048,1024,LatentFlow,0.16381949301026208,0.02,10445.0,1332196,,0.21428261206990942,0.16649674856291463,False,2,-0.002276821832561865,-0.002677255552652552,,/work/11617/sujato_ts/vista/motion_code-master/physics_modal_v4/enhancements/results/factorial/runs/scale-multiscale__bank-off__continuation-early/seed44/Weather/h96.json,d345297311f8c2428b1559ce18b0bf271498e2f7816dc4444740678f72a13085,,0.40474620814809625,multiscale,44,"{'inducing_points': 32, 'latent_dim': 16, 'patch_lens': [8, 16, 32], 'representation_weight': 0.001}",8-16-32,,True,True,96,False,0,149.60067422798602,extension,scale-multiscale__bank-off__continuation-early,0.0001,4
off,16,2,extension,1.0227501356885547,,/work/11617/sujato_ts/vista/motion_code-master/physics_modal_v4/enhancements/results/central/checkpoints/no_linear_bank/seed42/ETTh1/h192.pt,7114eb44ef88e138,preserved,2,False,ETTh1,16,166.02502489788458,latentflow-factorial-2x2x2-all28-three-seed-no-exchange-v2-selector-safe,factorial,10,latentflow_process_preserving_unfreeze2,5.0,0.001,192,,25.55991779499782,False,,0.0007,0.4435927311119176,2048,1024,LatentFlow,0.4534584649273849,0.02,2689.0,1422510,,0.44055688285141964,0.44923558725187057,False,2,0.003035848260497964,0.004222877675514325,,/work/11617/sujato_ts/vista/motion_code-master/physics_modal_v4/enhancements/results/factorial/runs/scale-multiscale__bank-off__continuation-preserved/seed42/ETTh1/h192.json,fef2231fe242727ae7f5ad224640f8c46e6e637a2d484b4938231c4296e5d637,/work/11617/sujato_ts/vista/motion_code-master/physics_modal_v4/enhancements/results/central/runs/no_linear_bank/seed42/ETTh1/h192.json,0.6733932468679686,multiscale,42,"{'inducing_points': 32, 'latent_dim': 16, 'patch_lens': [16, 32, 48], 'representation_weight': 0.05}",16-32-48,,True,True,96,False,0,96.29535361273156,extension,scale-multiscale__bank-off__continuation-preserved,0.0001,4
off,16,0,reference,1.3008724455119802,,/work/11617/sujato_ts/vista/motion_code-master/physics_modal_v4/enhancements/results/central/checkpoints/no_linear_bank/seed42/ETTh1/h336.pt,0450f7b93a488e76,preserved,2,False,ETTh1,16,167.6097742030397,latentflow-factorial-2x2x2-all28-three-seed-no-exchange-v2-selector-safe,factorial,10,latentflow_process_preserving_unfreeze2,5.0,0.001,336,,7.0323850860070625,True,,0.0007,0.45424901281836333,2048,1024,LatentFlow,0.48029273990997007,0.02,2545.0,1479862,,0.45424901281836333,0.48029273990997007,False,2,0.0,0.0,,/work/11617/sujato_ts/vista/motion_code-master/physics_modal_v4/enhancements/results/factorial/runs/scale-multiscale__bank-off__continuation-preserved/seed42/ETTh1/h336.json,b2c32dcc349f0d1c27ff526ff09aed1147f112e650eb0a96273968ce7939b384,/work/11617/sujato_ts/vista/motion_code-master/physics_modal_v4/enhancements/results/central/runs/no_linear_bank/seed42/ETTh1/h336.json,0.6930315576580695,multiscale,42,"{'inducing_points': 32, 'latent_dim': 16, 'patch_lens': [16, 32, 48], 'representation_weight': 0.05}",16-32-48,,True,True,96,False,0,96.97852950303059,reference,scale-multiscale__bank-off__continuation-preserved,0.0001,4
off,16,1,extension,1.5744163482908218,,/work/11617/sujato_ts/vista/motion_code-master/physics_modal_v4/enhancements/results/central/checkpoints/no_linear_bank/seed42/ETTh1/h720.pt,88a4f5be43a45f70,preserved,2,False,ETTh1,16,163.3103342782706,latentflow-factorial-2x2x2-all28-three-seed-no-exchange-v2-selector-safe,factorial,10,latentflow_process_preserving_unfreeze2,5.0,0.001,720,,28.101876846326988,False,,0.0007,0.4782866035134659,2048,1024,LatentFlow,0.49096254885179613,0.02,2161.0,1634910,,0.4803721449625807,0.49710112704298914,False,2,-0.0020855414491147695,-0.0061385781911930115,,/work/11617/sujato_ts/vista/motion_code-master/physics_modal_v4/enhancements/results/factorial/runs/scale-multiscale__bank-off__continuation-preserved/seed42/ETTh1/h720.json,515b60a64b713d13d91d32d262eddd752da9e0d1b4202507e409a991c86a86a4,/work/11617/sujato_ts/vista/motion_code-master/physics_modal_v4/enhancements/results/central/runs/no_linear_bank/seed42/ETTh1/h720.json,0.7006871975794877,multiscale,42,"{'inducing_points': 32, 'latent_dim': 16, 'patch_lens': [16, 32, 48], 'representation_weight': 0.05}",16-32-48,,True,True,96,False,0,94.9566263887391,extension,scale-multiscale__bank-off__continuation-preserved,0.0001,4
off,16,4,extension,0.7626682019659451,,/work/11617/sujato_ts/vista/motion_code-master/physics_modal_v4/enhancements/results/central/checkpoints/no_linear_bank/seed42/ETTh1/h96.pt,72c3f368e2d36b47,preserved,2,False,ETTh1,16,158.72997451596893,latentflow-factorial-2x2x2-all28-three-seed-no-exchange-v2-selector-safe,factorial,10,latentflow_process_preserving_unfreeze2,5.0,0.001,96,,26.941401065687913,False,,0.0007,0.4172598924332728,2048,1024,LatentFlow,0.40885301281613573,0.02,2785.0,1384538,,0.41171991355278315,0.40215477523940685,False,2,0.005539978880489682,0.006698237576728883,,/work/11617/sujato_ts/vista/motion_code-master/physics_modal_v4/enhancements/results/factorial/runs/scale-multiscale__bank-off__continuation-preserved/seed42/ETTh1/h96.json,fda3acb38a31ce5de7a146ba12887c962fc820316899fe1c8b769089952b5138,/work/11617/sujato_ts/vista/motion_code-master/physics_modal_v4/enhancements/results/central/runs/no_linear_bank/seed42/ETTh1/h96.json,0.6394161499494173,multiscale,42,"{'inducing_points': 32, 'latent_dim': 16, 'patch_lens': [16, 32, 48], 'representation_weight': 0.05}",16-32-48,,True,True,96,False,0,91.91593619061678,extension,scale-multiscale__bank-off__continuation-preserved,0.0001,4
off,16,1,extension,0.28274685614520595,,/work/11617/sujato_ts/vista/motion_code-master/physics_modal_v4/enhancements/results/central/checkpoints/no_linear_bank/seed42/ETTh2/h192.pt,6c2ac767cedfb072,preserved,2,False,ETTh2,16,152.75136344879866,latentflow-factorial-2x2x2-all28-three-seed-no-exchange-v2-selector-safe,factorial,10,latentflow_process_preserving_unfreeze2,5.0,0.001,192,,25.49346432669791,False,,0.0007,0.4088086549584994,2048,1024,LatentFlow,0.39936890742539344,0.02,2689.0,1392262,,0.40752161966316525,0.39740199310103314,False,2,0.001287035295334138,0.0019669143243603027,,/work/11617/sujato_ts/vista/motion_code-master/physics_modal_v4/enhancements/results/factorial/runs/scale-multiscale__bank-off__continuation-preserved/seed42/ETTh2/h192.json,80d62910efafbf53e0f176adc48c8e975be9425e2de684d58065470586f461d4,/work/11617/sujato_ts/vista/motion_code-master/physics_modal_v4/enhancements/results/central/runs/no_linear_bank/seed42/ETTh2/h192.json,0.6319564125993132,multiscale,42,"{'inducing_points': 32, 'latent_dim': 8, 'patch_lens': [16, 32, 48], 'representation_weight': 0.001}",16-32-48,,True,True,96,False,0,88.33931912231492,extension,scale-multiscale__bank-off__continuation-preserved,0.0001,4
off,16,0,reference,0.3565130593622623,,/work/11617/sujato_ts/vista/motion_code-master/physics_modal_v4/enhancements/results/central/checkpoints/no_linear_bank/seed42/ETTh2/h336.pt,9d3f99f1064c7032,preserved,2,False,ETTh2,16,165.00589173845947,latentflow-factorial-2x2x2-all28-three-seed-no-exchange-v2-selector-safe,factorial,10,latentflow_process_preserving_unfreeze2,5.0,0.001,336,,6.716558014195931,True,,0.0007,0.4249041535223649,2048,1024,LatentFlow,0.41214913227932765,0.02,2545.0,1449614,,0.4249041535223649,0.41214913227932765,False,2,0.0,0.0,,/work/11617/sujato_ts/vista/motion_code-master/physics_modal_v4/enhancements/results/factorial/runs/scale-multiscale__bank-off__continuation-preserved/seed42/ETTh2/h336.json,ef4e987f38701bd9f3c91994a9c2e2db1c437adf2a44714f11950015fb9bd229,/work/11617/sujato_ts/vista/motion_code-master/physics_modal_v4/enhancements/results/central/runs/no_linear_bank/seed42/ETTh2/h336.json,0.6419884206738683,multiscale,42,"{'inducing_points': 32, 'latent_dim': 8, 'patch_lens': [16, 32, 48], 'representation_weight': 0.001}",16-32-48,,True,True,96,False,0,96.16206985738245,reference,scale-multiscale__bank-off__continuation-preserved,0.0001,4
off,16,0,reference,0.6195506561370123,,/work/11617/sujato_ts/vista/motion_code-master/physics_modal_v4/enhancements/results/central/checkpoints/no_linear_bank/seed42/ETTh2/h720.pt,a391a2f826a9a236,preserved,2,False,ETTh2,16,165.75070328870788,latentflow-factorial-2x2x2-all28-three-seed-no-exchange-v2-selector-safe,factorial,10,latentflow_process_preserving_unfreeze2,5.0,0.001,720,,6.605330173537802,True,,0.0007,0.44607007720645325,2048,1024,LatentFlow,0.42525227503688534,0.02,2161.0,1604662,,0.44607007720645325,0.42525227503688534,False,2,0.0,0.0,,/work/11617/sujato_ts/vista/motion_code-master/physics_modal_v4/enhancements/results/factorial/runs/scale-multiscale__bank-off__continuation-preserved/seed42/ETTh2/h720.json,f11a38ca1337332c1c5dd7578612bc48c4288fee41299f2972aa999c425d59d3,/work/11617/sujato_ts/vista/motion_code-master/physics_modal_v4/enhancements/results/central/runs/no_linear_bank/seed42/ETTh2/h720.json,0.6521136979368592,multiscale,42,"{'inducing_points': 32, 'latent_dim': 8, 'patch_lens': [16, 32, 48], 'representation_weight': 0.001}",16-32-48,,True,True,96,False,0,96.1935346829705,reference,scale-multiscale__bank-off__continuation-preserved,0.0001,4
off,16,0,reference,0.22376768503870284,,/work/11617/sujato_ts/vista/motion_code-master/physics_modal_v4/enhancements/results/central/checkpoints/no_linear_bank/seed42/ETTh2/h96.pt,bdf5bffcee41f4f8,preserved,2,False,ETTh2,16,159.987441055011,latentflow-factorial-2x2x2-all28-three-seed-no-exchange-v2-selector-safe,factorial,10,latentflow_process_preserving_unfreeze2,5.0,0.001,96,,6.438392316761044,True,,0.0007,0.3484349451687149,2048,1024,LatentFlow,0.30091272523548496,0.02,2785.0,1354290,,0.3484349451687149,0.30091272523548496,False,2,0.0,0.0,,/work/11617/sujato_ts/vista/motion_code-master/physics_modal_v4/enhancements/results/factorial/runs/scale-multiscale__bank-off__continuation-preserved/seed42/ETTh2/h96.json,baae6b3d1fcdeacc0554260e2e6159703821081889f2d52b21512878b55f2291,/work/11617/sujato_ts/vista/motion_code-master/physics_modal_v4/enhancements/results/central/runs/no_linear_bank/seed42/ETTh2/h96.json,0.5485551250653711,multiscale,42,"{'inducing_points': 32, 'latent_dim': 8, 'patch_lens': [16, 32, 48], 'representation_weight': 0.001}",16-32-48,,True,True,96,False,0,92.60997195160598,reference,scale-multiscale__bank-off__continuation-preserved,0.0001,4
off,16,1,extension,0.5098642039866674,,/work/11617/sujato_ts/vista/motion_code-master/physics_modal_v4/enhancements/results/central/checkpoints/no_linear_bank/seed42/ETTm1/h192.pt,7d10b0d5b3070bf2,preserved,2,False,ETTm1,16,173.62703520432115,latentflow-factorial-2x2x2-all28-three-seed-no-exchange-v2-selector-safe,factorial,10,latentflow_process_preserving_unfreeze2,5.0,0.001,192,,26.11704033705942,False,,0.0007,0.40005126132996116,2048,1024,LatentFlow,0.3844993167715235,0.02,11329.0,1380382,,0.39792928345770845,0.38387849383223926,False,2,0.0021219778722527116,0.0006208229392842268,,/work/11617/sujato_ts/vista/motion_code-master/physics_modal_v4/enhancements/results/factorial/runs/scale-multiscale__bank-off__continuation-preserved/seed42/ETTm1/h192.json,90ed86dee15224dbe1fa4f3d58518805fce4dc9dd482ae2fd4ccd3652d95ce9f,/work/11617/sujato_ts/vista/motion_code-master/physics_modal_v4/enhancements/results/central/runs/no_linear_bank/seed42/ETTm1/h192.json,0.6200800889978032,multiscale,42,"{'inducing_points': 32, 'latent_dim': 8, 'patch_lens': [8, 24, 48], 'representation_weight': 0.01}",8-24-48,,True,True,96,False,0,98.59151636919705,extension,scale-multiscale__bank-off__continuation-preserved,0.0001,4
off,16,4,extension,0.6564505227974483,,/work/11617/sujato_ts/vista/motion_code-master/physics_modal_v4/enhancements/results/central/checkpoints/no_linear_bank/seed42/ETTm1/h336.pt,7ab4cd5d5cfb4e10,preserved,2,False,ETTm1,16,172.11578730400652,latentflow-factorial-2x2x2-all28-three-seed-no-exchange-v2-selector-safe,factorial,10,latentflow_process_preserving_unfreeze2,5.0,0.001,336,,26.790059308713584,False,,0.0007,0.4306042299352442,2048,1024,LatentFlow,0.438027217831662,0.02,11185.0,1439992,,0.4284935573755496,0.4299403943818845,False,2,0.002110672559694604,0.008086823449777458,,/work/11617/sujato_ts/vista/motion_code-master/physics_modal_v4/enhancements/results/factorial/runs/scale-multiscale__bank-off__continuation-preserved/seed42/ETTm1/h336.json,5fb885904009c04be293fd0ab15eee17e8e9bcf7613ec0a30a7cce6bb87794ae,/work/11617/sujato_ts/vista/motion_code-master/physics_modal_v4/enhancements/results/central/runs/no_linear_bank/seed42/ETTm1/h336.json,0.6618362469914004,multiscale,42,"{'inducing_points': 32, 'latent_dim': 8, 'patch_lens': [8, 24, 48], 'representation_weight': 0.01}",8-24-48,,True,True,96,False,0,97.64229295615223,extension,scale-multiscale__bank-off__continuation-preserved,0.0001,4
off,16,0,reference,0.9920360315413702,,/work/11617/sujato_ts/vista/motion_code-master/physics_modal_v4/enhancements/results/central/checkpoints/no_linear_bank/seed42/ETTm1/h720.pt,61a05d325392ec48,preserved,2,False,ETTm1,16,170.22758584283292,latentflow-factorial-2x2x2-all28-three-seed-no-exchange-v2-selector-safe,factorial,10,latentflow_process_preserving_unfreeze2,5.0,0.001,720,,6.608299733117466,True,,0.0007,0.47604066163521197,2048,1024,LatentFlow,0.5070499993780803,0.02,10801.0,1606168,,0.47604066163521197,0.5070499993780803,False,2,0.0,0.0,,/work/11617/sujato_ts/vista/motion_code-master/physics_modal_v4/enhancements/results/factorial/runs/scale-multiscale__bank-off__continuation-preserved/seed42/ETTm1/h720.json,06658ce1182eca34f76a17519040dc6ea762e4d4b08131a7e8eb714c63494e53,/work/11617/sujato_ts/vista/motion_code-master/physics_modal_v4/enhancements/results/central/runs/no_linear_bank/seed42/ETTm1/h720.json,0.7120744338747743,multiscale,42,"{'inducing_points': 32, 'latent_dim': 8, 'patch_lens': [8, 24, 48], 'representation_weight': 0.01}",8-24-48,,True,True,96,False,0,96.48415432166075,reference,scale-multiscale__bank-off__continuation-preserved,0.0001,4
off,16,0,reference,0.40234640471282457,,/work/11617/sujato_ts/vista/motion_code-master/physics_modal_v4/enhancements/results/central/checkpoints/no_linear_bank/seed42/ETTm1/h96.pt,804f56c32c29f535,preserved,2,False,ETTm1,16,163.20902872714214,latentflow-factorial-2x2x2-all28-three-seed-no-exchange-v2-selector-safe,factorial,10,latentflow_process_preserving_unfreeze2,5.0,0.001,96,,6.197733478032857,True,,0.0007,0.38435205908160514,2048,1024,LatentFlow,0.3534930601405193,0.02,11425.0,1341462,,0.38435205908160514,0.3534930601405193,False,2,0.0,0.0,,/work/11617/sujato_ts/vista/motion_code-master/physics_modal_v4/enhancements/results/factorial/runs/scale-multiscale__bank-off__continuation-preserved/seed42/ETTm1/h96.json,1286e22332afa93a298366cd65f8126470fffc0fddfedb5be169451cdcbd0b53,/work/11617/sujato_ts/vista/motion_code-master/physics_modal_v4/enhancements/results/central/runs/no_linear_bank/seed42/ETTm1/h96.json,0.5945528236755077,multiscale,42,"{'inducing_points': 32, 'latent_dim': 8, 'patch_lens': [8, 24, 48], 'representation_weight': 0.01}",8-24-48,,True,True,96,False,0,92.42669808827486,reference,scale-multiscale__bank-off__continuation-preserved,0.0001,4
off,16,3,extension,0.17292759602978117,,/work/11617/sujato_ts/vista/motion_code-master/physics_modal_v4/enhancements/results/central/checkpoints/no_linear_bank/seed42/ETTm2/h192.pt,c45962178470fa31,preserved,2,False,ETTm2,16,162.85214304202236,latentflow-factorial-2x2x2-all28-three-seed-no-exchange-v2-selector-safe,factorial,10,latentflow_process_preserving_unfreeze2,5.0,0.001,192,,29.00927467666872,False,,0.0007,0.30678147589479565,2048,1024,LatentFlow,0.24637017421968457,0.02,11329.0,1355518,,0.3074813611903993,0.2475313564333752,False,2,-0.0006998852956036639,-0.0011611822136906313,,/work/11617/sujato_ts/vista/motion_code-master/physics_modal_v4/enhancements/results/factorial/runs/scale-multiscale__bank-off__continuation-preserved/seed42/ETTm2/h192.json,f9e0440a4274210b2772149a077ade0d0cefaf4cec1bf129fde6c01c83d2a793,/work/11617/sujato_ts/vista/motion_code-master/physics_modal_v4/enhancements/results/central/runs/no_linear_bank/seed42/ETTm2/h192.json,0.49635690205706273,multiscale,42,"{'inducing_points': 16, 'latent_dim': 8, 'patch_lens': [8, 16, 32], 'representation_weight': 0.001}",8-16-32,,True,True,96,False,0,91.85870056244312,extension,scale-multiscale__bank-off__continuation-preserved,0.0001,4
off,16,2,extension,0.2211427933910266,,/work/11617/sujato_ts/vista/motion_code-master/physics_modal_v4/enhancements/results/central/checkpoints/no_linear_bank/seed42/ETTm2/h336.pt,ca2f86793995f079,preserved,2,False,ETTm2,16,166.64643001102377,latentflow-factorial-2x2x2-all28-three-seed-no-exchange-v2-selector-safe,factorial,10,latentflow_process_preserving_unfreeze2,5.0,0.001,336,,26.25219047754699,False,,0.0007,0.35117632104295143,2048,1024,LatentFlow,0.3151030333812077,0.02,11185.0,1415660,,0.3519271083305577,0.31608480205977113,False,2,-0.0007507872876062471,-0.0009817686785634216,,/work/11617/sujato_ts/vista/motion_code-master/physics_modal_v4/enhancements/results/factorial/runs/scale-multiscale__bank-off__continuation-preserved/seed42/ETTm2/h336.json,1ced3a3a8c300983b32d5998e5ffbd28c4bfe0e61e93ebbd09fbafad474f3a59,/work/11617/sujato_ts/vista/motion_code-master/physics_modal_v4/enhancements/results/central/runs/no_linear_bank/seed42/ETTm2/h336.json,0.561340389942865,multiscale,42,"{'inducing_points': 16, 'latent_dim': 8, 'patch_lens': [8, 16, 32], 'representation_weight': 0.001}",8-16-32,,True,True,96,False,0,94.48927086168624,extension,scale-multiscale__bank-off__continuation-preserved,0.0001,4
off,16,0,reference,0.301069979913651,,/work/11617/sujato_ts/vista/motion_code-master/physics_modal_v4/enhancements/results/central/checkpoints/no_linear_bank/seed42/ETTm2/h720.pt,1e4693e4013b5099,preserved,2,False,ETTm2,16,173.4676941386424,latentflow-factorial-2x2x2-all28-three-seed-no-exchange-v2-selector-safe,factorial,10,latentflow_process_preserving_unfreeze2,5.0,0.001,720,,6.689775193480426,True,,0.0007,0.40621079411743793,2048,1024,LatentFlow,0.41419080023741645,0.02,10801.0,1584308,,0.40621079411743793,0.41419080023741645,False,2,0.0,0.0,,/work/11617/sujato_ts/vista/motion_code-master/physics_modal_v4/enhancements/results/factorial/runs/scale-multiscale__bank-off__continuation-preserved/seed42/ETTm2/h720.json,fc73373cba41513ad323f63d5824fa6c65b23a1889eafd520a97ef8b530b871a,/work/11617/sujato_ts/vista/motion_code-master/physics_modal_v4/enhancements/results/central/runs/no_linear_bank/seed42/ETTm2/h720.json,0.6435765690556303,multiscale,42,"{'inducing_points': 16, 'latent_dim': 8, 'patch_lens': [8, 16, 32], 'representation_weight': 0.001}",8-16-32,,True,True,96,False,0,98.32175747033034,reference,scale-multiscale__bank-off__continuation-preserved,0.0001,4
off,16,3,extension,0.1310986245849303,,/work/11617/sujato_ts/vista/motion_code-master/physics_modal_v4/enhancements/results/central/checkpoints/no_linear_bank/seed42/ETTm2/h96.pt,b7e2d088575319e9,preserved,2,False,ETTm2,16,171.1508089285344,latentflow-factorial-2x2x2-all28-three-seed-no-exchange-v2-selector-safe,factorial,10,latentflow_process_preserving_unfreeze2,5.0,0.001,96,,25.51273892138566,False,,0.0007,0.26229592145128994,2048,1024,LatentFlow,0.1774811372561195,0.02,11425.0,1316386,,0.26361899021852636,0.17868426892140563,False,2,-0.0013230687672364239,-0.001203131665286128,,/work/11617/sujato_ts/vista/motion_code-master/physics_modal_v4/enhancements/results/factorial/runs/scale-multiscale__bank-off__continuation-preserved/seed42/ETTm2/h96.json,380773a5d3d5afba532a0529d60d0319b09b13c73609b069035646b6d58d169f,/work/11617/sujato_ts/vista/motion_code-master/physics_modal_v4/enhancements/results/central/runs/no_linear_bank/seed42/ETTm2/h96.json,0.4212851021055925,multiscale,42,"{'inducing_points': 16, 'latent_dim': 8, 'patch_lens': [8, 16, 32], 'representation_weight': 0.001}",8-16-32,,True,True,96,False,0,96.99884083820507,extension,scale-multiscale__bank-off__continuation-preserved,0.0001,4
off,16,10,extension,0.1469223785561317,,/work/11617/sujato_ts/vista/motion_code-master/physics_modal_v4/enhancements/results/central/checkpoints/no_linear_bank/seed42/Electricity/h192.pt,a272bf8153bc5ab2,preserved,2,False,Electricity,16,696.0806717798114,latentflow-factorial-2x2x2-all28-three-seed-no-exchange-v2-selector-safe,factorial,10,latentflow_process_preserving_unfreeze2,5.0,0.001,192,,37.622824792366174,False,,0.0007,0.2649523779855501,2048,1024,LatentFlow,0.17095031480123385,0.02,5071.0,1369111,,0.27137243848673714,0.1794662628896464,False,2,-0.0064200605011870415,-0.00851594808841255,,/work/11617/sujato_ts/vista/motion_code-master/physics_modal_v4/enhancements/results/factorial/runs/scale-multiscale__bank-off__continuation-preserved/seed42/Electricity/h192.json,60a8bb45cb437e3e911f9ca0a59888b66ffd84bd329baf8a4781ff91451922f4,/work/11617/sujato_ts/vista/motion_code-master/physics_modal_v4/enhancements/results/central/runs/no_linear_bank/seed42/Electricity/h192.json,0.41346138247874353,multiscale,42,"{'inducing_points': 32, 'latent_dim': 16, 'patch_lens': [8, 16, 32], 'representation_weight': 0.001}",8-16-32,,True,True,96,False,0,467.356026681955,extension,scale-multiscale__bank-off__continuation-preserved,0.0001,4
off,16,10,extension,0.165285941914659,,/work/11617/sujato_ts/vista/motion_code-master/physics_modal_v4/enhancements/results/central/checkpoints/no_linear_bank/seed42/Electricity/h336.pt,ce27f95286982c19,preserved,2,False,Electricity,16,739.7769293691963,latentflow-factorial-2x2x2-all28-three-seed-no-exchange-v2-selector-safe,factorial,10,latentflow_process_preserving_unfreeze2,5.0,0.001,336,,37.03474240695558,False,,0.0007,0.2836121481150103,2048,1024,LatentFlow,0.19054275640926377,0.02,4927.0,1429253,,0.29061044531149816,0.19995148862726958,False,2,-0.006998297196487868,-0.00940873221800581,,/work/11617/sujato_ts/vista/motion_code-master/physics_modal_v4/enhancements/results/factorial/runs/scale-multiscale__bank-off__continuation-preserved/seed42/Electricity/h336.json,d1619261727adf273a9226f2de48283b33fefe09c9c081ae0cb9bc49b26a7dac,/work/11617/sujato_ts/vista/motion_code-master/physics_modal_v4/enhancements/results/central/runs/no_linear_bank/seed42/Electricity/h336.json,0.4365120346671599,multiscale,42,"{'inducing_points': 32, 'latent_dim': 16, 'patch_lens': [8, 16, 32], 'representation_weight': 0.001}",8-16-32,,True,True,96,False,0,498.3943467217614,extension,scale-multiscale__bank-off__continuation-preserved,0.0001,4
off,16,8,extension,0.19819292967688382,,/work/11617/sujato_ts/vista/motion_code-master/physics_modal_v4/enhancements/results/central/checkpoints/no_linear_bank/seed42/Electricity/h720.pt,7c59b62510887481,preserved,2,False,Electricity,16,743.2185024148785,latentflow-factorial-2x2x2-all28-three-seed-no-exchange-v2-selector-safe,factorial,10,latentflow_process_preserving_unfreeze2,5.0,0.001,720,,40.98193636870363,False,,0.0007,0.31259068266000883,2048,1024,LatentFlow,0.2214310653941364,0.02,4543.0,1597901,,0.3206249529722361,0.23815533752983015,False,2,-0.008034270312227254,-0.016724272135693746,,/work/11617/sujato_ts/vista/motion_code-master/physics_modal_v4/enhancements/results/factorial/runs/scale-multiscale__bank-off__continuation-preserved/seed42/Electricity/h720.json,0e4e34a0a1cd1b5e671f4e2aa34127b0c4b3343baae5f3780d92cd185bd125cc,/work/11617/sujato_ts/vista/motion_code-master/physics_modal_v4/enhancements/results/central/runs/no_linear_bank/seed42/Electricity/h720.json,0.47056462403599403,multiscale,42,"{'inducing_points': 32, 'latent_dim': 16, 'patch_lens': [8, 16, 32], 'representation_weight': 0.001}",8-16-32,,True,True,96,False,0,496.24201254373475,extension,scale-multiscale__bank-off__continuation-preserved,0.0001,4
off,16,10,extension,0.13662296443837207,,/work/11617/sujato_ts/vista/motion_code-master/physics_modal_v4/enhancements/results/central/checkpoints/no_linear_bank/seed42/Electricity/h96.pt,29472a2379fcfe90,preserved,2,False,Electricity,16,705.9397522180807,latentflow-factorial-2x2x2-all28-three-seed-no-exchange-v2-selector-safe,factorial,10,latentflow_process_preserving_unfreeze2,5.0,0.001,96,,38.04479467487612,False,,0.0007,0.25497942517074457,2048,1024,LatentFlow,0.158692244986136,0.02,5167.0,1329979,,0.2623137245657001,0.16768108898256281,False,2,-0.007334299394955557,-0.008988843996426826,,/work/11617/sujato_ts/vista/motion_code-master/physics_modal_v4/enhancements/results/factorial/runs/scale-multiscale__bank-off__continuation-preserved/seed42/Electricity/h96.json,0a57667ab25fb07b3e1d193b4c3870879b59dbf21378d29ce2181b9047a99e8a,/work/11617/sujato_ts/vista/motion_code-master/physics_modal_v4/enhancements/results/central/runs/no_linear_bank/seed42/Electricity/h96.json,0.3983619522320574,multiscale,42,"{'inducing_points': 32, 'latent_dim': 16, 'patch_lens': [8, 16, 32], 'representation_weight': 0.001}",8-16-32,,True,True,96,False,0,475.45940555937705,extension,scale-multiscale__bank-off__continuation-preserved,0.0001,4
off,16,10,extension,0.390477283832553,,/work/11617/sujato_ts/vista/motion_code-master/physics_modal_v4/enhancements/results/central/checkpoints/no_linear_bank/seed42/Traffic/h192.pt,49da2177fd87fdca,preserved,2,False,Traffic,16,1454.86245017685,latentflow-factorial-2x2x2-all28-three-seed-no-exchange-v2-selector-safe,factorial,10,latentflow_process_preserving_unfreeze2,5.0,0.001,192,,86.48650791352065,False,,0.0007,0.30155022942001825,2048,1024,LatentFlow,0.45500014799535626,0.02,3319.0,1370734,,0.31633716023187153,0.47443509920952764,False,2,-0.014786930811853283,-0.01943495121417138,,/work/11617/sujato_ts/vista/motion_code-master/physics_modal_v4/enhancements/results/factorial/runs/scale-multiscale__bank-off__continuation-preserved/seed42/Traffic/h192.json,1903ab30667a25e28bc560d8daa3098a72fb87c682f5f5f851b6c7892609eaff,/work/11617/sujato_ts/vista/motion_code-master/physics_modal_v4/enhancements/results/central/runs/no_linear_bank/seed42/Traffic/h192.json,0.6745369878630498,multiscale,42,"{'inducing_points': 32, 'latent_dim': 16, 'patch_lens': [8, 16, 32], 'representation_weight': 0.001}",8-16-32,,True,True,96,False,0,968.9657374983653,extension,scale-multiscale__bank-off__continuation-preserved,0.0001,4
off,16,10,extension,0.4007375451849648,,/work/11617/sujato_ts/vista/motion_code-master/physics_modal_v4/enhancements/results/central/checkpoints/no_linear_bank/seed42/Traffic/h336.pt,410f3ea0e6a8de0f,preserved,2,False,Traffic,16,1516.5401070371736,latentflow-factorial-2x2x2-all28-three-seed-no-exchange-v2-selector-safe,factorial,10,latentflow_process_preserving_unfreeze2,5.0,0.001,336,,89.68179861749194,False,,0.0007,0.301726345607883,2048,1024,LatentFlow,0.46115726458505696,0.02,3175.0,1430876,,0.31241921927455923,0.4737609898485355,False,2,-0.010692873666676261,-0.012603725263478527,,/work/11617/sujato_ts/vista/motion_code-master/physics_modal_v4/enhancements/results/factorial/runs/scale-multiscale__bank-off__continuation-preserved/seed42/Traffic/h336.json,5076792a9f43ec4a83fa025e1da6bd367aa83862a9117e5594d4958596401f83,/work/11617/sujato_ts/vista/motion_code-master/physics_modal_v4/enhancements/results/central/runs/no_linear_bank/seed42/Traffic/h336.json,0.6790856091724055,multiscale,42,"{'inducing_points': 32, 'latent_dim': 16, 'patch_lens': [8, 16, 32], 'representation_weight': 0.001}",8-16-32,,True,True,96,False,0,1010.1931743054593,extension,scale-multiscale__bank-off__continuation-preserved,0.0001,4
off,16,10,extension,0.44625741467398444,,/work/11617/sujato_ts/vista/motion_code-master/physics_modal_v4/enhancements/results/central/checkpoints/no_linear_bank/seed42/Traffic/h720.pt,3a564e34480d0960,preserved,2,False,Traffic,16,1690.331704089418,latentflow-factorial-2x2x2-all28-three-seed-no-exchange-v2-selector-safe,factorial,10,latentflow_process_preserving_unfreeze2,5.0,0.001,720,,99.72586663198676,False,,0.0007,0.31831332686025887,2048,1024,LatentFlow,0.4902586945276216,0.02,2791.0,1599524,,0.33202941303629063,0.5101077935153957,False,2,-0.013716086176031761,-0.019849098987774094,,/work/11617/sujato_ts/vista/motion_code-master/physics_modal_v4/enhancements/results/factorial/runs/scale-multiscale__bank-off__continuation-preserved/seed42/Traffic/h720.json,5cd6764b6bd641297673a2e42794c831e59a662504e160ad93f0428d95cd3329,/work/11617/sujato_ts/vista/motion_code-master/physics_modal_v4/enhancements/results/central/runs/no_linear_bank/seed42/Traffic/h720.json,0.7001847574230831,multiscale,42,"{'inducing_points': 32, 'latent_dim': 16, 'patch_lens': [8, 16, 32], 'representation_weight': 0.001}",8-16-32,,True,True,96,False,0,1123.522267570661,extension,scale-multiscale__bank-off__continuation-preserved,0.0001,4
off,16,10,extension,0.3917112097847121,,/work/11617/sujato_ts/vista/motion_code-master/physics_modal_v4/enhancements/results/central/checkpoints/no_linear_bank/seed42/Traffic/h96.pt,76b351377d38228c,preserved,2,False,Traffic,16,1445.5007002169732,latentflow-factorial-2x2x2-all28-three-seed-no-exchange-v2-selector-safe,factorial,10,latentflow_process_preserving_unfreeze2,5.0,0.001,96,,87.72177088944495,False,,0.0007,0.2944886216445411,2048,1024,LatentFlow,0.43297755345352135,0.02,3415.0,1331602,,0.3068906657060002,0.4471947579558042,False,2,-0.012402044061459117,-0.014217204502282865,,/work/11617/sujato_ts/vista/motion_code-master/physics_modal_v4/enhancements/results/factorial/runs/scale-multiscale__bank-off__continuation-preserved/seed42/Traffic/h96.json,9bd6cce775bf5aba4b9071a499ebb724674fe453ba59879cffe90e88d5e7b57a,/work/11617/sujato_ts/vista/motion_code-master/physics_modal_v4/enhancements/results/central/runs/no_linear_bank/seed42/Traffic/h96.json,0.6580102988962417,multiscale,42,"{'inducing_points': 32, 'latent_dim': 16, 'patch_lens': [8, 16, 32], 'representation_weight': 0.001}",8-16-32,,True,True,96,False,0,964.2360311656375,extension,scale-multiscale__bank-off__continuation-preserved,0.0001,4
off,16,4,extension,0.4792043776029632,,/work/11617/sujato_ts/vista/motion_code-master/physics_modal_v4/enhancements/results/central/checkpoints/no_linear_bank/seed42/Weather/h192.pt,2177c4fcc553157a,preserved,2,False,Weather,16,240.5361148440279,latentflow-factorial-2x2x2-all28-three-seed-no-exchange-v2-selector-safe,factorial,10,latentflow_process_preserving_unfreeze2,5.0,0.001,192,,41.187722285732974,False,,0.0007,0.2562145097431449,2048,1024,LatentFlow,0.2143069253088955,0.02,10349.0,1371328,,0.26030513320276283,0.2196984919292888,False,2,-0.004090623459617915,-0.005391566620393307,,/work/11617/sujato_ts/vista/motion_code-master/physics_modal_v4/enhancements/results/factorial/runs/scale-multiscale__bank-off__continuation-preserved/seed42/Weather/h192.json,9b92ff8b599c47fd7d315f4067f2e3464a192acd7939480197d6c359107abb7e,/work/11617/sujato_ts/vista/motion_code-master/physics_modal_v4/enhancements/results/central/runs/no_linear_bank/seed42/Weather/h192.json,0.4629329598428864,multiscale,42,"{'inducing_points': 32, 'latent_dim': 16, 'patch_lens': [8, 16, 32], 'representation_weight': 0.001}",8-16-32,,True,True,96,False,0,151.13454825150257,extension,scale-multiscale__bank-off__continuation-preserved,0.0001,4
off,16,4,extension,0.559269605580371,,/work/11617/sujato_ts/vista/motion_code-master/physics_modal_v4/enhancements/results/central/checkpoints/no_linear_bank/seed42/Weather/h336.pt,2651ff94ec7fdd48,preserved,2,False,Weather,16,250.92956547392532,latentflow-factorial-2x2x2-all28-three-seed-no-exchange-v2-selector-safe,factorial,10,latentflow_process_preserving_unfreeze2,5.0,0.001,336,,39.76655789347492,False,,0.0007,0.2974403958103406,2048,1024,LatentFlow,0.2714524786668397,0.02,10205.0,1431470,,0.2994118183714594,0.27447461232124093,False,2,-0.0019714225611188185,-0.003022133654401238,,/work/11617/sujato_ts/vista/motion_code-master/physics_modal_v4/enhancements/results/factorial/runs/scale-multiscale__bank-off__continuation-preserved/seed42/Weather/h336.json,25af39d79adb79e2caf1dbeb9b0212cbfe038d1de34dede3be0888885fb7b353,/work/11617/sujato_ts/vista/motion_code-master/physics_modal_v4/enhancements/results/central/runs/no_linear_bank/seed42/Weather/h336.json,0.5210110158785893,multiscale,42,"{'inducing_points': 32, 'latent_dim': 16, 'patch_lens': [8, 16, 32], 'representation_weight': 0.001}",8-16-32,,True,True,96,False,0,158.06726507362328,extension,scale-multiscale__bank-off__continuation-preserved,0.0001,4
off,16,6,extension,0.6789292663493485,,/work/11617/sujato_ts/vista/motion_code-master/physics_modal_v4/enhancements/results/central/checkpoints/no_linear_bank/seed42/Weather/h720.pt,31123364146c602b,preserved,2,False,Weather,16,238.92642161203548,latentflow-factorial-2x2x2-all28-three-seed-no-exchange-v2-selector-safe,factorial,10,latentflow_process_preserving_unfreeze2,5.0,0.001,720,,42.11255665860912,False,,0.0007,0.3467068189974721,2048,1024,LatentFlow,0.3471329245677059,0.02,9821.0,1600118,,0.34676486798464334,0.3490673420752426,False,2,-5.8048987171266386e-05,-0.001934417507536701,,/work/11617/sujato_ts/vista/motion_code-master/physics_modal_v4/enhancements/results/factorial/runs/scale-multiscale__bank-off__continuation-preserved/seed42/Weather/h720.json,558423caaf3d8773a8144df6c4de62fd60b1de6d470e86ee909c70ff1ce3bffa,/work/11617/sujato_ts/vista/motion_code-master/physics_modal_v4/enhancements/results/central/runs/no_linear_bank/seed42/Weather/h720.json,0.589179874544019,multiscale,42,"{'inducing_points': 32, 'latent_dim': 16, 'patch_lens': [8, 16, 32], 'representation_weight': 0.001}",8-16-32,,True,True,96,False,0,150.67745388223557,extension,scale-multiscale__bank-off__continuation-preserved,0.0001,4
off,16,8,extension,0.4363589340022632,,/work/11617/sujato_ts/vista/motion_code-master/physics_modal_v4/enhancements/results/central/checkpoints/no_linear_bank/seed42/Weather/h96.pt,735c3bdbcdb8875f,preserved,2,False,Weather,16,232.67839956004173,latentflow-factorial-2x2x2-all28-three-seed-no-exchange-v2-selector-safe,factorial,10,latentflow_process_preserving_unfreeze2,5.0,0.001,96,,40.62147458983777,False,,0.0007,0.21296077343546685,2048,1024,LatentFlow,0.16613470078949433,0.02,10445.0,1332196,,0.21734394928356254,0.17167284340145306,False,2,-0.004383175848095694,-0.00553814261195873,,/work/11617/sujato_ts/vista/motion_code-master/physics_modal_v4/enhancements/results/factorial/runs/scale-multiscale__bank-off__continuation-preserved/seed42/Weather/h96.json,8a72b6dfd03ce0d0b0af4b21664cc9409ea9ba8805990a660b3d3163d8457d24,/work/11617/sujato_ts/vista/motion_code-master/physics_modal_v4/enhancements/results/central/runs/no_linear_bank/seed42/Weather/h96.json,0.40759624727111304,multiscale,42,"{'inducing_points': 32, 'latent_dim': 16, 'patch_lens': [8, 16, 32], 'representation_weight': 0.001}",8-16-32,,True,True,96,False,0,146.41833160858369,extension,scale-multiscale__bank-off__continuation-preserved,0.0001,4
off,16,1,extension,1.0297900995328313,,/work/11617/sujato_ts/vista/motion_code-master/physics_modal_v4/enhancements/results/central/checkpoints/no_linear_bank/seed43/ETTh1/h192.pt,a50cd1471de09d0c,preserved,2,False,ETTh1,16,156.73066635697614,latentflow-factorial-2x2x2-all28-three-seed-no-exchange-v2-selector-safe,factorial,10,latentflow_process_preserving_unfreeze2,5.0,0.001,192,,27.40392945204934,False,,0.0007,0.4419232441275379,2048,1024,LatentFlow,0.45736352584485696,0.02,2689.0,1422510,,0.443341979500161,0.4599794201267479,False,2,-0.0014187353726231033,-0.0026158942818909625,,/work/11617/sujato_ts/vista/motion_code-master/physics_modal_v4/enhancements/results/factorial/runs/scale-multiscale__bank-off__continuation-preserved/seed43/ETTh1/h192.json,0a56493283543d99c2dc058eaaf67a8d97447ac8530f74c7e26c34e54864366f,/work/11617/sujato_ts/vista/motion_code-master/physics_modal_v4/enhancements/results/central/runs/no_linear_bank/seed43/ETTh1/h192.json,0.6762865708003205,multiscale,43,"{'inducing_points': 32, 'latent_dim': 16, 'patch_lens': [16, 32, 48], 'representation_weight': 0.05}",16-32-48,,True,True,96,False,0,91.3386611234273,extension,scale-multiscale__bank-off__continuation-preserved,0.0001,4
off,16,1,extension,1.3000383162174096,,/work/11617/sujato_ts/vista/motion_code-master/physics_modal_v4/enhancements/results/central/checkpoints/no_linear_bank/seed43/ETTh1/h336.pt,46dbd61e14572ef9,preserved,2,False,ETTh1,16,162.6001645089127,latentflow-factorial-2x2x2-all28-three-seed-no-exchange-v2-selector-safe,factorial,10,latentflow_process_preserving_unfreeze2,5.0,0.001,336,,28.02528117936623,False,,0.0007,0.46791749414849515,2048,1024,LatentFlow,0.506544230272114,0.02,2545.0,1479862,,0.4658007510558577,0.49559610148945654,False,2,0.0021167430926374298,0.010948128782657496,,/work/11617/sujato_ts/vista/motion_code-master/physics_modal_v4/enhancements/results/factorial/runs/scale-multiscale__bank-off__continuation-preserved/seed43/ETTh1/h336.json,7f7527ac2325deb8cd963685c69686384059fd137f84c45cb9aa5e434d7cba56,/work/11617/sujato_ts/vista/motion_code-master/physics_modal_v4/enhancements/results/central/runs/no_linear_bank/seed43/ETTh1/h336.json,0.7117192074632481,multiscale,43,"{'inducing_points': 32, 'latent_dim': 16, 'patch_lens': [16, 32, 48], 'representation_weight': 0.05}",16-32-48,,True,True,96,False,0,94.36796615336789,extension,scale-multiscale__bank-off__continuation-preserved,0.0001,4
off,16,0,reference,1.5775798396458702,,/work/11617/sujato_ts/vista/motion_code-master/physics_modal_v4/enhancements/results/central/checkpoints/no_linear_bank/seed43/ETTh1/h720.pt,f31bacbdb915c2a1,preserved,2,False,ETTh1,16,165.0952046510065,latentflow-factorial-2x2x2-all28-three-seed-no-exchange-v2-selector-safe,factorial,10,latentflow_process_preserving_unfreeze2,5.0,0.001,720,,6.624050153447176,True,,0.0007,0.5129380355705734,2048,1024,LatentFlow,0.5872729192308579,0.02,2161.0,1634910,,0.5129380355705734,0.5872729192308579,False,2,0.0,0.0,,/work/11617/sujato_ts/vista/motion_code-master/physics_modal_v4/enhancements/results/factorial/runs/scale-multiscale__bank-off__continuation-preserved/seed43/ETTh1/h720.json,79a4c65a3a74a4f6c81f7f9a94e6d35d091437cc5bac0965db4036e9803a5540,/work/11617/sujato_ts/vista/motion_code-master/physics_modal_v4/enhancements/results/central/runs/no_linear_bank/seed43/ETTh1/h720.json,0.7663373403605346,multiscale,43,"{'inducing_points': 32, 'latent_dim': 16, 'patch_lens': [16, 32, 48], 'representation_weight': 0.05}",16-32-48,,True,True,96,False,0,95.89496902972314,reference,scale-multiscale__bank-off__continuation-preserved,0.0001,4
off,16,3,extension,0.7686287381109738,,/work/11617/sujato_ts/vista/motion_code-master/physics_modal_v4/enhancements/results/central/checkpoints/no_linear_bank/seed43/ETTh1/h96.pt,4a086df15623160a,preserved,2,False,ETTh1,16,164.2697466260288,latentflow-factorial-2x2x2-all28-three-seed-no-exchange-v2-selector-safe,factorial,10,latentflow_process_preserving_unfreeze2,5.0,0.001,96,,28.11046957302128,False,,0.0007,0.42275450860494995,2048,1024,LatentFlow,0.414932810380702,0.02,2785.0,1384538,,0.41676520919701965,0.4051857176281157,False,2,0.005989299407930304,0.009747092752586284,,/work/11617/sujato_ts/vista/motion_code-master/physics_modal_v4/enhancements/results/factorial/runs/scale-multiscale__bank-off__continuation-preserved/seed43/ETTh1/h96.json,1793c68065652ecda69010f2bdb0f410aa2a1ccce79d68aff5e8b2a75e612f06,/work/11617/sujato_ts/vista/motion_code-master/physics_modal_v4/enhancements/results/central/runs/no_linear_bank/seed43/ETTh1/h96.json,0.6441527849669688,multiscale,43,"{'inducing_points': 32, 'latent_dim': 16, 'patch_lens': [16, 32, 48], 'representation_weight': 0.05}",16-32-48,,True,True,96,False,0,95.19350258433406,extension,scale-multiscale__bank-off__continuation-preserved,0.0001,4
off,16,0,reference,0.2771868986920232,,/work/11617/sujato_ts/vista/motion_code-master/physics_modal_v4/enhancements/results/central/checkpoints/no_linear_bank/seed43/ETTh2/h192.pt,7c408f06b5b7c236,preserved,2,False,ETTh2,16,174.249558982905,latentflow-factorial-2x2x2-all28-three-seed-no-exchange-v2-selector-safe,factorial,10,latentflow_process_preserving_unfreeze2,5.0,0.001,192,,6.732886852306163,True,,0.0007,0.40085590263379806,2048,1024,LatentFlow,0.38761995805958793,0.02,2689.0,1392262,,0.40085590263379806,0.38761995805958793,False,2,0.0,0.0,,/work/11617/sujato_ts/vista/motion_code-master/physics_modal_v4/enhancements/results/factorial/runs/scale-multiscale__bank-off__continuation-preserved/seed43/ETTh2/h192.json,dd60731d58bd1daaf972aa636aed464e86b64fbc2c81243694d868b248b5d35c,/work/11617/sujato_ts/vista/motion_code-master/physics_modal_v4/enhancements/results/central/runs/no_linear_bank/seed43/ETTh2/h192.json,0.6225913250757578,multiscale,43,"{'inducing_points': 32, 'latent_dim': 8, 'patch_lens': [16, 32, 48], 'representation_weight': 0.001}",16-32-48,,True,True,96,False,0,101.22110547636112,reference,scale-multiscale__bank-off__continuation-preserved,0.0001,4
off,16,0,reference,0.353056555297099,,/work/11617/sujato_ts/vista/motion_code-master/physics_modal_v4/enhancements/results/central/checkpoints/no_linear_bank/seed43/ETTh2/h336.pt,41fb1322efc09555,preserved,2,False,ETTh2,16,173.7758626253344,latentflow-factorial-2x2x2-all28-three-seed-no-exchange-v2-selector-safe,factorial,10,latentflow_process_preserving_unfreeze2,5.0,0.001,336,,6.055501358188642,True,,0.0007,0.4250684972451326,2048,1024,LatentFlow,0.40988198726142133,0.02,2545.0,1449614,,0.4250684972451326,0.40988198726142133,False,2,0.0,0.0,,/work/11617/sujato_ts/vista/motion_code-master/physics_modal_v4/enhancements/results/factorial/runs/scale-multiscale__bank-off__continuation-preserved/seed43/ETTh2/h336.json,650c19985388e0c2d0376a7ab4d58fd8f2e354a6f9c4966d96400c54be7e7bb0,/work/11617/sujato_ts/vista/motion_code-master/physics_modal_v4/enhancements/results/central/runs/no_linear_bank/seed43/ETTh2/h336.json,0.6402202646444591,multiscale,43,"{'inducing_points': 32, 'latent_dim': 8, 'patch_lens': [16, 32, 48], 'representation_weight': 0.001}",16-32-48,,True,True,96,False,0,101.03394566940551,reference,scale-multiscale__bank-off__continuation-preserved,0.0001,4
off,16,0,reference,0.6264719037782578,,/work/11617/sujato_ts/vista/motion_code-master/physics_modal_v4/enhancements/results/central/checkpoints/no_linear_bank/seed43/ETTh2/h720.pt,c55dbcf6eaa95b68,preserved,2,False,ETTh2,16,162.60257419198751,latentflow-factorial-2x2x2-all28-three-seed-no-exchange-v2-selector-safe,factorial,10,latentflow_process_preserving_unfreeze2,5.0,0.001,720,,6.808275551493488,True,,0.0007,0.44383206391344515,2048,1024,LatentFlow,0.4266107113311291,0.02,2161.0,1604662,,0.44383206391344515,0.4266107113311291,False,2,0.0,0.0,,/work/11617/sujato_ts/vista/motion_code-master/physics_modal_v4/enhancements/results/factorial/runs/scale-multiscale__bank-off__continuation-preserved/seed43/ETTh2/h720.json,04920a036f05e104c4c5134e45200e54a9c784cd8b0df129b833a51e139edadf,/work/11617/sujato_ts/vista/motion_code-master/physics_modal_v4/enhancements/results/central/runs/no_linear_bank/seed43/ETTh2/h720.json,0.653154431456397,multiscale,43,"{'inducing_points': 32, 'latent_dim': 8, 'patch_lens': [16, 32, 48], 'representation_weight': 0.001}",16-32-48,,True,True,96,False,0,94.05840626859572,reference,scale-multiscale__bank-off__continuation-preserved,0.0001,4
off,16,0,reference,0.2316125681002935,,/work/11617/sujato_ts/vista/motion_code-master/physics_modal_v4/enhancements/results/central/checkpoints/no_linear_bank/seed43/ETTh2/h96.pt,095876d49c6127d3,preserved,2,False,ETTh2,16,151.6943565439433,latentflow-factorial-2x2x2-all28-three-seed-no-exchange-v2-selector-safe,factorial,10,latentflow_process_preserving_unfreeze2,5.0,0.001,96,,6.687024985090156,True,,0.0007,0.35290649650830064,2048,1024,LatentFlow,0.30764443275713865,0.02,2785.0,1354290,,0.35290649650830064,0.30764443275713865,False,2,0.0,0.0,,/work/11617/sujato_ts/vista/motion_code-master/physics_modal_v4/enhancements/results/factorial/runs/scale-multiscale__bank-off__continuation-preserved/seed43/ETTh2/h96.json,4b80dc7f3224f3a449429875e2262d569773ffebdc1dd0551a67636833d079ce,/work/11617/sujato_ts/vista/motion_code-master/physics_modal_v4/enhancements/results/central/runs/no_linear_bank/seed43/ETTh2/h96.json,0.5546570406630917,multiscale,43,"{'inducing_points': 32, 'latent_dim': 8, 'patch_lens': [16, 32, 48], 'representation_weight': 0.001}",16-32-48,,True,True,96,False,0,87.40288694207266,reference,scale-multiscale__bank-off__continuation-preserved,0.0001,4
off,16,3,extension,0.5125834140039626,,/work/11617/sujato_ts/vista/motion_code-master/physics_modal_v4/enhancements/results/central/checkpoints/no_linear_bank/seed43/ETTm1/h192.pt,dea59ffd1aa5e392,preserved,2,False,ETTm1,16,171.46618670597672,latentflow-factorial-2x2x2-all28-three-seed-no-exchange-v2-selector-safe,factorial,10,latentflow_process_preserving_unfreeze2,5.0,0.001,192,,26.551861645287637,False,,0.0007,0.395602624428347,2048,1024,LatentFlow,0.377290579972523,0.02,11329.0,1380382,,0.39785520574722033,0.38152902875583694,False,2,-0.002252581318873348,-0.0042384487833139195,,/work/11617/sujato_ts/vista/motion_code-master/physics_modal_v4/enhancements/results/factorial/runs/scale-multiscale__bank-off__continuation-preserved/seed43/ETTm1/h192.json,801343ce484cfbc429a866b3b88f5a43345dc43ed21c472de41ceb89f43554b2,/work/11617/sujato_ts/vista/motion_code-master/physics_modal_v4/enhancements/results/central/runs/no_linear_bank/seed43/ETTm1/h192.json,0.6142398391284328,multiscale,43,"{'inducing_points': 32, 'latent_dim': 8, 'patch_lens': [8, 24, 48], 'representation_weight': 0.01}",8-24-48,,True,True,96,False,0,97.65267159673385,extension,scale-multiscale__bank-off__continuation-preserved,0.0001,4
off,16,3,extension,0.6557272090798333,,/work/11617/sujato_ts/vista/motion_code-master/physics_modal_v4/enhancements/results/central/checkpoints/no_linear_bank/seed43/ETTm1/h336.pt,d8aaaa53045de048,preserved,2,False,ETTm1,16,173.71415677433833,latentflow-factorial-2x2x2-all28-three-seed-no-exchange-v2-selector-safe,factorial,10,latentflow_process_preserving_unfreeze2,5.0,0.001,336,,27.603806396759513,False,,0.0007,0.4230950737467592,2048,1024,LatentFlow,0.4181563640732053,0.02,11185.0,1439992,,0.422382717193993,0.4181434244470936,False,2,0.0007123565527661913,1.2939626111652114e-05,,/work/11617/sujato_ts/vista/motion_code-master/physics_modal_v4/enhancements/results/factorial/runs/scale-multiscale__bank-off__continuation-preserved/seed43/ETTm1/h336.json,c242307fdb75c90de98a17a0bf47e715fb2b1e07df7bbe5ba9ed52e65631e935,/work/11617/sujato_ts/vista/motion_code-master/physics_modal_v4/enhancements/results/central/runs/no_linear_bank/seed43/ETTm1/h336.json,0.6466501094666306,multiscale,43,"{'inducing_points': 32, 'latent_dim': 8, 'patch_lens': [8, 24, 48], 'representation_weight': 0.01}",8-24-48,,True,True,96,False,0,98.9647840091493,extension,scale-multiscale__bank-off__continuation-preserved,0.0001,4
off,16,1,extension,0.9879691241279481,,/work/11617/sujato_ts/vista/motion_code-master/physics_modal_v4/enhancements/results/central/checkpoints/no_linear_bank/seed43/ETTm1/h720.pt,685d9fc38643415f,preserved,2,False,ETTm1,16,159.8489012750797,latentflow-factorial-2x2x2-all28-three-seed-no-exchange-v2-selector-safe,factorial,10,latentflow_process_preserving_unfreeze2,5.0,0.001,720,,24.505687794628766,False,,0.0007,0.4523580661729243,2048,1024,LatentFlow,0.47591895714095817,0.02,10801.0,1606168,,0.451734251621733,0.4769820346515787,False,2,0.0006238145511913151,-0.0010630775106205137,,/work/11617/sujato_ts/vista/motion_code-master/physics_modal_v4/enhancements/results/factorial/runs/scale-multiscale__bank-off__continuation-preserved/seed43/ETTm1/h720.json,49d90a3b659326fffb2de9d3f853474339adef5ccc9d551e46e9ec91aedb58bc,/work/11617/sujato_ts/vista/motion_code-master/physics_modal_v4/enhancements/results/central/runs/no_linear_bank/seed43/ETTm1/h720.json,0.689868797048365,multiscale,43,"{'inducing_points': 32, 'latent_dim': 8, 'patch_lens': [8, 24, 48], 'representation_weight': 0.01}",8-24-48,,True,True,96,False,0,90.45647409202502,extension,scale-multiscale__bank-off__continuation-preserved,0.0001,4
off,16,1,extension,0.395308958987395,,/work/11617/sujato_ts/vista/motion_code-master/physics_modal_v4/enhancements/results/central/checkpoints/no_linear_bank/seed43/ETTm1/h96.pt,ca908b5ae7fc64da,preserved,2,False,ETTm1,16,162.03494131937623,latentflow-factorial-2x2x2-all28-three-seed-no-exchange-v2-selector-safe,factorial,10,latentflow_process_preserving_unfreeze2,5.0,0.001,96,,24.64419624769504,False,,0.0007,0.37851468887082657,2048,1024,LatentFlow,0.34244445722476013,0.02,11425.0,1341462,,0.3789956576359375,0.3433126579663077,False,2,-0.0004809687651109451,-0.0008682007415475868,,/work/11617/sujato_ts/vista/motion_code-master/physics_modal_v4/enhancements/results/factorial/runs/scale-multiscale__bank-off__continuation-preserved/seed43/ETTm1/h96.json,2abd804ffef9c1e55c9dfbead2d6b394f20b6eeb3419990508f17014094b6396,/work/11617/sujato_ts/vista/motion_code-master/physics_modal_v4/enhancements/results/central/runs/no_linear_bank/seed43/ETTm1/h96.json,0.5851875402166046,multiscale,43,"{'inducing_points': 32, 'latent_dim': 8, 'patch_lens': [8, 24, 48], 'representation_weight': 0.01}",8-24-48,,True,True,96,False,0,92.07458354794653,extension,scale-multiscale__bank-off__continuation-preserved,0.0001,4
off,16,2,extension,0.17292686649376438,,/work/11617/sujato_ts/vista/motion_code-master/physics_modal_v4/enhancements/results/central/checkpoints/no_linear_bank/seed43/ETTm2/h192.pt,a2bde9486bfeb8ae,preserved,2,False,ETTm2,16,164.25454927398823,latentflow-factorial-2x2x2-all28-three-seed-no-exchange-v2-selector-safe,factorial,10,latentflow_process_preserving_unfreeze2,5.0,0.001,192,,26.127229107786206,False,,0.0007,0.30473235337645205,2048,1024,LatentFlow,0.24312247845218105,0.02,11329.0,1355518,,0.3054367402774705,0.24420747295211104,False,2,-0.0007043869010184278,-0.001084994499929992,,/work/11617/sujato_ts/vista/motion_code-master/physics_modal_v4/enhancements/results/factorial/runs/scale-multiscale__bank-off__continuation-preserved/seed43/ETTm2/h192.json,73854d728c8594bf15a6d1dad02ba4594dee4bce343d309fe452c49a796f86a0,/work/11617/sujato_ts/vista/motion_code-master/physics_modal_v4/enhancements/results/central/runs/no_linear_bank/seed43/ETTm2/h192.json,0.4930745161252821,multiscale,43,"{'inducing_points': 16, 'latent_dim': 8, 'patch_lens': [8, 16, 32], 'representation_weight': 0.001}",8-16-32,,True,True,96,False,0,92.84497042663133,extension,scale-multiscale__bank-off__continuation-preserved,0.0001,4
off,16,2,extension,0.21609969873006651,,/work/11617/sujato_ts/vista/motion_code-master/physics_modal_v4/enhancements/results/central/checkpoints/no_linear_bank/seed43/ETTm2/h336.pt,c537b7d9a732840f,preserved,2,False,ETTm2,16,163.41873829811811,latentflow-factorial-2x2x2-all28-three-seed-no-exchange-v2-selector-safe,factorial,10,latentflow_process_preserving_unfreeze2,5.0,0.001,336,,27.299720259669524,False,,0.0007,0.3453318597101383,2048,1024,LatentFlow,0.30776261589644216,0.02,11185.0,1415660,,0.3457875948301823,0.30844945502242255,False,2,-0.0004557351200439874,-0.0006868391259803874,,/work/11617/sujato_ts/vista/motion_code-master/physics_modal_v4/enhancements/results/factorial/runs/scale-multiscale__bank-off__continuation-preserved/seed43/ETTm2/h336.json,a73583b3571212c7c93e93daf357887dde1dab6ff31ae46a7f7fbe4c28e4afae,/work/11617/sujato_ts/vista/motion_code-master/physics_modal_v4/enhancements/results/central/runs/no_linear_bank/seed43/ETTm2/h336.json,0.554763567564095,multiscale,43,"{'inducing_points': 16, 'latent_dim': 8, 'patch_lens': [8, 16, 32], 'representation_weight': 0.001}",8-16-32,,True,True,96,False,0,92.32771004171809,extension,scale-multiscale__bank-off__continuation-preserved,0.0001,4
off,16,0,reference,0.2986388373942602,,/work/11617/sujato_ts/vista/motion_code-master/physics_modal_v4/enhancements/results/central/checkpoints/no_linear_bank/seed43/ETTm2/h720.pt,efbd5ce85f5f9487,preserved,2,False,ETTm2,16,168.91569828242064,latentflow-factorial-2x2x2-all28-three-seed-no-exchange-v2-selector-safe,factorial,10,latentflow_process_preserving_unfreeze2,5.0,0.001,720,,6.804586424097109,True,,0.0007,0.40690780168898727,2048,1024,LatentFlow,0.41617078781730577,0.02,10801.0,1584308,,0.40690780168898727,0.41617078781730577,False,2,0.0,0.0,,/work/11617/sujato_ts/vista/motion_code-master/physics_modal_v4/enhancements/results/factorial/runs/scale-multiscale__bank-off__continuation-preserved/seed43/ETTm2/h720.json,0c29a173ff9fcf84126c9912f5d34e15b084295f481a7f91ef3bf47268c99df2,/work/11617/sujato_ts/vista/motion_code-master/physics_modal_v4/enhancements/results/central/runs/no_linear_bank/seed43/ETTm2/h720.json,0.6451130039127299,multiscale,43,"{'inducing_points': 16, 'latent_dim': 8, 'patch_lens': [8, 16, 32], 'representation_weight': 0.001}",8-16-32,,True,True,96,False,0,95.72682707512286,reference,scale-multiscale__bank-off__continuation-preserved,0.0001,4
off,16,1,extension,0.13059120208379768,,/work/11617/sujato_ts/vista/motion_code-master/physics_modal_v4/enhancements/results/central/checkpoints/no_linear_bank/seed43/ETTm2/h96.pt,a1fe60f16dc7dd29,preserved,2,False,ETTm2,16,171.70571006275713,latentflow-factorial-2x2x2-all28-three-seed-no-exchange-v2-selector-safe,factorial,10,latentflow_process_preserving_unfreeze2,5.0,0.001,96,,27.02456349337168,False,,0.0007,0.2630289146564051,2048,1024,LatentFlow,0.17837454361283084,0.02,11425.0,1316386,,0.26373499365589254,0.17906134122459172,False,2,-0.0007060789994874361,-0.0006867976117608809,,/work/11617/sujato_ts/vista/motion_code-master/physics_modal_v4/enhancements/results/factorial/runs/scale-multiscale__bank-off__continuation-preserved/seed43/ETTm2/h96.json,ff8642c97d66f82b18ca5530ef2a9d35db032f5f53e958c3d6e657effa3f33a7,/work/11617/sujato_ts/vista/motion_code-master/physics_modal_v4/enhancements/results/central/runs/no_linear_bank/seed43/ETTm2/h96.json,0.42234410569206576,multiscale,43,"{'inducing_points': 16, 'latent_dim': 8, 'patch_lens': [8, 16, 32], 'representation_weight': 0.001}",8-16-32,,True,True,96,False,0,97.36106197378831,extension,scale-multiscale__bank-off__continuation-preserved,0.0001,4
off,16,9,extension,0.14939146494320743,,/work/11617/sujato_ts/vista/motion_code-master/physics_modal_v4/enhancements/results/central/checkpoints/no_linear_bank/seed43/Electricity/h192.pt,71fefcb4e3762a6d,preserved,2,False,Electricity,16,696.1971101369709,latentflow-factorial-2x2x2-all28-three-seed-no-exchange-v2-selector-safe,factorial,10,latentflow_process_preserving_unfreeze2,5.0,0.001,192,,36.59128764701094,False,,0.0007,0.26742284461219784,2048,1024,LatentFlow,0.1737024233543422,0.02,5071.0,1369111,,0.2738353399317951,0.1829367893440265,False,2,-0.006412495319597256,-0.009234365989684301,,/work/11617/sujato_ts/vista/motion_code-master/physics_modal_v4/enhancements/results/factorial/runs/scale-multiscale__bank-off__continuation-preserved/seed43/Electricity/h192.json,96bddd6aca9372adc5919773e2692f41d8686eb7677d5d68b4c46e706de0d8d2,/work/11617/sujato_ts/vista/motion_code-master/physics_modal_v4/enhancements/results/central/runs/no_linear_bank/seed43/Electricity/h192.json,0.416776226954396,multiscale,43,"{'inducing_points': 32, 'latent_dim': 16, 'patch_lens': [8, 16, 32], 'representation_weight': 0.001}",8-16-32,,True,True,96,False,0,467.7749054175365,extension,scale-multiscale__bank-off__continuation-preserved,0.0001,4
off,16,8,extension,0.16794686811894483,,/work/11617/sujato_ts/vista/motion_code-master/physics_modal_v4/enhancements/results/central/checkpoints/no_linear_bank/seed43/Electricity/h336.pt,9f4367b6b18b8f37,preserved,2,False,Electricity,16,745.1058848369867,latentflow-factorial-2x2x2-all28-three-seed-no-exchange-v2-selector-safe,factorial,10,latentflow_process_preserving_unfreeze2,5.0,0.001,336,,38.22709850226794,False,,0.0007,0.28446376130878126,2048,1024,LatentFlow,0.1917910946794156,0.02,4927.0,1429253,,0.28915831019974875,0.19748390570684707,False,2,-0.004694548890967487,-0.005692811027431466,,/work/11617/sujato_ts/vista/motion_code-master/physics_modal_v4/enhancements/results/factorial/runs/scale-multiscale__bank-off__continuation-preserved/seed43/Electricity/h336.json,04397cbe890f99b617ff0b64bdb6eaf2fcb5aa9ba24909d164c821f63c4018f0,/work/11617/sujato_ts/vista/motion_code-master/physics_modal_v4/enhancements/results/central/runs/no_linear_bank/seed43/Electricity/h336.json,0.43793960163407875,multiscale,43,"{'inducing_points': 32, 'latent_dim': 16, 'patch_lens': [8, 16, 32], 'representation_weight': 0.001}",8-16-32,,True,True,96,False,0,501.80512364131573,extension,scale-multiscale__bank-off__continuation-preserved,0.0001,4
off,16,3,extension,0.20540356786245292,,/work/11617/sujato_ts/vista/motion_code-master/physics_modal_v4/enhancements/results/central/checkpoints/no_linear_bank/seed43/Electricity/h720.pt,2258cd08e544e80b,preserved,2,False,Electricity,16,742.1481455550529,latentflow-factorial-2x2x2-all28-three-seed-no-exchange-v2-selector-safe,factorial,10,latentflow_process_preserving_unfreeze2,5.0,0.001,720,,41.349271844540326,False,,0.0007,0.319888780293773,2048,1024,LatentFlow,0.23775332023929907,0.02,4543.0,1597901,,0.3241261535948281,0.2428785076318873,False,2,-0.004237373301055114,-0.005125187392588243,,/work/11617/sujato_ts/vista/motion_code-master/physics_modal_v4/enhancements/results/factorial/runs/scale-multiscale__bank-off__continuation-preserved/seed43/Electricity/h720.json,6724b2ba25be8151f2730e89416512ec9deae7f5c03384e834a9a3fd8eb6eef7,/work/11617/sujato_ts/vista/motion_code-master/physics_modal_v4/enhancements/results/central/runs/no_linear_bank/seed43/Electricity/h720.json,0.4875995490556765,multiscale,43,"{'inducing_points': 32, 'latent_dim': 16, 'patch_lens': [8, 16, 32], 'representation_weight': 0.001}",8-16-32,,True,True,96,False,0,495.6274280000798,extension,scale-multiscale__bank-off__continuation-preserved,0.0001,4
off,16,9,extension,0.13808207376352352,,/work/11617/sujato_ts/vista/motion_code-master/physics_modal_v4/enhancements/results/central/checkpoints/no_linear_bank/seed43/Electricity/h96.pt,a6fbfd280df648aa,preserved,2,False,Electricity,16,671.4671665001661,latentflow-factorial-2x2x2-all28-three-seed-no-exchange-v2-selector-safe,factorial,10,latentflow_process_preserving_unfreeze2,5.0,0.001,96,,36.63661882440134,False,,0.0007,0.2567861424039998,2048,1024,LatentFlow,0.1602915837744591,0.02,5167.0,1329979,,0.2629459618459666,0.16817525858293583,False,2,-0.006159819441966807,-0.007883674808476737,,/work/11617/sujato_ts/vista/motion_code-master/physics_modal_v4/enhancements/results/factorial/runs/scale-multiscale__bank-off__continuation-preserved/seed43/Electricity/h96.json,70689b9837cd1c6e2c758250202246995ae7c986939df67f8cc94a571b6bf001,/work/11617/sujato_ts/vista/motion_code-master/physics_modal_v4/enhancements/results/central/runs/no_linear_bank/seed43/Electricity/h96.json,0.4003643138123815,multiscale,43,"{'inducing_points': 32, 'latent_dim': 16, 'patch_lens': [8, 16, 32], 'representation_weight': 0.001}",8-16-32,,True,True,96,False,0,450.5299247623043,extension,scale-multiscale__bank-off__continuation-preserved,0.0001,4
off,16,10,extension,0.38957796941316136,,/work/11617/sujato_ts/vista/motion_code-master/physics_modal_v4/enhancements/results/central/checkpoints/no_linear_bank/seed43/Traffic/h192.pt,5a761961d5c7713d,preserved,2,False,Traffic,16,1489.7654017368332,latentflow-factorial-2x2x2-all28-three-seed-no-exchange-v2-selector-safe,factorial,10,latentflow_process_preserving_unfreeze2,5.0,0.001,192,,86.77104047099174,False,,0.0007,0.30053839630721885,2048,1024,LatentFlow,0.4520034972957492,0.02,3319.0,1370734,,0.3131390828654499,0.4685487397926896,False,2,-0.012600686558231045,-0.016545242496940393,,/work/11617/sujato_ts/vista/motion_code-master/physics_modal_v4/enhancements/results/factorial/runs/scale-multiscale__bank-off__continuation-preserved/seed43/Traffic/h192.json,7aa25dc2e98107a0e941a9c0c55660bb68d70aff9907e009f43a48159c1a14bf,/work/11617/sujato_ts/vista/motion_code-master/physics_modal_v4/enhancements/results/central/runs/no_linear_bank/seed43/Traffic/h192.json,0.6723120535106812,multiscale,43,"{'inducing_points': 32, 'latent_dim': 16, 'patch_lens': [8, 16, 32], 'representation_weight': 0.001}",8-16-32,,True,True,96,False,0,995.0625351644703,extension,scale-multiscale__bank-off__continuation-preserved,0.0001,4
off,16,7,extension,0.4039067835349982,,/work/11617/sujato_ts/vista/motion_code-master/physics_modal_v4/enhancements/results/central/checkpoints/no_linear_bank/seed43/Traffic/h336.pt,4b2386681ad21cae,preserved,2,False,Traffic,16,1534.7656557406299,latentflow-factorial-2x2x2-all28-three-seed-no-exchange-v2-selector-safe,factorial,10,latentflow_process_preserving_unfreeze2,5.0,0.001,336,,91.0561719792895,False,,0.0007,0.3094359131981871,2048,1024,LatentFlow,0.47254853447073103,0.02,3175.0,1430876,,0.3216683891891704,0.48278019169261327,False,2,-0.012232475990983316,-0.01023165722188224,,/work/11617/sujato_ts/vista/motion_code-master/physics_modal_v4/enhancements/results/factorial/runs/scale-multiscale__bank-off__continuation-preserved/seed43/Traffic/h336.json,6161686a39b298adb3415273e582ddacc03353b3e5ec5b92dff47c28e090ae10,/work/11617/sujato_ts/vista/motion_code-master/physics_modal_v4/enhancements/results/central/runs/no_linear_bank/seed43/Traffic/h336.json,0.6874216569695277,multiscale,43,"{'inducing_points': 32, 'latent_dim': 16, 'patch_lens': [8, 16, 32], 'representation_weight': 0.001}",8-16-32,,True,True,96,False,0,1022.9006810859573,extension,scale-multiscale__bank-off__continuation-preserved,0.0001,4
off,16,7,extension,0.44448132899717807,,/work/11617/sujato_ts/vista/motion_code-master/physics_modal_v4/enhancements/results/central/checkpoints/no_linear_bank/seed43/Traffic/h720.pt,eac8b345a72219c0,preserved,2,False,Traffic,16,1677.103979669977,latentflow-factorial-2x2x2-all28-three-seed-no-exchange-v2-selector-safe,factorial,10,latentflow_process_preserving_unfreeze2,5.0,0.001,720,,100.08531322585011,False,,0.0007,0.32007977316546327,2048,1024,LatentFlow,0.5008862604821814,0.02,2791.0,1599524,,0.33464495692066093,0.5128350406112727,False,2,-0.014565183755197664,-0.011948780129091285,,/work/11617/sujato_ts/vista/motion_code-master/physics_modal_v4/enhancements/results/factorial/runs/scale-multiscale__bank-off__continuation-preserved/seed43/Traffic/h720.json,d29376e555bc7cf786dee7fa5cb6ca1579997ba6b45d172507974c96b3871020,/work/11617/sujato_ts/vista/motion_code-master/physics_modal_v4/enhancements/results/central/runs/no_linear_bank/seed43/Traffic/h720.json,0.7077331845280264,multiscale,43,"{'inducing_points': 32, 'latent_dim': 16, 'patch_lens': [8, 16, 32], 'representation_weight': 0.001}",8-16-32,,True,True,96,False,0,1112.4950367859128,extension,scale-multiscale__bank-off__continuation-preserved,0.0001,4
off,16,10,extension,0.3971416913347473,,/work/11617/sujato_ts/vista/motion_code-master/physics_modal_v4/enhancements/results/central/checkpoints/no_linear_bank/seed43/Traffic/h96.pt,ed8ec65ff69bd708,preserved,2,False,Traffic,16,1432.5186869297177,latentflow-factorial-2x2x2-all28-three-seed-no-exchange-v2-selector-safe,factorial,10,latentflow_process_preserving_unfreeze2,5.0,0.001,96,,86.47959654442441,False,,0.0007,0.2965177982410567,2048,1024,LatentFlow,0.44050283724171974,0.02,3415.0,1331602,,0.3137063777611741,0.4589426666652778,False,2,-0.01718857952011743,-0.01843982942355804,,/work/11617/sujato_ts/vista/motion_code-master/physics_modal_v4/enhancements/results/factorial/runs/scale-multiscale__bank-off__continuation-preserved/seed43/Traffic/h96.json,93ed9011c14c72550fbd3539b4272170bc8a87aadf98882aadbcf7a2f364848a,/work/11617/sujato_ts/vista/motion_code-master/physics_modal_v4/enhancements/results/central/runs/no_linear_bank/seed43/Traffic/h96.json,0.6637038776756693,multiscale,43,"{'inducing_points': 32, 'latent_dim': 16, 'patch_lens': [8, 16, 32], 'representation_weight': 0.001}",8-16-32,,True,True,96,False,0,954.7664041339885,extension,scale-multiscale__bank-off__continuation-preserved,0.0001,4
off,16,3,extension,0.47506769994894665,,/work/11617/sujato_ts/vista/motion_code-master/physics_modal_v4/enhancements/results/central/checkpoints/no_linear_bank/seed43/Weather/h192.pt,cc63a4f0331e2910,preserved,2,False,Weather,16,226.45697798102628,latentflow-factorial-2x2x2-all28-three-seed-no-exchange-v2-selector-safe,factorial,10,latentflow_process_preserving_unfreeze2,5.0,0.001,192,,40.49755086898515,False,,0.0007,0.2548199643317702,2048,1024,LatentFlow,0.2138773048639513,0.02,10349.0,1371328,,0.256249009137202,0.2158285317509315,False,2,-0.0014290448054318228,-0.0019512268869802118,,/work/11617/sujato_ts/vista/motion_code-master/physics_modal_v4/enhancements/results/factorial/runs/scale-multiscale__bank-off__continuation-preserved/seed43/Weather/h192.json,1bbeb7a3daeb72153f8998a3817f4ca4ab325862544030c039157e30461850f6,/work/11617/sujato_ts/vista/motion_code-master/physics_modal_v4/enhancements/results/central/runs/no_linear_bank/seed43/Weather/h192.json,0.4624687069023712,multiscale,43,"{'inducing_points': 32, 'latent_dim': 16, 'patch_lens': [8, 16, 32], 'representation_weight': 0.001}",8-16-32,,True,True,96,False,0,142.89095829371945,extension,scale-multiscale__bank-off__continuation-preserved,0.0001,4
off,16,3,extension,0.5575835292571797,,/work/11617/sujato_ts/vista/motion_code-master/physics_modal_v4/enhancements/results/central/checkpoints/no_linear_bank/seed43/Weather/h336.pt,b5740e2efa978abb,preserved,2,False,Weather,16,247.48576007969677,latentflow-factorial-2x2x2-all28-three-seed-no-exchange-v2-selector-safe,factorial,10,latentflow_process_preserving_unfreeze2,5.0,0.001,336,,42.013400509578624,False,,0.0007,0.2959482041934151,2048,1024,LatentFlow,0.2703325066968474,0.02,10205.0,1431470,,0.2981265712778558,0.27329123324999927,False,2,-0.002178367084440691,-0.0029587265531518803,,/work/11617/sujato_ts/vista/motion_code-master/physics_modal_v4/enhancements/results/factorial/runs/scale-multiscale__bank-off__continuation-preserved/seed43/Weather/h336.json,eaa502dd5afb47362650295f0f0760152090c8ca5b6abc4aa68cad88304c124d,/work/11617/sujato_ts/vista/motion_code-master/physics_modal_v4/enhancements/results/central/runs/no_linear_bank/seed43/Weather/h336.json,0.519935098542931,multiscale,43,"{'inducing_points': 32, 'latent_dim': 16, 'patch_lens': [8, 16, 32], 'representation_weight': 0.001}",8-16-32,,True,True,96,False,0,156.4684516408306,extension,scale-multiscale__bank-off__continuation-preserved,0.0001,4
off,16,2,extension,0.6799522102194488,,/work/11617/sujato_ts/vista/motion_code-master/physics_modal_v4/enhancements/results/central/checkpoints/no_linear_bank/seed43/Weather/h720.pt,4a2624b6da178900,preserved,2,False,Weather,16,244.64405142399482,latentflow-factorial-2x2x2-all28-three-seed-no-exchange-v2-selector-safe,factorial,10,latentflow_process_preserving_unfreeze2,5.0,0.001,720,,39.43641374825068,False,,0.0007,0.34674436203933345,2048,1024,LatentFlow,0.3486751644506735,0.02,9821.0,1600118,,0.3503502951151505,0.3520486265763272,False,2,-0.003605933075817025,-0.0033734621256537034,,/work/11617/sujato_ts/vista/motion_code-master/physics_modal_v4/enhancements/results/factorial/runs/scale-multiscale__bank-off__continuation-preserved/seed43/Weather/h720.json,48d0c1e5d88767d2def4f309835934946d007f742fa1b483e6b5889afec44e0a,/work/11617/sujato_ts/vista/motion_code-master/physics_modal_v4/enhancements/results/central/runs/no_linear_bank/seed43/Weather/h720.json,0.590487226323037,multiscale,43,"{'inducing_points': 32, 'latent_dim': 16, 'patch_lens': [8, 16, 32], 'representation_weight': 0.001}",8-16-32,,True,True,96,False,0,154.7951717140677,extension,scale-multiscale__bank-off__continuation-preserved,0.0001,4
off,16,3,extension,0.4323729347615015,,/work/11617/sujato_ts/vista/motion_code-master/physics_modal_v4/enhancements/results/central/checkpoints/no_linear_bank/seed43/Weather/h96.pt,039002700089167b,preserved,2,False,Weather,16,240.57855194201693,latentflow-factorial-2x2x2-all28-three-seed-no-exchange-v2-selector-safe,factorial,10,latentflow_process_preserving_unfreeze2,5.0,0.001,96,,41.14231603011237,False,,0.0007,0.21251772260459734,2048,1024,LatentFlow,0.1665442661554763,0.02,10445.0,1332196,,0.21319870609262376,0.1678031056864614,False,2,-0.000680983488026421,-0.0012588395309851008,,/work/11617/sujato_ts/vista/motion_code-master/physics_modal_v4/enhancements/results/factorial/runs/scale-multiscale__bank-off__continuation-preserved/seed43/Weather/h96.json,3bcea6ca2debbf1c8a62e040800932c6ca2e4bc007661c609a81d53c838a62b5,/work/11617/sujato_ts/vista/motion_code-master/physics_modal_v4/enhancements/results/central/runs/no_linear_bank/seed43/Weather/h96.json,0.40809835353193513,multiscale,43,"{'inducing_points': 32, 'latent_dim': 16, 'patch_lens': [8, 16, 32], 'representation_weight': 0.001}",8-16-32,,True,True,96,False,0,151.87990082740725,extension,scale-multiscale__bank-off__continuation-preserved,0.0001,4
off,16,1,extension,1.0266360221874147,,/work/11617/sujato_ts/vista/motion_code-master/physics_modal_v4/enhancements/results/central/checkpoints/no_linear_bank/seed44/ETTh1/h192.pt,cf82fa93c2ebc386,preserved,2,False,ETTh1,16,165.65865222737193,latentflow-factorial-2x2x2-all28-three-seed-no-exchange-v2-selector-safe,factorial,10,latentflow_process_preserving_unfreeze2,5.0,0.001,192,,27.570775315140423,False,,0.0007,0.4379059853157147,2048,1024,LatentFlow,0.4495062787784993,0.02,2689.0,1422510,,0.43770743800390943,0.44691621277491017,False,2,0.00019854731180524166,0.002590066003589131,,/work/11617/sujato_ts/vista/motion_code-master/physics_modal_v4/enhancements/results/factorial/runs/scale-multiscale__bank-off__continuation-preserved/seed44/ETTh1/h192.json,4f48b94bc27e7a5ca5e720ef85f6cec792e1f6f1a7d9b167f2de5f2f0dd9ce1b,/work/11617/sujato_ts/vista/motion_code-master/physics_modal_v4/enhancements/results/central/runs/no_linear_bank/seed44/ETTh1/h192.json,0.6704522941854247,multiscale,44,"{'inducing_points': 32, 'latent_dim': 16, 'patch_lens': [16, 32, 48], 'representation_weight': 0.05}",16-32-48,,True,True,96,False,0,96.09855256276205,extension,scale-multiscale__bank-off__continuation-preserved,0.0001,4
off,16,1,extension,1.297901837193236,,/work/11617/sujato_ts/vista/motion_code-master/physics_modal_v4/enhancements/results/central/checkpoints/no_linear_bank/seed44/ETTh1/h336.pt,44ed1c1661fc78a7,preserved,2,False,ETTh1,16,175.25077724456787,latentflow-factorial-2x2x2-all28-three-seed-no-exchange-v2-selector-safe,factorial,10,latentflow_process_preserving_unfreeze2,5.0,0.001,336,,28.281468898057938,False,,0.0007,0.45904327315491905,2048,1024,LatentFlow,0.48616523321046784,0.02,2545.0,1479862,,0.4591230058390275,0.4876308846119681,False,2,-7.973268410843559e-05,-0.0014656514015002342,,/work/11617/sujato_ts/vista/motion_code-master/physics_modal_v4/enhancements/results/factorial/runs/scale-multiscale__bank-off__continuation-preserved/seed44/ETTh1/h336.json,446c5fcb9ab3af32b07a13367f767d6a707ae4610c91e947e30bf75586b87116,/work/11617/sujato_ts/vista/motion_code-master/physics_modal_v4/enhancements/results/central/runs/no_linear_bank/seed44/ETTh1/h336.json,0.6972555006670567,multiscale,44,"{'inducing_points': 32, 'latent_dim': 16, 'patch_lens': [16, 32, 48], 'representation_weight': 0.05}",16-32-48,,True,True,96,False,0,101.75040325702867,extension,scale-multiscale__bank-off__continuation-preserved,0.0001,4
off,16,1,extension,1.568573007886372,,/work/11617/sujato_ts/vista/motion_code-master/physics_modal_v4/enhancements/results/central/checkpoints/no_linear_bank/seed44/ETTh1/h720.pt,996d81655b965a7c,preserved,2,False,ETTh1,16,167.1689602341503,latentflow-factorial-2x2x2-all28-three-seed-no-exchange-v2-selector-safe,factorial,10,latentflow_process_preserving_unfreeze2,5.0,0.001,720,,28.375130299645573,False,,0.0007,0.4914511672358206,2048,1024,LatentFlow,0.5305293317289197,0.02,2161.0,1634910,,0.47804556795111286,0.49321255640503286,False,2,0.013405599284707748,0.03731677532388683,,/work/11617/sujato_ts/vista/motion_code-master/physics_modal_v4/enhancements/results/factorial/runs/scale-multiscale__bank-off__continuation-preserved/seed44/ETTh1/h720.json,4bf2b68d4f6797a384f26e869fe6fbcc7f7f50329a52cc5af70648b5fd936dd4,/work/11617/sujato_ts/vista/motion_code-master/physics_modal_v4/enhancements/results/central/runs/no_linear_bank/seed44/ETTh1/h720.json,0.728374444725321,multiscale,44,"{'inducing_points': 32, 'latent_dim': 16, 'patch_lens': [16, 32, 48], 'representation_weight': 0.05}",16-32-48,,True,True,96,False,0,97.09049185003096,extension,scale-multiscale__bank-off__continuation-preserved,0.0001,4
off,16,0,reference,0.7723131293342227,,/work/11617/sujato_ts/vista/motion_code-master/physics_modal_v4/enhancements/results/central/checkpoints/no_linear_bank/seed44/ETTh1/h96.pt,c02a737e1492a922,preserved,2,False,ETTh1,16,164.35986119508743,latentflow-factorial-2x2x2-all28-three-seed-no-exchange-v2-selector-safe,factorial,10,latentflow_process_preserving_unfreeze2,5.0,0.001,96,,6.610956296696182,True,,0.0007,0.42231151613097034,2048,1024,LatentFlow,0.41360218598922727,0.02,2785.0,1384538,,0.42231151613097034,0.41360218598922727,False,2,0.0,0.0,,/work/11617/sujato_ts/vista/motion_code-master/physics_modal_v4/enhancements/results/factorial/runs/scale-multiscale__bank-off__continuation-preserved/seed44/ETTh1/h96.json,61b40443fb532f28ebb099fbebf5a2db193dde567d4a45a94ea643f5a2faa9c2,/work/11617/sujato_ts/vista/motion_code-master/physics_modal_v4/enhancements/results/central/runs/no_linear_bank/seed44/ETTh1/h96.json,0.6431191071560751,multiscale,44,"{'inducing_points': 32, 'latent_dim': 16, 'patch_lens': [16, 32, 48], 'representation_weight': 0.05}",16-32-48,,True,True,96,False,0,95.24451676570607,reference,scale-multiscale__bank-off__continuation-preserved,0.0001,4
off,16,0,reference,0.27739986990179333,,/work/11617/sujato_ts/vista/motion_code-master/physics_modal_v4/enhancements/results/central/checkpoints/no_linear_bank/seed44/ETTh2/h192.pt,26ce691475466851,preserved,2,False,ETTh2,16,161.9596359957941,latentflow-factorial-2x2x2-all28-three-seed-no-exchange-v2-selector-safe,factorial,10,latentflow_process_preserving_unfreeze2,5.0,0.001,192,,6.702175564662425,True,,0.0007,0.40329570485186506,2048,1024,LatentFlow,0.39145799402530357,0.02,2689.0,1392262,,0.40329570485186506,0.39145799402530357,False,2,0.0,0.0,,/work/11617/sujato_ts/vista/motion_code-master/physics_modal_v4/enhancements/results/factorial/runs/scale-multiscale__bank-off__continuation-preserved/seed44/ETTh2/h192.json,54c42e0677904783ab53816b073a807bf49d858ee7df1fc327e39989b8101972,/work/11617/sujato_ts/vista/motion_code-master/physics_modal_v4/enhancements/results/central/runs/no_linear_bank/seed44/ETTh2/h192.json,0.6256660403324633,multiscale,44,"{'inducing_points': 32, 'latent_dim': 8, 'patch_lens': [16, 32, 48], 'representation_weight': 0.001}",16-32-48,,True,True,96,False,0,93.72372260222619,reference,scale-multiscale__bank-off__continuation-preserved,0.0001,4
off,16,0,reference,0.35948368075753556,,/work/11617/sujato_ts/vista/motion_code-master/physics_modal_v4/enhancements/results/central/checkpoints/no_linear_bank/seed44/ETTh2/h336.pt,4bece546f3b39765,preserved,2,False,ETTh2,16,160.32364959002007,latentflow-factorial-2x2x2-all28-three-seed-no-exchange-v2-selector-safe,factorial,10,latentflow_process_preserving_unfreeze2,5.0,0.001,336,,6.6347687882430195,True,,0.0007,0.432463596876715,2048,1024,LatentFlow,0.4279336241586785,0.02,2545.0,1449614,,0.432463596876715,0.4279336241586785,False,2,0.0,0.0,,/work/11617/sujato_ts/vista/motion_code-master/physics_modal_v4/enhancements/results/factorial/runs/scale-multiscale__bank-off__continuation-preserved/seed44/ETTh2/h336.json,d8de09de8842387ae0d6450ed4eac3379743c7028d9143e1682c238be74e3147,/work/11617/sujato_ts/vista/motion_code-master/physics_modal_v4/enhancements/results/central/runs/no_linear_bank/seed44/ETTh2/h336.json,0.6541663581679193,multiscale,44,"{'inducing_points': 32, 'latent_dim': 8, 'patch_lens': [16, 32, 48], 'representation_weight': 0.001}",16-32-48,,True,True,96,False,0,92.61845664059365,reference,scale-multiscale__bank-off__continuation-preserved,0.0001,4
off,16,0,reference,0.6280461784393069,,/work/11617/sujato_ts/vista/motion_code-master/physics_modal_v4/enhancements/results/central/checkpoints/no_linear_bank/seed44/ETTh2/h720.pt,0e98d9c986f7b528,preserved,2,False,ETTh2,16,161.1263196771033,latentflow-factorial-2x2x2-all28-three-seed-no-exchange-v2-selector-safe,factorial,10,latentflow_process_preserving_unfreeze2,5.0,0.001,720,,6.420072008257926,True,,0.0007,0.4474083718722355,2048,1024,LatentFlow,0.4325620621866375,0.02,2161.0,1604662,,0.4474083718722355,0.4325620621866375,False,2,0.0,0.0,,/work/11617/sujato_ts/vista/motion_code-master/physics_modal_v4/enhancements/results/factorial/runs/scale-multiscale__bank-off__continuation-preserved/seed44/ETTh2/h720.json,7b0cfd29c3674a1ef1dfd2dd481a6c0309f3b7618db3c598e2de072f20462bd2,/work/11617/sujato_ts/vista/motion_code-master/physics_modal_v4/enhancements/results/central/runs/no_linear_bank/seed44/ETTh2/h720.json,0.657694505212441,multiscale,44,"{'inducing_points': 32, 'latent_dim': 8, 'patch_lens': [16, 32, 48], 'representation_weight': 0.001}",16-32-48,,True,True,96,False,0,93.20860240550246,reference,scale-multiscale__bank-off__continuation-preserved,0.0001,4
off,16,1,extension,0.23673631428253084,,/work/11617/sujato_ts/vista/motion_code-master/physics_modal_v4/enhancements/results/central/checkpoints/no_linear_bank/seed44/ETTh2/h96.pt,2c72b985b708780a,preserved,2,False,ETTh2,16,156.36809916701168,latentflow-factorial-2x2x2-all28-three-seed-no-exchange-v2-selector-safe,factorial,10,latentflow_process_preserving_unfreeze2,5.0,0.001,96,,27.026679684445693,False,,0.0007,0.3629432505538874,2048,1024,LatentFlow,0.3187367859238935,0.02,2785.0,1354290,,0.36216801603176535,0.317897382043025,False,2,0.0007752345221220258,0.0008394038808685056,,/work/11617/sujato_ts/vista/motion_code-master/physics_modal_v4/enhancements/results/factorial/runs/scale-multiscale__bank-off__continuation-preserved/seed44/ETTh2/h96.json,0fb37c20688f45a950dd229d784c5cdb9e527ae9369557f244a405bc1171891b,/work/11617/sujato_ts/vista/motion_code-master/physics_modal_v4/enhancements/results/central/runs/no_linear_bank/seed44/ETTh2/h96.json,0.5645677868280243,multiscale,44,"{'inducing_points': 32, 'latent_dim': 8, 'patch_lens': [16, 32, 48], 'representation_weight': 0.001}",16-32-48,,True,True,96,False,0,90.80154878201938,extension,scale-multiscale__bank-off__continuation-preserved,0.0001,4
off,16,2,extension,0.5125504432334786,,/work/11617/sujato_ts/vista/motion_code-master/physics_modal_v4/enhancements/results/central/checkpoints/no_linear_bank/seed44/ETTm1/h192.pt,c7e7c7b9f051908c,preserved,2,False,ETTm1,16,171.66323602432385,latentflow-factorial-2x2x2-all28-three-seed-no-exchange-v2-selector-safe,factorial,10,latentflow_process_preserving_unfreeze2,5.0,0.001,192,,26.152403100625556,False,,0.0007,0.39583183666044996,2048,1024,LatentFlow,0.3784281569715882,0.02,11329.0,1380382,,0.398732273189482,0.38099327648561726,False,2,-0.0029004365290320466,-0.002565119514029046,,/work/11617/sujato_ts/vista/motion_code-master/physics_modal_v4/enhancements/results/factorial/runs/scale-multiscale__bank-off__continuation-preserved/seed44/ETTm1/h192.json,9a06fd44f94d5f977c8fe1f00f18d67da8371a8dbec03f3ae47720d78763b35d,/work/11617/sujato_ts/vista/motion_code-master/physics_modal_v4/enhancements/results/central/runs/no_linear_bank/seed44/ETTm1/h192.json,0.6151651460962236,multiscale,44,"{'inducing_points': 32, 'latent_dim': 8, 'patch_lens': [8, 24, 48], 'representation_weight': 0.01}",8-24-48,,True,True,96,False,0,97.50099851153209,extension,scale-multiscale__bank-off__continuation-preserved,0.0001,4
off,16,2,extension,0.6547990372391785,,/work/11617/sujato_ts/vista/motion_code-master/physics_modal_v4/enhancements/results/central/checkpoints/no_linear_bank/seed44/ETTm1/h336.pt,3e7726f145ecf73b,preserved,2,False,ETTm1,16,165.90035061794333,latentflow-factorial-2x2x2-all28-three-seed-no-exchange-v2-selector-safe,factorial,10,latentflow_process_preserving_unfreeze2,5.0,0.001,336,,27.817114088203983,False,,0.0007,0.42269617535271525,2048,1024,LatentFlow,0.4243799137236599,0.02,11185.0,1439992,,0.4212727511092856,0.4191240223624583,False,2,0.0014234242434296718,0.005255891361201581,,/work/11617/sujato_ts/vista/motion_code-master/physics_modal_v4/enhancements/results/factorial/runs/scale-multiscale__bank-off__continuation-preserved/seed44/ETTm1/h336.json,8e8ec3788a4248f2906b5979345cc3362f85bc3377f7861e7b95ce01fc9c29bc,/work/11617/sujato_ts/vista/motion_code-master/physics_modal_v4/enhancements/results/central/runs/no_linear_bank/seed44/ETTm1/h336.json,0.6514444824569934,multiscale,44,"{'inducing_points': 32, 'latent_dim': 8, 'patch_lens': [8, 24, 48], 'representation_weight': 0.01}",8-24-48,,True,True,96,False,0,93.72285271019791,extension,scale-multiscale__bank-off__continuation-preserved,0.0001,4
off,16,1,extension,0.9851731442269824,,/work/11617/sujato_ts/vista/motion_code-master/physics_modal_v4/enhancements/results/central/checkpoints/no_linear_bank/seed44/ETTm1/h720.pt,3180a79203d83aa5,preserved,2,False,ETTm1,16,170.6157691013068,latentflow-factorial-2x2x2-all28-three-seed-no-exchange-v2-selector-safe,factorial,10,latentflow_process_preserving_unfreeze2,5.0,0.001,720,,25.88448658010726,False,,0.0007,0.45984789155336603,2048,1024,LatentFlow,0.47298540065375866,0.02,10801.0,1606168,,0.46131507863365817,0.4717641489762976,False,2,-0.0014671870802921427,0.001221251677461066,,/work/11617/sujato_ts/vista/motion_code-master/physics_modal_v4/enhancements/results/factorial/runs/scale-multiscale__bank-off__continuation-preserved/seed44/ETTm1/h720.json,4989269b5161b373c4c5e3800079d417e510c28d662e56d167366f7ae9b9d533,/work/11617/sujato_ts/vista/motion_code-master/physics_modal_v4/enhancements/results/central/runs/no_linear_bank/seed44/ETTm1/h720.json,0.6877393406325966,multiscale,44,"{'inducing_points': 32, 'latent_dim': 8, 'patch_lens': [8, 24, 48], 'representation_weight': 0.01}",8-24-48,,True,True,96,False,0,97.49837977142306,extension,scale-multiscale__bank-off__continuation-preserved,0.0001,4
off,16,2,extension,0.4020736277813003,,/work/11617/sujato_ts/vista/motion_code-master/physics_modal_v4/enhancements/results/central/checkpoints/no_linear_bank/seed44/ETTm1/h96.pt,4aec2a489c0d98dc,preserved,2,False,ETTm1,16,168.87712254887447,latentflow-factorial-2x2x2-all28-three-seed-no-exchange-v2-selector-safe,factorial,10,latentflow_process_preserving_unfreeze2,5.0,0.001,96,,25.81590588041614,False,,0.0007,0.38001017466850473,2048,1024,LatentFlow,0.3428935612993239,0.02,11425.0,1341462,,0.3868779538603665,0.35287276293742753,False,2,-0.006867779191861767,-0.009979201638103619,,/work/11617/sujato_ts/vista/motion_code-master/physics_modal_v4/enhancements/results/factorial/runs/scale-multiscale__bank-off__continuation-preserved/seed44/ETTm1/h96.json,9a5e3d20be5cd5b50e1bf7e9b1b29072204dfe20b0b6e47f04956b0174a06926,/work/11617/sujato_ts/vista/motion_code-master/physics_modal_v4/enhancements/results/central/runs/no_linear_bank/seed44/ETTm1/h96.json,0.5855711411086819,multiscale,44,"{'inducing_points': 32, 'latent_dim': 8, 'patch_lens': [8, 24, 48], 'representation_weight': 0.01}",8-24-48,,True,True,96,False,0,95.97112158044183,extension,scale-multiscale__bank-off__continuation-preserved,0.0001,4
off,16,2,extension,0.17056791404528276,,/work/11617/sujato_ts/vista/motion_code-master/physics_modal_v4/enhancements/results/central/checkpoints/no_linear_bank/seed44/ETTm2/h192.pt,730cdb98a6293067,preserved,2,False,ETTm2,16,172.04263852583244,latentflow-factorial-2x2x2-all28-three-seed-no-exchange-v2-selector-safe,factorial,10,latentflow_process_preserving_unfreeze2,5.0,0.001,192,,26.73024635253503,False,,0.0007,0.3030173735211341,2048,1024,LatentFlow,0.24107689544042984,0.02,11329.0,1355518,,0.30378740260714177,0.24269223820143046,False,2,-0.0007700290860076509,-0.0016153427610006155,,/work/11617/sujato_ts/vista/motion_code-master/physics_modal_v4/enhancements/results/factorial/runs/scale-multiscale__bank-off__continuation-preserved/seed44/ETTm2/h192.json,5b5046ad5e084c18c6d4791d6dc58b20a0b3ea5b2d68fa34862f1d64a7f736e5,/work/11617/sujato_ts/vista/motion_code-master/physics_modal_v4/enhancements/results/central/runs/no_linear_bank/seed44/ETTm2/h192.json,0.4909958201863126,multiscale,44,"{'inducing_points': 16, 'latent_dim': 8, 'patch_lens': [8, 16, 32], 'representation_weight': 0.001}",8-16-32,,True,True,96,False,0,97.75707037297252,extension,scale-multiscale__bank-off__continuation-preserved,0.0001,4
off,16,1,extension,0.21795385660362893,,/work/11617/sujato_ts/vista/motion_code-master/physics_modal_v4/enhancements/results/central/checkpoints/no_linear_bank/seed44/ETTm2/h336.pt,de6921c988935ad9,preserved,2,False,ETTm2,16,163.9207428500522,latentflow-factorial-2x2x2-all28-three-seed-no-exchange-v2-selector-safe,factorial,10,latentflow_process_preserving_unfreeze2,5.0,0.001,336,,25.944508404009323,False,,0.0007,0.3478552698949482,2048,1024,LatentFlow,0.3119004345941019,0.02,11185.0,1415660,,0.3481609085362023,0.3124339869085309,False,2,-0.00030563864125410234,-0.0005335523144290311,,/work/11617/sujato_ts/vista/motion_code-master/physics_modal_v4/enhancements/results/factorial/runs/scale-multiscale__bank-off__continuation-preserved/seed44/ETTm2/h336.json,baafbad1e6ad658c0e5780ae36e0c4ba348dc769aa8e8d365d23173f3bf9c453,/work/11617/sujato_ts/vista/motion_code-master/physics_modal_v4/enhancements/results/central/runs/no_linear_bank/seed44/ETTm2/h336.json,0.5584804693040768,multiscale,44,"{'inducing_points': 16, 'latent_dim': 8, 'patch_lens': [8, 16, 32], 'representation_weight': 0.001}",8-16-32,,True,True,96,False,0,92.83936765550607,extension,scale-multiscale__bank-off__continuation-preserved,0.0001,4
off,16,1,extension,0.29956602974543495,,/work/11617/sujato_ts/vista/motion_code-master/physics_modal_v4/enhancements/results/central/checkpoints/no_linear_bank/seed44/ETTm2/h720.pt,34f5fd9d5c761257,preserved,2,False,ETTm2,16,167.8861095495522,latentflow-factorial-2x2x2-all28-three-seed-no-exchange-v2-selector-safe,factorial,10,latentflow_process_preserving_unfreeze2,5.0,0.001,720,,27.34836202822294,False,,0.0007,0.40289125156779454,2048,1024,LatentFlow,0.4124396387022355,0.02,10801.0,1584308,,0.40289446798597517,0.41250198684496775,False,2,-3.2164181806293435e-06,-6.23481427322603e-05,,/work/11617/sujato_ts/vista/motion_code-master/physics_modal_v4/enhancements/results/factorial/runs/scale-multiscale__bank-off__continuation-preserved/seed44/ETTm2/h720.json,ae045291d165df66c935010d362056f7a58ad3e6357861103e4eb74b52d86c59,/work/11617/sujato_ts/vista/motion_code-master/physics_modal_v4/enhancements/results/central/runs/no_linear_bank/seed44/ETTm2/h720.json,0.6422146360074921,multiscale,44,"{'inducing_points': 16, 'latent_dim': 8, 'patch_lens': [8, 16, 32], 'representation_weight': 0.001}",8-16-32,,True,True,96,False,0,94.94030797359301,extension,scale-multiscale__bank-off__continuation-preserved,0.0001,4
off,16,1,extension,0.1297023297243175,,/work/11617/sujato_ts/vista/motion_code-master/physics_modal_v4/enhancements/results/central/checkpoints/no_linear_bank/seed44/ETTm2/h96.pt,88d35532f79c9df1,preserved,2,False,ETTm2,16,169.20702257938683,latentflow-factorial-2x2x2-all28-three-seed-no-exchange-v2-selector-safe,factorial,10,latentflow_process_preserving_unfreeze2,5.0,0.001,96,,27.454377445921324,False,,0.0007,0.2639290651093054,2048,1024,LatentFlow,0.17913049767585526,0.02,11425.0,1316386,,0.26499371584373255,0.18005908088409814,False,2,-0.0010646507344271305,-0.000928583208242878,,/work/11617/sujato_ts/vista/motion_code-master/physics_modal_v4/enhancements/results/factorial/runs/scale-multiscale__bank-off__continuation-preserved/seed44/ETTm2/h96.json,9aa9ceb41a1eca9fe077eb1cbf17a649f174b5bda92dffdd1f74565e3a027772,/work/11617/sujato_ts/vista/motion_code-master/physics_modal_v4/enhancements/results/central/runs/no_linear_bank/seed44/ETTm2/h96.json,0.42323810990488,multiscale,44,"{'inducing_points': 16, 'latent_dim': 8, 'patch_lens': [8, 16, 32], 'representation_weight': 0.001}",8-16-32,,True,True,96,False,0,95.93961113569094,extension,scale-multiscale__bank-off__continuation-preserved,0.0001,4
off,16,10,extension,0.14818085338591538,,/work/11617/sujato_ts/vista/motion_code-master/physics_modal_v4/enhancements/results/central/checkpoints/no_linear_bank/seed44/Electricity/h192.pt,e1d7f259d0eb9abc,preserved,2,False,Electricity,16,708.7230041380972,latentflow-factorial-2x2x2-all28-three-seed-no-exchange-v2-selector-safe,factorial,10,latentflow_process_preserving_unfreeze2,5.0,0.001,192,,36.40704493422361,False,,0.0007,0.2669158239258052,2048,1024,LatentFlow,0.1725997999624224,0.02,5071.0,1369111,,0.27211647447854803,0.18008406659671175,False,2,-0.005200650552742825,-0.0074842666342893605,,/work/11617/sujato_ts/vista/motion_code-master/physics_modal_v4/enhancements/results/factorial/runs/scale-multiscale__bank-off__continuation-preserved/seed44/Electricity/h192.json,7cf22bb6565b3e9ef799c3d0de1d942723b39747f0aa6284ff6b2c9c3d3bba21,/work/11617/sujato_ts/vista/motion_code-master/physics_modal_v4/enhancements/results/central/runs/no_linear_bank/seed44/Electricity/h192.json,0.41545132080957736,multiscale,44,"{'inducing_points': 32, 'latent_dim': 16, 'patch_lens': [8, 16, 32], 'representation_weight': 0.001}",8-16-32,,True,True,96,False,0,476.5222940390231,extension,scale-multiscale__bank-off__continuation-preserved,0.0001,4
off,16,10,extension,0.1650402028135156,,/work/11617/sujato_ts/vista/motion_code-master/physics_modal_v4/enhancements/results/central/checkpoints/no_linear_bank/seed44/Electricity/h336.pt,755c6f8b11542c45,preserved,2,False,Electricity,16,710.1743209739216,latentflow-factorial-2x2x2-all28-three-seed-no-exchange-v2-selector-safe,factorial,10,latentflow_process_preserving_unfreeze2,5.0,0.001,336,,37.46398159461777,False,,0.0007,0.2811220252762682,2048,1024,LatentFlow,0.1873891973715948,0.02,4927.0,1429253,,0.28645636041457656,0.19530326467670855,False,2,-0.005334335138308388,-0.007914067305113764,,/work/11617/sujato_ts/vista/motion_code-master/physics_modal_v4/enhancements/results/factorial/runs/scale-multiscale__bank-off__continuation-preserved/seed44/Electricity/h336.json,aaf5c44ee34a4be548d1a08c0f45867ac517b0521e553bece9cffdf0c061c5fd,/work/11617/sujato_ts/vista/motion_code-master/physics_modal_v4/enhancements/results/central/runs/no_linear_bank/seed44/Electricity/h336.json,0.43288473912993836,multiscale,44,"{'inducing_points': 32, 'latent_dim': 16, 'patch_lens': [8, 16, 32], 'representation_weight': 0.001}",8-16-32,,True,True,96,False,0,475.5728611633458,extension,scale-multiscale__bank-off__continuation-preserved,0.0001,4
off,16,8,extension,0.19836985372514945,,/work/11617/sujato_ts/vista/motion_code-master/physics_modal_v4/enhancements/results/central/checkpoints/no_linear_bank/seed44/Electricity/h720.pt,4e6730c886983b76,preserved,2,False,Electricity,16,775.574909993913,latentflow-factorial-2x2x2-all28-three-seed-no-exchange-v2-selector-safe,factorial,10,latentflow_process_preserving_unfreeze2,5.0,0.001,720,,39.94331232516828,False,,0.0007,0.30743116610099297,2048,1024,LatentFlow,0.2175284141892294,0.02,4543.0,1597901,,0.31212930321212584,0.22779061840200562,False,2,-0.004698137111132872,-0.01026220421277621,,/work/11617/sujato_ts/vista/motion_code-master/physics_modal_v4/enhancements/results/factorial/runs/scale-multiscale__bank-off__continuation-preserved/seed44/Electricity/h720.json,c558f28d22e2afcbecffd56acf7af15c9521eaf18c3f114e0c8df1237a068b69,/work/11617/sujato_ts/vista/motion_code-master/physics_modal_v4/enhancements/results/central/runs/no_linear_bank/seed44/Electricity/h720.json,0.46639941486801784,multiscale,44,"{'inducing_points': 32, 'latent_dim': 16, 'patch_lens': [8, 16, 32], 'representation_weight': 0.001}",8-16-32,,True,True,96,False,0,520.5111225724977,extension,scale-multiscale__bank-off__continuation-preserved,0.0001,4
off,16,10,extension,0.13742747794554364,,/work/11617/sujato_ts/vista/motion_code-master/physics_modal_v4/enhancements/results/central/checkpoints/no_linear_bank/seed44/Electricity/h96.pt,6453e3ca3a3aa507,preserved,2,False,Electricity,16,665.9871970439563,latentflow-factorial-2x2x2-all28-three-seed-no-exchange-v2-selector-safe,factorial,10,latentflow_process_preserving_unfreeze2,5.0,0.001,96,,35.62958021512861,False,,0.0007,0.25689401268813933,2048,1024,LatentFlow,0.1599753813674295,0.02,5167.0,1329979,,0.26397629339553963,0.169436871165086,False,2,-0.007082280707400301,-0.009461489797656486,,/work/11617/sujato_ts/vista/motion_code-master/physics_modal_v4/enhancements/results/factorial/runs/scale-multiscale__bank-off__continuation-preserved/seed44/Electricity/h96.json,656c846362c9b87b0f9ba6559ca144e02cd8bcf8ee2ab37f1e9726ed3939dac4,/work/11617/sujato_ts/vista/motion_code-master/physics_modal_v4/enhancements/results/central/runs/no_linear_bank/seed44/Electricity/h96.json,0.3999692255254515,multiscale,44,"{'inducing_points': 32, 'latent_dim': 16, 'patch_lens': [8, 16, 32], 'representation_weight': 0.001}",8-16-32,,True,True,96,False,0,446.92516688364776,extension,scale-multiscale__bank-off__continuation-preserved,0.0001,4
off,16,10,extension,0.3881662759500608,,/work/11617/sujato_ts/vista/motion_code-master/physics_modal_v4/enhancements/results/central/checkpoints/no_linear_bank/seed44/Traffic/h192.pt,2ec5181cd39a1ad9,preserved,2,False,Traffic,16,1463.0446337992325,latentflow-factorial-2x2x2-all28-three-seed-no-exchange-v2-selector-safe,factorial,10,latentflow_process_preserving_unfreeze2,5.0,0.001,192,,88.35661043719487,False,,0.0007,0.29875815400913786,2048,1024,LatentFlow,0.4508500769202656,0.02,3319.0,1370734,,0.31483508115198244,0.46615323230468886,False,2,-0.016076927142844588,-0.015303155384423284,,/work/11617/sujato_ts/vista/motion_code-master/physics_modal_v4/enhancements/results/factorial/runs/scale-multiscale__bank-off__continuation-preserved/seed44/Traffic/h192.json,f7226368d39354a988332fc455a0ba40f67b02f0ed4e31a4da06bab439ec6798,/work/11617/sujato_ts/vista/motion_code-master/physics_modal_v4/enhancements/results/central/runs/no_linear_bank/seed44/Traffic/h192.json,0.671453704227079,multiscale,44,"{'inducing_points': 32, 'latent_dim': 16, 'patch_lens': [8, 16, 32], 'representation_weight': 0.001}",8-16-32,,True,True,96,False,0,974.6162270119385,extension,scale-multiscale__bank-off__continuation-preserved,0.0001,4
off,16,10,extension,0.399351109353077,,/work/11617/sujato_ts/vista/motion_code-master/physics_modal_v4/enhancements/results/central/checkpoints/no_linear_bank/seed44/Traffic/h336.pt,214858cdd14bdd97,preserved,2,False,Traffic,16,1541.4348222350236,latentflow-factorial-2x2x2-all28-three-seed-no-exchange-v2-selector-safe,factorial,10,latentflow_process_preserving_unfreeze2,5.0,0.001,336,,91.90877487017501,False,,0.0007,0.3023628180807989,2048,1024,LatentFlow,0.46439487619287945,0.02,3175.0,1430876,,0.3158521797780099,0.4781276926647945,False,2,-0.013489361697210989,-0.013732816471915044,,/work/11617/sujato_ts/vista/motion_code-master/physics_modal_v4/enhancements/results/factorial/runs/scale-multiscale__bank-off__continuation-preserved/seed44/Traffic/h336.json,81f4b3af0803fde59972163ca5dd97b165a6659b600bbd80f8526d09db4d7e73,/work/11617/sujato_ts/vista/motion_code-master/physics_modal_v4/enhancements/results/central/runs/no_linear_bank/seed44/Traffic/h336.json,0.6814652421018107,multiscale,44,"{'inducing_points': 32, 'latent_dim': 16, 'patch_lens': [8, 16, 32], 'representation_weight': 0.001}",8-16-32,,True,True,96,False,0,1028.2580968438197,extension,scale-multiscale__bank-off__continuation-preserved,0.0001,4
off,16,10,extension,0.4411256686410021,,/work/11617/sujato_ts/vista/motion_code-master/physics_modal_v4/enhancements/results/central/checkpoints/no_linear_bank/seed44/Traffic/h720.pt,53291c407b018b1a,preserved,2,False,Traffic,16,1676.2619798984379,latentflow-factorial-2x2x2-all28-three-seed-no-exchange-v2-selector-safe,factorial,10,latentflow_process_preserving_unfreeze2,5.0,0.001,720,,98.63790695758901,False,,0.0007,0.3158687473900336,2048,1024,LatentFlow,0.48847985131522215,0.02,2791.0,1599524,,0.3334471660184644,0.5060832948217528,False,2,-0.017578418628430792,-0.017603443506530703,,/work/11617/sujato_ts/vista/motion_code-master/physics_modal_v4/enhancements/results/factorial/runs/scale-multiscale__bank-off__continuation-preserved/seed44/Traffic/h720.json,094bfc3334cf6164301b9899d2f449999cb4a4f9908ffa412a9825d371001e79,/work/11617/sujato_ts/vista/motion_code-master/physics_modal_v4/enhancements/results/central/runs/no_linear_bank/seed44/Traffic/h720.json,0.6989133360547802,multiscale,44,"{'inducing_points': 32, 'latent_dim': 16, 'patch_lens': [8, 16, 32], 'representation_weight': 0.001}",8-16-32,,True,True,96,False,0,1112.4050938917208,extension,scale-multiscale__bank-off__continuation-preserved,0.0001,4
off,16,10,extension,0.39580005209112207,,/work/11617/sujato_ts/vista/motion_code-master/physics_modal_v4/enhancements/results/central/checkpoints/no_linear_bank/seed44/Traffic/h96.pt,3893bba960154b2d,preserved,2,False,Traffic,16,1459.3139010849409,latentflow-factorial-2x2x2-all28-three-seed-no-exchange-v2-selector-safe,factorial,10,latentflow_process_preserving_unfreeze2,5.0,0.001,96,,85.85179435414975,False,,0.0007,0.2981914173224832,2048,1024,LatentFlow,0.4372668125965329,0.02,3415.0,1331602,,0.3128044577230275,0.4554747259396189,False,2,-0.014613040400544286,-0.018207913343086024,,/work/11617/sujato_ts/vista/motion_code-master/physics_modal_v4/enhancements/results/factorial/runs/scale-multiscale__bank-off__continuation-preserved/seed44/Traffic/h96.json,e150bcf7f7bf59c34803981d78496c9e30b461171b3c8f7a511645902fa4d153,/work/11617/sujato_ts/vista/motion_code-master/physics_modal_v4/enhancements/results/central/runs/no_linear_bank/seed44/Traffic/h96.json,0.6612615311633763,multiscale,44,"{'inducing_points': 32, 'latent_dim': 16, 'patch_lens': [8, 16, 32], 'representation_weight': 0.001}",8-16-32,,True,True,96,False,0,975.0247040770773,extension,scale-multiscale__bank-off__continuation-preserved,0.0001,4
off,16,2,extension,0.47485154015677317,,/work/11617/sujato_ts/vista/motion_code-master/physics_modal_v4/enhancements/results/central/checkpoints/no_linear_bank/seed44/Weather/h192.pt,2f95f6cd3b9c6f4b,preserved,2,False,Weather,16,243.92594875767827,latentflow-factorial-2x2x2-all28-three-seed-no-exchange-v2-selector-safe,factorial,10,latentflow_process_preserving_unfreeze2,5.0,0.001,192,,41.3683623485195,False,,0.0007,0.25619437767477116,2048,1024,LatentFlow,0.21569624491377723,0.02,10349.0,1371328,,0.25600652850028366,0.2160990817181746,False,2,0.00018784917448749772,-0.0004028368043973718,,/work/11617/sujato_ts/vista/motion_code-master/physics_modal_v4/enhancements/results/factorial/runs/scale-multiscale__bank-off__continuation-preserved/seed44/Weather/h192.json,1b02cfab25de25f99a9a7a48ca7c2ed88910924cbfc01dec20481dbc22e888c6,/work/11617/sujato_ts/vista/motion_code-master/physics_modal_v4/enhancements/results/central/runs/no_linear_bank/seed44/Weather/h192.json,0.4644310981338106,multiscale,44,"{'inducing_points': 32, 'latent_dim': 16, 'patch_lens': [8, 16, 32], 'representation_weight': 0.001}",8-16-32,,True,True,96,False,0,154.07604675274342,extension,scale-multiscale__bank-off__continuation-preserved,0.0001,4
off,16,1,extension,0.566565009201465,,/work/11617/sujato_ts/vista/motion_code-master/physics_modal_v4/enhancements/results/central/checkpoints/no_linear_bank/seed44/Weather/h336.pt,3c544d0b16f69cf3,preserved,2,False,Weather,16,255.09805159643292,latentflow-factorial-2x2x2-all28-three-seed-no-exchange-v2-selector-safe,factorial,10,latentflow_process_preserving_unfreeze2,5.0,0.001,336,,38.514380636127115,False,,0.0007,0.2985649695525884,2048,1024,LatentFlow,0.2728898392607122,0.02,10205.0,1431470,,0.2986012274655915,0.2726677327447648,False,2,-3.625791300310155e-05,0.0002221065159473956,,/work/11617/sujato_ts/vista/motion_code-master/physics_modal_v4/enhancements/results/factorial/runs/scale-multiscale__bank-off__continuation-preserved/seed44/Weather/h336.json,845572206058f99f4e7a8c10690f49e542ee6119a7d9465bf555e8c5aa870741,/work/11617/sujato_ts/vista/motion_code-master/physics_modal_v4/enhancements/results/central/runs/no_linear_bank/seed44/Weather/h336.json,0.5223885902857299,multiscale,44,"{'inducing_points': 32, 'latent_dim': 16, 'patch_lens': [8, 16, 32], 'representation_weight': 0.001}",8-16-32,,True,True,96,False,0,160.85195724008372,extension,scale-multiscale__bank-off__continuation-preserved,0.0001,4
off,16,5,extension,0.6811891480097695,,/work/11617/sujato_ts/vista/motion_code-master/physics_modal_v4/enhancements/results/central/checkpoints/no_linear_bank/seed44/Weather/h720.pt,a0c186aec7cc0397,preserved,2,False,Weather,16,238.5712635689415,latentflow-factorial-2x2x2-all28-three-seed-no-exchange-v2-selector-safe,factorial,10,latentflow_process_preserving_unfreeze2,5.0,0.001,720,,42.48823764965279,False,,0.0007,0.3476768525930458,2048,1024,LatentFlow,0.34668995590104285,0.02,9821.0,1600118,,0.34864226666885867,0.3491307055041232,False,2,-0.0009654140758128538,-0.0024407496030803277,,/work/11617/sujato_ts/vista/motion_code-master/physics_modal_v4/enhancements/results/factorial/runs/scale-multiscale__bank-off__continuation-preserved/seed44/Weather/h720.json,333c00740669a2ba6fbb664a0f234187a27086b21e8cb61c8d1b6bb2cfee3d0f,/work/11617/sujato_ts/vista/motion_code-master/physics_modal_v4/enhancements/results/central/runs/no_linear_bank/seed44/Weather/h720.json,0.5888038348219573,multiscale,44,"{'inducing_points': 32, 'latent_dim': 16, 'patch_lens': [8, 16, 32], 'representation_weight': 0.001}",8-16-32,,True,True,96,False,0,151.04259976160392,extension,scale-multiscale__bank-off__continuation-preserved,0.0001,4
off,16,6,extension,0.43083097584663876,,/work/11617/sujato_ts/vista/motion_code-master/physics_modal_v4/enhancements/results/central/checkpoints/no_linear_bank/seed44/Weather/h96.pt,e80acc4fbe7859cf,preserved,2,False,Weather,16,236.1141819159966,latentflow-factorial-2x2x2-all28-three-seed-no-exchange-v2-selector-safe,factorial,10,latentflow_process_preserving_unfreeze2,5.0,0.001,96,,38.378599412222826,False,,0.0007,0.21179280654146762,2048,1024,LatentFlow,0.16398285155761652,0.02,10445.0,1332196,,0.21428261206990942,0.16649674856291463,False,2,-0.002489805528441802,-0.0025138970052981102,,/work/11617/sujato_ts/vista/motion_code-master/physics_modal_v4/enhancements/results/factorial/runs/scale-multiscale__bank-off__continuation-preserved/seed44/Weather/h96.json,984d054d318809eefbbf0166fff7900f3774ef509ab8dd9e3878b2cb5f735242,/work/11617/sujato_ts/vista/motion_code-master/physics_modal_v4/enhancements/results/central/runs/no_linear_bank/seed44/Weather/h96.json,0.40494796154273516,multiscale,44,"{'inducing_points': 32, 'latent_dim': 16, 'patch_lens': [8, 16, 32], 'representation_weight': 0.001}",8-16-32,,True,True,96,False,0,148.92260359301872,extension,scale-multiscale__bank-off__continuation-preserved,0.0001,4
on,16,2,extension,1.01528117309014,,/work/11617/sujato_ts/vista/motion_code-master/physics_modal_v4/enhancements/results/central/checkpoints/early_fusion/seed42/ETTh1/h192.pt,7114eb44ef88e138,early,2,False,ETTh1,16,139.06562549993396,latentflow-factorial-2x2x2-all28-three-seed-no-exchange-v2-selector-safe,factorial,10,latentflow_process_preserving_unfreeze2,5.0,0.001,192,,26.83365097392105,False,,0.0007,0.43659133121090765,2048,1024,LatentFlow,0.44443473521383264,0.02,2689.0,1535526,,0.4359484592005332,0.4454155189162745,False,2,0.0006428720103744401,-0.0009807837024418675,,/work/11617/sujato_ts/vista/motion_code-master/physics_modal_v4/enhancements/results/factorial/runs/scale-multiscale__bank-on__continuation-early/seed42/ETTh1/h192.json,4a31883f54302b6a34b38945364f6bc48f13ce2b653ddd98377ea14a0c40368b,/work/11617/sujato_ts/vista/motion_code-master/physics_modal_v4/enhancements/results/central/runs/early_fusion/seed42/ETTh1/h192.json,0.6666593847039376,multiscale,42,"{'inducing_points': 32, 'latent_dim': 16, 'patch_lens': [16, 32, 48], 'representation_weight': 0.05}",16-32-48,,True,True,96,False,0,103.69468307253555,extension,scale-multiscale__bank-on__continuation-early,0.0001,4
on,16,0,reference,1.2844313245241334,,/work/11617/sujato_ts/vista/motion_code-master/physics_modal_v4/enhancements/results/central/checkpoints/early_fusion/seed42/ETTh1/h336.pt,0450f7b93a488e76,early,2,False,ETTh1,16,137.89211094379425,latentflow-factorial-2x2x2-all28-three-seed-no-exchange-v2-selector-safe,factorial,10,latentflow_process_preserving_unfreeze2,5.0,0.001,336,,8.573439032284401,True,,0.0007,0.45415585197978037,2048,1024,LatentFlow,0.4817180077371921,0.02,2545.0,1676686,,0.45415585197978037,0.4817180077371921,False,2,0.0,0.0,,/work/11617/sujato_ts/vista/motion_code-master/physics_modal_v4/enhancements/results/factorial/runs/scale-multiscale__bank-on__continuation-early/seed42/ETTh1/h336.json,db1858f0ec9336bdfbf602489179a69c80004bd53dab992a2422d32614c0722c,/work/11617/sujato_ts/vista/motion_code-master/physics_modal_v4/enhancements/results/central/runs/early_fusion/seed42/ETTh1/h336.json,0.6940590808693393,multiscale,42,"{'inducing_points': 32, 'latent_dim': 16, 'patch_lens': [16, 32, 48], 'representation_weight': 0.05}",16-32-48,,True,True,96,False,0,102.8226685772097,reference,scale-multiscale__bank-on__continuation-early,0.0001,4
on,16,1,extension,1.5587898814488972,,/work/11617/sujato_ts/vista/motion_code-master/physics_modal_v4/enhancements/results/central/checkpoints/early_fusion/seed42/ETTh1/h720.pt,88a4f5be43a45f70,early,2,False,ETTh1,16,135.75909433467314,latentflow-factorial-2x2x2-all28-three-seed-no-exchange-v2-selector-safe,factorial,10,latentflow_process_preserving_unfreeze2,5.0,0.001,720,,30.697830757230463,False,,0.0007,0.4753155116962481,2048,1024,LatentFlow,0.48018551187044595,0.02,2161.0,2055222,,0.4786009474572534,0.49215886750318655,False,2,-0.0032854357610053175,-0.011973355632740601,,/work/11617/sujato_ts/vista/motion_code-master/physics_modal_v4/enhancements/results/factorial/runs/scale-multiscale__bank-on__continuation-early/seed42/ETTh1/h720.json,0e1fe3a3808b17023e47f2f6bc50c298cd53eb2a5cbd9e7080c5f92639405daa,/work/11617/sujato_ts/vista/motion_code-master/physics_modal_v4/enhancements/results/central/runs/early_fusion/seed42/ETTh1/h720.json,0.6929541917547263,multiscale,42,"{'inducing_points': 32, 'latent_dim': 16, 'patch_lens': [16, 32, 48], 'representation_weight': 0.05}",16-32-48,,True,True,96,False,0,101.43807456734066,extension,scale-multiscale__bank-on__continuation-early,0.0001,4
on,16,0,reference,0.7638911305084115,,/work/11617/sujato_ts/vista/motion_code-master/physics_modal_v4/enhancements/results/central/checkpoints/early_fusion/seed42/ETTh1/h96.pt,72c3f368e2d36b47,early,2,False,ETTh1,16,132.95482245704625,latentflow-factorial-2x2x2-all28-three-seed-no-exchange-v2-selector-safe,factorial,10,latentflow_process_preserving_unfreeze2,5.0,0.001,96,,8.019535581586679,True,,0.0007,0.4114095289177025,2048,1024,LatentFlow,0.4032240676423306,0.02,2785.0,1441682,,0.4114095289177025,0.4032240676423306,False,2,0.0,0.0,,/work/11617/sujato_ts/vista/motion_code-master/physics_modal_v4/enhancements/results/factorial/runs/scale-multiscale__bank-on__continuation-early/seed42/ETTh1/h96.json,e92ddc76624abc15688256a4bb0eedb3fb87ae904253da533d21048345c04e9c,/work/11617/sujato_ts/vista/motion_code-master/physics_modal_v4/enhancements/results/central/runs/early_fusion/seed42/ETTh1/h96.json,0.6349992658596785,multiscale,42,"{'inducing_points': 32, 'latent_dim': 16, 'patch_lens': [16, 32, 48], 'representation_weight': 0.05}",16-32-48,,True,True,96,False,0,98.9067408898336,reference,scale-multiscale__bank-on__continuation-early,0.0001,4
on,16,0,reference,0.2718099478987001,,/work/11617/sujato_ts/vista/motion_code-master/physics_modal_v4/enhancements/results/central/checkpoints/early_fusion/seed42/ETTh2/h192.pt,6c2ac767cedfb072,early,2,False,ETTh2,16,124.3465985096991,latentflow-factorial-2x2x2-all28-three-seed-no-exchange-v2-selector-safe,factorial,10,latentflow_process_preserving_unfreeze2,5.0,0.001,192,,7.499587895002907,True,,0.0007,0.3902497946414888,2048,1024,LatentFlow,0.36935875294162884,0.02,2689.0,1505278,,0.3902497946414888,0.36935875294162884,False,2,0.0,0.0,,/work/11617/sujato_ts/vista/motion_code-master/physics_modal_v4/enhancements/results/factorial/runs/scale-multiscale__bank-on__continuation-early/seed42/ETTh2/h192.json,aab01d4d6928381c047f6d9de2d12c0bf4d7ab9d40d0d6e23236022c00786353,/work/11617/sujato_ts/vista/motion_code-master/physics_modal_v4/enhancements/results/central/runs/early_fusion/seed42/ETTh2/h192.json,0.6077489226165924,multiscale,42,"{'inducing_points': 32, 'latent_dim': 8, 'patch_lens': [16, 32, 48], 'representation_weight': 0.001}",16-32-48,,True,True,96,False,0,92.66338037705282,reference,scale-multiscale__bank-on__continuation-early,0.0001,4
on,16,0,reference,0.3575856243672014,,/work/11617/sujato_ts/vista/motion_code-master/physics_modal_v4/enhancements/results/central/checkpoints/early_fusion/seed42/ETTh2/h336.pt,9d3f99f1064c7032,early,2,False,ETTh2,16,137.98650584369898,latentflow-factorial-2x2x2-all28-three-seed-no-exchange-v2-selector-safe,factorial,10,latentflow_process_preserving_unfreeze2,5.0,0.001,336,,7.886197359030005,True,,0.0007,0.42654472275517485,2048,1024,LatentFlow,0.41643647069421075,0.02,2545.0,1646438,,0.42654472275517485,0.41643647069421075,False,2,0.0,0.0,,/work/11617/sujato_ts/vista/motion_code-master/physics_modal_v4/enhancements/results/factorial/runs/scale-multiscale__bank-on__continuation-early/seed42/ETTh2/h336.json,a87c9a58d78f7da6f4a13c539f2a031ab427bd3aa827d25a2388ca546911b1b8,/work/11617/sujato_ts/vista/motion_code-master/physics_modal_v4/enhancements/results/central/runs/early_fusion/seed42/ETTh2/h336.json,0.6453188906999475,multiscale,42,"{'inducing_points': 32, 'latent_dim': 8, 'patch_lens': [16, 32, 48], 'representation_weight': 0.001}",16-32-48,,True,True,96,False,0,102.95657257083803,reference,scale-multiscale__bank-on__continuation-early,0.0001,4
on,16,0,reference,0.6150716898933289,,/work/11617/sujato_ts/vista/motion_code-master/physics_modal_v4/enhancements/results/central/checkpoints/early_fusion/seed42/ETTh2/h720.pt,a391a2f826a9a236,early,2,False,ETTh2,16,138.48688999190927,latentflow-factorial-2x2x2-all28-three-seed-no-exchange-v2-selector-safe,factorial,10,latentflow_process_preserving_unfreeze2,5.0,0.001,720,,7.977762554925102,True,,0.0007,0.43879702215362193,2048,1024,LatentFlow,0.4136213828137338,0.02,2161.0,2024974,,0.43879702215362193,0.4136213828137338,False,2,0.0,0.0,,/work/11617/sujato_ts/vista/motion_code-master/physics_modal_v4/enhancements/results/factorial/runs/scale-multiscale__bank-on__continuation-early/seed42/ETTh2/h720.json,807ec8f02aaf7cc7c865d734787524abf2b4a4882b88fdc53b4ddcdec9c48d6c,/work/11617/sujato_ts/vista/motion_code-master/physics_modal_v4/enhancements/results/central/runs/early_fusion/seed42/ETTh2/h720.json,0.6431340317645566,multiscale,42,"{'inducing_points': 32, 'latent_dim': 8, 'patch_lens': [16, 32, 48], 'representation_weight': 0.001}",16-32-48,,True,True,96,False,0,103.33062952377077,reference,scale-multiscale__bank-on__continuation-early,0.0001,4
on,16,0,reference,0.21927327236958913,,/work/11617/sujato_ts/vista/motion_code-master/physics_modal_v4/enhancements/results/central/checkpoints/early_fusion/seed42/ETTh2/h96.pt,bdf5bffcee41f4f8,early,2,False,ETTh2,16,133.7054725449998,latentflow-factorial-2x2x2-all28-three-seed-no-exchange-v2-selector-safe,factorial,10,latentflow_process_preserving_unfreeze2,5.0,0.001,96,,7.545407107799728,True,,0.0007,0.34268046750302417,2048,1024,LatentFlow,0.2934846773242975,0.02,2785.0,1411434,,0.34268046750302417,0.2934846773242975,False,2,0.0,0.0,,/work/11617/sujato_ts/vista/motion_code-master/physics_modal_v4/enhancements/results/factorial/runs/scale-multiscale__bank-on__continuation-early/seed42/ETTh2/h96.json,2c9899468d094bef3f098304f5e3ead0818b1de207ca6759325672eb500a9692,/work/11617/sujato_ts/vista/motion_code-master/physics_modal_v4/enhancements/results/central/runs/early_fusion/seed42/ETTh2/h96.json,0.5417422609731471,multiscale,42,"{'inducing_points': 32, 'latent_dim': 8, 'patch_lens': [16, 32, 48], 'representation_weight': 0.001}",16-32-48,,True,True,96,False,0,99.66435648439074,reference,scale-multiscale__bank-on__continuation-early,0.0001,4
on,16,1,extension,0.5081209504001197,,/work/11617/sujato_ts/vista/motion_code-master/physics_modal_v4/enhancements/results/central/checkpoints/early_fusion/seed42/ETTm1/h192.pt,7d10b0d5b3070bf2,early,2,False,ETTm1,16,146.7556451074779,latentflow-factorial-2x2x2-all28-three-seed-no-exchange-v2-selector-safe,factorial,10,latentflow_process_preserving_unfreeze2,5.0,0.001,192,,28.412991175704665,False,,0.0007,0.3974948110709881,2048,1024,LatentFlow,0.38126174485502706,0.02,11329.0,1493398,,0.399763873331066,0.38498163545956293,False,2,-0.002269062260077892,-0.0037198906045358693,,/work/11617/sujato_ts/vista/motion_code-master/physics_modal_v4/enhancements/results/factorial/runs/scale-multiscale__bank-on__continuation-early/seed42/ETTm1/h192.json,e15ab740085e8d3eeb4f6549ba298b2d3136250029baadd4f7471cdff07d4040,/work/11617/sujato_ts/vista/motion_code-master/physics_modal_v4/enhancements/results/central/runs/early_fusion/seed42/ETTm1/h192.json,0.6174639623937798,multiscale,42,"{'inducing_points': 32, 'latent_dim': 8, 'patch_lens': [8, 24, 48], 'representation_weight': 0.01}",8-24-48,,True,True,96,False,0,105.81532658543438,extension,scale-multiscale__bank-on__continuation-early,0.0001,4
on,16,4,extension,0.6516235282226485,,/work/11617/sujato_ts/vista/motion_code-master/physics_modal_v4/enhancements/results/central/checkpoints/early_fusion/seed42/ETTm1/h336.pt,7ab4cd5d5cfb4e10,early,2,False,ETTm1,16,145.3279213591013,latentflow-factorial-2x2x2-all28-three-seed-no-exchange-v2-selector-safe,factorial,10,latentflow_process_preserving_unfreeze2,5.0,0.001,336,,29.059027426543892,False,,0.0007,0.428001585542048,2048,1024,LatentFlow,0.43327778246258614,0.02,11185.0,1636816,,0.4212892901389582,0.4229558263398904,False,2,0.006712295403089763,0.010321956122695763,,/work/11617/sujato_ts/vista/motion_code-master/physics_modal_v4/enhancements/results/factorial/runs/scale-multiscale__bank-on__continuation-early/seed42/ETTm1/h336.json,e51550c671338036a72a3a3c86db211413968bf03bc401f4fdfc49152fdc14d1,/work/11617/sujato_ts/vista/motion_code-master/physics_modal_v4/enhancements/results/central/runs/early_fusion/seed42/ETTm1/h336.json,0.6582383933367805,multiscale,42,"{'inducing_points': 32, 'latent_dim': 8, 'patch_lens': [8, 24, 48], 'representation_weight': 0.01}",8-24-48,,True,True,96,False,0,105.04933235461067,extension,scale-multiscale__bank-on__continuation-early,0.0001,4
on,16,2,extension,0.9845353054621863,,/work/11617/sujato_ts/vista/motion_code-master/physics_modal_v4/enhancements/results/central/checkpoints/early_fusion/seed42/ETTm1/h720.pt,61a05d325392ec48,early,2,False,ETTm1,16,143.5899558905512,latentflow-factorial-2x2x2-all28-three-seed-no-exchange-v2-selector-safe,factorial,10,latentflow_process_preserving_unfreeze2,5.0,0.001,720,,28.94771458889919,False,,0.0007,0.4782782794327774,2048,1024,LatentFlow,0.5133889158423314,0.02,10801.0,2026480,,0.479489364208168,0.5139667242193918,False,2,-0.001211084775390614,-0.0005778083770604514,,/work/11617/sujato_ts/vista/motion_code-master/physics_modal_v4/enhancements/results/factorial/runs/scale-multiscale__bank-on__continuation-early/seed42/ETTm1/h720.json,e713379029a2cc5b633e8afd5f1e775d909fd9eb096345f0bf645bc76cd32659,/work/11617/sujato_ts/vista/motion_code-master/physics_modal_v4/enhancements/results/central/runs/early_fusion/seed42/ETTm1/h720.json,0.7165116299421325,multiscale,42,"{'inducing_points': 32, 'latent_dim': 8, 'patch_lens': [8, 24, 48], 'representation_weight': 0.01}",8-24-48,,True,True,96,False,0,103.79029447358334,extension,scale-multiscale__bank-on__continuation-early,0.0001,4
on,16,0,reference,0.39560971763871966,,/work/11617/sujato_ts/vista/motion_code-master/physics_modal_v4/enhancements/results/central/checkpoints/early_fusion/seed42/ETTm1/h96.pt,804f56c32c29f535,early,2,False,ETTm1,16,137.57599274301901,latentflow-factorial-2x2x2-all28-three-seed-no-exchange-v2-selector-safe,factorial,10,latentflow_process_preserving_unfreeze2,5.0,0.001,96,,7.287491321939907,True,,0.0007,0.3788299991861661,2048,1024,LatentFlow,0.34608704034718446,0.02,11425.0,1398606,,0.3788299991861661,0.34608704034718446,False,2,0.0,0.0,,/work/11617/sujato_ts/vista/motion_code-master/physics_modal_v4/enhancements/results/factorial/runs/scale-multiscale__bank-on__continuation-early/seed42/ETTm1/h96.json,81773f0ac944592163d306ad35590bda01943c7273db029813d1645d8e3e7af2,/work/11617/sujato_ts/vista/motion_code-master/physics_modal_v4/enhancements/results/central/runs/early_fusion/seed42/ETTm1/h96.json,0.5882916286563871,multiscale,42,"{'inducing_points': 32, 'latent_dim': 8, 'patch_lens': [8, 24, 48], 'representation_weight': 0.01}",8-24-48,,True,True,96,False,0,99.10370050947677,reference,scale-multiscale__bank-on__continuation-early,0.0001,4
on,16,2,extension,0.16821035450058325,,/work/11617/sujato_ts/vista/motion_code-master/physics_modal_v4/enhancements/results/central/checkpoints/early_fusion/seed42/ETTm2/h192.pt,c45962178470fa31,early,2,False,ETTm2,16,135.6735799089074,latentflow-factorial-2x2x2-all28-three-seed-no-exchange-v2-selector-safe,factorial,10,latentflow_process_preserving_unfreeze2,5.0,0.001,192,,31.3002100218314,False,,0.0007,0.29984818709297045,2048,1024,LatentFlow,0.24014603967829654,0.02,11329.0,1468534,,0.3007856170117437,0.24118935215299755,False,2,-0.0009374299187732693,-0.0010433124747010192,,/work/11617/sujato_ts/vista/motion_code-master/physics_modal_v4/enhancements/results/factorial/runs/scale-multiscale__bank-on__continuation-early/seed42/ETTm2/h192.json,3a9f6397c76d71ff319479cf076fd043e0b2b5f78603ecb18b8909ff4cf3ba17,/work/11617/sujato_ts/vista/motion_code-master/physics_modal_v4/enhancements/results/central/runs/early_fusion/seed42/ETTm2/h192.json,0.4900469770116907,multiscale,42,"{'inducing_points': 16, 'latent_dim': 8, 'patch_lens': [8, 16, 32], 'representation_weight': 0.001}",8-16-32,,True,True,96,False,0,98.09019625627116,extension,scale-multiscale__bank-on__continuation-early,0.0001,4
on,16,0,reference,0.21736542302734999,,/work/11617/sujato_ts/vista/motion_code-master/physics_modal_v4/enhancements/results/central/checkpoints/early_fusion/seed42/ETTm2/h336.pt,ca2f86793995f079,early,2,False,ETTm2,16,140.89439762104303,latentflow-factorial-2x2x2-all28-three-seed-no-exchange-v2-selector-safe,factorial,10,latentflow_process_preserving_unfreeze2,5.0,0.001,336,,7.71786968499278,True,,0.0007,0.34600727935710557,2048,1024,LatentFlow,0.3080357600960941,0.02,11185.0,1612484,,0.34600727935710557,0.3080357600960941,False,2,0.0,0.0,,/work/11617/sujato_ts/vista/motion_code-master/physics_modal_v4/enhancements/results/factorial/runs/scale-multiscale__bank-on__continuation-early/seed42/ETTm2/h336.json,337e7bda57ca41a2d1aa0dc8587a9777e62c26cc2ecb4dd19e455efd6eb41892,/work/11617/sujato_ts/vista/motion_code-master/physics_modal_v4/enhancements/results/central/runs/early_fusion/seed42/ETTm2/h336.json,0.5550096936956094,multiscale,42,"{'inducing_points': 16, 'latent_dim': 8, 'patch_lens': [8, 16, 32], 'representation_weight': 0.001}",8-16-32,,True,True,96,False,0,101.66290291481346,reference,scale-multiscale__bank-on__continuation-early,0.0001,4
on,16,0,reference,0.3068215714560615,,/work/11617/sujato_ts/vista/motion_code-master/physics_modal_v4/enhancements/results/central/checkpoints/early_fusion/seed42/ETTm2/h720.pt,1e4693e4013b5099,early,2,False,ETTm2,16,145.4676055959426,latentflow-factorial-2x2x2-all28-three-seed-no-exchange-v2-selector-safe,factorial,10,latentflow_process_preserving_unfreeze2,5.0,0.001,720,,7.8734794012561045,True,,0.0007,0.4080426387217376,2048,1024,LatentFlow,0.4151268912819473,0.02,10801.0,2004620,,0.4080426387217376,0.4151268912819473,False,2,0.0,0.0,,/work/11617/sujato_ts/vista/motion_code-master/physics_modal_v4/enhancements/results/factorial/runs/scale-multiscale__bank-on__continuation-early/seed42/ETTm2/h720.json,46d4de31d605ccd9793e9f99dda42505a68d1b1b61aaa24d792c2e1508a1ca2d,/work/11617/sujato_ts/vista/motion_code-master/physics_modal_v4/enhancements/results/central/runs/early_fusion/seed42/ETTm2/h720.json,0.6443034155442195,multiscale,42,"{'inducing_points': 16, 'latent_dim': 8, 'patch_lens': [8, 16, 32], 'representation_weight': 0.001}",8-16-32,,True,True,96,False,0,105.3109262662474,reference,scale-multiscale__bank-on__continuation-early,0.0001,4
on,16,3,extension,0.1287894578916686,,/work/11617/sujato_ts/vista/motion_code-master/physics_modal_v4/enhancements/results/central/checkpoints/early_fusion/seed42/ETTm2/h96.pt,b7e2d088575319e9,early,2,False,ETTm2,16,144.47042790800333,latentflow-factorial-2x2x2-all28-three-seed-no-exchange-v2-selector-safe,factorial,10,latentflow_process_preserving_unfreeze2,5.0,0.001,96,,27.84756852933016,False,,0.0007,0.25744357159054004,2048,1024,LatentFlow,0.1726327552489344,0.02,11425.0,1373530,,0.25868614344245583,0.17370339504912508,False,2,-0.0012425718519157858,-0.0010706398001906758,,/work/11617/sujato_ts/vista/motion_code-master/physics_modal_v4/enhancements/results/factorial/runs/scale-multiscale__bank-on__continuation-early/seed42/ETTm2/h96.json,309abab029c356d97f3fdfd8b8d8ecf31a560e2d74d3523dfa8c35e47c6d9c2c,/work/11617/sujato_ts/vista/motion_code-master/physics_modal_v4/enhancements/results/central/runs/early_fusion/seed42/ETTm2/h96.json,0.41549098094776304,multiscale,42,"{'inducing_points': 16, 'latent_dim': 8, 'patch_lens': [8, 16, 32], 'representation_weight': 0.001}",8-16-32,,True,True,96,False,0,103.93230629852042,extension,scale-multiscale__bank-on__continuation-early,0.0001,4
on,16,10,extension,0.14375060651285007,,/work/11617/sujato_ts/vista/motion_code-master/physics_modal_v4/enhancements/results/central/checkpoints/early_fusion/seed42/Electricity/h192.pt,a272bf8153bc5ab2,early,2,False,Electricity,16,654.6276087015867,latentflow-factorial-2x2x2-all28-three-seed-no-exchange-v2-selector-safe,factorial,10,latentflow_process_preserving_unfreeze2,5.0,0.001,192,,39.32055534050457,False,,0.0007,0.3301638030774792,2048,1024,LatentFlow,0.22461124634143798,0.02,5071.0,1482127,,0.26660545980262707,0.17576380106547018,False,2,0.06355834327485216,0.048847445275967794,,/work/11617/sujato_ts/vista/motion_code-master/physics_modal_v4/enhancements/results/factorial/runs/scale-multiscale__bank-on__continuation-early/seed42/Electricity/h192.json,c3c3d24af35fe9835ec347d1c21ca918a8d7acec0df30f6fbbdc8984858c6eb9,/work/11617/sujato_ts/vista/motion_code-master/physics_modal_v4/enhancements/results/central/runs/early_fusion/seed42/Electricity/h192.json,0.47393168953071496,multiscale,42,"{'inducing_points': 32, 'latent_dim': 16, 'patch_lens': [8, 16, 32], 'representation_weight': 0.001}",8-16-32,,True,True,96,False,0,488.5646989030647,extension,scale-multiscale__bank-on__continuation-early,0.0001,4
on,16,10,extension,0.16076926052561502,,/work/11617/sujato_ts/vista/motion_code-master/physics_modal_v4/enhancements/results/central/checkpoints/early_fusion/seed42/Electricity/h336.pt,ce27f95286982c19,early,2,False,Electricity,16,695.0506210206077,latentflow-factorial-2x2x2-all28-three-seed-no-exchange-v2-selector-safe,factorial,10,latentflow_process_preserving_unfreeze2,5.0,0.001,336,,38.492055367526966,False,,0.0007,0.3299350338179757,2048,1024,LatentFlow,0.2229526166063077,0.02,4927.0,1626077,,0.2852614630619167,0.19472323194298286,False,2,0.04467357075605899,0.028229384663324836,,/work/11617/sujato_ts/vista/motion_code-master/physics_modal_v4/enhancements/results/factorial/runs/scale-multiscale__bank-on__continuation-early/seed42/Electricity/h336.json,fd98ea61fc13375ef5698108340ffbfaab0fb887fed7964d1664031b0f50413c,/work/11617/sujato_ts/vista/motion_code-master/physics_modal_v4/enhancements/results/central/runs/early_fusion/seed42/Electricity/h336.json,0.47217858550161684,multiscale,42,"{'inducing_points': 32, 'latent_dim': 16, 'patch_lens': [8, 16, 32], 'representation_weight': 0.001}",8-16-32,,True,True,96,False,0,519.4003468641313,extension,scale-multiscale__bank-on__continuation-early,0.0001,4
on,16,10,extension,0.19375041550358674,,/work/11617/sujato_ts/vista/motion_code-master/physics_modal_v4/enhancements/results/central/checkpoints/early_fusion/seed42/Electricity/h720.pt,7c59b62510887481,early,2,False,Electricity,16,692.3869653567672,latentflow-factorial-2x2x2-all28-three-seed-no-exchange-v2-selector-safe,factorial,10,latentflow_process_preserving_unfreeze2,5.0,0.001,720,,43.31769595642096,False,,0.0007,0.35228178049674863,2048,1024,LatentFlow,0.2552536939048094,0.02,4543.0,2018213,,0.3171761386624937,0.23362635671988644,False,2,0.03510564183425491,0.021627337184922962,,/work/11617/sujato_ts/vista/motion_code-master/physics_modal_v4/enhancements/results/factorial/runs/scale-multiscale__bank-on__continuation-early/seed42/Electricity/h720.json,70774456999640be5165f66750db64bfee6da1cf4f61859fa417a29030301e61,/work/11617/sujato_ts/vista/motion_code-master/physics_modal_v4/enhancements/results/central/runs/early_fusion/seed42/Electricity/h720.json,0.5052263788687299,multiscale,42,"{'inducing_points': 32, 'latent_dim': 16, 'patch_lens': [8, 16, 32], 'representation_weight': 0.001}",8-16-32,,True,True,96,False,0,519.0104188695841,extension,scale-multiscale__bank-on__continuation-early,0.0001,4
on,16,10,extension,0.13207347550248555,,/work/11617/sujato_ts/vista/motion_code-master/physics_modal_v4/enhancements/results/central/checkpoints/early_fusion/seed42/Electricity/h96.pt,29472a2379fcfe90,early,2,False,Electricity,16,666.5679191939998,latentflow-factorial-2x2x2-all28-three-seed-no-exchange-v2-selector-safe,factorial,10,latentflow_process_preserving_unfreeze2,5.0,0.001,96,,39.68965342022883,False,,0.0007,0.28293833657716044,2048,1024,LatentFlow,0.17867634244645098,0.02,5167.0,1387123,,0.25528010939529894,0.1629560981359871,False,2,0.027658227181861506,0.01572024431046387,,/work/11617/sujato_ts/vista/motion_code-master/physics_modal_v4/enhancements/results/factorial/runs/scale-multiscale__bank-on__continuation-early/seed42/Electricity/h96.json,f8c6829379b7043963ffd6e78ca377928bba7a50552e17c37539eb73e9e38dab,/work/11617/sujato_ts/vista/motion_code-master/physics_modal_v4/enhancements/results/central/runs/early_fusion/seed42/Electricity/h96.json,0.42270124490761907,multiscale,42,"{'inducing_points': 32, 'latent_dim': 16, 'patch_lens': [8, 16, 32], 'representation_weight': 0.001}",8-16-32,,True,True,96,False,0,496.0651515180871,extension,scale-multiscale__bank-on__continuation-early,0.0001,4
on,16,10,extension,0.386265347470448,,/work/11617/sujato_ts/vista/motion_code-master/physics_modal_v4/enhancements/results/central/checkpoints/early_fusion/seed42/Traffic/h192.pt,49da2177fd87fdca,early,2,False,Traffic,16,1296.7792125158012,latentflow-factorial-2x2x2-all28-three-seed-no-exchange-v2-selector-safe,factorial,10,latentflow_process_preserving_unfreeze2,5.0,0.001,192,,87.31161524960096,False,,0.0007,0.33263993696745886,2048,1024,LatentFlow,0.48528279780008976,0.02,3319.0,1483750,,0.30903464282904125,0.46258079488073733,False,2,0.02360529413841761,0.022702002919352426,,/work/11617/sujato_ts/vista/motion_code-master/physics_modal_v4/enhancements/results/factorial/runs/scale-multiscale__bank-on__continuation-early/seed42/Traffic/h192.json,825f986ca63cc491d20bb1e882f15aa54fec1716b52a3d3c0a2a1675d5a74d1c,/work/11617/sujato_ts/vista/motion_code-master/physics_modal_v4/enhancements/results/central/runs/early_fusion/seed42/Traffic/h192.json,0.6966224212585249,multiscale,42,"{'inducing_points': 32, 'latent_dim': 16, 'patch_lens': [8, 16, 32], 'representation_weight': 0.001}",8-16-32,,True,True,96,False,0,988.844996066473,extension,scale-multiscale__bank-on__continuation-early,0.0001,4
on,16,9,extension,0.39660320444247193,,/work/11617/sujato_ts/vista/motion_code-master/physics_modal_v4/enhancements/results/central/checkpoints/early_fusion/seed42/Traffic/h336.pt,410f3ea0e6a8de0f,early,2,False,Traffic,16,1354.173714838922,latentflow-factorial-2x2x2-all28-three-seed-no-exchange-v2-selector-safe,factorial,10,latentflow_process_preserving_unfreeze2,5.0,0.001,336,,90.5601895103264,False,,0.0007,0.3282576140129924,2048,1024,LatentFlow,0.4812667826324494,0.02,3175.0,1627700,,0.31004021560593426,0.46936524077227076,False,2,0.01821739840705816,0.01190154186017861,,/work/11617/sujato_ts/vista/motion_code-master/physics_modal_v4/enhancements/results/factorial/runs/scale-multiscale__bank-on__continuation-early/seed42/Traffic/h336.json,97e1ed9418248c988425c57f9722f170b48d9cfa961e17876ff015f38e9d93ae,/work/11617/sujato_ts/vista/motion_code-master/physics_modal_v4/enhancements/results/central/runs/early_fusion/seed42/Traffic/h336.json,0.6937339422519626,multiscale,42,"{'inducing_points': 32, 'latent_dim': 16, 'patch_lens': [8, 16, 32], 'representation_weight': 0.001}",8-16-32,,True,True,96,False,0,1032.2556012133646,extension,scale-multiscale__bank-on__continuation-early,0.0001,4
on,16,9,extension,0.4434532441869167,,/work/11617/sujato_ts/vista/motion_code-master/physics_modal_v4/enhancements/results/central/checkpoints/early_fusion/seed42/Traffic/h720.pt,3a564e34480d0960,early,2,False,Traffic,16,1496.5643670912832,latentflow-factorial-2x2x2-all28-three-seed-no-exchange-v2-selector-safe,factorial,10,latentflow_process_preserving_unfreeze2,5.0,0.001,720,,100.65195418069014,False,,0.0007,0.38179714078821236,2048,1024,LatentFlow,0.5426698000680912,0.02,2791.0,2019836,,0.32889101650072566,0.5047611731701186,False,2,0.0529061242874867,0.037908626897972586,,/work/11617/sujato_ts/vista/motion_code-master/physics_modal_v4/enhancements/results/factorial/runs/scale-multiscale__bank-on__continuation-early/seed42/Traffic/h720.json,9ef566eaf84c9d858c1f4ff6a795ed64d8e230a09494a765063b703e73b88971,/work/11617/sujato_ts/vista/motion_code-master/physics_modal_v4/enhancements/results/central/runs/early_fusion/seed42/Traffic/h720.json,0.7366612519116851,multiscale,42,"{'inducing_points': 32, 'latent_dim': 16, 'patch_lens': [8, 16, 32], 'representation_weight': 0.001}",8-16-32,,True,True,96,False,0,1142.1739434605115,extension,scale-multiscale__bank-on__continuation-early,0.0001,4
on,16,10,extension,0.3873344277192342,,/work/11617/sujato_ts/vista/motion_code-master/physics_modal_v4/enhancements/results/central/checkpoints/early_fusion/seed42/Traffic/h96.pt,76b351377d38228c,early,2,False,Traffic,16,1280.21968099894,latentflow-factorial-2x2x2-all28-three-seed-no-exchange-v2-selector-safe,factorial,10,latentflow_process_preserving_unfreeze2,5.0,0.001,96,,88.29846380042358,False,,0.0007,0.31898093793555676,2048,1024,LatentFlow,0.45668961885838893,0.02,3415.0,1388746,,0.30567942414674226,0.4450950661287888,False,2,0.0133015137888145,0.011594552729600138,,/work/11617/sujato_ts/vista/motion_code-master/physics_modal_v4/enhancements/results/factorial/runs/scale-multiscale__bank-on__continuation-early/seed42/Traffic/h96.json,c0d65086aa71447b90a05b59dd7b9cb9b0b9395ae02f350cd9b72fd9aa87c4b0,/work/11617/sujato_ts/vista/motion_code-master/physics_modal_v4/enhancements/results/central/runs/early_fusion/seed42/Traffic/h96.json,0.675788146432289,multiscale,42,"{'inducing_points': 32, 'latent_dim': 16, 'patch_lens': [8, 16, 32], 'representation_weight': 0.001}",8-16-32,,True,True,96,False,0,975.6395800843165,extension,scale-multiscale__bank-on__continuation-early,0.0001,4
on,16,4,extension,0.47729724633788306,,/work/11617/sujato_ts/vista/motion_code-master/physics_modal_v4/enhancements/results/central/checkpoints/early_fusion/seed42/Weather/h192.pt,2177c4fcc553157a,early,2,False,Weather,16,212.99534969357774,latentflow-factorial-2x2x2-all28-three-seed-no-exchange-v2-selector-safe,factorial,10,latentflow_process_preserving_unfreeze2,5.0,0.001,192,,43.95178705887046,False,,0.0007,0.2548541856101289,2048,1024,LatentFlow,0.2139011139466981,0.02,10349.0,1484344,,0.25844894718644396,0.21760237948327663,False,2,-0.003594761576315053,-0.003701265536578513,,/work/11617/sujato_ts/vista/motion_code-master/physics_modal_v4/enhancements/results/factorial/runs/scale-multiscale__bank-on__continuation-early/seed42/Weather/h192.json,59e6159f86d0f7d9b7e4c35f696d58fe78f10b576616870cdd4e09d1ab742d1d,/work/11617/sujato_ts/vista/motion_code-master/physics_modal_v4/enhancements/results/central/runs/early_fusion/seed42/Weather/h192.json,0.4624944474766136,multiscale,42,"{'inducing_points': 32, 'latent_dim': 16, 'patch_lens': [8, 16, 32], 'representation_weight': 0.001}",8-16-32,,True,True,96,False,0,158.08094347667065,extension,scale-multiscale__bank-on__continuation-early,0.0001,4
on,16,3,extension,0.5577805864027028,,/work/11617/sujato_ts/vista/motion_code-master/physics_modal_v4/enhancements/results/central/checkpoints/early_fusion/seed42/Weather/h336.pt,2651ff94ec7fdd48,early,2,False,Weather,16,222.3461069050245,latentflow-factorial-2x2x2-all28-three-seed-no-exchange-v2-selector-safe,factorial,10,latentflow_process_preserving_unfreeze2,5.0,0.001,336,,42.37702714472221,False,,0.0007,0.29780580211919383,2048,1024,LatentFlow,0.2718540092201706,0.02,10205.0,1628294,,0.3007526241041084,0.2751499827851865,False,2,-0.0029468219849145827,-0.003295973565015875,,/work/11617/sujato_ts/vista/motion_code-master/physics_modal_v4/enhancements/results/factorial/runs/scale-multiscale__bank-on__continuation-early/seed42/Weather/h336.json,aae555aabad82c09b2f0231eb02d86a73f28eb3750cb1a3decbfdbacd2a6c285,/work/11617/sujato_ts/vista/motion_code-master/physics_modal_v4/enhancements/results/central/runs/early_fusion/seed42/Weather/h336.json,0.5213962113596249,multiscale,42,"{'inducing_points': 32, 'latent_dim': 16, 'patch_lens': [8, 16, 32], 'representation_weight': 0.001}",8-16-32,,True,True,96,False,0,165.19103510363493,extension,scale-multiscale__bank-on__continuation-early,0.0001,4
on,16,2,extension,0.6942512093397676,,/work/11617/sujato_ts/vista/motion_code-master/physics_modal_v4/enhancements/results/central/checkpoints/early_fusion/seed42/Weather/h720.pt,31123364146c602b,early,2,False,Weather,16,211.61528464220464,latentflow-factorial-2x2x2-all28-three-seed-no-exchange-v2-selector-safe,factorial,10,latentflow_process_preserving_unfreeze2,5.0,0.001,720,,44.21733030375988,False,,0.0007,0.34917593268548014,2048,1024,LatentFlow,0.35058129851390146,0.02,9821.0,2020430,,0.3506985500528912,0.35200429896336977,False,2,-0.00152261736741105,-0.0014230004494683035,,/work/11617/sujato_ts/vista/motion_code-master/physics_modal_v4/enhancements/results/factorial/runs/scale-multiscale__bank-on__continuation-early/seed42/Weather/h720.json,11588fdd2d43c7df63c1f98164a7411547f22458942cc4eb4f472d14bda7975f,/work/11617/sujato_ts/vista/motion_code-master/physics_modal_v4/enhancements/results/central/runs/early_fusion/seed42/Weather/h720.json,0.592099061402652,multiscale,42,"{'inducing_points': 32, 'latent_dim': 16, 'patch_lens': [8, 16, 32], 'representation_weight': 0.001}",8-16-32,,True,True,96,False,0,157.40505208304967,extension,scale-multiscale__bank-on__continuation-early,0.0001,4
on,16,4,extension,0.43265223562244387,,/work/11617/sujato_ts/vista/motion_code-master/physics_modal_v4/enhancements/results/central/checkpoints/early_fusion/seed42/Weather/h96.pt,735c3bdbcdb8875f,early,2,False,Weather,16,207.57705322105903,latentflow-factorial-2x2x2-all28-three-seed-no-exchange-v2-selector-safe,factorial,10,latentflow_process_preserving_unfreeze2,5.0,0.001,96,,42.60118296384216,False,,0.0007,0.21532338204054466,2048,1024,LatentFlow,0.1685529730499995,0.02,10445.0,1389340,,0.2174296580154658,0.17154243425354204,False,2,-0.0021062759749211346,-0.0029894612035425427,,/work/11617/sujato_ts/vista/motion_code-master/physics_modal_v4/enhancements/results/factorial/runs/scale-multiscale__bank-on__continuation-early/seed42/Weather/h96.json,ff9bacaa1aa06c2e3740f998e719f5d716c4ed46ad163b1848fadf5bd72ad0da,/work/11617/sujato_ts/vista/motion_code-master/physics_modal_v4/enhancements/results/central/runs/early_fusion/seed42/Weather/h96.json,0.4105520345218125,multiscale,42,"{'inducing_points': 32, 'latent_dim': 16, 'patch_lens': [8, 16, 32], 'representation_weight': 0.001}",8-16-32,,True,True,96,False,0,153.95545145320284,extension,scale-multiscale__bank-on__continuation-early,0.0001,4
on,16,1,extension,1.0240253529378347,,/work/11617/sujato_ts/vista/motion_code-master/physics_modal_v4/enhancements/results/central/checkpoints/early_fusion/seed43/ETTh1/h192.pt,a50cd1471de09d0c,early,2,False,ETTh1,16,132.81214847799856,latentflow-factorial-2x2x2-all28-three-seed-no-exchange-v2-selector-safe,factorial,10,latentflow_process_preserving_unfreeze2,5.0,0.001,192,,29.768847457473417,False,,0.0007,0.438440849981629,2048,1024,LatentFlow,0.44981842160585905,0.02,2689.0,1535526,,0.43998985352676867,0.4525807035020206,False,2,-0.0015490035451396489,-0.002762281896161567,,/work/11617/sujato_ts/vista/motion_code-master/physics_modal_v4/enhancements/results/factorial/runs/scale-multiscale__bank-on__continuation-early/seed43/ETTh1/h192.json,9e46876d540ca617717517715471b0b212c430a525d0b245f663dd5d9d06b929,/work/11617/sujato_ts/vista/motion_code-master/physics_modal_v4/enhancements/results/central/runs/early_fusion/seed43/ETTh1/h192.json,0.6706850390502677,multiscale,43,"{'inducing_points': 32, 'latent_dim': 16, 'patch_lens': [16, 32, 48], 'representation_weight': 0.05}",16-32-48,,True,True,96,False,0,99.00546535709509,extension,scale-multiscale__bank-on__continuation-early,0.0001,4
on,16,0,reference,1.2917826548725568,,/work/11617/sujato_ts/vista/motion_code-master/physics_modal_v4/enhancements/results/central/checkpoints/early_fusion/seed43/ETTh1/h336.pt,46dbd61e14572ef9,early,2,False,ETTh1,16,135.47526891715825,latentflow-factorial-2x2x2-all28-three-seed-no-exchange-v2-selector-safe,factorial,10,latentflow_process_preserving_unfreeze2,5.0,0.001,336,,8.018598585283454,True,,0.0007,0.4605197977717322,2048,1024,LatentFlow,0.4966021921924544,0.02,2545.0,1676686,,0.4605197977717322,0.4966021921924544,False,2,0.0,0.0,,/work/11617/sujato_ts/vista/motion_code-master/physics_modal_v4/enhancements/results/factorial/runs/scale-multiscale__bank-on__continuation-early/seed43/ETTh1/h336.json,5d26b3c2d9486ee6204d2fb770b9b2028f158328000cd82c0e48a3df8fad0101,/work/11617/sujato_ts/vista/motion_code-master/physics_modal_v4/enhancements/results/central/runs/early_fusion/seed43/ETTh1/h336.json,0.7047000725077687,multiscale,43,"{'inducing_points': 32, 'latent_dim': 16, 'patch_lens': [16, 32, 48], 'representation_weight': 0.05}",16-32-48,,True,True,96,False,0,101.05875784320233,reference,scale-multiscale__bank-on__continuation-early,0.0001,4
on,16,1,extension,1.557711360568092,,/work/11617/sujato_ts/vista/motion_code-master/physics_modal_v4/enhancements/results/central/checkpoints/early_fusion/seed43/ETTh1/h720.pt,f31bacbdb915c2a1,early,2,False,ETTh1,16,138.53681071696337,latentflow-factorial-2x2x2-all28-three-seed-no-exchange-v2-selector-safe,factorial,10,latentflow_process_preserving_unfreeze2,5.0,0.001,720,,28.559263865115927,False,,0.0007,0.48108691412795423,2048,1024,LatentFlow,0.5007197611474298,0.02,2161.0,2055222,,0.48321969007132837,0.5091477053166293,False,2,-0.0021327759433741322,-0.008427944169199564,,/work/11617/sujato_ts/vista/motion_code-master/physics_modal_v4/enhancements/results/factorial/runs/scale-multiscale__bank-on__continuation-early/seed43/ETTh1/h720.json,bd8df21dc9febee1ceb405a156bbe1fddb52d4ea38b6f23061608c6de97558fa,/work/11617/sujato_ts/vista/motion_code-master/physics_modal_v4/enhancements/results/central/runs/early_fusion/seed43/ETTh1/h720.json,0.707615546145949,multiscale,43,"{'inducing_points': 32, 'latent_dim': 16, 'patch_lens': [16, 32, 48], 'representation_weight': 0.05}",16-32-48,,True,True,96,False,0,103.42173305780307,extension,scale-multiscale__bank-on__continuation-early,0.0001,4
on,16,1,extension,0.7691565844274703,,/work/11617/sujato_ts/vista/motion_code-master/physics_modal_v4/enhancements/results/central/checkpoints/early_fusion/seed43/ETTh1/h96.pt,4a086df15623160a,early,2,False,ETTh1,16,138.2255546359811,latentflow-factorial-2x2x2-all28-three-seed-no-exchange-v2-selector-safe,factorial,10,latentflow_process_preserving_unfreeze2,5.0,0.001,96,,29.563611688232317,False,,0.0007,0.41229703592889233,2048,1024,LatentFlow,0.4012539731097688,0.02,2785.0,1441682,,0.41187950655100763,0.4011032879857046,False,2,0.0004175293778846956,0.0001506851240641871,,/work/11617/sujato_ts/vista/motion_code-master/physics_modal_v4/enhancements/results/factorial/runs/scale-multiscale__bank-on__continuation-early/seed43/ETTh1/h96.json,7078f8c8c8436db6d2d1d885c6050fd683420f64c671a0c9700608b1782229f9,/work/11617/sujato_ts/vista/motion_code-master/physics_modal_v4/enhancements/results/central/runs/early_fusion/seed43/ETTh1/h96.json,0.6334461090809295,multiscale,43,"{'inducing_points': 32, 'latent_dim': 16, 'patch_lens': [16, 32, 48], 'representation_weight': 0.05}",16-32-48,,True,True,96,False,0,103.0106398391581,extension,scale-multiscale__bank-on__continuation-early,0.0001,4
on,16,0,reference,0.26854835202296573,,/work/11617/sujato_ts/vista/motion_code-master/physics_modal_v4/enhancements/results/central/checkpoints/early_fusion/seed43/ETTh2/h192.pt,7c408f06b5b7c236,early,2,False,ETTh2,16,145.95059394929558,latentflow-factorial-2x2x2-all28-three-seed-no-exchange-v2-selector-safe,factorial,10,latentflow_process_preserving_unfreeze2,5.0,0.001,192,,7.900178377393878,True,,0.0007,0.39616170797824446,2048,1024,LatentFlow,0.38277998701682386,0.02,2689.0,1505278,,0.39616170797824446,0.38277998701682386,False,2,0.0,0.0,,/work/11617/sujato_ts/vista/motion_code-master/physics_modal_v4/enhancements/results/factorial/runs/scale-multiscale__bank-on__continuation-early/seed43/ETTh2/h192.json,b2a51b4157669d9141e1c85e60894a37b81ff8f0b9d0420ed33d059f4d993f4e,/work/11617/sujato_ts/vista/motion_code-master/physics_modal_v4/enhancements/results/central/runs/early_fusion/seed43/ETTh2/h192.json,0.6186921585221715,multiscale,43,"{'inducing_points': 32, 'latent_dim': 8, 'patch_lens': [16, 32, 48], 'representation_weight': 0.001}",16-32-48,,True,True,96,False,0,108.82076856396452,reference,scale-multiscale__bank-on__continuation-early,0.0001,4
on,16,1,extension,0.3557162211865795,,/work/11617/sujato_ts/vista/motion_code-master/physics_modal_v4/enhancements/results/central/checkpoints/early_fusion/seed43/ETTh2/h336.pt,41fb1322efc09555,early,2,False,ETTh2,16,146.62137039890513,latentflow-factorial-2x2x2-all28-three-seed-no-exchange-v2-selector-safe,factorial,10,latentflow_process_preserving_unfreeze2,5.0,0.001,336,,26.216087518024104,False,,0.0007,0.4341758143864703,2048,1024,LatentFlow,0.4276767328610364,0.02,2545.0,1646438,,0.4362194484386799,0.4312617346028424,False,2,-0.0020436340522095864,-0.003585001741805982,,/work/11617/sujato_ts/vista/motion_code-master/physics_modal_v4/enhancements/results/factorial/runs/scale-multiscale__bank-on__continuation-early/seed43/ETTh2/h336.json,c5dd0ed75eedc461ccf2072cf9e58f025da0df6400fdf689f2412ce37b5b8f2e,/work/11617/sujato_ts/vista/motion_code-master/physics_modal_v4/enhancements/results/central/runs/early_fusion/seed43/ETTh2/h336.json,0.6539699785624997,multiscale,43,"{'inducing_points': 32, 'latent_dim': 8, 'patch_lens': [16, 32, 48], 'representation_weight': 0.001}",16-32-48,,True,True,96,False,0,109.47252441328601,extension,scale-multiscale__bank-on__continuation-early,0.0001,4
on,16,4,extension,0.6214357239859445,,/work/11617/sujato_ts/vista/motion_code-master/physics_modal_v4/enhancements/results/central/checkpoints/early_fusion/seed43/ETTh2/h720.pt,c55dbcf6eaa95b68,early,2,False,ETTh2,16,137.45942292106338,latentflow-factorial-2x2x2-all28-three-seed-no-exchange-v2-selector-safe,factorial,10,latentflow_process_preserving_unfreeze2,5.0,0.001,720,,30.024159630176737,False,,0.0007,0.46825576084758136,2048,1024,LatentFlow,0.46624234364147155,0.02,2161.0,2024974,,0.4498645085030294,0.4358261119942588,False,2,0.018391252344551967,0.030416231647212744,,/work/11617/sujato_ts/vista/motion_code-master/physics_modal_v4/enhancements/results/factorial/runs/scale-multiscale__bank-on__continuation-early/seed43/ETTh2/h720.json,1bfc226ecaecebea9f2a9fcf456a2f3928ddb18af145062ec6f48f163aa7d4e6,/work/11617/sujato_ts/vista/motion_code-master/physics_modal_v4/enhancements/results/central/runs/early_fusion/seed43/ETTh2/h720.json,0.6828194077803234,multiscale,43,"{'inducing_points': 32, 'latent_dim': 8, 'patch_lens': [16, 32, 48], 'representation_weight': 0.001}",16-32-48,,True,True,96,False,0,102.60899363038334,extension,scale-multiscale__bank-on__continuation-early,0.0001,4
on,16,0,reference,0.22145391503969827,,/work/11617/sujato_ts/vista/motion_code-master/physics_modal_v4/enhancements/results/central/checkpoints/early_fusion/seed43/ETTh2/h96.pt,095876d49c6127d3,early,2,False,ETTh2,16,125.86288633802906,latentflow-factorial-2x2x2-all28-three-seed-no-exchange-v2-selector-safe,factorial,10,latentflow_process_preserving_unfreeze2,5.0,0.001,96,,7.660121907280876,True,,0.0007,0.3446854704127736,2048,1024,LatentFlow,0.29659152826284907,0.02,2785.0,1411434,,0.3446854704127736,0.29659152826284907,False,2,0.0,0.0,,/work/11617/sujato_ts/vista/motion_code-master/physics_modal_v4/enhancements/results/factorial/runs/scale-multiscale__bank-on__continuation-early/seed43/ETTh2/h96.json,be4c54dc5e004066b7710dce588ba431ac2d41a4a4f1a258b3272e34dd053564,/work/11617/sujato_ts/vista/motion_code-master/physics_modal_v4/enhancements/results/central/runs/early_fusion/seed43/ETTh2/h96.json,0.5446021743096965,multiscale,43,"{'inducing_points': 32, 'latent_dim': 8, 'patch_lens': [16, 32, 48], 'representation_weight': 0.001}",16-32-48,,True,True,96,False,0,93.73402190140041,reference,scale-multiscale__bank-on__continuation-early,0.0001,4
on,16,0,reference,0.5154585605930715,,/work/11617/sujato_ts/vista/motion_code-master/physics_modal_v4/enhancements/results/central/checkpoints/early_fusion/seed43/ETTm1/h192.pt,dea59ffd1aa5e392,early,2,False,ETTm1,16,146.4438053164631,latentflow-factorial-2x2x2-all28-three-seed-no-exchange-v2-selector-safe,factorial,10,latentflow_process_preserving_unfreeze2,5.0,0.001,192,,7.668698164390708,True,,0.0007,0.39651534458020243,2048,1024,LatentFlow,0.38090578920044743,0.02,11329.0,1493398,,0.39651534458020243,0.38090578920044743,False,2,0.0,0.0,,/work/11617/sujato_ts/vista/motion_code-master/physics_modal_v4/enhancements/results/factorial/runs/scale-multiscale__bank-on__continuation-early/seed43/ETTm1/h192.json,c73ca1818958feee547453a5bf736c6133974290189dbd4047a62c48c62ab446,/work/11617/sujato_ts/vista/motion_code-master/physics_modal_v4/enhancements/results/central/runs/early_fusion/seed43/ETTm1/h192.json,0.6171756550613832,multiscale,43,"{'inducing_points': 32, 'latent_dim': 8, 'patch_lens': [8, 24, 48], 'representation_weight': 0.01}",8-24-48,,True,True,96,False,0,105.74410986955627,reference,scale-multiscale__bank-on__continuation-early,0.0001,4
on,16,3,extension,0.6494121782633723,,/work/11617/sujato_ts/vista/motion_code-master/physics_modal_v4/enhancements/results/central/checkpoints/early_fusion/seed43/ETTm1/h336.pt,d8aaaa53045de048,early,2,False,ETTm1,16,148.34070835402235,latentflow-factorial-2x2x2-all28-three-seed-no-exchange-v2-selector-safe,factorial,10,latentflow_process_preserving_unfreeze2,5.0,0.001,336,,29.683754371110894,False,,0.0007,0.4275356796638788,2048,1024,LatentFlow,0.42474423069834566,0.02,11185.0,1636816,,0.41847783245699766,0.4115693425306681,False,2,0.009057847206881131,0.013174888167677534,,/work/11617/sujato_ts/vista/motion_code-master/physics_modal_v4/enhancements/results/factorial/runs/scale-multiscale__bank-on__continuation-early/seed43/ETTm1/h336.json,cbb826e65fc2249dedb08238b750b29d6cbea713b3ec44e9678edb245d2eca46,/work/11617/sujato_ts/vista/motion_code-master/physics_modal_v4/enhancements/results/central/runs/early_fusion/seed43/ETTm1/h336.json,0.6517240448981039,multiscale,43,"{'inducing_points': 32, 'latent_dim': 8, 'patch_lens': [8, 24, 48], 'representation_weight': 0.01}",8-24-48,,True,True,96,False,0,107.21789246417757,extension,scale-multiscale__bank-on__continuation-early,0.0001,4
on,16,0,reference,0.9992361806687855,,/work/11617/sujato_ts/vista/motion_code-master/physics_modal_v4/enhancements/results/central/checkpoints/early_fusion/seed43/ETTm1/h720.pt,685d9fc38643415f,early,2,False,ETTm1,16,134.60756777902134,latentflow-factorial-2x2x2-all28-three-seed-no-exchange-v2-selector-safe,factorial,10,latentflow_process_preserving_unfreeze2,5.0,0.001,720,,7.125975580703611,True,,0.0007,0.4686201564713423,2048,1024,LatentFlow,0.48906182206480814,0.02,10801.0,2026480,,0.4686201564713423,0.48906182206480814,False,2,0.0,0.0,,/work/11617/sujato_ts/vista/motion_code-master/physics_modal_v4/enhancements/results/factorial/runs/scale-multiscale__bank-on__continuation-early/seed43/ETTm1/h720.json,7c27e4dadc7fe6dbdb4a3966c398beccde41bd7cd3c2155778825298aa705ea7,/work/11617/sujato_ts/vista/motion_code-master/physics_modal_v4/enhancements/results/central/runs/early_fusion/seed43/ETTm1/h720.json,0.6993295518314725,multiscale,43,"{'inducing_points': 32, 'latent_dim': 8, 'patch_lens': [8, 24, 48], 'representation_weight': 0.01}",8-24-48,,True,True,96,False,0,97.18215440861968,reference,scale-multiscale__bank-on__continuation-early,0.0001,4
on,16,1,extension,0.39155922794625875,,/work/11617/sujato_ts/vista/motion_code-master/physics_modal_v4/enhancements/results/central/checkpoints/early_fusion/seed43/ETTm1/h96.pt,ca908b5ae7fc64da,early,2,False,ETTm1,16,138.76821177639067,latentflow-factorial-2x2x2-all28-three-seed-no-exchange-v2-selector-safe,factorial,10,latentflow_process_preserving_unfreeze2,5.0,0.001,96,,26.58125902637108,False,,0.0007,0.37364977179063513,2048,1024,LatentFlow,0.3347541533383998,0.02,11425.0,1398606,,0.37499999057157246,0.33678189131571895,False,2,-0.001350218780937329,-0.002027737977319144,,/work/11617/sujato_ts/vista/motion_code-master/physics_modal_v4/enhancements/results/factorial/runs/scale-multiscale__bank-on__continuation-early/seed43/ETTm1/h96.json,f45773d97f1043d81dea1a2a01f36901e46c8cff0a9f1ce52aae2925076d842c,/work/11617/sujato_ts/vista/motion_code-master/physics_modal_v4/enhancements/results/central/runs/early_fusion/seed43/ETTm1/h96.json,0.5785794269920076,multiscale,43,"{'inducing_points': 32, 'latent_dim': 8, 'patch_lens': [8, 24, 48], 'representation_weight': 0.01}",8-24-48,,True,True,96,False,0,100.18475620308891,extension,scale-multiscale__bank-on__continuation-early,0.0001,4
on,16,1,extension,0.16962014378181525,,/work/11617/sujato_ts/vista/motion_code-master/physics_modal_v4/enhancements/results/central/checkpoints/early_fusion/seed43/ETTm2/h192.pt,a2bde9486bfeb8ae,early,2,False,ETTm2,16,135.1993533181958,latentflow-factorial-2x2x2-all28-three-seed-no-exchange-v2-selector-safe,factorial,10,latentflow_process_preserving_unfreeze2,5.0,0.001,192,,28.516707443131615,False,,0.0007,0.30306484819015245,2048,1024,LatentFlow,0.24271677058772742,0.02,11329.0,1468534,,0.3050742198077167,0.24497037954299858,False,2,-0.0020093716175642595,-0.002253608955271158,,/work/11617/sujato_ts/vista/motion_code-master/physics_modal_v4/enhancements/results/factorial/runs/scale-multiscale__bank-on__continuation-early/seed43/ETTm2/h192.json,02f970e6192441a3cde90e61f3c4791c876e046791853e563fcdcc78c560b75d,/work/11617/sujato_ts/vista/motion_code-master/physics_modal_v4/enhancements/results/central/runs/early_fusion/seed43/ETTm2/h192.json,0.4926629381105579,multiscale,43,"{'inducing_points': 16, 'latent_dim': 8, 'patch_lens': [8, 16, 32], 'representation_weight': 0.001}",8-16-32,,True,True,96,False,0,97.6384425202923,extension,scale-multiscale__bank-on__continuation-early,0.0001,4
on,16,0,reference,0.218707446541105,,/work/11617/sujato_ts/vista/motion_code-master/physics_modal_v4/enhancements/results/central/checkpoints/early_fusion/seed43/ETTm2/h336.pt,c537b7d9a732840f,early,2,False,ETTm2,16,137.11641761660576,latentflow-factorial-2x2x2-all28-three-seed-no-exchange-v2-selector-safe,factorial,10,latentflow_process_preserving_unfreeze2,5.0,0.001,336,,7.879004194461247,True,,0.0007,0.34588291606166616,2048,1024,LatentFlow,0.30786420258596997,0.02,11185.0,1612484,,0.34588291606166616,0.30786420258596997,False,2,0.0,0.0,,/work/11617/sujato_ts/vista/motion_code-master/physics_modal_v4/enhancements/results/factorial/runs/scale-multiscale__bank-on__continuation-early/seed43/ETTm2/h336.json,98dbbc5fd0223cbc5f733fe1542439e248a617c880aa30b66526dec944b4710c,/work/11617/sujato_ts/vista/motion_code-master/physics_modal_v4/enhancements/results/central/runs/early_fusion/seed43/ETTm2/h336.json,0.5548551185543573,multiscale,43,"{'inducing_points': 16, 'latent_dim': 8, 'patch_lens': [8, 16, 32], 'representation_weight': 0.001}",8-16-32,,True,True,96,False,0,98.96345258312067,reference,scale-multiscale__bank-on__continuation-early,0.0001,4
on,16,0,reference,0.3021952312144022,,/work/11617/sujato_ts/vista/motion_code-master/physics_modal_v4/enhancements/results/central/checkpoints/early_fusion/seed43/ETTm2/h720.pt,efbd5ce85f5f9487,early,2,False,ETTm2,16,142.54471362009645,latentflow-factorial-2x2x2-all28-three-seed-no-exchange-v2-selector-safe,factorial,10,latentflow_process_preserving_unfreeze2,5.0,0.001,720,,8.031720914587776,True,,0.0007,0.4043534373321455,2048,1024,LatentFlow,0.41207231857769344,0.02,10801.0,2004620,,0.4043534373321455,0.41207231857769344,False,2,0.0,0.0,,/work/11617/sujato_ts/vista/motion_code-master/physics_modal_v4/enhancements/results/factorial/runs/scale-multiscale__bank-on__continuation-early/seed43/ETTm2/h720.json,f4841245579d538084d9090cebdc7e474e24fa890efe1b0f5cbe18cdecd974df,/work/11617/sujato_ts/vista/motion_code-master/physics_modal_v4/enhancements/results/central/runs/early_fusion/seed43/ETTm2/h720.json,0.6419285930519791,multiscale,43,"{'inducing_points': 16, 'latent_dim': 8, 'patch_lens': [8, 16, 32], 'representation_weight': 0.001}",8-16-32,,True,True,96,False,0,102.89036060567014,reference,scale-multiscale__bank-on__continuation-early,0.0001,4
on,16,2,extension,0.1279846259525844,,/work/11617/sujato_ts/vista/motion_code-master/physics_modal_v4/enhancements/results/central/checkpoints/early_fusion/seed43/ETTm2/h96.pt,a1fe60f16dc7dd29,early,2,False,ETTm2,16,144.9302367642522,latentflow-factorial-2x2x2-all28-three-seed-no-exchange-v2-selector-safe,factorial,10,latentflow_process_preserving_unfreeze2,5.0,0.001,96,,29.496659008788694,False,,0.0007,0.25918417256164394,2048,1024,LatentFlow,0.17518690305512882,0.02,11425.0,1373530,,0.25994622917290566,0.1757947479626456,False,2,-0.0007620566112617189,-0.0006078449075167802,,/work/11617/sujato_ts/vista/motion_code-master/physics_modal_v4/enhancements/results/factorial/runs/scale-multiscale__bank-on__continuation-early/seed43/ETTm2/h96.json,6122d76baefcdddacb1bd61d001bafa801c8350e3fdace146053c3c1040dd4cc,/work/11617/sujato_ts/vista/motion_code-master/physics_modal_v4/enhancements/results/central/runs/early_fusion/seed43/ETTm2/h96.json,0.4185533455309237,multiscale,43,"{'inducing_points': 16, 'latent_dim': 8, 'patch_lens': [8, 16, 32], 'representation_weight': 0.001}",8-16-32,,True,True,96,False,0,104.63701716653304,extension,scale-multiscale__bank-on__continuation-early,0.0001,4
on,16,9,extension,0.14609617161973615,,/work/11617/sujato_ts/vista/motion_code-master/physics_modal_v4/enhancements/results/central/checkpoints/early_fusion/seed43/Electricity/h192.pt,71fefcb4e3762a6d,early,2,False,Electricity,16,655.6656617801636,latentflow-factorial-2x2x2-all28-three-seed-no-exchange-v2-selector-safe,factorial,10,latentflow_process_preserving_unfreeze2,5.0,0.001,192,,38.16728699809098,False,,0.0007,0.2904310126578846,2048,1024,LatentFlow,0.19010489443937534,0.02,5071.0,1482127,,0.2676547761511837,0.17734223166429036,False,2,0.02277623650670091,0.012762662775084976,,/work/11617/sujato_ts/vista/motion_code-master/physics_modal_v4/enhancements/results/factorial/runs/scale-multiscale__bank-on__continuation-early/seed43/Electricity/h192.json,a0db1c852144c5fb3b62a3075c8c316600a1c4a4edb9afa5b804f6d2fa8978a6,/work/11617/sujato_ts/vista/motion_code-master/physics_modal_v4/enhancements/results/central/runs/early_fusion/seed43/Electricity/h192.json,0.436010199925845,multiscale,43,"{'inducing_points': 32, 'latent_dim': 16, 'patch_lens': [8, 16, 32], 'representation_weight': 0.001}",8-16-32,,True,True,96,False,0,489.4575343649194,extension,scale-multiscale__bank-on__continuation-early,0.0001,4
on,16,9,extension,0.16343038168068086,,/work/11617/sujato_ts/vista/motion_code-master/physics_modal_v4/enhancements/results/central/checkpoints/early_fusion/seed43/Electricity/h336.pt,9f4367b6b18b8f37,early,2,False,Electricity,16,699.5553158256225,latentflow-factorial-2x2x2-all28-three-seed-no-exchange-v2-selector-safe,factorial,10,latentflow_process_preserving_unfreeze2,5.0,0.001,336,,39.55342065830662,False,,0.0007,0.32637595928632507,2048,1024,LatentFlow,0.22967312069512238,0.02,4927.0,1626077,,0.2874145150436169,0.19745167819406823,False,2,0.03896144424270814,0.03222144250105416,,/work/11617/sujato_ts/vista/motion_code-master/physics_modal_v4/enhancements/results/factorial/runs/scale-multiscale__bank-on__continuation-early/seed43/Electricity/h336.json,d9e659c428880b043587a9b6df43bb16d0de3088063fa4d58dd3ce23c9bd0bfc,/work/11617/sujato_ts/vista/motion_code-master/physics_modal_v4/enhancements/results/central/runs/early_fusion/seed43/Electricity/h336.json,0.4792422359257606,multiscale,43,"{'inducing_points': 32, 'latent_dim': 16, 'patch_lens': [8, 16, 32], 'representation_weight': 0.001}",8-16-32,,True,True,96,False,0,522.4054128888383,extension,scale-multiscale__bank-on__continuation-early,0.0001,4
on,16,9,extension,0.20417166423038366,,/work/11617/sujato_ts/vista/motion_code-master/physics_modal_v4/enhancements/results/central/checkpoints/early_fusion/seed43/Electricity/h720.pt,2258cd08e544e80b,early,2,False,Electricity,16,693.0987821260933,latentflow-factorial-2x2x2-all28-three-seed-no-exchange-v2-selector-safe,factorial,10,latentflow_process_preserving_unfreeze2,5.0,0.001,720,,41.76969406715671,False,,0.0007,0.3357304968401676,2048,1024,LatentFlow,0.24978231721326946,0.02,4543.0,2018213,,0.3270065093246797,0.24448144244614572,False,2,0.008723987515487919,0.005300874767123737,,/work/11617/sujato_ts/vista/motion_code-master/physics_modal_v4/enhancements/results/factorial/runs/scale-multiscale__bank-on__continuation-early/seed43/Electricity/h720.json,41525fe1b5d0fccf94b745c8a2a695539c28cebd5a4d61943a193d0251f4d9f8,/work/11617/sujato_ts/vista/motion_code-master/physics_modal_v4/enhancements/results/central/runs/early_fusion/seed43/Electricity/h720.json,0.49978226980683244,multiscale,43,"{'inducing_points': 32, 'latent_dim': 16, 'patch_lens': [8, 16, 32], 'representation_weight': 0.001}",8-16-32,,True,True,96,False,0,519.3790294382779,extension,scale-multiscale__bank-on__continuation-early,0.0001,4
on,16,10,extension,0.13382719430844237,,/work/11617/sujato_ts/vista/motion_code-master/physics_modal_v4/enhancements/results/central/checkpoints/early_fusion/seed43/Electricity/h96.pt,a6fbfd280df648aa,early,2,False,Electricity,16,630.0323995058425,latentflow-factorial-2x2x2-all28-three-seed-no-exchange-v2-selector-safe,factorial,10,latentflow_process_preserving_unfreeze2,5.0,0.001,96,,37.51013040535383,False,,0.0007,0.27228876743219316,2048,1024,LatentFlow,0.1731359292667874,0.02,5167.0,1387123,,0.2564658916479915,0.1632702913273398,False,2,0.015822875784201662,0.009865637939447586,,/work/11617/sujato_ts/vista/motion_code-master/physics_modal_v4/enhancements/results/factorial/runs/scale-multiscale__bank-on__continuation-early/seed43/Electricity/h96.json,074f913718a00626f329f8dd4241beddc85ab9c2bd45f832f960cf9940fae174,/work/11617/sujato_ts/vista/motion_code-master/physics_modal_v4/enhancements/results/central/runs/early_fusion/seed43/Electricity/h96.json,0.4160960577400216,multiscale,43,"{'inducing_points': 32, 'latent_dim': 16, 'patch_lens': [8, 16, 32], 'representation_weight': 0.001}",8-16-32,,True,True,96,False,0,470.01389452416333,extension,scale-multiscale__bank-on__continuation-early,0.0001,4
on,16,10,extension,0.3858085074170283,,/work/11617/sujato_ts/vista/motion_code-master/physics_modal_v4/enhancements/results/central/checkpoints/early_fusion/seed43/Traffic/h192.pt,5a761961d5c7713d,early,2,False,Traffic,16,1325.2891535358503,latentflow-factorial-2x2x2-all28-three-seed-no-exchange-v2-selector-safe,factorial,10,latentflow_process_preserving_unfreeze2,5.0,0.001,192,,87.43744038252368,False,,0.0007,0.33072065916945076,2048,1024,LatentFlow,0.4765536586450944,0.02,3319.0,1483750,,0.30830448545184075,0.46429043368735234,False,2,0.02241617371761001,0.01226322495774207,,/work/11617/sujato_ts/vista/motion_code-master/physics_modal_v4/enhancements/results/factorial/runs/scale-multiscale__bank-on__continuation-early/seed43/Traffic/h192.json,151691b4cc6082fb8785a3aecaef6ff66c79496e7437e6daf4d3a2711e44ad60,/work/11617/sujato_ts/vista/motion_code-master/physics_modal_v4/enhancements/results/central/runs/early_fusion/seed43/Traffic/h192.json,0.6903286598752035,multiscale,43,"{'inducing_points': 32, 'latent_dim': 16, 'patch_lens': [8, 16, 32], 'representation_weight': 0.001}",8-16-32,,True,True,96,False,0,1010.7596853929863,extension,scale-multiscale__bank-on__continuation-early,0.0001,4
on,16,7,extension,0.39591831065662497,,/work/11617/sujato_ts/vista/motion_code-master/physics_modal_v4/enhancements/results/central/checkpoints/early_fusion/seed43/Traffic/h336.pt,4b2386681ad21cae,early,2,False,Traffic,16,1360.5316213238984,latentflow-factorial-2x2x2-all28-three-seed-no-exchange-v2-selector-safe,factorial,10,latentflow_process_preserving_unfreeze2,5.0,0.001,336,,91.3719289590407,False,,0.0007,0.34006895754955296,2048,1024,LatentFlow,0.4888564937440027,0.02,3175.0,1627700,,0.3154820186362472,0.4740495272523939,False,2,0.024586938913305767,0.014806966491608786,,/work/11617/sujato_ts/vista/motion_code-master/physics_modal_v4/enhancements/results/factorial/runs/scale-multiscale__bank-on__continuation-early/seed43/Traffic/h336.json,87bf0a7da5c42cf81844e21d575b8ad1de8a717984a3c7345fe3997aad6b5760,/work/11617/sujato_ts/vista/motion_code-master/physics_modal_v4/enhancements/results/central/runs/early_fusion/seed43/Traffic/h336.json,0.6991827327272911,multiscale,43,"{'inducing_points': 32, 'latent_dim': 16, 'patch_lens': [8, 16, 32], 'representation_weight': 0.001}",8-16-32,,True,True,96,False,0,1037.4875403813348,extension,scale-multiscale__bank-on__continuation-early,0.0001,4
on,16,7,extension,0.4429804834148017,,/work/11617/sujato_ts/vista/motion_code-master/physics_modal_v4/enhancements/results/central/checkpoints/early_fusion/seed43/Traffic/h720.pt,eac8b345a72219c0,early,2,False,Traffic,16,1482.2421443839557,latentflow-factorial-2x2x2-all28-three-seed-no-exchange-v2-selector-safe,factorial,10,latentflow_process_preserving_unfreeze2,5.0,0.001,720,,101.16798709542758,False,,0.0007,0.39492768413794654,2048,1024,LatentFlow,0.5482383656578907,0.02,2791.0,2019836,,0.3300437871070133,0.505209937176707,False,2,0.06488389703093322,0.04302842848118371,,/work/11617/sujato_ts/vista/motion_code-master/physics_modal_v4/enhancements/results/factorial/runs/scale-multiscale__bank-on__continuation-early/seed43/Traffic/h720.json,bf62a3d98e91cf412557db260dcf5d5b0b5ac70e357a845346e08ab84549623c,/work/11617/sujato_ts/vista/motion_code-master/physics_modal_v4/enhancements/results/central/runs/early_fusion/seed43/Traffic/h720.json,0.7404312025150552,multiscale,43,"{'inducing_points': 32, 'latent_dim': 16, 'patch_lens': [8, 16, 32], 'representation_weight': 0.001}",8-16-32,,True,True,96,False,0,1131.0969556670898,extension,scale-multiscale__bank-on__continuation-early,0.0001,4
on,16,10,extension,0.39336048883702157,,/work/11617/sujato_ts/vista/motion_code-master/physics_modal_v4/enhancements/results/central/checkpoints/early_fusion/seed43/Traffic/h96.pt,ed8ec65ff69bd708,early,2,False,Traffic,16,1272.2647945713252,latentflow-factorial-2x2x2-all28-three-seed-no-exchange-v2-selector-safe,factorial,10,latentflow_process_preserving_unfreeze2,5.0,0.001,96,,87.26179576150967,False,,0.0007,0.3173545959274785,2048,1024,LatentFlow,0.46081265761342044,0.02,3415.0,1388746,,0.3066119593715481,0.45237782273901156,False,2,0.010742636555930385,0.00843483487440888,,/work/11617/sujato_ts/vista/motion_code-master/physics_modal_v4/enhancements/results/factorial/runs/scale-multiscale__bank-on__continuation-early/seed43/Traffic/h96.json,01006ac40e2d9cd37bf5e05e7fecd19b05fc0310cfd5f1cc01c93bb39cb81ba4,/work/11617/sujato_ts/vista/motion_code-master/physics_modal_v4/enhancements/results/central/runs/early_fusion/seed43/Traffic/h96.json,0.6788318330878572,multiscale,43,"{'inducing_points': 32, 'latent_dim': 16, 'patch_lens': [8, 16, 32], 'representation_weight': 0.001}",8-16-32,,True,True,96,False,0,970.277792676643,extension,scale-multiscale__bank-on__continuation-early,0.0001,4
on,16,2,extension,0.4762786542848935,,/work/11617/sujato_ts/vista/motion_code-master/physics_modal_v4/enhancements/results/central/checkpoints/early_fusion/seed43/Weather/h192.pt,cc63a4f0331e2910,early,2,False,Weather,16,200.94899514201097,latentflow-factorial-2x2x2-all28-three-seed-no-exchange-v2-selector-safe,factorial,10,latentflow_process_preserving_unfreeze2,5.0,0.001,192,,42.54297336577907,False,,0.0007,0.2537027782287729,2048,1024,LatentFlow,0.21277570676729501,0.02,10349.0,1484344,,0.2549288752092222,0.21393736870987184,False,2,-0.0012260969804492872,-0.0011616619425768304,,/work/11617/sujato_ts/vista/motion_code-master/physics_modal_v4/enhancements/results/factorial/runs/scale-multiscale__bank-on__continuation-early/seed43/Weather/h192.json,cc586dbaef73632c3050de4e307da3f788ec5bb973510d50cdb82ed085226e7f,/work/11617/sujato_ts/vista/motion_code-master/physics_modal_v4/enhancements/results/central/runs/early_fusion/seed43/Weather/h192.json,0.4612761719049609,multiscale,43,"{'inducing_points': 32, 'latent_dim': 16, 'patch_lens': [8, 16, 32], 'representation_weight': 0.001}",8-16-32,,True,True,96,False,0,149.39780712575157,extension,scale-multiscale__bank-on__continuation-early,0.0001,4
on,16,2,extension,0.5614911788174896,,/work/11617/sujato_ts/vista/motion_code-master/physics_modal_v4/enhancements/results/central/checkpoints/early_fusion/seed43/Weather/h336.pt,b5740e2efa978abb,early,2,False,Weather,16,219.33810605993494,latentflow-factorial-2x2x2-all28-three-seed-no-exchange-v2-selector-safe,factorial,10,latentflow_process_preserving_unfreeze2,5.0,0.001,336,,43.89761606781925,False,,0.0007,0.2990251137407399,2048,1024,LatentFlow,0.2740063495874998,0.02,10205.0,1628294,,0.30101054901098395,0.2759361857289072,False,2,-0.001985435270244029,-0.001929836141407404,,/work/11617/sujato_ts/vista/motion_code-master/physics_modal_v4/enhancements/results/factorial/runs/scale-multiscale__bank-on__continuation-early/seed43/Weather/h336.json,bda60c29e03a6f9f6da4a7fb474a3e81948d1b148dfa3cca09ec0812c8cb1ef8,/work/11617/sujato_ts/vista/motion_code-master/physics_modal_v4/enhancements/results/central/runs/early_fusion/seed43/Weather/h336.json,0.5234561582286522,multiscale,43,"{'inducing_points': 32, 'latent_dim': 16, 'patch_lens': [8, 16, 32], 'representation_weight': 0.001}",8-16-32,,True,True,96,False,0,163.25325101170165,extension,scale-multiscale__bank-on__continuation-early,0.0001,4
on,16,4,extension,0.6835833534361824,,/work/11617/sujato_ts/vista/motion_code-master/physics_modal_v4/enhancements/results/central/checkpoints/early_fusion/seed43/Weather/h720.pt,4a2624b6da178900,early,2,False,Weather,16,219.4927837899886,latentflow-factorial-2x2x2-all28-three-seed-no-exchange-v2-selector-safe,factorial,10,latentflow_process_preserving_unfreeze2,5.0,0.001,720,,41.93717391790177,False,,0.0007,0.3468226742213229,2048,1024,LatentFlow,0.34968257653179075,0.02,9821.0,2020430,,0.347052523450392,0.3504420589573538,False,2,-0.0002298492290691012,-0.0007594824255630628,,/work/11617/sujato_ts/vista/motion_code-master/physics_modal_v4/enhancements/results/factorial/runs/scale-multiscale__bank-on__continuation-early/seed43/Weather/h720.json,60771dab0ac229d313cd84468fc3b7def3625986728a594ee6af581ad25f778f,/work/11617/sujato_ts/vista/motion_code-master/physics_modal_v4/enhancements/results/central/runs/early_fusion/seed43/Weather/h720.json,0.5913396456621108,multiscale,43,"{'inducing_points': 32, 'latent_dim': 16, 'patch_lens': [8, 16, 32], 'representation_weight': 0.001}",8-16-32,,True,True,96,False,0,163.46410572268724,extension,scale-multiscale__bank-on__continuation-early,0.0001,4
on,16,5,extension,0.4341046463639017,,/work/11617/sujato_ts/vista/motion_code-master/physics_modal_v4/enhancements/results/central/checkpoints/early_fusion/seed43/Weather/h96.pt,039002700089167b,early,2,False,Weather,16,213.87737443088554,latentflow-factorial-2x2x2-all28-three-seed-no-exchange-v2-selector-safe,factorial,10,latentflow_process_preserving_unfreeze2,5.0,0.001,96,,42.80048387751739,False,,0.0007,0.21412060023326954,2048,1024,LatentFlow,0.16787896357361845,0.02,10445.0,1389340,,0.21944144009534766,0.17440594411105903,False,2,-0.005320839862078125,-0.00652698053744058,,/work/11617/sujato_ts/vista/motion_code-master/physics_modal_v4/enhancements/results/factorial/runs/scale-multiscale__bank-on__continuation-early/seed43/Weather/h96.json,89b6da64fe63bae33b8502aff922e5c749b860f9a95dc1c687cbed540319f5a4,/work/11617/sujato_ts/vista/motion_code-master/physics_modal_v4/enhancements/results/central/runs/early_fusion/seed43/Weather/h96.json,0.40973035471346086,multiscale,43,"{'inducing_points': 32, 'latent_dim': 16, 'patch_lens': [8, 16, 32], 'representation_weight': 0.001}",8-16-32,,True,True,96,False,0,158.96308091032552,extension,scale-multiscale__bank-on__continuation-early,0.0001,4
on,16,1,extension,1.0246859994672595,,/work/11617/sujato_ts/vista/motion_code-master/physics_modal_v4/enhancements/results/central/checkpoints/early_fusion/seed44/ETTh1/h192.pt,cf82fa93c2ebc386,early,2,False,ETTh1,16,138.6935581099242,latentflow-factorial-2x2x2-all28-three-seed-no-exchange-v2-selector-safe,factorial,10,latentflow_process_preserving_unfreeze2,5.0,0.001,192,,30.7833606598224,False,,0.0007,0.43469568700546707,2048,1024,LatentFlow,0.44942498100272793,0.02,2689.0,1535526,,0.4335250239414559,0.4477160018631498,False,2,0.001170663064011146,0.0017089791395781262,,/work/11617/sujato_ts/vista/motion_code-master/physics_modal_v4/enhancements/results/factorial/runs/scale-multiscale__bank-on__continuation-early/seed44/ETTh1/h192.json,5225968362895353a87fa1d849b9cb0a181899c38a3c0aaf6fe4b823b64a8bec,/work/11617/sujato_ts/vista/motion_code-master/physics_modal_v4/enhancements/results/central/runs/early_fusion/seed44/ETTh1/h192.json,0.6703916623905222,multiscale,44,"{'inducing_points': 32, 'latent_dim': 16, 'patch_lens': [16, 32, 48], 'representation_weight': 0.05}",16-32-48,,True,True,96,False,0,103.22728257306153,extension,scale-multiscale__bank-on__continuation-early,0.0001,4
on,16,1,extension,1.2861919378747746,,/work/11617/sujato_ts/vista/motion_code-master/physics_modal_v4/enhancements/results/central/checkpoints/early_fusion/seed44/ETTh1/h336.pt,44ed1c1661fc78a7,early,2,False,ETTh1,16,143.92523741349578,latentflow-factorial-2x2x2-all28-three-seed-no-exchange-v2-selector-safe,factorial,10,latentflow_process_preserving_unfreeze2,5.0,0.001,336,,31.088466697101353,False,,0.0007,0.461055069802788,2048,1024,LatentFlow,0.4909894772724829,0.02,2545.0,1676686,,0.45960576987732715,0.49471651836941954,False,2,0.001449299925460834,-0.0037270410969366674,,/work/11617/sujato_ts/vista/motion_code-master/physics_modal_v4/enhancements/results/factorial/runs/scale-multiscale__bank-on__continuation-early/seed44/ETTh1/h336.json,dffaadf78700aaff44806d0a412f1db21581a2f9d585b50ab9e30d904b093d8b,/work/11617/sujato_ts/vista/motion_code-master/physics_modal_v4/enhancements/results/central/runs/early_fusion/seed44/ETTh1/h336.json,0.7007064130379305,multiscale,44,"{'inducing_points': 32, 'latent_dim': 16, 'patch_lens': [16, 32, 48], 'representation_weight': 0.05}",16-32-48,,True,True,96,False,0,107.33655567455571,extension,scale-multiscale__bank-on__continuation-early,0.0001,4
on,16,0,reference,1.5637264736114986,,/work/11617/sujato_ts/vista/motion_code-master/physics_modal_v4/enhancements/results/central/checkpoints/early_fusion/seed44/ETTh1/h720.pt,996d81655b965a7c,early,2,False,ETTh1,16,140.24779547704384,latentflow-factorial-2x2x2-all28-three-seed-no-exchange-v2-selector-safe,factorial,10,latentflow_process_preserving_unfreeze2,5.0,0.001,720,,8.49459977792715,True,,0.0007,0.4802329831879081,2048,1024,LatentFlow,0.4984691149224758,0.02,2161.0,2055222,,0.4802329831879081,0.4984691149224758,False,2,0.0,0.0,,/work/11617/sujato_ts/vista/motion_code-master/physics_modal_v4/enhancements/results/factorial/runs/scale-multiscale__bank-on__continuation-early/seed44/ETTh1/h720.json,54fb12c92530825b53bad48309516f849599460c47353dc545d110ef18021b47,/work/11617/sujato_ts/vista/motion_code-master/physics_modal_v4/enhancements/results/central/runs/early_fusion/seed44/ETTh1/h720.json,0.7060234521051519,multiscale,44,"{'inducing_points': 32, 'latent_dim': 16, 'patch_lens': [16, 32, 48], 'representation_weight': 0.05}",16-32-48,,True,True,96,False,0,104.7771792858839,reference,scale-multiscale__bank-on__continuation-early,0.0001,4
on,16,1,extension,0.7684333439738977,,/work/11617/sujato_ts/vista/motion_code-master/physics_modal_v4/enhancements/results/central/checkpoints/early_fusion/seed44/ETTh1/h96.pt,c02a737e1492a922,early,2,False,ETTh1,16,139.9650408581365,latentflow-factorial-2x2x2-all28-three-seed-no-exchange-v2-selector-safe,factorial,10,latentflow_process_preserving_unfreeze2,5.0,0.001,96,,29.446638407282574,False,,0.0007,0.41321806310435344,2048,1024,LatentFlow,0.4058046105642385,0.02,2785.0,1441682,,0.41290058516086325,0.40439868635771326,False,2,0.0003174779434901853,0.0014059242065252442,,/work/11617/sujato_ts/vista/motion_code-master/physics_modal_v4/enhancements/results/factorial/runs/scale-multiscale__bank-on__continuation-early/seed44/ETTh1/h96.json,96c89d099f4ab2e2094b11c8ebc1a8899ba5dca89156ae178ec834272e41d5a6,/work/11617/sujato_ts/vista/motion_code-master/physics_modal_v4/enhancements/results/central/runs/early_fusion/seed44/ETTh1/h96.json,0.6370279511640274,multiscale,44,"{'inducing_points': 32, 'latent_dim': 16, 'patch_lens': [16, 32, 48], 'representation_weight': 0.05}",16-32-48,,True,True,96,False,0,104.24658381325571,extension,scale-multiscale__bank-on__continuation-early,0.0001,4
on,16,0,reference,0.27509241214110736,,/work/11617/sujato_ts/vista/motion_code-master/physics_modal_v4/enhancements/results/central/checkpoints/early_fusion/seed44/ETTh2/h192.pt,26ce691475466851,early,2,False,ETTh2,16,134.7417002483271,latentflow-factorial-2x2x2-all28-three-seed-no-exchange-v2-selector-safe,factorial,10,latentflow_process_preserving_unfreeze2,5.0,0.001,192,,7.886532236805219,True,,0.0007,0.40038104993692547,2048,1024,LatentFlow,0.38934538500320265,0.02,2689.0,1505278,,0.40038104993692547,0.38934538500320265,False,2,0.0,0.0,,/work/11617/sujato_ts/vista/motion_code-master/physics_modal_v4/enhancements/results/factorial/runs/scale-multiscale__bank-on__continuation-early/seed44/ETTh2/h192.json,83e6e6886e5e1f167deb84351655db6dcf8cb47999c110269fe0d2b3befa0ff5,/work/11617/sujato_ts/vista/motion_code-master/physics_modal_v4/enhancements/results/central/runs/early_fusion/seed44/ETTh2/h192.json,0.6239754682703501,multiscale,44,"{'inducing_points': 32, 'latent_dim': 8, 'patch_lens': [16, 32, 48], 'representation_weight': 0.001}",16-32-48,,True,True,96,False,0,100.4377605033369,reference,scale-multiscale__bank-on__continuation-early,0.0001,4
on,16,0,reference,0.35774983323755716,,/work/11617/sujato_ts/vista/motion_code-master/physics_modal_v4/enhancements/results/central/checkpoints/early_fusion/seed44/ETTh2/h336.pt,4bece546f3b39765,early,2,False,ETTh2,16,131.49030674109235,latentflow-factorial-2x2x2-all28-three-seed-no-exchange-v2-selector-safe,factorial,10,latentflow_process_preserving_unfreeze2,5.0,0.001,336,,7.9229179463243185,True,,0.0007,0.4241401757912671,2048,1024,LatentFlow,0.41043008342135356,0.02,2545.0,1646438,,0.4241401757912671,0.41043008342135356,False,2,0.0,0.0,,/work/11617/sujato_ts/vista/motion_code-master/physics_modal_v4/enhancements/results/factorial/runs/scale-multiscale__bank-on__continuation-early/seed44/ETTh2/h336.json,e975ba721e7a15f5b48e61ec60a4a34ebb3bbdae1a975e32e8b54a6c1663fbd1,/work/11617/sujato_ts/vista/motion_code-master/physics_modal_v4/enhancements/results/central/runs/early_fusion/seed44/ETTh2/h336.json,0.6406481744462819,multiscale,44,"{'inducing_points': 32, 'latent_dim': 8, 'patch_lens': [16, 32, 48], 'representation_weight': 0.001}",16-32-48,,True,True,96,False,0,97.92895189839328,reference,scale-multiscale__bank-on__continuation-early,0.0001,4
on,16,0,reference,0.6189794491207788,,/work/11617/sujato_ts/vista/motion_code-master/physics_modal_v4/enhancements/results/central/checkpoints/early_fusion/seed44/ETTh2/h720.pt,0e98d9c986f7b528,early,2,False,ETTh2,16,133.82925041392446,latentflow-factorial-2x2x2-all28-three-seed-no-exchange-v2-selector-safe,factorial,10,latentflow_process_preserving_unfreeze2,5.0,0.001,720,,7.5789758650613805,True,,0.0007,0.4511602481575769,2048,1024,LatentFlow,0.43759845636049677,0.02,2161.0,2024974,,0.4511602481575769,0.43759845636049677,False,2,0.0,0.0,,/work/11617/sujato_ts/vista/motion_code-master/physics_modal_v4/enhancements/results/factorial/runs/scale-multiscale__bank-on__continuation-early/seed44/ETTh2/h720.json,dea633459d962589dfc018e317d65d9b1612239c1193b032499f722bd6b12b50,/work/11617/sujato_ts/vista/motion_code-master/physics_modal_v4/enhancements/results/central/runs/early_fusion/seed44/ETTh2/h720.json,0.6615122495921726,multiscale,44,"{'inducing_points': 32, 'latent_dim': 8, 'patch_lens': [16, 32, 48], 'representation_weight': 0.001}",16-32-48,,True,True,96,False,0,99.96345576073509,reference,scale-multiscale__bank-on__continuation-early,0.0001,4
on,16,0,reference,0.22774122557824567,,/work/11617/sujato_ts/vista/motion_code-master/physics_modal_v4/enhancements/results/central/checkpoints/early_fusion/seed44/ETTh2/h96.pt,2c72b985b708780a,early,2,False,ETTh2,16,130.27844447188545,latentflow-factorial-2x2x2-all28-three-seed-no-exchange-v2-selector-safe,factorial,10,latentflow_process_preserving_unfreeze2,5.0,0.001,96,,7.835679469533222,True,,0.0007,0.35057852634907055,2048,1024,LatentFlow,0.30207650445613776,0.02,2785.0,1411434,,0.35057852634907055,0.30207650445613776,False,2,0.0,0.0,,/work/11617/sujato_ts/vista/motion_code-master/physics_modal_v4/enhancements/results/factorial/runs/scale-multiscale__bank-on__continuation-early/seed44/ETTh2/h96.json,4d498de697e8345a6d6bfda197782a742fb51ec790000ad5f14a1ff09d236aaa,/work/11617/sujato_ts/vista/motion_code-master/physics_modal_v4/enhancements/results/central/runs/early_fusion/seed44/ETTh2/h96.json,0.5496148692094655,multiscale,44,"{'inducing_points': 32, 'latent_dim': 8, 'patch_lens': [16, 32, 48], 'representation_weight': 0.001}",16-32-48,,True,True,96,False,0,96.92907841717897,reference,scale-multiscale__bank-on__continuation-early,0.0001,4
on,16,2,extension,0.5133092777714843,,/work/11617/sujato_ts/vista/motion_code-master/physics_modal_v4/enhancements/results/central/checkpoints/early_fusion/seed44/ETTm1/h192.pt,c7e7c7b9f051908c,early,2,False,ETTm1,16,144.3267972022295,latentflow-factorial-2x2x2-all28-three-seed-no-exchange-v2-selector-safe,factorial,10,latentflow_process_preserving_unfreeze2,5.0,0.001,192,,28.46898565818378,False,,0.0007,0.399999096720995,2048,1024,LatentFlow,0.3818933828075599,0.02,11329.0,1493398,,0.39690445315149436,0.38091796920713705,False,2,0.0030946435695006214,0.0009754136004228586,,/work/11617/sujato_ts/vista/motion_code-master/physics_modal_v4/enhancements/results/factorial/runs/scale-multiscale__bank-on__continuation-early/seed44/ETTm1/h192.json,7950626cd2c8ea43b035fc7f76f52276e52a24cb7d0cdc8cc93cc817db45b28b,/work/11617/sujato_ts/vista/motion_code-master/physics_modal_v4/enhancements/results/central/runs/early_fusion/seed44/ETTm1/h192.json,0.6179752283122357,multiscale,44,"{'inducing_points': 32, 'latent_dim': 8, 'patch_lens': [8, 24, 48], 'representation_weight': 0.01}",8-24-48,,True,True,96,False,0,104.36016028652375,extension,scale-multiscale__bank-on__continuation-early,0.0001,4
on,16,2,extension,0.6556512551242802,,/work/11617/sujato_ts/vista/motion_code-master/physics_modal_v4/enhancements/results/central/checkpoints/early_fusion/seed44/ETTm1/h336.pt,3e7726f145ecf73b,early,2,False,ETTm1,16,141.0657770591788,latentflow-factorial-2x2x2-all28-three-seed-no-exchange-v2-selector-safe,factorial,10,latentflow_process_preserving_unfreeze2,5.0,0.001,336,,30.580784949369963,False,,0.0007,0.42001095337527683,2048,1024,LatentFlow,0.4211395609738032,0.02,11185.0,1636816,,0.42013383945823324,0.41942832109940376,False,2,-0.00012288608295640824,0.0017112398743994173,,/work/11617/sujato_ts/vista/motion_code-master/physics_modal_v4/enhancements/results/factorial/runs/scale-multiscale__bank-on__continuation-early/seed44/ETTm1/h336.json,2aec43cd7182ca786c77bc7dd225220eb529e0ec94b4951f0dda89a10ee78968,/work/11617/sujato_ts/vista/motion_code-master/physics_modal_v4/enhancements/results/central/runs/early_fusion/seed44/ETTm1/h336.json,0.6489526646634585,multiscale,44,"{'inducing_points': 32, 'latent_dim': 8, 'patch_lens': [8, 24, 48], 'representation_weight': 0.01}",8-24-48,,True,True,96,False,0,101.82762128988543,extension,scale-multiscale__bank-on__continuation-early,0.0001,4
on,16,3,extension,0.9957158156803676,,/work/11617/sujato_ts/vista/motion_code-master/physics_modal_v4/enhancements/results/central/checkpoints/early_fusion/seed44/ETTm1/h720.pt,3180a79203d83aa5,early,2,False,ETTm1,16,142.96991709247231,latentflow-factorial-2x2x2-all28-three-seed-no-exchange-v2-selector-safe,factorial,10,latentflow_process_preserving_unfreeze2,5.0,0.001,720,,28.15240047849958,False,,0.0007,0.4969199833199796,2048,1024,LatentFlow,0.5473164734850687,0.02,10801.0,2026480,,0.4723798172097284,0.4975596802034616,False,2,0.024540166110251227,0.04975679328160715,,/work/11617/sujato_ts/vista/motion_code-master/physics_modal_v4/enhancements/results/factorial/runs/scale-multiscale__bank-on__continuation-early/seed44/ETTm1/h720.json,a0ee8da75e2a28c6b300d8aac43206d3a0a83b350ece02148bc580f2922a5037,/work/11617/sujato_ts/vista/motion_code-master/physics_modal_v4/enhancements/results/central/runs/early_fusion/seed44/ETTm1/h720.json,0.7398084032268549,multiscale,44,"{'inducing_points': 32, 'latent_dim': 8, 'patch_lens': [8, 24, 48], 'representation_weight': 0.01}",8-24-48,,True,True,96,False,0,103.67532661475707,extension,scale-multiscale__bank-on__continuation-early,0.0001,4
on,16,1,extension,0.39564883504949866,,/work/11617/sujato_ts/vista/motion_code-master/physics_modal_v4/enhancements/results/central/checkpoints/early_fusion/seed44/ETTm1/h96.pt,4aec2a489c0d98dc,early,2,False,ETTm1,16,142.78241324890405,latentflow-factorial-2x2x2-all28-three-seed-no-exchange-v2-selector-safe,factorial,10,latentflow_process_preserving_unfreeze2,5.0,0.001,96,,28.609133753625134,False,,0.0007,0.3729542966121011,2048,1024,LatentFlow,0.335373433493594,0.02,11425.0,1398606,,0.3739250022798351,0.33656029815014,False,2,-0.0009707056677339954,-0.001186864656545994,,/work/11617/sujato_ts/vista/motion_code-master/physics_modal_v4/enhancements/results/factorial/runs/scale-multiscale__bank-on__continuation-early/seed44/ETTm1/h96.json,db307bb10742ab3b09c23956d5a7118d87d581f41e6ad1ed8d7cd9af4d5d7508,/work/11617/sujato_ts/vista/motion_code-master/physics_modal_v4/enhancements/results/central/runs/early_fusion/seed44/ETTm1/h96.json,0.5791143526917581,multiscale,44,"{'inducing_points': 32, 'latent_dim': 8, 'patch_lens': [8, 24, 48], 'representation_weight': 0.01}",8-24-48,,True,True,96,False,0,103.09595974540571,extension,scale-multiscale__bank-on__continuation-early,0.0001,4
on,16,1,extension,0.16989797362614245,,/work/11617/sujato_ts/vista/motion_code-master/physics_modal_v4/enhancements/results/central/checkpoints/early_fusion/seed44/ETTm2/h192.pt,730cdb98a6293067,early,2,False,ETTm2,16,145.65526561485603,latentflow-factorial-2x2x2-all28-three-seed-no-exchange-v2-selector-safe,factorial,10,latentflow_process_preserving_unfreeze2,5.0,0.001,192,,29.021395861053946,False,,0.0007,0.30315046134168083,2048,1024,LatentFlow,0.2424836605437154,0.02,11329.0,1468534,,0.30433047977007194,0.24387946023680443,False,2,-0.0011800184283911053,-0.0013957996930890337,,/work/11617/sujato_ts/vista/motion_code-master/physics_modal_v4/enhancements/results/factorial/runs/scale-multiscale__bank-on__continuation-early/seed44/ETTm2/h192.json,9fbd111d9b9d740e729b7fb6f40267f574f3e44a1eecae653fa7ed1f69eb90b9,/work/11617/sujato_ts/vista/motion_code-master/physics_modal_v4/enhancements/results/central/runs/early_fusion/seed44/ETTm2/h192.json,0.4924262996060582,multiscale,44,"{'inducing_points': 16, 'latent_dim': 8, 'patch_lens': [8, 16, 32], 'representation_weight': 0.001}",8-16-32,,True,True,96,False,0,105.30663442441437,extension,scale-multiscale__bank-on__continuation-early,0.0001,4
on,16,2,extension,0.21535616373123767,,/work/11617/sujato_ts/vista/motion_code-master/physics_modal_v4/enhancements/results/central/checkpoints/early_fusion/seed44/ETTm2/h336.pt,de6921c988935ad9,early,2,False,ETTm2,16,139.69108110107481,latentflow-factorial-2x2x2-all28-three-seed-no-exchange-v2-selector-safe,factorial,10,latentflow_process_preserving_unfreeze2,5.0,0.001,336,,28.07888957567748,False,,0.0007,0.34513229454986455,2048,1024,LatentFlow,0.3079659984139765,0.02,11185.0,1612484,,0.346752295492731,0.30991552585025506,False,2,-0.001620000942866462,-0.0019495274362785753,,/work/11617/sujato_ts/vista/motion_code-master/physics_modal_v4/enhancements/results/factorial/runs/scale-multiscale__bank-on__continuation-early/seed44/ETTm2/h336.json,a65d37a1807085d2396e6899fec0533a14a9c6290e1f1f4ee8146f090c985a85,/work/11617/sujato_ts/vista/motion_code-master/physics_modal_v4/enhancements/results/central/runs/early_fusion/seed44/ETTm2/h336.json,0.554946842872339,multiscale,44,"{'inducing_points': 16, 'latent_dim': 8, 'patch_lens': [8, 16, 32], 'representation_weight': 0.001}",8-16-32,,True,True,96,False,0,100.86916365089564,extension,scale-multiscale__bank-on__continuation-early,0.0001,4
on,16,0,reference,0.30286388974341133,,/work/11617/sujato_ts/vista/motion_code-master/physics_modal_v4/enhancements/results/central/checkpoints/early_fusion/seed44/ETTm2/h720.pt,34f5fd9d5c761257,early,2,False,ETTm2,16,140.44172913581133,latentflow-factorial-2x2x2-all28-three-seed-no-exchange-v2-selector-safe,factorial,10,latentflow_process_preserving_unfreeze2,5.0,0.001,720,,7.49566807834437,True,,0.0007,0.406837863068797,2048,1024,LatentFlow,0.41702886235783804,0.02,10801.0,2004620,,0.406837863068797,0.41702886235783804,False,2,0.0,0.0,,/work/11617/sujato_ts/vista/motion_code-master/physics_modal_v4/enhancements/results/factorial/runs/scale-multiscale__bank-on__continuation-early/seed44/ETTm2/h720.json,23ca0575d522f974f934cee780b3c62871be1a8bd583e03b76331f7f5e652427,/work/11617/sujato_ts/vista/motion_code-master/physics_modal_v4/enhancements/results/central/runs/early_fusion/seed44/ETTm2/h720.json,0.6457777190007704,multiscale,44,"{'inducing_points': 16, 'latent_dim': 8, 'patch_lens': [8, 16, 32], 'representation_weight': 0.001}",8-16-32,,True,True,96,False,0,101.39175117947161,reference,scale-multiscale__bank-on__continuation-early,0.0001,4
on,16,3,extension,0.12806850636289233,,/work/11617/sujato_ts/vista/motion_code-master/physics_modal_v4/enhancements/results/central/checkpoints/early_fusion/seed44/ETTm2/h96.pt,88d35532f79c9df1,early,2,False,ETTm2,16,142.23877384979278,latentflow-factorial-2x2x2-all28-three-seed-no-exchange-v2-selector-safe,factorial,10,latentflow_process_preserving_unfreeze2,5.0,0.001,96,,29.82482718248939,False,,0.0007,0.2584291649142988,2048,1024,LatentFlow,0.17472677815938054,0.02,11425.0,1373530,,0.2594324529460411,0.1759595858709159,False,2,-0.001003288031742322,-0.0012328077115353608,,/work/11617/sujato_ts/vista/motion_code-master/physics_modal_v4/enhancements/results/factorial/runs/scale-multiscale__bank-on__continuation-early/seed44/ETTm2/h96.json,3a90da0d199faca8f4204617495d7638603d90720e2aa8bf8929e470d49a4eab,/work/11617/sujato_ts/vista/motion_code-master/physics_modal_v4/enhancements/results/central/runs/early_fusion/seed44/ETTm2/h96.json,0.41800332314394406,multiscale,44,"{'inducing_points': 16, 'latent_dim': 8, 'patch_lens': [8, 16, 32], 'representation_weight': 0.001}",8-16-32,,True,True,96,False,0,102.83983170374995,extension,scale-multiscale__bank-on__continuation-early,0.0001,4
on,16,10,extension,0.14549487491881982,,/work/11617/sujato_ts/vista/motion_code-master/physics_modal_v4/enhancements/results/central/checkpoints/early_fusion/seed44/Electricity/h192.pt,e1d7f259d0eb9abc,early,2,False,Electricity,16,670.6673972457647,latentflow-factorial-2x2x2-all28-three-seed-no-exchange-v2-selector-safe,factorial,10,latentflow_process_preserving_unfreeze2,5.0,0.001,192,,37.885067977105365,False,,0.0007,0.2842574402622293,2048,1024,LatentFlow,0.18529807224766745,0.02,5071.0,1482127,,0.2683383279235023,0.1773355172662888,False,2,0.015919112338727004,0.007962554981378656,,/work/11617/sujato_ts/vista/motion_code-master/physics_modal_v4/enhancements/results/factorial/runs/scale-multiscale__bank-on__continuation-early/seed44/Electricity/h192.json,3f7bcaa80c37987078b141abf7fca2324519e4792b076710f78be879faa31a19,/work/11617/sujato_ts/vista/motion_code-master/physics_modal_v4/enhancements/results/central/runs/early_fusion/seed44/Electricity/h192.json,0.4304626258430196,multiscale,44,"{'inducing_points': 32, 'latent_dim': 16, 'patch_lens': [8, 16, 32], 'representation_weight': 0.001}",8-16-32,,True,True,96,False,0,499.9899954218563,extension,scale-multiscale__bank-on__continuation-early,0.0001,4
on,16,10,extension,0.16151910375689316,,/work/11617/sujato_ts/vista/motion_code-master/physics_modal_v4/enhancements/results/central/checkpoints/early_fusion/seed44/Electricity/h336.pt,755c6f8b11542c45,early,2,False,Electricity,16,666.8288609409938,latentflow-factorial-2x2x2-all28-three-seed-no-exchange-v2-selector-safe,factorial,10,latentflow_process_preserving_unfreeze2,5.0,0.001,336,,38.641793443632075,False,,0.0007,0.34476332888881217,2048,1024,LatentFlow,0.23541462062092447,0.02,4927.0,1626077,,0.28420340836451774,0.1934285180488271,False,2,0.06055992052429443,0.04198610257209737,,/work/11617/sujato_ts/vista/motion_code-master/physics_modal_v4/enhancements/results/factorial/runs/scale-multiscale__bank-on__continuation-early/seed44/Electricity/h336.json,0fdf86ea2b36d0f44a796b630f24753cda14f60bd6eedf6279a85e7f11701b42,/work/11617/sujato_ts/vista/motion_code-master/physics_modal_v4/enhancements/results/central/runs/early_fusion/seed44/Electricity/h336.json,0.48519544579573753,multiscale,44,"{'inducing_points': 32, 'latent_dim': 16, 'patch_lens': [8, 16, 32], 'representation_weight': 0.001}",8-16-32,,True,True,96,False,0,498.2379881007546,extension,scale-multiscale__bank-on__continuation-early,0.0001,4
on,16,8,extension,0.19341941218179748,,/work/11617/sujato_ts/vista/motion_code-master/physics_modal_v4/enhancements/results/central/checkpoints/early_fusion/seed44/Electricity/h720.pt,4e6730c886983b76,early,2,False,Electricity,16,703.6815963368863,latentflow-factorial-2x2x2-all28-three-seed-no-exchange-v2-selector-safe,factorial,10,latentflow_process_preserving_unfreeze2,5.0,0.001,720,,40.85772635531817,False,,0.0007,0.35087571744111323,2048,1024,LatentFlow,0.2547563841113609,0.02,4543.0,2018213,,0.3137325625271815,0.22898968459258237,False,2,0.03714315491393172,0.025766699518778552,,/work/11617/sujato_ts/vista/motion_code-master/physics_modal_v4/enhancements/results/factorial/runs/scale-multiscale__bank-on__continuation-early/seed44/Electricity/h720.json,5acabb6320f2aeadbdbf886b13342c12821573f54fdcda47dccb6159f0bdeca1,/work/11617/sujato_ts/vista/motion_code-master/physics_modal_v4/enhancements/results/central/runs/early_fusion/seed44/Electricity/h720.json,0.5047339736052656,multiscale,44,"{'inducing_points': 32, 'latent_dim': 16, 'patch_lens': [8, 16, 32], 'representation_weight': 0.001}",8-16-32,,True,True,96,False,0,527.6550972979749,extension,scale-multiscale__bank-on__continuation-early,0.0001,4
on,16,10,extension,0.13190486689841882,,/work/11617/sujato_ts/vista/motion_code-master/physics_modal_v4/enhancements/results/central/checkpoints/early_fusion/seed44/Electricity/h96.pt,6453e3ca3a3aa507,early,2,False,Electricity,16,620.6669611700345,latentflow-factorial-2x2x2-all28-three-seed-no-exchange-v2-selector-safe,factorial,10,latentflow_process_preserving_unfreeze2,5.0,0.001,96,,37.202616662866355,False,,0.0007,0.29800066227646466,2048,1024,LatentFlow,0.1918373164174365,0.02,5167.0,1387123,,0.25770278107895644,0.16636889186059933,False,2,0.04029788119750821,0.025468424556837177,,/work/11617/sujato_ts/vista/motion_code-master/physics_modal_v4/enhancements/results/factorial/runs/scale-multiscale__bank-on__continuation-early/seed44/Electricity/h96.json,f70a17c4567040832714150e46f095316d6134db54e4d53030369d8fdf998a4c,/work/11617/sujato_ts/vista/motion_code-master/physics_modal_v4/enhancements/results/central/runs/early_fusion/seed44/Electricity/h96.json,0.4379923702730865,multiscale,44,"{'inducing_points': 32, 'latent_dim': 16, 'patch_lens': [8, 16, 32], 'representation_weight': 0.001}",8-16-32,,True,True,96,False,0,463.55598416566863,extension,scale-multiscale__bank-on__continuation-early,0.0001,4
on,16,10,extension,0.38622752991371717,,/work/11617/sujato_ts/vista/motion_code-master/physics_modal_v4/enhancements/results/central/checkpoints/early_fusion/seed44/Traffic/h192.pt,2ec5181cd39a1ad9,early,2,False,Traffic,16,1298.972135561984,latentflow-factorial-2x2x2-all28-three-seed-no-exchange-v2-selector-safe,factorial,10,latentflow_process_preserving_unfreeze2,5.0,0.001,192,,89.00798870048683,False,,0.0007,0.33634231056971237,2048,1024,LatentFlow,0.48175414406135225,0.02,3319.0,1483750,,0.30739572277259186,0.46082103677292563,False,2,0.028946587797120504,0.020933107288426622,,/work/11617/sujato_ts/vista/motion_code-master/physics_modal_v4/enhancements/results/factorial/runs/scale-multiscale__bank-on__continuation-early/seed44/Traffic/h192.json,7dc0dce27ad364ef264e701a18ecf283f19e0de69cfc48ce46e5586df3e3a615,/work/11617/sujato_ts/vista/motion_code-master/physics_modal_v4/enhancements/results/central/runs/early_fusion/seed44/Traffic/h192.json,0.6940851129806432,multiscale,44,"{'inducing_points': 32, 'latent_dim': 16, 'patch_lens': [8, 16, 32], 'representation_weight': 0.001}",8-16-32,,True,True,96,False,0,990.4770544671919,extension,scale-multiscale__bank-on__continuation-early,0.0001,4
on,16,10,extension,0.3976111141782665,,/work/11617/sujato_ts/vista/motion_code-master/physics_modal_v4/enhancements/results/central/checkpoints/early_fusion/seed44/Traffic/h336.pt,214858cdd14bdd97,early,2,False,Traffic,16,1372.0724662640132,latentflow-factorial-2x2x2-all28-three-seed-no-exchange-v2-selector-safe,factorial,10,latentflow_process_preserving_unfreeze2,5.0,0.001,336,,92.60230822573331,False,,0.0007,0.35659969174432155,2048,1024,LatentFlow,0.5053496736314645,0.02,3175.0,1627700,,0.31206508369540015,0.47452687093646717,False,2,0.0445346080489214,0.030822802694997375,,/work/11617/sujato_ts/vista/motion_code-master/physics_modal_v4/enhancements/results/factorial/runs/scale-multiscale__bank-on__continuation-early/seed44/Traffic/h336.json,e3c2f40d3584d4a14704597210b8173326aeef4c26aab186d6f823bda30a280e,/work/11617/sujato_ts/vista/motion_code-master/physics_modal_v4/enhancements/results/central/runs/early_fusion/seed44/Traffic/h336.json,0.7108795071117641,multiscale,44,"{'inducing_points': 32, 'latent_dim': 16, 'patch_lens': [8, 16, 32], 'representation_weight': 0.001}",8-16-32,,True,True,96,False,0,1046.8658749476162,extension,scale-multiscale__bank-on__continuation-early,0.0001,4
on,16,10,extension,0.4419290041548593,,/work/11617/sujato_ts/vista/motion_code-master/physics_modal_v4/enhancements/results/central/checkpoints/early_fusion/seed44/Traffic/h720.pt,53291c407b018b1a,early,2,False,Traffic,16,1484.6814285498112,latentflow-factorial-2x2x2-all28-three-seed-no-exchange-v2-selector-safe,factorial,10,latentflow_process_preserving_unfreeze2,5.0,0.001,720,,99.72133268013425,False,,0.0007,0.399778417443237,2048,1024,LatentFlow,0.58384383901365,0.02,2791.0,2019836,,0.32872690371730795,0.5039912666880244,False,2,0.07105151372592905,0.07985257232562559,,/work/11617/sujato_ts/vista/motion_code-master/physics_modal_v4/enhancements/results/factorial/runs/scale-multiscale__bank-on__continuation-early/seed44/Traffic/h720.json,438654dffa2068d3c9a694e010cf5f44842b94534f3996a84a5a65667d7e03e5,/work/11617/sujato_ts/vista/motion_code-master/physics_modal_v4/enhancements/results/central/runs/early_fusion/seed44/Traffic/h720.json,0.7640967471555222,multiscale,44,"{'inducing_points': 32, 'latent_dim': 16, 'patch_lens': [8, 16, 32], 'representation_weight': 0.001}",8-16-32,,True,True,96,False,0,1132.928201276809,extension,scale-multiscale__bank-on__continuation-early,0.0001,4
on,16,10,extension,0.39135836227310783,,/work/11617/sujato_ts/vista/motion_code-master/physics_modal_v4/enhancements/results/central/checkpoints/early_fusion/seed44/Traffic/h96.pt,3893bba960154b2d,early,2,False,Traffic,16,1299.6068034050986,latentflow-factorial-2x2x2-all28-three-seed-no-exchange-v2-selector-safe,factorial,10,latentflow_process_preserving_unfreeze2,5.0,0.001,96,,86.56192022631822,False,,0.0007,0.32597277114484463,2048,1024,LatentFlow,0.46150098829736386,0.02,3415.0,1388746,,0.30655234342666093,0.4496583836624306,False,2,0.019420427718183697,0.011842604634933251,,/work/11617/sujato_ts/vista/motion_code-master/physics_modal_v4/enhancements/results/factorial/runs/scale-multiscale__bank-on__continuation-early/seed44/Traffic/h96.json,f2657d42148a6bd57e65643bd7036db8aeb0a9bc813bac86e2ceb4e22b3502e5,/work/11617/sujato_ts/vista/motion_code-master/physics_modal_v4/enhancements/results/central/runs/early_fusion/seed44/Traffic/h96.json,0.6793386403682363,multiscale,44,"{'inducing_points': 32, 'latent_dim': 16, 'patch_lens': [8, 16, 32], 'representation_weight': 0.001}",8-16-32,,True,True,96,False,0,990.4690376923099,extension,scale-multiscale__bank-on__continuation-early,0.0001,4
on,16,3,extension,0.4764091582998397,,/work/11617/sujato_ts/vista/motion_code-master/physics_modal_v4/enhancements/results/central/checkpoints/early_fusion/seed44/Weather/h192.pt,2f95f6cd3b9c6f4b,early,2,False,Weather,16,216.41548810712993,latentflow-factorial-2x2x2-all28-three-seed-no-exchange-v2-selector-safe,factorial,10,latentflow_process_preserving_unfreeze2,5.0,0.001,192,,43.78916152929815,False,,0.0007,0.2580967270822438,2048,1024,LatentFlow,0.21537387161949148,0.02,10349.0,1484344,,0.2600385955754893,0.21730064049684683,False,2,-0.0019418684932455132,-0.0019267688773553504,,/work/11617/sujato_ts/vista/motion_code-master/physics_modal_v4/enhancements/results/factorial/runs/scale-multiscale__bank-on__continuation-early/seed44/Weather/h192.json,f818aa07ca48f7930b7e69e1775a35cd4d9d1345eb241d9f2828da14955022d9,/work/11617/sujato_ts/vista/motion_code-master/physics_modal_v4/enhancements/results/central/runs/early_fusion/seed44/Weather/h192.json,0.4640839057966689,multiscale,44,"{'inducing_points': 32, 'latent_dim': 16, 'patch_lens': [8, 16, 32], 'representation_weight': 0.001}",8-16-32,,True,True,96,False,0,160.86624040908646,extension,scale-multiscale__bank-on__continuation-early,0.0001,4
on,16,3,extension,0.5649595374152774,,/work/11617/sujato_ts/vista/motion_code-master/physics_modal_v4/enhancements/results/central/checkpoints/early_fusion/seed44/Weather/h336.pt,3c544d0b16f69cf3,early,2,False,Weather,16,226.32310259342194,latentflow-factorial-2x2x2-all28-three-seed-no-exchange-v2-selector-safe,factorial,10,latentflow_process_preserving_unfreeze2,5.0,0.001,336,,40.088464013951004,False,,0.0007,0.29815659779096443,2048,1024,LatentFlow,0.2741485719220383,0.02,10205.0,1628294,,0.29850318916989743,0.2750726298429799,False,2,-0.0003465913789330033,-0.0009240579209416344,,/work/11617/sujato_ts/vista/motion_code-master/physics_modal_v4/enhancements/results/factorial/runs/scale-multiscale__bank-on__continuation-early/seed44/Weather/h336.json,7224be21717e5c215d178521078ee62c93aa85b491c94f9d5dbcb1ad96fb3790,/work/11617/sujato_ts/vista/motion_code-master/physics_modal_v4/enhancements/results/central/runs/early_fusion/seed44/Weather/h336.json,0.5235919899330377,multiscale,44,"{'inducing_points': 32, 'latent_dim': 16, 'patch_lens': [8, 16, 32], 'representation_weight': 0.001}",8-16-32,,True,True,96,False,0,168.20834113605088,extension,scale-multiscale__bank-on__continuation-early,0.0001,4
on,16,3,extension,0.6869685490926106,,/work/11617/sujato_ts/vista/motion_code-master/physics_modal_v4/enhancements/results/central/checkpoints/early_fusion/seed44/Weather/h720.pt,a0c186aec7cc0397,early,2,False,Weather,16,210.8014997949358,latentflow-factorial-2x2x2-all28-three-seed-no-exchange-v2-selector-safe,factorial,10,latentflow_process_preserving_unfreeze2,5.0,0.001,720,,44.80395549177831,False,,0.0007,0.34901052708289054,2048,1024,LatentFlow,0.35116989673343574,0.02,9821.0,2020430,,0.34861569143513804,0.3508948760519777,False,2,0.0003948356477525006,0.00027502068145801584,,/work/11617/sujato_ts/vista/motion_code-master/physics_modal_v4/enhancements/results/factorial/runs/scale-multiscale__bank-on__continuation-early/seed44/Weather/h720.json,0d04efb12076ceecf37e1a461715736348e6ed3adbb137e8f17975b009173407,/work/11617/sujato_ts/vista/motion_code-master/physics_modal_v4/enhancements/results/central/runs/early_fusion/seed44/Weather/h720.json,0.5925958966559216,multiscale,44,"{'inducing_points': 32, 'latent_dim': 16, 'patch_lens': [8, 16, 32], 'representation_weight': 0.001}",8-16-32,,True,True,96,False,0,157.14302271790075,extension,scale-multiscale__bank-on__continuation-early,0.0001,4
on,16,2,extension,0.4323927579181535,,/work/11617/sujato_ts/vista/motion_code-master/physics_modal_v4/enhancements/results/central/checkpoints/early_fusion/seed44/Weather/h96.pt,e80acc4fbe7859cf,early,2,False,Weather,16,207.60295535507612,latentflow-factorial-2x2x2-all28-three-seed-no-exchange-v2-selector-safe,factorial,10,latentflow_process_preserving_unfreeze2,5.0,0.001,96,,41.389911847200516,False,,0.0007,0.21293399105892166,2048,1024,LatentFlow,0.16632310204164363,0.02,10445.0,1389340,,0.21463701233574736,0.1676124202927663,False,2,-0.0017030212768257003,-0.001289318251122662,,/work/11617/sujato_ts/vista/motion_code-master/physics_modal_v4/enhancements/results/factorial/runs/scale-multiscale__bank-on__continuation-early/seed44/Weather/h96.json,514eb270b3c50569c0e712d606042220cb69c119e7fab49996cce427fabd0a63,/work/11617/sujato_ts/vista/motion_code-master/physics_modal_v4/enhancements/results/central/runs/early_fusion/seed44/Weather/h96.json,0.4078272943804076,multiscale,44,"{'inducing_points': 32, 'latent_dim': 16, 'patch_lens': [8, 16, 32], 'representation_weight': 0.001}",8-16-32,,True,True,96,False,0,154.31389360237517,extension,scale-multiscale__bank-on__continuation-early,0.0001,4
on,16,2,extension,1.0223425460003672,latentflow_process_preserving_unfreeze2,/work/11617/sujato_ts/vista/motion_code-master/physics_modal_v4/results/final/checkpoints/LatentFlow/seed42/ETTh1/h192.pt,7114eb44ef88e138,preserved,2,False,ETTh1,16,148.53247457323596,latentflow-factorial-2x2x2-all28-three-seed-no-exchange-v2-selector-safe,factorial,10,latentflow_process_preserving_unfreeze2,5.0,0.001,192,32,30.60323074683101,,16,0.0007,0.4382346060930079,2048,1024,LatentFlow,0.4491692546255481,0.02,2689.0,1535526,16-32-48,,,False,2,,,0.05,/work/11617/sujato_ts/vista/motion_code-master/physics_modal_v4/enhancements/results/factorial/runs/scale-multiscale__bank-on__continuation-preserved/seed42/ETTh1/h192.json,661b72421693b50fe912559c85bd30f85c677790a5f53e4999cfce178c8444d7,/work/11617/sujato_ts/vista/motion_code-master/physics_modal_v4/enhancements/results/central/runs/final_no_exchange/seed42/ETTh1/h192.json,0.6702009061658661,multiscale,42,"{'inducing_points': 32, 'latent_dim': 16, 'patch_lens': [16, 32, 48], 'representation_weight': 0.05}",,validation MSE only; test evaluated once,True,,96,False,,102.23439767396485,,scale-multiscale__bank-on__continuation-preserved,0.0001,4
on,16,0,reference,1.2844313245241334,latentflow_process_preserving_unfreeze2,/work/11617/sujato_ts/vista/motion_code-master/physics_modal_v4/results/final/checkpoints/LatentFlow/seed42/ETTh1/h336.pt,0450f7b93a488e76,preserved,2,False,ETTh1,16,141.27948689134791,latentflow-factorial-2x2x2-all28-three-seed-no-exchange-v2-selector-safe,factorial,10,latentflow_process_preserving_unfreeze2,5.0,0.001,336,32,7.760938592962449,,16,0.0007,0.45415585197978037,2048,1024,LatentFlow,0.4817180077371921,0.02,2545.0,1676686,16-32-48,,,False,2,,,0.05,/work/11617/sujato_ts/vista/motion_code-master/physics_modal_v4/enhancements/results/factorial/runs/scale-multiscale__bank-on__continuation-preserved/seed42/ETTh1/h336.json,e3a8d8ece16db016b1f46d1d2bac31b5752de8c290bd189a2e85d79346ec6dc3,/work/11617/sujato_ts/vista/motion_code-master/physics_modal_v4/enhancements/results/central/runs/final_no_exchange/seed42/ETTh1/h336.json,0.6940590808693393,multiscale,42,"{'inducing_points': 32, 'latent_dim': 16, 'patch_lens': [16, 32, 48], 'representation_weight': 0.05}",,validation MSE only; test evaluated once,True,,96,False,,102.75373170625244,,scale-multiscale__bank-on__continuation-preserved,0.0001,4
on,16,1,extension,1.5582507549770295,latentflow_process_preserving_unfreeze2,/work/11617/sujato_ts/vista/motion_code-master/physics_modal_v4/results/final/checkpoints/LatentFlow/seed42/ETTh1/h720.pt,88a4f5be43a45f70,preserved,2,False,ETTh1,16,149.62715582596138,latentflow-factorial-2x2x2-all28-three-seed-no-exchange-v2-selector-safe,factorial,10,latentflow_process_preserving_unfreeze2,5.0,0.001,720,32,31.75323430462671,,16,0.0007,0.4813452491489303,2048,1024,LatentFlow,0.4978506061287795,0.02,2161.0,2055222,16-32-48,,,False,2,,,0.05,/work/11617/sujato_ts/vista/motion_code-master/physics_modal_v4/enhancements/results/factorial/runs/scale-multiscale__bank-on__continuation-preserved/seed42/ETTh1/h720.json,ba00d582eff1737b5f7527acf8d01a8b3433c1ba809f8c16a563cc1eba23f78e,/work/11617/sujato_ts/vista/motion_code-master/physics_modal_v4/enhancements/results/central/runs/final_no_exchange/seed42/ETTh1/h720.json,0.7055852933053378,multiscale,42,"{'inducing_points': 32, 'latent_dim': 16, 'patch_lens': [16, 32, 48], 'representation_weight': 0.05}",,validation MSE only; test evaluated once,True,,96,False,,106.71425875152636,,scale-multiscale__bank-on__continuation-preserved,0.0001,4
on,16,0,reference,0.7638911305084115,latentflow_process_preserving_unfreeze2,/work/11617/sujato_ts/vista/motion_code-master/physics_modal_v4/results/final/checkpoints/LatentFlow/seed42/ETTh1/h96.pt,72c3f368e2d36b47,preserved,2,False,ETTh1,16,145.4600833002478,latentflow-factorial-2x2x2-all28-three-seed-no-exchange-v2-selector-safe,factorial,10,latentflow_process_preserving_unfreeze2,5.0,0.001,96,32,7.899467591088631,,16,0.0007,0.4114095289177025,2048,1024,LatentFlow,0.4032240676423306,0.02,2785.0,1441682,16-32-48,,,False,2,,,0.05,/work/11617/sujato_ts/vista/motion_code-master/physics_modal_v4/enhancements/results/factorial/runs/scale-multiscale__bank-on__continuation-preserved/seed42/ETTh1/h96.json,37e691fbc830dc44ae1dac11cee4a465f3a6bf372c20273b5aa3a172f9d8e1da,/work/11617/sujato_ts/vista/motion_code-master/physics_modal_v4/enhancements/results/central/runs/final_no_exchange/seed42/ETTh1/h96.json,0.6349992658596785,multiscale,42,"{'inducing_points': 32, 'latent_dim': 16, 'patch_lens': [16, 32, 48], 'representation_weight': 0.05}",,validation MSE only; test evaluated once,True,,96,False,,103.83330036565894,,scale-multiscale__bank-on__continuation-preserved,0.0001,4
on,16,0,reference,0.2718099478987001,latentflow_process_preserving_unfreeze2,/work/11617/sujato_ts/vista/motion_code-master/physics_modal_v4/results/final/checkpoints/LatentFlow/seed42/ETTh2/h192.pt,6c2ac767cedfb072,preserved,2,False,ETTh2,16,138.87756586819887,latentflow-factorial-2x2x2-all28-three-seed-no-exchange-v2-selector-safe,factorial,10,latentflow_process_preserving_unfreeze2,5.0,0.001,192,32,8.095612169472043,,8,0.0007,0.3902497946414888,2048,1024,LatentFlow,0.36935875294162884,0.02,2689.0,1505278,16-32-48,,,False,2,,,0.001,/work/11617/sujato_ts/vista/motion_code-master/physics_modal_v4/enhancements/results/factorial/runs/scale-multiscale__bank-on__continuation-preserved/seed42/ETTh2/h192.json,8f60b7242a41abe10cd9d359e4ee90b96bd7001ffce1b33ee08c7cbb981d562d,/work/11617/sujato_ts/vista/motion_code-master/physics_modal_v4/enhancements/results/central/runs/final_no_exchange/seed42/ETTh2/h192.json,0.6077489226165924,multiscale,42,"{'inducing_points': 32, 'latent_dim': 8, 'patch_lens': [16, 32, 48], 'representation_weight': 0.001}",,validation MSE only; test evaluated once,True,,96,False,,101.48015706217848,,scale-multiscale__bank-on__continuation-preserved,0.0001,4
on,16,0,reference,0.3575856243672014,latentflow_process_preserving_unfreeze2,/work/11617/sujato_ts/vista/motion_code-master/physics_modal_v4/results/final/checkpoints/LatentFlow/seed42/ETTh2/h336.pt,9d3f99f1064c7032,preserved,2,False,ETTh2,16,135.09086289700645,latentflow-factorial-2x2x2-all28-three-seed-no-exchange-v2-selector-safe,factorial,10,latentflow_process_preserving_unfreeze2,5.0,0.001,336,32,8.146472019032881,,8,0.0007,0.42654472275517485,2048,1024,LatentFlow,0.41643647069421075,0.02,2545.0,1646438,16-32-48,,,False,2,,,0.001,/work/11617/sujato_ts/vista/motion_code-master/physics_modal_v4/enhancements/results/factorial/runs/scale-multiscale__bank-on__continuation-preserved/seed42/ETTh2/h336.json,266dce3d984048e9105cc904bebb341e8c5426374075051c73ddaa241b6a02d4,/work/11617/sujato_ts/vista/motion_code-master/physics_modal_v4/enhancements/results/central/runs/final_no_exchange/seed42/ETTh2/h336.json,0.6453188906999475,multiscale,42,"{'inducing_points': 32, 'latent_dim': 8, 'patch_lens': [16, 32, 48], 'representation_weight': 0.001}",,validation MSE only; test evaluated once,True,,96,False,,98.6072873210901,,scale-multiscale__bank-on__continuation-preserved,0.0001,4
on,16,0,reference,0.6150716898933289,latentflow_process_preserving_unfreeze2,/work/11617/sujato_ts/vista/motion_code-master/physics_modal_v4/results/final/checkpoints/LatentFlow/seed42/ETTh2/h720.pt,a391a2f826a9a236,preserved,2,False,ETTh2,16,147.39446680014953,latentflow-factorial-2x2x2-all28-three-seed-no-exchange-v2-selector-safe,factorial,10,latentflow_process_preserving_unfreeze2,5.0,0.001,720,32,8.522797504495552,,8,0.0007,0.43879702215362193,2048,1024,LatentFlow,0.4136213828137338,0.02,2161.0,2024974,16-32-48,,,False,2,,,0.001,/work/11617/sujato_ts/vista/motion_code-master/physics_modal_v4/enhancements/results/factorial/runs/scale-multiscale__bank-on__continuation-preserved/seed42/ETTh2/h720.json,48e9b0429139b5838179082718da09bfdb4264672f81c8d8d7d329901ab24200,/work/11617/sujato_ts/vista/motion_code-master/physics_modal_v4/enhancements/results/central/runs/final_no_exchange/seed42/ETTh2/h720.json,0.6431340317645566,multiscale,42,"{'inducing_points': 32, 'latent_dim': 8, 'patch_lens': [16, 32, 48], 'representation_weight': 0.001}",,validation MSE only; test evaluated once,True,,96,False,,108.12321816301846,,scale-multiscale__bank-on__continuation-preserved,0.0001,4
on,16,0,reference,0.21927327236958913,latentflow_process_preserving_unfreeze2,/work/11617/sujato_ts/vista/motion_code-master/physics_modal_v4/results/final/checkpoints/LatentFlow/seed42/ETTh2/h96.pt,bdf5bffcee41f4f8,preserved,2,False,ETTh2,16,133.15312361624092,latentflow-factorial-2x2x2-all28-three-seed-no-exchange-v2-selector-safe,factorial,10,latentflow_process_preserving_unfreeze2,5.0,0.001,96,32,7.931560530957115,,8,0.0007,0.34268046750302417,2048,1024,LatentFlow,0.2934846773242975,0.02,2785.0,1411434,16-32-48,,,False,2,,,0.001,/work/11617/sujato_ts/vista/motion_code-master/physics_modal_v4/enhancements/results/factorial/runs/scale-multiscale__bank-on__continuation-preserved/seed42/ETTh2/h96.json,5bc35f61491aeaaf2bc9ea14fd09acc64ad70ae79713982299a17837d2680e58,/work/11617/sujato_ts/vista/motion_code-master/physics_modal_v4/enhancements/results/central/runs/final_no_exchange/seed42/ETTh2/h96.json,0.5417422609731471,multiscale,42,"{'inducing_points': 32, 'latent_dim': 8, 'patch_lens': [16, 32, 48], 'representation_weight': 0.001}",,validation MSE only; test evaluated once,True,,96,False,,97.21490910305874,,scale-multiscale__bank-on__continuation-preserved,0.0001,4
on,16,1,extension,0.5075973019536052,latentflow_process_preserving_unfreeze2,/work/11617/sujato_ts/vista/motion_code-master/physics_modal_v4/results/final/checkpoints/LatentFlow/seed42/ETTm1/h192.pt,7d10b0d5b3070bf2,preserved,2,False,ETTm1,16,157.34841994405724,latentflow-factorial-2x2x2-all28-three-seed-no-exchange-v2-selector-safe,factorial,10,latentflow_process_preserving_unfreeze2,5.0,0.001,192,32,29.084869190823955,,8,0.0007,0.3981603579841484,2048,1024,LatentFlow,0.3814517224517801,0.02,11329.0,1493398,8-24-48,,,False,2,,,0.01,/work/11617/sujato_ts/vista/motion_code-master/physics_modal_v4/enhancements/results/factorial/runs/scale-multiscale__bank-on__continuation-preserved/seed42/ETTm1/h192.json,9cb60d0f4f9ce216219b4b1f402ab300fd493d109fe8fa17998fc4654fc8cf3c,/work/11617/sujato_ts/vista/motion_code-master/physics_modal_v4/enhancements/results/central/runs/final_no_exchange/seed42/ETTm1/h192.json,0.6176177802263955,multiscale,42,"{'inducing_points': 32, 'latent_dim': 8, 'patch_lens': [8, 24, 48], 'representation_weight': 0.01}",,validation MSE only; test evaluated once,True,,96,False,,100.74741633670783,,scale-multiscale__bank-on__continuation-preserved,0.0001,4
on,16,4,extension,0.6491966586129195,latentflow_process_preserving_unfreeze2,/work/11617/sujato_ts/vista/motion_code-master/physics_modal_v4/results/final/checkpoints/LatentFlow/seed42/ETTm1/h336.pt,7ab4cd5d5cfb4e10,preserved,2,False,ETTm1,16,158.05956815101672,latentflow-factorial-2x2x2-all28-three-seed-no-exchange-v2-selector-safe,factorial,10,latentflow_process_preserving_unfreeze2,5.0,0.001,336,32,28.988706290903355,,8,0.0007,0.42310347093207323,2048,1024,LatentFlow,0.4288199721249567,0.02,11185.0,1636816,8-24-48,,,False,2,,,0.01,/work/11617/sujato_ts/vista/motion_code-master/physics_modal_v4/enhancements/results/factorial/runs/scale-multiscale__bank-on__continuation-preserved/seed42/ETTm1/h336.json,4a60bfc46729f5529442d2b5ca75c33e3663989012911acde026bc0c422f37bd,/work/11617/sujato_ts/vista/motion_code-master/physics_modal_v4/enhancements/results/central/runs/final_no_exchange/seed42/ETTm1/h336.json,0.654843471468531,multiscale,42,"{'inducing_points': 32, 'latent_dim': 8, 'patch_lens': [8, 24, 48], 'representation_weight': 0.01}",,validation MSE only; test evaluated once,True,,96,False,,101.44122409219563,,scale-multiscale__bank-on__continuation-preserved,0.0001,4
on,16,2,extension,0.9847933825992402,latentflow_process_preserving_unfreeze2,/work/11617/sujato_ts/vista/motion_code-master/physics_modal_v4/results/final/checkpoints/LatentFlow/seed42/ETTm1/h720.pt,61a05d325392ec48,preserved,2,False,ETTm1,16,161.7543609351851,latentflow-factorial-2x2x2-all28-three-seed-no-exchange-v2-selector-safe,factorial,10,latentflow_process_preserving_unfreeze2,5.0,0.001,720,32,30.560620587860797,,8,0.0007,0.4763382313587202,2048,1024,LatentFlow,0.5109426959394284,0.02,10801.0,2026480,8-24-48,,,False,2,,,0.01,/work/11617/sujato_ts/vista/motion_code-master/physics_modal_v4/enhancements/results/factorial/runs/scale-multiscale__bank-on__continuation-preserved/seed42/ETTm1/h720.json,af4ca709a12b85b51daeb53f20c72ab27c7b9407833d86e06ba3b57154608418,/work/11617/sujato_ts/vista/motion_code-master/physics_modal_v4/enhancements/results/central/runs/final_no_exchange/seed42/ETTm1/h720.json,0.7148025573117576,multiscale,42,"{'inducing_points': 32, 'latent_dim': 8, 'patch_lens': [8, 24, 48], 'representation_weight': 0.01}",,validation MSE only; test evaluated once,True,,96,False,,103.99716657702811,,scale-multiscale__bank-on__continuation-preserved,0.0001,4
on,16,0,reference,0.39560971763871966,latentflow_process_preserving_unfreeze2,/work/11617/sujato_ts/vista/motion_code-master/physics_modal_v4/results/final/checkpoints/LatentFlow/seed42/ETTm1/h96.pt,804f56c32c29f535,preserved,2,False,ETTm1,16,153.30355044594035,latentflow-factorial-2x2x2-all28-three-seed-no-exchange-v2-selector-safe,factorial,10,latentflow_process_preserving_unfreeze2,5.0,0.001,96,32,8.269367124336716,,8,0.0007,0.3788299991861661,2048,1024,LatentFlow,0.34608704034718446,0.02,11425.0,1398606,8-24-48,,,False,2,,,0.01,/work/11617/sujato_ts/vista/motion_code-master/physics_modal_v4/enhancements/results/factorial/runs/scale-multiscale__bank-on__continuation-preserved/seed42/ETTm1/h96.json,ab3134ecef6f76344fbac4690f0cefa507744bd34d9cb380888eee1e5bc0d3e2,/work/11617/sujato_ts/vista/motion_code-master/physics_modal_v4/enhancements/results/central/runs/final_no_exchange/seed42/ETTm1/h96.json,0.5882916286563871,multiscale,42,"{'inducing_points': 32, 'latent_dim': 8, 'patch_lens': [8, 24, 48], 'representation_weight': 0.01}",,validation MSE only; test evaluated once,True,,96,False,,108.9276667960803,,scale-multiscale__bank-on__continuation-preserved,0.0001,4
on,16,2,extension,0.16771258333964006,latentflow_process_preserving_unfreeze2,/work/11617/sujato_ts/vista/motion_code-master/physics_modal_v4/results/final/checkpoints/LatentFlow/seed42/ETTm2/h192.pt,c45962178470fa31,preserved,2,False,ETTm2,16,158.47656257206108,latentflow-factorial-2x2x2-all28-three-seed-no-exchange-v2-selector-safe,factorial,10,latentflow_process_preserving_unfreeze2,5.0,0.001,192,16,29.52726880998036,,8,0.0007,0.29985980195175266,2048,1024,LatentFlow,0.24026711379459686,0.02,11329.0,1468534,8-16-32,,,False,2,,,0.001,/work/11617/sujato_ts/vista/motion_code-master/physics_modal_v4/enhancements/results/factorial/runs/scale-multiscale__bank-on__continuation-preserved/seed42/ETTm2/h192.json,c900b7075c5dac162874d466b86e2712657197d8de841da193ce6c1c71f5bf93,/work/11617/sujato_ts/vista/motion_code-master/physics_modal_v4/enhancements/results/central/runs/final_no_exchange/seed42/ETTm2/h192.json,0.49017049461855294,multiscale,42,"{'inducing_points': 16, 'latent_dim': 8, 'patch_lens': [8, 16, 32], 'representation_weight': 0.001}",,validation MSE only; test evaluated once,True,,96,False,,101.38188535074732,,scale-multiscale__bank-on__continuation-preserved,0.0001,4
on,16,0,reference,0.21736542302734999,latentflow_process_preserving_unfreeze2,/work/11617/sujato_ts/vista/motion_code-master/physics_modal_v4/results/final/checkpoints/LatentFlow/seed42/ETTm2/h336.pt,ca2f86793995f079,preserved,2,False,ETTm2,16,137.6516442913562,latentflow-factorial-2x2x2-all28-three-seed-no-exchange-v2-selector-safe,factorial,10,latentflow_process_preserving_unfreeze2,5.0,0.001,336,16,7.985157531854245,,8,0.0007,0.34600727935710557,2048,1024,LatentFlow,0.3080357600960941,0.02,11185.0,1612484,8-16-32,,,False,2,,,0.001,/work/11617/sujato_ts/vista/motion_code-master/physics_modal_v4/enhancements/results/factorial/runs/scale-multiscale__bank-on__continuation-preserved/seed42/ETTm2/h336.json,2ae07356081cc2c7494c1a338e421c91a13c0f3098e95dddecf7c5c9790c8bd6,/work/11617/sujato_ts/vista/motion_code-master/physics_modal_v4/enhancements/results/central/runs/final_no_exchange/seed42/ETTm2/h336.json,0.5550096936956094,multiscale,42,"{'inducing_points': 16, 'latent_dim': 8, 'patch_lens': [8, 16, 32], 'representation_weight': 0.001}",,validation MSE only; test evaluated once,True,,96,False,,97.22788247308927,,scale-multiscale__bank-on__continuation-preserved,0.0001,4
on,16,0,reference,0.3068215714560615,latentflow_process_preserving_unfreeze2,/work/11617/sujato_ts/vista/motion_code-master/physics_modal_v4/results/final/checkpoints/LatentFlow/seed42/ETTm2/h720.pt,1e4693e4013b5099,preserved,2,False,ETTm2,16,139.74538358813152,latentflow-factorial-2x2x2-all28-three-seed-no-exchange-v2-selector-safe,factorial,10,latentflow_process_preserving_unfreeze2,5.0,0.001,720,16,7.8010023329738605,,8,0.0007,0.4080426387217376,2048,1024,LatentFlow,0.4151268912819473,0.02,10801.0,2004620,8-16-32,,,False,2,,,0.001,/work/11617/sujato_ts/vista/motion_code-master/physics_modal_v4/enhancements/results/factorial/runs/scale-multiscale__bank-on__continuation-preserved/seed42/ETTm2/h720.json,31c52604d27923d2c8435b3c441f0e836c0d355f03a9827fcd98078b56162ff4,/work/11617/sujato_ts/vista/motion_code-master/physics_modal_v4/enhancements/results/central/runs/final_no_exchange/seed42/ETTm2/h720.json,0.6443034155442195,multiscale,42,"{'inducing_points': 16, 'latent_dim': 8, 'patch_lens': [8, 16, 32], 'representation_weight': 0.001}",,validation MSE only; test evaluated once,True,,96,False,,98.96806601900607,,scale-multiscale__bank-on__continuation-preserved,0.0001,4
on,16,5,extension,0.12927979000267528,latentflow_process_preserving_unfreeze2,/work/11617/sujato_ts/vista/motion_code-master/physics_modal_v4/results/final/checkpoints/LatentFlow/seed42/ETTm2/h96.pt,b7e2d088575319e9,preserved,2,False,ETTm2,16,169.9248476549983,latentflow-factorial-2x2x2-all28-three-seed-no-exchange-v2-selector-safe,factorial,10,latentflow_process_preserving_unfreeze2,5.0,0.001,96,16,31.329114018151795,,8,0.0007,0.257860130710727,2048,1024,LatentFlow,0.17291838965217707,0.02,11425.0,1373530,8-16-32,,,False,2,,,0.001,/work/11617/sujato_ts/vista/motion_code-master/physics_modal_v4/enhancements/results/factorial/runs/scale-multiscale__bank-on__continuation-preserved/seed42/ETTm2/h96.json,3975cdbeded18ed513755d327dcd8b185f6a9ab8bf5b1cbda5c96b5ab69ceab5,/work/11617/sujato_ts/vista/motion_code-master/physics_modal_v4/enhancements/results/central/runs/final_no_exchange/seed42/ETTm2/h96.json,0.41583457005421887,multiscale,42,"{'inducing_points': 16, 'latent_dim': 8, 'patch_lens': [8, 16, 32], 'representation_weight': 0.001}",,validation MSE only; test evaluated once,True,,96,False,,108.99719565859414,,scale-multiscale__bank-on__continuation-preserved,0.0001,4
on,16,10,extension,0.14455623493016323,latentflow_process_preserving_unfreeze2,/work/11617/sujato_ts/vista/motion_code-master/physics_modal_v4/results/final/checkpoints/LatentFlow/seed42/Electricity/h192.pt,a272bf8153bc5ab2,preserved,2,False,Electricity,16,743.3284721560776,latentflow-factorial-2x2x2-all28-three-seed-no-exchange-v2-selector-safe,factorial,10,latentflow_process_preserving_unfreeze2,5.0,0.001,192,32,41.50994977726944,,16,0.0007,0.26127450628241405,2048,1024,LatentFlow,0.1681670312892115,0.02,5071.0,1482127,8-16-32,,,False,2,,,0.001,/work/11617/sujato_ts/vista/motion_code-master/physics_modal_v4/enhancements/results/factorial/runs/scale-multiscale__bank-on__continuation-preserved/seed42/Electricity/h192.json,b47645a7f3963a254d4a2b142322c8196100833882f2b49c8f436123380b71dd,/work/11617/sujato_ts/vista/motion_code-master/physics_modal_v4/enhancements/results/central/runs/final_no_exchange/seed42/Electricity/h192.json,0.4100817373270986,multiscale,42,"{'inducing_points': 32, 'latent_dim': 16, 'patch_lens': [8, 16, 32], 'representation_weight': 0.001}",,validation MSE only; test evaluated once,True,,96,False,,520.2579463089933,,scale-multiscale__bank-on__continuation-preserved,0.0001,4
on,16,10,extension,0.16378484368589544,latentflow_process_preserving_unfreeze2,/work/11617/sujato_ts/vista/motion_code-master/physics_modal_v4/results/final/checkpoints/LatentFlow/seed42/Electricity/h336.pt,ce27f95286982c19,preserved,2,False,Electricity,16,722.8900153020077,latentflow-factorial-2x2x2-all28-three-seed-no-exchange-v2-selector-safe,factorial,10,latentflow_process_preserving_unfreeze2,5.0,0.001,336,32,39.787282231531194,,16,0.0007,0.28152332612222486,2048,1024,LatentFlow,0.18843780383783904,0.02,4927.0,1626077,8-16-32,,,False,2,,,0.001,/work/11617/sujato_ts/vista/motion_code-master/physics_modal_v4/enhancements/results/factorial/runs/scale-multiscale__bank-on__continuation-preserved/seed42/Electricity/h336.json,b3fead82b1af0005778854d399aa9b206acd1a278e6d523dcac159b8ed9b507c,/work/11617/sujato_ts/vista/motion_code-master/physics_modal_v4/enhancements/results/central/runs/final_no_exchange/seed42/Electricity/h336.json,0.4340942338223799,multiscale,42,"{'inducing_points': 32, 'latent_dim': 16, 'patch_lens': [8, 16, 32], 'representation_weight': 0.001}",,validation MSE only; test evaluated once,True,,96,False,,508.3880741015605,,scale-multiscale__bank-on__continuation-preserved,0.0001,4
on,16,8,extension,0.19849747442877305,latentflow_process_preserving_unfreeze2,/work/11617/sujato_ts/vista/motion_code-master/physics_modal_v4/results/final/checkpoints/LatentFlow/seed42/Electricity/h720.pt,7c59b62510887481,preserved,2,False,Electricity,16,754.8275435441174,latentflow-factorial-2x2x2-all28-three-seed-no-exchange-v2-selector-safe,factorial,10,latentflow_process_preserving_unfreeze2,5.0,0.001,720,32,41.831898270996135,,16,0.0007,0.30604294139258575,2048,1024,LatentFlow,0.21710751921437585,0.02,4543.0,2018213,8-16-32,,,False,2,,,0.001,/work/11617/sujato_ts/vista/motion_code-master/physics_modal_v4/enhancements/results/factorial/runs/scale-multiscale__bank-on__continuation-preserved/seed42/Electricity/h720.json,843ae1c64294ddb0eb3fabef48e26d36ffca23ccabcf4ee6b5016378852203e1,/work/11617/sujato_ts/vista/motion_code-master/physics_modal_v4/enhancements/results/central/runs/final_no_exchange/seed42/Electricity/h720.json,0.4659479790860519,multiscale,42,"{'inducing_points': 32, 'latent_dim': 16, 'patch_lens': [8, 16, 32], 'representation_weight': 0.001}",,validation MSE only; test evaluated once,True,,96,False,,534.4800273825967,,scale-multiscale__bank-on__continuation-preserved,0.0001,4
on,16,10,extension,0.13439970472024856,latentflow_process_preserving_unfreeze2,/work/11617/sujato_ts/vista/motion_code-master/physics_modal_v4/results/final/checkpoints/LatentFlow/seed42/Electricity/h96.pt,29472a2379fcfe90,preserved,2,False,Electricity,16,690.9216450001113,latentflow-factorial-2x2x2-all28-three-seed-no-exchange-v2-selector-safe,factorial,10,latentflow_process_preserving_unfreeze2,5.0,0.001,96,32,37.853716120715866,,16,0.0007,0.2504470158050064,2048,1024,LatentFlow,0.155398536110307,0.02,5167.0,1387123,8-16-32,,,False,2,,,0.001,/work/11617/sujato_ts/vista/motion_code-master/physics_modal_v4/enhancements/results/factorial/runs/scale-multiscale__bank-on__continuation-preserved/seed42/Electricity/h96.json,e8d7d6eac0743c14b4475bac89e371f05893dac5dc21637a128d9bc1257bd7a7,/work/11617/sujato_ts/vista/motion_code-master/physics_modal_v4/enhancements/results/central/runs/final_no_exchange/seed42/Electricity/h96.json,0.394206210136658,multiscale,42,"{'inducing_points': 32, 'latent_dim': 16, 'patch_lens': [8, 16, 32], 'representation_weight': 0.001}",,validation MSE only; test evaluated once,True,,96,False,,483.6618200624798,,scale-multiscale__bank-on__continuation-preserved,0.0001,4
on,16,10,extension,0.38689874459493095,latentflow_process_preserving_unfreeze2,/work/11617/sujato_ts/vista/motion_code-master/physics_modal_v4/results/final/checkpoints/LatentFlow/seed42/Traffic/h192.pt,49da2177fd87fdca,preserved,2,False,Traffic,16,1384.133637922001,latentflow-factorial-2x2x2-all28-three-seed-no-exchange-v2-selector-safe,factorial,10,latentflow_process_preserving_unfreeze2,5.0,0.001,192,32,88.22580849794572,,16,0.0007,0.29962644481342643,2048,1024,LatentFlow,0.4515534500757732,0.02,3319.0,1483750,8-16-32,,,False,2,,,0.001,/work/11617/sujato_ts/vista/motion_code-master/physics_modal_v4/enhancements/results/factorial/runs/scale-multiscale__bank-on__continuation-preserved/seed42/Traffic/h192.json,93ca1be6e85096ab27b194e8455ef573c6e9d62f704ca96a170f9b0dd4d66501,/work/11617/sujato_ts/vista/motion_code-master/physics_modal_v4/enhancements/results/central/runs/final_no_exchange/seed42/Traffic/h192.json,0.6719772690171694,multiscale,42,"{'inducing_points': 32, 'latent_dim': 16, 'patch_lens': [8, 16, 32], 'representation_weight': 0.001}",,validation MSE only; test evaluated once,True,,96,False,,1003.569436077305,,scale-multiscale__bank-on__continuation-preserved,0.0001,4
on,16,9,extension,0.397188441633006,latentflow_process_preserving_unfreeze2,/work/11617/sujato_ts/vista/motion_code-master/physics_modal_v4/results/final/checkpoints/LatentFlow/seed42/Traffic/h336.pt,410f3ea0e6a8de0f,preserved,2,False,Traffic,16,1420.2683590790257,latentflow-factorial-2x2x2-all28-three-seed-no-exchange-v2-selector-safe,factorial,10,latentflow_process_preserving_unfreeze2,5.0,0.001,336,32,91.07741731838699,,16,0.0007,0.2989559360134544,2048,1024,LatentFlow,0.45954158156682345,0.02,3175.0,1627700,8-16-32,,,False,2,,,0.001,/work/11617/sujato_ts/vista/motion_code-master/physics_modal_v4/enhancements/results/factorial/runs/scale-multiscale__bank-on__continuation-preserved/seed42/Traffic/h336.json,f242f7e07dc8c2683bfdd3ba8d10c89b72885dd1755e2ad10059b9f7dc01ca2e,/work/11617/sujato_ts/vista/motion_code-master/physics_modal_v4/enhancements/results/central/runs/final_no_exchange/seed42/Traffic/h336.json,0.6778949635207681,multiscale,42,"{'inducing_points': 32, 'latent_dim': 16, 'patch_lens': [8, 16, 32], 'representation_weight': 0.001}",,validation MSE only; test evaluated once,True,,96,False,,1031.8058360991927,,scale-multiscale__bank-on__continuation-preserved,0.0001,4
on,16,10,extension,0.4442139204890189,latentflow_process_preserving_unfreeze2,/work/11617/sujato_ts/vista/motion_code-master/physics_modal_v4/results/final/checkpoints/LatentFlow/seed42/Traffic/h720.pt,3a564e34480d0960,preserved,2,False,Traffic,16,1544.2697356841527,latentflow-factorial-2x2x2-all28-three-seed-no-exchange-v2-selector-safe,factorial,10,latentflow_process_preserving_unfreeze2,5.0,0.001,720,32,98.60564718737491,,16,0.0007,0.31804934173138644,2048,1024,LatentFlow,0.49145426921709967,0.02,2791.0,2019836,8-16-32,,,False,2,,,0.001,/work/11617/sujato_ts/vista/motion_code-master/physics_modal_v4/enhancements/results/factorial/runs/scale-multiscale__bank-on__continuation-preserved/seed42/Traffic/h720.json,ed7e5a17df06256a3cbe5a3a6afe4b7960c002b3aa8d32e6146fc36f5f1468c3,/work/11617/sujato_ts/vista/motion_code-master/physics_modal_v4/enhancements/results/central/runs/final_no_exchange/seed42/Traffic/h720.json,0.7010379941323435,multiscale,42,"{'inducing_points': 32, 'latent_dim': 16, 'patch_lens': [8, 16, 32], 'representation_weight': 0.001}",,validation MSE only; test evaluated once,True,,96,False,,1130.2623231178586,,scale-multiscale__bank-on__continuation-preserved,0.0001,4
on,16,10,extension,0.3879883384298928,latentflow_process_preserving_unfreeze2,/work/11617/sujato_ts/vista/motion_code-master/physics_modal_v4/results/final/checkpoints/LatentFlow/seed42/Traffic/h96.pt,76b351377d38228c,preserved,2,False,Traffic,16,1345.1616961238906,latentflow-factorial-2x2x2-all28-three-seed-no-exchange-v2-selector-safe,factorial,10,latentflow_process_preserving_unfreeze2,5.0,0.001,96,32,86.7191598976923,,16,0.0007,0.2921953691982355,2048,1024,LatentFlow,0.4312567918068039,0.02,3415.0,1388746,8-16-32,,,False,2,,,0.001,/work/11617/sujato_ts/vista/motion_code-master/physics_modal_v4/enhancements/results/factorial/runs/scale-multiscale__bank-on__continuation-preserved/seed42/Traffic/h96.json,f271da247ab3c940f32005e6beb4c3a978225682ef0081285f89006a3b11bd1e,/work/11617/sujato_ts/vista/motion_code-master/physics_modal_v4/enhancements/results/central/runs/final_no_exchange/seed42/Traffic/h96.json,0.6567014480011475,multiscale,42,"{'inducing_points': 32, 'latent_dim': 16, 'patch_lens': [8, 16, 32], 'representation_weight': 0.001}",,validation MSE only; test evaluated once,True,,96,False,,973.2384484766953,,scale-multiscale__bank-on__continuation-preserved,0.0001,4
on,16,3,extension,0.4767075197564231,latentflow_process_preserving_unfreeze2,/work/11617/sujato_ts/vista/motion_code-master/physics_modal_v4/results/final/checkpoints/LatentFlow/seed42/Weather/h192.pt,2177c4fcc553157a,preserved,2,False,Weather,16,239.2603935720399,latentflow-factorial-2x2x2-all28-three-seed-no-exchange-v2-selector-safe,factorial,10,latentflow_process_preserving_unfreeze2,5.0,0.001,192,32,43.629595890005895,,16,0.0007,0.2552510985103653,2048,1024,LatentFlow,0.2135848813726089,0.02,10349.0,1484344,8-16-32,,,False,2,,,0.001,/work/11617/sujato_ts/vista/motion_code-master/physics_modal_v4/enhancements/results/factorial/runs/scale-multiscale__bank-on__continuation-preserved/seed42/Weather/h192.json,ce223bfcd9f5e39d0a00867070418730158e4bb9c0e945ebef57d5c29435dd65,/work/11617/sujato_ts/vista/motion_code-master/physics_modal_v4/enhancements/results/central/runs/final_no_exchange/seed42/Weather/h192.json,0.46215244386739845,multiscale,42,"{'inducing_points': 32, 'latent_dim': 16, 'patch_lens': [8, 16, 32], 'representation_weight': 0.001}",,validation MSE only; test evaluated once,True,,96,False,,158.6196367017692,,scale-multiscale__bank-on__continuation-preserved,0.0001,4
on,16,4,extension,0.5582059170383444,latentflow_process_preserving_unfreeze2,/work/11617/sujato_ts/vista/motion_code-master/physics_modal_v4/results/final/checkpoints/LatentFlow/seed42/Weather/h336.pt,2651ff94ec7fdd48,preserved,2,False,Weather,16,236.27265716483817,latentflow-factorial-2x2x2-all28-three-seed-no-exchange-v2-selector-safe,factorial,10,latentflow_process_preserving_unfreeze2,5.0,0.001,336,32,44.13845189905626,,16,0.0007,0.298477145900185,2048,1024,LatentFlow,0.27239158174250644,0.02,10205.0,1628294,8-16-32,,,False,2,,,0.001,/work/11617/sujato_ts/vista/motion_code-master/physics_modal_v4/enhancements/results/factorial/runs/scale-multiscale__bank-on__continuation-preserved/seed42/Weather/h336.json,77ffe6a31fd6279066c8f54cf7d3cfd26f6760e0ceb4fe0f3f1bc2a17724dabe,/work/11617/sujato_ts/vista/motion_code-master/physics_modal_v4/enhancements/results/central/runs/final_no_exchange/seed42/Weather/h336.json,0.5219114692574848,multiscale,42,"{'inducing_points': 32, 'latent_dim': 16, 'patch_lens': [8, 16, 32], 'representation_weight': 0.001}",,validation MSE only; test evaluated once,True,,96,False,,156.429654308522,,scale-multiscale__bank-on__continuation-preserved,0.0001,4
on,16,2,extension,0.6948124855283707,latentflow_process_preserving_unfreeze2,/work/11617/sujato_ts/vista/motion_code-master/physics_modal_v4/results/final/checkpoints/LatentFlow/seed42/Weather/h720.pt,31123364146c602b,preserved,2,False,Weather,16,248.9752226760611,latentflow-factorial-2x2x2-all28-three-seed-no-exchange-v2-selector-safe,factorial,10,latentflow_process_preserving_unfreeze2,5.0,0.001,720,32,48.80211481693645,,16,0.0007,0.3498508608637434,2048,1024,LatentFlow,0.3510131664357517,0.02,9821.0,2020430,8-16-32,,,False,2,,,0.001,/work/11617/sujato_ts/vista/motion_code-master/physics_modal_v4/enhancements/results/factorial/runs/scale-multiscale__bank-on__continuation-preserved/seed42/Weather/h720.json,51ce2dadb0864fe0f672f65310607e97cfd863047c4e6578b7e50749df0a8cb9,/work/11617/sujato_ts/vista/motion_code-master/physics_modal_v4/enhancements/results/central/runs/final_no_exchange/seed42/Weather/h720.json,0.5924636414462509,multiscale,42,"{'inducing_points': 32, 'latent_dim': 16, 'patch_lens': [8, 16, 32], 'representation_weight': 0.001}",,validation MSE only; test evaluated once,True,,96,False,,164.84344309701555,,scale-multiscale__bank-on__continuation-preserved,0.0001,4
on,16,6,extension,0.4330122209494076,latentflow_process_preserving_unfreeze2,/work/11617/sujato_ts/vista/motion_code-master/physics_modal_v4/results/final/checkpoints/LatentFlow/seed42/Weather/h96.pt,735c3bdbcdb8875f,preserved,2,False,Weather,16,234.6022789790295,latentflow-factorial-2x2x2-all28-three-seed-no-exchange-v2-selector-safe,factorial,10,latentflow_process_preserving_unfreeze2,5.0,0.001,96,32,43.885862189395134,,16,0.0007,0.21410719997252933,2048,1024,LatentFlow,0.1674764883830991,0.02,10445.0,1389340,8-16-32,,,False,2,,,0.001,/work/11617/sujato_ts/vista/motion_code-master/physics_modal_v4/enhancements/results/factorial/runs/scale-multiscale__bank-on__continuation-preserved/seed42/Weather/h96.json,0ad1ba98a7caa590bf3834db963a3725270a9e55435d0679eaf6362ae2e8e8a5,/work/11617/sujato_ts/vista/motion_code-master/physics_modal_v4/enhancements/results/central/runs/final_no_exchange/seed42/Weather/h96.json,0.4092389135738427,multiscale,42,"{'inducing_points': 32, 'latent_dim': 16, 'patch_lens': [8, 16, 32], 'representation_weight': 0.001}",,validation MSE only; test evaluated once,True,,96,False,,154.65743313907296,,scale-multiscale__bank-on__continuation-preserved,0.0001,4
on,16,1,extension,1.0238703198376156,latentflow_process_preserving_unfreeze2,/work/11617/sujato_ts/vista/motion_code-master/physics_modal_v4/results/final/checkpoints/LatentFlow/seed43/ETTh1/h192.pt,a50cd1471de09d0c,preserved,2,False,ETTh1,16,140.0709184333682,latentflow-factorial-2x2x2-all28-three-seed-no-exchange-v2-selector-safe,factorial,10,latentflow_process_preserving_unfreeze2,5.0,0.001,192,32,29.193845817339636,,16,0.0007,0.4383906808759351,2048,1024,LatentFlow,0.44969086306815714,0.02,2689.0,1535526,16-32-48,,,False,2,,,0.05,/work/11617/sujato_ts/vista/motion_code-master/physics_modal_v4/enhancements/results/factorial/runs/scale-multiscale__bank-on__continuation-preserved/seed43/ETTh1/h192.json,9dc2ecd8441d5f1f16cdd8497094f2f74158d79c15bfa4b8b996b12109f362cc,/work/11617/sujato_ts/vista/motion_code-master/physics_modal_v4/enhancements/results/central/runs/final_no_exchange/seed43/ETTh1/h192.json,0.6705899365992284,multiscale,43,"{'inducing_points': 32, 'latent_dim': 16, 'patch_lens': [16, 32, 48], 'representation_weight': 0.05}",,validation MSE only; test evaluated once,True,,96,False,,98.97498082136735,,scale-multiscale__bank-on__continuation-preserved,0.0001,4
on,16,0,reference,1.2917826548725568,latentflow_process_preserving_unfreeze2,/work/11617/sujato_ts/vista/motion_code-master/physics_modal_v4/results/final/checkpoints/LatentFlow/seed43/ETTh1/h336.pt,46dbd61e14572ef9,preserved,2,False,ETTh1,16,136.70470869587734,latentflow-factorial-2x2x2-all28-three-seed-no-exchange-v2-selector-safe,factorial,10,latentflow_process_preserving_unfreeze2,5.0,0.001,336,32,8.205710916155123,,16,0.0007,0.4605197977717322,2048,1024,LatentFlow,0.4966021921924544,0.02,2545.0,1676686,16-32-48,,,False,2,,,0.05,/work/11617/sujato_ts/vista/motion_code-master/physics_modal_v4/enhancements/results/factorial/runs/scale-multiscale__bank-on__continuation-preserved/seed43/ETTh1/h336.json,a1482bceaa772658942dd8f8cdb6a79838e75389c11f4c67a0f868be0e4f0be9,/work/11617/sujato_ts/vista/motion_code-master/physics_modal_v4/enhancements/results/central/runs/final_no_exchange/seed43/ETTh1/h336.json,0.7047000725077687,multiscale,43,"{'inducing_points': 32, 'latent_dim': 16, 'patch_lens': [16, 32, 48], 'representation_weight': 0.05}",,validation MSE only; test evaluated once,True,,96,False,,99.17901085173071,,scale-multiscale__bank-on__continuation-preserved,0.0001,4
on,16,0,reference,1.5655950902000306,latentflow_process_preserving_unfreeze2,/work/11617/sujato_ts/vista/motion_code-master/physics_modal_v4/results/final/checkpoints/LatentFlow/seed43/ETTh1/h720.pt,f31bacbdb915c2a1,preserved,2,False,ETTh1,16,149.8985113799572,latentflow-factorial-2x2x2-all28-three-seed-no-exchange-v2-selector-safe,factorial,10,latentflow_process_preserving_unfreeze2,5.0,0.001,720,32,8.185544297960934,,16,0.0007,0.48321969007132837,2048,1024,LatentFlow,0.5091477053166293,0.02,2161.0,2055222,16-32-48,,,False,2,,,0.05,/work/11617/sujato_ts/vista/motion_code-master/physics_modal_v4/enhancements/results/factorial/runs/scale-multiscale__bank-on__continuation-preserved/seed43/ETTh1/h720.json,193e9712cfc5557f4c780a3a5ee07bfa20ab1073b9e479394fdf787aa0ae8767,/work/11617/sujato_ts/vista/motion_code-master/physics_modal_v4/enhancements/results/central/runs/final_no_exchange/seed43/ETTh1/h720.json,0.713545867703422,multiscale,43,"{'inducing_points': 32, 'latent_dim': 16, 'patch_lens': [16, 32, 48], 'representation_weight': 0.05}",,validation MSE only; test evaluated once,True,,96,False,,110.05238300313067,,scale-multiscale__bank-on__continuation-preserved,0.0001,4
on,16,2,extension,0.768863388470241,latentflow_process_preserving_unfreeze2,/work/11617/sujato_ts/vista/motion_code-master/physics_modal_v4/results/final/checkpoints/LatentFlow/seed43/ETTh1/h96.pt,4a086df15623160a,preserved,2,False,ETTh1,16,146.06957472709473,latentflow-factorial-2x2x2-all28-three-seed-no-exchange-v2-selector-safe,factorial,10,latentflow_process_preserving_unfreeze2,5.0,0.001,96,32,29.446664275709175,,16,0.0007,0.41217745236069603,2048,1024,LatentFlow,0.39988327339448265,0.02,2785.0,1441682,16-32-48,,,False,2,,,0.05,/work/11617/sujato_ts/vista/motion_code-master/physics_modal_v4/enhancements/results/factorial/runs/scale-multiscale__bank-on__continuation-preserved/seed43/ETTh1/h96.json,f97631a4a26e73ac620f226dd885c27bbbc2ad7ec5d946ba5ba2ef0724eb6076,/work/11617/sujato_ts/vista/motion_code-master/physics_modal_v4/enhancements/results/central/runs/final_no_exchange/seed43/ETTh1/h96.json,0.6323632448162074,multiscale,43,"{'inducing_points': 32, 'latent_dim': 16, 'patch_lens': [16, 32, 48], 'representation_weight': 0.05}",,validation MSE only; test evaluated once,True,,96,False,,100.84576946019297,,scale-multiscale__bank-on__continuation-preserved,0.0001,4
on,16,0,reference,0.26854835202296573,latentflow_process_preserving_unfreeze2,/work/11617/sujato_ts/vista/motion_code-master/physics_modal_v4/results/final/checkpoints/LatentFlow/seed43/ETTh2/h192.pt,7c408f06b5b7c236,preserved,2,False,ETTh2,16,135.54333012504503,latentflow-factorial-2x2x2-all28-three-seed-no-exchange-v2-selector-safe,factorial,10,latentflow_process_preserving_unfreeze2,5.0,0.001,192,32,7.864242065474837,,8,0.0007,0.39616170797824446,2048,1024,LatentFlow,0.38277998701682386,0.02,2689.0,1505278,16-32-48,,,False,2,,,0.001,/work/11617/sujato_ts/vista/motion_code-master/physics_modal_v4/enhancements/results/factorial/runs/scale-multiscale__bank-on__continuation-preserved/seed43/ETTh2/h192.json,b6df9a0eb5384f3f3dd426c477ca54214f37a01f34b2bf0ea1cdc3086889fbd4,/work/11617/sujato_ts/vista/motion_code-master/physics_modal_v4/enhancements/results/central/runs/final_no_exchange/seed43/ETTh2/h192.json,0.6186921585221715,multiscale,43,"{'inducing_points': 32, 'latent_dim': 8, 'patch_lens': [16, 32, 48], 'representation_weight': 0.001}",,validation MSE only; test evaluated once,True,,96,False,,99.0763503148628,,scale-multiscale__bank-on__continuation-preserved,0.0001,4
on,16,1,extension,0.3532309211841246,latentflow_process_preserving_unfreeze2,/work/11617/sujato_ts/vista/motion_code-master/physics_modal_v4/results/final/checkpoints/LatentFlow/seed43/ETTh2/h336.pt,41fb1322efc09555,preserved,2,False,ETTh2,16,142.24039257480763,latentflow-factorial-2x2x2-all28-three-seed-no-exchange-v2-selector-safe,factorial,10,latentflow_process_preserving_unfreeze2,5.0,0.001,336,32,29.882560039080584,,8,0.0007,0.43372265814575,2048,1024,LatentFlow,0.42612604287785844,0.02,2545.0,1646438,16-32-48,,,False,2,,,0.001,/work/11617/sujato_ts/vista/motion_code-master/physics_modal_v4/enhancements/results/factorial/runs/scale-multiscale__bank-on__continuation-preserved/seed43/ETTh2/h336.json,bedc28ac0bede87954735bfd297d5cec80498c3a3e902be320e5c2d6fbde375c,/work/11617/sujato_ts/vista/motion_code-master/physics_modal_v4/enhancements/results/central/runs/final_no_exchange/seed43/ETTh2/h336.json,0.6527833046868298,multiscale,43,"{'inducing_points': 32, 'latent_dim': 8, 'patch_lens': [16, 32, 48], 'representation_weight': 0.001}",,validation MSE only; test evaluated once,True,,96,False,,101.53033903043251,,scale-multiscale__bank-on__continuation-preserved,0.0001,4
on,16,0,reference,0.6313944475991385,latentflow_process_preserving_unfreeze2,/work/11617/sujato_ts/vista/motion_code-master/physics_modal_v4/results/final/checkpoints/LatentFlow/seed43/ETTh2/h720.pt,c55dbcf6eaa95b68,preserved,2,False,ETTh2,16,133.42268888186663,latentflow-factorial-2x2x2-all28-three-seed-no-exchange-v2-selector-safe,factorial,10,latentflow_process_preserving_unfreeze2,5.0,0.001,720,32,7.597174273053212,,8,0.0007,0.4498645085030294,2048,1024,LatentFlow,0.4358261119942588,0.02,2161.0,2024974,16-32-48,,,False,2,,,0.001,/work/11617/sujato_ts/vista/motion_code-master/physics_modal_v4/enhancements/results/factorial/runs/scale-multiscale__bank-on__continuation-preserved/seed43/ETTh2/h720.json,8016077a419ed1595579cca621500e6e26ef9da5265f64b88b461d20ae3b6180,/work/11617/sujato_ts/vista/motion_code-master/physics_modal_v4/enhancements/results/central/runs/final_no_exchange/seed43/ETTh2/h720.json,0.6601712747418346,multiscale,43,"{'inducing_points': 32, 'latent_dim': 8, 'patch_lens': [16, 32, 48], 'representation_weight': 0.001}",,validation MSE only; test evaluated once,True,,96,False,,97.67928372348251,,scale-multiscale__bank-on__continuation-preserved,0.0001,4
on,16,0,reference,0.22145391503969827,latentflow_process_preserving_unfreeze2,/work/11617/sujato_ts/vista/motion_code-master/physics_modal_v4/results/final/checkpoints/LatentFlow/seed43/ETTh2/h96.pt,095876d49c6127d3,preserved,2,False,ETTh2,16,137.20834937691689,latentflow-factorial-2x2x2-all28-three-seed-no-exchange-v2-selector-safe,factorial,10,latentflow_process_preserving_unfreeze2,5.0,0.001,96,32,8.009568193249104,,8,0.0007,0.3446854704127736,2048,1024,LatentFlow,0.29659152826284907,0.02,2785.0,1411434,16-32-48,,,False,2,,,0.001,/work/11617/sujato_ts/vista/motion_code-master/physics_modal_v4/enhancements/results/factorial/runs/scale-multiscale__bank-on__continuation-preserved/seed43/ETTh2/h96.json,5a047ba0583519af2ffd410983044b23651e93c1c6f8e3f2e875a64cd4b9d62d,/work/11617/sujato_ts/vista/motion_code-master/physics_modal_v4/enhancements/results/central/runs/final_no_exchange/seed43/ETTh2/h96.json,0.5446021743096965,multiscale,43,"{'inducing_points': 32, 'latent_dim': 8, 'patch_lens': [16, 32, 48], 'representation_weight': 0.001}",,validation MSE only; test evaluated once,True,,96,False,,100.19256896594015,,scale-multiscale__bank-on__continuation-preserved,0.0001,4
on,16,0,reference,0.5154585605930715,latentflow_process_preserving_unfreeze2,/work/11617/sujato_ts/vista/motion_code-master/physics_modal_v4/results/final/checkpoints/LatentFlow/seed43/ETTm1/h192.pt,dea59ffd1aa5e392,preserved,2,False,ETTm1,16,137.52673441900697,latentflow-factorial-2x2x2-all28-three-seed-no-exchange-v2-selector-safe,factorial,10,latentflow_process_preserving_unfreeze2,5.0,0.001,192,32,7.410341634244995,,8,0.0007,0.39651534458020243,2048,1024,LatentFlow,0.38090578920044743,0.02,11329.0,1493398,8-24-48,,,False,2,,,0.01,/work/11617/sujato_ts/vista/motion_code-master/physics_modal_v4/enhancements/results/factorial/runs/scale-multiscale__bank-on__continuation-preserved/seed43/ETTm1/h192.json,3b708bac60ed108890e5433966bddc296d33b7ba279cb8a84dce7e421c40d5cd,/work/11617/sujato_ts/vista/motion_code-master/physics_modal_v4/enhancements/results/central/runs/final_no_exchange/seed43/ETTm1/h192.json,0.6171756550613832,multiscale,43,"{'inducing_points': 32, 'latent_dim': 8, 'patch_lens': [8, 24, 48], 'representation_weight': 0.01}",,validation MSE only; test evaluated once,True,,96,False,,97.43272590390006,,scale-multiscale__bank-on__continuation-preserved,0.0001,4
on,16,5,extension,0.65509321515252,latentflow_process_preserving_unfreeze2,/work/11617/sujato_ts/vista/motion_code-master/physics_modal_v4/results/final/checkpoints/LatentFlow/seed43/ETTm1/h336.pt,d8aaaa53045de048,preserved,2,False,ETTm1,16,167.320685967803,latentflow-factorial-2x2x2-all28-three-seed-no-exchange-v2-selector-safe,factorial,10,latentflow_process_preserving_unfreeze2,5.0,0.001,336,32,31.301196518468867,,8,0.0007,0.4268675689823943,2048,1024,LatentFlow,0.4238138203011319,0.02,11185.0,1636816,8-24-48,,,False,2,,,0.01,/work/11617/sujato_ts/vista/motion_code-master/physics_modal_v4/enhancements/results/factorial/runs/scale-multiscale__bank-on__continuation-preserved/seed43/ETTm1/h336.json,e8dac23da7b0b57810cc01c3ed0a1a46bc2a916653ceb3fcfc0aec9661e205de,/work/11617/sujato_ts/vista/motion_code-master/physics_modal_v4/enhancements/results/central/runs/final_no_exchange/seed43/ETTm1/h336.json,0.6510098465469872,multiscale,43,"{'inducing_points': 32, 'latent_dim': 8, 'patch_lens': [8, 24, 48], 'representation_weight': 0.01}",,validation MSE only; test evaluated once,True,,96,False,,107.33617114819936,,scale-multiscale__bank-on__continuation-preserved,0.0001,4
on,16,3,extension,0.9990989711549547,latentflow_process_preserving_unfreeze2,/work/11617/sujato_ts/vista/motion_code-master/physics_modal_v4/results/final/checkpoints/LatentFlow/seed43/ETTm1/h720.pt,685d9fc38643415f,preserved,2,False,ETTm1,16,166.97327186027542,latentflow-factorial-2x2x2-all28-three-seed-no-exchange-v2-selector-safe,factorial,10,latentflow_process_preserving_unfreeze2,5.0,0.001,720,32,30.81446619516443,,8,0.0007,0.4691178767093256,2048,1024,LatentFlow,0.4924183591910145,0.02,10801.0,2026480,8-24-48,,,False,2,,,0.01,/work/11617/sujato_ts/vista/motion_code-master/physics_modal_v4/enhancements/results/factorial/runs/scale-multiscale__bank-on__continuation-preserved/seed43/ETTm1/h720.json,583bae62759354b5a9d847d846f4cc7b9b3e315af9b01e42d328a1cf75671432,/work/11617/sujato_ts/vista/motion_code-master/physics_modal_v4/enhancements/results/central/runs/final_no_exchange/seed43/ETTm1/h720.json,0.7017252733021766,multiscale,43,"{'inducing_points': 32, 'latent_dim': 8, 'patch_lens': [8, 24, 48], 'representation_weight': 0.01}",,validation MSE only; test evaluated once,True,,96,False,,107.95652635788429,,scale-multiscale__bank-on__continuation-preserved,0.0001,4
on,16,1,extension,0.3921449225218523,latentflow_process_preserving_unfreeze2,/work/11617/sujato_ts/vista/motion_code-master/physics_modal_v4/results/final/checkpoints/LatentFlow/seed43/ETTm1/h96.pt,ca908b5ae7fc64da,preserved,2,False,ETTm1,16,162.59282267838717,latentflow-factorial-2x2x2-all28-three-seed-no-exchange-v2-selector-safe,factorial,10,latentflow_process_preserving_unfreeze2,5.0,0.001,96,32,30.27170953480592,,8,0.0007,0.37382098866214575,2048,1024,LatentFlow,0.3349981519894462,0.02,11425.0,1398606,8-24-48,,,False,2,,,0.01,/work/11617/sujato_ts/vista/motion_code-master/physics_modal_v4/enhancements/results/factorial/runs/scale-multiscale__bank-on__continuation-preserved/seed43/ETTm1/h96.json,8efc7756c895a65660645b6ab209889562dc168e1c827add79134a8188ae9b0b,/work/11617/sujato_ts/vista/motion_code-master/physics_modal_v4/enhancements/results/central/runs/final_no_exchange/seed43/ETTm1/h96.json,0.578790248699342,multiscale,43,"{'inducing_points': 32, 'latent_dim': 8, 'patch_lens': [8, 24, 48], 'representation_weight': 0.01}",,validation MSE only; test evaluated once,True,,96,False,,103.93409232056001,,scale-multiscale__bank-on__continuation-preserved,0.0001,4
on,16,4,extension,0.17074308588746048,latentflow_process_preserving_unfreeze2,/work/11617/sujato_ts/vista/motion_code-master/physics_modal_v4/results/final/checkpoints/LatentFlow/seed43/ETTm2/h192.pt,a2bde9486bfeb8ae,preserved,2,False,ETTm2,16,163.28670676099136,latentflow-factorial-2x2x2-all28-three-seed-no-exchange-v2-selector-safe,factorial,10,latentflow_process_preserving_unfreeze2,5.0,0.001,192,16,29.13511955212865,,8,0.0007,0.3029546071687472,2048,1024,LatentFlow,0.24278723827039594,0.02,11329.0,1468534,8-16-32,,,False,2,,,0.001,/work/11617/sujato_ts/vista/motion_code-master/physics_modal_v4/enhancements/results/factorial/runs/scale-multiscale__bank-on__continuation-preserved/seed43/ETTm2/h192.json,6a8a92d98b8d03195f12de03d1eca294efd69a7dbedf91b78780d03a09650212,/work/11617/sujato_ts/vista/motion_code-master/physics_modal_v4/enhancements/results/central/runs/final_no_exchange/seed43/ETTm2/h192.json,0.4927344500543837,multiscale,43,"{'inducing_points': 16, 'latent_dim': 8, 'patch_lens': [8, 16, 32], 'representation_weight': 0.001}",,validation MSE only; test evaluated once,True,,96,False,,105.22133665153888,,scale-multiscale__bank-on__continuation-preserved,0.0001,4
on,16,1,extension,0.21845124104396016,latentflow_process_preserving_unfreeze2,/work/11617/sujato_ts/vista/motion_code-master/physics_modal_v4/results/final/checkpoints/LatentFlow/seed43/ETTm2/h336.pt,c537b7d9a732840f,preserved,2,False,ETTm2,16,157.83638129616156,latentflow-factorial-2x2x2-all28-three-seed-no-exchange-v2-selector-safe,factorial,10,latentflow_process_preserving_unfreeze2,5.0,0.001,336,16,29.319990515698247,,8,0.0007,0.3443550271087049,2048,1024,LatentFlow,0.3059869159442127,0.02,11185.0,1612484,8-16-32,,,False,2,,,0.001,/work/11617/sujato_ts/vista/motion_code-master/physics_modal_v4/enhancements/results/factorial/runs/scale-multiscale__bank-on__continuation-preserved/seed43/ETTm2/h336.json,45c276b6de653c2e76dbe48edd5babd5c2a01da0c42d8ce61c2be879bf7e28a0,/work/11617/sujato_ts/vista/motion_code-master/physics_modal_v4/enhancements/results/central/runs/final_no_exchange/seed43/ETTm2/h336.json,0.5531608409352679,multiscale,43,"{'inducing_points': 16, 'latent_dim': 8, 'patch_lens': [8, 16, 32], 'representation_weight': 0.001}",,validation MSE only; test evaluated once,True,,96,False,,101.1410156814236,,scale-multiscale__bank-on__continuation-preserved,0.0001,4
on,16,1,extension,0.30211052156630014,latentflow_process_preserving_unfreeze2,/work/11617/sujato_ts/vista/motion_code-master/physics_modal_v4/results/final/checkpoints/LatentFlow/seed43/ETTm2/h720.pt,efbd5ce85f5f9487,preserved,2,False,ETTm2,16,161.0040333950892,latentflow-factorial-2x2x2-all28-three-seed-no-exchange-v2-selector-safe,factorial,10,latentflow_process_preserving_unfreeze2,5.0,0.001,720,16,29.270539158341705,,8,0.0007,0.4040215044675564,2048,1024,LatentFlow,0.4116332957806696,0.02,10801.0,2004620,8-16-32,,,False,2,,,0.001,/work/11617/sujato_ts/vista/motion_code-master/physics_modal_v4/enhancements/results/factorial/runs/scale-multiscale__bank-on__continuation-preserved/seed43/ETTm2/h720.json,a754d661289798bb3aed321f8a51857f2c97eaa1cbc744deadbdc8035d102172,/work/11617/sujato_ts/vista/motion_code-master/physics_modal_v4/enhancements/results/central/runs/final_no_exchange/seed43/ETTm2/h720.json,0.6415865458226736,multiscale,43,"{'inducing_points': 16, 'latent_dim': 8, 'patch_lens': [8, 16, 32], 'representation_weight': 0.001}",,validation MSE only; test evaluated once,True,,96,False,,104.2871869110968,,scale-multiscale__bank-on__continuation-preserved,0.0001,4
on,16,2,extension,0.1281356987144266,latentflow_process_preserving_unfreeze2,/work/11617/sujato_ts/vista/motion_code-master/physics_modal_v4/results/final/checkpoints/LatentFlow/seed43/ETTm2/h96.pt,a1fe60f16dc7dd29,preserved,2,False,ETTm2,16,168.35771525406744,latentflow-factorial-2x2x2-all28-three-seed-no-exchange-v2-selector-safe,factorial,10,latentflow_process_preserving_unfreeze2,5.0,0.001,96,16,31.073638739594653,,8,0.0007,0.2590128142100592,2048,1024,LatentFlow,0.17505394963332735,0.02,11425.0,1373530,8-16-32,,,False,2,,,0.001,/work/11617/sujato_ts/vista/motion_code-master/physics_modal_v4/enhancements/results/factorial/runs/scale-multiscale__bank-on__continuation-preserved/seed43/ETTm2/h96.json,132df48ddde6402ec0a11af46711a684a0b90cc031700e732aa1c06af8d949ca,/work/11617/sujato_ts/vista/motion_code-master/physics_modal_v4/enhancements/results/central/runs/final_no_exchange/seed43/ETTm2/h96.json,0.41839449044332233,multiscale,43,"{'inducing_points': 16, 'latent_dim': 8, 'patch_lens': [8, 16, 32], 'representation_weight': 0.001}",,validation MSE only; test evaluated once,True,,96,False,,107.96348682579264,,scale-multiscale__bank-on__continuation-preserved,0.0001,4
on,16,9,extension,0.1478762723513234,latentflow_process_preserving_unfreeze2,/work/11617/sujato_ts/vista/motion_code-master/physics_modal_v4/results/final/checkpoints/LatentFlow/seed43/Electricity/h192.pt,71fefcb4e3762a6d,preserved,2,False,Electricity,16,720.2580223320983,latentflow-factorial-2x2x2-all28-three-seed-no-exchange-v2-selector-safe,factorial,10,latentflow_process_preserving_unfreeze2,5.0,0.001,192,32,39.46081985642995,,16,0.0007,0.26351480634247404,2048,1024,LatentFlow,0.1712653125112707,0.02,5071.0,1482127,8-16-32,,,False,2,,,0.001,/work/11617/sujato_ts/vista/motion_code-master/physics_modal_v4/enhancements/results/factorial/runs/scale-multiscale__bank-on__continuation-preserved/seed43/Electricity/h192.json,5243c669f0af73525d3fc11a9716fe2c5dc50f0133840971050b9676f652196f,/work/11617/sujato_ts/vista/motion_code-master/physics_modal_v4/enhancements/results/central/runs/final_no_exchange/seed43/Electricity/h192.json,0.4138421347703381,multiscale,43,"{'inducing_points': 32, 'latent_dim': 16, 'patch_lens': [8, 16, 32], 'representation_weight': 0.001}",,validation MSE only; test evaluated once,True,,96,False,,505.3678366210079,,scale-multiscale__bank-on__continuation-preserved,0.0001,4
on,16,9,extension,0.16679913780841676,latentflow_process_preserving_unfreeze2,/work/11617/sujato_ts/vista/motion_code-master/physics_modal_v4/results/final/checkpoints/LatentFlow/seed43/Electricity/h336.pt,9f4367b6b18b8f37,preserved,2,False,Electricity,16,719.3589143608697,latentflow-factorial-2x2x2-all28-three-seed-no-exchange-v2-selector-safe,factorial,10,latentflow_process_preserving_unfreeze2,5.0,0.001,336,32,39.8197948675209,,16,0.0007,0.281447027703506,2048,1024,LatentFlow,0.18877023179067196,0.02,4927.0,1626077,8-16-32,,,False,2,,,0.001,/work/11617/sujato_ts/vista/motion_code-master/physics_modal_v4/enhancements/results/factorial/runs/scale-multiscale__bank-on__continuation-preserved/seed43/Electricity/h336.json,b3582ce77267af88dee209369e51c8eefebbdda3dc80d46da67a8b70f266d770,/work/11617/sujato_ts/vista/motion_code-master/physics_modal_v4/enhancements/results/central/runs/final_no_exchange/seed43/Electricity/h336.json,0.43447696347524795,multiscale,43,"{'inducing_points': 32, 'latent_dim': 16, 'patch_lens': [8, 16, 32], 'representation_weight': 0.001}",,validation MSE only; test evaluated once,True,,96,False,,505.77684947111266,,scale-multiscale__bank-on__continuation-preserved,0.0001,4
on,16,8,extension,0.20472825391352817,latentflow_process_preserving_unfreeze2,/work/11617/sujato_ts/vista/motion_code-master/physics_modal_v4/results/final/checkpoints/LatentFlow/seed43/Electricity/h720.pt,2258cd08e544e80b,preserved,2,False,Electricity,16,749.4249916789122,latentflow-factorial-2x2x2-all28-three-seed-no-exchange-v2-selector-safe,factorial,10,latentflow_process_preserving_unfreeze2,5.0,0.001,720,32,42.43582688975008,,16,0.0007,0.3098736978431532,2048,1024,LatentFlow,0.2236946640394882,0.02,4543.0,2018213,8-16-32,,,False,2,,,0.001,/work/11617/sujato_ts/vista/motion_code-master/physics_modal_v4/enhancements/results/factorial/runs/scale-multiscale__bank-on__continuation-preserved/seed43/Electricity/h720.json,1f579b1a017664b293e7afe5960ffdf956a90abe4a79a6132f83d06289924844,/work/11617/sujato_ts/vista/motion_code-master/physics_modal_v4/enhancements/results/central/runs/final_no_exchange/seed43/Electricity/h720.json,0.4729637026659532,multiscale,43,"{'inducing_points': 32, 'latent_dim': 16, 'patch_lens': [8, 16, 32], 'representation_weight': 0.001}",,validation MSE only; test evaluated once,True,,96,False,,530.1924761883129,,scale-multiscale__bank-on__continuation-preserved,0.0001,4
on,16,10,extension,0.13606457878000888,latentflow_process_preserving_unfreeze2,/work/11617/sujato_ts/vista/motion_code-master/physics_modal_v4/results/final/checkpoints/LatentFlow/seed43/Electricity/h96.pt,a6fbfd280df648aa,preserved,2,False,Electricity,16,688.6204196820036,latentflow-factorial-2x2x2-all28-three-seed-no-exchange-v2-selector-safe,factorial,10,latentflow_process_preserving_unfreeze2,5.0,0.001,96,32,37.81926584964286,,16,0.0007,0.2518934597863897,2048,1024,LatentFlow,0.15727370938941218,0.02,5167.0,1387123,8-16-32,,,False,2,,,0.001,/work/11617/sujato_ts/vista/motion_code-master/physics_modal_v4/enhancements/results/factorial/runs/scale-multiscale__bank-on__continuation-preserved/seed43/Electricity/h96.json,c9860cd06d99c0c91efd22fc5c3687491a98c140d2bdc10b0d47de34f5b47e97,/work/11617/sujato_ts/vista/motion_code-master/physics_modal_v4/enhancements/results/central/runs/final_no_exchange/seed43/Electricity/h96.json,0.39657749480954185,multiscale,43,"{'inducing_points': 32, 'latent_dim': 16, 'patch_lens': [8, 16, 32], 'representation_weight': 0.001}",,validation MSE only; test evaluated once,True,,96,False,,481.8268411101599,,scale-multiscale__bank-on__continuation-preserved,0.0001,4
on,16,10,extension,0.38388355563798804,latentflow_process_preserving_unfreeze2,/work/11617/sujato_ts/vista/motion_code-master/physics_modal_v4/results/final/checkpoints/LatentFlow/seed43/Traffic/h192.pt,5a761961d5c7713d,preserved,2,False,Traffic,16,1370.5440527949977,latentflow-factorial-2x2x2-all28-three-seed-no-exchange-v2-selector-safe,factorial,10,latentflow_process_preserving_unfreeze2,5.0,0.001,192,32,87.90909446500903,,16,0.0007,0.2969195937388296,2048,1024,LatentFlow,0.44934683501321854,0.02,3319.0,1483750,8-16-32,,,False,2,,,0.001,/work/11617/sujato_ts/vista/motion_code-master/physics_modal_v4/enhancements/results/factorial/runs/scale-multiscale__bank-on__continuation-preserved/seed43/Traffic/h192.json,f5c8f0c651f373aab38f2e535d0df60ab80e62be9b0b0ff2dc5076896a7d34c1,/work/11617/sujato_ts/vista/motion_code-master/physics_modal_v4/enhancements/results/central/runs/final_no_exchange/seed43/Traffic/h192.json,0.6703333760251078,multiscale,43,"{'inducing_points': 32, 'latent_dim': 16, 'patch_lens': [8, 16, 32], 'representation_weight': 0.001}",,validation MSE only; test evaluated once,True,,96,False,,993.5834928281338,,scale-multiscale__bank-on__continuation-preserved,0.0001,4
on,16,7,extension,0.39812755732230226,latentflow_process_preserving_unfreeze2,/work/11617/sujato_ts/vista/motion_code-master/physics_modal_v4/results/final/checkpoints/LatentFlow/seed43/Traffic/h336.pt,4b2386681ad21cae,preserved,2,False,Traffic,16,1429.646236859262,latentflow-factorial-2x2x2-all28-three-seed-no-exchange-v2-selector-safe,factorial,10,latentflow_process_preserving_unfreeze2,5.0,0.001,336,32,91.57319216532727,,16,0.0007,0.30476184580166676,2048,1024,LatentFlow,0.4665861094803876,0.02,3175.0,1627700,8-16-32,,,False,2,,,0.001,/work/11617/sujato_ts/vista/motion_code-master/physics_modal_v4/enhancements/results/factorial/runs/scale-multiscale__bank-on__continuation-preserved/seed43/Traffic/h336.json,173c85c03884ee9811a426ea10929674147a088397b8bc49517a9bb4bf513f41,/work/11617/sujato_ts/vista/motion_code-master/physics_modal_v4/enhancements/results/central/runs/final_no_exchange/seed43/Traffic/h336.json,0.683071086696244,multiscale,43,"{'inducing_points': 32, 'latent_dim': 16, 'patch_lens': [8, 16, 32], 'representation_weight': 0.001}",,validation MSE only; test evaluated once,True,,96,False,,1038.9985759586125,,scale-multiscale__bank-on__continuation-preserved,0.0001,4
on,16,7,extension,0.44328350618838896,latentflow_process_preserving_unfreeze2,/work/11617/sujato_ts/vista/motion_code-master/physics_modal_v4/results/final/checkpoints/LatentFlow/seed43/Traffic/h720.pt,eac8b345a72219c0,preserved,2,False,Traffic,16,1544.6248558247462,latentflow-factorial-2x2x2-all28-three-seed-no-exchange-v2-selector-safe,factorial,10,latentflow_process_preserving_unfreeze2,5.0,0.001,720,32,99.6366464833986,,16,0.0007,0.3177446196447139,2048,1024,LatentFlow,0.49624386152771277,0.02,2791.0,2019836,8-16-32,,,False,2,,,0.001,/work/11617/sujato_ts/vista/motion_code-master/physics_modal_v4/enhancements/results/factorial/runs/scale-multiscale__bank-on__continuation-preserved/seed43/Traffic/h720.json,6cfaa80d2ddf3000eee1337bb983d35ed432ea03c829ca0cd90c359763964032,/work/11617/sujato_ts/vista/motion_code-master/physics_modal_v4/enhancements/results/central/runs/final_no_exchange/seed43/Traffic/h720.json,0.7044457832421973,multiscale,43,"{'inducing_points': 32, 'latent_dim': 16, 'patch_lens': [8, 16, 32], 'representation_weight': 0.001}",,validation MSE only; test evaluated once,True,,96,False,,1129.7831153704465,,scale-multiscale__bank-on__continuation-preserved,0.0001,4
on,16,10,extension,0.3953881559681726,latentflow_process_preserving_unfreeze2,/work/11617/sujato_ts/vista/motion_code-master/physics_modal_v4/results/final/checkpoints/LatentFlow/seed43/Traffic/h96.pt,ed8ec65ff69bd708,preserved,2,False,Traffic,16,1360.4083220399916,latentflow-factorial-2x2x2-all28-three-seed-no-exchange-v2-selector-safe,factorial,10,latentflow_process_preserving_unfreeze2,5.0,0.001,96,32,87.10394902460872,,16,0.0007,0.29418264235354147,2048,1024,LatentFlow,0.436267156537962,0.02,3415.0,1388746,8-16-32,,,False,2,,,0.001,/work/11617/sujato_ts/vista/motion_code-master/physics_modal_v4/enhancements/results/factorial/runs/scale-multiscale__bank-on__continuation-preserved/seed43/Traffic/h96.json,0fd9aa894269ff50b0c1f3fe661efe01c90c664326f4a1425d5230d600792c3b,/work/11617/sujato_ts/vista/motion_code-master/physics_modal_v4/enhancements/results/central/runs/final_no_exchange/seed43/Traffic/h96.json,0.6605052282442297,multiscale,43,"{'inducing_points': 32, 'latent_dim': 16, 'patch_lens': [8, 16, 32], 'representation_weight': 0.001}",,validation MSE only; test evaluated once,True,,96,False,,984.4402104368783,,scale-multiscale__bank-on__continuation-preserved,0.0001,4
on,16,2,extension,0.4759752141341331,latentflow_process_preserving_unfreeze2,/work/11617/sujato_ts/vista/motion_code-master/physics_modal_v4/results/final/checkpoints/LatentFlow/seed43/Weather/h192.pt,cc63a4f0331e2910,preserved,2,False,Weather,16,218.99121325835586,latentflow-factorial-2x2x2-all28-three-seed-no-exchange-v2-selector-safe,factorial,10,latentflow_process_preserving_unfreeze2,5.0,0.001,192,32,40.7229963632286,,16,0.0007,0.2542393251259774,2048,1024,LatentFlow,0.213196166098454,0.02,10349.0,1484344,8-16-32,,,False,2,,,0.001,/work/11617/sujato_ts/vista/motion_code-master/physics_modal_v4/enhancements/results/factorial/runs/scale-multiscale__bank-on__continuation-preserved/seed43/Weather/h192.json,0cb7198b556668c5774f208fadde119e6ee7256234fd5d34162ff2c45ae06c37,/work/11617/sujato_ts/vista/motion_code-master/physics_modal_v4/enhancements/results/central/runs/final_no_exchange/seed43/Weather/h192.json,0.461731703588192,multiscale,43,"{'inducing_points': 32, 'latent_dim': 16, 'patch_lens': [8, 16, 32], 'representation_weight': 0.001}",,validation MSE only; test evaluated once,True,,96,False,,144.63501356949564,,scale-multiscale__bank-on__continuation-preserved,0.0001,4
on,16,3,extension,0.5615629336190602,latentflow_process_preserving_unfreeze2,/work/11617/sujato_ts/vista/motion_code-master/physics_modal_v4/results/final/checkpoints/LatentFlow/seed43/Weather/h336.pt,b5740e2efa978abb,preserved,2,False,Weather,16,232.3693771958351,latentflow-factorial-2x2x2-all28-three-seed-no-exchange-v2-selector-safe,factorial,10,latentflow_process_preserving_unfreeze2,5.0,0.001,336,32,44.52837440888134,,16,0.0007,0.2995528643795756,2048,1024,LatentFlow,0.27411868525501326,0.02,10205.0,1628294,8-16-32,,,False,2,,,0.001,/work/11617/sujato_ts/vista/motion_code-master/physics_modal_v4/enhancements/results/factorial/runs/scale-multiscale__bank-on__continuation-preserved/seed43/Weather/h336.json,d51d0e3309fa4185e69054a598956f57c60e024e0ea117d2e3045402c5bba94b,/work/11617/sujato_ts/vista/motion_code-master/physics_modal_v4/enhancements/results/central/runs/final_no_exchange/seed43/Weather/h336.json,0.5235634491205562,multiscale,43,"{'inducing_points': 32, 'latent_dim': 16, 'patch_lens': [8, 16, 32], 'representation_weight': 0.001}",,validation MSE only; test evaluated once,True,,96,False,,153.2217397070781,,scale-multiscale__bank-on__continuation-preserved,0.0001,4
on,16,4,extension,0.682433659689767,latentflow_process_preserving_unfreeze2,/work/11617/sujato_ts/vista/motion_code-master/physics_modal_v4/results/final/checkpoints/LatentFlow/seed43/Weather/h720.pt,4a2624b6da178900,preserved,2,False,Weather,16,229.6666374099441,latentflow-factorial-2x2x2-all28-three-seed-no-exchange-v2-selector-safe,factorial,10,latentflow_process_preserving_unfreeze2,5.0,0.001,720,32,43.57506436511898,,16,0.0007,0.34838874321649693,2048,1024,LatentFlow,0.3507824229126084,0.02,9821.0,2020430,8-16-32,,,False,2,,,0.001,/work/11617/sujato_ts/vista/motion_code-master/physics_modal_v4/enhancements/results/factorial/runs/scale-multiscale__bank-on__continuation-preserved/seed43/Weather/h720.json,6dabdd58fa53d360075ae87a3a8c340594825e609248bb596629bf72b7c036bb,/work/11617/sujato_ts/vista/motion_code-master/physics_modal_v4/enhancements/results/central/runs/final_no_exchange/seed43/Weather/h720.json,0.5922688772108563,multiscale,43,"{'inducing_points': 32, 'latent_dim': 16, 'patch_lens': [8, 16, 32], 'representation_weight': 0.001}",,validation MSE only; test evaluated once,True,,96,False,,152.56958130885323,,scale-multiscale__bank-on__continuation-preserved,0.0001,4
on,16,6,extension,0.43321506229657974,latentflow_process_preserving_unfreeze2,/work/11617/sujato_ts/vista/motion_code-master/physics_modal_v4/results/final/checkpoints/LatentFlow/seed43/Weather/h96.pt,039002700089167b,preserved,2,False,Weather,16,237.12126035999972,latentflow-factorial-2x2x2-all28-three-seed-no-exchange-v2-selector-safe,factorial,10,latentflow_process_preserving_unfreeze2,5.0,0.001,96,32,43.849297876601405,,16,0.0007,0.21396712893357522,2048,1024,LatentFlow,0.1679886183765194,0.02,10445.0,1389340,8-16-32,,,False,2,,,0.001,/work/11617/sujato_ts/vista/motion_code-master/physics_modal_v4/enhancements/results/factorial/runs/scale-multiscale__bank-on__continuation-preserved/seed43/Weather/h96.json,8e3f5e4b88b4a7dbf30d2a7ddd9e539a7a97b127d9d7509b67a9160a61ff8180,/work/11617/sujato_ts/vista/motion_code-master/physics_modal_v4/enhancements/results/central/runs/final_no_exchange/seed43/Weather/h96.json,0.40986414624423956,multiscale,43,"{'inducing_points': 32, 'latent_dim': 16, 'patch_lens': [8, 16, 32], 'representation_weight': 0.001}",,validation MSE only; test evaluated once,True,,96,False,,156.7276508726536,,scale-multiscale__bank-on__continuation-preserved,0.0001,4
on,16,1,extension,1.025974528420539,latentflow_process_preserving_unfreeze2,/work/11617/sujato_ts/vista/motion_code-master/physics_modal_v4/results/final/checkpoints/LatentFlow/seed44/ETTh1/h192.pt,cf82fa93c2ebc386,preserved,2,False,ETTh1,16,144.89135006582364,latentflow-factorial-2x2x2-all28-three-seed-no-exchange-v2-selector-safe,factorial,10,latentflow_process_preserving_unfreeze2,5.0,0.001,192,32,29.862601834232223,,16,0.0007,0.43321985592889645,2048,1024,LatentFlow,0.44695659733310056,0.02,2689.0,1535526,16-32-48,,,False,2,,,0.05,/work/11617/sujato_ts/vista/motion_code-master/physics_modal_v4/enhancements/results/factorial/runs/scale-multiscale__bank-on__continuation-preserved/seed44/ETTh1/h192.json,cb9149fce0705f50c0cca81db8cac6113381e3277d93b92af44b3eeb3ed32674,/work/11617/sujato_ts/vista/motion_code-master/physics_modal_v4/enhancements/results/central/runs/final_no_exchange/seed44/ETTh1/h192.json,0.6685481264150701,multiscale,44,"{'inducing_points': 32, 'latent_dim': 16, 'patch_lens': [16, 32, 48], 'representation_weight': 0.05}",,validation MSE only; test evaluated once,True,,96,False,,102.56517605630506,,scale-multiscale__bank-on__continuation-preserved,0.0001,4
on,16,0,reference,1.2865984881816268,latentflow_process_preserving_unfreeze2,/work/11617/sujato_ts/vista/motion_code-master/physics_modal_v4/results/final/checkpoints/LatentFlow/seed44/ETTh1/h336.pt,44ed1c1661fc78a7,preserved,2,False,ETTh1,16,137.7092479201965,latentflow-factorial-2x2x2-all28-three-seed-no-exchange-v2-selector-safe,factorial,10,latentflow_process_preserving_unfreeze2,5.0,0.001,336,32,7.669156735550754,,16,0.0007,0.45960576987732715,2048,1024,LatentFlow,0.49471651836941954,0.02,2545.0,1676686,16-32-48,,,False,2,,,0.05,/work/11617/sujato_ts/vista/motion_code-master/physics_modal_v4/enhancements/results/factorial/runs/scale-multiscale__bank-on__continuation-preserved/seed44/ETTh1/h336.json,0ee84706c5358aad492ec584c0e2da6e68398d690a49b5e53a67698e6ac8445e,/work/11617/sujato_ts/vista/motion_code-master/physics_modal_v4/enhancements/results/central/runs/final_no_exchange/seed44/ETTh1/h336.json,0.7033608734991018,multiscale,44,"{'inducing_points': 32, 'latent_dim': 16, 'patch_lens': [16, 32, 48], 'representation_weight': 0.05}",,validation MSE only; test evaluated once,True,,96,False,,100.02285226037202,,scale-multiscale__bank-on__continuation-preserved,0.0001,4
on,16,0,reference,1.5637264736114986,latentflow_process_preserving_unfreeze2,/work/11617/sujato_ts/vista/motion_code-master/physics_modal_v4/results/final/checkpoints/LatentFlow/seed44/ETTh1/h720.pt,996d81655b965a7c,preserved,2,False,ETTh1,16,137.57355981506407,latentflow-factorial-2x2x2-all28-three-seed-no-exchange-v2-selector-safe,factorial,10,latentflow_process_preserving_unfreeze2,5.0,0.001,720,32,7.705187602246653,,16,0.0007,0.4802329831879081,2048,1024,LatentFlow,0.4984691149224758,0.02,2161.0,2055222,16-32-48,,,False,2,,,0.05,/work/11617/sujato_ts/vista/motion_code-master/physics_modal_v4/enhancements/results/factorial/runs/scale-multiscale__bank-on__continuation-preserved/seed44/ETTh1/h720.json,e7275e1b10d7ace39a34a41c8c1779eb17d69ec8ca1f0c662b0af815de939b46,/work/11617/sujato_ts/vista/motion_code-master/physics_modal_v4/enhancements/results/central/runs/final_no_exchange/seed44/ETTh1/h720.json,0.7060234521051519,multiscale,44,"{'inducing_points': 32, 'latent_dim': 16, 'patch_lens': [16, 32, 48], 'representation_weight': 0.05}",,validation MSE only; test evaluated once,True,,96,False,,100.77778625936844,,scale-multiscale__bank-on__continuation-preserved,0.0001,4
on,16,1,extension,0.7697107880598023,latentflow_process_preserving_unfreeze2,/work/11617/sujato_ts/vista/motion_code-master/physics_modal_v4/results/final/checkpoints/LatentFlow/seed44/ETTh1/h96.pt,c02a737e1492a922,preserved,2,False,ETTh1,16,154.74254742707126,latentflow-factorial-2x2x2-all28-three-seed-no-exchange-v2-selector-safe,factorial,10,latentflow_process_preserving_unfreeze2,5.0,0.001,96,32,30.86239822085064,,16,0.0007,0.41168622904540514,2048,1024,LatentFlow,0.4034148573274132,0.02,2785.0,1441682,16-32-48,,,False,2,,,0.05,/work/11617/sujato_ts/vista/motion_code-master/physics_modal_v4/enhancements/results/factorial/runs/scale-multiscale__bank-on__continuation-preserved/seed44/ETTh1/h96.json,dedcf9e550aad0e078434ba4a5dc8b5b55c0dce44a20b4da2434564446d63d56,/work/11617/sujato_ts/vista/motion_code-master/physics_modal_v4/enhancements/results/central/runs/final_no_exchange/seed44/ETTh1/h96.json,0.635149476365535,multiscale,44,"{'inducing_points': 32, 'latent_dim': 16, 'patch_lens': [16, 32, 48], 'representation_weight': 0.05}",,validation MSE only; test evaluated once,True,,96,False,,106.20998548747593,,scale-multiscale__bank-on__continuation-preserved,0.0001,4
on,16,0,reference,0.27509241214110736,latentflow_process_preserving_unfreeze2,/work/11617/sujato_ts/vista/motion_code-master/physics_modal_v4/results/final/checkpoints/LatentFlow/seed44/ETTh2/h192.pt,26ce691475466851,preserved,2,False,ETTh2,16,136.57686867704615,latentflow-factorial-2x2x2-all28-three-seed-no-exchange-v2-selector-safe,factorial,10,latentflow_process_preserving_unfreeze2,5.0,0.001,192,32,7.982032719308031,,8,0.0007,0.40038104993692547,2048,1024,LatentFlow,0.38934538500320265,0.02,2689.0,1505278,16-32-48,,,False,2,,,0.001,/work/11617/sujato_ts/vista/motion_code-master/physics_modal_v4/enhancements/results/factorial/runs/scale-multiscale__bank-on__continuation-preserved/seed44/ETTh2/h192.json,4da77e6d00f028652e0b075db71007e9e8b661215609ba7b758470cf1536d255,/work/11617/sujato_ts/vista/motion_code-master/physics_modal_v4/enhancements/results/central/runs/final_no_exchange/seed44/ETTh2/h192.json,0.6239754682703501,multiscale,44,"{'inducing_points': 32, 'latent_dim': 8, 'patch_lens': [16, 32, 48], 'representation_weight': 0.001}",,validation MSE only; test evaluated once,True,,96,False,,99.85217101311719,,scale-multiscale__bank-on__continuation-preserved,0.0001,4
on,16,0,reference,0.35774983323755716,latentflow_process_preserving_unfreeze2,/work/11617/sujato_ts/vista/motion_code-master/physics_modal_v4/results/final/checkpoints/LatentFlow/seed44/ETTh2/h336.pt,4bece546f3b39765,preserved,2,False,ETTh2,16,144.9108110088855,latentflow-factorial-2x2x2-all28-three-seed-no-exchange-v2-selector-safe,factorial,10,latentflow_process_preserving_unfreeze2,5.0,0.001,336,32,8.509282488375902,,8,0.0007,0.4241401757912671,2048,1024,LatentFlow,0.41043008342135356,0.02,2545.0,1646438,16-32-48,,,False,2,,,0.001,/work/11617/sujato_ts/vista/motion_code-master/physics_modal_v4/enhancements/results/factorial/runs/scale-multiscale__bank-on__continuation-preserved/seed44/ETTh2/h336.json,d4f910c0c808091786fc22c9018ca58dbaf0158bf51ff5b03141dd9c55b3d466,/work/11617/sujato_ts/vista/motion_code-master/physics_modal_v4/enhancements/results/central/runs/final_no_exchange/seed44/ETTh2/h336.json,0.6406481744462819,multiscale,44,"{'inducing_points': 32, 'latent_dim': 8, 'patch_lens': [16, 32, 48], 'representation_weight': 0.001}",,validation MSE only; test evaluated once,True,,96,False,,106.07981052417017,,scale-multiscale__bank-on__continuation-preserved,0.0001,4
on,16,0,reference,0.6189794491207788,latentflow_process_preserving_unfreeze2,/work/11617/sujato_ts/vista/motion_code-master/physics_modal_v4/results/final/checkpoints/LatentFlow/seed44/ETTh2/h720.pt,0e98d9c986f7b528,preserved,2,False,ETTh2,16,139.48584024328738,latentflow-factorial-2x2x2-all28-three-seed-no-exchange-v2-selector-safe,factorial,10,latentflow_process_preserving_unfreeze2,5.0,0.001,720,32,8.069348295650153,,8,0.0007,0.4511602481575769,2048,1024,LatentFlow,0.43759845636049677,0.02,2161.0,2024974,16-32-48,,,False,2,,,0.001,/work/11617/sujato_ts/vista/motion_code-master/physics_modal_v4/enhancements/results/factorial/runs/scale-multiscale__bank-on__continuation-preserved/seed44/ETTh2/h720.json,d19bdf4b889f6cbb644d8c45e4004b11dd55b73c3a62cacacd2b78e0d49d059d,/work/11617/sujato_ts/vista/motion_code-master/physics_modal_v4/enhancements/results/central/runs/final_no_exchange/seed44/ETTh2/h720.json,0.6615122495921726,multiscale,44,"{'inducing_points': 32, 'latent_dim': 8, 'patch_lens': [16, 32, 48], 'representation_weight': 0.001}",,validation MSE only; test evaluated once,True,,96,False,,102.07801491342252,,scale-multiscale__bank-on__continuation-preserved,0.0001,4
on,16,1,extension,0.22695607514608473,latentflow_process_preserving_unfreeze2,/work/11617/sujato_ts/vista/motion_code-master/physics_modal_v4/results/final/checkpoints/LatentFlow/seed44/ETTh2/h96.pt,2c72b985b708780a,preserved,2,False,ETTh2,16,138.7191129811108,latentflow-factorial-2x2x2-all28-three-seed-no-exchange-v2-selector-safe,factorial,10,latentflow_process_preserving_unfreeze2,5.0,0.001,96,32,29.14174659059227,,8,0.0007,0.3514481170346434,2048,1024,LatentFlow,0.30359987158790414,0.02,2785.0,1411434,16-32-48,,,False,2,,,0.001,/work/11617/sujato_ts/vista/motion_code-master/physics_modal_v4/enhancements/results/factorial/runs/scale-multiscale__bank-on__continuation-preserved/seed44/ETTh2/h96.json,013c5eb1d52b6409d71c1d31f9162aaba0b6f8f11634c7d8a14e383b22c3e36b,/work/11617/sujato_ts/vista/motion_code-master/physics_modal_v4/enhancements/results/central/runs/final_no_exchange/seed44/ETTh2/h96.json,0.5509989760316294,multiscale,44,"{'inducing_points': 32, 'latent_dim': 8, 'patch_lens': [16, 32, 48], 'representation_weight': 0.001}",,validation MSE only; test evaluated once,True,,96,False,,98.61477939266479,,scale-multiscale__bank-on__continuation-preserved,0.0001,4
on,16,2,extension,0.512834358250811,latentflow_process_preserving_unfreeze2,/work/11617/sujato_ts/vista/motion_code-master/physics_modal_v4/results/final/checkpoints/LatentFlow/seed44/ETTm1/h192.pt,c7e7c7b9f051908c,preserved,2,False,ETTm1,16,155.62819129996933,latentflow-factorial-2x2x2-all28-three-seed-no-exchange-v2-selector-safe,factorial,10,latentflow_process_preserving_unfreeze2,5.0,0.001,192,32,29.576502164069673,,8,0.0007,0.3959587315687016,2048,1024,LatentFlow,0.37849950608616734,0.02,11329.0,1493398,8-24-48,,,False,2,,,0.01,/work/11617/sujato_ts/vista/motion_code-master/physics_modal_v4/enhancements/results/factorial/runs/scale-multiscale__bank-on__continuation-preserved/seed44/ETTm1/h192.json,c399349e04d692c74b0614fad1306e6617069b3656ce18480e5a7e4c561ce9d9,/work/11617/sujato_ts/vista/motion_code-master/physics_modal_v4/enhancements/results/central/runs/final_no_exchange/seed44/ETTm1/h192.json,0.6152231352006907,multiscale,44,"{'inducing_points': 32, 'latent_dim': 8, 'patch_lens': [8, 24, 48], 'representation_weight': 0.01}",,validation MSE only; test evaluated once,True,,96,False,,99.2711757968209,,scale-multiscale__bank-on__continuation-preserved,0.0001,4
on,16,2,extension,0.6561011601062048,latentflow_process_preserving_unfreeze2,/work/11617/sujato_ts/vista/motion_code-master/physics_modal_v4/results/final/checkpoints/LatentFlow/seed44/ETTm1/h336.pt,3e7726f145ecf73b,preserved,2,False,ETTm1,16,150.90651680668816,latentflow-factorial-2x2x2-all28-three-seed-no-exchange-v2-selector-safe,factorial,10,latentflow_process_preserving_unfreeze2,5.0,0.001,336,32,27.514291098634885,,8,0.0007,0.41689597810629103,2048,1024,LatentFlow,0.4159849094709199,0.02,11185.0,1636816,8-24-48,,,False,2,,,0.01,/work/11617/sujato_ts/vista/motion_code-master/physics_modal_v4/enhancements/results/factorial/runs/scale-multiscale__bank-on__continuation-preserved/seed44/ETTm1/h336.json,0829c1f1f79bcae8e3102cccfafee6b5962df69049d3d142a68b567afb79cf33,/work/11617/sujato_ts/vista/motion_code-master/physics_modal_v4/enhancements/results/central/runs/final_no_exchange/seed44/ETTm1/h336.json,0.644968921321733,multiscale,44,"{'inducing_points': 32, 'latent_dim': 8, 'patch_lens': [8, 24, 48], 'representation_weight': 0.01}",,validation MSE only; test evaluated once,True,,96,False,,96.82148416650307,,scale-multiscale__bank-on__continuation-preserved,0.0001,4
on,16,3,extension,0.9923984924952189,latentflow_process_preserving_unfreeze2,/work/11617/sujato_ts/vista/motion_code-master/physics_modal_v4/results/final/checkpoints/LatentFlow/seed44/ETTm1/h720.pt,3180a79203d83aa5,preserved,2,False,ETTm1,16,166.33842852525413,latentflow-factorial-2x2x2-all28-three-seed-no-exchange-v2-selector-safe,factorial,10,latentflow_process_preserving_unfreeze2,5.0,0.001,720,32,30.850755329898803,,8,0.0007,0.4773132086926633,2048,1024,LatentFlow,0.5126246371171618,0.02,10801.0,2026480,8-24-48,,,False,2,,,0.01,/work/11617/sujato_ts/vista/motion_code-master/physics_modal_v4/enhancements/results/factorial/runs/scale-multiscale__bank-on__continuation-preserved/seed44/ETTm1/h720.json,73692cb4993a87c8fa96c36f99bcc779cd5a9572ad54920dcf01736c77c556cc,/work/11617/sujato_ts/vista/motion_code-master/physics_modal_v4/enhancements/results/central/runs/final_no_exchange/seed44/ETTm1/h720.json,0.7159780982105262,multiscale,44,"{'inducing_points': 32, 'latent_dim': 8, 'patch_lens': [8, 24, 48], 'representation_weight': 0.01}",,validation MSE only; test evaluated once,True,,96,False,,107.46361174678896,,scale-multiscale__bank-on__continuation-preserved,0.0001,4
on,16,1,extension,0.3950587904879025,latentflow_process_preserving_unfreeze2,/work/11617/sujato_ts/vista/motion_code-master/physics_modal_v4/results/final/checkpoints/LatentFlow/seed44/ETTm1/h96.pt,4aec2a489c0d98dc,preserved,2,False,ETTm1,16,150.9788011070341,latentflow-factorial-2x2x2-all28-three-seed-no-exchange-v2-selector-safe,factorial,10,latentflow_process_preserving_unfreeze2,5.0,0.001,96,32,28.43965856661448,,8,0.0007,0.3721375830605513,2048,1024,LatentFlow,0.334759097153462,0.02,11425.0,1398606,8-24-48,,,False,2,,,0.01,/work/11617/sujato_ts/vista/motion_code-master/physics_modal_v4/enhancements/results/factorial/runs/scale-multiscale__bank-on__continuation-preserved/seed44/ETTm1/h96.json,5612e1859318a4d7fa5e9118dfde2b1a377a8c1c734b1badea2557cc602c847b,/work/11617/sujato_ts/vista/motion_code-master/physics_modal_v4/enhancements/results/central/runs/final_no_exchange/seed44/ETTm1/h96.json,0.5785836993499403,multiscale,44,"{'inducing_points': 32, 'latent_dim': 8, 'patch_lens': [8, 24, 48], 'representation_weight': 0.01}",,validation MSE only; test evaluated once,True,,96,False,,96.19955152884359,,scale-multiscale__bank-on__continuation-preserved,0.0001,4
on,16,2,extension,0.17002589060437112,latentflow_process_preserving_unfreeze2,/work/11617/sujato_ts/vista/motion_code-master/physics_modal_v4/results/final/checkpoints/LatentFlow/seed44/ETTm2/h192.pt,730cdb98a6293067,preserved,2,False,ETTm2,16,163.27586348401383,latentflow-factorial-2x2x2-all28-three-seed-no-exchange-v2-selector-safe,factorial,10,latentflow_process_preserving_unfreeze2,5.0,0.001,192,16,29.41326619108778,,8,0.0007,0.30245865022926843,2048,1024,LatentFlow,0.24216420599904076,0.02,11329.0,1468534,8-16-32,,,False,2,,,0.001,/work/11617/sujato_ts/vista/motion_code-master/physics_modal_v4/enhancements/results/factorial/runs/scale-multiscale__bank-on__continuation-preserved/seed44/ETTm2/h192.json,60fa54ff1ef29c1a9c2dbd5a59267f1bc7f4197cde41af66f80a08c072cd9efb,/work/11617/sujato_ts/vista/motion_code-master/physics_modal_v4/enhancements/results/central/runs/final_no_exchange/seed44/ETTm2/h192.json,0.49210182482799303,multiscale,44,"{'inducing_points': 16, 'latent_dim': 8, 'patch_lens': [8, 16, 32], 'representation_weight': 0.001}",,validation MSE only; test evaluated once,True,,96,False,,105.09736063904711,,scale-multiscale__bank-on__continuation-preserved,0.0001,4
on,16,3,extension,0.2163150169614221,latentflow_process_preserving_unfreeze2,/work/11617/sujato_ts/vista/motion_code-master/physics_modal_v4/results/final/checkpoints/LatentFlow/seed44/ETTm2/h336.pt,de6921c988935ad9,preserved,2,False,ETTm2,16,168.99508424382657,latentflow-factorial-2x2x2-all28-three-seed-no-exchange-v2-selector-safe,factorial,10,latentflow_process_preserving_unfreeze2,5.0,0.001,336,16,32.06555708511639,,8,0.0007,0.3449471412956523,2048,1024,LatentFlow,0.3072513765118252,0.02,11185.0,1612484,8-16-32,,,False,2,,,0.001,/work/11617/sujato_ts/vista/motion_code-master/physics_modal_v4/enhancements/results/factorial/runs/scale-multiscale__bank-on__continuation-preserved/seed44/ETTm2/h336.json,b031edebdeb0480d44b6c685cce36ba658e2a7033aca756309f023bac8444ca7,/work/11617/sujato_ts/vista/motion_code-master/physics_modal_v4/enhancements/results/central/runs/final_no_exchange/seed44/ETTm2/h336.json,0.5543026037389913,multiscale,44,"{'inducing_points': 16, 'latent_dim': 8, 'patch_lens': [8, 16, 32], 'representation_weight': 0.001}",,validation MSE only; test evaluated once,True,,96,False,,108.33330417663092,,scale-multiscale__bank-on__continuation-preserved,0.0001,4
on,16,0,reference,0.30286388974341133,latentflow_process_preserving_unfreeze2,/work/11617/sujato_ts/vista/motion_code-master/physics_modal_v4/results/final/checkpoints/LatentFlow/seed44/ETTm2/h720.pt,34f5fd9d5c761257,preserved,2,False,ETTm2,16,143.2041265919106,latentflow-factorial-2x2x2-all28-three-seed-no-exchange-v2-selector-safe,factorial,10,latentflow_process_preserving_unfreeze2,5.0,0.001,720,16,7.835242159572052,,8,0.0007,0.406837863068797,2048,1024,LatentFlow,0.41702886235783804,0.02,10801.0,2004620,8-16-32,,,False,2,,,0.001,/work/11617/sujato_ts/vista/motion_code-master/physics_modal_v4/enhancements/results/factorial/runs/scale-multiscale__bank-on__continuation-preserved/seed44/ETTm2/h720.json,494f44179866106da323e7ba3f010b78615078329c6535224fad82ebacdcc643,/work/11617/sujato_ts/vista/motion_code-master/physics_modal_v4/enhancements/results/central/runs/final_no_exchange/seed44/ETTm2/h720.json,0.6457777190007704,multiscale,44,"{'inducing_points': 16, 'latent_dim': 8, 'patch_lens': [8, 16, 32], 'representation_weight': 0.001}",,validation MSE only; test evaluated once,True,,96,False,,101.69958048445551,,scale-multiscale__bank-on__continuation-preserved,0.0001,4
on,16,3,extension,0.12816246971488,latentflow_process_preserving_unfreeze2,/work/11617/sujato_ts/vista/motion_code-master/physics_modal_v4/results/final/checkpoints/LatentFlow/seed44/ETTm2/h96.pt,88d35532f79c9df1,preserved,2,False,ETTm2,16,152.65929958400375,latentflow-factorial-2x2x2-all28-three-seed-no-exchange-v2-selector-safe,factorial,10,latentflow_process_preserving_unfreeze2,5.0,0.001,96,16,28.22628650207074,,8,0.0007,0.2586701206884198,2048,1024,LatentFlow,0.17567293339723644,0.02,11425.0,1373530,8-16-32,,,False,2,,,0.001,/work/11617/sujato_ts/vista/motion_code-master/physics_modal_v4/enhancements/results/factorial/runs/scale-multiscale__bank-on__continuation-preserved/seed44/ETTm2/h96.json,1b8297244474788b309dd7c856680735e4442547610f0f3d1e28a3d912c9a3da,/work/11617/sujato_ts/vista/motion_code-master/physics_modal_v4/enhancements/results/central/runs/final_no_exchange/seed44/ETTm2/h96.json,0.4191335507892877,multiscale,44,"{'inducing_points': 16, 'latent_dim': 8, 'patch_lens': [8, 16, 32], 'representation_weight': 0.001}",,validation MSE only; test evaluated once,True,,96,False,,97.57028460234096,,scale-multiscale__bank-on__continuation-preserved,0.0001,4
on,16,10,extension,0.14654051536463997,latentflow_process_preserving_unfreeze2,/work/11617/sujato_ts/vista/motion_code-master/physics_modal_v4/results/final/checkpoints/LatentFlow/seed44/Electricity/h192.pt,e1d7f259d0eb9abc,preserved,2,False,Electricity,16,669.0896161580458,latentflow-factorial-2x2x2-all28-three-seed-no-exchange-v2-selector-safe,factorial,10,latentflow_process_preserving_unfreeze2,5.0,0.001,192,32,37.134685466436764,,16,0.0007,0.26349574626788763,2048,1024,LatentFlow,0.17014598014363091,0.02,5071.0,1482127,8-16-32,,,False,2,,,0.001,/work/11617/sujato_ts/vista/motion_code-master/physics_modal_v4/enhancements/results/factorial/runs/scale-multiscale__bank-on__continuation-preserved/seed44/Electricity/h192.json,4746bf4428235c765e342b494f46590fbc344a24dfceda6151c071dfcca04938,/work/11617/sujato_ts/vista/motion_code-master/physics_modal_v4/enhancements/results/central/runs/final_no_exchange/seed44/Electricity/h192.json,0.4124875515014131,multiscale,44,"{'inducing_points': 32, 'latent_dim': 16, 'patch_lens': [8, 16, 32], 'representation_weight': 0.001}",,validation MSE only; test evaluated once,True,,96,False,,468.7679246162588,,scale-multiscale__bank-on__continuation-preserved,0.0001,4
on,16,10,extension,0.16418744297166232,latentflow_process_preserving_unfreeze2,/work/11617/sujato_ts/vista/motion_code-master/physics_modal_v4/results/final/checkpoints/LatentFlow/seed44/Electricity/h336.pt,755c6f8b11542c45,preserved,2,False,Electricity,16,718.6031061820686,latentflow-factorial-2x2x2-all28-three-seed-no-exchange-v2-selector-safe,factorial,10,latentflow_process_preserving_unfreeze2,5.0,0.001,336,32,39.22574857961598,,16,0.0007,0.2786056811037912,2048,1024,LatentFlow,0.18548487960275034,0.02,4927.0,1626077,8-16-32,,,False,2,,,0.001,/work/11617/sujato_ts/vista/motion_code-master/physics_modal_v4/enhancements/results/factorial/runs/scale-multiscale__bank-on__continuation-preserved/seed44/Electricity/h336.json,8a61c6a6760450e50be6f4d0378f3c1bd4bf985c3b0ee8960a69f1fefc015565,/work/11617/sujato_ts/vista/motion_code-master/physics_modal_v4/enhancements/results/central/runs/final_no_exchange/seed44/Electricity/h336.json,0.43067955558947807,multiscale,44,"{'inducing_points': 32, 'latent_dim': 16, 'patch_lens': [8, 16, 32], 'representation_weight': 0.001}",,validation MSE only; test evaluated once,True,,96,False,,505.27938033046667,,scale-multiscale__bank-on__continuation-preserved,0.0001,4
on,16,4,extension,0.20068875587122711,latentflow_process_preserving_unfreeze2,/work/11617/sujato_ts/vista/motion_code-master/physics_modal_v4/results/final/checkpoints/LatentFlow/seed44/Electricity/h720.pt,4e6730c886983b76,preserved,2,False,Electricity,16,745.7752423342317,latentflow-factorial-2x2x2-all28-three-seed-no-exchange-v2-selector-safe,factorial,10,latentflow_process_preserving_unfreeze2,5.0,0.001,720,32,41.62334809794273,,16,0.0007,0.3115718862309479,2048,1024,LatentFlow,0.22663698095396576,0.02,4543.0,2018213,8-16-32,,,False,2,,,0.001,/work/11617/sujato_ts/vista/motion_code-master/physics_modal_v4/enhancements/results/factorial/runs/scale-multiscale__bank-on__continuation-preserved/seed44/Electricity/h720.json,e0841df62c7ed7977a67777453469b063dfb77a9daa2b312ff9f8931a2ced19d,/work/11617/sujato_ts/vista/motion_code-master/physics_modal_v4/enhancements/results/central/runs/final_no_exchange/seed44/Electricity/h720.json,0.4760640513144904,multiscale,44,"{'inducing_points': 32, 'latent_dim': 16, 'patch_lens': [8, 16, 32], 'representation_weight': 0.001}",,validation MSE only; test evaluated once,True,,96,False,,528.042677339181,,scale-multiscale__bank-on__continuation-preserved,0.0001,4
on,16,10,extension,0.13377270455300994,latentflow_process_preserving_unfreeze2,/work/11617/sujato_ts/vista/motion_code-master/physics_modal_v4/results/final/checkpoints/LatentFlow/seed44/Electricity/h96.pt,6453e3ca3a3aa507,preserved,2,False,Electricity,16,710.2016705516726,latentflow-factorial-2x2x2-all28-three-seed-no-exchange-v2-selector-safe,factorial,10,latentflow_process_preserving_unfreeze2,5.0,0.001,96,32,38.71699047758598,,16,0.0007,0.25100528847361003,2048,1024,LatentFlow,0.1558784446817667,0.02,5167.0,1387123,8-16-32,,,False,2,,,0.001,/work/11617/sujato_ts/vista/motion_code-master/physics_modal_v4/enhancements/results/factorial/runs/scale-multiscale__bank-on__continuation-preserved/seed44/Electricity/h96.json,a06a63e2dd4d9f7774ee11c7c2678ff552a24d8d68cab8ecfc8645d215cc4eb4,/work/11617/sujato_ts/vista/motion_code-master/physics_modal_v4/enhancements/results/central/runs/final_no_exchange/seed44/Electricity/h96.json,0.39481444335506105,multiscale,44,"{'inducing_points': 32, 'latent_dim': 16, 'patch_lens': [8, 16, 32], 'representation_weight': 0.001}",,validation MSE only; test evaluated once,True,,96,False,,497.8139655053383,,scale-multiscale__bank-on__continuation-preserved,0.0001,4
on,16,10,extension,0.38623967368014545,latentflow_process_preserving_unfreeze2,/work/11617/sujato_ts/vista/motion_code-master/physics_modal_v4/results/final/checkpoints/LatentFlow/seed44/Traffic/h192.pt,2ec5181cd39a1ad9,preserved,2,False,Traffic,16,1376.510293980129,latentflow-factorial-2x2x2-all28-three-seed-no-exchange-v2-selector-safe,factorial,10,latentflow_process_preserving_unfreeze2,5.0,0.001,192,32,88.33700641264221,,16,0.0007,0.2956732559070855,2048,1024,LatentFlow,0.44975790957467715,0.02,3319.0,1483750,8-16-32,,,False,2,,,0.001,/work/11617/sujato_ts/vista/motion_code-master/physics_modal_v4/enhancements/results/factorial/runs/scale-multiscale__bank-on__continuation-preserved/seed44/Traffic/h192.json,de92870c510004dd915a6033f2b82898ff034706e921efc8bbb0c748b74b0857,/work/11617/sujato_ts/vista/motion_code-master/physics_modal_v4/enhancements/results/central/runs/final_no_exchange/seed44/Traffic/h192.json,0.6706399254254679,multiscale,44,"{'inducing_points': 32, 'latent_dim': 16, 'patch_lens': [8, 16, 32], 'representation_weight': 0.001}",,validation MSE only; test evaluated once,True,,96,False,,997.9123662569691,,scale-multiscale__bank-on__continuation-preserved,0.0001,4
on,16,10,extension,0.3974966358551069,latentflow_process_preserving_unfreeze2,/work/11617/sujato_ts/vista/motion_code-master/physics_modal_v4/results/final/checkpoints/LatentFlow/seed44/Traffic/h336.pt,214858cdd14bdd97,preserved,2,False,Traffic,16,1428.9913241388276,latentflow-factorial-2x2x2-all28-three-seed-no-exchange-v2-selector-safe,factorial,10,latentflow_process_preserving_unfreeze2,5.0,0.001,336,32,90.84424529532723,,16,0.0007,0.3006377717050885,2048,1024,LatentFlow,0.4622203080251388,0.02,3175.0,1627700,8-16-32,,,False,2,,,0.001,/work/11617/sujato_ts/vista/motion_code-master/physics_modal_v4/enhancements/results/factorial/runs/scale-multiscale__bank-on__continuation-preserved/seed44/Traffic/h336.json,db3903e22931aedca10ab531c3898635f427f420f2e1c1b96b16b457e1aacf05,/work/11617/sujato_ts/vista/motion_code-master/physics_modal_v4/enhancements/results/central/runs/final_no_exchange/seed44/Traffic/h336.json,0.6798678607090783,multiscale,44,"{'inducing_points': 32, 'latent_dim': 16, 'patch_lens': [8, 16, 32], 'representation_weight': 0.001}",,validation MSE only; test evaluated once,True,,96,False,,1039.2562090812135,,scale-multiscale__bank-on__continuation-preserved,0.0001,4
on,16,10,extension,0.4428822526491681,latentflow_process_preserving_unfreeze2,/work/11617/sujato_ts/vista/motion_code-master/physics_modal_v4/results/final/checkpoints/LatentFlow/seed44/Traffic/h720.pt,53291c407b018b1a,preserved,2,False,Traffic,16,1559.464525938034,latentflow-factorial-2x2x2-all28-three-seed-no-exchange-v2-selector-safe,factorial,10,latentflow_process_preserving_unfreeze2,5.0,0.001,720,32,99.63405734977161,,16,0.0007,0.31559488215877807,2048,1024,LatentFlow,0.48812185908503597,0.02,2791.0,2019836,8-16-32,,,False,2,,,0.001,/work/11617/sujato_ts/vista/motion_code-master/physics_modal_v4/enhancements/results/factorial/runs/scale-multiscale__bank-on__continuation-preserved/seed44/Traffic/h720.json,a90e837e1823732599e2e363f5cdf491375085044098f98795075fd2cdf430e7,/work/11617/sujato_ts/vista/motion_code-master/physics_modal_v4/enhancements/results/central/runs/final_no_exchange/seed44/Traffic/h720.json,0.698657182805012,multiscale,44,"{'inducing_points': 32, 'latent_dim': 16, 'patch_lens': [8, 16, 32], 'representation_weight': 0.001}",,validation MSE only; test evaluated once,True,,96,False,,1141.4064705561032,,scale-multiscale__bank-on__continuation-preserved,0.0001,4
on,16,10,extension,0.39015701125042435,latentflow_process_preserving_unfreeze2,/work/11617/sujato_ts/vista/motion_code-master/physics_modal_v4/results/final/checkpoints/LatentFlow/seed44/Traffic/h96.pt,3893bba960154b2d,preserved,2,False,Traffic,16,1349.8423369629309,latentflow-factorial-2x2x2-all28-three-seed-no-exchange-v2-selector-safe,factorial,10,latentflow_process_preserving_unfreeze2,5.0,0.001,96,32,87.0562731293839,,16,0.0007,0.29473947803803197,2048,1024,LatentFlow,0.4327181881502654,0.02,3415.0,1388746,8-16-32,,,False,2,,,0.001,/work/11617/sujato_ts/vista/motion_code-master/physics_modal_v4/enhancements/results/factorial/runs/scale-multiscale__bank-on__continuation-preserved/seed44/Traffic/h96.json,2e92283b653f01e460d6b27a25e25eda00732fe2fb963727b519d18cb632f154,/work/11617/sujato_ts/vista/motion_code-master/physics_modal_v4/enhancements/results/central/runs/final_no_exchange/seed44/Traffic/h96.json,0.6578131863608888,multiscale,44,"{'inducing_points': 32, 'latent_dim': 16, 'patch_lens': [8, 16, 32], 'representation_weight': 0.001}",,validation MSE only; test evaluated once,True,,96,False,,976.3882008766814,,scale-multiscale__bank-on__continuation-preserved,0.0001,4
on,16,6,extension,0.4761248500574203,latentflow_process_preserving_unfreeze2,/work/11617/sujato_ts/vista/motion_code-master/physics_modal_v4/results/final/checkpoints/LatentFlow/seed44/Weather/h192.pt,2f95f6cd3b9c6f4b,preserved,2,False,Weather,16,237.75818894198164,latentflow-factorial-2x2x2-all28-three-seed-no-exchange-v2-selector-safe,factorial,10,latentflow_process_preserving_unfreeze2,5.0,0.001,192,32,44.17093442464175,,16,0.0007,0.25755964990814334,2048,1024,LatentFlow,0.21429596923894403,0.02,10349.0,1484344,8-16-32,,,False,2,,,0.001,/work/11617/sujato_ts/vista/motion_code-master/physics_modal_v4/enhancements/results/factorial/runs/scale-multiscale__bank-on__continuation-preserved/seed44/Weather/h192.json,df72ebb886b98f779962b2b13e0e24f9084fabc40473d2e4825cf682ace6c8f8,/work/11617/sujato_ts/vista/motion_code-master/physics_modal_v4/enhancements/results/central/runs/final_no_exchange/seed44/Weather/h192.json,0.4629211263692164,multiscale,44,"{'inducing_points': 32, 'latent_dim': 16, 'patch_lens': [8, 16, 32], 'representation_weight': 0.001}",,validation MSE only; test evaluated once,True,,96,False,,157.27290902941604,,scale-multiscale__bank-on__continuation-preserved,0.0001,4
on,16,5,extension,0.5631533926036082,latentflow_process_preserving_unfreeze2,/work/11617/sujato_ts/vista/motion_code-master/physics_modal_v4/results/final/checkpoints/LatentFlow/seed44/Weather/h336.pt,3c544d0b16f69cf3,preserved,2,False,Weather,16,241.97354963514954,latentflow-factorial-2x2x2-all28-three-seed-no-exchange-v2-selector-safe,factorial,10,latentflow_process_preserving_unfreeze2,5.0,0.001,336,32,45.66183173662907,,16,0.0007,0.297392509495109,2048,1024,LatentFlow,0.27213605934971064,0.02,10205.0,1628294,8-16-32,,,False,2,,,0.001,/work/11617/sujato_ts/vista/motion_code-master/physics_modal_v4/enhancements/results/factorial/runs/scale-multiscale__bank-on__continuation-preserved/seed44/Weather/h336.json,5be4260bb5a0528dbc169c4a371e406be9cdd3d5454db4978e9635dcdb198aeb,/work/11617/sujato_ts/vista/motion_code-master/physics_modal_v4/enhancements/results/central/runs/final_no_exchange/seed44/Weather/h336.json,0.5216666170550983,multiscale,44,"{'inducing_points': 32, 'latent_dim': 16, 'patch_lens': [8, 16, 32], 'representation_weight': 0.001}",,validation MSE only; test evaluated once,True,,96,False,,160.07494044461055,,scale-multiscale__bank-on__continuation-preserved,0.0001,4
on,16,3,extension,0.6866370196064944,latentflow_process_preserving_unfreeze2,/work/11617/sujato_ts/vista/motion_code-master/physics_modal_v4/results/final/checkpoints/LatentFlow/seed44/Weather/h720.pt,a0c186aec7cc0397,preserved,2,False,Weather,16,232.97047398600262,latentflow-factorial-2x2x2-all28-three-seed-no-exchange-v2-selector-safe,factorial,10,latentflow_process_preserving_unfreeze2,5.0,0.001,720,32,43.60062604502994,,16,0.0007,0.3491529641169275,2048,1024,LatentFlow,0.3510915758968178,0.02,9821.0,2020430,8-16-32,,,False,2,,,0.001,/work/11617/sujato_ts/vista/motion_code-master/physics_modal_v4/enhancements/results/factorial/runs/scale-multiscale__bank-on__continuation-preserved/seed44/Weather/h720.json,60d642916d0c222be1873c7da5fffd388ceeba8538e88052dc43e99232dd4f4d,/work/11617/sujato_ts/vista/motion_code-master/physics_modal_v4/enhancements/results/central/runs/final_no_exchange/seed44/Weather/h720.json,0.5925298101334799,multiscale,44,"{'inducing_points': 32, 'latent_dim': 16, 'patch_lens': [8, 16, 32], 'representation_weight': 0.001}",,validation MSE only; test evaluated once,True,,96,False,,155.04502555468207,,scale-multiscale__bank-on__continuation-preserved,0.0001,4
on,16,2,extension,0.4331578430202272,latentflow_process_preserving_unfreeze2,/work/11617/sujato_ts/vista/motion_code-master/physics_modal_v4/results/final/checkpoints/LatentFlow/seed44/Weather/h96.pt,e80acc4fbe7859cf,preserved,2,False,Weather,16,238.2632095119916,latentflow-factorial-2x2x2-all28-three-seed-no-exchange-v2-selector-safe,factorial,10,latentflow_process_preserving_unfreeze2,5.0,0.001,96,32,44.771167887060024,,16,0.0007,0.21356388524997721,2048,1024,LatentFlow,0.16680027786230883,0.02,10445.0,1389340,8-16-32,,,False,2,,,0.001,/work/11617/sujato_ts/vista/motion_code-master/physics_modal_v4/enhancements/results/factorial/runs/scale-multiscale__bank-on__continuation-preserved/seed44/Weather/h96.json,1f2072b898d94079fface7705b5604ea28a7bfac2a2f64c35700b990e1398a60,/work/11617/sujato_ts/vista/motion_code-master/physics_modal_v4/enhancements/results/central/runs/final_no_exchange/seed44/Weather/h96.json,0.4084118973074962,multiscale,44,"{'inducing_points': 32, 'latent_dim': 16, 'patch_lens': [8, 16, 32], 'representation_weight': 0.001}",,validation MSE only; test evaluated once,True,,96,False,,157.00042023518108,,scale-multiscale__bank-on__continuation-preserved,0.0001,4
off,16,2,extension,1.0184856046523367,,/work/11617/sujato_ts/vista/motion_code-master/physics_modal_v4/enhancements/results/factorial/checkpoints/scale-single__bank-off__continuation-early/seed42/ETTh1/h192.pt,7114eb44ef88e138,early,2,False,ETTh1,16,331.6486292858608,latentflow-factorial-2x2x2-all28-three-seed-no-exchange-v2-selector-safe,factorial,10,latentflow_process_preserving_unfreeze2,5.0,0.001,192,,19.584935536318106,False,,0.0007,0.44268963374056963,2048,1024,LatentFlow,0.44708581186851976,0.02,2689.0,504466,,0.44047088451122374,0.45213885762371503,False,2,0.0022187492293458955,-0.0050530457551952734,,/work/11617/sujato_ts/vista/motion_code-master/physics_modal_v4/enhancements/results/factorial/runs/scale-single__bank-off__continuation-early/seed42/ETTh1/h192.json,51029d3b361c6117b1ace04537a6a2a4055d163e8a07947a5fa44a0e29db0b9f,,0.6686447576019121,single,42,"{'inducing_points': 32, 'latent_dim': 16, 'patch_lens': [16, 32, 48], 'representation_weight': 0.05}",16,,True,True,96,False,0,70.90915660919563,extension,scale-single__bank-off__continuation-early,0.0001,4
off,16,0,reference,1.2875241852131019,,/work/11617/sujato_ts/vista/motion_code-master/physics_modal_v4/enhancements/results/factorial/checkpoints/scale-single__bank-off__continuation-early/seed42/ETTh1/h336.pt,0450f7b93a488e76,early,2,False,ETTh1,16,328.41178982984275,latentflow-factorial-2x2x2-all28-three-seed-no-exchange-v2-selector-safe,factorial,10,latentflow_process_preserving_unfreeze2,5.0,0.001,336,,3.452198578433806,True,,0.0007,0.4498541131043873,2048,1024,LatentFlow,0.48647252759840043,0.02,2545.0,609644,,0.4498541131043873,0.48647252759840043,False,2,0.0,0.0,,/work/11617/sujato_ts/vista/motion_code-master/physics_modal_v4/enhancements/results/factorial/runs/scale-single__bank-off__continuation-early/seed42/ETTh1/h336.json,7e2166061927e373ea528c64fd984acfdef63b235e1936b7800d3e8c38e75f4e,,0.6974758258164941,single,42,"{'inducing_points': 32, 'latent_dim': 16, 'patch_lens': [16, 32, 48], 'representation_weight': 0.05}",48,,True,True,96,False,0,70.13626295156428,reference,scale-single__bank-off__continuation-early,0.0001,4
off,16,0,reference,1.5583489357479035,,/work/11617/sujato_ts/vista/motion_code-master/physics_modal_v4/enhancements/results/factorial/checkpoints/scale-single__bank-off__continuation-early/seed42/ETTh1/h720.pt,88a4f5be43a45f70,early,2,False,ETTh1,16,328.5595421604812,latentflow-factorial-2x2x2-all28-three-seed-no-exchange-v2-selector-safe,factorial,10,latentflow_process_preserving_unfreeze2,5.0,0.001,720,,3.4917618856946033,True,,0.0007,0.4762251401136179,2048,1024,LatentFlow,0.4900613150043893,0.02,2161.0,760204,,0.4762251401136179,0.4900613150043893,False,2,0.0,0.0,,/work/11617/sujato_ts/vista/motion_code-master/physics_modal_v4/enhancements/results/factorial/runs/scale-single__bank-off__continuation-early/seed42/ETTh1/h720.json,bb73a5650b92684ca6f379b30357a7dd5fcb66838b178b765fd26eb90b4d2b14,,0.7000437950617013,single,42,"{'inducing_points': 32, 'latent_dim': 16, 'patch_lens': [16, 32, 48], 'representation_weight': 0.05}",48,,True,True,96,False,0,70.46512406377587,reference,scale-single__bank-off__continuation-early,0.0001,4
off,16,0,reference,0.7617832480796746,,/work/11617/sujato_ts/vista/motion_code-master/physics_modal_v4/enhancements/results/factorial/checkpoints/scale-single__bank-off__continuation-early/seed42/ETTh1/h96.pt,72c3f368e2d36b47,early,2,False,ETTh1,16,317.3535079919966,latentflow-factorial-2x2x2-all28-three-seed-no-exchange-v2-selector-safe,factorial,10,latentflow_process_preserving_unfreeze2,5.0,0.001,96,,3.0712134264021937,True,,0.0007,0.4131378974630821,2048,1024,LatentFlow,0.4023684296270023,0.02,2785.0,466618,,0.4131378974630821,0.4023684296270023,False,2,0.0,0.0,,/work/11617/sujato_ts/vista/motion_code-master/physics_modal_v4/enhancements/results/factorial/runs/scale-single__bank-off__continuation-early/seed42/ETTh1/h96.json,fdef083f264714309eb95472623dd5b8012f99b9bd1fb76648d24a4c4ea803b3,,0.6343251765671943,single,42,"{'inducing_points': 32, 'latent_dim': 16, 'patch_lens': [16, 32, 48], 'representation_weight': 0.05}",16,,True,True,96,False,0,67.11824324609097,reference,scale-single__bank-off__continuation-early,0.0001,4
off,16,1,extension,0.2660768727461497,,/work/11617/sujato_ts/vista/motion_code-master/physics_modal_v4/enhancements/results/factorial/checkpoints/scale-single__bank-off__continuation-early/seed42/ETTh2/h192.pt,6c2ac767cedfb072,early,2,False,ETTh2,16,331.3677575001493,latentflow-factorial-2x2x2-all28-three-seed-no-exchange-v2-selector-safe,factorial,10,latentflow_process_preserving_unfreeze2,5.0,0.001,192,,17.39678398042382,False,,0.0007,0.39472506957385234,2048,1024,LatentFlow,0.3808146576404394,0.02,2689.0,533242,,0.39370562285504157,0.38036157193623255,False,2,0.001019446718810768,0.0004530857042068792,,/work/11617/sujato_ts/vista/motion_code-master/physics_modal_v4/enhancements/results/factorial/runs/scale-single__bank-off__continuation-early/seed42/ETTh2/h192.json,84b426080a0daf7f963bf4c2076fd6ef86ab472db8289337a9d3f3166352a2fe,,0.6171018211287659,single,42,"{'inducing_points': 32, 'latent_dim': 8, 'patch_lens': [16, 32, 48], 'representation_weight': 0.001}",48,,True,True,96,False,0,71.80827069023508,extension,scale-single__bank-off__continuation-early,0.0001,4
off,16,1,extension,0.34410483891866644,,/work/11617/sujato_ts/vista/motion_code-master/physics_modal_v4/enhancements/results/factorial/checkpoints/scale-single__bank-off__continuation-early/seed42/ETTh2/h336.pt,9d3f99f1064c7032,early,2,False,ETTh2,16,319.5743933469057,latentflow-factorial-2x2x2-all28-three-seed-no-exchange-v2-selector-safe,factorial,10,latentflow_process_preserving_unfreeze2,5.0,0.001,336,,19.49011393722524,False,,0.0007,0.4292443349491649,2048,1024,LatentFlow,0.4175667358576266,0.02,2545.0,589636,,0.42926305470558956,0.4175450098609672,False,2,-1.8719756424645517e-05,2.172599665939412e-05,,/work/11617/sujato_ts/vista/motion_code-master/physics_modal_v4/enhancements/results/factorial/runs/scale-single__bank-off__continuation-early/seed42/ETTh2/h336.json,57fe324f22d643f20547d86c6fefb1e30338518fc7ced22d91408626b91ecf61,,0.646194038859557,single,42,"{'inducing_points': 32, 'latent_dim': 8, 'patch_lens': [16, 32, 48], 'representation_weight': 0.001}",48,,True,True,96,False,0,68.6701518643531,extension,scale-single__bank-off__continuation-early,0.0001,4
off,16,4,extension,0.5939895060327318,,/work/11617/sujato_ts/vista/motion_code-master/physics_modal_v4/enhancements/results/factorial/checkpoints/scale-single__bank-off__continuation-early/seed42/ETTh2/h720.pt,a391a2f826a9a236,early,2,False,ETTh2,16,327.20488807186484,latentflow-factorial-2x2x2-all28-three-seed-no-exchange-v2-selector-safe,factorial,10,latentflow_process_preserving_unfreeze2,5.0,0.001,720,,19.717705067691963,False,,0.0007,0.463870073044462,2048,1024,LatentFlow,0.45198291074623453,0.02,2161.0,711580,,0.4392659739453716,0.41596587524830997,False,2,0.024604099099090393,0.036017035497924565,,/work/11617/sujato_ts/vista/motion_code-master/physics_modal_v4/enhancements/results/factorial/runs/scale-single__bank-off__continuation-early/seed42/ETTh2/h720.json,eeb4e15440609cfa5c1db3d0400356a6dbe62690133c2b3e286a03a03907dab8,,0.6722967430727554,single,42,"{'inducing_points': 32, 'latent_dim': 8, 'patch_lens': [16, 32, 48], 'representation_weight': 0.001}",16,,True,True,96,False,0,69.75696427034563,extension,scale-single__bank-off__continuation-early,0.0001,4
off,16,1,extension,0.2145448803369488,,/work/11617/sujato_ts/vista/motion_code-master/physics_modal_v4/enhancements/results/factorial/checkpoints/scale-single__bank-off__continuation-early/seed42/ETTh2/h96.pt,bdf5bffcee41f4f8,early,2,False,ETTh2,16,316.4496473893523,latentflow-factorial-2x2x2-all28-three-seed-no-exchange-v2-selector-safe,factorial,10,latentflow_process_preserving_unfreeze2,5.0,0.001,96,,17.64188402445416,False,,0.0007,0.34142576897461274,2048,1024,LatentFlow,0.2937642745974941,0.02,2785.0,495666,,0.34148136949991686,0.2938147519341471,False,2,-5.560052530412252e-05,-5.047733665297649e-05,,/work/11617/sujato_ts/vista/motion_code-master/physics_modal_v4/enhancements/results/factorial/runs/scale-single__bank-off__continuation-early/seed42/ETTh2/h96.json,67b9aa5e73459aceaf1b0935ef402361794d9872ca8acc3c34fd9128ac7d1a79,,0.5420002533186623,single,42,"{'inducing_points': 32, 'latent_dim': 8, 'patch_lens': [16, 32, 48], 'representation_weight': 0.001}",48,,True,True,96,False,0,68.40700841275975,extension,scale-single__bank-off__continuation-early,0.0001,4
off,16,1,extension,0.5161345223230975,,/work/11617/sujato_ts/vista/motion_code-master/physics_modal_v4/enhancements/results/factorial/checkpoints/scale-single__bank-off__continuation-early/seed42/ETTm1/h192.pt,7d10b0d5b3070bf2,early,2,False,ETTm1,16,328.86098727211356,latentflow-factorial-2x2x2-all28-three-seed-no-exchange-v2-selector-safe,factorial,10,latentflow_process_preserving_unfreeze2,5.0,0.001,192,,17.44333080041105,False,,0.0007,0.3947710614781861,2048,1024,LatentFlow,0.3803767509803663,0.02,11329.0,496562,,0.39330532496405485,0.37857550806745643,False,2,0.0014657365141312328,0.0018012429129098395,,/work/11617/sujato_ts/vista/motion_code-master/physics_modal_v4/enhancements/results/factorial/runs/scale-single__bank-off__continuation-early/seed42/ETTm1/h192.json,f2784e2d1a831b809e50fdb7821b299c702245b35b6474bb55bf020f6f74f758,,0.6167469099885027,single,42,"{'inducing_points': 32, 'latent_dim': 8, 'patch_lens': [8, 24, 48], 'representation_weight': 0.01}",8,,True,True,96,False,0,69.65903349773725,extension,scale-single__bank-off__continuation-early,0.0001,4
off,16,1,extension,0.6566586672854261,,/work/11617/sujato_ts/vista/motion_code-master/physics_modal_v4/enhancements/results/factorial/checkpoints/scale-single__bank-off__continuation-early/seed42/ETTm1/h336.pt,7ab4cd5d5cfb4e10,early,2,False,ETTm1,16,340.2742805678863,latentflow-factorial-2x2x2-all28-three-seed-no-exchange-v2-selector-safe,factorial,10,latentflow_process_preserving_unfreeze2,5.0,0.001,336,,17.88560835275009,False,,0.0007,0.43080121062910115,2048,1024,LatentFlow,0.4379391387189318,0.02,11185.0,563890,,0.4219810957725038,0.42241557901535276,False,2,0.008820114856597339,0.015523559703579048,,/work/11617/sujato_ts/vista/motion_code-master/physics_modal_v4/enhancements/results/factorial/runs/scale-single__bank-off__continuation-early/seed42/ETTm1/h336.json,e58eb8aead75f31848e6ae330037c58ba783bc3b5660fde12eb43deed290f610,,0.6617697021766196,single,42,"{'inducing_points': 32, 'latent_dim': 8, 'patch_lens': [8, 24, 48], 'representation_weight': 0.01}",24,,True,True,96,False,0,72.77005615633243,extension,scale-single__bank-off__continuation-early,0.0001,4
off,16,2,extension,0.9749473295514546,,/work/11617/sujato_ts/vista/motion_code-master/physics_modal_v4/enhancements/results/factorial/checkpoints/scale-single__bank-off__continuation-early/seed42/ETTm1/h720.pt,61a05d325392ec48,early,2,False,ETTm1,16,316.94485109997913,latentflow-factorial-2x2x2-all28-three-seed-no-exchange-v2-selector-safe,factorial,10,latentflow_process_preserving_unfreeze2,5.0,0.001,720,,18.203795457449505,False,,0.0007,0.46992943150938965,2048,1024,LatentFlow,0.500706354544368,0.02,10801.0,719906,,0.4731010950782116,0.504643534538076,False,2,-0.0031716635688219252,-0.003937179993708018,,/work/11617/sujato_ts/vista/motion_code-master/physics_modal_v4/enhancements/results/factorial/runs/scale-single__bank-off__continuation-early/seed42/ETTm1/h720.json,7b47ca8c23d102a9793c8e0a29e588e64850e41c66c69978150fc6d5989a78b7,,0.7076060729985066,single,42,"{'inducing_points': 32, 'latent_dim': 8, 'patch_lens': [8, 24, 48], 'representation_weight': 0.01}",8,,True,True,96,False,0,66.90540196505026,extension,scale-single__bank-off__continuation-early,0.0001,4
off,16,4,extension,0.3990693599695251,,/work/11617/sujato_ts/vista/motion_code-master/physics_modal_v4/enhancements/results/factorial/checkpoints/scale-single__bank-off__continuation-early/seed42/ETTm1/h96.pt,804f56c32c29f535,early,2,False,ETTm1,16,323.8452635258436,latentflow-factorial-2x2x2-all28-three-seed-no-exchange-v2-selector-safe,factorial,10,latentflow_process_preserving_unfreeze2,5.0,0.001,96,,17.443961695719608,False,,0.0007,0.38824626680934404,2048,1024,LatentFlow,0.35350501458868705,0.02,11425.0,469570,,0.3867028623483349,0.35306217015131175,False,2,0.0015434044610091457,0.00044284443737530044,,/work/11617/sujato_ts/vista/motion_code-master/physics_modal_v4/enhancements/results/factorial/runs/scale-single__bank-off__continuation-early/seed42/ETTm1/h96.json,fa51c4f71f3553f3c7dd4808c1d4b5b348f70732d9d66876d9aa3be04689f4cf,,0.5945628769009104,single,42,"{'inducing_points': 32, 'latent_dim': 8, 'patch_lens': [8, 24, 48], 'representation_weight': 0.01}",24,,True,True,96,False,0,68.60494705906603,extension,scale-single__bank-off__continuation-early,0.0001,4
off,16,3,extension,0.1758836791628883,,/work/11617/sujato_ts/vista/motion_code-master/physics_modal_v4/enhancements/results/factorial/checkpoints/scale-single__bank-off__continuation-early/seed42/ETTm2/h192.pt,c45962178470fa31,early,2,False,ETTm2,16,344.45318653061986,latentflow-factorial-2x2x2-all28-three-seed-no-exchange-v2-selector-safe,factorial,10,latentflow_process_preserving_unfreeze2,5.0,0.001,192,,18.929737543652976,False,,0.0007,0.30939150729232556,2048,1024,LatentFlow,0.24921395769446322,0.02,11329.0,500778,,0.31026652375697195,0.2502632664792557,False,2,-0.0008750164646463832,-0.001049308784792452,,/work/11617/sujato_ts/vista/motion_code-master/physics_modal_v4/enhancements/results/factorial/runs/scale-single__bank-off__continuation-early/seed42/ETTm2/h192.json,6b27da292dd1a180002f9e00a27ddae94baf847fca788760223681b4be79bcea,,0.499213338858712,single,42,"{'inducing_points': 16, 'latent_dim': 8, 'patch_lens': [8, 16, 32], 'representation_weight': 0.001}",16,,True,True,96,False,0,73.18974303052528,extension,scale-single__bank-off__continuation-early,0.0001,4
off,16,0,reference,0.21775301571200495,,/work/11617/sujato_ts/vista/motion_code-master/physics_modal_v4/enhancements/results/factorial/checkpoints/scale-single__bank-off__continuation-early/seed42/ETTm2/h336.pt,ca2f86793995f079,early,2,False,ETTm2,16,350.7147106304765,latentflow-factorial-2x2x2-all28-three-seed-no-exchange-v2-selector-safe,factorial,10,latentflow_process_preserving_unfreeze2,5.0,0.001,336,,3.4366902044005587,True,,0.0007,0.3507419669484841,2048,1024,LatentFlow,0.3140429998170707,0.02,11185.0,571310,,0.3507419669484841,0.3140429998170707,False,2,0.0,0.0,,/work/11617/sujato_ts/vista/motion_code-master/physics_modal_v4/enhancements/results/factorial/runs/scale-single__bank-off__continuation-early/seed42/ETTm2/h336.json,b5a4409182bb4a07db4ec3ef0c582988eb6092a6c256c836c16caaf49fde9100,,0.5603953959634845,single,42,"{'inducing_points': 16, 'latent_dim': 8, 'patch_lens': [8, 16, 32], 'representation_weight': 0.001}",32,,True,True,96,False,0,74.90692865103483,reference,scale-single__bank-off__continuation-early,0.0001,4
off,16,0,reference,0.298200618936902,,/work/11617/sujato_ts/vista/motion_code-master/physics_modal_v4/enhancements/results/factorial/checkpoints/scale-single__bank-off__continuation-early/seed42/ETTm2/h720.pt,1e4693e4013b5099,early,2,False,ETTm2,16,329.245428451919,latentflow-factorial-2x2x2-all28-three-seed-no-exchange-v2-selector-safe,factorial,10,latentflow_process_preserving_unfreeze2,5.0,0.001,720,,3.297143422332468,True,,0.0007,0.40242607613875764,2048,1024,LatentFlow,0.40937845570156023,0.02,10801.0,722390,,0.40242607613875764,0.40937845570156023,False,2,0.0,0.0,,/work/11617/sujato_ts/vista/motion_code-master/physics_modal_v4/enhancements/results/factorial/runs/scale-single__bank-off__continuation-early/seed42/ETTm2/h720.json,1a55ce0dea202c570cea4d8c5245a586138e652e8474adc96463ad70d4743a5c,,0.6398268951064501,single,42,"{'inducing_points': 16, 'latent_dim': 8, 'patch_lens': [8, 16, 32], 'representation_weight': 0.001}",32,,True,True,96,False,0,70.09708097029943,reference,scale-single__bank-off__continuation-early,0.0001,4
off,16,2,extension,0.1302582233966816,,/work/11617/sujato_ts/vista/motion_code-master/physics_modal_v4/enhancements/results/factorial/checkpoints/scale-single__bank-off__continuation-early/seed42/ETTm2/h96.pt,b7e2d088575319e9,early,2,False,ETTm2,16,324.3754882439971,latentflow-factorial-2x2x2-all28-three-seed-no-exchange-v2-selector-safe,factorial,10,latentflow_process_preserving_unfreeze2,5.0,0.001,96,,16.973919173778356,False,,0.0007,0.26511994948073625,2048,1024,LatentFlow,0.17953215513997517,0.02,11425.0,457762,,0.26681793883453747,0.1813195755725927,False,2,-0.0016979893538012214,-0.001787420432617537,,/work/11617/sujato_ts/vista/motion_code-master/physics_modal_v4/enhancements/results/factorial/runs/scale-single__bank-off__continuation-early/seed42/ETTm2/h96.json,4e9cd22d19b998536adeb054b23683ba90d5bb0e298928ae7a13ce8510cbc899,,0.4237123495249757,single,42,"{'inducing_points': 16, 'latent_dim': 8, 'patch_lens': [8, 16, 32], 'representation_weight': 0.001}",8,,True,True,96,False,0,68.69884767802432,extension,scale-single__bank-off__continuation-early,0.0001,4
off,16,10,extension,0.1498130415706496,,/work/11617/sujato_ts/vista/motion_code-master/physics_modal_v4/enhancements/results/factorial/checkpoints/scale-single__bank-off__continuation-early/seed42/Electricity/h192.pt,a272bf8153bc5ab2,early,2,False,Electricity,16,1399.40112902876,latentflow-factorial-2x2x2-all28-three-seed-no-exchange-v2-selector-safe,factorial,10,latentflow_process_preserving_unfreeze2,5.0,0.001,192,,24.359461458217453,False,,0.0007,0.296310095208147,2048,1024,LatentFlow,0.20030563333622708,0.02,5071.0,499851,,0.2775695461182733,0.18797601075228534,False,2,0.018740549089873715,0.01232962258394174,,/work/11617/sujato_ts/vista/motion_code-master/physics_modal_v4/enhancements/results/factorial/runs/scale-single__bank-off__continuation-early/seed42/Electricity/h192.json,1961f2824d0e144c6083f9308329c2b2cb1dde1ead5588d7671a9b12df931fad,,0.4475551735107383,single,42,"{'inducing_points': 32, 'latent_dim': 16, 'patch_lens': [8, 16, 32], 'representation_weight': 0.001}",8,,True,True,96,False,0,331.65085818691296,extension,scale-single__bank-off__continuation-early,0.0001,4
off,16,10,extension,0.16247353750420437,,/work/11617/sujato_ts/vista/motion_code-master/physics_modal_v4/enhancements/results/factorial/checkpoints/scale-single__bank-off__continuation-early/seed42/Electricity/h336.pt,ce27f95286982c19,early,2,False,Electricity,16,1423.5300158876926,latentflow-factorial-2x2x2-all28-three-seed-no-exchange-v2-selector-safe,factorial,10,latentflow_process_preserving_unfreeze2,5.0,0.001,336,,23.050765335612848,False,,0.0007,0.3329784376982522,2048,1024,LatentFlow,0.22729554480912392,0.02,4927.0,559035,,0.29279136481841794,0.20183295895074815,False,2,0.04018707287983425,0.02546258585837577,,/work/11617/sujato_ts/vista/motion_code-master/physics_modal_v4/enhancements/results/factorial/runs/scale-single__bank-off__continuation-early/seed42/Electricity/h336.json,a64a58da8a0b5aa6f03b1bd0f9ca3e07067e36c65bd8b75055a2c84a3fc6570a,,0.4767552252562356,single,42,"{'inducing_points': 32, 'latent_dim': 16, 'patch_lens': [8, 16, 32], 'representation_weight': 0.001}",8,,True,True,96,False,0,335.2323065075325,extension,scale-single__bank-off__continuation-early,0.0001,4
off,16,8,extension,0.19305211031218225,,/work/11617/sujato_ts/vista/motion_code-master/physics_modal_v4/enhancements/results/factorial/checkpoints/scale-single__bank-off__continuation-early/seed42/Electricity/h720.pt,7c59b62510887481,early,2,False,Electricity,16,1489.18634515116,latentflow-factorial-2x2x2-all28-three-seed-no-exchange-v2-selector-safe,factorial,10,latentflow_process_preserving_unfreeze2,5.0,0.001,720,,26.78790572797469,False,,0.0007,0.34058256032261186,2048,1024,LatentFlow,0.2465278764554255,0.02,4543.0,723195,,0.3208648679475866,0.23779843342467713,False,2,0.019717692375025242,0.00872944303074838,,/work/11617/sujato_ts/vista/motion_code-master/physics_modal_v4/enhancements/results/factorial/runs/scale-single__bank-off__continuation-early/seed42/Electricity/h720.json,a2e878bb722293e51b904d7ed05deee8ddee6afc638c2fda48d2abf165e10aa2,,0.4965157363623287,single,42,"{'inducing_points': 32, 'latent_dim': 16, 'patch_lens': [8, 16, 32], 'representation_weight': 0.001}",8,,True,True,96,False,0,356.5197251842619,extension,scale-single__bank-off__continuation-early,0.0001,4
off,16,10,extension,0.1390072926492087,,/work/11617/sujato_ts/vista/motion_code-master/physics_modal_v4/enhancements/results/factorial/checkpoints/scale-single__bank-off__continuation-early/seed42/Electricity/h96.pt,29472a2379fcfe90,early,2,False,Electricity,16,1276.977689968422,latentflow-factorial-2x2x2-all28-three-seed-no-exchange-v2-selector-safe,factorial,10,latentflow_process_preserving_unfreeze2,5.0,0.001,96,,23.520662005658643,False,,0.0007,0.31331885096158946,2048,1024,LatentFlow,0.20036226116948724,0.02,5167.0,461115,,0.26675428925182726,0.17434569706444236,False,2,0.0465645617097622,0.02601656410504488,,/work/11617/sujato_ts/vista/motion_code-master/physics_modal_v4/enhancements/results/factorial/runs/scale-single__bank-off__continuation-early/seed42/Electricity/h96.json,b97b963741aad53bb44fec584a20bbe4a09ff317bd0cc5fc1d453e839747c1d8,,0.44761843256225187,single,42,"{'inducing_points': 32, 'latent_dim': 16, 'patch_lens': [8, 16, 32], 'representation_weight': 0.001}",8,,True,True,96,False,0,299.94810974167194,extension,scale-single__bank-off__continuation-early,0.0001,4
off,16,10,extension,0.39413029780612835,,/work/11617/sujato_ts/vista/motion_code-master/physics_modal_v4/enhancements/results/factorial/checkpoints/scale-single__bank-off__continuation-early/seed42/Traffic/h192.pt,49da2177fd87fdca,early,2,False,Traffic,16,2428.6748549509794,latentflow-factorial-2x2x2-all28-three-seed-no-exchange-v2-selector-safe,factorial,10,latentflow_process_preserving_unfreeze2,5.0,0.001,192,,55.86942434670844,False,,0.0007,0.35820294944381964,2048,1024,LatentFlow,0.5008016653877662,0.02,3319.0,501474,,0.31523276291991725,0.47193113223264294,False,2,0.04297018652390239,0.028870533155123224,,/work/11617/sujato_ts/vista/motion_code-master/physics_modal_v4/enhancements/results/factorial/runs/scale-single__bank-off__continuation-early/seed42/Traffic/h192.json,324e5abe92d80d6febee025c6f961148e15a04870f15ee6b688ba9d8af2c726a,,0.7076734171832132,single,42,"{'inducing_points': 32, 'latent_dim': 16, 'patch_lens': [8, 16, 32], 'representation_weight': 0.001}",8,,True,True,96,False,0,618.1638245470822,extension,scale-single__bank-off__continuation-early,0.0001,4
off,16,9,extension,0.40296057329271634,,/work/11617/sujato_ts/vista/motion_code-master/physics_modal_v4/enhancements/results/factorial/checkpoints/scale-single__bank-off__continuation-early/seed42/Traffic/h336.pt,410f3ea0e6a8de0f,early,2,False,Traffic,16,2511.4886557671707,latentflow-factorial-2x2x2-all28-three-seed-no-exchange-v2-selector-safe,factorial,10,latentflow_process_preserving_unfreeze2,5.0,0.001,336,,57.861482859777304,False,,0.0007,0.3340293705990855,2048,1024,LatentFlow,0.4861582933817401,0.02,3175.0,560658,,0.31536757830952683,0.4772063949721808,False,2,0.018661792289558665,0.008951898409559289,,/work/11617/sujato_ts/vista/motion_code-master/physics_modal_v4/enhancements/results/factorial/runs/scale-single__bank-off__continuation-early/seed42/Traffic/h336.json,24a3d95810b7a6de623caa0cb3a3ab661be5b49f4276508f27738b95667ba7a1,,0.6972505241172215,single,42,"{'inducing_points': 32, 'latent_dim': 16, 'patch_lens': [8, 16, 32], 'representation_weight': 0.001}",8,,True,True,96,False,0,641.4458320641643,extension,scale-single__bank-off__continuation-early,0.0001,4
off,16,9,extension,0.4460674525843849,,/work/11617/sujato_ts/vista/motion_code-master/physics_modal_v4/enhancements/results/factorial/checkpoints/scale-single__bank-off__continuation-early/seed42/Traffic/h720.pt,3a564e34480d0960,early,2,False,Traffic,16,2686.484730429016,latentflow-factorial-2x2x2-all28-three-seed-no-exchange-v2-selector-safe,factorial,10,latentflow_process_preserving_unfreeze2,5.0,0.001,720,,63.26860440031882,False,,0.0007,0.366367127998569,2048,1024,LatentFlow,0.5242575571933629,0.02,2791.0,724818,,0.3311095963593227,0.5116272160813831,False,2,0.03525753163924633,0.012630341111979804,,/work/11617/sujato_ts/vista/motion_code-master/physics_modal_v4/enhancements/results/factorial/runs/scale-single__bank-off__continuation-early/seed42/Traffic/h720.json,a6a46f4b5ba2c5b9acb5dc9884af91ec04baf13679b4281106dc731099eeca8f,,0.7240563218378546,single,42,"{'inducing_points': 32, 'latent_dim': 16, 'patch_lens': [8, 16, 32], 'representation_weight': 0.001}",8,,True,True,96,False,0,702.2424300383136,extension,scale-single__bank-off__continuation-early,0.0001,4
off,16,10,extension,0.3949371030509518,,/work/11617/sujato_ts/vista/motion_code-master/physics_modal_v4/enhancements/results/factorial/checkpoints/scale-single__bank-off__continuation-early/seed42/Traffic/h96.pt,76b351377d38228c,early,2,False,Traffic,16,2330.8721362110227,latentflow-factorial-2x2x2-all28-three-seed-no-exchange-v2-selector-safe,factorial,10,latentflow_process_preserving_unfreeze2,5.0,0.001,96,,54.889459558380025,False,,0.0007,0.3393404536228847,2048,1024,LatentFlow,0.47782888502484694,0.02,3415.0,462738,,0.31221001909540574,0.456508027617792,False,2,0.02713043452747893,0.021320857407054916,,/work/11617/sujato_ts/vista/motion_code-master/physics_modal_v4/enhancements/results/factorial/runs/scale-single__bank-off__continuation-early/seed42/Traffic/h96.json,fd4bcf641c4381b4680d2250f08cbf39845f9ced2321ec531e64bb102b82836d,,0.6912516799435984,single,42,"{'inducing_points': 32, 'latent_dim': 16, 'patch_lens': [8, 16, 32], 'representation_weight': 0.001}",8,,True,True,96,False,0,590.1868754255702,extension,scale-single__bank-off__continuation-early,0.0001,4
off,16,6,extension,0.47603699576760095,,/work/11617/sujato_ts/vista/motion_code-master/physics_modal_v4/enhancements/results/factorial/checkpoints/scale-single__bank-off__continuation-early/seed42/Weather/h192.pt,2177c4fcc553157a,early,2,False,Weather,16,523.7487111100927,latentflow-factorial-2x2x2-all28-three-seed-no-exchange-v2-selector-safe,factorial,10,latentflow_process_preserving_unfreeze2,5.0,0.001,192,,32.40479248713038,False,,0.0007,0.254315947094989,2048,1024,LatentFlow,0.21188251627877894,0.02,10349.0,500020,,0.2571251198440763,0.2152812824662018,False,2,-0.0028091727490873186,-0.0033987661874228525,,/work/11617/sujato_ts/vista/motion_code-master/physics_modal_v4/enhancements/results/factorial/runs/scale-single__bank-off__continuation-early/seed42/Weather/h192.json,0f34fe1cea1568b194b9dd5b7244b7466bcdef06f664c8a2c56af2c237461982,,0.460306980480178,single,42,"{'inducing_points': 32, 'latent_dim': 16, 'patch_lens': [8, 16, 32], 'representation_weight': 0.001}",8,,True,True,96,False,0,120.68953286252508,extension,scale-single__bank-off__continuation-early,0.0001,4
off,16,3,extension,0.5601182790840564,,/work/11617/sujato_ts/vista/motion_code-master/physics_modal_v4/enhancements/results/factorial/checkpoints/scale-single__bank-off__continuation-early/seed42/Weather/h336.pt,2651ff94ec7fdd48,early,2,False,Weather,16,537.0636458545923,latentflow-factorial-2x2x2-all28-three-seed-no-exchange-v2-selector-safe,factorial,10,latentflow_process_preserving_unfreeze2,5.0,0.001,336,,32.66033124795137,False,,0.0007,0.29912236851048857,2048,1024,LatentFlow,0.2717537510043692,0.02,10205.0,559204,,0.29984529548536376,0.27236244482489846,False,2,-0.0007229269748751932,-0.0006086938205292491,,/work/11617/sujato_ts/vista/motion_code-master/physics_modal_v4/enhancements/results/factorial/runs/scale-single__bank-off__continuation-early/seed42/Weather/h336.json,fb944d7ec7811552a3eb9d8b3c34570356b0f57acf22f7a808f1d602ced89006,,0.5213000585117646,single,42,"{'inducing_points': 32, 'latent_dim': 16, 'patch_lens': [8, 16, 32], 'representation_weight': 0.001}",8,,True,True,96,False,0,123.49977865669644,extension,scale-single__bank-off__continuation-early,0.0001,4
off,16,4,extension,0.6809875458005875,,/work/11617/sujato_ts/vista/motion_code-master/physics_modal_v4/enhancements/results/factorial/checkpoints/scale-single__bank-off__continuation-early/seed42/Weather/h720.pt,31123364146c602b,early,2,False,Weather,16,521.128501531668,latentflow-factorial-2x2x2-all28-three-seed-no-exchange-v2-selector-safe,factorial,10,latentflow_process_preserving_unfreeze2,5.0,0.001,720,,33.994443702444535,False,,0.0007,0.3478724899704378,2048,1024,LatentFlow,0.3482916445718473,0.02,9821.0,723364,,0.34872483608628174,0.35034501921152855,False,2,-0.0008523461158439494,-0.002053374639681249,,/work/11617/sujato_ts/vista/motion_code-master/physics_modal_v4/enhancements/results/factorial/runs/scale-single__bank-off__continuation-early/seed42/Weather/h720.json,b17ad54dac92ca359d712ce7d17deef16c0b99df818d70a80327d59184b786f3,,0.5901623883066823,single,42,"{'inducing_points': 32, 'latent_dim': 16, 'patch_lens': [8, 16, 32], 'representation_weight': 0.001}",8,,True,True,96,False,0,120.0731949065812,extension,scale-single__bank-off__continuation-early,0.0001,4
off,16,8,extension,0.4364067446736116,,/work/11617/sujato_ts/vista/motion_code-master/physics_modal_v4/enhancements/results/factorial/checkpoints/scale-single__bank-off__continuation-early/seed42/Weather/h96.pt,735c3bdbcdb8875f,early,2,False,Weather,16,512.7550823120109,latentflow-factorial-2x2x2-all28-three-seed-no-exchange-v2-selector-safe,factorial,10,latentflow_process_preserving_unfreeze2,5.0,0.001,96,,33.52306128984543,False,,0.0007,0.21535574938177088,2048,1024,LatentFlow,0.1676976629288202,0.02,10445.0,467988,,0.22098874294109383,0.176020394014191,False,2,-0.005632993559322952,-0.008322731085370794,,/work/11617/sujato_ts/vista/motion_code-master/physics_modal_v4/enhancements/results/factorial/runs/scale-single__bank-off__continuation-early/seed42/Weather/h96.json,f5c01383990af4e9385adbbe76cd43c9aedd13b5e8ffb604a4e7f976aca8e672,,0.40950905109511343,single,42,"{'inducing_points': 32, 'latent_dim': 16, 'patch_lens': [8, 16, 32], 'representation_weight': 0.001}",16,,True,True,96,False,0,118.6972824648592,extension,scale-single__bank-off__continuation-early,0.0001,4
off,16,1,extension,1.023948358637946,,/work/11617/sujato_ts/vista/motion_code-master/physics_modal_v4/enhancements/results/factorial/checkpoints/scale-single__bank-off__continuation-early/seed43/ETTh1/h192.pt,a50cd1471de09d0c,early,2,False,ETTh1,16,330.29712017811835,latentflow-factorial-2x2x2-all28-three-seed-no-exchange-v2-selector-safe,factorial,10,latentflow_process_preserving_unfreeze2,5.0,0.001,192,,17.321607348938546,False,,0.0007,0.44290393183598636,2048,1024,LatentFlow,0.45752193231580446,0.02,2689.0,504466,,0.4421078179632404,0.4568510635660513,False,2,0.0007961138727459738,0.0006708687497531396,,/work/11617/sujato_ts/vista/motion_code-master/physics_modal_v4/enhancements/results/factorial/runs/scale-single__bank-off__continuation-early/seed43/ETTh1/h192.json,b4a899dcad9d509047957d473a2731d81a6bfa07b171187437679d79a0a87cd8,,0.676403675563494,single,43,"{'inducing_points': 32, 'latent_dim': 16, 'patch_lens': [16, 32, 48], 'representation_weight': 0.05}",16,,True,True,96,False,0,70.13129448896507,extension,scale-single__bank-off__continuation-early,0.0001,4
off,16,0,reference,1.288971098101869,,/work/11617/sujato_ts/vista/motion_code-master/physics_modal_v4/enhancements/results/factorial/checkpoints/scale-single__bank-off__continuation-early/seed43/ETTh1/h336.pt,46dbd61e14572ef9,early,2,False,ETTh1,16,306.21315043978393,latentflow-factorial-2x2x2-all28-three-seed-no-exchange-v2-selector-safe,factorial,10,latentflow_process_preserving_unfreeze2,5.0,0.001,336,,3.4401299243297756,True,,0.0007,0.45185546479372307,2048,1024,LatentFlow,0.4868497695332469,0.02,2545.0,609644,,0.45185546479372307,0.4868497695332469,False,2,0.0,0.0,,/work/11617/sujato_ts/vista/motion_code-master/physics_modal_v4/enhancements/results/factorial/runs/scale-single__bank-off__continuation-early/seed43/ETTh1/h336.json,422a1a180ba5a1eaec5a541728e2b9bf44eec8d138b5725e955059c9d6bc7442,,0.6977462071077469,single,43,"{'inducing_points': 32, 'latent_dim': 16, 'patch_lens': [16, 32, 48], 'representation_weight': 0.05}",48,,True,True,96,False,0,65.32533967110794,reference,scale-single__bank-off__continuation-early,0.0001,4
off,16,0,reference,1.5585668828752306,,/work/11617/sujato_ts/vista/motion_code-master/physics_modal_v4/enhancements/results/factorial/checkpoints/scale-single__bank-off__continuation-early/seed43/ETTh1/h720.pt,f31bacbdb915c2a1,early,2,False,ETTh1,16,326.416481314227,latentflow-factorial-2x2x2-all28-three-seed-no-exchange-v2-selector-safe,factorial,10,latentflow_process_preserving_unfreeze2,5.0,0.001,720,,3.3487674516083588,True,,0.0007,0.4824536759290008,2048,1024,LatentFlow,0.49803450549884243,0.02,2161.0,760204,,0.4824536759290008,0.49803450549884243,False,2,0.0,0.0,,/work/11617/sujato_ts/vista/motion_code-master/physics_modal_v4/enhancements/results/factorial/runs/scale-single__bank-off__continuation-early/seed43/ETTh1/h720.json,3168b3a19717e8d9a75f034ee577e97c71d066e7ff0888e382f9a52c7a39cf7a,,0.7057155981688675,single,43,"{'inducing_points': 32, 'latent_dim': 16, 'patch_lens': [16, 32, 48], 'representation_weight': 0.05}",48,,True,True,96,False,0,69.91085342160659,reference,scale-single__bank-off__continuation-early,0.0001,4
off,16,0,reference,0.7648884616792202,,/work/11617/sujato_ts/vista/motion_code-master/physics_modal_v4/enhancements/results/factorial/checkpoints/scale-single__bank-off__continuation-early/seed43/ETTh1/h96.pt,4a086df15623160a,early,2,False,ETTh1,16,326.2991735721007,latentflow-factorial-2x2x2-all28-three-seed-no-exchange-v2-selector-safe,factorial,10,latentflow_process_preserving_unfreeze2,5.0,0.001,96,,3.4049751393152454,True,,0.0007,0.409808964960451,2048,1024,LatentFlow,0.4034044929902921,0.02,2785.0,515674,,0.409808964960451,0.4034044929902921,False,2,0.0,0.0,,/work/11617/sujato_ts/vista/motion_code-master/physics_modal_v4/enhancements/results/factorial/runs/scale-single__bank-off__continuation-early/seed43/ETTh1/h96.json,f5a7e3b8e7a99ed87305aa31d837be83be6d4a0c529391f562ba67a9fcbca7b6,,0.635141317338348,single,43,"{'inducing_points': 32, 'latent_dim': 16, 'patch_lens': [16, 32, 48], 'representation_weight': 0.05}",48,,True,True,96,False,0,69.8205891680118,reference,scale-single__bank-off__continuation-early,0.0001,4
off,16,1,extension,0.2654431193534817,,/work/11617/sujato_ts/vista/motion_code-master/physics_modal_v4/enhancements/results/factorial/checkpoints/scale-single__bank-off__continuation-early/seed43/ETTh2/h192.pt,7c408f06b5b7c236,early,2,False,ETTh2,16,324.31475226499606,latentflow-factorial-2x2x2-all28-three-seed-no-exchange-v2-selector-safe,factorial,10,latentflow_process_preserving_unfreeze2,5.0,0.001,192,,19.760265003912107,False,,0.0007,0.39484516091377053,2048,1024,LatentFlow,0.3810535316336906,0.02,2689.0,533242,,0.39494008075061743,0.38113387485694583,False,2,-9.49198368468962e-05,-8.034322325523036e-05,,/work/11617/sujato_ts/vista/motion_code-master/physics_modal_v4/enhancements/results/factorial/runs/scale-single__bank-off__continuation-early/seed43/ETTh2/h192.json,a7487d6ebf5c69fd362b2e72b2be4678bc0f2cc3cbd7090cc1810157a50400c4,,0.6172953358269367,single,43,"{'inducing_points': 32, 'latent_dim': 8, 'patch_lens': [16, 32, 48], 'representation_weight': 0.001}",48,,True,True,96,False,0,69.34604720781863,extension,scale-single__bank-off__continuation-early,0.0001,4
off,16,0,reference,0.34776320658168014,,/work/11617/sujato_ts/vista/motion_code-master/physics_modal_v4/enhancements/results/factorial/checkpoints/scale-single__bank-off__continuation-early/seed43/ETTh2/h336.pt,41fb1322efc09555,early,2,False,ETTh2,16,322.76010472420603,latentflow-factorial-2x2x2-all28-three-seed-no-exchange-v2-selector-safe,factorial,10,latentflow_process_preserving_unfreeze2,5.0,0.001,336,,3.4401742785673917,True,,0.0007,0.4336742712475922,2048,1024,LatentFlow,0.4214543354788003,0.02,2545.0,589636,,0.4336742712475922,0.4214543354788003,False,2,0.0,0.0,,/work/11617/sujato_ts/vista/motion_code-master/physics_modal_v4/enhancements/results/factorial/runs/scale-single__bank-off__continuation-early/seed43/ETTh2/h336.json,48cbbf32f6ecdd03b1a619f8d2f4eaf9f9cc615f3710fa7d1d3b534564c09e07,,0.6491951443740166,single,43,"{'inducing_points': 32, 'latent_dim': 8, 'patch_lens': [16, 32, 48], 'representation_weight': 0.001}",48,,True,True,96,False,0,69.38637239363743,reference,scale-single__bank-off__continuation-early,0.0001,4
off,16,0,reference,0.6131000149817694,,/work/11617/sujato_ts/vista/motion_code-master/physics_modal_v4/enhancements/results/factorial/checkpoints/scale-single__bank-off__continuation-early/seed43/ETTh2/h720.pt,c55dbcf6eaa95b68,early,2,False,ETTh2,16,324.17025895603,latentflow-factorial-2x2x2-all28-three-seed-no-exchange-v2-selector-safe,factorial,10,latentflow_process_preserving_unfreeze2,5.0,0.001,720,,3.2309044201149426,True,,0.0007,0.44263234655208583,2048,1024,LatentFlow,0.4264545033742525,0.02,2161.0,740196,,0.44263234655208583,0.4264545033742525,False,2,0.0,0.0,,/work/11617/sujato_ts/vista/motion_code-master/physics_modal_v4/enhancements/results/factorial/runs/scale-single__bank-off__continuation-early/seed43/ETTh2/h720.json,ff9920eff0d8e71f69e00258d1a01963fa257e4fcd6aad2e5a06f20a53396526,,0.6530348408578615,single,43,"{'inducing_points': 32, 'latent_dim': 8, 'patch_lens': [16, 32, 48], 'representation_weight': 0.001}",48,,True,True,96,False,0,69.5909051639319,reference,scale-single__bank-off__continuation-early,0.0001,4
off,16,2,extension,0.2149211864563681,,/work/11617/sujato_ts/vista/motion_code-master/physics_modal_v4/enhancements/results/factorial/checkpoints/scale-single__bank-off__continuation-early/seed43/ETTh2/h96.pt,095876d49c6127d3,early,2,False,ETTh2,16,339.1924523750786,latentflow-factorial-2x2x2-all28-three-seed-no-exchange-v2-selector-safe,factorial,10,latentflow_process_preserving_unfreeze2,5.0,0.001,96,,19.798719189587356,False,,0.0007,0.34328784525185513,2048,1024,LatentFlow,0.2946365890721434,0.02,2785.0,495666,,0.3427177510160029,0.2947077849731289,False,2,0.0005700942358522476,-7.119590098547679e-05,,/work/11617/sujato_ts/vista/motion_code-master/physics_modal_v4/enhancements/results/factorial/runs/scale-single__bank-off__continuation-early/seed43/ETTh2/h96.json,b8644c1afeed93bd97bb409efae8b64aa5c7565dfd8bbf280346295e46736fb4,,0.542804374588252,single,43,"{'inducing_points': 32, 'latent_dim': 8, 'patch_lens': [16, 32, 48], 'representation_weight': 0.001}",48,,True,True,96,False,0,72.4400651554788,extension,scale-single__bank-off__continuation-early,0.0001,4
off,16,3,extension,0.515841767901466,,/work/11617/sujato_ts/vista/motion_code-master/physics_modal_v4/enhancements/results/factorial/checkpoints/scale-single__bank-off__continuation-early/seed43/ETTm1/h192.pt,dea59ffd1aa5e392,early,2,False,ETTm1,16,298.99944728799164,latentflow-factorial-2x2x2-all28-three-seed-no-exchange-v2-selector-safe,factorial,10,latentflow_process_preserving_unfreeze2,5.0,0.001,192,,18.710357830576505,False,,0.0007,0.4018933136029268,2048,1024,LatentFlow,0.38678763016562123,0.02,11329.0,496562,,0.39709665429069063,0.3840460566251672,False,2,0.004796659312236162,0.002741573540454012,,/work/11617/sujato_ts/vista/motion_code-master/physics_modal_v4/enhancements/results/factorial/runs/scale-single__bank-off__continuation-early/seed43/ETTm1/h192.json,0fd3eeb7d063d28803faace17ff49f6858afdb31a8957ac01acbb13dceffb0be,,0.6219225274627228,single,43,"{'inducing_points': 32, 'latent_dim': 8, 'patch_lens': [8, 24, 48], 'representation_weight': 0.01}",8,,True,True,96,False,0,63.54736674547894,extension,scale-single__bank-off__continuation-early,0.0001,4
off,16,4,extension,0.6546396755036854,,/work/11617/sujato_ts/vista/motion_code-master/physics_modal_v4/enhancements/results/factorial/checkpoints/scale-single__bank-off__continuation-early/seed43/ETTm1/h336.pt,d8aaaa53045de048,early,2,False,ETTm1,16,335.15107192192227,latentflow-factorial-2x2x2-all28-three-seed-no-exchange-v2-selector-safe,factorial,10,latentflow_process_preserving_unfreeze2,5.0,0.001,336,,18.84543519523155,False,,0.0007,0.4280341221224713,2048,1024,LatentFlow,0.4268379450326506,0.02,11185.0,555746,,0.4203182006534139,0.4169962806394595,False,2,0.0077159214690574185,0.009841664393191119,,/work/11617/sujato_ts/vista/motion_code-master/physics_modal_v4/enhancements/results/factorial/runs/scale-single__bank-off__continuation-early/seed43/ETTm1/h336.json,41f594047e26ea9dedf6b555305539f2f3d53d221e41682876f44ae66ef786be,,0.6533283592747605,single,43,"{'inducing_points': 32, 'latent_dim': 8, 'patch_lens': [8, 24, 48], 'representation_weight': 0.01}",8,,True,True,96,False,0,71.2250485586992,extension,scale-single__bank-off__continuation-early,0.0001,4
off,16,4,extension,0.9758045716891213,,/work/11617/sujato_ts/vista/motion_code-master/physics_modal_v4/enhancements/results/factorial/checkpoints/scale-single__bank-off__continuation-early/seed43/ETTm1/h720.pt,685d9fc38643415f,early,2,False,ETTm1,16,313.0365920364857,latentflow-factorial-2x2x2-all28-three-seed-no-exchange-v2-selector-safe,factorial,10,latentflow_process_preserving_unfreeze2,5.0,0.001,720,,17.10228296204053,False,,0.0007,0.46676168010766717,2048,1024,LatentFlow,0.4897869912414673,0.02,10801.0,719906,,0.45146474868963876,0.47503070203002806,False,2,0.015296931418028403,0.014756289211439233,,/work/11617/sujato_ts/vista/motion_code-master/physics_modal_v4/enhancements/results/factorial/runs/scale-single__bank-off__continuation-early/seed43/ETTm1/h720.json,d30f5936f0ddadfd18f80375705ba837c55ce7cb39e9fcca020bf7a376781aa6,,0.6998478343479154,single,43,"{'inducing_points': 32, 'latent_dim': 8, 'patch_lens': [8, 24, 48], 'representation_weight': 0.01}",8,,True,True,96,False,0,66.33289430610603,extension,scale-single__bank-off__continuation-early,0.0001,4
off,16,1,extension,0.3968905263713428,,/work/11617/sujato_ts/vista/motion_code-master/physics_modal_v4/enhancements/results/factorial/checkpoints/scale-single__bank-off__continuation-early/seed43/ETTm1/h96.pt,ca908b5ae7fc64da,early,2,False,ETTm1,16,297.5724207824096,latentflow-factorial-2x2x2-all28-three-seed-no-exchange-v2-selector-safe,factorial,10,latentflow_process_preserving_unfreeze2,5.0,0.001,96,,18.572773807910682,False,,0.0007,0.38065086246294516,2048,1024,LatentFlow,0.34482435340718376,0.02,11425.0,457826,,0.38373537616306413,0.34899102166380447,False,2,-0.0030845137001189737,-0.004166668256620709,,/work/11617/sujato_ts/vista/motion_code-master/physics_modal_v4/enhancements/results/factorial/runs/scale-single__bank-off__continuation-early/seed43/ETTm1/h96.json,7a61eb0f32e28aef384b495c22980f5d40413b1466a8ca112992b3451c252699,,0.5872174668784843,single,43,"{'inducing_points': 32, 'latent_dim': 8, 'patch_lens': [8, 24, 48], 'representation_weight': 0.01}",8,,True,True,96,False,0,63.07010639211512,extension,scale-single__bank-off__continuation-early,0.0001,4
off,16,2,extension,0.1708783120626495,,/work/11617/sujato_ts/vista/motion_code-master/physics_modal_v4/enhancements/results/factorial/checkpoints/scale-single__bank-off__continuation-early/seed43/ETTm2/h192.pt,a2bde9486bfeb8ae,early,2,False,ETTm2,16,327.62641008757055,latentflow-factorial-2x2x2-all28-three-seed-no-exchange-v2-selector-safe,factorial,10,latentflow_process_preserving_unfreeze2,5.0,0.001,192,,17.87124344646994,False,,0.0007,0.3119738983292929,2048,1024,LatentFlow,0.2495098631138939,0.02,11329.0,496498,,0.312527920150566,0.25086570205167524,False,2,-0.0005540218212731207,-0.0013558389377813507,,/work/11617/sujato_ts/vista/motion_code-master/physics_modal_v4/enhancements/results/factorial/runs/scale-single__bank-off__continuation-early/seed43/ETTm2/h192.json,f2185096d521f1b180d7db1110692ee59fe590e5ffab2c40a69b84975dab7397,,0.49950962264394255,single,43,"{'inducing_points': 16, 'latent_dim': 8, 'patch_lens': [8, 16, 32], 'representation_weight': 0.001}",8,,True,True,96,False,0,69.58653008186957,extension,scale-single__bank-off__continuation-early,0.0001,4
off,16,0,reference,0.21716073571013755,,/work/11617/sujato_ts/vista/motion_code-master/physics_modal_v4/enhancements/results/factorial/checkpoints/scale-single__bank-off__continuation-early/seed43/ETTm2/h336.pt,c537b7d9a732840f,early,2,False,ETTm2,16,335.44006380438805,latentflow-factorial-2x2x2-all28-three-seed-no-exchange-v2-selector-safe,factorial,10,latentflow_process_preserving_unfreeze2,5.0,0.001,336,,3.259314240135231,True,,0.0007,0.3473593533156004,2048,1024,LatentFlow,0.31174716964601545,0.02,11185.0,571310,,0.3473593533156004,0.31174716964601545,False,2,0.0,0.0,,/work/11617/sujato_ts/vista/motion_code-master/physics_modal_v4/enhancements/results/factorial/runs/scale-single__bank-off__continuation-early/seed43/ETTm2/h336.json,d313be297b36d7ad0331e9ac38d06c55be0fc8345dcce781893cfc62bcbff349,,0.5583432364110946,single,43,"{'inducing_points': 16, 'latent_dim': 8, 'patch_lens': [8, 16, 32], 'representation_weight': 0.001}",32,,True,True,96,False,0,71.86816713074222,reference,scale-single__bank-off__continuation-early,0.0001,4
off,16,2,extension,0.2983353875932239,,/work/11617/sujato_ts/vista/motion_code-master/physics_modal_v4/enhancements/results/factorial/checkpoints/scale-single__bank-off__continuation-early/seed43/ETTm2/h720.pt,efbd5ce85f5f9487,early,2,False,ETTm2,16,337.73694647080265,latentflow-factorial-2x2x2-all28-three-seed-no-exchange-v2-selector-safe,factorial,10,latentflow_process_preserving_unfreeze2,5.0,0.001,720,,20.05347855063017,False,,0.0007,0.41151002467856673,2048,1024,LatentFlow,0.42014094844184763,0.02,10801.0,719842,,0.41094334276338573,0.4205939601540792,False,2,0.0005666819151809999,-0.0004530117122315547,,/work/11617/sujato_ts/vista/motion_code-master/physics_modal_v4/enhancements/results/factorial/runs/scale-single__bank-off__continuation-early/seed43/ETTm2/h720.json,21e9f21e28a99a9dcb9eb8d61e65a73528f012154de7162250260f566c1501da,,0.6481828048026634,single,43,"{'inducing_points': 16, 'latent_dim': 8, 'patch_lens': [8, 16, 32], 'representation_weight': 0.001}",8,,True,True,96,False,0,71.49939285227447,extension,scale-single__bank-off__continuation-early,0.0001,4
off,16,7,extension,0.12995940845991885,,/work/11617/sujato_ts/vista/motion_code-master/physics_modal_v4/enhancements/results/factorial/checkpoints/scale-single__bank-off__continuation-early/seed43/ETTm2/h96.pt,a1fe60f16dc7dd29,early,2,False,ETTm2,16,345.9950566040352,latentflow-factorial-2x2x2-all28-three-seed-no-exchange-v2-selector-safe,factorial,10,latentflow_process_preserving_unfreeze2,5.0,0.001,96,,19.151657195383002,False,,0.0007,0.2697788902410706,2048,1024,LatentFlow,0.1853172313654014,0.02,11425.0,477166,,0.26860897846068893,0.1842509950552556,False,2,0.0011699117803816717,0.0010662363101457961,,/work/11617/sujato_ts/vista/motion_code-master/physics_modal_v4/enhancements/results/factorial/runs/scale-single__bank-off__continuation-early/seed43/ETTm2/h96.json,b2d93fc631022cf1b1f89da6e6a583e5c87fddd1f18e67ac034a9264a45eb0a8,,0.43048487936906843,single,43,"{'inducing_points': 16, 'latent_dim': 8, 'patch_lens': [8, 16, 32], 'representation_weight': 0.001}",32,,True,True,96,False,0,73.59366199889337,extension,scale-single__bank-off__continuation-early,0.0001,4
off,16,8,extension,0.14921706883954358,,/work/11617/sujato_ts/vista/motion_code-master/physics_modal_v4/enhancements/results/factorial/checkpoints/scale-single__bank-off__continuation-early/seed43/Electricity/h192.pt,71fefcb4e3762a6d,early,2,False,Electricity,16,1360.2521800370014,latentflow-factorial-2x2x2-all28-three-seed-no-exchange-v2-selector-safe,factorial,10,latentflow_process_preserving_unfreeze2,5.0,0.001,192,,24.36197740812955,False,,0.0007,0.33923845850665263,2048,1024,LatentFlow,0.23917459139048444,0.02,5071.0,499851,,0.2756716497535561,0.18515571049567991,False,2,0.0635668087530965,0.05401888089480453,,/work/11617/sujato_ts/vista/motion_code-master/physics_modal_v4/enhancements/results/factorial/runs/scale-single__bank-off__continuation-early/seed43/Electricity/h192.json,d69d9712b0865f28909cfd6fe715fb6b03ae6d487a9fea851cf11be5c78e8058,,0.48905479385288153,single,43,"{'inducing_points': 32, 'latent_dim': 16, 'patch_lens': [8, 16, 32], 'representation_weight': 0.001}",8,,True,True,96,False,0,327.14640221563513,extension,scale-single__bank-off__continuation-early,0.0001,4
off,16,9,extension,0.16570269048187433,,/work/11617/sujato_ts/vista/motion_code-master/physics_modal_v4/enhancements/results/factorial/checkpoints/scale-single__bank-off__continuation-early/seed43/Electricity/h336.pt,9f4367b6b18b8f37,early,2,False,Electricity,16,1380.4624408199452,latentflow-factorial-2x2x2-all28-three-seed-no-exchange-v2-selector-safe,factorial,10,latentflow_process_preserving_unfreeze2,5.0,0.001,336,,23.93276590278478,False,,0.0007,0.3235274263920057,2048,1024,LatentFlow,0.22214024819618694,0.02,4927.0,559035,,0.290966154633329,0.20040627509813522,False,2,0.032561271758676735,0.021733973098051723,,/work/11617/sujato_ts/vista/motion_code-master/physics_modal_v4/enhancements/results/factorial/runs/scale-single__bank-off__continuation-early/seed43/Electricity/h336.json,c7c428a72b8d564d37ab9dfe177a16b0fd25505fdff7f4ed81b1c57d7e85229a,,0.4713175661867346,single,43,"{'inducing_points': 32, 'latent_dim': 16, 'patch_lens': [8, 16, 32], 'representation_weight': 0.001}",8,,True,True,96,False,0,328.89205345381924,extension,scale-single__bank-off__continuation-early,0.0001,4
off,16,9,extension,0.2043439301952601,,/work/11617/sujato_ts/vista/motion_code-master/physics_modal_v4/enhancements/results/factorial/checkpoints/scale-single__bank-off__continuation-early/seed43/Electricity/h720.pt,2258cd08e544e80b,early,2,False,Electricity,16,1406.8596286345273,latentflow-factorial-2x2x2-all28-three-seed-no-exchange-v2-selector-safe,factorial,10,latentflow_process_preserving_unfreeze2,5.0,0.001,720,,26.03996702514234,False,,0.0007,0.33464337013567025,2048,1024,LatentFlow,0.2430563517030678,0.02,4543.0,716405,,0.32413609683736183,0.24123702689682613,False,2,0.010507273298308417,0.0018193248062416678,,/work/11617/sujato_ts/vista/motion_code-master/physics_modal_v4/enhancements/results/factorial/runs/scale-single__bank-off__continuation-early/seed43/Electricity/h720.json,6678be1caaa2fc04a9192de9eb87a9973c0bbb1194e3a68ddedce0d298cfba74,,0.4930074560319223,single,43,"{'inducing_points': 32, 'latent_dim': 16, 'patch_lens': [8, 16, 32], 'representation_weight': 0.001}",16,,True,True,96,False,0,329.40448540757643,extension,scale-single__bank-off__continuation-early,0.0001,4
off,16,8,extension,0.13698533000975754,,/work/11617/sujato_ts/vista/motion_code-master/physics_modal_v4/enhancements/results/factorial/checkpoints/scale-single__bank-off__continuation-early/seed43/Electricity/h96.pt,a6fbfd280df648aa,early,2,False,Electricity,16,1371.0017967020394,latentflow-factorial-2x2x2-all28-three-seed-no-exchange-v2-selector-safe,factorial,10,latentflow_process_preserving_unfreeze2,5.0,0.001,96,,22.995026285449665,False,,0.0007,0.29669086156974617,2048,1024,LatentFlow,0.19153225393431775,0.02,5167.0,461115,,0.26415134188476996,0.17196513219917942,False,2,0.032539519684976204,0.019567121735138332,,/work/11617/sujato_ts/vista/motion_code-master/physics_modal_v4/enhancements/results/factorial/runs/scale-single__bank-off__continuation-early/seed43/Electricity/h96.json,a5fb88fca5c8696e92a202e54df45627eb62c24224b6bc813cc7ff63c67ba57a,,0.4376439808043951,single,43,"{'inducing_points': 32, 'latent_dim': 16, 'patch_lens': [8, 16, 32], 'representation_weight': 0.001}",8,,True,True,96,False,0,323.7969166140829,extension,scale-single__bank-off__continuation-early,0.0001,4
off,16,10,extension,0.3895805516357304,,/work/11617/sujato_ts/vista/motion_code-master/physics_modal_v4/enhancements/results/factorial/checkpoints/scale-single__bank-off__continuation-early/seed43/Traffic/h192.pt,5a761961d5c7713d,early,2,False,Traffic,16,2415.2450820114464,latentflow-factorial-2x2x2-all28-three-seed-no-exchange-v2-selector-safe,factorial,10,latentflow_process_preserving_unfreeze2,5.0,0.001,192,,56.91429389334747,False,,0.0007,0.3656175920286808,2048,1024,LatentFlow,0.5053992670495165,0.02,3319.0,501474,,0.31473964094675405,0.47105806163414843,False,2,0.050877951081926776,0.034341205415368115,,/work/11617/sujato_ts/vista/motion_code-master/physics_modal_v4/enhancements/results/factorial/runs/scale-single__bank-off__continuation-early/seed43/Traffic/h192.json,9a2e753f5bebd5c7ac5252f2db206e082979ed28862a9c8b9e1febee5aabf857,,0.7109143879888187,single,43,"{'inducing_points': 32, 'latent_dim': 16, 'patch_lens': [8, 16, 32], 'representation_weight': 0.001}",8,,True,True,96,False,0,615.2078882805654,extension,scale-single__bank-off__continuation-early,0.0001,4
off,16,6,extension,0.40368121095209963,,/work/11617/sujato_ts/vista/motion_code-master/physics_modal_v4/enhancements/results/factorial/checkpoints/scale-single__bank-off__continuation-early/seed43/Traffic/h336.pt,4b2386681ad21cae,early,2,False,Traffic,16,2549.819683709182,latentflow-factorial-2x2x2-all28-three-seed-no-exchange-v2-selector-safe,factorial,10,latentflow_process_preserving_unfreeze2,5.0,0.001,336,,57.27982062510111,False,,0.0007,0.34148777141555464,2048,1024,LatentFlow,0.49190102640836875,0.02,3175.0,560658,,0.31896735550711325,0.4775151891088295,False,2,0.022520415908441394,0.01438583729953924,,/work/11617/sujato_ts/vista/motion_code-master/physics_modal_v4/enhancements/results/factorial/runs/scale-single__bank-off__continuation-early/seed43/Traffic/h336.json,2ff7d01baebf8d9168341210dfc2cce381bae130f5700ca38715ab52f6213ef3,,0.7013565615351216,single,43,"{'inducing_points': 32, 'latent_dim': 16, 'patch_lens': [8, 16, 32], 'representation_weight': 0.001}",8,,True,True,96,False,0,650.6302547335508,extension,scale-single__bank-off__continuation-early,0.0001,4
off,16,7,extension,0.4462533249133455,,/work/11617/sujato_ts/vista/motion_code-master/physics_modal_v4/enhancements/results/factorial/checkpoints/scale-single__bank-off__continuation-early/seed43/Traffic/h720.pt,eac8b345a72219c0,early,2,False,Traffic,16,2736.2689662091434,latentflow-factorial-2x2x2-all28-three-seed-no-exchange-v2-selector-safe,factorial,10,latentflow_process_preserving_unfreeze2,5.0,0.001,720,,64.69290607358629,False,,0.0007,0.3800741800309529,2048,1024,LatentFlow,0.5419453910551667,0.02,2791.0,724818,,0.33346247597370393,0.5143208244648744,False,2,0.04661170405724896,0.027624566590292332,,/work/11617/sujato_ts/vista/motion_code-master/physics_modal_v4/enhancements/results/factorial/runs/scale-single__bank-off__continuation-early/seed43/Traffic/h720.json,4e95ae8658c0f8c3ea68ec9ec9e08a519ff77859a84ce1e91bd78ffbbdfe11ff,,0.7361694037754942,single,43,"{'inducing_points': 32, 'latent_dim': 16, 'patch_lens': [8, 16, 32], 'representation_weight': 0.001}",8,,True,True,96,False,0,714.6393443792476,extension,scale-single__bank-off__continuation-early,0.0001,4
off,16,10,extension,0.40107783944866776,,/work/11617/sujato_ts/vista/motion_code-master/physics_modal_v4/enhancements/results/factorial/checkpoints/scale-single__bank-off__continuation-early/seed43/Traffic/h96.pt,ed8ec65ff69bd708,early,2,False,Traffic,16,2348.4822129821405,latentflow-factorial-2x2x2-all28-three-seed-no-exchange-v2-selector-safe,factorial,10,latentflow_process_preserving_unfreeze2,5.0,0.001,96,,55.884689210691086,False,,0.0007,0.3482127152931736,2048,1024,LatentFlow,0.4930188104266977,0.02,3415.0,462738,,0.31457395311379593,0.46307711664101714,False,2,0.03363876217937767,0.029941693785680568,,/work/11617/sujato_ts/vista/motion_code-master/physics_modal_v4/enhancements/results/factorial/runs/scale-single__bank-off__continuation-early/seed43/Traffic/h96.json,d48285f9bd8d32d40d0aa14422747574607e6466a72ace4ba07fd2e40c0ac908,,0.7021529822102144,single,43,"{'inducing_points': 32, 'latent_dim': 16, 'patch_lens': [8, 16, 32], 'representation_weight': 0.001}",8,,True,True,96,False,0,594.6484862717625,extension,scale-single__bank-off__continuation-early,0.0001,4
off,16,6,extension,0.47306952850213124,,/work/11617/sujato_ts/vista/motion_code-master/physics_modal_v4/enhancements/results/factorial/checkpoints/scale-single__bank-off__continuation-early/seed43/Weather/h192.pt,cc63a4f0331e2910,early,2,False,Weather,16,532.8377055609599,latentflow-factorial-2x2x2-all28-three-seed-no-exchange-v2-selector-safe,factorial,10,latentflow_process_preserving_unfreeze2,5.0,0.001,192,,32.06972675325797,False,,0.0007,0.2533103794925759,2048,1024,LatentFlow,0.2117885677672896,0.02,10349.0,500020,,0.25499168532333283,0.21459261897255366,False,2,-0.0016813058307569295,-0.0028040512052640576,,/work/11617/sujato_ts/vista/motion_code-master/physics_modal_v4/enhancements/results/factorial/runs/scale-single__bank-off__continuation-early/seed43/Weather/h192.json,f076146d316a258735a37157f01ccca75972706292d308780f5197db185bc251,,0.46020491932104507,single,43,"{'inducing_points': 32, 'latent_dim': 16, 'patch_lens': [8, 16, 32], 'representation_weight': 0.001}",8,,True,True,96,False,0,121.83982907808968,extension,scale-single__bank-off__continuation-early,0.0001,4
off,16,4,extension,0.5556583445088393,,/work/11617/sujato_ts/vista/motion_code-master/physics_modal_v4/enhancements/results/factorial/checkpoints/scale-single__bank-off__continuation-early/seed43/Weather/h336.pt,b5740e2efa978abb,early,2,False,Weather,16,524.3933581337333,latentflow-factorial-2x2x2-all28-three-seed-no-exchange-v2-selector-safe,factorial,10,latentflow_process_preserving_unfreeze2,5.0,0.001,336,,32.475394130912875,False,,0.0007,0.2946985552685892,2048,1024,LatentFlow,0.26841810166853863,0.02,10205.0,559204,,0.29705646853111345,0.27013014261252294,False,2,-0.0023579132625242694,-0.0017120409439843054,,/work/11617/sujato_ts/vista/motion_code-master/physics_modal_v4/enhancements/results/factorial/runs/scale-single__bank-off__continuation-early/seed43/Weather/h336.json,2cd437f091cd3967fab19d52c66193e0a91199ccfe8d5f2bd926529ffe2b9f7a,,0.5180908237640758,single,43,"{'inducing_points': 32, 'latent_dim': 16, 'patch_lens': [8, 16, 32], 'representation_weight': 0.001}",8,,True,True,96,False,0,120.1528289806447,extension,scale-single__bank-off__continuation-early,0.0001,4
off,16,2,extension,0.6822964128363069,,/work/11617/sujato_ts/vista/motion_code-master/physics_modal_v4/enhancements/results/factorial/checkpoints/scale-single__bank-off__continuation-early/seed43/Weather/h720.pt,4a2624b6da178900,early,2,False,Weather,16,556.882584316656,latentflow-factorial-2x2x2-all28-three-seed-no-exchange-v2-selector-safe,factorial,10,latentflow_process_preserving_unfreeze2,5.0,0.001,720,,32.98499297618476,False,,0.0007,0.34579157183087855,2048,1024,LatentFlow,0.3478057747012715,0.02,9821.0,723364,,0.34528425581718986,0.3476288286382379,False,2,0.0005073160136886967,0.0001769460630335895,,/work/11617/sujato_ts/vista/motion_code-master/physics_modal_v4/enhancements/results/factorial/runs/scale-single__bank-off__continuation-early/seed43/Weather/h720.json,92fbe36817d75bd22123c9351a32a76c3415723e65d2b2f9cb74d059e380eb88,,0.5897506038159448,single,43,"{'inducing_points': 32, 'latent_dim': 16, 'patch_lens': [8, 16, 32], 'representation_weight': 0.001}",8,,True,True,96,False,0,128.40596500464017,extension,scale-single__bank-off__continuation-early,0.0001,4
off,16,6,extension,0.43026019703774226,,/work/11617/sujato_ts/vista/motion_code-master/physics_modal_v4/enhancements/results/factorial/checkpoints/scale-single__bank-off__continuation-early/seed43/Weather/h96.pt,039002700089167b,early,2,False,Weather,16,525.9186156657524,latentflow-factorial-2x2x2-all28-three-seed-no-exchange-v2-selector-safe,factorial,10,latentflow_process_preserving_unfreeze2,5.0,0.001,96,,28.645956764690087,False,,0.0007,0.21106192953668626,2048,1024,LatentFlow,0.1648204912162495,0.02,10445.0,461284,,0.21136887561433718,0.16573756905340892,False,2,-0.00030694607765091586,-0.0009170778371594135,,/work/11617/sujato_ts/vista/motion_code-master/physics_modal_v4/enhancements/results/factorial/runs/scale-single__bank-off__continuation-early/seed43/Weather/h96.json,6bee71e05907e9bdcbb3cc2620c0daa517e3c93d625cd5288922c5b7e37d9976,,0.40598090006335213,single,43,"{'inducing_points': 32, 'latent_dim': 16, 'patch_lens': [8, 16, 32], 'representation_weight': 0.001}",8,,True,True,96,False,0,120.8918409927719,extension,scale-single__bank-off__continuation-early,0.0001,4
off,16,0,reference,1.0230743438005447,,/work/11617/sujato_ts/vista/motion_code-master/physics_modal_v4/enhancements/results/factorial/checkpoints/scale-single__bank-off__continuation-early/seed44/ETTh1/h192.pt,cf82fa93c2ebc386,early,2,False,ETTh1,16,344.2793888282031,latentflow-factorial-2x2x2-all28-three-seed-no-exchange-v2-selector-safe,factorial,10,latentflow_process_preserving_unfreeze2,5.0,0.001,192,,3.5387396109764446,True,,0.0007,0.4385673342107614,2048,1024,LatentFlow,0.4551334006179755,0.02,2689.0,553250,,0.4385673342107614,0.4551334006179755,False,2,0.0,0.0,,/work/11617/sujato_ts/vista/motion_code-master/physics_modal_v4/enhancements/results/factorial/runs/scale-single__bank-off__continuation-early/seed44/ETTh1/h192.json,03bfa272fdb0fc72ed40574c5f5b22d62b145881b227c968fce09d3c4cf2484c,,0.6746357540317408,single,44,"{'inducing_points': 32, 'latent_dim': 16, 'patch_lens': [16, 32, 48], 'representation_weight': 0.05}",48,,True,True,96,False,0,74.523192484412,reference,scale-single__bank-off__continuation-early,0.0001,4
off,16,0,reference,1.2905527746596304,,/work/11617/sujato_ts/vista/motion_code-master/physics_modal_v4/enhancements/results/factorial/checkpoints/scale-single__bank-off__continuation-early/seed44/ETTh1/h336.pt,44ed1c1661fc78a7,early,2,False,ETTh1,16,325.48431154713035,latentflow-factorial-2x2x2-all28-three-seed-no-exchange-v2-selector-safe,factorial,10,latentflow_process_preserving_unfreeze2,5.0,0.001,336,,3.2219318569861826,True,,0.0007,0.45126202182854663,2048,1024,LatentFlow,0.4867874809101889,0.02,2545.0,609644,,0.45126202182854663,0.4867874809101889,False,2,0.0,0.0,,/work/11617/sujato_ts/vista/motion_code-master/physics_modal_v4/enhancements/results/factorial/runs/scale-single__bank-off__continuation-early/seed44/ETTh1/h336.json,90cbb3e3d5e39664a79a3ccc3d64733c4d18ab53c042538252fdf26545bc7248,,0.6977015700929653,single,44,"{'inducing_points': 32, 'latent_dim': 16, 'patch_lens': [16, 32, 48], 'representation_weight': 0.05}",48,,True,True,96,False,0,69.65539426892065,reference,scale-single__bank-off__continuation-early,0.0001,4
off,16,0,reference,1.5605764389038086,,/work/11617/sujato_ts/vista/motion_code-master/physics_modal_v4/enhancements/results/factorial/checkpoints/scale-single__bank-off__continuation-early/seed44/ETTh1/h720.pt,996d81655b965a7c,early,2,False,ETTh1,16,331.74611526168883,latentflow-factorial-2x2x2-all28-three-seed-no-exchange-v2-selector-safe,factorial,10,latentflow_process_preserving_unfreeze2,5.0,0.001,720,,3.2304721161611933,True,,0.0007,0.4822168023803269,2048,1024,LatentFlow,0.4971412305249868,0.02,2161.0,760204,,0.4822168023803269,0.4971412305249868,False,2,0.0,0.0,,/work/11617/sujato_ts/vista/motion_code-master/physics_modal_v4/enhancements/results/factorial/runs/scale-single__bank-off__continuation-early/seed44/ETTh1/h720.json,278e7ded27ab6667f2223c0e60e1c92883ff3331da7a47bc757e6a17d3683b83,,0.7050824281777179,single,44,"{'inducing_points': 32, 'latent_dim': 16, 'patch_lens': [16, 32, 48], 'representation_weight': 0.05}",48,,True,True,96,False,0,70.8231355107273,reference,scale-single__bank-off__continuation-early,0.0001,4
off,16,0,reference,0.7605383371313413,,/work/11617/sujato_ts/vista/motion_code-master/physics_modal_v4/enhancements/results/factorial/checkpoints/scale-single__bank-off__continuation-early/seed44/ETTh1/h96.pt,c02a737e1492a922,early,2,False,ETTh1,16,328.382137844339,latentflow-factorial-2x2x2-all28-three-seed-no-exchange-v2-selector-safe,factorial,10,latentflow_process_preserving_unfreeze2,5.0,0.001,96,,3.263229329268195,True,,0.0007,0.41631086244637755,2048,1024,LatentFlow,0.4002132095026442,0.02,2785.0,466618,,0.41631086244637755,0.4002132095026442,False,2,0.0,0.0,,/work/11617/sujato_ts/vista/motion_code-master/physics_modal_v4/enhancements/results/factorial/runs/scale-single__bank-off__continuation-early/seed44/ETTh1/h96.json,dbd2b00e070217cd7ccfdf3c68d7354cb72a47144c2b2c53cb405043f7ab6133,,0.6326240664902373,single,44,"{'inducing_points': 32, 'latent_dim': 16, 'patch_lens': [16, 32, 48], 'representation_weight': 0.05}",16,,True,True,96,False,0,69.99376732856035,reference,scale-single__bank-off__continuation-early,0.0001,4
off,16,0,reference,0.2705708335907686,,/work/11617/sujato_ts/vista/motion_code-master/physics_modal_v4/enhancements/results/factorial/checkpoints/scale-single__bank-off__continuation-early/seed44/ETTh2/h192.pt,26ce691475466851,early,2,False,ETTh2,16,329.13937907805666,latentflow-factorial-2x2x2-all28-three-seed-no-exchange-v2-selector-safe,factorial,10,latentflow_process_preserving_unfreeze2,5.0,0.001,192,,3.4073846481606633,True,,0.0007,0.3949897911995779,2048,1024,LatentFlow,0.38118845723751077,0.02,2689.0,533242,,0.3949897911995779,0.38118845723751077,False,2,0.0,0.0,,/work/11617/sujato_ts/vista/motion_code-master/physics_modal_v4/enhancements/results/factorial/runs/scale-single__bank-off__continuation-early/seed44/ETTh2/h192.json,1b43eb7ef0e610ace6e6903ab161ae975f59e3fd45fa310142bcb7673f3c5a24,,0.6174046138777315,single,44,"{'inducing_points': 32, 'latent_dim': 8, 'patch_lens': [16, 32, 48], 'representation_weight': 0.001}",48,,True,True,96,False,0,70.77677025154117,reference,scale-single__bank-off__continuation-early,0.0001,4
off,16,1,extension,0.3465121981440758,,/work/11617/sujato_ts/vista/motion_code-master/physics_modal_v4/enhancements/results/factorial/checkpoints/scale-single__bank-off__continuation-early/seed44/ETTh2/h336.pt,4bece546f3b39765,early,2,False,ETTh2,16,314.81529698194936,latentflow-factorial-2x2x2-all28-three-seed-no-exchange-v2-selector-safe,factorial,10,latentflow_process_preserving_unfreeze2,5.0,0.001,336,,18.17191606151718,False,,0.0007,0.43005713731802886,2048,1024,LatentFlow,0.41827656853344464,0.02,2545.0,589636,,0.4295656450394807,0.417376419605151,False,2,0.0004914922785481668,0.0009001489282936537,,/work/11617/sujato_ts/vista/motion_code-master/physics_modal_v4/enhancements/results/factorial/runs/scale-single__bank-off__continuation-early/seed44/ETTh2/h336.json,2104b2e1ebaec02fded09f7ab38dad5316da9b36764bb9bfcbee039e1e529701,,0.6467430467608017,single,44,"{'inducing_points': 32, 'latent_dim': 8, 'patch_lens': [16, 32, 48], 'representation_weight': 0.001}",48,,True,True,96,False,0,67.52993676709593,extension,scale-single__bank-off__continuation-early,0.0001,4
off,16,0,reference,0.5987973894391742,,/work/11617/sujato_ts/vista/motion_code-master/physics_modal_v4/enhancements/results/factorial/checkpoints/scale-single__bank-off__continuation-early/seed44/ETTh2/h720.pt,0e98d9c986f7b528,early,2,False,ETTh2,16,315.7319784555584,latentflow-factorial-2x2x2-all28-three-seed-no-exchange-v2-selector-safe,factorial,10,latentflow_process_preserving_unfreeze2,5.0,0.001,720,,3.4962208635771455,True,,0.0007,0.43901165075203985,2048,1024,LatentFlow,0.4143743100139737,0.02,2161.0,740196,,0.43901165075203985,0.4143743100139737,False,2,0.0,0.0,,/work/11617/sujato_ts/vista/motion_code-master/physics_modal_v4/enhancements/results/factorial/runs/scale-single__bank-off__continuation-early/seed44/ETTh2/h720.json,d06f406797c3e7e71eb624190cbb38fd628481503314c19f6e0cb847f4922e40,,0.6437191235422276,single,44,"{'inducing_points': 32, 'latent_dim': 8, 'patch_lens': [16, 32, 48], 'representation_weight': 0.001}",48,,True,True,96,False,0,67.66837334580487,reference,scale-single__bank-off__continuation-early,0.0001,4
off,16,0,reference,0.21936969219573907,,/work/11617/sujato_ts/vista/motion_code-master/physics_modal_v4/enhancements/results/factorial/checkpoints/scale-single__bank-off__continuation-early/seed44/ETTh2/h96.pt,2c72b985b708780a,early,2,False,ETTh2,16,330.6998216789216,latentflow-factorial-2x2x2-all28-three-seed-no-exchange-v2-selector-safe,factorial,10,latentflow_process_preserving_unfreeze2,5.0,0.001,96,,3.5539495912138266,True,,0.0007,0.3450395448437978,2048,1024,LatentFlow,0.29711916827234214,0.02,2785.0,495666,,0.3450395448437978,0.29711916827234214,False,2,0.0,0.0,,/work/11617/sujato_ts/vista/motion_code-master/physics_modal_v4/enhancements/results/factorial/runs/scale-single__bank-off__continuation-early/seed44/ETTh2/h96.json,0532d62501f399d631157654881e2185e2c5ccbfe97fa98ae4c74917e1f3ea15,,0.5450863860640276,single,44,"{'inducing_points': 32, 'latent_dim': 8, 'patch_lens': [16, 32, 48], 'representation_weight': 0.001}",48,,True,True,96,False,0,70.83090065461874,reference,scale-single__bank-off__continuation-early,0.0001,4
off,16,2,extension,0.5122709522644678,,/work/11617/sujato_ts/vista/motion_code-master/physics_modal_v4/enhancements/results/factorial/checkpoints/scale-single__bank-off__continuation-early/seed44/ETTm1/h192.pt,c7e7c7b9f051908c,early,2,False,ETTm1,16,331.02654907200485,latentflow-factorial-2x2x2-all28-three-seed-no-exchange-v2-selector-safe,factorial,10,latentflow_process_preserving_unfreeze2,5.0,0.001,192,,18.888169233035164,False,,0.0007,0.3987147004307034,2048,1024,LatentFlow,0.38237890410964137,0.02,11329.0,496562,,0.39641191438778406,0.37939491416441434,False,2,0.002302786042919336,0.002983989945227028,,/work/11617/sujato_ts/vista/motion_code-master/physics_modal_v4/enhancements/results/factorial/runs/scale-single__bank-off__continuation-early/seed44/ETTm1/h192.json,23ee80033744a9aab23ceb84d83199fcac72105dd03851051a7c0adc609edc8d,,0.6183679358679922,single,44,"{'inducing_points': 32, 'latent_dim': 8, 'patch_lens': [8, 24, 48], 'representation_weight': 0.01}",8,,True,True,96,False,0,70.38413427271735,extension,scale-single__bank-off__continuation-early,0.0001,4
off,16,4,extension,0.6526301636987802,,/work/11617/sujato_ts/vista/motion_code-master/physics_modal_v4/enhancements/results/factorial/checkpoints/scale-single__bank-off__continuation-early/seed44/ETTm1/h336.pt,3e7726f145ecf73b,early,2,False,ETTm1,16,335.57782636900083,latentflow-factorial-2x2x2-all28-three-seed-no-exchange-v2-selector-safe,factorial,10,latentflow_process_preserving_unfreeze2,5.0,0.001,336,,19.689716676244764,False,,0.0007,0.4190125370341458,2048,1024,LatentFlow,0.4085185796606881,0.02,11185.0,555746,,0.41499162358607966,0.40550514992323133,False,2,0.004020913448066155,0.0030134297374567742,,/work/11617/sujato_ts/vista/motion_code-master/physics_modal_v4/enhancements/results/factorial/runs/scale-single__bank-off__continuation-early/seed44/ETTm1/h336.json,a670391b8a8da945a31470dc2710362c3ba2d482db9efa626153f232c0c4d374,,0.6391545819758223,single,44,"{'inducing_points': 32, 'latent_dim': 8, 'patch_lens': [8, 24, 48], 'representation_weight': 0.01}",8,,True,True,96,False,0,71.23154412499844,extension,scale-single__bank-off__continuation-early,0.0001,4
off,16,4,extension,0.9824045595668611,,/work/11617/sujato_ts/vista/motion_code-master/physics_modal_v4/enhancements/results/factorial/checkpoints/scale-single__bank-off__continuation-early/seed44/ETTm1/h720.pt,3180a79203d83aa5,early,2,False,ETTm1,16,305.52604418992996,latentflow-factorial-2x2x2-all28-three-seed-no-exchange-v2-selector-safe,factorial,10,latentflow_process_preserving_unfreeze2,5.0,0.001,720,,19.275823311302645,False,,0.0007,0.4685805497575014,2048,1024,LatentFlow,0.4918164829351342,0.02,10801.0,719906,,0.4484732018480374,0.4532720915755241,False,2,0.020107347909464002,0.038544391359610075,,/work/11617/sujato_ts/vista/motion_code-master/physics_modal_v4/enhancements/results/factorial/runs/scale-single__bank-off__continuation-early/seed44/ETTm1/h720.json,a1b8099979166222cdc998b04c4c4e745be35c5be09295e3659871334dd2d32f,,0.7012962875526536,single,44,"{'inducing_points': 32, 'latent_dim': 8, 'patch_lens': [8, 24, 48], 'representation_weight': 0.01}",8,,True,True,96,False,0,64.64664876511961,extension,scale-single__bank-off__continuation-early,0.0001,4
off,16,1,extension,0.3966906213512023,,/work/11617/sujato_ts/vista/motion_code-master/physics_modal_v4/enhancements/results/factorial/checkpoints/scale-single__bank-off__continuation-early/seed44/ETTm1/h96.pt,4aec2a489c0d98dc,early,2,False,ETTm1,16,336.0047715846449,latentflow-factorial-2x2x2-all28-three-seed-no-exchange-v2-selector-safe,factorial,10,latentflow_process_preserving_unfreeze2,5.0,0.001,96,,18.46226262187306,False,,0.0007,0.3756689182455197,2048,1024,LatentFlow,0.3398266006065083,0.02,11425.0,457826,,0.379842135799146,0.3448213761228192,False,2,-0.004173217553626318,-0.00499477551631089,,/work/11617/sujato_ts/vista/motion_code-master/physics_modal_v4/enhancements/results/factorial/runs/scale-single__bank-off__continuation-early/seed44/ETTm1/h96.json,1a451481ae7171117710de4f2556d3f85da86fcd4b12b59a70601c5dc29fb5fe,,0.5829464817687026,single,44,"{'inducing_points': 32, 'latent_dim': 8, 'patch_lens': [8, 24, 48], 'representation_weight': 0.01}",8,,True,True,96,False,0,71.21381714241579,extension,scale-single__bank-off__continuation-early,0.0001,4
off,16,3,extension,0.17331656840230739,,/work/11617/sujato_ts/vista/motion_code-master/physics_modal_v4/enhancements/results/factorial/checkpoints/scale-single__bank-off__continuation-early/seed44/ETTm2/h192.pt,730cdb98a6293067,early,2,False,ETTm2,16,297.0456691365689,latentflow-factorial-2x2x2-all28-three-seed-no-exchange-v2-selector-safe,factorial,10,latentflow_process_preserving_unfreeze2,5.0,0.001,192,,18.98568497952258,False,,0.0007,0.311360227694842,2048,1024,LatentFlow,0.2527256175211807,0.02,11329.0,500778,,0.311324394820176,0.25172342117920987,False,2,3.58328746660197e-05,0.0010021963419708513,,/work/11617/sujato_ts/vista/motion_code-master/physics_modal_v4/enhancements/results/factorial/runs/scale-single__bank-off__continuation-early/seed44/ETTm2/h192.json,94e545d76b1998b121a4e4ac98818a9b2a11c0a0d7ef101f869d554d6102b611,,0.5027182287536237,single,44,"{'inducing_points': 16, 'latent_dim': 8, 'patch_lens': [8, 16, 32], 'representation_weight': 0.001}",16,,True,True,96,False,0,63.08076716013602,extension,scale-single__bank-off__continuation-early,0.0001,4
off,16,5,extension,0.21472215571371064,,/work/11617/sujato_ts/vista/motion_code-master/physics_modal_v4/enhancements/results/factorial/checkpoints/scale-single__bank-off__continuation-early/seed44/ETTm2/h336.pt,de6921c988935ad9,early,2,False,ETTm2,16,323.3612848483026,latentflow-factorial-2x2x2-all28-three-seed-no-exchange-v2-selector-safe,factorial,10,latentflow_process_preserving_unfreeze2,5.0,0.001,336,,17.523857612125468,False,,0.0007,0.3514936143158217,2048,1024,LatentFlow,0.314362317871609,0.02,11185.0,555682,,0.3497065884031808,0.31304044392751446,False,2,0.001787025912640905,0.0013218739440945537,,/work/11617/sujato_ts/vista/motion_code-master/physics_modal_v4/enhancements/results/factorial/runs/scale-single__bank-off__continuation-early/seed44/ETTm2/h336.json,82d6950dca608787ef9cded5e095bb1b9d749a3996da8f0b9466aa8c26c391c8,,0.5606802278229623,single,44,"{'inducing_points': 16, 'latent_dim': 8, 'patch_lens': [8, 16, 32], 'representation_weight': 0.001}",8,,True,True,96,False,0,68.6867384632933,extension,scale-single__bank-off__continuation-early,0.0001,4
off,16,1,extension,0.29816514565831137,,/work/11617/sujato_ts/vista/motion_code-master/physics_modal_v4/enhancements/results/factorial/checkpoints/scale-single__bank-off__continuation-early/seed44/ETTm2/h720.pt,34f5fd9d5c761257,early,2,False,ETTm2,16,332.89277182146907,latentflow-factorial-2x2x2-all28-three-seed-no-exchange-v2-selector-safe,factorial,10,latentflow_process_preserving_unfreeze2,5.0,0.001,720,,19.177380430398824,False,,0.0007,0.40351778546153244,2048,1024,LatentFlow,0.41344052585525437,0.02,10801.0,719842,,0.40343192001061284,0.4133283368735613,False,2,8.586545091959774e-05,0.00011218898169307323,,/work/11617/sujato_ts/vista/motion_code-master/physics_modal_v4/enhancements/results/factorial/runs/scale-single__bank-off__continuation-early/seed44/ETTm2/h720.json,6a08775588fc090ce453686c593791de6026b24a033cd5976901fae099fbe9ab,,0.6429934104291073,single,44,"{'inducing_points': 16, 'latent_dim': 8, 'patch_lens': [8, 16, 32], 'representation_weight': 0.001}",8,,True,True,96,False,0,70.44077691316488,extension,scale-single__bank-off__continuation-early,0.0001,4
off,16,6,extension,0.1274717789852903,,/work/11617/sujato_ts/vista/motion_code-master/physics_modal_v4/enhancements/results/factorial/checkpoints/scale-single__bank-off__continuation-early/seed44/ETTm2/h96.pt,88d35532f79c9df1,early,2,False,ETTm2,16,318.756436444819,latentflow-factorial-2x2x2-all28-three-seed-no-exchange-v2-selector-safe,factorial,10,latentflow_process_preserving_unfreeze2,5.0,0.001,96,,16.303686712454446,False,,0.0007,0.26564033259472974,2048,1024,LatentFlow,0.18125160608612598,0.02,11425.0,457762,,0.2642933971603376,0.1806875996899205,False,2,0.001346935434392127,0.0005640063962054909,,/work/11617/sujato_ts/vista/motion_code-master/physics_modal_v4/enhancements/results/factorial/runs/scale-single__bank-off__continuation-early/seed44/ETTm2/h96.json,60cce5ca9ad474d601a4f3fadefc3509732df54e2afae1b05b838126538bd083,,0.4257365453964764,single,44,"{'inducing_points': 16, 'latent_dim': 8, 'patch_lens': [8, 16, 32], 'representation_weight': 0.001}",8,,True,True,96,False,0,67.48471280443482,extension,scale-single__bank-off__continuation-early,0.0001,4
off,16,10,extension,0.14748074391301672,,/work/11617/sujato_ts/vista/motion_code-master/physics_modal_v4/enhancements/results/factorial/checkpoints/scale-single__bank-off__continuation-early/seed44/Electricity/h192.pt,e1d7f259d0eb9abc,early,2,False,Electricity,16,1396.7933000749908,latentflow-factorial-2x2x2-all28-three-seed-no-exchange-v2-selector-safe,factorial,10,latentflow_process_preserving_unfreeze2,5.0,0.001,192,,23.04690827135185,False,,0.0007,0.37864419845600156,2048,1024,LatentFlow,0.2827066885361403,0.02,5071.0,499851,,0.2726671434170403,0.18272827264849137,False,2,0.10597705503896127,0.09997841588764891,,/work/11617/sujato_ts/vista/motion_code-master/physics_modal_v4/enhancements/results/factorial/runs/scale-single__bank-off__continuation-early/seed44/Electricity/h192.json,e74e7176458e20cfa5d29c6faa3cb26f62520688aa5924f1f5de894007c8773f,,0.53170169130457,single,44,"{'inducing_points': 32, 'latent_dim': 16, 'patch_lens': [8, 16, 32], 'representation_weight': 0.001}",8,,True,True,96,False,0,332.1274293921306,extension,scale-single__bank-off__continuation-early,0.0001,4
off,16,10,extension,0.16478225194882645,,/work/11617/sujato_ts/vista/motion_code-master/physics_modal_v4/enhancements/results/factorial/checkpoints/scale-single__bank-off__continuation-early/seed44/Electricity/h336.pt,755c6f8b11542c45,early,2,False,Electricity,16,1273.4777617077343,latentflow-factorial-2x2x2-all28-three-seed-no-exchange-v2-selector-safe,factorial,10,latentflow_process_preserving_unfreeze2,5.0,0.001,336,,23.246957587335654,False,,0.0007,0.3180110994586852,2048,1024,LatentFlow,0.21952949968183916,0.02,4927.0,559035,,0.29011244921771395,0.19974863590458317,False,2,0.027898650240971268,0.01978086377725599,,/work/11617/sujato_ts/vista/motion_code-master/physics_modal_v4/enhancements/results/factorial/runs/scale-single__bank-off__continuation-early/seed44/Electricity/h336.json,88d94a74b31ad76f1e3f5a1e3c6ecb10091f27940a1d65d94210b908c0bd57e5,,0.46853975250968743,single,44,"{'inducing_points': 32, 'latent_dim': 16, 'patch_lens': [8, 16, 32], 'representation_weight': 0.001}",8,,True,True,96,False,0,298.32803949138906,extension,scale-single__bank-off__continuation-early,0.0001,4
off,16,5,extension,0.20134546848348617,,/work/11617/sujato_ts/vista/motion_code-master/physics_modal_v4/enhancements/results/factorial/checkpoints/scale-single__bank-off__continuation-early/seed44/Electricity/h720.pt,4e6730c886983b76,early,2,False,Electricity,16,1425.2610237654299,latentflow-factorial-2x2x2-all28-three-seed-no-exchange-v2-selector-safe,factorial,10,latentflow_process_preserving_unfreeze2,5.0,0.001,720,,24.923181565350326,False,,0.0007,0.32432144533546775,2048,1024,LatentFlow,0.23804467582330474,0.02,4543.0,723195,,0.3149832385412426,0.2310450194566428,False,2,0.009338206794225146,0.006999656366661944,,/work/11617/sujato_ts/vista/motion_code-master/physics_modal_v4/enhancements/results/factorial/runs/scale-single__bank-off__continuation-early/seed44/Electricity/h720.json,be280e2719b6decf239058edbb9cf3f820854bdaa183b5e79e7473bf0d45f69a,,0.48789822281220163,single,44,"{'inducing_points': 32, 'latent_dim': 16, 'patch_lens': [8, 16, 32], 'representation_weight': 0.001}",8,,True,True,96,False,0,342.4939401054871,extension,scale-single__bank-off__continuation-early,0.0001,4
off,16,7,extension,0.1393011238654207,,/work/11617/sujato_ts/vista/motion_code-master/physics_modal_v4/enhancements/results/factorial/checkpoints/scale-single__bank-off__continuation-early/seed44/Electricity/h96.pt,6453e3ca3a3aa507,early,2,False,Electricity,16,1414.290786782978,latentflow-factorial-2x2x2-all28-three-seed-no-exchange-v2-selector-safe,factorial,10,latentflow_process_preserving_unfreeze2,5.0,0.001,96,,23.696431469049507,False,,0.0007,0.28725422444978566,2048,1024,LatentFlow,0.18574946149761917,0.02,5167.0,461115,,0.2677503883411236,0.1745492791480004,False,2,0.019503836108662076,0.011200182349618781,,/work/11617/sujato_ts/vista/motion_code-master/physics_modal_v4/enhancements/results/factorial/runs/scale-single__bank-off__continuation-early/seed44/Electricity/h96.json,4e99f30c1bf433a196304620f0013250b8d8e5613b82b69eeaf656843a1ecbed,,0.43098661405851013,single,44,"{'inducing_points': 32, 'latent_dim': 16, 'patch_lens': [8, 16, 32], 'representation_weight': 0.001}",8,,True,True,96,False,0,334.7489557834706,extension,scale-single__bank-off__continuation-early,0.0001,4
off,16,10,extension,0.3884614138112728,,/work/11617/sujato_ts/vista/motion_code-master/physics_modal_v4/enhancements/results/factorial/checkpoints/scale-single__bank-off__continuation-early/seed44/Traffic/h192.pt,2ec5181cd39a1ad9,early,2,False,Traffic,16,2408.3337722909637,latentflow-factorial-2x2x2-all28-three-seed-no-exchange-v2-selector-safe,factorial,10,latentflow_process_preserving_unfreeze2,5.0,0.001,192,,55.607842632393904,False,,0.0007,0.35575374775756863,2048,1024,LatentFlow,0.49650212238211605,0.02,3319.0,501474,,0.3119441572121036,0.464997803634542,False,2,0.043809590545465016,0.031504318747574034,,/work/11617/sujato_ts/vista/motion_code-master/physics_modal_v4/enhancements/results/factorial/runs/scale-single__bank-off__continuation-early/seed44/Traffic/h192.json,d7aaea6fe2f755766aeda8410fd2199be09c6bb2b26b2709a72ae53b505c9d78,,0.7046290672276556,single,44,"{'inducing_points': 32, 'latent_dim': 16, 'patch_lens': [8, 16, 32], 'representation_weight': 0.001}",8,,True,True,96,False,0,612.7721169562392,extension,scale-single__bank-off__continuation-early,0.0001,4
off,16,10,extension,0.39973718982258627,,/work/11617/sujato_ts/vista/motion_code-master/physics_modal_v4/enhancements/results/factorial/checkpoints/scale-single__bank-off__continuation-early/seed44/Traffic/h336.pt,214858cdd14bdd97,early,2,False,Traffic,16,2527.148241723975,latentflow-factorial-2x2x2-all28-three-seed-no-exchange-v2-selector-safe,factorial,10,latentflow_process_preserving_unfreeze2,5.0,0.001,336,,58.522649703199285,False,,0.0007,0.3608800832628665,2048,1024,LatentFlow,0.509997276750644,0.02,3175.0,560658,,0.31476032557904593,0.47953657167971825,False,2,0.046119757683820595,0.030460705070925742,,/work/11617/sujato_ts/vista/motion_code-master/physics_modal_v4/enhancements/results/factorial/runs/scale-single__bank-off__continuation-early/seed44/Traffic/h336.json,d5429f5289bb65d2494256e2941ea19a2fbe1d473aa8eb050e714eedc7487023,,0.7141409361958212,single,44,"{'inducing_points': 32, 'latent_dim': 16, 'patch_lens': [8, 16, 32], 'representation_weight': 0.001}",8,,True,True,96,False,0,644.5617059101551,extension,scale-single__bank-off__continuation-early,0.0001,4
off,16,10,extension,0.4448097423721632,,/work/11617/sujato_ts/vista/motion_code-master/physics_modal_v4/enhancements/results/factorial/checkpoints/scale-single__bank-off__continuation-early/seed44/Traffic/h720.pt,53291c407b018b1a,early,2,False,Traffic,16,2733.825496545993,latentflow-factorial-2x2x2-all28-three-seed-no-exchange-v2-selector-safe,factorial,10,latentflow_process_preserving_unfreeze2,5.0,0.001,720,,64.54541675355713,False,,0.0007,0.42021053794235264,2048,1024,LatentFlow,0.5917834792582204,0.02,2791.0,724818,,0.33127712263639,0.5087483302868716,False,2,0.08893341530596266,0.08303514897134878,,/work/11617/sujato_ts/vista/motion_code-master/physics_modal_v4/enhancements/results/factorial/runs/scale-single__bank-off__continuation-early/seed44/Traffic/h720.json,68cf91b50a555588e69f60faedd6a592561d335fb35cf004b486e46fa61e0372,,0.7692746448819305,single,44,"{'inducing_points': 32, 'latent_dim': 16, 'patch_lens': [8, 16, 32], 'representation_weight': 0.001}",8,,True,True,96,False,0,712.3244538004656,extension,scale-single__bank-off__continuation-early,0.0001,4
off,16,10,extension,0.39916103935389213,,/work/11617/sujato_ts/vista/motion_code-master/physics_modal_v4/enhancements/results/factorial/checkpoints/scale-single__bank-off__continuation-early/seed44/Traffic/h96.pt,3893bba960154b2d,early,2,False,Traffic,16,2459.6026471816003,latentflow-factorial-2x2x2-all28-three-seed-no-exchange-v2-selector-safe,factorial,10,latentflow_process_preserving_unfreeze2,5.0,0.001,96,,54.785454652311515,False,,0.0007,0.3468960193893125,2048,1024,LatentFlow,0.49217365840074,0.02,3415.0,462738,,0.3147410658357755,0.4629430303537227,False,2,0.032154953553537036,0.029230628047017315,,/work/11617/sujato_ts/vista/motion_code-master/physics_modal_v4/enhancements/results/factorial/runs/scale-single__bank-off__continuation-early/seed44/Traffic/h96.json,255fcc4d256eede6ef2a4991599f714186af71850e45283871b11877e4835b41,,0.7015508950894012,single,44,"{'inducing_points': 32, 'latent_dim': 16, 'patch_lens': [8, 16, 32], 'representation_weight': 0.001}",8,,True,True,96,False,0,621.5034842316527,extension,scale-single__bank-off__continuation-early,0.0001,4
off,16,2,extension,0.47270763771874563,,/work/11617/sujato_ts/vista/motion_code-master/physics_modal_v4/enhancements/results/factorial/checkpoints/scale-single__bank-off__continuation-early/seed44/Weather/h192.pt,2f95f6cd3b9c6f4b,early,2,False,Weather,16,561.5647734832019,latentflow-factorial-2x2x2-all28-three-seed-no-exchange-v2-selector-safe,factorial,10,latentflow_process_preserving_unfreeze2,5.0,0.001,192,,31.197986187225627,False,,0.0007,0.2516277191715509,2048,1024,LatentFlow,0.2112432189885893,0.02,10349.0,500020,,0.2541101282669198,0.2135008418694068,False,2,-0.002482409095368898,-0.002257622880817489,,/work/11617/sujato_ts/vista/motion_code-master/physics_modal_v4/enhancements/results/factorial/runs/scale-single__bank-off__continuation-early/seed44/Weather/h192.json,c1625e71f35cd556013d532408905761fab0c4d305464241eefb759028ec54f6,,0.4596120309441315,single,44,"{'inducing_points': 32, 'latent_dim': 16, 'patch_lens': [8, 16, 32], 'representation_weight': 0.001}",8,,True,True,96,False,0,128.792143863393,extension,scale-single__bank-off__continuation-early,0.0001,4
off,16,3,extension,0.5591652264941036,,/work/11617/sujato_ts/vista/motion_code-master/physics_modal_v4/enhancements/results/factorial/checkpoints/scale-single__bank-off__continuation-early/seed44/Weather/h336.pt,3c544d0b16f69cf3,early,2,False,Weather,16,513.384352684021,latentflow-factorial-2x2x2-all28-three-seed-no-exchange-v2-selector-safe,factorial,10,latentflow_process_preserving_unfreeze2,5.0,0.001,336,,31.94983382145552,False,,0.0007,0.29755199123550236,2048,1024,LatentFlow,0.2705241539383417,0.02,10205.0,559204,,0.2988310364946929,0.27144156003281755,False,2,-0.0012790452591905366,-0.0009174060944758256,,/work/11617/sujato_ts/vista/motion_code-master/physics_modal_v4/enhancements/results/factorial/runs/scale-single__bank-off__continuation-early/seed44/Weather/h336.json,111eaf861c7a9fd71743268532b711e8610f772e9aba3f598ccc345db0e64f08,,0.520119365086844,single,44,"{'inducing_points': 32, 'latent_dim': 16, 'patch_lens': [8, 16, 32], 'representation_weight': 0.001}",8,,True,True,96,False,0,118.1715230064583,extension,scale-single__bank-off__continuation-early,0.0001,4
off,16,6,extension,0.679199226066549,,/work/11617/sujato_ts/vista/motion_code-master/physics_modal_v4/enhancements/results/factorial/checkpoints/scale-single__bank-off__continuation-early/seed44/Weather/h720.pt,a0c186aec7cc0397,early,2,False,Weather,16,523.9022365082055,latentflow-factorial-2x2x2-all28-three-seed-no-exchange-v2-selector-safe,factorial,10,latentflow_process_preserving_unfreeze2,5.0,0.001,720,,35.364117546408785,False,,0.0007,0.34441757766285863,2048,1024,LatentFlow,0.3448133867853291,0.02,9821.0,723364,,0.3463023784219675,0.3461778208376323,False,2,-0.0018848007591088511,-0.0013644340523032428,,/work/11617/sujato_ts/vista/motion_code-master/physics_modal_v4/enhancements/results/factorial/runs/scale-single__bank-off__continuation-early/seed44/Weather/h720.json,13affcae94f12507c5e4d948f7569184c9a4a1a37616036e2c8a440be5df9d6f,,0.5872081290184333,single,44,"{'inducing_points': 32, 'latent_dim': 16, 'patch_lens': [8, 16, 32], 'representation_weight': 0.001}",8,,True,True,96,False,0,119.9936686854926,extension,scale-single__bank-off__continuation-early,0.0001,4
off,16,6,extension,0.43087179119151736,,/work/11617/sujato_ts/vista/motion_code-master/physics_modal_v4/enhancements/results/factorial/checkpoints/scale-single__bank-off__continuation-early/seed44/Weather/h96.pt,e80acc4fbe7859cf,early,2,False,Weather,16,535.626969171688,latentflow-factorial-2x2x2-all28-three-seed-no-exchange-v2-selector-safe,factorial,10,latentflow_process_preserving_unfreeze2,5.0,0.001,96,,30.88094479656176,False,,0.0007,0.21150572510989973,2048,1024,LatentFlow,0.16414621182960937,0.02,10445.0,461284,,0.21435710709272193,0.16770427762437157,False,2,-0.0028513819828221987,-0.0035580657947621996,,/work/11617/sujato_ts/vista/motion_code-master/physics_modal_v4/enhancements/results/factorial/runs/scale-single__bank-off__continuation-early/seed44/Weather/h96.json,2eafe0f1030ffd210dda5550a0ebd5255fa9be63638227f1ffa837f678bc12be,,0.4051496165981271,single,44,"{'inducing_points': 32, 'latent_dim': 16, 'patch_lens': [8, 16, 32], 'representation_weight': 0.001}",8,,True,True,96,False,0,123.48896282783244,extension,scale-single__bank-off__continuation-early,0.0001,4
off,16,2,extension,1.0173791693080039,,/work/11617/sujato_ts/vista/motion_code-master/physics_modal_v4/enhancements/results/factorial/checkpoints/scale-single__bank-off__continuation-preserved/seed42/ETTh1/h192.pt,7114eb44ef88e138,preserved,2,False,ETTh1,16,280.67659258656204,latentflow-factorial-2x2x2-all28-three-seed-no-exchange-v2-selector-safe,factorial,10,latentflow_process_preserving_unfreeze2,5.0,0.001,192,,19.512195761934546,False,,0.0007,0.4438542900023975,2048,1024,LatentFlow,0.45681867277086646,0.02,2689.0,504466,,0.44047088451122374,0.45213885762371503,False,2,0.0033834054911737743,0.004679815147151434,,/work/11617/sujato_ts/vista/motion_code-master/physics_modal_v4/enhancements/results/factorial/runs/scale-single__bank-off__continuation-preserved/seed42/ETTh1/h192.json,8dd1e7a01c35a7433800bb6bfae1cb52314c5f9c083d38f4cb3e20c661615db7,,0.6758836236889206,single,42,"{'inducing_points': 32, 'latent_dim': 16, 'patch_lens': [16, 32, 48], 'representation_weight': 0.05}",16,,True,True,96,False,0,71.10515016647696,extension,scale-single__bank-off__continuation-preserved,0.0001,4
off,16,0,reference,1.2875241852131019,,/work/11617/sujato_ts/vista/motion_code-master/physics_modal_v4/enhancements/results/factorial/checkpoints/scale-single__bank-off__continuation-preserved/seed42/ETTh1/h336.pt,0450f7b93a488e76,preserved,2,False,ETTh1,16,279.0413771653548,latentflow-factorial-2x2x2-all28-three-seed-no-exchange-v2-selector-safe,factorial,10,latentflow_process_preserving_unfreeze2,5.0,0.001,336,,3.38489076128536,True,,0.0007,0.4498541131043873,2048,1024,LatentFlow,0.48647252759840043,0.02,2545.0,609644,,0.4498541131043873,0.48647252759840043,False,2,0.0,0.0,,/work/11617/sujato_ts/vista/motion_code-master/physics_modal_v4/enhancements/results/factorial/runs/scale-single__bank-off__continuation-preserved/seed42/ETTh1/h336.json,083e280c82362fe3ce0b11ed89f49dbf219e2dae31907fdc2fbeccf1ed761c7a,,0.6974758258164941,single,42,"{'inducing_points': 32, 'latent_dim': 16, 'patch_lens': [16, 32, 48], 'representation_weight': 0.05}",48,,True,True,96,False,0,70.67588720819913,reference,scale-single__bank-off__continuation-preserved,0.0001,4
off,16,0,reference,1.5583489357479035,,/work/11617/sujato_ts/vista/motion_code-master/physics_modal_v4/enhancements/results/factorial/checkpoints/scale-single__bank-off__continuation-preserved/seed42/ETTh1/h720.pt,88a4f5be43a45f70,preserved,2,False,ETTh1,16,278.7949112681672,latentflow-factorial-2x2x2-all28-three-seed-no-exchange-v2-selector-safe,factorial,10,latentflow_process_preserving_unfreeze2,5.0,0.001,720,,3.5764557073142993,True,,0.0007,0.4762251401136179,2048,1024,LatentFlow,0.4900613150043893,0.02,2161.0,760204,,0.4762251401136179,0.4900613150043893,False,2,0.0,0.0,,/work/11617/sujato_ts/vista/motion_code-master/physics_modal_v4/enhancements/results/factorial/runs/scale-single__bank-off__continuation-preserved/seed42/ETTh1/h720.json,d2593d032a37eeaa0fc1beadecd169e282baf955575fbf204a80f126842e4548,,0.7000437950617013,single,42,"{'inducing_points': 32, 'latent_dim': 16, 'patch_lens': [16, 32, 48], 'representation_weight': 0.05}",48,,True,True,96,False,0,70.72204261057777,reference,scale-single__bank-off__continuation-preserved,0.0001,4
off,16,0,reference,0.7617832480796746,,/work/11617/sujato_ts/vista/motion_code-master/physics_modal_v4/enhancements/results/factorial/checkpoints/scale-single__bank-off__continuation-preserved/seed42/ETTh1/h96.pt,72c3f368e2d36b47,preserved,2,False,ETTh1,16,268.29608039098093,latentflow-factorial-2x2x2-all28-three-seed-no-exchange-v2-selector-safe,factorial,10,latentflow_process_preserving_unfreeze2,5.0,0.001,96,,3.1057700213324817,True,,0.0007,0.4131378974630821,2048,1024,LatentFlow,0.4023684296270023,0.02,2785.0,466618,,0.4131378974630821,0.4023684296270023,False,2,0.0,0.0,,/work/11617/sujato_ts/vista/motion_code-master/physics_modal_v4/enhancements/results/factorial/runs/scale-single__bank-off__continuation-preserved/seed42/ETTh1/h96.json,75b1e69e57bee1233a4dfce5d92973fac542a13f080c76977f820634a2619a43,,0.6343251765671943,single,42,"{'inducing_points': 32, 'latent_dim': 16, 'patch_lens': [16, 32, 48], 'representation_weight': 0.05}",16,,True,True,96,False,0,67.77715386249383,reference,scale-single__bank-off__continuation-preserved,0.0001,4
off,16,1,extension,0.26629058821570306,,/work/11617/sujato_ts/vista/motion_code-master/physics_modal_v4/enhancements/results/factorial/checkpoints/scale-single__bank-off__continuation-preserved/seed42/ETTh2/h192.pt,6c2ac767cedfb072,preserved,2,False,ETTh2,16,282.7533939052373,latentflow-factorial-2x2x2-all28-three-seed-no-exchange-v2-selector-safe,factorial,10,latentflow_process_preserving_unfreeze2,5.0,0.001,192,,17.473958190084396,False,,0.0007,0.39366437208785704,2048,1024,LatentFlow,0.380287030067073,0.02,2689.0,533242,,0.39370562285504157,0.38036157193623255,False,2,-4.12507671845308e-05,-7.454186915956118e-05,,/work/11617/sujato_ts/vista/motion_code-master/physics_modal_v4/enhancements/results/factorial/runs/scale-single__bank-off__continuation-preserved/seed42/ETTh2/h192.json,4cb3319666f6e68873ab090049a241dd42bcf58558e0edc652f76c33c01260ff,,0.6166741684772218,single,42,"{'inducing_points': 32, 'latent_dim': 8, 'patch_lens': [16, 32, 48], 'representation_weight': 0.001}",48,,True,True,96,False,0,71.533376294974,extension,scale-single__bank-off__continuation-preserved,0.0001,4
off,16,1,extension,0.34412747459346743,,/work/11617/sujato_ts/vista/motion_code-master/physics_modal_v4/enhancements/results/factorial/checkpoints/scale-single__bank-off__continuation-preserved/seed42/ETTh2/h336.pt,9d3f99f1064c7032,preserved,2,False,ETTh2,16,271.5310754701495,latentflow-factorial-2x2x2-all28-three-seed-no-exchange-v2-selector-safe,factorial,10,latentflow_process_preserving_unfreeze2,5.0,0.001,336,,19.400927577097015,False,,0.0007,0.42921078323293493,2048,1024,LatentFlow,0.41751717994081916,0.02,2545.0,589636,,0.42926305470558956,0.4175450098609672,False,2,-5.227147265463028e-05,-2.7829920148048082e-05,,/work/11617/sujato_ts/vista/motion_code-master/physics_modal_v4/enhancements/results/factorial/runs/scale-single__bank-off__continuation-preserved/seed42/ETTh2/h336.json,be9e1e3335b11e4d6b167f9fd757f0ae2e121df85a471f330b68cfa8ae46e883,,0.6461556932665835,single,42,"{'inducing_points': 32, 'latent_dim': 8, 'patch_lens': [16, 32, 48], 'representation_weight': 0.001}",48,,True,True,96,False,0,68.77356681070523,extension,scale-single__bank-off__continuation-preserved,0.0001,4
off,16,0,reference,0.5969460184611971,,/work/11617/sujato_ts/vista/motion_code-master/physics_modal_v4/enhancements/results/factorial/checkpoints/scale-single__bank-off__continuation-preserved/seed42/ETTh2/h720.pt,a391a2f826a9a236,preserved,2,False,ETTh2,16,276.58472533291206,latentflow-factorial-2x2x2-all28-three-seed-no-exchange-v2-selector-safe,factorial,10,latentflow_process_preserving_unfreeze2,5.0,0.001,720,,3.5544559220547107,True,,0.0007,0.4472590349264537,2048,1024,LatentFlow,0.43158095658149886,0.02,2161.0,740196,,0.4472590349264537,0.43158095658149886,False,2,0.0,0.0,,/work/11617/sujato_ts/vista/motion_code-master/physics_modal_v4/enhancements/results/factorial/runs/scale-single__bank-off__continuation-preserved/seed42/ETTh2/h720.json,b6bdf1b861383c3dd1b94677e969ffd1a0222a5ff8eabee24907f3ed508830b8,,0.6569482145355895,single,42,"{'inducing_points': 32, 'latent_dim': 8, 'patch_lens': [16, 32, 48], 'representation_weight': 0.001}",48,,True,True,96,False,0,70.2679914462351,reference,scale-single__bank-off__continuation-preserved,0.0001,4
off,16,3,extension,0.21426634729972907,,/work/11617/sujato_ts/vista/motion_code-master/physics_modal_v4/enhancements/results/factorial/checkpoints/scale-single__bank-off__continuation-preserved/seed42/ETTh2/h96.pt,bdf5bffcee41f4f8,preserved,2,False,ETTh2,16,266.87530208192766,latentflow-factorial-2x2x2-all28-three-seed-no-exchange-v2-selector-safe,factorial,10,latentflow_process_preserving_unfreeze2,5.0,0.001,96,,17.553484018870517,False,,0.0007,0.3407808931788858,2048,1024,LatentFlow,0.2926734095222269,0.02,2785.0,495666,,0.34148136949991686,0.2938147519341471,False,2,-0.0007004763210310405,-0.0011413424119201543,,/work/11617/sujato_ts/vista/motion_code-master/physics_modal_v4/enhancements/results/factorial/runs/scale-single__bank-off__continuation-preserved/seed42/ETTh2/h96.json,6ad862a21f27b8d1883cddfe4c24e73126e9bbcc6ddbd6b7d12cee32ec34403a,,0.5409929847255202,single,42,"{'inducing_points': 32, 'latent_dim': 8, 'patch_lens': [16, 32, 48], 'representation_weight': 0.001}",48,,True,True,96,False,0,67.86193053994793,extension,scale-single__bank-off__continuation-preserved,0.0001,4
off,16,0,reference,0.5165438391268253,,/work/11617/sujato_ts/vista/motion_code-master/physics_modal_v4/enhancements/results/factorial/checkpoints/scale-single__bank-off__continuation-preserved/seed42/ETTm1/h192.pt,7d10b0d5b3070bf2,preserved,2,False,ETTm1,16,278.9977629110217,latentflow-factorial-2x2x2-all28-three-seed-no-exchange-v2-selector-safe,factorial,10,latentflow_process_preserving_unfreeze2,5.0,0.001,192,,3.2240125209704313,True,,0.0007,0.39330532496405485,2048,1024,LatentFlow,0.37857550806745643,0.02,11329.0,496562,,0.39330532496405485,0.37857550806745643,False,2,0.0,0.0,,/work/11617/sujato_ts/vista/motion_code-master/physics_modal_v4/enhancements/results/factorial/runs/scale-single__bank-off__continuation-preserved/seed42/ETTm1/h192.json,4f1ac7c02c733a73213f22255dea95661416787d73a41a022d0d62991fe93c92,,0.6152848999182869,single,42,"{'inducing_points': 32, 'latent_dim': 8, 'patch_lens': [8, 24, 48], 'representation_weight': 0.01}",8,,True,True,96,False,0,69.73188615666004,reference,scale-single__bank-off__continuation-preserved,0.0001,4
off,16,2,extension,0.6572297568223915,,/work/11617/sujato_ts/vista/motion_code-master/physics_modal_v4/enhancements/results/factorial/checkpoints/scale-single__bank-off__continuation-preserved/seed42/ETTm1/h336.pt,7ab4cd5d5cfb4e10,preserved,2,False,ETTm1,16,289.0393014650326,latentflow-factorial-2x2x2-all28-three-seed-no-exchange-v2-selector-safe,factorial,10,latentflow_process_preserving_unfreeze2,5.0,0.001,336,,17.870228550460904,False,,0.0007,0.42344127065944237,2048,1024,LatentFlow,0.4314225776147116,0.02,11185.0,563890,,0.4219810957725038,0.42241557901535276,False,2,0.001460174886938559,0.009006998599358829,,/work/11617/sujato_ts/vista/motion_code-master/physics_modal_v4/enhancements/results/factorial/runs/scale-single__bank-off__continuation-preserved/seed42/ETTm1/h336.json,281889e140a4b8eb7afbc9ba031a15fdc82118a0f56307492012cdea622fafed,,0.6568276620352644,single,42,"{'inducing_points': 32, 'latent_dim': 8, 'patch_lens': [8, 24, 48], 'representation_weight': 0.01}",24,,True,True,96,False,0,72.81693413206085,extension,scale-single__bank-off__continuation-preserved,0.0001,4
off,16,2,extension,0.9754811483716208,,/work/11617/sujato_ts/vista/motion_code-master/physics_modal_v4/enhancements/results/factorial/checkpoints/scale-single__bank-off__continuation-preserved/seed42/ETTm1/h720.pt,61a05d325392ec48,preserved,2,False,ETTm1,16,267.22428278205916,latentflow-factorial-2x2x2-all28-three-seed-no-exchange-v2-selector-safe,factorial,10,latentflow_process_preserving_unfreeze2,5.0,0.001,720,,18.193044963994723,False,,0.0007,0.4684020912900237,2048,1024,LatentFlow,0.5001889213725158,0.02,10801.0,719906,,0.4731010950782116,0.504643534538076,False,2,-0.004699003788187883,-0.004454613165560173,,/work/11617/sujato_ts/vista/motion_code-master/physics_modal_v4/enhancements/results/factorial/runs/scale-single__bank-off__continuation-preserved/seed42/ETTm1/h720.json,eb4c250e2375f48bb42d277144440808495ba719719accb9b1ff8bed364d9772,,0.7072403561537731,single,42,"{'inducing_points': 32, 'latent_dim': 8, 'patch_lens': [8, 24, 48], 'representation_weight': 0.01}",8,,True,True,96,False,0,66.87408061407041,extension,scale-single__bank-off__continuation-preserved,0.0001,4
off,16,3,extension,0.39865072656955036,,/work/11617/sujato_ts/vista/motion_code-master/physics_modal_v4/enhancements/results/factorial/checkpoints/scale-single__bank-off__continuation-preserved/seed42/ETTm1/h96.pt,804f56c32c29f535,preserved,2,False,ETTm1,16,273.8255838509649,latentflow-factorial-2x2x2-all28-three-seed-no-exchange-v2-selector-safe,factorial,10,latentflow_process_preserving_unfreeze2,5.0,0.001,96,,17.506720226187504,False,,0.0007,0.3739633788657062,2048,1024,LatentFlow,0.33800945117422176,0.02,11425.0,457826,,0.37258197206674276,0.3340088499895394,False,2,0.0013814067989634249,0.004000601184682373,,/work/11617/sujato_ts/vista/motion_code-master/physics_modal_v4/enhancements/results/factorial/runs/scale-single__bank-off__continuation-preserved/seed42/ETTm1/h96.json,4217f770c825c838f231775796bba90a7f9fe15935bccf683f91d03b60be2507,,0.5813858023500589,single,42,"{'inducing_points': 32, 'latent_dim': 8, 'patch_lens': [8, 24, 48], 'representation_weight': 0.01}",8,,True,True,96,False,0,68.47703811508836,extension,scale-single__bank-off__continuation-preserved,0.0001,4
off,16,2,extension,0.17535067615764482,,/work/11617/sujato_ts/vista/motion_code-master/physics_modal_v4/enhancements/results/factorial/checkpoints/scale-single__bank-off__continuation-preserved/seed42/ETTm2/h192.pt,c45962178470fa31,preserved,2,False,ETTm2,16,292.07400063052773,latentflow-factorial-2x2x2-all28-three-seed-no-exchange-v2-selector-safe,factorial,10,latentflow_process_preserving_unfreeze2,5.0,0.001,192,,18.917980119111768,False,,0.0007,0.3090197190102014,2048,1024,LatentFlow,0.24805827495546298,0.02,11329.0,500778,,0.31026652375697195,0.2502632664792557,False,2,-0.0012468047467705246,-0.002204991523792693,,/work/11617/sujato_ts/vista/motion_code-master/physics_modal_v4/enhancements/results/factorial/runs/scale-single__bank-off__continuation-preserved/seed42/ETTm2/h192.json,9bdb0c18460ea3bb970c73618b6ebd5ce1d06ad4de57ba00fa2c09bf58b6c37d,,0.49805448994609314,single,42,"{'inducing_points': 16, 'latent_dim': 8, 'patch_lens': [8, 16, 32], 'representation_weight': 0.001}",16,,True,True,96,False,0,73.55350839352468,extension,scale-single__bank-off__continuation-preserved,0.0001,4
off,16,1,extension,0.21744883648392294,,/work/11617/sujato_ts/vista/motion_code-master/physics_modal_v4/enhancements/results/factorial/checkpoints/scale-single__bank-off__continuation-preserved/seed42/ETTm2/h336.pt,ca2f86793995f079,preserved,2,False,ETTm2,16,297.40413052402437,latentflow-factorial-2x2x2-all28-three-seed-no-exchange-v2-selector-safe,factorial,10,latentflow_process_preserving_unfreeze2,5.0,0.001,336,,19.378189085569115,False,,0.0007,0.349863371373831,2048,1024,LatentFlow,0.31290679320340603,0.02,11185.0,571310,,0.3507419669484841,0.3140429998170707,False,2,-0.0008785955746530849,-0.0011362066136646476,,/work/11617/sujato_ts/vista/motion_code-master/physics_modal_v4/enhancements/results/factorial/runs/scale-single__bank-off__continuation-preserved/seed42/ETTm2/h336.json,ee8a6fafcf202b74ee22b276a760c7aa4232c7bf1de0633233f1b46783917f43,,0.559380722945836,single,42,"{'inducing_points': 16, 'latent_dim': 8, 'patch_lens': [8, 16, 32], 'representation_weight': 0.001}",32,,True,True,96,False,0,74.79962300421903,extension,scale-single__bank-off__continuation-preserved,0.0001,4
off,16,0,reference,0.298200618936902,,/work/11617/sujato_ts/vista/motion_code-master/physics_modal_v4/enhancements/results/factorial/checkpoints/scale-single__bank-off__continuation-preserved/seed42/ETTm2/h720.pt,1e4693e4013b5099,preserved,2,False,ETTm2,16,278.8404106909875,latentflow-factorial-2x2x2-all28-three-seed-no-exchange-v2-selector-safe,factorial,10,latentflow_process_preserving_unfreeze2,5.0,0.001,720,,3.298914643109552,True,,0.0007,0.40242607613875764,2048,1024,LatentFlow,0.40937845570156023,0.02,10801.0,722390,,0.40242607613875764,0.40937845570156023,False,2,0.0,0.0,,/work/11617/sujato_ts/vista/motion_code-master/physics_modal_v4/enhancements/results/factorial/runs/scale-single__bank-off__continuation-preserved/seed42/ETTm2/h720.json,05d6887c58e13f45894d639ad035119a5f49f6d62db9e9e447fa1e16c90ab83a,,0.6398268951064501,single,42,"{'inducing_points': 16, 'latent_dim': 8, 'patch_lens': [8, 16, 32], 'representation_weight': 0.001}",32,,True,True,96,False,0,69.9699029655676,reference,scale-single__bank-off__continuation-preserved,0.0001,4
off,16,2,extension,0.12981985367479779,,/work/11617/sujato_ts/vista/motion_code-master/physics_modal_v4/enhancements/results/factorial/checkpoints/scale-single__bank-off__continuation-preserved/seed42/ETTm2/h96.pt,b7e2d088575319e9,preserved,2,False,ETTm2,16,275.72943598078564,latentflow-factorial-2x2x2-all28-three-seed-no-exchange-v2-selector-safe,factorial,10,latentflow_process_preserving_unfreeze2,5.0,0.001,96,,16.99147303425413,False,,0.0007,0.26479681948913913,2048,1024,LatentFlow,0.1813366257638823,0.02,11425.0,462930,,0.2688311036676246,0.1858582130307715,False,2,-0.004034284178485448,-0.004521587266889199,,/work/11617/sujato_ts/vista/motion_code-master/physics_modal_v4/enhancements/results/factorial/runs/scale-single__bank-off__continuation-preserved/seed42/ETTm2/h96.json,957733770ed8661ebe7b436d50596a4d2fb8a19187beb328cfd5fbfb3aa5cc58,,0.42583638379532845,single,42,"{'inducing_points': 16, 'latent_dim': 8, 'patch_lens': [8, 16, 32], 'representation_weight': 0.001}",16,,True,True,96,False,0,68.95795341406483,extension,scale-single__bank-off__continuation-preserved,0.0001,4
off,16,10,extension,0.15216818427123507,,/work/11617/sujato_ts/vista/motion_code-master/physics_modal_v4/enhancements/results/factorial/checkpoints/scale-single__bank-off__continuation-preserved/seed42/Electricity/h192.pt,a272bf8153bc5ab2,preserved,2,False,Electricity,16,1310.618155299686,latentflow-factorial-2x2x2-all28-three-seed-no-exchange-v2-selector-safe,factorial,10,latentflow_process_preserving_unfreeze2,5.0,0.001,192,,24.543689355315966,False,,0.0007,0.26985118599941865,2048,1024,LatentFlow,0.1766712074414293,0.02,5071.0,499851,,0.2775695461182733,0.18797601075228534,False,2,-0.007718360118854628,-0.011304803310856038,,/work/11617/sujato_ts/vista/motion_code-master/physics_modal_v4/enhancements/results/factorial/runs/scale-single__bank-off__continuation-preserved/seed42/Electricity/h192.json,12add5e547ece6a4e3a68202cdd67bf2cc919177754d8f568e3335a49c4dee0c,,0.420322741998847,single,42,"{'inducing_points': 32, 'latent_dim': 16, 'patch_lens': [8, 16, 32], 'representation_weight': 0.001}",8,,True,True,96,False,0,331.23927567503415,extension,scale-single__bank-off__continuation-preserved,0.0001,4
off,16,10,extension,0.1646015679088231,,/work/11617/sujato_ts/vista/motion_code-master/physics_modal_v4/enhancements/results/factorial/checkpoints/scale-single__bank-off__continuation-preserved/seed42/Electricity/h336.pt,ce27f95286982c19,preserved,2,False,Electricity,16,1334.8624379485846,latentflow-factorial-2x2x2-all28-three-seed-no-exchange-v2-selector-safe,factorial,10,latentflow_process_preserving_unfreeze2,5.0,0.001,336,,23.080632875567467,False,,0.0007,0.2826910787220227,2048,1024,LatentFlow,0.1896503136413861,0.02,4927.0,559035,,0.29279136481841794,0.20183295895074815,False,2,-0.010100286096395239,-0.012182645309362056,,/work/11617/sujato_ts/vista/motion_code-master/physics_modal_v4/enhancements/results/factorial/runs/scale-single__bank-off__continuation-preserved/seed42/Electricity/h336.json,2305878264472d4a014cdfbb45e38d978381a35d99840d3dc9d5d429a94f7df2,,0.4354885918613553,single,42,"{'inducing_points': 32, 'latent_dim': 16, 'patch_lens': [8, 16, 32], 'representation_weight': 0.001}",8,,True,True,96,False,0,336.72313383285655,extension,scale-single__bank-off__continuation-preserved,0.0001,4
off,16,10,extension,0.19667654552439912,,/work/11617/sujato_ts/vista/motion_code-master/physics_modal_v4/enhancements/results/factorial/checkpoints/scale-single__bank-off__continuation-preserved/seed42/Electricity/h720.pt,7c59b62510887481,preserved,2,False,Electricity,16,1391.0640514693223,latentflow-factorial-2x2x2-all28-three-seed-no-exchange-v2-selector-safe,factorial,10,latentflow_process_preserving_unfreeze2,5.0,0.001,720,,26.674433147314627,False,,0.0007,0.30768086351196106,2048,1024,LatentFlow,0.21729957924345064,0.02,4543.0,723195,,0.3208648679475866,0.23779843342467713,False,2,-0.013184004435625563,-0.02049885418122649,,/work/11617/sujato_ts/vista/motion_code-master/physics_modal_v4/enhancements/results/factorial/runs/scale-single__bank-off__continuation-preserved/seed42/Electricity/h720.json,91384ef6d17ce71597870bfe0300d4d8e81aa5d90658418a0bd3b0156d511cba,,0.4661540295261328,single,42,"{'inducing_points': 32, 'latent_dim': 16, 'patch_lens': [8, 16, 32], 'representation_weight': 0.001}",8,,True,True,96,False,0,357.47676430328283,extension,scale-single__bank-off__continuation-preserved,0.0001,4
off,16,10,extension,0.1444744291954199,,/work/11617/sujato_ts/vista/motion_code-master/physics_modal_v4/enhancements/results/factorial/checkpoints/scale-single__bank-off__continuation-preserved/seed42/Electricity/h96.pt,29472a2379fcfe90,preserved,2,False,Electricity,16,1195.8697638716549,latentflow-factorial-2x2x2-all28-three-seed-no-exchange-v2-selector-safe,factorial,10,latentflow_process_preserving_unfreeze2,5.0,0.001,96,,23.792552106197952,False,,0.0007,0.26164910558413923,2048,1024,LatentFlow,0.16561856642759307,0.02,5167.0,461115,,0.26675428925182726,0.17434569706444236,False,2,-0.005105183667688029,-0.008727130636849295,,/work/11617/sujato_ts/vista/motion_code-master/physics_modal_v4/enhancements/results/factorial/runs/scale-single__bank-off__continuation-preserved/seed42/Electricity/h96.json,bc94dadab7a5f12cf960c0be274924afe71609f121af7dd7af61b3a1d90326c6,,0.40696261060150607,single,42,"{'inducing_points': 32, 'latent_dim': 16, 'patch_lens': [8, 16, 32], 'representation_weight': 0.001}",8,,True,True,96,False,0,301.6340087662684,extension,scale-single__bank-off__continuation-preserved,0.0001,4
off,16,9,extension,0.3940049999920048,,/work/11617/sujato_ts/vista/motion_code-master/physics_modal_v4/enhancements/results/factorial/checkpoints/scale-single__bank-off__continuation-preserved/seed42/Traffic/h192.pt,49da2177fd87fdca,preserved,2,False,Traffic,16,2231.1991481687874,latentflow-factorial-2x2x2-all28-three-seed-no-exchange-v2-selector-safe,factorial,10,latentflow_process_preserving_unfreeze2,5.0,0.001,192,,56.0580893939334,False,,0.0007,0.3049675294306229,2048,1024,LatentFlow,0.45653362650900287,0.02,3319.0,501474,,0.31523276291991725,0.47193113223264294,False,2,-0.010265233489294368,-0.01539750572364007,,/work/11617/sujato_ts/vista/motion_code-master/physics_modal_v4/enhancements/results/factorial/runs/scale-single__bank-off__continuation-preserved/seed42/Traffic/h192.json,3068c1c2d2551c2a808a053d2a7fa31cded1705d3f02b54a8ceaa0a60ec7252e,,0.6756727214480417,single,42,"{'inducing_points': 32, 'latent_dim': 16, 'patch_lens': [8, 16, 32], 'representation_weight': 0.001}",8,,True,True,96,False,0,618.610062393418,extension,scale-single__bank-off__continuation-preserved,0.0001,4
off,16,9,extension,0.40176282072841707,,/work/11617/sujato_ts/vista/motion_code-master/physics_modal_v4/enhancements/results/factorial/checkpoints/scale-single__bank-off__continuation-preserved/seed42/Traffic/h336.pt,410f3ea0e6a8de0f,preserved,2,False,Traffic,16,2308.6695819569286,latentflow-factorial-2x2x2-all28-three-seed-no-exchange-v2-selector-safe,factorial,10,latentflow_process_preserving_unfreeze2,5.0,0.001,336,,58.01737224159884,False,,0.0007,0.30293774500272735,2048,1024,LatentFlow,0.46501857573732447,0.02,3175.0,560658,,0.31536757830952683,0.4772063949721808,False,2,-0.012429833306799476,-0.012187819234856345,,/work/11617/sujato_ts/vista/motion_code-master/physics_modal_v4/enhancements/results/factorial/runs/scale-single__bank-off__continuation-preserved/seed42/Traffic/h336.json,c8024edb01e9fd27fba27392a8e71719252261a5b382dbf856d3fc3a5e0a8f91,,0.6819227051047094,single,42,"{'inducing_points': 32, 'latent_dim': 16, 'patch_lens': [8, 16, 32], 'representation_weight': 0.001}",8,,True,True,96,False,0,643.5073595905124,extension,scale-single__bank-off__continuation-preserved,0.0001,4
off,16,10,extension,0.44803565168663473,,/work/11617/sujato_ts/vista/motion_code-master/physics_modal_v4/enhancements/results/factorial/checkpoints/scale-single__bank-off__continuation-preserved/seed42/Traffic/h720.pt,3a564e34480d0960,preserved,2,False,Traffic,16,2465.61147067789,latentflow-factorial-2x2x2-all28-three-seed-no-exchange-v2-selector-safe,factorial,10,latentflow_process_preserving_unfreeze2,5.0,0.001,720,,63.48439360950035,False,,0.0007,0.3192969465272796,2048,1024,LatentFlow,0.4953490038446577,0.02,2791.0,724818,,0.3311095963593227,0.5116272160813831,False,2,-0.01181264983204311,-0.016278212236725376,,/work/11617/sujato_ts/vista/motion_code-master/physics_modal_v4/enhancements/results/factorial/runs/scale-single__bank-off__continuation-preserved/seed42/Traffic/h720.json,f2575a09d67a0121e0985f8de8361987d76cce9b1d6499f6521a045cb8b50d40,,0.7038103465029891,single,42,"{'inducing_points': 32, 'latent_dim': 16, 'patch_lens': [8, 16, 32], 'representation_weight': 0.001}",8,,True,True,96,False,0,702.51897455164,extension,scale-single__bank-off__continuation-preserved,0.0001,4
off,16,10,extension,0.39523474061940866,,/work/11617/sujato_ts/vista/motion_code-master/physics_modal_v4/enhancements/results/factorial/checkpoints/scale-single__bank-off__continuation-preserved/seed42/Traffic/h96.pt,76b351377d38228c,preserved,2,False,Traffic,16,2138.2817856613547,latentflow-factorial-2x2x2-all28-three-seed-no-exchange-v2-selector-safe,factorial,10,latentflow_process_preserving_unfreeze2,5.0,0.001,96,,54.89241475749875,False,,0.0007,0.29745270977026805,2048,1024,LatentFlow,0.4394065020137212,0.02,3415.0,462738,,0.31221001909540574,0.456508027617792,False,2,-0.01475730932513769,-0.0171015256040708,,/work/11617/sujato_ts/vista/motion_code-master/physics_modal_v4/enhancements/results/factorial/runs/scale-single__bank-off__continuation-preserved/seed42/Traffic/h96.json,8e5d1564e28da530c80f2683f96b537aeeb4cc9e9527be0593f521f941f68ee4,,0.6628774411712328,single,42,"{'inducing_points': 32, 'latent_dim': 16, 'patch_lens': [8, 16, 32], 'representation_weight': 0.001}",8,,True,True,96,False,0,590.0188499625074,extension,scale-single__bank-off__continuation-preserved,0.0001,4
off,16,5,extension,0.4750809229555584,,/work/11617/sujato_ts/vista/motion_code-master/physics_modal_v4/enhancements/results/factorial/checkpoints/scale-single__bank-off__continuation-preserved/seed42/Weather/h192.pt,2177c4fcc553157a,preserved,2,False,Weather,16,474.0882980199531,latentflow-factorial-2x2x2-all28-three-seed-no-exchange-v2-selector-safe,factorial,10,latentflow_process_preserving_unfreeze2,5.0,0.001,192,,32.33797170164049,False,,0.0007,0.25445329239178555,2048,1024,LatentFlow,0.21193496364305894,0.02,10349.0,500020,,0.2571251198440763,0.2152812824662018,False,2,-0.002671827452290776,-0.0033463188231428465,,/work/11617/sujato_ts/vista/motion_code-master/physics_modal_v4/enhancements/results/factorial/runs/scale-single__bank-off__continuation-preserved/seed42/Weather/h192.json,28bfb8ba847222dadaab2844c7e3446da98947e52eb988cc41224ba653d356ae,,0.4603639469409599,single,42,"{'inducing_points': 32, 'latent_dim': 16, 'patch_lens': [8, 16, 32], 'representation_weight': 0.001}",8,,True,True,96,False,0,120.5407309178554,extension,scale-single__bank-off__continuation-preserved,0.0001,4
off,16,3,extension,0.5604970584921285,,/work/11617/sujato_ts/vista/motion_code-master/physics_modal_v4/enhancements/results/factorial/checkpoints/scale-single__bank-off__continuation-preserved/seed42/Weather/h336.pt,2651ff94ec7fdd48,preserved,2,False,Weather,16,488.3354980163276,latentflow-factorial-2x2x2-all28-three-seed-no-exchange-v2-selector-safe,factorial,10,latentflow_process_preserving_unfreeze2,5.0,0.001,336,,33.59723954868603,False,,0.0007,0.29789468275112185,2048,1024,LatentFlow,0.27071929668094197,0.02,10205.0,559204,,0.29984529548536376,0.27236244482489846,False,2,-0.0019506127342419077,-0.0016431481439564966,,/work/11617/sujato_ts/vista/motion_code-master/physics_modal_v4/enhancements/results/factorial/runs/scale-single__bank-off__continuation-preserved/seed42/Weather/h336.json,e843a827cb65c6f698cd2ccda3db22de2d41f89d8d726b64f45d28211a3034a4,,0.5203069254593311,single,42,"{'inducing_points': 32, 'latent_dim': 16, 'patch_lens': [8, 16, 32], 'representation_weight': 0.001}",8,,True,True,96,False,0,124.22877990247798,extension,scale-single__bank-off__continuation-preserved,0.0001,4
off,16,8,extension,0.6813252792156562,,/work/11617/sujato_ts/vista/motion_code-master/physics_modal_v4/enhancements/results/factorial/checkpoints/scale-single__bank-off__continuation-preserved/seed42/Weather/h720.pt,31123364146c602b,preserved,2,False,Weather,16,473.20647792425007,latentflow-factorial-2x2x2-all28-three-seed-no-exchange-v2-selector-safe,factorial,10,latentflow_process_preserving_unfreeze2,5.0,0.001,720,,34.10214187540844,False,,0.0007,0.35045250377865816,2048,1024,LatentFlow,0.35267765424839753,0.02,9821.0,723364,,0.34872483608628174,0.35034501921152855,False,2,0.0017276676923764223,0.0023326350368689797,,/work/11617/sujato_ts/vista/motion_code-master/physics_modal_v4/enhancements/results/factorial/runs/scale-single__bank-off__continuation-preserved/seed42/Weather/h720.json,b607fcfba2bf584dd5389e404e7ae4446e8a9c2e4fcddffb2039305d3dcdd08e,,0.5938666973727332,single,42,"{'inducing_points': 32, 'latent_dim': 16, 'patch_lens': [8, 16, 32], 'representation_weight': 0.001}",8,,True,True,96,False,0,119.98111648645136,extension,scale-single__bank-off__continuation-preserved,0.0001,4
off,16,8,extension,0.43867428683572346,,/work/11617/sujato_ts/vista/motion_code-master/physics_modal_v4/enhancements/results/factorial/checkpoints/scale-single__bank-off__continuation-preserved/seed42/Weather/h96.pt,735c3bdbcdb8875f,preserved,2,False,Weather,16,465.15371198399225,latentflow-factorial-2x2x2-all28-three-seed-no-exchange-v2-selector-safe,factorial,10,latentflow_process_preserving_unfreeze2,5.0,0.001,96,,33.11414770730492,False,,0.0007,0.21307331336712432,2048,1024,LatentFlow,0.16697604462940416,0.02,10445.0,461284,,0.21745539902345457,0.17103150750410892,False,2,-0.004382085656330248,-0.004055462874704763,,/work/11617/sujato_ts/vista/motion_code-master/physics_modal_v4/enhancements/results/factorial/runs/scale-single__bank-off__continuation-preserved/seed42/Weather/h96.json,649934b0e1fc6808093fc3965f9aa7604b5491fb5c2ad5ae8d1b1327e5ad0acf,,0.40862702386088484,single,42,"{'inducing_points': 32, 'latent_dim': 16, 'patch_lens': [8, 16, 32], 'representation_weight': 0.001}",8,,True,True,96,False,0,118.32971202029512,extension,scale-single__bank-off__continuation-preserved,0.0001,4
off,16,2,extension,1.027870744111992,,/work/11617/sujato_ts/vista/motion_code-master/physics_modal_v4/enhancements/results/factorial/checkpoints/scale-single__bank-off__continuation-preserved/seed43/ETTh1/h192.pt,a50cd1471de09d0c,preserved,2,False,ETTh1,16,280.32640872104093,latentflow-factorial-2x2x2-all28-three-seed-no-exchange-v2-selector-safe,factorial,10,latentflow_process_preserving_unfreeze2,5.0,0.001,192,,17.972989470703517,False,,0.0007,0.4290705901765083,2048,1024,LatentFlow,0.4454487018645666,0.02,2689.0,553250,,0.4290766497888987,0.4454573289616234,False,2,-6.059612390418856e-06,-8.627097056790323e-06,,/work/11617/sujato_ts/vista/motion_code-master/physics_modal_v4/enhancements/results/factorial/runs/scale-single__bank-off__continuation-preserved/seed43/ETTh1/h192.json,63824684554ffb9404d49728d57f0b4668bb03fcbcc4ff71a84e445b05d9c9a7,,0.6674194347369325,single,43,"{'inducing_points': 32, 'latent_dim': 16, 'patch_lens': [16, 32, 48], 'representation_weight': 0.05}",48,,True,True,96,False,0,71.107992990801,extension,scale-single__bank-off__continuation-preserved,0.0001,4
off,16,0,reference,1.288971098101869,,/work/11617/sujato_ts/vista/motion_code-master/physics_modal_v4/enhancements/results/factorial/checkpoints/scale-single__bank-off__continuation-preserved/seed43/ETTh1/h336.pt,46dbd61e14572ef9,preserved,2,False,ETTh1,16,258.2180884424597,latentflow-factorial-2x2x2-all28-three-seed-no-exchange-v2-selector-safe,factorial,10,latentflow_process_preserving_unfreeze2,5.0,0.001,336,,3.393152545948949,True,,0.0007,0.45185546479372307,2048,1024,LatentFlow,0.4868497695332469,0.02,2545.0,609644,,0.45185546479372307,0.4868497695332469,False,2,0.0,0.0,,/work/11617/sujato_ts/vista/motion_code-master/physics_modal_v4/enhancements/results/factorial/runs/scale-single__bank-off__continuation-preserved/seed43/ETTh1/h336.json,48278dfccde1ab56e6780b861a958ae8078d3f124cc963096d9dbc0353ef9d7e,,0.6977462071077469,single,43,"{'inducing_points': 32, 'latent_dim': 16, 'patch_lens': [16, 32, 48], 'representation_weight': 0.05}",48,,True,True,96,False,0,65.29330257617403,reference,scale-single__bank-off__continuation-preserved,0.0001,4
off,16,1,extension,1.5585028322916181,,/work/11617/sujato_ts/vista/motion_code-master/physics_modal_v4/enhancements/results/factorial/checkpoints/scale-single__bank-off__continuation-preserved/seed43/ETTh1/h720.pt,f31bacbdb915c2a1,preserved,2,False,ETTh1,16,275.90176873654127,latentflow-factorial-2x2x2-all28-three-seed-no-exchange-v2-selector-safe,factorial,10,latentflow_process_preserving_unfreeze2,5.0,0.001,720,,18.952063020707957,False,,0.0007,0.4802286028440827,2048,1024,LatentFlow,0.4943888264088085,0.02,2161.0,760204,,0.4824536759290008,0.49803450549884243,False,2,-0.0022250730849180944,-0.0036456790900339375,,/work/11617/sujato_ts/vista/motion_code-master/physics_modal_v4/enhancements/results/factorial/runs/scale-single__bank-off__continuation-preserved/seed43/ETTh1/h720.json,0e952cff60cc7b833b0cc24dd6b971f3839daf24354e51afd232cee2eb80637e,,0.7031278876625564,single,43,"{'inducing_points': 32, 'latent_dim': 16, 'patch_lens': [16, 32, 48], 'representation_weight': 0.05}",48,,True,True,96,False,0,69.87684699706733,extension,scale-single__bank-off__continuation-preserved,0.0001,4
off,16,0,reference,0.7648884616792202,,/work/11617/sujato_ts/vista/motion_code-master/physics_modal_v4/enhancements/results/factorial/checkpoints/scale-single__bank-off__continuation-preserved/seed43/ETTh1/h96.pt,4a086df15623160a,preserved,2,False,ETTh1,16,277.76921402895823,latentflow-factorial-2x2x2-all28-three-seed-no-exchange-v2-selector-safe,factorial,10,latentflow_process_preserving_unfreeze2,5.0,0.001,96,,3.357618471144596,True,,0.0007,0.409808964960451,2048,1024,LatentFlow,0.4034044929902921,0.02,2785.0,515674,,0.409808964960451,0.4034044929902921,False,2,0.0,0.0,,/work/11617/sujato_ts/vista/motion_code-master/physics_modal_v4/enhancements/results/factorial/runs/scale-single__bank-off__continuation-preserved/seed43/ETTh1/h96.json,25050a555210b8e95006e7f549329a79e493bb9938a15108603c19833f077efc,,0.635141317338348,single,43,"{'inducing_points': 32, 'latent_dim': 16, 'patch_lens': [16, 32, 48], 'representation_weight': 0.05}",48,,True,True,96,False,0,70.27949184630415,reference,scale-single__bank-off__continuation-preserved,0.0001,4
off,16,1,extension,0.26544688180798576,,/work/11617/sujato_ts/vista/motion_code-master/physics_modal_v4/enhancements/results/factorial/checkpoints/scale-single__bank-off__continuation-preserved/seed43/ETTh2/h192.pt,7c408f06b5b7c236,preserved,2,False,ETTh2,16,271.5797555070021,latentflow-factorial-2x2x2-all28-three-seed-no-exchange-v2-selector-safe,factorial,10,latentflow_process_preserving_unfreeze2,5.0,0.001,192,,19.7618600583362,False,,0.0007,0.3948523279361076,2048,1024,LatentFlow,0.3810589107087906,0.02,2689.0,533242,,0.39494008075061743,0.38113387485694583,False,2,-8.775281450984496e-05,-7.496414815522101e-05,,/work/11617/sujato_ts/vista/motion_code-master/physics_modal_v4/enhancements/results/factorial/runs/scale-single__bank-off__continuation-preserved/seed43/ETTh2/h192.json,c8c305ab03c9fb3637c7e57faa61b849bc36525425d77e3696a28d6d9f2af172,,0.6172996927820316,single,43,"{'inducing_points': 32, 'latent_dim': 8, 'patch_lens': [16, 32, 48], 'representation_weight': 0.001}",48,,True,True,96,False,0,68.73889646640237,extension,scale-single__bank-off__continuation-preserved,0.0001,4
off,16,0,reference,0.34776320658168014,,/work/11617/sujato_ts/vista/motion_code-master/physics_modal_v4/enhancements/results/factorial/checkpoints/scale-single__bank-off__continuation-preserved/seed43/ETTh2/h336.pt,41fb1322efc09555,preserved,2,False,ETTh2,16,273.52567728003487,latentflow-factorial-2x2x2-all28-three-seed-no-exchange-v2-selector-safe,factorial,10,latentflow_process_preserving_unfreeze2,5.0,0.001,336,,3.4143660907173836,True,,0.0007,0.4336742712475922,2048,1024,LatentFlow,0.4214543354788003,0.02,2545.0,589636,,0.4336742712475922,0.4214543354788003,False,2,0.0,0.0,,/work/11617/sujato_ts/vista/motion_code-master/physics_modal_v4/enhancements/results/factorial/runs/scale-single__bank-off__continuation-preserved/seed43/ETTh2/h336.json,d30d0b736393ed2b9147672ec65a30c9a1d0e138d69f0736f95266c458e335c1,,0.6491951443740166,single,43,"{'inducing_points': 32, 'latent_dim': 8, 'patch_lens': [16, 32, 48], 'representation_weight': 0.001}",48,,True,True,96,False,0,69.11021442174388,reference,scale-single__bank-off__continuation-preserved,0.0001,4
off,16,0,reference,0.6131000149817694,,/work/11617/sujato_ts/vista/motion_code-master/physics_modal_v4/enhancements/results/factorial/checkpoints/scale-single__bank-off__continuation-preserved/seed43/ETTh2/h720.pt,c55dbcf6eaa95b68,preserved,2,False,ETTh2,16,274.8471171138808,latentflow-factorial-2x2x2-all28-three-seed-no-exchange-v2-selector-safe,factorial,10,latentflow_process_preserving_unfreeze2,5.0,0.001,720,,3.157988176750603,True,,0.0007,0.44263234655208583,2048,1024,LatentFlow,0.4264545033742525,0.02,2161.0,740196,,0.44263234655208583,0.4264545033742525,False,2,0.0,0.0,,/work/11617/sujato_ts/vista/motion_code-master/physics_modal_v4/enhancements/results/factorial/runs/scale-single__bank-off__continuation-preserved/seed43/ETTh2/h720.json,afe3ff36ec41ea7bd1a7e97b25f552ee8da6886447983c51c8246baca3618723,,0.6530348408578615,single,43,"{'inducing_points': 32, 'latent_dim': 8, 'patch_lens': [16, 32, 48], 'representation_weight': 0.001}",48,,True,True,96,False,0,69.4412817581906,reference,scale-single__bank-off__continuation-preserved,0.0001,4
off,16,0,reference,0.2154084159327405,,/work/11617/sujato_ts/vista/motion_code-master/physics_modal_v4/enhancements/results/factorial/checkpoints/scale-single__bank-off__continuation-preserved/seed43/ETTh2/h96.pt,095876d49c6127d3,preserved,2,False,ETTh2,16,286.0168384630233,latentflow-factorial-2x2x2-all28-three-seed-no-exchange-v2-selector-safe,factorial,10,latentflow_process_preserving_unfreeze2,5.0,0.001,96,,3.5378055463981077,True,,0.0007,0.3427177510160029,2048,1024,LatentFlow,0.2947077849731289,0.02,2785.0,495666,,0.3427177510160029,0.2947077849731289,False,2,0.0,0.0,,/work/11617/sujato_ts/vista/motion_code-master/physics_modal_v4/enhancements/results/factorial/runs/scale-single__bank-off__continuation-preserved/seed43/ETTh2/h96.json,32e46c5684fd67ec927bdfcb81375e30b76664546c5a497be08b36eb62621a56,,0.5428699521737493,single,43,"{'inducing_points': 32, 'latent_dim': 8, 'patch_lens': [16, 32, 48], 'representation_weight': 0.001}",48,,True,True,96,False,0,72.3937052819565,reference,scale-single__bank-off__continuation-preserved,0.0001,4
off,16,3,extension,0.5180736746461618,,/work/11617/sujato_ts/vista/motion_code-master/physics_modal_v4/enhancements/results/factorial/checkpoints/scale-single__bank-off__continuation-preserved/seed43/ETTm1/h192.pt,dea59ffd1aa5e392,preserved,2,False,ETTm1,16,253.38418250344694,latentflow-factorial-2x2x2-all28-three-seed-no-exchange-v2-selector-safe,factorial,10,latentflow_process_preserving_unfreeze2,5.0,0.001,192,,18.718337499216474,False,,0.0007,0.4050799589565698,2048,1024,LatentFlow,0.3951246477425978,0.02,11329.0,507250,,0.4046011615847439,0.3951455574495347,False,2,0.00047879737182587867,-2.09097069369113e-05,,/work/11617/sujato_ts/vista/motion_code-master/physics_modal_v4/enhancements/results/factorial/runs/scale-single__bank-off__continuation-preserved/seed43/ETTm1/h192.json,cd5ec67a017525b30589c1c9901bbe060ece907b65b5a3f3c272cb859381e9d6,,0.6285894110964627,single,43,"{'inducing_points': 32, 'latent_dim': 8, 'patch_lens': [8, 24, 48], 'representation_weight': 0.01}",24,,True,True,96,False,0,63.52337062853621,extension,scale-single__bank-off__continuation-preserved,0.0001,4
off,16,4,extension,0.6562539590459292,,/work/11617/sujato_ts/vista/motion_code-master/physics_modal_v4/enhancements/results/factorial/checkpoints/scale-single__bank-off__continuation-preserved/seed43/ETTm1/h336.pt,d8aaaa53045de048,preserved,2,False,ETTm1,16,285.39620457962155,latentflow-factorial-2x2x2-all28-three-seed-no-exchange-v2-selector-safe,factorial,10,latentflow_process_preserving_unfreeze2,5.0,0.001,336,,18.32727510228561,False,,0.0007,0.42358499211983325,2048,1024,LatentFlow,0.42245908230142104,0.02,11185.0,555746,,0.4203182006534139,0.4169962806394595,False,2,0.0032667914664193387,0.005462801661961558,,/work/11617/sujato_ts/vista/motion_code-master/physics_modal_v4/enhancements/results/factorial/runs/scale-single__bank-off__continuation-preserved/seed43/ETTm1/h336.json,36897d440cd9c3306ee790f301e4523ae90efa4e2b66e43045f9e5fa81a56519,,0.6499685240851445,single,43,"{'inducing_points': 32, 'latent_dim': 8, 'patch_lens': [8, 24, 48], 'representation_weight': 0.01}",8,,True,True,96,False,0,71.29887712580967,extension,scale-single__bank-off__continuation-preserved,0.0001,4
off,16,6,extension,0.9785010606523544,,/work/11617/sujato_ts/vista/motion_code-master/physics_modal_v4/enhancements/results/factorial/checkpoints/scale-single__bank-off__continuation-preserved/seed43/ETTm1/h720.pt,685d9fc38643415f,preserved,2,False,ETTm1,16,265.77191366814077,latentflow-factorial-2x2x2-all28-three-seed-no-exchange-v2-selector-safe,factorial,10,latentflow_process_preserving_unfreeze2,5.0,0.001,720,,17.049285869572852,False,,0.0007,0.47073519123321755,2048,1024,LatentFlow,0.49827504892865687,0.02,10801.0,719906,,0.45146474868963876,0.47503070203002806,False,2,0.019270442543578792,0.02324434689862881,,/work/11617/sujato_ts/vista/motion_code-master/physics_modal_v4/enhancements/results/factorial/runs/scale-single__bank-off__continuation-preserved/seed43/ETTm1/h720.json,4d0284ed4ae404548b50e6a8e3d40a6abfcb6e622b82c077a10f76eb46c585ab,,0.7058860027856175,single,43,"{'inducing_points': 32, 'latent_dim': 8, 'patch_lens': [8, 24, 48], 'representation_weight': 0.01}",8,,True,True,96,False,0,66.64430692326277,extension,scale-single__bank-off__continuation-preserved,0.0001,4
off,16,1,extension,0.3988539615557307,,/work/11617/sujato_ts/vista/motion_code-master/physics_modal_v4/enhancements/results/factorial/checkpoints/scale-single__bank-off__continuation-preserved/seed43/ETTm1/h96.pt,ca908b5ae7fc64da,preserved,2,False,ETTm1,16,250.43226647377014,latentflow-factorial-2x2x2-all28-three-seed-no-exchange-v2-selector-safe,factorial,10,latentflow_process_preserving_unfreeze2,5.0,0.001,96,,18.431597738036935,False,,0.0007,0.37990887471483537,2048,1024,LatentFlow,0.3432283514852982,0.02,11425.0,457826,,0.38373537616306413,0.34899102166380447,False,2,-0.0038265014482287696,-0.005762670178506291,,/work/11617/sujato_ts/vista/motion_code-master/physics_modal_v4/enhancements/results/factorial/runs/scale-single__bank-off__continuation-preserved/seed43/ETTm1/h96.json,79879eeeff70ef8c917ad0ac42c0ff3e46f2e09f5fd311db9c40c0b1e5cc9fd1,,0.5858569377290826,single,43,"{'inducing_points': 32, 'latent_dim': 8, 'patch_lens': [8, 24, 48], 'representation_weight': 0.01}",8,,True,True,96,False,0,62.9945140251948,extension,scale-single__bank-off__continuation-preserved,0.0001,4
off,16,3,extension,0.1717391966709069,,/work/11617/sujato_ts/vista/motion_code-master/physics_modal_v4/enhancements/results/factorial/checkpoints/scale-single__bank-off__continuation-preserved/seed43/ETTm2/h192.pt,a2bde9486bfeb8ae,preserved,2,False,ETTm2,16,278.14851702190936,latentflow-factorial-2x2x2-all28-three-seed-no-exchange-v2-selector-safe,factorial,10,latentflow_process_preserving_unfreeze2,5.0,0.001,192,,17.555011037534268,False,,0.0007,0.30992470119547144,2048,1024,LatentFlow,0.24874204172947234,0.02,11329.0,496498,,0.312527920150566,0.25086570205167524,False,2,-0.0026032189550945772,-0.0021236603222029027,,/work/11617/sujato_ts/vista/motion_code-master/physics_modal_v4/enhancements/results/factorial/runs/scale-single__bank-off__continuation-preserved/seed43/ETTm2/h192.json,dd58c551427fe4d4917aac8d2bee45f2b91b04cecd97fcc88a7aed80f2cd59cb,,0.498740455276562,single,43,"{'inducing_points': 16, 'latent_dim': 8, 'patch_lens': [8, 16, 32], 'representation_weight': 0.001}",8,,True,True,96,False,0,69.55407635687152,extension,scale-single__bank-off__continuation-preserved,0.0001,4
off,16,4,extension,0.21700946317643535,,/work/11617/sujato_ts/vista/motion_code-master/physics_modal_v4/enhancements/results/factorial/checkpoints/scale-single__bank-off__continuation-preserved/seed43/ETTm2/h336.pt,c537b7d9a732840f,preserved,2,False,ETTm2,16,285.841213747859,latentflow-factorial-2x2x2-all28-three-seed-no-exchange-v2-selector-safe,factorial,10,latentflow_process_preserving_unfreeze2,5.0,0.001,336,,18.012354878927543,False,,0.0007,0.3463579240504953,2048,1024,LatentFlow,0.30895048978705075,0.02,11185.0,555682,,0.3476791284577334,0.3113500958345073,False,2,-0.0013212044072380968,-0.0023996060474565373,,/work/11617/sujato_ts/vista/motion_code-master/physics_modal_v4/enhancements/results/factorial/runs/scale-single__bank-off__continuation-preserved/seed43/ETTm2/h336.json,f2cd19b069e92a81745e8e4368fa096000a3c97ea8bed6b9a7b83b53b08b568d,,0.5558331492336983,single,43,"{'inducing_points': 16, 'latent_dim': 8, 'patch_lens': [8, 16, 32], 'representation_weight': 0.001}",8,,True,True,96,False,0,71.46765681827674,extension,scale-single__bank-off__continuation-preserved,0.0001,4
off,16,1,extension,0.2995586611921825,,/work/11617/sujato_ts/vista/motion_code-master/physics_modal_v4/enhancements/results/factorial/checkpoints/scale-single__bank-off__continuation-preserved/seed43/ETTm2/h720.pt,efbd5ce85f5f9487,preserved,2,False,ETTm2,16,285.7870454080403,latentflow-factorial-2x2x2-all28-three-seed-no-exchange-v2-selector-safe,factorial,10,latentflow_process_preserving_unfreeze2,5.0,0.001,720,,20.002607568111877,False,,0.0007,0.4084153665726225,2048,1024,LatentFlow,0.41871263061311575,0.02,10801.0,711516,,0.4093236609153853,0.4197595560874946,False,2,-0.0009082943427627943,-0.0010469254743788459,,/work/11617/sujato_ts/vista/motion_code-master/physics_modal_v4/enhancements/results/factorial/runs/scale-single__bank-off__continuation-preserved/seed43/ETTm2/h720.json,ce1750eee8b436ca922d3334f6e3459488eff4985a12be0c70d522345f17830d,,0.6470800805256763,single,43,"{'inducing_points': 16, 'latent_dim': 8, 'patch_lens': [8, 16, 32], 'representation_weight': 0.001}",16,,True,True,96,False,0,71.85488843606436,extension,scale-single__bank-off__continuation-preserved,0.0001,4
off,16,5,extension,0.13007058983757383,,/work/11617/sujato_ts/vista/motion_code-master/physics_modal_v4/enhancements/results/factorial/checkpoints/scale-single__bank-off__continuation-preserved/seed43/ETTm2/h96.pt,a1fe60f16dc7dd29,preserved,2,False,ETTm2,16,293.47298851422966,latentflow-factorial-2x2x2-all28-three-seed-no-exchange-v2-selector-safe,factorial,10,latentflow_process_preserving_unfreeze2,5.0,0.001,96,,19.12572295607432,False,,0.0007,0.2649558978703316,2048,1024,LatentFlow,0.18075827735009709,0.02,11425.0,457762,,0.2646814435867639,0.18131364538879013,False,2,0.0002744542835677044,-0.0005553680386930493,,/work/11617/sujato_ts/vista/motion_code-master/physics_modal_v4/enhancements/results/factorial/runs/scale-single__bank-off__continuation-preserved/seed43/ETTm2/h96.json,f50253f43bd7bb3a85d2eeacd84eacadbfaf88b956741135319f3e53bfc76e03,,0.42515676796929514,single,43,"{'inducing_points': 16, 'latent_dim': 8, 'patch_lens': [8, 16, 32], 'representation_weight': 0.001}",8,,True,True,96,False,0,73.51107742797467,extension,scale-single__bank-off__continuation-preserved,0.0001,4
off,16,9,extension,0.1506929801446255,,/work/11617/sujato_ts/vista/motion_code-master/physics_modal_v4/enhancements/results/factorial/checkpoints/scale-single__bank-off__continuation-preserved/seed43/Electricity/h192.pt,71fefcb4e3762a6d,preserved,2,False,Electricity,16,1260.9500085820036,latentflow-factorial-2x2x2-all28-three-seed-no-exchange-v2-selector-safe,factorial,10,latentflow_process_preserving_unfreeze2,5.0,0.001,192,,24.367686124933417,False,,0.0007,0.26919076742163134,2048,1024,LatentFlow,0.1755442071664917,0.02,5071.0,499851,,0.2756716497535561,0.18515571049567991,False,2,-0.006480882331924787,-0.009611503329188226,,/work/11617/sujato_ts/vista/motion_code-master/physics_modal_v4/enhancements/results/factorial/runs/scale-single__bank-off__continuation-preserved/seed43/Electricity/h192.json,5958c58a801019cad16cba5cd5758c42419da893338a989f475a148a04cf356a,,0.4189799603399806,single,43,"{'inducing_points': 32, 'latent_dim': 16, 'patch_lens': [8, 16, 32], 'representation_weight': 0.001}",8,,True,True,96,False,0,317.91274377658283,extension,scale-single__bank-off__continuation-preserved,0.0001,4
off,16,10,extension,0.1696583337307047,,/work/11617/sujato_ts/vista/motion_code-master/physics_modal_v4/enhancements/results/factorial/checkpoints/scale-single__bank-off__continuation-preserved/seed43/Electricity/h336.pt,9f4367b6b18b8f37,preserved,2,False,Electricity,16,1287.0895236809738,latentflow-factorial-2x2x2-all28-three-seed-no-exchange-v2-selector-safe,factorial,10,latentflow_process_preserving_unfreeze2,5.0,0.001,336,,23.769960595612847,False,,0.0007,0.28525546210927405,2048,1024,LatentFlow,0.19201577215611682,0.02,4927.0,559035,,0.290966154633329,0.20040627509813522,False,2,-0.005710692524054928,-0.008390502942018402,,/work/11617/sujato_ts/vista/motion_code-master/physics_modal_v4/enhancements/results/factorial/runs/scale-single__bank-off__continuation-preserved/seed43/Electricity/h336.json,6d481c406ca0cfdb177609deed19b2766fc3711f10d0b378f2ed85a33d5057e4,,0.43819604306305276,single,43,"{'inducing_points': 32, 'latent_dim': 16, 'patch_lens': [8, 16, 32], 'representation_weight': 0.001}",8,,True,True,96,False,0,325.60234806696826,extension,scale-single__bank-off__continuation-preserved,0.0001,4
off,16,8,extension,0.20722453571925653,,/work/11617/sujato_ts/vista/motion_code-master/physics_modal_v4/enhancements/results/factorial/checkpoints/scale-single__bank-off__continuation-preserved/seed43/Electricity/h720.pt,2258cd08e544e80b,preserved,2,False,Electricity,16,1312.5186946503818,latentflow-factorial-2x2x2-all28-three-seed-no-exchange-v2-selector-safe,factorial,10,latentflow_process_preserving_unfreeze2,5.0,0.001,720,,26.55110711057718,False,,0.0007,0.3136355106721934,2048,1024,LatentFlow,0.22908248746038204,0.02,4543.0,723195,,0.32664322179806105,0.24448897124857816,False,2,-0.013007711125867627,-0.015406483788196118,,/work/11617/sujato_ts/vista/motion_code-master/physics_modal_v4/enhancements/results/factorial/runs/scale-single__bank-off__continuation-preserved/seed43/Electricity/h720.json,57f796994a9e5e403dd08646a475f80896d1bafea413126c66990c8250eaa8d4,,0.47862562348915466,single,43,"{'inducing_points': 32, 'latent_dim': 16, 'patch_lens': [8, 16, 32], 'representation_weight': 0.001}",8,,True,True,96,False,0,341.2319877294067,extension,scale-single__bank-off__continuation-preserved,0.0001,4
off,16,10,extension,0.1386226312269922,,/work/11617/sujato_ts/vista/motion_code-master/physics_modal_v4/enhancements/results/factorial/checkpoints/scale-single__bank-off__continuation-preserved/seed43/Electricity/h96.pt,a6fbfd280df648aa,preserved,2,False,Electricity,16,1276.9678599539911,latentflow-factorial-2x2x2-all28-three-seed-no-exchange-v2-selector-safe,factorial,10,latentflow_process_preserving_unfreeze2,5.0,0.001,96,,23.277237737017085,False,,0.0007,0.2569619531241482,2048,1024,LatentFlow,0.1610309034651447,0.02,5167.0,461115,,0.26415134188476996,0.17196513219917942,False,2,-0.007189388760621751,-0.010934228734034712,,/work/11617/sujato_ts/vista/motion_code-master/physics_modal_v4/enhancements/results/factorial/runs/scale-single__bank-off__continuation-preserved/seed43/Electricity/h96.json,d414b95f7d6aa0b60b4d61649145e1403cac46d6df698a06c0c5ee74106a6835,,0.4012865602847231,single,43,"{'inducing_points': 32, 'latent_dim': 16, 'patch_lens': [8, 16, 32], 'representation_weight': 0.001}",8,,True,True,96,False,0,321.6956102945005,extension,scale-single__bank-off__continuation-preserved,0.0001,4
off,16,10,extension,0.38968384929710087,,/work/11617/sujato_ts/vista/motion_code-master/physics_modal_v4/enhancements/results/factorial/checkpoints/scale-single__bank-off__continuation-preserved/seed43/Traffic/h192.pt,5a761961d5c7713d,preserved,2,False,Traffic,16,2223.59103528969,latentflow-factorial-2x2x2-all28-three-seed-no-exchange-v2-selector-safe,factorial,10,latentflow_process_preserving_unfreeze2,5.0,0.001,192,,56.768404213590145,False,,0.0007,0.3024312010706453,2048,1024,LatentFlow,0.45487944559768073,0.02,3319.0,501474,,0.31473964094675405,0.47105806163414843,False,2,-0.012308439876108745,-0.016178616036467697,,/work/11617/sujato_ts/vista/motion_code-master/physics_modal_v4/enhancements/results/factorial/runs/scale-single__bank-off__continuation-preserved/seed43/Traffic/h192.json,5e603f5ecca339eabf2737dea817c0077cd44fdc48046248abe3e7d9c51b8a4e,,0.6744475113733319,single,43,"{'inducing_points': 32, 'latent_dim': 16, 'patch_lens': [8, 16, 32], 'representation_weight': 0.001}",8,,True,True,96,False,0,617.0760951863485,extension,scale-single__bank-off__continuation-preserved,0.0001,4
off,16,7,extension,0.40222779369765177,,/work/11617/sujato_ts/vista/motion_code-master/physics_modal_v4/enhancements/results/factorial/checkpoints/scale-single__bank-off__continuation-preserved/seed43/Traffic/h336.pt,4b2386681ad21cae,preserved,2,False,Traffic,16,2342.7077573360875,latentflow-factorial-2x2x2-all28-three-seed-no-exchange-v2-selector-safe,factorial,10,latentflow_process_preserving_unfreeze2,5.0,0.001,336,,57.62949833914524,False,,0.0007,0.3051625232333922,2048,1024,LatentFlow,0.4676084295088658,0.02,3175.0,560658,,0.31896735550711325,0.4775151891088295,False,2,-0.013804832273721035,-0.009906759599963733,,/work/11617/sujato_ts/vista/motion_code-master/physics_modal_v4/enhancements/results/factorial/runs/scale-single__bank-off__continuation-preserved/seed43/Traffic/h336.json,826689f43da5c04247e9c3ad4077064382e0fb04e2e0956a36bd79b0f11fbcbd,,0.6838190034715808,single,43,"{'inducing_points': 32, 'latent_dim': 16, 'patch_lens': [8, 16, 32], 'representation_weight': 0.001}",8,,True,True,96,False,0,652.1280656983436,extension,scale-single__bank-off__continuation-preserved,0.0001,4
off,16,7,extension,0.44670330144966286,,/work/11617/sujato_ts/vista/motion_code-master/physics_modal_v4/enhancements/results/factorial/checkpoints/scale-single__bank-off__continuation-preserved/seed43/Traffic/h720.pt,eac8b345a72219c0,preserved,2,False,Traffic,16,2495.2981254886836,latentflow-factorial-2x2x2-all28-three-seed-no-exchange-v2-selector-safe,factorial,10,latentflow_process_preserving_unfreeze2,5.0,0.001,720,,64.71417372177848,False,,0.0007,0.31967025578461145,2048,1024,LatentFlow,0.5028606947591299,0.02,2791.0,724818,,0.33346247597370393,0.5143208244648744,False,2,-0.013792220189092486,-0.011460129705744504,,/work/11617/sujato_ts/vista/motion_code-master/physics_modal_v4/enhancements/results/factorial/runs/scale-single__bank-off__continuation-preserved/seed43/Traffic/h720.json,048208115ea2996c52aec0bcac2e1171fd0d337238bb9c34fca4ae55a076dc32,,0.7091267127665759,single,43,"{'inducing_points': 32, 'latent_dim': 16, 'patch_lens': [8, 16, 32], 'representation_weight': 0.001}",8,,True,True,96,False,0,714.4568698699004,extension,scale-single__bank-off__continuation-preserved,0.0001,4
off,16,10,extension,0.40193060360854665,,/work/11617/sujato_ts/vista/motion_code-master/physics_modal_v4/enhancements/results/factorial/checkpoints/scale-single__bank-off__continuation-preserved/seed43/Traffic/h96.pt,ed8ec65ff69bd708,preserved,2,False,Traffic,16,2155.384552171454,latentflow-factorial-2x2x2-all28-three-seed-no-exchange-v2-selector-safe,factorial,10,latentflow_process_preserving_unfreeze2,5.0,0.001,96,,55.952420845155565,False,,0.0007,0.2994786983419836,2048,1024,LatentFlow,0.4478091531365411,0.02,3415.0,462738,,0.31457395311379593,0.46307711664101714,False,2,-0.015095254771812339,-0.015267963504476012,,/work/11617/sujato_ts/vista/motion_code-master/physics_modal_v4/enhancements/results/factorial/runs/scale-single__bank-off__continuation-preserved/seed43/Traffic/h96.json,0b9ae9f9106200a4301f76530034b118802116195e239500f1ec6daf8275a466,,0.6691854400213301,single,43,"{'inducing_points': 32, 'latent_dim': 16, 'patch_lens': [8, 16, 32], 'representation_weight': 0.001}",8,,True,True,96,False,0,593.9001177037426,extension,scale-single__bank-off__continuation-preserved,0.0001,4
off,16,6,extension,0.47309621707314536,,/work/11617/sujato_ts/vista/motion_code-master/physics_modal_v4/enhancements/results/factorial/checkpoints/scale-single__bank-off__continuation-preserved/seed43/Weather/h192.pt,cc63a4f0331e2910,preserved,2,False,Weather,16,480.8560250750743,latentflow-factorial-2x2x2-all28-three-seed-no-exchange-v2-selector-safe,factorial,10,latentflow_process_preserving_unfreeze2,5.0,0.001,192,,32.0836315075903,False,,0.0007,0.2523816080047469,2048,1024,LatentFlow,0.21120376336145374,0.02,10349.0,500020,,0.25499168532333283,0.21459261897255366,False,2,-0.002610077318585924,-0.003388855611099917,,/work/11617/sujato_ts/vista/motion_code-master/physics_modal_v4/enhancements/results/factorial/runs/scale-single__bank-off__continuation-preserved/seed43/Weather/h192.json,a11b8db7b363eb715692faa475edf694a0f0dd7b3be54c71c7d96a5619a1c591,,0.45956910618693,single,43,"{'inducing_points': 32, 'latent_dim': 16, 'patch_lens': [8, 16, 32], 'representation_weight': 0.001}",8,,True,True,96,False,0,123.09617471801175,extension,scale-single__bank-off__continuation-preserved,0.0001,4
off,16,3,extension,0.5565641907607617,,/work/11617/sujato_ts/vista/motion_code-master/physics_modal_v4/enhancements/results/factorial/checkpoints/scale-single__bank-off__continuation-preserved/seed43/Weather/h336.pt,b5740e2efa978abb,preserved,2,False,Weather,16,476.16770012304187,latentflow-factorial-2x2x2-all28-three-seed-no-exchange-v2-selector-safe,factorial,10,latentflow_process_preserving_unfreeze2,5.0,0.001,336,,32.44085256566745,False,,0.0007,0.2948647578532168,2048,1024,LatentFlow,0.26809959199076816,0.02,10205.0,559204,,0.29705646853111345,0.27013014261252294,False,2,-0.002191710677896641,-0.0020305506217547786,,/work/11617/sujato_ts/vista/motion_code-master/physics_modal_v4/enhancements/results/factorial/runs/scale-single__bank-off__continuation-preserved/seed43/Weather/h336.json,410cc03669c35af41c0ab9c70becedee5f0c120c160ab1606b9a8081c6e2c625,,0.5177833446440395,single,43,"{'inducing_points': 32, 'latent_dim': 16, 'patch_lens': [8, 16, 32], 'representation_weight': 0.001}",8,,True,True,96,False,0,121.06533631158527,extension,scale-single__bank-off__continuation-preserved,0.0001,4
off,16,4,extension,0.6817438044876017,,/work/11617/sujato_ts/vista/motion_code-master/physics_modal_v4/enhancements/results/factorial/checkpoints/scale-single__bank-off__continuation-preserved/seed43/Weather/h720.pt,4a2624b6da178900,preserved,2,False,Weather,16,504.7441144809127,latentflow-factorial-2x2x2-all28-three-seed-no-exchange-v2-selector-safe,factorial,10,latentflow_process_preserving_unfreeze2,5.0,0.001,720,,32.79890453905549,False,,0.0007,0.34624943364005883,2048,1024,LatentFlow,0.3474995064047029,0.02,9821.0,723364,,0.34528425581718986,0.3476288286382379,False,2,0.0009651778228689789,-0.00012932223353501193,,/work/11617/sujato_ts/vista/motion_code-master/physics_modal_v4/enhancements/results/factorial/runs/scale-single__bank-off__continuation-preserved/seed43/Weather/h720.json,8e6d7b5a09b43c79900413d42e8a0d6834e6334f4af029d6fcefadecdfa43617,,0.5894908874653644,single,43,"{'inducing_points': 32, 'latent_dim': 16, 'patch_lens': [8, 16, 32], 'representation_weight': 0.001}",8,,True,True,96,False,0,128.51806605322054,extension,scale-single__bank-off__continuation-preserved,0.0001,4
off,16,7,extension,0.42906302958726883,,/work/11617/sujato_ts/vista/motion_code-master/physics_modal_v4/enhancements/results/factorial/checkpoints/scale-single__bank-off__continuation-preserved/seed43/Weather/h96.pt,039002700089167b,preserved,2,False,Weather,16,479.0896629691124,latentflow-factorial-2x2x2-all28-three-seed-no-exchange-v2-selector-safe,factorial,10,latentflow_process_preserving_unfreeze2,5.0,0.001,96,,28.652861207929625,False,,0.0007,0.21014745653541117,2048,1024,LatentFlow,0.16399791641326367,0.02,10445.0,461284,,0.21136887561433718,0.16573756905340892,False,2,-0.001221419078926006,-0.0017396526401452506,,/work/11617/sujato_ts/vista/motion_code-master/physics_modal_v4/enhancements/results/factorial/runs/scale-single__bank-off__continuation-preserved/seed43/Weather/h96.json,126b5d70ec76b52b8a5e6322eb6d79b149aef584bad84ec7cd34ecb319128ec9,,0.4049665620928025,single,43,"{'inducing_points': 32, 'latent_dim': 16, 'patch_lens': [8, 16, 32], 'representation_weight': 0.001}",8,,True,True,96,False,0,122.06043327569205,extension,scale-single__bank-off__continuation-preserved,0.0001,4
off,16,1,extension,1.0229956624763352,,/work/11617/sujato_ts/vista/motion_code-master/physics_modal_v4/enhancements/results/factorial/checkpoints/scale-single__bank-off__continuation-preserved/seed44/ETTh1/h192.pt,cf82fa93c2ebc386,preserved,2,False,ETTh1,16,294.1164347939193,latentflow-factorial-2x2x2-all28-three-seed-no-exchange-v2-selector-safe,factorial,10,latentflow_process_preserving_unfreeze2,5.0,0.001,192,,19.764428339273987,False,,0.0007,0.4391614767382394,2048,1024,LatentFlow,0.45599759287691377,0.02,2689.0,553250,,0.4385673342107614,0.4551334006179755,False,2,0.0005941425274780254,0.0008641922589382456,,/work/11617/sujato_ts/vista/motion_code-master/physics_modal_v4/enhancements/results/factorial/runs/scale-single__bank-off__continuation-preserved/seed44/ETTh1/h192.json,76e43563f4d1922d92e9c5ca92d1cc335aadd471e4d0862c7db6ea098576b6d0,,0.6752759383221897,single,44,"{'inducing_points': 32, 'latent_dim': 16, 'patch_lens': [16, 32, 48], 'representation_weight': 0.05}",48,,True,True,96,False,0,74.26606537483167,extension,scale-single__bank-off__continuation-preserved,0.0001,4
off,16,1,extension,1.2904774039781013,,/work/11617/sujato_ts/vista/motion_code-master/physics_modal_v4/enhancements/results/factorial/checkpoints/scale-single__bank-off__continuation-preserved/seed44/ETTh1/h336.pt,44ed1c1661fc78a7,preserved,2,False,ETTh1,16,275.0952251255512,latentflow-factorial-2x2x2-all28-three-seed-no-exchange-v2-selector-safe,factorial,10,latentflow_process_preserving_unfreeze2,5.0,0.001,336,,17.849526357766287,False,,0.0007,0.4511886227970993,2048,1024,LatentFlow,0.4866783031864706,0.02,2545.0,609644,,0.45126202182854663,0.4867874809101889,False,2,-7.339903144731874e-05,-0.00010917772371832335,,/work/11617/sujato_ts/vista/motion_code-master/physics_modal_v4/enhancements/results/factorial/runs/scale-single__bank-off__continuation-preserved/seed44/ETTh1/h336.json,5fbda89f8227cfc86866bcff1d3ccbeef2c6fe342f75d3d901385393840f6a3b,,0.6976233247150432,single,44,"{'inducing_points': 32, 'latent_dim': 16, 'patch_lens': [16, 32, 48], 'representation_weight': 0.05}",48,,True,True,96,False,0,69.59771445253864,extension,scale-single__bank-off__continuation-preserved,0.0001,4
off,16,0,reference,1.5605764389038086,,/work/11617/sujato_ts/vista/motion_code-master/physics_modal_v4/enhancements/results/factorial/checkpoints/scale-single__bank-off__continuation-preserved/seed44/ETTh1/h720.pt,996d81655b965a7c,preserved,2,False,ETTh1,16,280.75829608365893,latentflow-factorial-2x2x2-all28-three-seed-no-exchange-v2-selector-safe,factorial,10,latentflow_process_preserving_unfreeze2,5.0,0.001,720,,3.1543186198530804,True,,0.0007,0.4822168023803269,2048,1024,LatentFlow,0.4971412305249868,0.02,2161.0,760204,,0.4822168023803269,0.4971412305249868,False,2,0.0,0.0,,/work/11617/sujato_ts/vista/motion_code-master/physics_modal_v4/enhancements/results/factorial/runs/scale-single__bank-off__continuation-preserved/seed44/ETTh1/h720.json,aae3a5e774e01cd3127692c0422cb3d8eda1d0d30da74a95b4ed5f9f8ee0ee79,,0.7050824281777179,single,44,"{'inducing_points': 32, 'latent_dim': 16, 'patch_lens': [16, 32, 48], 'representation_weight': 0.05}",48,,True,True,96,False,0,71.23161372874165,reference,scale-single__bank-off__continuation-preserved,0.0001,4
off,16,0,reference,0.7605383371313413,,/work/11617/sujato_ts/vista/motion_code-master/physics_modal_v4/enhancements/results/factorial/checkpoints/scale-single__bank-off__continuation-preserved/seed44/ETTh1/h96.pt,c02a737e1492a922,preserved,2,False,ETTh1,16,278.47409046813846,latentflow-factorial-2x2x2-all28-three-seed-no-exchange-v2-selector-safe,factorial,10,latentflow_process_preserving_unfreeze2,5.0,0.001,96,,3.2448217870312273,True,,0.0007,0.41631086244637755,2048,1024,LatentFlow,0.4002132095026442,0.02,2785.0,466618,,0.41631086244637755,0.4002132095026442,False,2,0.0,0.0,,/work/11617/sujato_ts/vista/motion_code-master/physics_modal_v4/enhancements/results/factorial/runs/scale-single__bank-off__continuation-preserved/seed44/ETTh1/h96.json,1cc5099fef3d802c1cd59e46af893a2a0e44102d6fe8d840ec3a6ef99becbe39,,0.6326240664902373,single,44,"{'inducing_points': 32, 'latent_dim': 16, 'patch_lens': [16, 32, 48], 'representation_weight': 0.05}",16,,True,True,96,False,0,70.19287507573608,reference,scale-single__bank-off__continuation-preserved,0.0001,4
off,16,0,reference,0.2705708335907686,,/work/11617/sujato_ts/vista/motion_code-master/physics_modal_v4/enhancements/results/factorial/checkpoints/scale-single__bank-off__continuation-preserved/seed44/ETTh2/h192.pt,26ce691475466851,preserved,2,False,ETTh2,16,282.4712418699637,latentflow-factorial-2x2x2-all28-three-seed-no-exchange-v2-selector-safe,factorial,10,latentflow_process_preserving_unfreeze2,5.0,0.001,192,,3.3667808730422917,True,,0.0007,0.3949897911995779,2048,1024,LatentFlow,0.38118845723751077,0.02,2689.0,533242,,0.3949897911995779,0.38118845723751077,False,2,0.0,0.0,,/work/11617/sujato_ts/vista/motion_code-master/physics_modal_v4/enhancements/results/factorial/runs/scale-single__bank-off__continuation-preserved/seed44/ETTh2/h192.json,d619926aca55b08773c73f3009ef7fefbfb9dc124004d3adda67fef694037417,,0.6174046138777315,single,44,"{'inducing_points': 32, 'latent_dim': 8, 'patch_lens': [16, 32, 48], 'representation_weight': 0.001}",48,,True,True,96,False,0,71.48651175302803,reference,scale-single__bank-off__continuation-preserved,0.0001,4
off,16,0,reference,0.34781628624111616,,/work/11617/sujato_ts/vista/motion_code-master/physics_modal_v4/enhancements/results/factorial/checkpoints/scale-single__bank-off__continuation-preserved/seed44/ETTh2/h336.pt,4bece546f3b39765,preserved,2,False,ETTh2,16,265.954656438902,latentflow-factorial-2x2x2-all28-three-seed-no-exchange-v2-selector-safe,factorial,10,latentflow_process_preserving_unfreeze2,5.0,0.001,336,,3.319991127693955,True,,0.0007,0.4295656450394807,2048,1024,LatentFlow,0.417376419605151,0.02,2545.0,589636,,0.4295656450394807,0.417376419605151,False,2,0.0,0.0,,/work/11617/sujato_ts/vista/motion_code-master/physics_modal_v4/enhancements/results/factorial/runs/scale-single__bank-off__continuation-preserved/seed44/ETTh2/h336.json,bad4ec6bd8cce5ac9a6c9e50cb3cf7f62490f88fd1d4b54f651b0d96c797a27c,,0.6460467627077401,single,44,"{'inducing_points': 32, 'latent_dim': 8, 'patch_lens': [16, 32, 48], 'representation_weight': 0.001}",48,,True,True,96,False,0,67.16520171030425,reference,scale-single__bank-off__continuation-preserved,0.0001,4
off,16,0,reference,0.5987973894391742,,/work/11617/sujato_ts/vista/motion_code-master/physics_modal_v4/enhancements/results/factorial/checkpoints/scale-single__bank-off__continuation-preserved/seed44/ETTh2/h720.pt,0e98d9c986f7b528,preserved,2,False,ETTh2,16,267.0001957193017,latentflow-factorial-2x2x2-all28-three-seed-no-exchange-v2-selector-safe,factorial,10,latentflow_process_preserving_unfreeze2,5.0,0.001,720,,3.463156403167479,True,,0.0007,0.43901165075203985,2048,1024,LatentFlow,0.4143743100139737,0.02,2161.0,740196,,0.43901165075203985,0.4143743100139737,False,2,0.0,0.0,,/work/11617/sujato_ts/vista/motion_code-master/physics_modal_v4/enhancements/results/factorial/runs/scale-single__bank-off__continuation-preserved/seed44/ETTh2/h720.json,2c20b16c1486e5affa43802fc7dbb6e660e8e601de86b465033ab47412d96be9,,0.6437191235422276,single,44,"{'inducing_points': 32, 'latent_dim': 8, 'patch_lens': [16, 32, 48], 'representation_weight': 0.001}",48,,True,True,96,False,0,67.52325112029212,reference,scale-single__bank-off__continuation-preserved,0.0001,4
off,16,1,extension,0.2179170854034878,,/work/11617/sujato_ts/vista/motion_code-master/physics_modal_v4/enhancements/results/factorial/checkpoints/scale-single__bank-off__continuation-preserved/seed44/ETTh2/h96.pt,2c72b985b708780a,preserved,2,False,ETTh2,16,279.5623059289064,latentflow-factorial-2x2x2-all28-three-seed-no-exchange-v2-selector-safe,factorial,10,latentflow_process_preserving_unfreeze2,5.0,0.001,96,,19.36542168071203,False,,0.0007,0.3450166395875015,2048,1024,LatentFlow,0.2969550656591551,0.02,2785.0,495666,,0.3450395448437978,0.29711916827234214,False,2,-2.2905256296279486e-05,-0.000164102613187056,,/work/11617/sujato_ts/vista/motion_code-master/physics_modal_v4/enhancements/results/factorial/runs/scale-single__bank-off__continuation-preserved/seed44/ETTh2/h96.json,7ce811e3c758462fb7289dbe47e3512eb64d16b8c42825fc4fc2aeebc76296cf,,0.5449358362772218,single,44,"{'inducing_points': 32, 'latent_dim': 8, 'patch_lens': [16, 32, 48], 'representation_weight': 0.001}",48,,True,True,96,False,0,70.82179005083162,extension,scale-single__bank-off__continuation-preserved,0.0001,4
off,16,2,extension,0.5136930124745482,,/work/11617/sujato_ts/vista/motion_code-master/physics_modal_v4/enhancements/results/factorial/checkpoints/scale-single__bank-off__continuation-preserved/seed44/ETTm1/h192.pt,c7e7c7b9f051908c,preserved,2,False,ETTm1,16,280.6515721169999,latentflow-factorial-2x2x2-all28-three-seed-no-exchange-v2-selector-safe,factorial,10,latentflow_process_preserving_unfreeze2,5.0,0.001,192,,18.814122343838974,False,,0.0007,0.3950924554610796,2048,1024,LatentFlow,0.3786465789613863,0.02,11329.0,496562,,0.39641191438778406,0.37939491416441434,False,2,-0.0013194589267044865,-0.0007483352030280277,,/work/11617/sujato_ts/vista/motion_code-master/physics_modal_v4/enhancements/results/factorial/runs/scale-single__bank-off__continuation-preserved/seed44/ETTm1/h192.json,ff9252c8ce2c3380bb17e1edaa2af5585b8d7d3d03d80949ee34ed3a19401d8d,,0.6153426516676593,single,44,"{'inducing_points': 32, 'latent_dim': 8, 'patch_lens': [8, 24, 48], 'representation_weight': 0.01}",8,,True,True,96,False,0,70.14374908130776,extension,scale-single__bank-off__continuation-preserved,0.0001,4
off,16,2,extension,0.6546329843754671,,/work/11617/sujato_ts/vista/motion_code-master/physics_modal_v4/enhancements/results/factorial/checkpoints/scale-single__bank-off__continuation-preserved/seed44/ETTm1/h336.pt,3e7726f145ecf73b,preserved,2,False,ETTm1,16,285.0700254300027,latentflow-factorial-2x2x2-all28-three-seed-no-exchange-v2-selector-safe,factorial,10,latentflow_process_preserving_unfreeze2,5.0,0.001,336,,19.755674858329375,False,,0.0007,0.41624698951491523,2048,1024,LatentFlow,0.41159831151610526,0.02,11185.0,555746,,0.41499162358607966,0.40550514992323133,False,2,0.0012553659288355723,0.00609316159287393,,/work/11617/sujato_ts/vista/motion_code-master/physics_modal_v4/enhancements/results/factorial/runs/scale-single__bank-off__continuation-preserved/seed44/ETTm1/h336.json,9eca4bacec576a462ed3c0cde9f006932c468d829f006b2258a65c8bcd6d098e,,0.6415592813732066,single,44,"{'inducing_points': 32, 'latent_dim': 8, 'patch_lens': [8, 24, 48], 'representation_weight': 0.01}",8,,True,True,96,False,0,71.4145157929579,extension,scale-single__bank-off__continuation-preserved,0.0001,4
off,16,3,extension,0.9829119992634606,,/work/11617/sujato_ts/vista/motion_code-master/physics_modal_v4/enhancements/results/factorial/checkpoints/scale-single__bank-off__continuation-preserved/seed44/ETTm1/h720.pt,3180a79203d83aa5,preserved,2,False,ETTm1,16,258.28052297141403,latentflow-factorial-2x2x2-all28-three-seed-no-exchange-v2-selector-safe,factorial,10,latentflow_process_preserving_unfreeze2,5.0,0.001,720,,19.214007323980884,False,,0.0007,0.4591748421976835,2048,1024,LatentFlow,0.4809016538266902,0.02,10801.0,719906,,0.4484732018480374,0.4532720915755241,False,2,0.010701640349646102,0.027629562251166084,,/work/11617/sujato_ts/vista/motion_code-master/physics_modal_v4/enhancements/results/factorial/runs/scale-single__bank-off__continuation-preserved/seed44/ETTm1/h720.json,2516864e6a5fd5a7fbe5869489e6cf795144f8a5838a6a7f38a37a893a2b9562,,0.6934707303316343,single,44,"{'inducing_points': 32, 'latent_dim': 8, 'patch_lens': [8, 24, 48], 'representation_weight': 0.01}",8,,True,True,96,False,0,64.68108929366281,extension,scale-single__bank-off__continuation-preserved,0.0001,4
off,16,9,extension,0.3968825213433731,,/work/11617/sujato_ts/vista/motion_code-master/physics_modal_v4/enhancements/results/factorial/checkpoints/scale-single__bank-off__continuation-preserved/seed44/ETTm1/h96.pt,4aec2a489c0d98dc,preserved,2,False,ETTm1,16,285.9393417779356,latentflow-factorial-2x2x2-all28-three-seed-no-exchange-v2-selector-safe,factorial,10,latentflow_process_preserving_unfreeze2,5.0,0.001,96,,18.736571588175995,False,,0.0007,0.38218080550640265,2048,1024,LatentFlow,0.35109839764239575,0.02,11425.0,495666,,0.3773215963831293,0.35144352193547995,False,2,0.004859209123273367,-0.000345124293084198,,/work/11617/sujato_ts/vista/motion_code-master/physics_modal_v4/enhancements/results/factorial/runs/scale-single__bank-off__continuation-preserved/seed44/ETTm1/h96.json,5a6bae552600fd291b91a2c26b989b08aea20ff1f18720281aa1380218eaccee,,0.5925355665632197,single,44,"{'inducing_points': 32, 'latent_dim': 8, 'patch_lens': [8, 24, 48], 'representation_weight': 0.01}",48,,True,True,96,False,0,71.91211067547556,extension,scale-single__bank-off__continuation-preserved,0.0001,4
off,16,3,extension,0.17251343608257316,,/work/11617/sujato_ts/vista/motion_code-master/physics_modal_v4/enhancements/results/factorial/checkpoints/scale-single__bank-off__continuation-preserved/seed44/ETTm2/h192.pt,730cdb98a6293067,preserved,2,False,ETTm2,16,251.50773133244365,latentflow-factorial-2x2x2-all28-three-seed-no-exchange-v2-selector-safe,factorial,10,latentflow_process_preserving_unfreeze2,5.0,0.001,192,,19.020077086131508,False,,0.0007,0.3084411439786236,2048,1024,LatentFlow,0.24916567782546703,0.02,11329.0,500778,,0.311324394820176,0.25172342117920987,False,2,-0.002883250841552387,-0.002557743353742842,,/work/11617/sujato_ts/vista/motion_code-master/physics_modal_v4/enhancements/results/factorial/runs/scale-single__bank-off__continuation-preserved/seed44/ETTm2/h192.json,2d8a59f40b33bdcbcf981bb839079347c617e5d21ca1ab083d023a39ae3f12b2,,0.4991649805680152,single,44,"{'inducing_points': 16, 'latent_dim': 8, 'patch_lens': [8, 16, 32], 'representation_weight': 0.001}",16,,True,True,96,False,0,63.16198879285366,extension,scale-single__bank-off__continuation-preserved,0.0001,4
off,16,1,extension,0.21695057449697638,,/work/11617/sujato_ts/vista/motion_code-master/physics_modal_v4/enhancements/results/factorial/checkpoints/scale-single__bank-off__continuation-preserved/seed44/ETTm2/h336.pt,de6921c988935ad9,preserved,2,False,ETTm2,16,273.83471263200045,latentflow-factorial-2x2x2-all28-three-seed-no-exchange-v2-selector-safe,factorial,10,latentflow_process_preserving_unfreeze2,5.0,0.001,336,,17.561035791150477,False,,0.0007,0.3479452749623553,2048,1024,LatentFlow,0.31308501447130804,0.02,11185.0,571310,,0.34830169593746746,0.31347495682240495,False,2,-0.0003564209751121816,-0.0003899423510969058,,/work/11617/sujato_ts/vista/motion_code-master/physics_modal_v4/enhancements/results/factorial/runs/scale-single__bank-off__continuation-preserved/seed44/ETTm2/h336.json,226cd89eb2c6bc00d327ce76f2ebc104f21b54240f7ef698db01e61375c6261e,,0.5595400025657755,single,44,"{'inducing_points': 16, 'latent_dim': 8, 'patch_lens': [8, 16, 32], 'representation_weight': 0.001}",32,,True,True,96,False,0,68.80310899286997,extension,scale-single__bank-off__continuation-preserved,0.0001,4
off,16,2,extension,0.29939093892536467,,/work/11617/sujato_ts/vista/motion_code-master/physics_modal_v4/enhancements/results/factorial/checkpoints/scale-single__bank-off__continuation-preserved/seed44/ETTm2/h720.pt,34f5fd9d5c761257,preserved,2,False,ETTm2,16,282.1484465841204,latentflow-factorial-2x2x2-all28-three-seed-no-exchange-v2-selector-safe,factorial,10,latentflow_process_preserving_unfreeze2,5.0,0.001,720,,19.511043563214315,False,,0.0007,0.4112456367392855,2048,1024,LatentFlow,0.4240444322328745,0.02,10801.0,711516,,0.41315647644996173,0.42689246972640893,False,2,-0.0019108397106762376,-0.0028480374935344055,,/work/11617/sujato_ts/vista/motion_code-master/physics_modal_v4/enhancements/results/factorial/runs/scale-single__bank-off__continuation-preserved/seed44/ETTm2/h720.json,9e776cbe5aa5b69c75e748917de3e04669951cc5dac6d51460b7110ec7f10c9a,,0.6511869410798058,single,44,"{'inducing_points': 16, 'latent_dim': 8, 'patch_lens': [8, 16, 32], 'representation_weight': 0.001}",16,,True,True,96,False,0,70.90594554247218,extension,scale-single__bank-off__continuation-preserved,0.0001,4
off,16,3,extension,0.12867390555107877,,/work/11617/sujato_ts/vista/motion_code-master/physics_modal_v4/enhancements/results/factorial/checkpoints/scale-single__bank-off__continuation-preserved/seed44/ETTm2/h96.pt,88d35532f79c9df1,preserved,2,False,ETTm2,16,269.8313602237031,latentflow-factorial-2x2x2-all28-three-seed-no-exchange-v2-selector-safe,factorial,10,latentflow_process_preserving_unfreeze2,5.0,0.001,96,,16.28207943538076,False,,0.0007,0.26227489322774844,2048,1024,LatentFlow,0.17804626050114172,0.02,11425.0,457762,,0.2642933971603376,0.1806875996899205,False,2,-0.0020185039325891774,-0.002641339188778763,,/work/11617/sujato_ts/vista/motion_code-master/physics_modal_v4/enhancements/results/factorial/runs/scale-single__bank-off__continuation-preserved/seed44/ETTm2/h96.json,e6c3844e74f99ca2aac8c66b1a6bb1be3f5af704427a00a5987aa04b49eeacbf,,0.4219552825847091,single,44,"{'inducing_points': 16, 'latent_dim': 8, 'patch_lens': [8, 16, 32], 'representation_weight': 0.001}",8,,True,True,96,False,0,67.68981477143825,extension,scale-single__bank-off__continuation-preserved,0.0001,4
off,16,10,extension,0.14941502397305498,,/work/11617/sujato_ts/vista/motion_code-master/physics_modal_v4/enhancements/results/factorial/checkpoints/scale-single__bank-off__continuation-preserved/seed44/Electricity/h192.pt,e1d7f259d0eb9abc,preserved,2,False,Electricity,16,1300.9337586853653,latentflow-factorial-2x2x2-all28-three-seed-no-exchange-v2-selector-safe,factorial,10,latentflow_process_preserving_unfreeze2,5.0,0.001,192,,23.05226006116983,False,,0.0007,0.26743898738416255,2048,1024,LatentFlow,0.17400334621128707,0.02,5071.0,499851,,0.2726671434170403,0.18272827264849137,False,2,-0.00522815603287774,-0.008724926437204295,,/work/11617/sujato_ts/vista/motion_code-master/physics_modal_v4/enhancements/results/factorial/runs/scale-single__bank-off__continuation-preserved/seed44/Electricity/h192.json,14fb0fa377b5ced72bdb6954537e7214788224810fd6c58db17b1cd150efad7c,,0.4171370832367785,single,44,"{'inducing_points': 32, 'latent_dim': 16, 'patch_lens': [8, 16, 32], 'representation_weight': 0.001}",8,,True,True,96,False,0,327.6411949787871,extension,scale-single__bank-off__continuation-preserved,0.0001,4
off,16,10,extension,0.1654327550250581,,/work/11617/sujato_ts/vista/motion_code-master/physics_modal_v4/enhancements/results/factorial/checkpoints/scale-single__bank-off__continuation-preserved/seed44/Electricity/h336.pt,755c6f8b11542c45,preserved,2,False,Electricity,16,1187.9405794050545,latentflow-factorial-2x2x2-all28-three-seed-no-exchange-v2-selector-safe,factorial,10,latentflow_process_preserving_unfreeze2,5.0,0.001,336,,23.25923669840989,False,,0.0007,0.2839188384665956,2048,1024,LatentFlow,0.19050103537720198,0.02,4927.0,559035,,0.29011244921771395,0.19974863590458317,False,2,-0.00619361075111835,-0.009247600527381189,,/work/11617/sujato_ts/vista/motion_code-master/physics_modal_v4/enhancements/results/factorial/runs/scale-single__bank-off__continuation-preserved/seed44/Electricity/h336.json,d5a0fe67645ff780b54515d7888d84ae46cbe37b193e1fb29f26c0d7830bd7f0,,0.4364642429537636,single,44,"{'inducing_points': 32, 'latent_dim': 16, 'patch_lens': [8, 16, 32], 'representation_weight': 0.001}",8,,True,True,96,False,0,301.0775592054415,extension,scale-single__bank-off__continuation-preserved,0.0001,4
off,16,10,extension,0.19660362284585406,,/work/11617/sujato_ts/vista/motion_code-master/physics_modal_v4/enhancements/results/factorial/checkpoints/scale-single__bank-off__continuation-preserved/seed44/Electricity/h720.pt,4e6730c886983b76,preserved,2,False,Electricity,16,1329.6343684792519,latentflow-factorial-2x2x2-all28-three-seed-no-exchange-v2-selector-safe,factorial,10,latentflow_process_preserving_unfreeze2,5.0,0.001,720,,24.97428828912805,False,,0.0007,0.30819049899333145,2048,1024,LatentFlow,0.21465981974567927,0.02,4543.0,723195,,0.3149832385412426,0.2310450194566428,False,2,-0.006792739547911153,-0.016385199710963527,,/work/11617/sujato_ts/vista/motion_code-master/physics_modal_v4/enhancements/results/factorial/runs/scale-single__bank-off__continuation-preserved/seed44/Electricity/h720.json,7c4d4fa98af53ce7859d0dfe67b8bba3a023118a8c0e9cf1f2f888cfd5cfab16,,0.4633139537567148,single,44,"{'inducing_points': 32, 'latent_dim': 16, 'patch_lens': [8, 16, 32], 'representation_weight': 0.001}",8,,True,True,96,False,0,344.0621181987808,extension,scale-single__bank-off__continuation-preserved,0.0001,4
off,16,10,extension,0.13998777277744448,,/work/11617/sujato_ts/vista/motion_code-master/physics_modal_v4/enhancements/results/factorial/checkpoints/scale-single__bank-off__continuation-preserved/seed44/Electricity/h96.pt,6453e3ca3a3aa507,preserved,2,False,Electricity,16,1334.241993566975,latentflow-factorial-2x2x2-all28-three-seed-no-exchange-v2-selector-safe,factorial,10,latentflow_process_preserving_unfreeze2,5.0,0.001,96,,23.583751103602523,False,,0.0007,0.2589506279657598,2048,1024,LatentFlow,0.16243926125516367,0.02,5167.0,461115,,0.2677503883411236,0.1745492791480004,False,2,-0.008799760375363785,-0.012110017892836722,,/work/11617/sujato_ts/vista/motion_code-master/physics_modal_v4/enhancements/results/factorial/runs/scale-single__bank-off__continuation-preserved/seed44/Electricity/h96.json,479c3f6ff608c1b644297a77803845e41d860bc6214a0ee64aaba1f3e7a142c5,,0.40303754323284036,single,44,"{'inducing_points': 32, 'latent_dim': 16, 'patch_lens': [8, 16, 32], 'representation_weight': 0.001}",8,,True,True,96,False,0,337.1709509585344,extension,scale-single__bank-off__continuation-preserved,0.0001,4
off,16,10,extension,0.38856174414782957,,/work/11617/sujato_ts/vista/motion_code-master/physics_modal_v4/enhancements/results/factorial/checkpoints/scale-single__bank-off__continuation-preserved/seed44/Traffic/h192.pt,2ec5181cd39a1ad9,preserved,2,False,Traffic,16,2178.8577944790013,latentflow-factorial-2x2x2-all28-three-seed-no-exchange-v2-selector-safe,factorial,10,latentflow_process_preserving_unfreeze2,5.0,0.001,192,,55.59422723625017,False,,0.0007,0.29897588978196077,2048,1024,LatentFlow,0.4531402659465083,0.02,3319.0,501474,,0.3119441572121036,0.464997803634542,False,2,-0.012968267430142844,-0.011857537688033715,,/work/11617/sujato_ts/vista/motion_code-master/physics_modal_v4/enhancements/results/factorial/runs/scale-single__bank-off__continuation-preserved/seed44/Traffic/h192.json,a30da11e95dbf34a4c88ba108969bedb4c207f6da9301f3797d8c6936d7eb986,,0.6731569400567065,single,44,"{'inducing_points': 32, 'latent_dim': 16, 'patch_lens': [8, 16, 32], 'representation_weight': 0.001}",8,,True,True,96,False,0,606.897985321848,extension,scale-single__bank-off__continuation-preserved,0.0001,4
off,16,10,extension,0.4004912864778624,,/work/11617/sujato_ts/vista/motion_code-master/physics_modal_v4/enhancements/results/factorial/checkpoints/scale-single__bank-off__continuation-preserved/seed44/Traffic/h336.pt,214858cdd14bdd97,preserved,2,False,Traffic,16,2321.070196718996,latentflow-factorial-2x2x2-all28-three-seed-no-exchange-v2-selector-safe,factorial,10,latentflow_process_preserving_unfreeze2,5.0,0.001,336,,58.3743325933212,False,,0.0007,0.3020560788528718,2048,1024,LatentFlow,0.4659149105487213,0.02,3175.0,560658,,0.31476032557904593,0.47953657167971825,False,2,-0.012704246726174151,-0.013621661130996943,,/work/11617/sujato_ts/vista/motion_code-master/physics_modal_v4/enhancements/results/factorial/runs/scale-single__bank-off__continuation-preserved/seed44/Traffic/h336.json,acd90b9a940d9d2c5f3a2bd29ff1aaa3c67279b5c9c13f86a2b3b23814bd7fcb,,0.6825796001557044,single,44,"{'inducing_points': 32, 'latent_dim': 16, 'patch_lens': [8, 16, 32], 'representation_weight': 0.001}",8,,True,True,96,False,0,646.1830546187684,extension,scale-single__bank-off__continuation-preserved,0.0001,4
off,16,10,extension,0.44623547834537486,,/work/11617/sujato_ts/vista/motion_code-master/physics_modal_v4/enhancements/results/factorial/checkpoints/scale-single__bank-off__continuation-preserved/seed44/Traffic/h720.pt,53291c407b018b1a,preserved,2,False,Traffic,16,2494.3188145007007,latentflow-factorial-2x2x2-all28-three-seed-no-exchange-v2-selector-safe,factorial,10,latentflow_process_preserving_unfreeze2,5.0,0.001,720,,64.5746679832067,False,,0.0007,0.31662623834705733,2048,1024,LatentFlow,0.4902766505303664,0.02,2791.0,724818,,0.33127712263639,0.5087483302868716,False,2,-0.014650884289332644,-0.01847167975650521,,/work/11617/sujato_ts/vista/motion_code-master/physics_modal_v4/enhancements/results/factorial/runs/scale-single__bank-off__continuation-preserved/seed44/Traffic/h720.json,466710795976c0df02cc749aa7e10ffe15222ba4f181e037c83fb0ed3d2969f1,,0.7001975796376094,single,44,"{'inducing_points': 32, 'latent_dim': 16, 'patch_lens': [8, 16, 32], 'representation_weight': 0.001}",8,,True,True,96,False,0,713.8446078919515,extension,scale-single__bank-off__continuation-preserved,0.0001,4
off,16,10,extension,0.3996897004688791,,/work/11617/sujato_ts/vista/motion_code-master/physics_modal_v4/enhancements/results/factorial/checkpoints/scale-single__bank-off__continuation-preserved/seed44/Traffic/h96.pt,3893bba960154b2d,preserved,2,False,Traffic,16,2263.9352806583047,latentflow-factorial-2x2x2-all28-three-seed-no-exchange-v2-selector-safe,factorial,10,latentflow_process_preserving_unfreeze2,5.0,0.001,96,,54.580188109298966,False,,0.0007,0.30155944969010845,2048,1024,LatentFlow,0.44573788229116773,0.02,3415.0,462738,,0.3147410658357755,0.4629430303537227,False,2,-0.013181616145667041,-0.017205148062554965,,/work/11617/sujato_ts/vista/motion_code-master/physics_modal_v4/enhancements/results/factorial/runs/scale-single__bank-off__continuation-preserved/seed44/Traffic/h96.json,b9422a2ec8a18617acb910a669cc2f2fce54d06b9c930acf2479b170f4dfadf5,,0.6676360402877961,single,44,"{'inducing_points': 32, 'latent_dim': 16, 'patch_lens': [8, 16, 32], 'representation_weight': 0.001}",8,,True,True,96,False,0,622.7472332349862,extension,scale-single__bank-off__continuation-preserved,0.0001,4
off,16,5,extension,0.47485238774901345,,/work/11617/sujato_ts/vista/motion_code-master/physics_modal_v4/enhancements/results/factorial/checkpoints/scale-single__bank-off__continuation-preserved/seed44/Weather/h192.pt,2f95f6cd3b9c6f4b,preserved,2,False,Weather,16,509.9173405589536,latentflow-factorial-2x2x2-all28-three-seed-no-exchange-v2-selector-safe,factorial,10,latentflow_process_preserving_unfreeze2,5.0,0.001,192,,31.212863183125506,False,,0.0007,0.252410338080726,2048,1024,LatentFlow,0.2111556558430396,0.02,10349.0,500020,,0.2541101282669198,0.2135008418694068,False,2,-0.001699790186193817,-0.0023451860263671853,,/work/11617/sujato_ts/vista/motion_code-master/physics_modal_v4/enhancements/results/factorial/runs/scale-single__bank-off__continuation-preserved/seed44/Weather/h192.json,624c1190c0d38006c5a91e3af9a42326ecf14471b07d989c84aa470a0194ad20,,0.45951676339720143,single,44,"{'inducing_points': 32, 'latent_dim': 16, 'patch_lens': [8, 16, 32], 'representation_weight': 0.001}",8,,True,True,96,False,0,129.88072260232002,extension,scale-single__bank-off__continuation-preserved,0.0001,4
off,16,3,extension,0.5593896052734652,,/work/11617/sujato_ts/vista/motion_code-master/physics_modal_v4/enhancements/results/factorial/checkpoints/scale-single__bank-off__continuation-preserved/seed44/Weather/h336.pt,3c544d0b16f69cf3,preserved,2,False,Weather,16,465.9405355490744,latentflow-factorial-2x2x2-all28-three-seed-no-exchange-v2-selector-safe,factorial,10,latentflow_process_preserving_unfreeze2,5.0,0.001,336,,31.90200126059236,False,,0.0007,0.29717499519010304,2048,1024,LatentFlow,0.27019355593879796,0.02,10205.0,559204,,0.2988310364946929,0.27144156003281755,False,2,-0.0016560413045898503,-0.0012480040940195947,,/work/11617/sujato_ts/vista/motion_code-master/physics_modal_v4/enhancements/results/factorial/runs/scale-single__bank-off__continuation-preserved/seed44/Weather/h336.json,a0266cd09b669d223b6acf8a2a245fd5c97758f5222a9688c68864def0658669,,0.5198014581922582,single,44,"{'inducing_points': 32, 'latent_dim': 16, 'patch_lens': [8, 16, 32], 'representation_weight': 0.001}",8,,True,True,96,False,0,118.64774661953561,extension,scale-single__bank-off__continuation-preserved,0.0001,4
off,16,7,extension,0.6785129587486307,,/work/11617/sujato_ts/vista/motion_code-master/physics_modal_v4/enhancements/results/factorial/checkpoints/scale-single__bank-off__continuation-preserved/seed44/Weather/h720.pt,a0c186aec7cc0397,preserved,2,False,Weather,16,474.97629013098776,latentflow-factorial-2x2x2-all28-three-seed-no-exchange-v2-selector-safe,factorial,10,latentflow_process_preserving_unfreeze2,5.0,0.001,720,,35.32219177197202,False,,0.0007,0.34526221716084815,2048,1024,LatentFlow,0.345124312942452,0.02,9821.0,723364,,0.3463023784219675,0.3461778208376323,False,2,-0.0010401612611193323,-0.0010535078951803278,,/work/11617/sujato_ts/vista/motion_code-master/physics_modal_v4/enhancements/results/factorial/runs/scale-single__bank-off__continuation-preserved/seed44/Weather/h720.json,9149532bd442946044adfa5a3e0d388c77cdcef76adbce2dc827f6f05d4981ef,,0.5874728188967145,single,44,"{'inducing_points': 32, 'latent_dim': 16, 'patch_lens': [8, 16, 32], 'representation_weight': 0.001}",8,,True,True,96,False,0,120.59449848457007,extension,scale-single__bank-off__continuation-preserved,0.0001,4
off,16,4,extension,0.4315859137309922,,/work/11617/sujato_ts/vista/motion_code-master/physics_modal_v4/enhancements/results/factorial/checkpoints/scale-single__bank-off__continuation-preserved/seed44/Weather/h96.pt,e80acc4fbe7859cf,preserved,2,False,Weather,16,486.0838412716985,latentflow-factorial-2x2x2-all28-three-seed-no-exchange-v2-selector-safe,factorial,10,latentflow_process_preserving_unfreeze2,5.0,0.001,96,,30.87254487637562,False,,0.0007,0.21251384597687073,2048,1024,LatentFlow,0.16502760576037168,0.02,10445.0,461284,,0.21435710709272193,0.16770427762437157,False,2,-0.0018432611158512024,-0.002676671863999891,,/work/11617/sujato_ts/vista/motion_code-master/physics_modal_v4/enhancements/results/factorial/runs/scale-single__bank-off__continuation-preserved/seed44/Weather/h96.json,04e4f8ce121d6d4b5a7a6d8485d640f4c0592887eebd3b6a592ae3f1cd27ac75,,0.4062358991526619,single,44,"{'inducing_points': 32, 'latent_dim': 16, 'patch_lens': [8, 16, 32], 'representation_weight': 0.001}",8,,True,True,96,False,0,123.22985369100934,extension,scale-single__bank-off__continuation-preserved,0.0001,4
on,16,2,extension,1.0167212855248224,,/work/11617/sujato_ts/vista/motion_code-master/physics_modal_v4/enhancements/results/factorial/checkpoints/scale-single__bank-on__continuation-early/seed42/ETTh1/h192.pt,7114eb44ef88e138,early,2,False,ETTh1,16,312.308693326544,latentflow-factorial-2x2x2-all28-three-seed-no-exchange-v2-selector-safe,factorial,10,latentflow_process_preserving_unfreeze2,5.0,0.001,192,,21.97308313592287,False,,0.0007,0.4361144300961153,2048,1024,LatentFlow,0.4436324625596728,0.02,2689.0,617482,,0.43620894722768894,0.44605673155124015,False,2,-9.451713157365704e-05,-0.0024242689915673354,,/work/11617/sujato_ts/vista/motion_code-master/physics_modal_v4/enhancements/results/factorial/runs/scale-single__bank-on__continuation-early/seed42/ETTh1/h192.json,ede191ae30bca03e9f4efcb4f99eee97b0651d446694a8c0967872ebd0395ea7,,0.6660574018503757,single,42,"{'inducing_points': 32, 'latent_dim': 16, 'patch_lens': [16, 32, 48], 'representation_weight': 0.05}",16,,True,True,96,False,0,78.6075942509342,extension,scale-single__bank-on__continuation-early,0.0001,4
on,16,2,extension,1.2827181617418926,,/work/11617/sujato_ts/vista/motion_code-master/physics_modal_v4/enhancements/results/factorial/checkpoints/scale-single__bank-on__continuation-early/seed42/ETTh1/h336.pt,0450f7b93a488e76,early,2,False,ETTh1,16,311.24173500575125,latentflow-factorial-2x2x2-all28-three-seed-no-exchange-v2-selector-safe,factorial,10,latentflow_process_preserving_unfreeze2,5.0,0.001,336,,21.546675668899677,False,,0.0007,0.4466642452946767,2048,1024,LatentFlow,0.48191305553371583,0.02,2545.0,806468,,0.4494991419903968,0.48704707273390463,False,2,-0.002834896695720124,-0.005134017200188801,,/work/11617/sujato_ts/vista/motion_code-master/physics_modal_v4/enhancements/results/factorial/runs/scale-single__bank-on__continuation-early/seed42/ETTh1/h336.json,50b036379aa6fb37521d1b514260adfb62fdf585d0df5722fa94d956431bb8b7,,0.6941995790359685,single,42,"{'inducing_points': 32, 'latent_dim': 16, 'patch_lens': [16, 32, 48], 'representation_weight': 0.05}",48,,True,True,96,False,0,78.48296379088424,extension,scale-single__bank-on__continuation-early,0.0001,4
on,16,1,extension,1.5561292618040055,,/work/11617/sujato_ts/vista/motion_code-master/physics_modal_v4/enhancements/results/factorial/checkpoints/scale-single__bank-on__continuation-early/seed42/ETTh1/h720.pt,88a4f5be43a45f70,early,2,False,ETTh1,16,309.94594664219767,latentflow-factorial-2x2x2-all28-three-seed-no-exchange-v2-selector-safe,factorial,10,latentflow_process_preserving_unfreeze2,5.0,0.001,720,,21.69842859591121,False,,0.0007,0.4791591719352107,2048,1024,LatentFlow,0.4945949792471413,0.02,2161.0,1180516,,0.47859032000202106,0.4938865323758555,False,2,0.000568851933189618,0.000708446871285795,,/work/11617/sujato_ts/vista/motion_code-master/physics_modal_v4/enhancements/results/factorial/runs/scale-single__bank-on__continuation-early/seed42/ETTh1/h720.json,5f7f013283dad185002bab7538100abff901afc789672ecc7d687ae2297d9369,,0.7032744693554155,single,42,"{'inducing_points': 32, 'latent_dim': 16, 'patch_lens': [16, 32, 48], 'representation_weight': 0.05}",48,,True,True,96,False,0,78.48178137792274,extension,scale-single__bank-on__continuation-early,0.0001,4
on,16,9,extension,0.7599173993581817,,/work/11617/sujato_ts/vista/motion_code-master/physics_modal_v4/enhancements/results/factorial/checkpoints/scale-single__bank-on__continuation-early/seed42/ETTh1/h96.pt,72c3f368e2d36b47,early,2,False,ETTh1,16,298.1277735850017,latentflow-factorial-2x2x2-all28-three-seed-no-exchange-v2-selector-safe,factorial,10,latentflow_process_preserving_unfreeze2,5.0,0.001,96,,19.319474158776288,False,,0.0007,0.40871520717908166,2048,1024,LatentFlow,0.39880589541180617,0.02,2785.0,572818,,0.40459336049843925,0.39791870638989296,False,2,0.004121846680642416,0.0008871890219132039,,/work/11617/sujato_ts/vista/motion_code-master/physics_modal_v4/enhancements/results/factorial/runs/scale-single__bank-on__continuation-early/seed42/ETTh1/h96.json,82e96be72ffaf3c1bc2c9d553f48f159eba26b95b2556ae37feb761df40d5371,,0.6315108038757581,single,42,"{'inducing_points': 32, 'latent_dim': 16, 'patch_lens': [16, 32, 48], 'representation_weight': 0.05}",48,,True,True,96,False,0,75.25739939765117,extension,scale-single__bank-on__continuation-early,0.0001,4
on,16,0,reference,0.2647402187188466,,/work/11617/sujato_ts/vista/motion_code-master/physics_modal_v4/enhancements/results/factorial/checkpoints/scale-single__bank-on__continuation-early/seed42/ETTh2/h192.pt,6c2ac767cedfb072,early,2,False,ETTh2,16,313.81983022671193,latentflow-factorial-2x2x2-all28-three-seed-no-exchange-v2-selector-safe,factorial,10,latentflow_process_preserving_unfreeze2,5.0,0.001,192,,4.375182948225808,True,,0.0007,0.39251590989787766,2048,1024,LatentFlow,0.38090621875148944,0.02,2689.0,646258,,0.39251590989787766,0.38090621875148944,False,2,0.0,0.0,,/work/11617/sujato_ts/vista/motion_code-master/physics_modal_v4/enhancements/results/factorial/runs/scale-single__bank-on__continuation-early/seed42/ETTh2/h192.json,eb55c9ca128389ca0d6ecdb7f34b2ec9fb1eef8924a3726c69d00dae6d41c700,,0.6171760030586814,single,42,"{'inducing_points': 32, 'latent_dim': 8, 'patch_lens': [16, 32, 48], 'representation_weight': 0.001}",48,,True,True,96,False,0,79.0332964847039,reference,scale-single__bank-on__continuation-early,0.0001,4
on,16,1,extension,0.34340364308584304,,/work/11617/sujato_ts/vista/motion_code-master/physics_modal_v4/enhancements/results/factorial/checkpoints/scale-single__bank-on__continuation-early/seed42/ETTh2/h336.pt,9d3f99f1064c7032,early,2,False,ETTh2,16,302.20312108285725,latentflow-factorial-2x2x2-all28-three-seed-no-exchange-v2-selector-safe,factorial,10,latentflow_process_preserving_unfreeze2,5.0,0.001,336,,21.75859465923962,False,,0.0007,0.4282339193625211,2048,1024,LatentFlow,0.4213302482400131,0.02,2545.0,786460,,0.4272882950703765,0.421305299264402,False,2,0.0009456242921445646,2.494897561106102e-05,,/work/11617/sujato_ts/vista/motion_code-master/physics_modal_v4/enhancements/results/factorial/runs/scale-single__bank-on__continuation-early/seed42/ETTh2/h336.json,d969fa2649bdf54c48827c1d9dae5df34d520ab863610897e33c758a516a5a80,,0.6490995672776351,single,42,"{'inducing_points': 32, 'latent_dim': 8, 'patch_lens': [16, 32, 48], 'representation_weight': 0.001}",48,,True,True,96,False,0,76.25294765020953,extension,scale-single__bank-on__continuation-early,0.0001,4
on,16,0,reference,0.5973923921585083,,/work/11617/sujato_ts/vista/motion_code-master/physics_modal_v4/enhancements/results/factorial/checkpoints/scale-single__bank-on__continuation-early/seed42/ETTh2/h720.pt,a391a2f826a9a236,early,2,False,ETTh2,16,307.5988115211949,latentflow-factorial-2x2x2-all28-three-seed-no-exchange-v2-selector-safe,factorial,10,latentflow_process_preserving_unfreeze2,5.0,0.001,720,,4.785006108290669,True,,0.0007,0.434828278489231,2048,1024,LatentFlow,0.4109337318996329,0.02,2161.0,1160508,,0.434828278489231,0.4109337318996329,False,2,0.0,0.0,,/work/11617/sujato_ts/vista/motion_code-master/physics_modal_v4/enhancements/results/factorial/runs/scale-single__bank-on__continuation-early/seed42/ETTh2/h720.json,564f829474c9e06666189f48434da388276cee154e08533eae0eebbeecf84507,,0.6410411312073765,single,42,"{'inducing_points': 32, 'latent_dim': 8, 'patch_lens': [16, 32, 48], 'representation_weight': 0.001}",48,,True,True,96,False,0,77.48060946578335,reference,scale-single__bank-on__continuation-early,0.0001,4
on,16,1,extension,0.2138938212855941,,/work/11617/sujato_ts/vista/motion_code-master/physics_modal_v4/enhancements/results/factorial/checkpoints/scale-single__bank-on__continuation-early/seed42/ETTh2/h96.pt,bdf5bffcee41f4f8,early,2,False,ETTh2,16,295.48982511274517,latentflow-factorial-2x2x2-all28-three-seed-no-exchange-v2-selector-safe,factorial,10,latentflow_process_preserving_unfreeze2,5.0,0.001,96,,19.84371681498482,False,,0.0007,0.3408055159131859,2048,1024,LatentFlow,0.2952886592753781,0.02,2785.0,552810,,0.3408561592724952,0.2953847670133189,False,2,-5.064335930926589e-05,-9.610773794077598e-05,,/work/11617/sujato_ts/vista/motion_code-master/physics_modal_v4/enhancements/results/factorial/runs/scale-single__bank-on__continuation-early/seed42/ETTh2/h96.json,8bd87b5bb1235b76a6ba349750996b273a037ba60e1082cf3ab82f2af40d39ad,,0.5434046919887406,single,42,"{'inducing_points': 32, 'latent_dim': 8, 'patch_lens': [16, 32, 48], 'representation_weight': 0.001}",48,,True,True,96,False,0,73.69423241761979,extension,scale-single__bank-on__continuation-early,0.0001,4
on,16,0,reference,0.5070549629273868,,/work/11617/sujato_ts/vista/motion_code-master/physics_modal_v4/enhancements/results/factorial/checkpoints/scale-single__bank-on__continuation-early/seed42/ETTm1/h192.pt,7d10b0d5b3070bf2,early,2,False,ETTm1,16,311.2299875523895,latentflow-factorial-2x2x2-all28-three-seed-no-exchange-v2-selector-safe,factorial,10,latentflow_process_preserving_unfreeze2,5.0,0.001,192,,4.290899197285128,True,,0.0007,0.40745573511743344,2048,1024,LatentFlow,0.40148370819914675,0.02,11329.0,620266,,0.40745573511743344,0.40148370819914675,False,2,0.0,0.0,,/work/11617/sujato_ts/vista/motion_code-master/physics_modal_v4/enhancements/results/factorial/runs/scale-single__bank-on__continuation-early/seed42/ETTm1/h192.json,41ac75f797a6de9f870df1384837a85e0bcd4971a92f1aa54c8aeecdae7e01af,,0.6336274206496644,single,42,"{'inducing_points': 32, 'latent_dim': 8, 'patch_lens': [8, 24, 48], 'representation_weight': 0.01}",24,,True,True,96,False,0,77.62603565497557,reference,scale-single__bank-on__continuation-early,0.0001,4
on,16,1,extension,0.652106349362808,,/work/11617/sujato_ts/vista/motion_code-master/physics_modal_v4/enhancements/results/factorial/checkpoints/scale-single__bank-on__continuation-early/seed42/ETTm1/h336.pt,7ab4cd5d5cfb4e10,early,2,False,ETTm1,16,321.09817692101933,latentflow-factorial-2x2x2-all28-three-seed-no-exchange-v2-selector-safe,factorial,10,latentflow_process_preserving_unfreeze2,5.0,0.001,336,,20.079519277449197,False,,0.0007,0.4128341386741038,2048,1024,LatentFlow,0.40415962835944136,0.02,11185.0,752570,,0.4112969252567128,0.40240100541593515,False,2,0.0015372134173909924,0.001758622943506205,,/work/11617/sujato_ts/vista/motion_code-master/physics_modal_v4/enhancements/results/factorial/runs/scale-single__bank-on__continuation-early/seed42/ETTm1/h336.json,0063261e5a5c87473b2868edd9a9cf34d41d58fc1a7688afffe0c4f6e4a79fe1,,0.6357355018869415,single,42,"{'inducing_points': 32, 'latent_dim': 8, 'patch_lens': [8, 24, 48], 'representation_weight': 0.01}",8,,True,True,96,False,0,79.95748862977052,extension,scale-single__bank-on__continuation-early,0.0001,4
on,16,4,extension,0.9778796460893419,,/work/11617/sujato_ts/vista/motion_code-master/physics_modal_v4/enhancements/results/factorial/checkpoints/scale-single__bank-on__continuation-early/seed42/ETTm1/h720.pt,61a05d325392ec48,early,2,False,ETTm1,16,296.87903666635975,latentflow-factorial-2x2x2-all28-three-seed-no-exchange-v2-selector-safe,factorial,10,latentflow_process_preserving_unfreeze2,5.0,0.001,720,,20.47582204005949,False,,0.0007,0.4899270309401667,2048,1024,LatentFlow,0.5339474334923772,0.02,10801.0,1140218,,0.4706026573653797,0.49441572303893117,False,2,0.019324373574787,0.039531710453446,,/work/11617/sujato_ts/vista/motion_code-master/physics_modal_v4/enhancements/results/factorial/runs/scale-single__bank-on__continuation-early/seed42/ETTm1/h720.json,b822eb86bee24830dd4f8032cc66505d40e0dcbe22fd62b677972ae38f14c703,,0.7307170680176953,single,42,"{'inducing_points': 32, 'latent_dim': 8, 'patch_lens': [8, 24, 48], 'representation_weight': 0.01}",8,,True,True,96,False,0,74.16973954459536,extension,scale-single__bank-on__continuation-early,0.0001,4
on,16,0,reference,0.39250070246912183,,/work/11617/sujato_ts/vista/motion_code-master/physics_modal_v4/enhancements/results/factorial/checkpoints/scale-single__bank-on__continuation-early/seed42/ETTm1/h96.pt,804f56c32c29f535,early,2,False,ETTm1,16,300.9808463938534,latentflow-factorial-2x2x2-all28-three-seed-no-exchange-v2-selector-safe,factorial,10,latentflow_process_preserving_unfreeze2,5.0,0.001,96,,4.135361609740123,True,,0.0007,0.37793458419876125,2048,1024,LatentFlow,0.3411493279907347,0.02,11425.0,526714,,0.37793458419876125,0.3411493279907347,False,2,0.0,0.0,,/work/11617/sujato_ts/vista/motion_code-master/physics_modal_v4/enhancements/results/factorial/runs/scale-single__bank-on__continuation-early/seed42/ETTm1/h96.json,1077b20cdd46cc79c6a781bd49070f56bdf5588503b0aabbd067c0116a0674b4,,0.584079898636081,single,42,"{'inducing_points': 32, 'latent_dim': 8, 'patch_lens': [8, 24, 48], 'representation_weight': 0.01}",24,,True,True,96,False,0,75.86834742542123,reference,scale-single__bank-on__continuation-early,0.0001,4
on,16,2,extension,0.16747675951392876,,/work/11617/sujato_ts/vista/motion_code-master/physics_modal_v4/enhancements/results/factorial/checkpoints/scale-single__bank-on__continuation-early/seed42/ETTm2/h192.pt,c45962178470fa31,early,2,False,ETTm2,16,326.0171291921288,latentflow-factorial-2x2x2-all28-three-seed-no-exchange-v2-selector-safe,factorial,10,latentflow_process_preserving_unfreeze2,5.0,0.001,192,,21.230182622307765,False,,0.0007,0.2997616026354409,2048,1024,LatentFlow,0.24016770011579214,0.02,11329.0,609514,,0.30130034184840593,0.24211921609077525,False,2,-0.0015387392129650457,-0.001951515974983109,,/work/11617/sujato_ts/vista/motion_code-master/physics_modal_v4/enhancements/results/factorial/runs/scale-single__bank-on__continuation-early/seed42/ETTm2/h192.json,bbfbbe411dacc55cc0bd4dd3ac383e7a037d7bf03fcc2097debeb0c33d5271ad,,0.4900690768818128,single,42,"{'inducing_points': 16, 'latent_dim': 8, 'patch_lens': [8, 16, 32], 'representation_weight': 0.001}",8,,True,True,96,False,0,81.31304544658633,extension,scale-single__bank-on__continuation-early,0.0001,4
on,16,1,extension,0.21620831765285153,,/work/11617/sujato_ts/vista/motion_code-master/physics_modal_v4/enhancements/results/factorial/checkpoints/scale-single__bank-on__continuation-early/seed42/ETTm2/h336.pt,ca2f86793995f079,early,2,False,ETTm2,16,331.5932897850871,latentflow-factorial-2x2x2-all28-three-seed-no-exchange-v2-selector-safe,factorial,10,latentflow_process_preserving_unfreeze2,5.0,0.001,336,,21.997635138026283,False,,0.0007,0.34352342533673513,2048,1024,LatentFlow,0.3054668442580366,0.02,11185.0,752506,,0.3437390386213053,0.30585988620277343,False,2,-0.0002156132845701486,-0.0003930419447368272,,/work/11617/sujato_ts/vista/motion_code-master/physics_modal_v4/enhancements/results/factorial/runs/scale-single__bank-on__continuation-early/seed42/ETTm2/h336.json,e891756c499a50468fec7d6948a54c26702361d587dc926722cb0b1b62cdd916,,0.5526905501797879,single,42,"{'inducing_points': 16, 'latent_dim': 8, 'patch_lens': [8, 16, 32], 'representation_weight': 0.001}",8,,True,True,96,False,0,82.49808525288245,extension,scale-single__bank-on__continuation-early,0.0001,4
on,16,6,extension,0.29608962781845577,,/work/11617/sujato_ts/vista/motion_code-master/physics_modal_v4/enhancements/results/factorial/checkpoints/scale-single__bank-on__continuation-early/seed42/ETTm2/h720.pt,1e4693e4013b5099,early,2,False,ETTm2,16,309.29544791800436,latentflow-factorial-2x2x2-all28-three-seed-no-exchange-v2-selector-safe,factorial,10,latentflow_process_preserving_unfreeze2,5.0,0.001,720,,20.98845640468226,False,,0.0007,0.4056920563995452,2048,1024,LatentFlow,0.41123898560852795,0.02,10801.0,1131828,,0.40216661865068976,0.4087425182051122,False,2,0.0035254377488554423,0.0024964674034157475,,/work/11617/sujato_ts/vista/motion_code-master/physics_modal_v4/enhancements/results/factorial/runs/scale-single__bank-on__continuation-early/seed42/ETTm2/h720.json,d4de6eabff2451d210796a9674c6e9bc8795c9f82389d362123f9adca2080391,,0.6412791791478404,single,42,"{'inducing_points': 16, 'latent_dim': 8, 'patch_lens': [8, 16, 32], 'representation_weight': 0.001}",16,,True,True,96,False,0,77.31860706398948,extension,scale-single__bank-on__continuation-early,0.0001,4
on,16,2,extension,0.12874080214117253,,/work/11617/sujato_ts/vista/motion_code-master/physics_modal_v4/enhancements/results/factorial/checkpoints/scale-single__bank-on__continuation-early/seed42/ETTm2/h96.pt,b7e2d088575319e9,early,2,False,ETTm2,16,306.2690060213208,latentflow-factorial-2x2x2-all28-three-seed-no-exchange-v2-selector-safe,factorial,10,latentflow_process_preserving_unfreeze2,5.0,0.001,96,,19.04890598104888,False,,0.0007,0.2595940532924807,2048,1024,LatentFlow,0.17522102296333755,0.02,11425.0,514906,,0.2604329699462337,0.17623744862643806,False,2,-0.000838916653753019,-0.0010164256631005064,,/work/11617/sujato_ts/vista/motion_code-master/physics_modal_v4/enhancements/results/factorial/runs/scale-single__bank-on__continuation-early/seed42/ETTm2/h96.json,5279cda7f319d15353f1de59d7c54628fc19eb4f455327b011378fdfea8a5d2f,,0.41859410287692483,single,42,"{'inducing_points': 16, 'latent_dim': 8, 'patch_lens': [8, 16, 32], 'representation_weight': 0.001}",8,,True,True,96,False,0,76.49288163738674,extension,scale-single__bank-on__continuation-early,0.0001,4
on,16,9,extension,0.14639800341329842,,/work/11617/sujato_ts/vista/motion_code-master/physics_modal_v4/enhancements/results/factorial/checkpoints/scale-single__bank-on__continuation-early/seed42/Electricity/h192.pt,a272bf8153bc5ab2,early,2,False,Electricity,16,1419.7214899808168,latentflow-factorial-2x2x2-all28-three-seed-no-exchange-v2-selector-safe,factorial,10,latentflow_process_preserving_unfreeze2,5.0,0.001,192,,25.86249290563837,False,,0.0007,0.2993320898121776,2048,1024,LatentFlow,0.1989866548797917,0.02,5071.0,612867,,0.26903617975431154,0.18057755324293223,False,2,0.030295910057866082,0.018409101636859465,,/work/11617/sujato_ts/vista/motion_code-master/physics_modal_v4/enhancements/results/factorial/runs/scale-single__bank-on__continuation-early/seed42/Electricity/h192.json,82c44053179eca6abc8f153c87dd144bf78c0928bf01ef8b98efafde3e8da6b5,,0.446079202473946,single,42,"{'inducing_points': 32, 'latent_dim': 16, 'patch_lens': [8, 16, 32], 'representation_weight': 0.001}",8,,True,True,96,False,0,360.3558334187255,extension,scale-single__bank-on__continuation-early,0.0001,4
on,16,10,extension,0.16297773596193896,,/work/11617/sujato_ts/vista/motion_code-master/physics_modal_v4/enhancements/results/factorial/checkpoints/scale-single__bank-on__continuation-early/seed42/Electricity/h336.pt,ce27f95286982c19,early,2,False,Electricity,16,1444.7453463636339,latentflow-factorial-2x2x2-all28-three-seed-no-exchange-v2-selector-safe,factorial,10,latentflow_process_preserving_unfreeze2,5.0,0.001,336,,24.45748603857327,False,,0.0007,0.30760637252444417,2048,1024,LatentFlow,0.21014224534210027,0.02,4927.0,755859,,0.2882653510398881,0.19989252836524798,False,2,0.019341021484556076,0.010249716976852286,,/work/11617/sujato_ts/vista/motion_code-master/physics_modal_v4/enhancements/results/factorial/runs/scale-single__bank-on__continuation-early/seed42/Electricity/h336.json,5bc7acfa18859fb3c514bad0d46303433af838aedf5907e7b04e6cc34e9ba971,,0.458412745614801,single,42,"{'inducing_points': 32, 'latent_dim': 16, 'patch_lens': [8, 16, 32], 'representation_weight': 0.001}",8,,True,True,96,False,0,364.71916276350385,extension,scale-single__bank-on__continuation-early,0.0001,4
on,16,8,extension,0.19489961154075508,,/work/11617/sujato_ts/vista/motion_code-master/physics_modal_v4/enhancements/results/factorial/checkpoints/scale-single__bank-on__continuation-early/seed42/Electricity/h720.pt,7c59b62510887481,early,2,False,Electricity,16,1494.28893056605,latentflow-factorial-2x2x2-all28-three-seed-no-exchange-v2-selector-safe,factorial,10,latentflow_process_preserving_unfreeze2,5.0,0.001,720,,28.272502413397323,False,,0.0007,0.3340117151073647,2048,1024,LatentFlow,0.25063385840746916,0.02,4543.0,1143507,,0.3223039518091024,0.24066453821822828,False,2,0.011707763298262341,0.009969320189240877,,/work/11617/sujato_ts/vista/motion_code-master/physics_modal_v4/enhancements/results/factorial/runs/scale-single__bank-on__continuation-early/seed42/Electricity/h720.json,382f0ae339036777a7353ad5d841ed3c5f11c5f838b530ba18dc07525fc6edf0,,0.5006334571395216,single,42,"{'inducing_points': 32, 'latent_dim': 16, 'patch_lens': [8, 16, 32], 'representation_weight': 0.001}",8,,True,True,96,False,0,380.770992968246,extension,scale-single__bank-on__continuation-early,0.0001,4
on,16,10,extension,0.13482108254175196,,/work/11617/sujato_ts/vista/motion_code-master/physics_modal_v4/enhancements/results/factorial/checkpoints/scale-single__bank-on__continuation-early/seed42/Electricity/h96.pt,29472a2379fcfe90,early,2,False,Electricity,16,1290.042133020237,latentflow-factorial-2x2x2-all28-three-seed-no-exchange-v2-selector-safe,factorial,10,latentflow_process_preserving_unfreeze2,5.0,0.001,96,,25.459594813413744,False,,0.0007,0.29368503763968595,2048,1024,LatentFlow,0.19209721429605103,0.02,5167.0,518259,,0.2572692813920298,0.16525641673100436,False,2,0.03641575624765614,0.026840797565046676,,/work/11617/sujato_ts/vista/motion_code-master/physics_modal_v4/enhancements/results/factorial/runs/scale-single__bank-on__continuation-early/seed42/Electricity/h96.json,b28d190f39ace79f5cc89ae17b0347fad700ea169775cff4d0e2ef8fe0088738,,0.4382889620969835,single,42,"{'inducing_points': 32, 'latent_dim': 16, 'patch_lens': [8, 16, 32], 'representation_weight': 0.001}",8,,True,True,96,False,0,326.5186377437203,extension,scale-single__bank-on__continuation-early,0.0001,4
on,16,10,extension,0.3860043157281013,,/work/11617/sujato_ts/vista/motion_code-master/physics_modal_v4/enhancements/results/factorial/checkpoints/scale-single__bank-on__continuation-early/seed42/Traffic/h192.pt,49da2177fd87fdca,early,2,False,Traffic,16,2313.978122288361,latentflow-factorial-2x2x2-all28-three-seed-no-exchange-v2-selector-safe,factorial,10,latentflow_process_preserving_unfreeze2,5.0,0.001,192,,56.84239919981267,False,,0.0007,0.3414645176077027,2048,1024,LatentFlow,0.5057306808678783,0.02,3319.0,614490,,0.31193999615117407,0.4670676597840479,False,2,0.02952452145652862,0.03866302108383041,,/work/11617/sujato_ts/vista/motion_code-master/physics_modal_v4/enhancements/results/factorial/runs/scale-single__bank-on__continuation-early/seed42/Traffic/h192.json,16e19df67b64f0175217fd4352f1e372cd1e9bff610c9343ce51c0d07ed74757,,0.7111474396128262,single,42,"{'inducing_points': 32, 'latent_dim': 16, 'patch_lens': [8, 16, 32], 'representation_weight': 0.001}",8,,True,True,96,False,0,639.7556836047443,extension,scale-single__bank-on__continuation-early,0.0001,4
on,16,9,extension,0.3975753998074159,,/work/11617/sujato_ts/vista/motion_code-master/physics_modal_v4/enhancements/results/factorial/checkpoints/scale-single__bank-on__continuation-early/seed42/Traffic/h336.pt,410f3ea0e6a8de0f,early,2,False,Traffic,16,2399.83257319103,latentflow-factorial-2x2x2-all28-three-seed-no-exchange-v2-selector-safe,factorial,10,latentflow_process_preserving_unfreeze2,5.0,0.001,336,,58.96112186783652,False,,0.0007,0.33279491696957614,2048,1024,LatentFlow,0.5097701214402833,0.02,3175.0,757482,,0.3113959600621631,0.4775372026188323,False,2,0.021398956907413058,0.03223291882145102,,/work/11617/sujato_ts/vista/motion_code-master/physics_modal_v4/enhancements/results/factorial/runs/scale-single__bank-on__continuation-early/seed42/Traffic/h336.json,d485dda4add4cc2c651a7534df9f6dd88111db1c9f8c3511a4ab28037a4d0c6e,,0.7139818775293133,single,42,"{'inducing_points': 32, 'latent_dim': 16, 'patch_lens': [8, 16, 32], 'representation_weight': 0.001}",8,,True,True,96,False,0,665.8049465218937,extension,scale-single__bank-on__continuation-early,0.0001,4
on,16,10,extension,0.4445459734136587,,/work/11617/sujato_ts/vista/motion_code-master/physics_modal_v4/enhancements/results/factorial/checkpoints/scale-single__bank-on__continuation-early/seed42/Traffic/h720.pt,3a564e34480d0960,early,2,False,Traffic,16,2536.4535326487385,latentflow-factorial-2x2x2-all28-three-seed-no-exchange-v2-selector-safe,factorial,10,latentflow_process_preserving_unfreeze2,5.0,0.001,720,,64.33291637289187,False,,0.0007,0.40160072812692327,2048,1024,LatentFlow,0.5698137180247081,0.02,2791.0,1145130,,0.32705866537000816,0.5037013786100898,False,2,0.0745420627569151,0.06611233941461836,,/work/11617/sujato_ts/vista/motion_code-master/physics_modal_v4/enhancements/results/factorial/runs/scale-single__bank-on__continuation-early/seed42/Traffic/h720.json,3f33735b63bc9a6c2411a13e7203306e3e6638c189815612107af78d5985350d,,0.754860065194012,single,42,"{'inducing_points': 32, 'latent_dim': 16, 'patch_lens': [8, 16, 32], 'representation_weight': 0.001}",8,,True,True,96,False,0,726.7907315290358,extension,scale-single__bank-on__continuation-early,0.0001,4
on,16,10,extension,0.39241259538749346,,/work/11617/sujato_ts/vista/motion_code-master/physics_modal_v4/enhancements/results/factorial/checkpoints/scale-single__bank-on__continuation-early/seed42/Traffic/h96.pt,76b351377d38228c,early,2,False,Traffic,16,2214.3079592213035,latentflow-factorial-2x2x2-all28-three-seed-no-exchange-v2-selector-safe,factorial,10,latentflow_process_preserving_unfreeze2,5.0,0.001,96,,56.15888131364848,False,,0.0007,0.3374583870967471,2048,1024,LatentFlow,0.4797373069057564,0.02,3415.0,519882,,0.30909050919706355,0.4536407873529254,False,2,0.028367877899683536,0.026096519552830988,,/work/11617/sujato_ts/vista/motion_code-master/physics_modal_v4/enhancements/results/factorial/runs/scale-single__bank-on__continuation-early/seed42/Traffic/h96.json,5a2fa0e7f09bb1d9f4ae8ce60e8154614224ca560a89a7d3287fbdacddd9020d,,0.6926307146710694,single,42,"{'inducing_points': 32, 'latent_dim': 16, 'patch_lens': [8, 16, 32], 'representation_weight': 0.001}",8,,True,True,96,False,0,610.3188397566555,extension,scale-single__bank-on__continuation-early,0.0001,4
on,16,9,extension,0.4816868395086319,,/work/11617/sujato_ts/vista/motion_code-master/physics_modal_v4/enhancements/results/factorial/checkpoints/scale-single__bank-on__continuation-early/seed42/Weather/h192.pt,2177c4fcc553157a,early,2,False,Weather,16,504.78917940333486,latentflow-factorial-2x2x2-all28-three-seed-no-exchange-v2-selector-safe,factorial,10,latentflow_process_preserving_unfreeze2,5.0,0.001,192,,34.72872782289231,False,,0.0007,0.2548697538990065,2048,1024,LatentFlow,0.21388062795278245,0.02,10349.0,613036,,0.2571383054325549,0.21772806853539153,False,2,-0.0022685515335483797,-0.0038474405826090796,,/work/11617/sujato_ts/vista/motion_code-master/physics_modal_v4/enhancements/results/factorial/runs/scale-single__bank-on__continuation-early/seed42/Weather/h192.json,0f1dfd331126234c80dac79a24ee7c86b749ba05f72ccf12c6a94683c504b2b3,,0.4624722996599715,single,42,"{'inducing_points': 32, 'latent_dim': 16, 'patch_lens': [8, 16, 32], 'representation_weight': 0.001}",8,,True,True,96,False,0,128.005913450761,extension,scale-single__bank-on__continuation-early,0.0001,4
on,16,3,extension,0.5597744152929778,,/work/11617/sujato_ts/vista/motion_code-master/physics_modal_v4/enhancements/results/factorial/checkpoints/scale-single__bank-on__continuation-early/seed42/Weather/h336.pt,2651ff94ec7fdd48,early,2,False,Weather,16,519.281233297661,latentflow-factorial-2x2x2-all28-three-seed-no-exchange-v2-selector-safe,factorial,10,latentflow_process_preserving_unfreeze2,5.0,0.001,336,,35.77818478122295,False,,0.0007,0.2977978520154757,2048,1024,LatentFlow,0.27224892381891574,0.02,10205.0,756028,,0.3018558399052896,0.2771905979104784,False,2,-0.004057987889813874,-0.004941674091562653,,/work/11617/sujato_ts/vista/motion_code-master/physics_modal_v4/enhancements/results/factorial/runs/scale-single__bank-on__continuation-early/seed42/Weather/h336.json,56bdaa31b4221fbc5ffc93a9622b649825b694ade64daf97e491e903912e7d07,,0.5217747826590662,single,42,"{'inducing_points': 32, 'latent_dim': 16, 'patch_lens': [8, 16, 32], 'representation_weight': 0.001}",8,,True,True,96,False,0,131.37937139472342,extension,scale-single__bank-on__continuation-early,0.0001,4
on,16,4,extension,0.6848242245023213,,/work/11617/sujato_ts/vista/motion_code-master/physics_modal_v4/enhancements/results/factorial/checkpoints/scale-single__bank-on__continuation-early/seed42/Weather/h720.pt,31123364146c602b,early,2,False,Weather,16,497.088157848455,latentflow-factorial-2x2x2-all28-three-seed-no-exchange-v2-selector-safe,factorial,10,latentflow_process_preserving_unfreeze2,5.0,0.001,720,,36.218783973405756,False,,0.0007,0.3498495188439031,2048,1024,LatentFlow,0.35217401245332963,0.02,9821.0,1143676,,0.34834239084136465,0.35065394124342514,False,2,0.0015071280025384381,0.0015200712099044944,,/work/11617/sujato_ts/vista/motion_code-master/physics_modal_v4/enhancements/results/factorial/runs/scale-single__bank-on__continuation-early/seed42/Weather/h720.json,a29c677985682bae7a6c3f18d00ea7e336c606212789d663ea2acf3f602b8ee8,,0.5934425098131492,single,42,"{'inducing_points': 32, 'latent_dim': 16, 'patch_lens': [8, 16, 32], 'representation_weight': 0.001}",8,,True,True,96,False,0,125.75959677924402,extension,scale-single__bank-on__continuation-early,0.0001,4
on,16,4,extension,0.43648639711595716,,/work/11617/sujato_ts/vista/motion_code-master/physics_modal_v4/enhancements/results/factorial/checkpoints/scale-single__bank-on__continuation-early/seed42/Weather/h96.pt,735c3bdbcdb8875f,early,2,False,Weather,16,496.282165401004,latentflow-factorial-2x2x2-all28-three-seed-no-exchange-v2-selector-safe,factorial,10,latentflow_process_preserving_unfreeze2,5.0,0.001,96,,35.417583625128465,False,,0.0007,0.2161507000136526,2048,1024,LatentFlow,0.17034327000431873,0.02,10445.0,518428,,0.21785661237575907,0.1721303252181364,False,2,-0.0017059123621064598,-0.0017870552138176676,,/work/11617/sujato_ts/vista/motion_code-master/physics_modal_v4/enhancements/results/factorial/runs/scale-single__bank-on__continuation-early/seed42/Weather/h96.json,42061b7f9c9893cab024dfb15649c9f7b3ae4f64a3da5d522687cd488ae342fa,,0.4127266286591147,single,42,"{'inducing_points': 32, 'latent_dim': 16, 'patch_lens': [8, 16, 32], 'representation_weight': 0.001}",8,,True,True,96,False,0,125.93837903516487,extension,scale-single__bank-on__continuation-early,0.0001,4
on,16,3,extension,1.020129742366927,,/work/11617/sujato_ts/vista/motion_code-master/physics_modal_v4/enhancements/results/factorial/checkpoints/scale-single__bank-on__continuation-early/seed43/ETTh1/h192.pt,a50cd1471de09d0c,early,2,False,ETTh1,16,312.4714828757569,latentflow-factorial-2x2x2-all28-three-seed-no-exchange-v2-selector-safe,factorial,10,latentflow_process_preserving_unfreeze2,5.0,0.001,192,,19.89662858607348,False,,0.0007,0.4321974851931893,2048,1024,LatentFlow,0.44654209945784906,0.02,2689.0,637634,,0.4321298937012318,0.4493923361038089,False,2,6.759149195750824e-05,-0.002850236645959847,,/work/11617/sujato_ts/vista/motion_code-master/physics_modal_v4/enhancements/results/factorial/runs/scale-single__bank-on__continuation-early/seed43/ETTh1/h192.json,33b7310aed3edac1c6909c817e9dff52ef7bca84ae2db8e266e813369f64881b,,0.6682380559784432,single,43,"{'inducing_points': 32, 'latent_dim': 16, 'patch_lens': [16, 32, 48], 'representation_weight': 0.05}",32,,True,True,96,False,0,78.7211918781395,extension,scale-single__bank-on__continuation-early,0.0001,4
on,16,2,extension,1.282598808509152,,/work/11617/sujato_ts/vista/motion_code-master/physics_modal_v4/enhancements/results/factorial/checkpoints/scale-single__bank-on__continuation-early/seed43/ETTh1/h336.pt,46dbd61e14572ef9,early,2,False,ETTh1,16,287.1363102681935,latentflow-factorial-2x2x2-all28-three-seed-no-exchange-v2-selector-safe,factorial,10,latentflow_process_preserving_unfreeze2,5.0,0.001,336,,21.394760884297423,False,,0.0007,0.44807232678985687,2048,1024,LatentFlow,0.48241813554337193,0.02,2545.0,806468,,0.45073745713467767,0.4874934137778047,False,2,-0.0026651303448207986,-0.005075278234432767,,/work/11617/sujato_ts/vista/motion_code-master/physics_modal_v4/enhancements/results/factorial/runs/scale-single__bank-on__continuation-early/seed43/ETTh1/h336.json,8d88f2422fe4e004b4b8530938a78063268aa3c0f10911329433e697c799002d,,0.6945632696474612,single,43,"{'inducing_points': 32, 'latent_dim': 16, 'patch_lens': [16, 32, 48], 'representation_weight': 0.05}",48,,True,True,96,False,0,72.34592076711124,extension,scale-single__bank-on__continuation-early,0.0001,4
on,16,0,reference,1.555402359886775,,/work/11617/sujato_ts/vista/motion_code-master/physics_modal_v4/enhancements/results/factorial/checkpoints/scale-single__bank-on__continuation-early/seed43/ETTh1/h720.pt,f31bacbdb915c2a1,early,2,False,ETTh1,16,306.9451849590987,latentflow-factorial-2x2x2-all28-three-seed-no-exchange-v2-selector-safe,factorial,10,latentflow_process_preserving_unfreeze2,5.0,0.001,720,,4.59132107224927,True,,0.0007,0.4819678192644149,2048,1024,LatentFlow,0.49998006069678486,0.02,2161.0,1180516,,0.4819678192644149,0.49998006069678486,False,2,0.0,0.0,,/work/11617/sujato_ts/vista/motion_code-master/physics_modal_v4/enhancements/results/factorial/runs/scale-single__bank-on__continuation-early/seed43/ETTh1/h720.json,714ba36fd2346a8ba5ceed703684adfb81992e38b3bada85af72078fc8a0cb93,,0.7070926818294648,single,43,"{'inducing_points': 32, 'latent_dim': 16, 'patch_lens': [16, 32, 48], 'representation_weight': 0.05}",48,,True,True,96,False,0,77.3526380318799,reference,scale-single__bank-on__continuation-early,0.0001,4
on,16,1,extension,0.7620216120211851,,/work/11617/sujato_ts/vista/motion_code-master/physics_modal_v4/enhancements/results/factorial/checkpoints/scale-single__bank-on__continuation-early/seed43/ETTh1/h96.pt,4a086df15623160a,early,2,False,ETTh1,16,308.5847167549655,latentflow-factorial-2x2x2-all28-three-seed-no-exchange-v2-selector-safe,factorial,10,latentflow_process_preserving_unfreeze2,5.0,0.001,96,,21.14875982192512,False,,0.0007,0.4023888399776887,2048,1024,LatentFlow,0.39389841800939834,0.02,2785.0,572818,,0.40215491537580206,0.3941724153831595,False,2,0.0002339246018866481,-0.00027399737376115896,,/work/11617/sujato_ts/vista/motion_code-master/physics_modal_v4/enhancements/results/factorial/runs/scale-single__bank-on__continuation-early/seed43/ETTh1/h96.json,c6edf8c1bb9d6fd9d56d53e060f2c944d5cbbec6b0642055ab705e81219a941a,,0.6276132710590163,single,43,"{'inducing_points': 32, 'latent_dim': 16, 'patch_lens': [16, 32, 48], 'representation_weight': 0.05}",48,,True,True,96,False,0,77.88877626226167,extension,scale-single__bank-on__continuation-early,0.0001,4
on,16,1,extension,0.2665330009268863,,/work/11617/sujato_ts/vista/motion_code-master/physics_modal_v4/enhancements/results/factorial/checkpoints/scale-single__bank-on__continuation-early/seed43/ETTh2/h192.pt,7c408f06b5b7c236,early,2,False,ETTh2,16,301.30243298001005,latentflow-factorial-2x2x2-all28-three-seed-no-exchange-v2-selector-safe,factorial,10,latentflow_process_preserving_unfreeze2,5.0,0.001,192,,21.99150607949067,False,,0.0007,0.39434890846374443,2048,1024,LatentFlow,0.3836411986149787,0.02,2689.0,646258,,0.39442265252216346,0.3837626497966204,False,2,-7.374405841903409e-05,-0.00012145118164169633,,/work/11617/sujato_ts/vista/motion_code-master/physics_modal_v4/enhancements/results/factorial/runs/scale-single__bank-on__continuation-early/seed43/ETTh2/h192.json,fe835eb36c5a3fb80943098a466db63e8f9f79ec8d39a3ede2789ea6218af0bf,,0.6193877611117116,single,43,"{'inducing_points': 32, 'latent_dim': 8, 'patch_lens': [16, 32, 48], 'representation_weight': 0.001}",48,,True,True,96,False,0,76.03840941405906,extension,scale-single__bank-on__continuation-early,0.0001,4
on,16,0,reference,0.3427737019702691,,/work/11617/sujato_ts/vista/motion_code-master/physics_modal_v4/enhancements/results/factorial/checkpoints/scale-single__bank-on__continuation-early/seed43/ETTh2/h336.pt,41fb1322efc09555,early,2,False,ETTh2,16,303.71327618928626,latentflow-factorial-2x2x2-all28-three-seed-no-exchange-v2-selector-safe,factorial,10,latentflow_process_preserving_unfreeze2,5.0,0.001,336,,4.569965859733617,True,,0.0007,0.4344515597092341,2048,1024,LatentFlow,0.43633658017556853,0.02,2545.0,786460,,0.4344515597092341,0.43633658017556853,False,2,0.0,0.0,,/work/11617/sujato_ts/vista/motion_code-master/physics_modal_v4/enhancements/results/factorial/runs/scale-single__bank-on__continuation-early/seed43/ETTh2/h336.json,64df199533e1026824782b60186c1547f9a9180570cf5a3fa3d4e7cd312baa61,,0.6605577795890141,single,43,"{'inducing_points': 32, 'latent_dim': 8, 'patch_lens': [16, 32, 48], 'representation_weight': 0.001}",48,,True,True,96,False,0,76.49015606257308,reference,scale-single__bank-on__continuation-early,0.0001,4
on,16,0,reference,0.5996892325461857,,/work/11617/sujato_ts/vista/motion_code-master/physics_modal_v4/enhancements/results/factorial/checkpoints/scale-single__bank-on__continuation-early/seed43/ETTh2/h720.pt,c55dbcf6eaa95b68,early,2,False,ETTh2,16,305.19542992766947,latentflow-factorial-2x2x2-all28-three-seed-no-exchange-v2-selector-safe,factorial,10,latentflow_process_preserving_unfreeze2,5.0,0.001,720,,4.207588841707738,True,,0.0007,0.4425861106828792,2048,1024,LatentFlow,0.42051280602874824,0.02,2161.0,1160508,,0.4425861106828792,0.42051280602874824,False,2,0.0,0.0,,/work/11617/sujato_ts/vista/motion_code-master/physics_modal_v4/enhancements/results/factorial/runs/scale-single__bank-on__continuation-early/seed43/ETTh2/h720.json,88b4e71778e6a41d7f2301c08aa6e354e4de2a7b1c71d07f9f44a3770dd8b614,,0.6484695875896943,single,43,"{'inducing_points': 32, 'latent_dim': 8, 'patch_lens': [16, 32, 48], 'representation_weight': 0.001}",48,,True,True,96,False,0,77.01904904461117,reference,scale-single__bank-on__continuation-early,0.0001,4
on,16,0,reference,0.21457448167105517,,/work/11617/sujato_ts/vista/motion_code-master/physics_modal_v4/enhancements/results/factorial/checkpoints/scale-single__bank-on__continuation-early/seed43/ETTh2/h96.pt,095876d49c6127d3,early,2,False,ETTh2,16,315.5259923170088,latentflow-factorial-2x2x2-all28-three-seed-no-exchange-v2-selector-safe,factorial,10,latentflow_process_preserving_unfreeze2,5.0,0.001,96,,4.806044452279979,True,,0.0007,0.3401064189425939,2048,1024,LatentFlow,0.29093987046321906,0.02,2785.0,552810,,0.3401064189425939,0.29093987046321906,False,2,0.0,0.0,,/work/11617/sujato_ts/vista/motion_code-master/physics_modal_v4/enhancements/results/factorial/runs/scale-single__bank-on__continuation-early/seed43/ETTh2/h96.json,219e0eba9a382a246d9331e091c214a3042c036455e2defe1a1e072c1b6415b5,,0.5393884226262361,single,43,"{'inducing_points': 32, 'latent_dim': 8, 'patch_lens': [16, 32, 48], 'representation_weight': 0.001}",48,,True,True,96,False,0,78.35267274376747,reference,scale-single__bank-on__continuation-early,0.0001,4
on,16,5,extension,0.5174267095114503,,/work/11617/sujato_ts/vista/motion_code-master/physics_modal_v4/enhancements/results/factorial/checkpoints/scale-single__bank-on__continuation-early/seed43/ETTm1/h192.pt,dea59ffd1aa5e392,early,2,False,ETTm1,16,283.9330220166594,latentflow-factorial-2x2x2-all28-three-seed-no-exchange-v2-selector-safe,factorial,10,latentflow_process_preserving_unfreeze2,5.0,0.001,192,,21.067650747634314,False,,0.0007,0.40405366103557916,2048,1024,LatentFlow,0.3948770062751434,0.02,11329.0,620266,,0.3917572737943685,0.37952281679049116,False,2,0.012296387241210682,0.015354189484652225,,/work/11617/sujato_ts/vista/motion_code-master/physics_modal_v4/enhancements/results/factorial/runs/scale-single__bank-on__continuation-early/seed43/ETTm1/h192.json,1f201b2f66bf979ff00bd54bc69adc61fb023f3653554bb662088f02139d02ed,,0.6283923983269876,single,43,"{'inducing_points': 32, 'latent_dim': 8, 'patch_lens': [8, 24, 48], 'representation_weight': 0.01}",24,,True,True,96,False,0,71.28673366532894,extension,scale-single__bank-on__continuation-early,0.0001,4
on,16,3,extension,0.6513964702077464,,/work/11617/sujato_ts/vista/motion_code-master/physics_modal_v4/enhancements/results/factorial/checkpoints/scale-single__bank-on__continuation-early/seed43/ETTm1/h336.pt,d8aaaa53045de048,early,2,False,ETTm1,16,317.8878313517198,latentflow-factorial-2x2x2-all28-three-seed-no-exchange-v2-selector-safe,factorial,10,latentflow_process_preserving_unfreeze2,5.0,0.001,336,,20.882141827752434,False,,0.0007,0.4274599576836058,2048,1024,LatentFlow,0.4363336523094422,0.02,11185.0,760714,,0.4161067398247292,0.41474401218387774,False,2,0.011353217858876608,0.02158964012556447,,/work/11617/sujato_ts/vista/motion_code-master/physics_modal_v4/enhancements/results/factorial/runs/scale-single__bank-on__continuation-early/seed43/ETTm1/h336.json,a3f781dd67a1fc500192a62192165b7b7e0aceb8f99750ce487252feac819a25,,0.6605555633778601,single,43,"{'inducing_points': 32, 'latent_dim': 8, 'patch_lens': [8, 24, 48], 'representation_weight': 0.01}",24,,True,True,96,False,0,79.27769608359085,extension,scale-single__bank-on__continuation-early,0.0001,4
on,16,3,extension,0.9821956142546638,,/work/11617/sujato_ts/vista/motion_code-master/physics_modal_v4/enhancements/results/factorial/checkpoints/scale-single__bank-on__continuation-early/seed43/ETTm1/h720.pt,685d9fc38643415f,early,2,False,ETTm1,16,295.87199780903757,latentflow-factorial-2x2x2-all28-three-seed-no-exchange-v2-selector-safe,factorial,10,latentflow_process_preserving_unfreeze2,5.0,0.001,720,,19.174542196526108,False,,0.0007,0.4741913993724304,2048,1024,LatentFlow,0.506986675355259,0.02,10801.0,1140218,,0.46823763553756176,0.4918157410732397,False,2,0.0059537638348686195,0.015170934282019266,,/work/11617/sujato_ts/vista/motion_code-master/physics_modal_v4/enhancements/results/factorial/runs/scale-single__bank-on__continuation-early/seed43/ETTm1/h720.json,cd144e0fe28b59f0b12523a818e8977453a17291bfe55f9dff09d0ba3e0faa2f,,0.7120299680176804,single,43,"{'inducing_points': 32, 'latent_dim': 8, 'patch_lens': [8, 24, 48], 'representation_weight': 0.01}",8,,True,True,96,False,0,73.34734876058064,extension,scale-single__bank-on__continuation-early,0.0001,4
on,16,3,extension,0.3928729013672897,,/work/11617/sujato_ts/vista/motion_code-master/physics_modal_v4/enhancements/results/factorial/checkpoints/scale-single__bank-on__continuation-early/seed43/ETTm1/h96.pt,ca908b5ae7fc64da,early,2,False,ETTm1,16,281.41084550041705,latentflow-factorial-2x2x2-all28-three-seed-no-exchange-v2-selector-safe,factorial,10,latentflow_process_preserving_unfreeze2,5.0,0.001,96,,20.74976588323775,False,,0.0007,0.37821430981401427,2048,1024,LatentFlow,0.3419928902676419,0.02,11425.0,526714,,0.3768144406494255,0.34103575863986757,False,2,0.001399869164588785,0.0009571316277743325,,/work/11617/sujato_ts/vista/motion_code-master/physics_modal_v4/enhancements/results/factorial/runs/scale-single__bank-on__continuation-early/seed43/ETTm1/h96.json,75bb7f7d9e980b2a018a0af90cd0d8bcca57bd33caaa2ee0912a9d3dcccc0aef,,0.5848015819640384,single,43,"{'inducing_points': 32, 'latent_dim': 8, 'patch_lens': [8, 24, 48], 'representation_weight': 0.01}",24,,True,True,96,False,0,70.3202779579442,extension,scale-single__bank-on__continuation-early,0.0001,4
on,16,2,extension,0.16784196107515267,,/work/11617/sujato_ts/vista/motion_code-master/physics_modal_v4/enhancements/results/factorial/checkpoints/scale-single__bank-on__continuation-early/seed43/ETTm2/h192.pt,a2bde9486bfeb8ae,early,2,False,ETTm2,16,309.2629886902869,latentflow-factorial-2x2x2-all28-three-seed-no-exchange-v2-selector-safe,factorial,10,latentflow_process_preserving_unfreeze2,5.0,0.001,192,,19.68830039420414,False,,0.0007,0.300332506144446,2048,1024,LatentFlow,0.24119809358331587,0.02,11329.0,609514,,0.3010951741534053,0.24204204649791528,False,2,-0.0007626680089592996,-0.0008439529145994051,,/work/11617/sujato_ts/vista/motion_code-master/physics_modal_v4/enhancements/results/factorial/runs/scale-single__bank-on__continuation-early/seed43/ETTm2/h192.json,a3101f3d2c86ffb43aeed2a770ffb15d91c3b6ee0cdbb9ba6f7856593ea741b6,,0.4911192254262868,single,43,"{'inducing_points': 16, 'latent_dim': 8, 'patch_lens': [8, 16, 32], 'representation_weight': 0.001}",8,,True,True,96,False,0,77.16772625426529,extension,scale-single__bank-on__continuation-early,0.0001,4
on,16,3,extension,0.21643060851259296,,/work/11617/sujato_ts/vista/motion_code-master/physics_modal_v4/enhancements/results/factorial/checkpoints/scale-single__bank-on__continuation-early/seed43/ETTm2/h336.pt,c537b7d9a732840f,early,2,False,ETTm2,16,318.8043506965041,latentflow-factorial-2x2x2-all28-three-seed-no-exchange-v2-selector-safe,factorial,10,latentflow_process_preserving_unfreeze2,5.0,0.001,336,,20.442526255144518,False,,0.0007,0.3477414124404359,2048,1024,LatentFlow,0.3105968591033597,0.02,11185.0,754644,,0.34919974499143136,0.3130917983574977,False,2,-0.001458332550995478,-0.0024949392541379622,,/work/11617/sujato_ts/vista/motion_code-master/physics_modal_v4/enhancements/results/factorial/runs/scale-single__bank-on__continuation-early/seed43/ETTm2/h336.json,46d41eb5e2c81acfa9da8c354f22014d074f4c4bd4b5c1f9749c3ba93e4f7665,,0.5573121738338036,single,43,"{'inducing_points': 16, 'latent_dim': 8, 'patch_lens': [8, 16, 32], 'representation_weight': 0.001}",16,,True,True,96,False,0,79.69391796796117,extension,scale-single__bank-on__continuation-early,0.0001,4
on,16,2,extension,0.29928212279365174,,/work/11617/sujato_ts/vista/motion_code-master/physics_modal_v4/enhancements/results/factorial/checkpoints/scale-single__bank-on__continuation-early/seed43/ETTm2/h720.pt,efbd5ce85f5f9487,early,2,False,ETTm2,16,318.71939820912667,latentflow-factorial-2x2x2-all28-three-seed-no-exchange-v2-selector-safe,factorial,10,latentflow_process_preserving_unfreeze2,5.0,0.001,720,,22.5439899160944,False,,0.0007,0.40428196837737485,2048,1024,LatentFlow,0.4119209154792987,0.02,10801.0,1131828,,0.40389744330065463,0.41244238037024344,False,2,0.0003845250767202102,-0.0005214648909447339,,/work/11617/sujato_ts/vista/motion_code-master/physics_modal_v4/enhancements/results/factorial/runs/scale-single__bank-on__continuation-early/seed43/ETTm2/h720.json,8709c523400343db39c040b3bc92d924f9034f004075f5f736334ca0b8d44697,,0.6418106539153886,single,43,"{'inducing_points': 16, 'latent_dim': 8, 'patch_lens': [8, 16, 32], 'representation_weight': 0.001}",16,,True,True,96,False,0,79.67998054373311,extension,scale-single__bank-on__continuation-early,0.0001,4
on,16,0,reference,0.12798860598178136,,/work/11617/sujato_ts/vista/motion_code-master/physics_modal_v4/enhancements/results/factorial/checkpoints/scale-single__bank-on__continuation-early/seed43/ETTm2/h96.pt,a1fe60f16dc7dd29,early,2,False,ETTm2,16,326.20058233710006,latentflow-factorial-2x2x2-all28-three-seed-no-exchange-v2-selector-safe,factorial,10,latentflow_process_preserving_unfreeze2,5.0,0.001,96,,4.497227099623537,True,,0.0007,0.2588079679599836,2048,1024,LatentFlow,0.17595712876585706,0.02,11425.0,514906,,0.2588079679599836,0.17595712876585706,False,2,0.0,0.0,,/work/11617/sujato_ts/vista/motion_code-master/physics_modal_v4/enhancements/results/factorial/runs/scale-single__bank-on__continuation-early/seed43/ETTm2/h96.json,5400f642d366cf055877b85f4ce497355150742c0eded87e7058647a28f58f5c,,0.41947244100877124,single,43,"{'inducing_points': 16, 'latent_dim': 8, 'patch_lens': [8, 16, 32], 'representation_weight': 0.001}",8,,True,True,96,False,0,81.25802950235084,reference,scale-single__bank-on__continuation-early,0.0001,4
on,16,10,extension,0.14577076396095417,,/work/11617/sujato_ts/vista/motion_code-master/physics_modal_v4/enhancements/results/factorial/checkpoints/scale-single__bank-on__continuation-early/seed43/Electricity/h192.pt,71fefcb4e3762a6d,early,2,False,Electricity,16,1368.7824469729967,latentflow-factorial-2x2x2-all28-three-seed-no-exchange-v2-selector-safe,factorial,10,latentflow_process_preserving_unfreeze2,5.0,0.001,192,,26.300502922621337,False,,0.0007,0.3651185131873238,2048,1024,LatentFlow,0.2660881433855855,0.02,5071.0,612867,,0.26876736336185275,0.18003818004529734,False,2,0.09635114982547105,0.08604996334028817,,/work/11617/sujato_ts/vista/motion_code-master/physics_modal_v4/enhancements/results/factorial/runs/scale-single__bank-on__continuation-early/seed43/Electricity/h192.json,935f4f3cdf82aa816d204c4e3bca3d7bdff894e0a6001b08ef1560efd77d52ec,,0.5158373225984967,single,43,"{'inducing_points': 32, 'latent_dim': 16, 'patch_lens': [8, 16, 32], 'representation_weight': 0.001}",8,,True,True,96,False,0,345.53146606717746,extension,scale-single__bank-on__continuation-early,0.0001,4
on,16,9,extension,0.16290771998349007,,/work/11617/sujato_ts/vista/motion_code-master/physics_modal_v4/enhancements/results/factorial/checkpoints/scale-single__bank-on__continuation-early/seed43/Electricity/h336.pt,9f4367b6b18b8f37,early,2,False,Electricity,16,1384.2507971301675,latentflow-factorial-2x2x2-all28-three-seed-no-exchange-v2-selector-safe,factorial,10,latentflow_process_preserving_unfreeze2,5.0,0.001,336,,25.521294440415392,False,,0.0007,0.3096331587936252,2048,1024,LatentFlow,0.21372598688599387,0.02,4927.0,755859,,0.28342551442284547,0.19316633571705036,False,2,0.026207644370779715,0.02055965116894351,,/work/11617/sujato_ts/vista/motion_code-master/physics_modal_v4/enhancements/results/factorial/runs/scale-single__bank-on__continuation-early/seed43/Electricity/h336.json,410799172966d1eb6a4f5ad0a5cd8a2e334610a8e97724b9238257369ca2e3c6,,0.46230507988339675,single,43,"{'inducing_points': 32, 'latent_dim': 16, 'patch_lens': [8, 16, 32], 'representation_weight': 0.001}",8,,True,True,96,False,0,350.3085865024332,extension,scale-single__bank-on__continuation-early,0.0001,4
on,16,9,extension,0.19673450050076716,,/work/11617/sujato_ts/vista/motion_code-master/physics_modal_v4/enhancements/results/factorial/checkpoints/scale-single__bank-on__continuation-early/seed43/Electricity/h720.pt,2258cd08e544e80b,early,2,False,Electricity,16,1365.605991997756,latentflow-factorial-2x2x2-all28-three-seed-no-exchange-v2-selector-safe,factorial,10,latentflow_process_preserving_unfreeze2,5.0,0.001,720,,28.02837248094958,False,,0.0007,0.3418853036101484,2048,1024,LatentFlow,0.2506167101341184,0.02,4543.0,1143507,,0.31245239616757836,0.22806805697034688,False,2,0.029432907442570044,0.022548653163771526,,/work/11617/sujato_ts/vista/motion_code-master/physics_modal_v4/enhancements/results/factorial/runs/scale-single__bank-on__continuation-early/seed43/Electricity/h720.json,7fea2e1850d089e4c594546d7fbc396d378a8a0a20a34617b2e0a0e92dd4a6b3,,0.5006163302711153,single,43,"{'inducing_points': 32, 'latent_dim': 16, 'patch_lens': [8, 16, 32], 'representation_weight': 0.001}",8,,True,True,96,False,0,351.7906236316776,extension,scale-single__bank-on__continuation-early,0.0001,4
on,16,9,extension,0.13461334738775949,,/work/11617/sujato_ts/vista/motion_code-master/physics_modal_v4/enhancements/results/factorial/checkpoints/scale-single__bank-on__continuation-early/seed43/Electricity/h96.pt,a6fbfd280df648aa,early,2,False,Electricity,16,1382.4847616220359,latentflow-factorial-2x2x2-all28-three-seed-no-exchange-v2-selector-safe,factorial,10,latentflow_process_preserving_unfreeze2,5.0,0.001,96,,25.005523664082666,False,,0.0007,0.27027763516282743,2048,1024,LatentFlow,0.17225599910662237,0.02,5167.0,518259,,0.2562925326643214,0.16398379426050763,False,2,0.013985102498506041,0.008272204846114739,,/work/11617/sujato_ts/vista/motion_code-master/physics_modal_v4/enhancements/results/factorial/runs/scale-single__bank-on__continuation-early/seed43/Electricity/h96.json,db5bde0957ae2f9215e3c4c24fa8ef6d0827272aca8cbe5920ec6c6b9c0fe87f,,0.41503734664078407,single,43,"{'inducing_points': 32, 'latent_dim': 16, 'patch_lens': [8, 16, 32], 'representation_weight': 0.001}",8,,True,True,96,False,0,350.8790965922344,extension,scale-single__bank-on__continuation-early,0.0001,4
on,16,10,extension,0.3846560707409439,,/work/11617/sujato_ts/vista/motion_code-master/physics_modal_v4/enhancements/results/factorial/checkpoints/scale-single__bank-on__continuation-early/seed43/Traffic/h192.pt,5a761961d5c7713d,early,2,False,Traffic,16,2305.4199992846698,latentflow-factorial-2x2x2-all28-three-seed-no-exchange-v2-selector-safe,factorial,10,latentflow_process_preserving_unfreeze2,5.0,0.001,192,,58.37724757536004,False,,0.0007,0.3706880624173979,2048,1024,LatentFlow,0.5099616781992815,0.02,3319.0,614490,,0.30920252167634527,0.46585965164249743,False,2,0.06148554074105261,0.04410202655678408,,/work/11617/sujato_ts/vista/motion_code-master/physics_modal_v4/enhancements/results/factorial/runs/scale-single__bank-on__continuation-early/seed43/Traffic/h192.json,acf8f5f20ba61e47a0f20e14eec6b0037e22cea9498b5eb95b144e921c1339d9,,0.7141160117230824,single,43,"{'inducing_points': 32, 'latent_dim': 16, 'patch_lens': [8, 16, 32], 'representation_weight': 0.001}",8,,True,True,96,False,0,637.44004189939,extension,scale-single__bank-on__continuation-early,0.0001,4
on,16,7,extension,0.395925903594266,,/work/11617/sujato_ts/vista/motion_code-master/physics_modal_v4/enhancements/results/factorial/checkpoints/scale-single__bank-on__continuation-early/seed43/Traffic/h336.pt,4b2386681ad21cae,early,2,False,Traffic,16,2431.6027913521975,latentflow-factorial-2x2x2-all28-three-seed-no-exchange-v2-selector-safe,factorial,10,latentflow_process_preserving_unfreeze2,5.0,0.001,336,,58.35339416234726,False,,0.0007,0.33327004602555116,2048,1024,LatentFlow,0.48757632914251436,0.02,3175.0,757482,,0.31359911388641315,0.47282940636399207,False,2,0.01967093213913801,0.014746922778522298,,/work/11617/sujato_ts/vista/motion_code-master/physics_modal_v4/enhancements/results/factorial/runs/scale-single__bank-on__continuation-early/seed43/Traffic/h336.json,c6a49ece36e6c5d2d6c18663ad665d2c92a0bd9ce8540ef8b264bf299a99c82b,,0.6982666604833102,single,43,"{'inducing_points': 32, 'latent_dim': 16, 'patch_lens': [8, 16, 32], 'representation_weight': 0.001}",8,,True,True,96,False,0,674.9546439656115,extension,scale-single__bank-on__continuation-early,0.0001,4
on,16,7,extension,0.4433901533818669,,/work/11617/sujato_ts/vista/motion_code-master/physics_modal_v4/enhancements/results/factorial/checkpoints/scale-single__bank-on__continuation-early/seed43/Traffic/h720.pt,eac8b345a72219c0,early,2,False,Traffic,16,2584.1659685019404,latentflow-factorial-2x2x2-all28-three-seed-no-exchange-v2-selector-safe,factorial,10,latentflow_process_preserving_unfreeze2,5.0,0.001,720,,65.75524900744176,False,,0.0007,0.3963715405360738,2048,1024,LatentFlow,0.5617936475119152,0.02,2791.0,1145130,,0.3310468556345231,0.5095622727349141,False,2,0.06532468490155074,0.05223137477700113,,/work/11617/sujato_ts/vista/motion_code-master/physics_modal_v4/enhancements/results/factorial/runs/scale-single__bank-on__continuation-early/seed43/Traffic/h720.json,bab9b0b6c405c10f7bf60612920f300897a2ef26d3b5340b220d3d80a75f5228,,0.7495289504161364,single,43,"{'inducing_points': 32, 'latent_dim': 16, 'patch_lens': [8, 16, 32], 'representation_weight': 0.001}",8,,True,True,96,False,0,734.3792578889406,extension,scale-single__bank-on__continuation-early,0.0001,4
on,16,10,extension,0.39601474313522067,,/work/11617/sujato_ts/vista/motion_code-master/physics_modal_v4/enhancements/results/factorial/checkpoints/scale-single__bank-on__continuation-early/seed43/Traffic/h96.pt,ed8ec65ff69bd708,early,2,False,Traffic,16,2230.0056263376027,latentflow-factorial-2x2x2-all28-three-seed-no-exchange-v2-selector-safe,factorial,10,latentflow_process_preserving_unfreeze2,5.0,0.001,96,,57.350197137976195,False,,0.0007,0.33036495351454614,2048,1024,LatentFlow,0.473460043251842,0.02,3415.0,519882,,0.30663008655426377,0.4583446510439181,False,2,0.023734866960282375,0.015115392207923906,,/work/11617/sujato_ts/vista/motion_code-master/physics_modal_v4/enhancements/results/factorial/runs/scale-single__bank-on__continuation-early/seed43/Traffic/h96.json,dbda1db7e92ec13657f46643e1ad04001c14686ccf5f3ed3214341bdc4ec9229,,0.6880843285905021,single,43,"{'inducing_points': 32, 'latent_dim': 16, 'patch_lens': [8, 16, 32], 'representation_weight': 0.001}",8,,True,True,96,False,0,614.5101313923078,extension,scale-single__bank-on__continuation-early,0.0001,4
on,16,3,extension,0.47993544217139955,,/work/11617/sujato_ts/vista/motion_code-master/physics_modal_v4/enhancements/results/factorial/checkpoints/scale-single__bank-on__continuation-early/seed43/Weather/h192.pt,cc63a4f0331e2910,early,2,False,Weather,16,509.41725766379386,latentflow-factorial-2x2x2-all28-three-seed-no-exchange-v2-selector-safe,factorial,10,latentflow_process_preserving_unfreeze2,5.0,0.001,192,,34.3665477653691,False,,0.0007,0.2539512611072756,2048,1024,LatentFlow,0.21307624787394397,0.02,10349.0,613036,,0.2543013749885289,0.21367517827424323,False,2,-0.0003501138812532778,-0.0005989304002992635,,/work/11617/sujato_ts/vista/motion_code-master/physics_modal_v4/enhancements/results/factorial/runs/scale-single__bank-on__continuation-early/seed43/Weather/h192.json,d2563469bf8e237e8abd665f7e7a10f57ba8483155b225f75c59d062329cea94,,0.4616018282827138,single,43,"{'inducing_points': 32, 'latent_dim': 16, 'patch_lens': [8, 16, 32], 'representation_weight': 0.001}",8,,True,True,96,False,0,129.1319546446175,extension,scale-single__bank-on__continuation-early,0.0001,4
on,16,3,extension,0.5603734121030691,,/work/11617/sujato_ts/vista/motion_code-master/physics_modal_v4/enhancements/results/factorial/checkpoints/scale-single__bank-on__continuation-early/seed43/Weather/h336.pt,b5740e2efa978abb,early,2,False,Weather,16,507.24557319283485,latentflow-factorial-2x2x2-all28-three-seed-no-exchange-v2-selector-safe,factorial,10,latentflow_process_preserving_unfreeze2,5.0,0.001,336,,35.1636736439951,False,,0.0007,0.2988770229700594,2048,1024,LatentFlow,0.27342240551974456,0.02,10205.0,756028,,0.3002462903745564,0.27440679000863666,False,2,-0.0013692674044969988,-0.0009843844888920983,,/work/11617/sujato_ts/vista/motion_code-master/physics_modal_v4/enhancements/results/factorial/runs/scale-single__bank-on__continuation-early/seed43/Weather/h336.json,b3f01abd4e1f6f4120f006bddd118bc93d5494754356f40707940c8d1bb5fbda,,0.52289808330089,single,43,"{'inducing_points': 32, 'latent_dim': 16, 'patch_lens': [8, 16, 32], 'representation_weight': 0.001}",8,,True,True,96,False,0,128.39584861358162,extension,scale-single__bank-on__continuation-early,0.0001,4
on,16,4,extension,0.6829897880554199,,/work/11617/sujato_ts/vista/motion_code-master/physics_modal_v4/enhancements/results/factorial/checkpoints/scale-single__bank-on__continuation-early/seed43/Weather/h720.pt,4a2624b6da178900,early,2,False,Weather,16,535.8330680560321,latentflow-factorial-2x2x2-all28-three-seed-no-exchange-v2-selector-safe,factorial,10,latentflow_process_preserving_unfreeze2,5.0,0.001,720,,35.09836111010777,False,,0.0007,0.34665396086707184,2048,1024,LatentFlow,0.3475503839930818,0.02,9821.0,1143676,,0.347490668726866,0.35016271265837473,False,2,-0.0008367078597941724,-0.002612328665292929,,/work/11617/sujato_ts/vista/motion_code-master/physics_modal_v4/enhancements/results/factorial/runs/scale-single__bank-on__continuation-early/seed43/Weather/h720.json,31e2f94d5518cd9aa104386c72dad0ed530ac5b0a4241f29cd764dfab36ef786,,0.5895340397238159,single,43,"{'inducing_points': 32, 'latent_dim': 16, 'patch_lens': [8, 16, 32], 'representation_weight': 0.001}",8,,True,True,96,False,0,135.6583040978876,extension,scale-single__bank-on__continuation-early,0.0001,4
on,16,6,extension,0.42356308159374056,,/work/11617/sujato_ts/vista/motion_code-master/physics_modal_v4/enhancements/results/factorial/checkpoints/scale-single__bank-on__continuation-early/seed43/Weather/h96.pt,039002700089167b,early,2,False,Weather,16,510.6151323840022,latentflow-factorial-2x2x2-all28-three-seed-no-exchange-v2-selector-safe,factorial,10,latentflow_process_preserving_unfreeze2,5.0,0.001,96,,30.780068790388455,False,,0.0007,0.21125616083043186,2048,1024,LatentFlow,0.16535600790941646,0.02,10445.0,518428,,0.21161238899269508,0.16622651209209463,False,2,-0.00035622816226321685,-0.0008705041826781723,,/work/11617/sujato_ts/vista/motion_code-master/physics_modal_v4/enhancements/results/factorial/runs/scale-single__bank-on__continuation-early/seed43/Weather/h96.json,2b160f2a3a2501db490f827ffc5135c7ead02f9f1540e99404782c38b0f7a877,,0.4066398995541589,single,43,"{'inducing_points': 32, 'latent_dim': 16, 'patch_lens': [8, 16, 32], 'representation_weight': 0.001}",8,,True,True,96,False,0,129.5946706992254,extension,scale-single__bank-on__continuation-early,0.0001,4
on,16,0,reference,1.018974832480862,,/work/11617/sujato_ts/vista/motion_code-master/physics_modal_v4/enhancements/results/factorial/checkpoints/scale-single__bank-on__continuation-early/seed44/ETTh1/h192.pt,cf82fa93c2ebc386,early,2,False,ETTh1,16,326.80467835301533,latentflow-factorial-2x2x2-all28-three-seed-no-exchange-v2-selector-safe,factorial,10,latentflow_process_preserving_unfreeze2,5.0,0.001,192,,4.6674647608292315,True,,0.0007,0.42832038794749583,2048,1024,LatentFlow,0.4431943834829669,0.02,2689.0,666266,,0.42832038794749583,0.4431943834829669,False,2,0.0,0.0,,/work/11617/sujato_ts/vista/motion_code-master/physics_modal_v4/enhancements/results/factorial/runs/scale-single__bank-on__continuation-early/seed44/ETTh1/h192.json,331378805b18abc7d0418af09e54d6391e79463dad69b2ef636a11dacf84d5fe,,0.6657284607728341,single,44,"{'inducing_points': 32, 'latent_dim': 16, 'patch_lens': [16, 32, 48], 'representation_weight': 0.05}",48,,True,True,96,False,0,82.22836631248356,reference,scale-single__bank-on__continuation-early,0.0001,4
on,16,6,extension,1.2837565431789475,,/work/11617/sujato_ts/vista/motion_code-master/physics_modal_v4/enhancements/results/factorial/checkpoints/scale-single__bank-on__continuation-early/seed44/ETTh1/h336.pt,44ed1c1661fc78a7,early,2,False,ETTh1,16,305.56637228652835,latentflow-factorial-2x2x2-all28-three-seed-no-exchange-v2-selector-safe,factorial,10,latentflow_process_preserving_unfreeze2,5.0,0.001,336,,19.9923163583455,False,,0.0007,0.4507557063796536,2048,1024,LatentFlow,0.48549078828966047,0.02,2545.0,806468,,0.452405279384967,0.4879260482391439,False,2,-0.0016495730053133761,-0.0024352599494834037,,/work/11617/sujato_ts/vista/motion_code-master/physics_modal_v4/enhancements/results/factorial/runs/scale-single__bank-on__continuation-early/seed44/ETTh1/h336.json,dbe375233b88f34e797e36bfe890e1969ff0d6c78a27463a17d4c2b4fc5add50,,0.6967716902182955,single,44,"{'inducing_points': 32, 'latent_dim': 16, 'patch_lens': [16, 32, 48], 'representation_weight': 0.05}",48,,True,True,96,False,0,77.03791595849907,extension,scale-single__bank-on__continuation-early,0.0001,4
on,16,0,reference,1.5582075747232589,,/work/11617/sujato_ts/vista/motion_code-master/physics_modal_v4/enhancements/results/factorial/checkpoints/scale-single__bank-on__continuation-early/seed44/ETTh1/h720.pt,996d81655b965a7c,early,2,False,ETTh1,16,311.44067512638867,latentflow-factorial-2x2x2-all28-three-seed-no-exchange-v2-selector-safe,factorial,10,latentflow_process_preserving_unfreeze2,5.0,0.001,720,,4.307313092442146,True,,0.0007,0.48269867664924815,2048,1024,LatentFlow,0.4984452489045081,0.02,2161.0,1180516,,0.48269867664924815,0.4984452489045081,False,2,0.0,0.0,,/work/11617/sujato_ts/vista/motion_code-master/physics_modal_v4/enhancements/results/factorial/runs/scale-single__bank-on__continuation-early/seed44/ETTh1/h720.json,c050feadf76cb850f6e8b1205bde5758e23cd2a01330ab9d63f958773f73d354,,0.7060065501852714,single,44,"{'inducing_points': 32, 'latent_dim': 16, 'patch_lens': [16, 32, 48], 'representation_weight': 0.05}",48,,True,True,96,False,0,78.72746777866269,reference,scale-single__bank-on__continuation-early,0.0001,4
on,16,0,reference,0.7592343599313781,,/work/11617/sujato_ts/vista/motion_code-master/physics_modal_v4/enhancements/results/factorial/checkpoints/scale-single__bank-on__continuation-early/seed44/ETTh1/h96.pt,c02a737e1492a922,early,2,False,ETTh1,16,309.17694772034883,latentflow-factorial-2x2x2-all28-three-seed-no-exchange-v2-selector-safe,factorial,10,latentflow_process_preserving_unfreeze2,5.0,0.001,96,,4.345978175510647,True,,0.0007,0.4003156252862083,2048,1024,LatentFlow,0.39092473795426813,0.02,2785.0,572818,,0.4003156252862083,0.39092473795426813,False,2,0.0,0.0,,/work/11617/sujato_ts/vista/motion_code-master/physics_modal_v4/enhancements/results/factorial/runs/scale-single__bank-on__continuation-early/seed44/ETTh1/h96.json,f4d02d1bbd79e2b94736d83e81b337fe52b4056c57caed8308b0bbeda6bb8db6,,0.6252397443815197,single,44,"{'inducing_points': 32, 'latent_dim': 16, 'patch_lens': [16, 32, 48], 'representation_weight': 0.05}",48,,True,True,96,False,0,77.94073733966798,reference,scale-single__bank-on__continuation-early,0.0001,4
on,16,0,reference,0.26194124908319544,,/work/11617/sujato_ts/vista/motion_code-master/physics_modal_v4/enhancements/results/factorial/checkpoints/scale-single__bank-on__continuation-early/seed44/ETTh2/h192.pt,26ce691475466851,early,2,False,ETTh2,16,314.89481615740806,latentflow-factorial-2x2x2-all28-three-seed-no-exchange-v2-selector-safe,factorial,10,latentflow_process_preserving_unfreeze2,5.0,0.001,192,,4.517355734415486,True,,0.0007,0.39708651951516244,2048,1024,LatentFlow,0.3761773969987396,0.02,2689.0,646258,,0.39708651951516244,0.3761773969987396,False,2,0.0,0.0,,/work/11617/sujato_ts/vista/motion_code-master/physics_modal_v4/enhancements/results/factorial/runs/scale-single__bank-on__continuation-early/seed44/ETTh2/h192.json,edcdee050448ad39176071474b4f5185f2d1fe0725032a80069bdb095a6bcada,,0.6133330229155606,single,44,"{'inducing_points': 32, 'latent_dim': 8, 'patch_lens': [16, 32, 48], 'representation_weight': 0.001}",48,,True,True,96,False,0,79.32998591240903,reference,scale-single__bank-on__continuation-early,0.0001,4
on,16,0,reference,0.34325466218854295,,/work/11617/sujato_ts/vista/motion_code-master/physics_modal_v4/enhancements/results/factorial/checkpoints/scale-single__bank-on__continuation-early/seed44/ETTh2/h336.pt,4bece546f3b39765,early,2,False,ETTh2,16,295.197906778194,latentflow-factorial-2x2x2-all28-three-seed-no-exchange-v2-selector-safe,factorial,10,latentflow_process_preserving_unfreeze2,5.0,0.001,336,,4.323949554015564,True,,0.0007,0.42708084540616115,2048,1024,LatentFlow,0.4219147602567319,0.02,2545.0,786460,,0.42708084540616115,0.4219147602567319,False,2,0.0,0.0,,/work/11617/sujato_ts/vista/motion_code-master/physics_modal_v4/enhancements/results/factorial/runs/scale-single__bank-on__continuation-early/seed44/ETTh2/h336.json,f9b4b8fcd01a12bf3a01552d442f2ca6c5f00132ed96a1e2cc53e1b1fab158be,,0.6495496595771042,single,44,"{'inducing_points': 32, 'latent_dim': 8, 'patch_lens': [16, 32, 48], 'representation_weight': 0.001}",48,,True,True,96,False,0,74.41229099458724,reference,scale-single__bank-on__continuation-early,0.0001,4
on,16,1,extension,0.59791365048242,,/work/11617/sujato_ts/vista/motion_code-master/physics_modal_v4/enhancements/results/factorial/checkpoints/scale-single__bank-on__continuation-early/seed44/ETTh2/h720.pt,0e98d9c986f7b528,early,2,False,ETTh2,16,296.95759937539697,latentflow-factorial-2x2x2-all28-three-seed-no-exchange-v2-selector-safe,factorial,10,latentflow_process_preserving_unfreeze2,5.0,0.001,720,,22.00206490789554,False,,0.0007,0.4562256217579901,2048,1024,LatentFlow,0.44482798147056885,0.02,2161.0,1160508,,0.4470634959593626,0.4333601387385773,False,2,0.009162125798627463,0.011467842731991529,,/work/11617/sujato_ts/vista/motion_code-master/physics_modal_v4/enhancements/results/factorial/runs/scale-single__bank-on__continuation-early/seed44/ETTh2/h720.json,bc94d4e7c41d233ee33e3bf452ef659e7eeb5e910df76b1952ce54927f27092c,,0.6669542574049354,single,44,"{'inducing_points': 32, 'latent_dim': 8, 'patch_lens': [16, 32, 48], 'representation_weight': 0.001}",48,,True,True,96,False,0,74.96002550906269,extension,scale-single__bank-on__continuation-early,0.0001,4
on,16,0,reference,0.21408260941860222,,/work/11617/sujato_ts/vista/motion_code-master/physics_modal_v4/enhancements/results/factorial/checkpoints/scale-single__bank-on__continuation-early/seed44/ETTh2/h96.pt,2c72b985b708780a,early,2,False,ETTh2,16,310.4038217840716,latentflow-factorial-2x2x2-all28-three-seed-no-exchange-v2-selector-safe,factorial,10,latentflow_process_preserving_unfreeze2,5.0,0.001,96,,4.625151631007822,True,,0.0007,0.3405450543715647,2048,1024,LatentFlow,0.29324028497884913,0.02,2785.0,552810,,0.3405450543715647,0.29324028497884913,False,2,0.0,0.0,,/work/11617/sujato_ts/vista/motion_code-master/physics_modal_v4/enhancements/results/factorial/runs/scale-single__bank-on__continuation-early/seed44/ETTh2/h96.json,abafbad7d145ab4e53bfbda92dd0e8a214ccb8a3e290dfcbac3ab7c85d57669a,,0.5415166525406667,single,44,"{'inducing_points': 32, 'latent_dim': 8, 'patch_lens': [16, 32, 48], 'representation_weight': 0.001}",48,,True,True,96,False,0,78.20403871010058,reference,scale-single__bank-on__continuation-early,0.0001,4
on,16,2,extension,0.5108955268348966,,/work/11617/sujato_ts/vista/motion_code-master/physics_modal_v4/enhancements/results/factorial/checkpoints/scale-single__bank-on__continuation-early/seed44/ETTm1/h192.pt,c7e7c7b9f051908c,early,2,False,ETTm1,16,312.11885824706405,latentflow-factorial-2x2x2-all28-three-seed-no-exchange-v2-selector-safe,factorial,10,latentflow_process_preserving_unfreeze2,5.0,0.001,192,,21.221048921831425,False,,0.0007,0.40381622866633315,2048,1024,LatentFlow,0.3932867688635508,0.02,11329.0,620266,,0.4009104102925246,0.39016367903301263,False,2,0.002905818373808544,0.0031230898305381616,,/work/11617/sujato_ts/vista/motion_code-master/physics_modal_v4/enhancements/results/factorial/runs/scale-single__bank-on__continuation-early/seed44/ETTm1/h192.json,aff7c683f668c532d42bed7383d6cd9fb9bbeda0fafb5302697281053aaabfda,,0.6271257998707682,single,44,"{'inducing_points': 32, 'latent_dim': 8, 'patch_lens': [8, 24, 48], 'representation_weight': 0.01}",24,,True,True,96,False,0,78.04723931094486,extension,scale-single__bank-on__continuation-early,0.0001,4
on,16,3,extension,0.6561081847366022,,/work/11617/sujato_ts/vista/motion_code-master/physics_modal_v4/enhancements/results/factorial/checkpoints/scale-single__bank-on__continuation-early/seed44/ETTm1/h336.pt,3e7726f145ecf73b,early,2,False,ETTm1,16,317.3856638370198,latentflow-factorial-2x2x2-all28-three-seed-no-exchange-v2-selector-safe,factorial,10,latentflow_process_preserving_unfreeze2,5.0,0.001,336,,22.184208395722774,False,,0.0007,0.41497916005382407,2048,1024,LatentFlow,0.4103775216703973,0.02,11185.0,752570,,0.4198447728059962,0.4134034869003397,False,2,-0.0048656127521721215,-0.0030259652299423623,,/work/11617/sujato_ts/vista/motion_code-master/physics_modal_v4/enhancements/results/factorial/runs/scale-single__bank-on__continuation-early/seed44/ETTm1/h336.json,c9f285107f0de8457061d798f6bbc7311bb8bbe91130ee20e678a07cac828111,,0.6406071508111639,single,44,"{'inducing_points': 32, 'latent_dim': 8, 'patch_lens': [8, 24, 48], 'representation_weight': 0.01}",8,,True,True,96,False,0,79.1177781507713,extension,scale-single__bank-on__continuation-early,0.0001,4
on,16,2,extension,0.9855375664574759,,/work/11617/sujato_ts/vista/motion_code-master/physics_modal_v4/enhancements/results/factorial/checkpoints/scale-single__bank-on__continuation-early/seed44/ETTm1/h720.pt,3180a79203d83aa5,early,2,False,ETTm1,16,287.0723984828219,latentflow-factorial-2x2x2-all28-three-seed-no-exchange-v2-selector-safe,factorial,10,latentflow_process_preserving_unfreeze2,5.0,0.001,720,,21.638391476583276,False,,0.0007,0.46516519668330664,2048,1024,LatentFlow,0.4905167021291506,0.02,10801.0,1140218,,0.46323798049329673,0.48708763371410346,False,2,0.001927216190009906,0.003429068415047143,,/work/11617/sujato_ts/vista/motion_code-master/physics_modal_v4/enhancements/results/factorial/runs/scale-single__bank-on__continuation-early/seed44/ETTm1/h720.json,03f880ed30eaecf7d54ef0d97c518e5a1093f1bedf91f970210583dd1a5ce44d,,0.700368975704343,single,44,"{'inducing_points': 32, 'latent_dim': 8, 'patch_lens': [8, 24, 48], 'representation_weight': 0.01}",8,,True,True,96,False,0,71.60943396047514,extension,scale-single__bank-on__continuation-early,0.0001,4
on,16,2,extension,0.39292239610637936,,/work/11617/sujato_ts/vista/motion_code-master/physics_modal_v4/enhancements/results/factorial/checkpoints/scale-single__bank-on__continuation-early/seed44/ETTm1/h96.pt,4aec2a489c0d98dc,early,2,False,ETTm1,16,318.3882534019649,latentflow-factorial-2x2x2-all28-three-seed-no-exchange-v2-selector-safe,factorial,10,latentflow_process_preserving_unfreeze2,5.0,0.001,96,,20.476373019634757,False,,0.0007,0.38652565173162723,2048,1024,LatentFlow,0.3520086633472178,0.02,11425.0,526714,,0.37942110449793043,0.349147388188556,False,2,0.007104547233696801,0.0028612751586618024,,/work/11617/sujato_ts/vista/motion_code-master/physics_modal_v4/enhancements/results/factorial/runs/scale-single__bank-on__continuation-early/seed44/ETTm1/h96.json,6b671580ef2a60c4e7ed52a8d8fdee4bef9acf40463515a99bfc8d8d1b767efe,,0.5933031799571091,single,44,"{'inducing_points': 32, 'latent_dim': 8, 'patch_lens': [8, 24, 48], 'representation_weight': 0.01}",24,,True,True,96,False,0,79.53225728560938,extension,scale-single__bank-on__continuation-early,0.0001,4
on,16,1,extension,0.16883824260107108,,/work/11617/sujato_ts/vista/motion_code-master/physics_modal_v4/enhancements/results/factorial/checkpoints/scale-single__bank-on__continuation-early/seed44/ETTm2/h192.pt,730cdb98a6293067,early,2,False,ETTm2,16,279.96221006661654,latentflow-factorial-2x2x2-all28-three-seed-no-exchange-v2-selector-safe,factorial,10,latentflow_process_preserving_unfreeze2,5.0,0.001,192,,21.442312686644822,False,,0.0007,0.29992922373298503,2048,1024,LatentFlow,0.23971099772021445,0.02,11329.0,613794,,0.3011514929712854,0.2410364596994211,False,2,-0.0012222692383003775,-0.0013254619792066602,,/work/11617/sujato_ts/vista/motion_code-master/physics_modal_v4/enhancements/results/factorial/runs/scale-single__bank-on__continuation-early/seed44/ETTm2/h192.json,835a2a190fdfad3ba93f3d74eaa5e7ce54513b84c76ef6d33b3dfbe145282019,,0.4896028979900083,single,44,"{'inducing_points': 16, 'latent_dim': 8, 'patch_lens': [8, 16, 32], 'representation_weight': 0.001}",16,,True,True,96,False,0,70.02366459491896,extension,scale-single__bank-on__continuation-early,0.0001,4
on,16,2,extension,0.21509539868150437,,/work/11617/sujato_ts/vista/motion_code-master/physics_modal_v4/enhancements/results/factorial/checkpoints/scale-single__bank-on__continuation-early/seed44/ETTm2/h336.pt,de6921c988935ad9,early,2,False,ETTm2,16,305.2134652491659,latentflow-factorial-2x2x2-all28-three-seed-no-exchange-v2-selector-safe,factorial,10,latentflow_process_preserving_unfreeze2,5.0,0.001,336,,19.717158106579994,False,,0.0007,0.34563237252602175,2048,1024,LatentFlow,0.30876695033310453,0.02,11185.0,754644,,0.3464540730079123,0.30985885547080433,False,2,-0.0008217004818905638,-0.0010919051376998001,,/work/11617/sujato_ts/vista/motion_code-master/physics_modal_v4/enhancements/results/factorial/runs/scale-single__bank-on__continuation-early/seed44/ETTm2/h336.json,c40ecc9f8dca2a17025f72c0d7a2c8adf5d18e74834994160a79cf60294e98fc,,0.5556680216938028,single,44,"{'inducing_points': 16, 'latent_dim': 8, 'patch_lens': [8, 16, 32], 'representation_weight': 0.001}",16,,True,True,96,False,0,76.83425962313777,extension,scale-single__bank-on__continuation-early,0.0001,4
on,16,0,reference,0.2985150132860456,,/work/11617/sujato_ts/vista/motion_code-master/physics_modal_v4/enhancements/results/factorial/checkpoints/scale-single__bank-on__continuation-early/seed44/ETTm2/h720.pt,34f5fd9d5c761257,early,2,False,ETTm2,16,313.70566328801215,latentflow-factorial-2x2x2-all28-three-seed-no-exchange-v2-selector-safe,factorial,10,latentflow_process_preserving_unfreeze2,5.0,0.001,720,,4.5468920132957775,True,,0.0007,0.40171771225802205,2048,1024,LatentFlow,0.40848322760188593,0.02,10801.0,1142702,,0.40171771225802205,0.40848322760188593,False,2,0.0,0.0,,/work/11617/sujato_ts/vista/motion_code-master/physics_modal_v4/enhancements/results/factorial/runs/scale-single__bank-on__continuation-early/seed44/ETTm2/h720.json,ff6299f44483945191d148f5c3bde57ff9df86880145303a4a764b08afad49a6,,0.6391269260498151,single,44,"{'inducing_points': 16, 'latent_dim': 8, 'patch_lens': [8, 16, 32], 'representation_weight': 0.001}",32,,True,True,96,False,0,78.30756317489431,reference,scale-single__bank-on__continuation-early,0.0001,4
on,16,3,extension,0.1271058956072444,,/work/11617/sujato_ts/vista/motion_code-master/physics_modal_v4/enhancements/results/factorial/checkpoints/scale-single__bank-on__continuation-early/seed44/ETTm2/h96.pt,88d35532f79c9df1,early,2,False,ETTm2,16,299.7037367010489,latentflow-factorial-2x2x2-all28-three-seed-no-exchange-v2-selector-safe,factorial,10,latentflow_process_preserving_unfreeze2,5.0,0.001,96,,18.337275393354233,False,,0.0007,0.2588857594651332,2048,1024,LatentFlow,0.1757621199848429,0.02,11425.0,514906,,0.25972072866443197,0.17625739944444493,False,2,-0.0008349691992987629,-0.0004952794596020382,,/work/11617/sujato_ts/vista/motion_code-master/physics_modal_v4/enhancements/results/factorial/runs/scale-single__bank-on__continuation-early/seed44/ETTm2/h96.json,ddfe5300308d7b5b15f66587873609de9833e81640fde70e35207c0fff6cf023,,0.41923993128618237,single,44,"{'inducing_points': 16, 'latent_dim': 8, 'patch_lens': [8, 16, 32], 'representation_weight': 0.001}",8,,True,True,96,False,0,74.7266149672214,extension,scale-single__bank-on__continuation-early,0.0001,4
on,16,10,extension,0.144842170140206,,/work/11617/sujato_ts/vista/motion_code-master/physics_modal_v4/enhancements/results/factorial/checkpoints/scale-single__bank-on__continuation-early/seed44/Electricity/h192.pt,e1d7f259d0eb9abc,early,2,False,Electricity,16,1407.0979301622137,latentflow-factorial-2x2x2-all28-three-seed-no-exchange-v2-selector-safe,factorial,10,latentflow_process_preserving_unfreeze2,5.0,0.001,192,,24.641272164829733,False,,0.0007,0.35408158978267623,2048,1024,LatentFlow,0.2541518346967344,0.02,5071.0,612867,,0.26608439156625835,0.17681279120147286,False,2,0.08799719821641788,0.07733904349526155,,/work/11617/sujato_ts/vista/motion_code-master/physics_modal_v4/enhancements/results/factorial/runs/scale-single__bank-on__continuation-early/seed44/Electricity/h192.json,7ae3228f626505db76de6b7d8fa5d2fd2cb06321f6b25be938bd09913aed210e,,0.5041347386331698,single,44,"{'inducing_points': 32, 'latent_dim': 16, 'patch_lens': [8, 16, 32], 'representation_weight': 0.001}",8,,True,True,96,False,0,357.0390852044511,extension,scale-single__bank-on__continuation-early,0.0001,4
on,16,10,extension,0.16299726612542081,,/work/11617/sujato_ts/vista/motion_code-master/physics_modal_v4/enhancements/results/factorial/checkpoints/scale-single__bank-on__continuation-early/seed44/Electricity/h336.pt,755c6f8b11542c45,early,2,False,Electricity,16,1283.3550526220351,latentflow-factorial-2x2x2-all28-three-seed-no-exchange-v2-selector-safe,factorial,10,latentflow_process_preserving_unfreeze2,5.0,0.001,336,,24.59644860232143,False,,0.0007,0.3773033882645335,2048,1024,LatentFlow,0.283812317473833,0.02,4927.0,755859,,0.2830713086433489,0.1932382027501269,False,2,0.09423207962118463,0.0905741147237061,,/work/11617/sujato_ts/vista/motion_code-master/physics_modal_v4/enhancements/results/factorial/runs/scale-single__bank-on__continuation-early/seed44/Electricity/h336.json,8b3a6448bcbcd6a4c57d3a879074d36970bcfd67923ca09db2b0b29dbfd58730,,0.5327403846845412,single,44,"{'inducing_points': 32, 'latent_dim': 16, 'patch_lens': [8, 16, 32], 'representation_weight': 0.001}",8,,True,True,96,False,0,324.30544595772517,extension,scale-single__bank-on__continuation-early,0.0001,4
on,16,8,extension,0.19682210388790988,,/work/11617/sujato_ts/vista/motion_code-master/physics_modal_v4/enhancements/results/factorial/checkpoints/scale-single__bank-on__continuation-early/seed44/Electricity/h720.pt,4e6730c886983b76,early,2,False,Electricity,16,1423.4539720285684,latentflow-factorial-2x2x2-all28-three-seed-no-exchange-v2-selector-safe,factorial,10,latentflow_process_preserving_unfreeze2,5.0,0.001,720,,26.376182109124077,False,,0.0007,0.4334814737956073,2048,1024,LatentFlow,0.34625224999322846,0.02,4543.0,1143507,,0.31160322104937876,0.22920622987053368,False,2,0.12187825274622854,0.11704602012269477,,/work/11617/sujato_ts/vista/motion_code-master/physics_modal_v4/enhancements/results/factorial/runs/scale-single__bank-on__continuation-early/seed44/Electricity/h720.json,2343d0157a358324a126383ddd98dd4343a838ee8d9c9a6be24c74c13968acf7,,0.5884320266549302,single,44,"{'inducing_points': 32, 'latent_dim': 16, 'patch_lens': [8, 16, 32], 'representation_weight': 0.001}",8,,True,True,96,False,0,365.73237213742686,extension,scale-single__bank-on__continuation-early,0.0001,4
on,16,10,extension,0.13338833375759462,,/work/11617/sujato_ts/vista/motion_code-master/physics_modal_v4/enhancements/results/factorial/checkpoints/scale-single__bank-on__continuation-early/seed44/Electricity/h96.pt,6453e3ca3a3aa507,early,2,False,Electricity,16,1444.5304136408959,latentflow-factorial-2x2x2-all28-three-seed-no-exchange-v2-selector-safe,factorial,10,latentflow_process_preserving_unfreeze2,5.0,0.001,96,,25.512783230975444,False,,0.0007,0.3137659926070688,2048,1024,LatentFlow,0.2079333530331583,0.02,5167.0,518259,,0.25959411575720526,0.16933370565131795,False,2,0.05417187684986352,0.03859964738184035,,/work/11617/sujato_ts/vista/motion_code-master/physics_modal_v4/enhancements/results/factorial/runs/scale-single__bank-on__continuation-early/seed44/Electricity/h96.json,381ebeff77c7a2b3565a4569162435fd6b3b695144c578cb2cc24b6b5516252c,,0.4559970976148404,single,44,"{'inducing_points': 32, 'latent_dim': 16, 'patch_lens': [8, 16, 32], 'representation_weight': 0.001}",8,,True,True,96,False,0,369.73766277424147,extension,scale-single__bank-on__continuation-early,0.0001,4
on,16,10,extension,0.3838542644496307,,/work/11617/sujato_ts/vista/motion_code-master/physics_modal_v4/enhancements/results/factorial/checkpoints/scale-single__bank-on__continuation-early/seed44/Traffic/h192.pt,2ec5181cd39a1ad9,early,2,False,Traffic,16,2247.7071142439963,latentflow-factorial-2x2x2-all28-three-seed-no-exchange-v2-selector-safe,factorial,10,latentflow_process_preserving_unfreeze2,5.0,0.001,192,,56.51455130743016,False,,0.0007,0.3599236517771414,2048,1024,LatentFlow,0.49815394956401454,0.02,3319.0,614490,,0.30834480625598315,0.46275455340086064,False,2,0.05157884552115827,0.03539939616315391,,/work/11617/sujato_ts/vista/motion_code-master/physics_modal_v4/enhancements/results/factorial/runs/scale-single__bank-on__continuation-early/seed44/Traffic/h192.json,3da1254bbfa07a208b01031b9d12dc2bc7c6038b07914d33c34513bb43e98fbc,,0.7058002193000612,single,44,"{'inducing_points': 32, 'latent_dim': 16, 'patch_lens': [8, 16, 32], 'representation_weight': 0.001}",8,,True,True,96,False,0,623.4381026124538,extension,scale-single__bank-on__continuation-early,0.0001,4
on,16,10,extension,0.3962546423276792,,/work/11617/sujato_ts/vista/motion_code-master/physics_modal_v4/enhancements/results/factorial/checkpoints/scale-single__bank-on__continuation-early/seed44/Traffic/h336.pt,214858cdd14bdd97,early,2,False,Traffic,16,2407.5855085939984,latentflow-factorial-2x2x2-all28-three-seed-no-exchange-v2-selector-safe,factorial,10,latentflow_process_preserving_unfreeze2,5.0,0.001,336,,59.47024949045495,False,,0.0007,0.3630821412082952,2048,1024,LatentFlow,0.5188482682980499,0.02,3175.0,757482,,0.3110705552122835,0.47728855930920105,False,2,0.05201158599601169,0.04155970898884881,,/work/11617/sujato_ts/vista/motion_code-master/physics_modal_v4/enhancements/results/factorial/runs/scale-single__bank-on__continuation-early/seed44/Traffic/h336.json,39222eb3cce0a1cc769eabec1c10f394f5423c08026b49798a6af5b693715c18,,0.7203112301623861,single,44,"{'inducing_points': 32, 'latent_dim': 16, 'patch_lens': [8, 16, 32], 'representation_weight': 0.001}",8,,True,True,96,False,0,668.2537161765595,extension,scale-single__bank-on__continuation-early,0.0001,4
on,16,10,extension,0.4430706957438214,,/work/11617/sujato_ts/vista/motion_code-master/physics_modal_v4/enhancements/results/factorial/checkpoints/scale-single__bank-on__continuation-early/seed44/Traffic/h720.pt,53291c407b018b1a,early,2,False,Traffic,16,2579.999730971176,latentflow-factorial-2x2x2-all28-three-seed-no-exchange-v2-selector-safe,factorial,10,latentflow_process_preserving_unfreeze2,5.0,0.001,720,,65.62299456550397,False,,0.0007,0.41204977972195733,2048,1024,LatentFlow,0.5743082935378411,0.02,2791.0,1145130,,0.3281609767711609,0.5072763393924733,False,2,0.08388880295079643,0.06703195414536778,,/work/11617/sujato_ts/vista/motion_code-master/physics_modal_v4/enhancements/results/factorial/runs/scale-single__bank-on__continuation-early/seed44/Traffic/h720.json,54804741fbc803dbd7889bf5e0b3ad59bc4f17f34a320faa54aad43ad796edb7,,0.757831309420402,single,44,"{'inducing_points': 32, 'latent_dim': 16, 'patch_lens': [8, 16, 32], 'representation_weight': 0.001}",8,,True,True,96,False,0,732.943216381318,extension,scale-single__bank-on__continuation-early,0.0001,4
on,16,10,extension,0.39390662282543965,,/work/11617/sujato_ts/vista/motion_code-master/physics_modal_v4/enhancements/results/factorial/checkpoints/scale-single__bank-on__continuation-early/seed44/Traffic/h96.pt,3893bba960154b2d,early,2,False,Traffic,16,2338.9255413692445,latentflow-factorial-2x2x2-all28-three-seed-no-exchange-v2-selector-safe,factorial,10,latentflow_process_preserving_unfreeze2,5.0,0.001,96,,55.735511248362876,False,,0.0007,0.33563865931188386,2048,1024,LatentFlow,0.4953897020682165,0.02,3415.0,519882,,0.3111533578973493,0.45912143347165524,False,2,0.024485301414534533,0.03626826859656124,,/work/11617/sujato_ts/vista/motion_code-master/physics_modal_v4/enhancements/results/factorial/runs/scale-single__bank-on__continuation-early/seed44/Traffic/h96.json,63cac64c56bce29dd00d26dbf3437795c05b8cbdb87ac880382d4a6aba57d17a,,0.7038392586863967,single,44,"{'inducing_points': 32, 'latent_dim': 16, 'patch_lens': [8, 16, 32], 'representation_weight': 0.001}",8,,True,True,96,False,0,639.3667206124519,extension,scale-single__bank-on__continuation-early,0.0001,4
on,16,5,extension,0.47711625860797036,,/work/11617/sujato_ts/vista/motion_code-master/physics_modal_v4/enhancements/results/factorial/checkpoints/scale-single__bank-on__continuation-early/seed44/Weather/h192.pt,2f95f6cd3b9c6f4b,early,2,False,Weather,16,546.0397947700694,latentflow-factorial-2x2x2-all28-three-seed-no-exchange-v2-selector-safe,factorial,10,latentflow_process_preserving_unfreeze2,5.0,0.001,192,,33.4653671758697,False,,0.0007,0.2569962570819306,2048,1024,LatentFlow,0.21486726056210678,0.02,10349.0,613036,,0.2569109103050567,0.21566235048309085,False,2,8.53467768738847e-05,-0.0007950899209840656,,/work/11617/sujato_ts/vista/motion_code-master/physics_modal_v4/enhancements/results/factorial/runs/scale-single__bank-on__continuation-early/seed44/Weather/h192.json,9da7b04eeb7fddfe6846d507b02ab2fc6719d96a4bcac7775c4e1f6c1c3fecd7,,0.4635377660580708,single,44,"{'inducing_points': 32, 'latent_dim': 16, 'patch_lens': [8, 16, 32], 'representation_weight': 0.001}",8,,True,True,96,False,0,137.8860674052703,extension,scale-single__bank-on__continuation-early,0.0001,4
on,16,8,extension,0.5640202355222638,,/work/11617/sujato_ts/vista/motion_code-master/physics_modal_v4/enhancements/results/factorial/checkpoints/scale-single__bank-on__continuation-early/seed44/Weather/h336.pt,3c544d0b16f69cf3,early,2,False,Weather,16,494.4762877933681,latentflow-factorial-2x2x2-all28-three-seed-no-exchange-v2-selector-safe,factorial,10,latentflow_process_preserving_unfreeze2,5.0,0.001,336,,34.27697313801567,False,,0.0007,0.29805847699672744,2048,1024,LatentFlow,0.27222254125817913,0.02,10205.0,756028,,0.30292752246590343,0.27811103734197995,False,2,-0.004869045469175992,-0.0058884960838008205,,/work/11617/sujato_ts/vista/motion_code-master/physics_modal_v4/enhancements/results/factorial/runs/scale-single__bank-on__continuation-early/seed44/Weather/h336.json,e90518217cdabfeedbcc542ee8a606f21f8a9c3c4d54054dadff2b966de43958,,0.5217495004867557,single,44,"{'inducing_points': 32, 'latent_dim': 16, 'patch_lens': [8, 16, 32], 'representation_weight': 0.001}",8,,True,True,96,False,0,125.2570037599071,extension,scale-single__bank-on__continuation-early,0.0001,4
on,16,5,extension,0.679647956827961,,/work/11617/sujato_ts/vista/motion_code-master/physics_modal_v4/enhancements/results/factorial/checkpoints/scale-single__bank-on__continuation-early/seed44/Weather/h720.pt,a0c186aec7cc0397,early,2,False,Weather,16,504.1935610808432,latentflow-factorial-2x2x2-all28-three-seed-no-exchange-v2-selector-safe,factorial,10,latentflow_process_preserving_unfreeze2,5.0,0.001,720,,38.44692734879703,False,,0.0007,0.346063007838869,2048,1024,LatentFlow,0.34825606096155326,0.02,9821.0,1143676,,0.34846306519385495,0.3512572592498481,False,2,-0.0024000573549859405,-0.003001198288294815,,/work/11617/sujato_ts/vista/motion_code-master/physics_modal_v4/enhancements/results/factorial/runs/scale-single__bank-on__continuation-early/seed44/Weather/h720.json,74021ebcc2b38a74b74c4d6c869a315ff31b648727c7f2be47306fa3bfdd2883,,0.5901322402322663,single,44,"{'inducing_points': 32, 'latent_dim': 16, 'patch_lens': [8, 16, 32], 'representation_weight': 0.001}",8,,True,True,96,False,0,127.465280922479,extension,scale-single__bank-on__continuation-early,0.0001,4
on,16,6,extension,0.42634666581002495,,/work/11617/sujato_ts/vista/motion_code-master/physics_modal_v4/enhancements/results/factorial/checkpoints/scale-single__bank-on__continuation-early/seed44/Weather/h96.pt,e80acc4fbe7859cf,early,2,False,Weather,16,518.5628275740892,latentflow-factorial-2x2x2-all28-three-seed-no-exchange-v2-selector-safe,factorial,10,latentflow_process_preserving_unfreeze2,5.0,0.001,96,,33.25251477431454,False,,0.0007,0.21299328146081054,2048,1024,LatentFlow,0.16503040036300295,0.02,10445.0,518428,,0.21823216226213657,0.16973387142483048,False,2,-0.005238880801326035,-0.00470347106182753,,/work/11617/sujato_ts/vista/motion_code-master/physics_modal_v4/enhancements/results/factorial/runs/scale-single__bank-on__continuation-early/seed44/Weather/h96.json,299c0758d72ea7a3d04c4c1362b8ad8b724cffacbbcdfa4f1deb2c6134814c56,,0.40623933876841983,single,44,"{'inducing_points': 32, 'latent_dim': 16, 'patch_lens': [8, 16, 32], 'representation_weight': 0.001}",8,,True,True,96,False,0,131.750521963113,extension,scale-single__bank-on__continuation-early,0.0001,4
on,16,2,extension,1.0176687038370542,,/work/11617/sujato_ts/vista/motion_code-master/physics_modal_v4/enhancements/results/central/checkpoints/no_multiscale/seed42/ETTh1/h192.pt,7114eb44ef88e138,preserved,2,False,ETTh1,16,372.1789427921176,latentflow-factorial-2x2x2-all28-three-seed-no-exchange-v2-selector-safe,factorial,10,latentflow_process_preserving_unfreeze2,5.0,0.001,192,,19.664090486455287,False,,0.0007,0.43919897695052057,2048,1024,LatentFlow,0.4543071907198966,0.02,2689.0,617482,,0.43620894722768894,0.44605673155124015,False,2,0.002990029722831633,0.008250459168656465,,/work/11617/sujato_ts/vista/motion_code-master/physics_modal_v4/enhancements/results/factorial/runs/scale-single__bank-on__continuation-preserved/seed42/ETTh1/h192.json,1d3e91be70dbc6f6f9e9069a6d38491708223f3c04958bbf64492411180c2ad2,/work/11617/sujato_ts/vista/motion_code-master/physics_modal_v4/enhancements/results/central/runs/no_multiscale/seed42/ETTh1/h192.json,0.6740231381190831,single,42,"{'inducing_points': 32, 'latent_dim': 16, 'patch_lens': [16, 32, 48], 'representation_weight': 0.05}",16,,True,True,96,False,0,78.7131906767172,extension,scale-single__bank-on__continuation-preserved,0.0001,4
on,16,0,reference,1.2834128254935855,,/work/11617/sujato_ts/vista/motion_code-master/physics_modal_v4/enhancements/results/central/checkpoints/no_multiscale/seed42/ETTh1/h336.pt,0450f7b93a488e76,preserved,2,False,ETTh1,16,376.3752142479643,latentflow-factorial-2x2x2-all28-three-seed-no-exchange-v2-selector-safe,factorial,10,latentflow_process_preserving_unfreeze2,5.0,0.001,336,,4.8919717108541985,True,,0.0007,0.451345809839248,2048,1024,LatentFlow,0.47693115907757805,0.02,2545.0,758332,,0.451345809839248,0.47693115907757805,False,2,0.0,0.0,,/work/11617/sujato_ts/vista/motion_code-master/physics_modal_v4/enhancements/results/factorial/runs/scale-single__bank-on__continuation-preserved/seed42/ETTh1/h336.json,8a5f53dc335b58f0670c7425fc08206c8b847532545d633a6b68c4b367c0500b,/work/11617/sujato_ts/vista/motion_code-master/physics_modal_v4/enhancements/results/central/runs/no_multiscale/seed42/ETTh1/h336.json,0.6906020265518905,single,42,"{'inducing_points': 32, 'latent_dim': 16, 'patch_lens': [16, 32, 48], 'representation_weight': 0.05}",16,,True,True,96,False,0,79.21247793237853,reference,scale-single__bank-on__continuation-preserved,0.0001,4
on,16,0,reference,1.5561827826121497,,/work/11617/sujato_ts/vista/motion_code-master/physics_modal_v4/enhancements/results/central/checkpoints/no_multiscale/seed42/ETTh1/h720.pt,88a4f5be43a45f70,preserved,2,False,ETTh1,16,364.3465342610143,latentflow-factorial-2x2x2-all28-three-seed-no-exchange-v2-selector-safe,factorial,10,latentflow_process_preserving_unfreeze2,5.0,0.001,720,,4.860556435965891,True,,0.0007,0.47859032000202106,2048,1024,LatentFlow,0.4938865323758555,0.02,2161.0,1180516,,0.47859032000202106,0.4938865323758555,False,2,0.0,0.0,,/work/11617/sujato_ts/vista/motion_code-master/physics_modal_v4/enhancements/results/factorial/runs/scale-single__bank-on__continuation-preserved/seed42/ETTh1/h720.json,b4f76414cdefd5938e544d0b91d26c08234e50654cb533d728e39653ec3935a2,/work/11617/sujato_ts/vista/motion_code-master/physics_modal_v4/enhancements/results/central/runs/no_multiscale/seed42/ETTh1/h720.json,0.7027706114912998,single,42,"{'inducing_points': 32, 'latent_dim': 16, 'patch_lens': [16, 32, 48], 'representation_weight': 0.05}",48,,True,True,96,False,0,77.37798619928071,reference,scale-single__bank-on__continuation-preserved,0.0001,4
on,16,0,reference,0.7621116824448109,,/work/11617/sujato_ts/vista/motion_code-master/physics_modal_v4/enhancements/results/central/checkpoints/no_multiscale/seed42/ETTh1/h96.pt,72c3f368e2d36b47,preserved,2,False,ETTh1,16,353.75678985507693,latentflow-factorial-2x2x2-all28-three-seed-no-exchange-v2-selector-safe,factorial,10,latentflow_process_preserving_unfreeze2,5.0,0.001,96,,4.708846783362372,True,,0.0007,0.40459336049843925,2048,1024,LatentFlow,0.39791870638989296,0.02,2785.0,572818,,0.40459336049843925,0.39791870638989296,False,2,0.0,0.0,,/work/11617/sujato_ts/vista/motion_code-master/physics_modal_v4/enhancements/results/factorial/runs/scale-single__bank-on__continuation-preserved/seed42/ETTh1/h96.json,e7db9034482f885f49542483e2e04355e5a7307c06ae9098fd8dfa7a5d34c4ec,/work/11617/sujato_ts/vista/motion_code-master/physics_modal_v4/enhancements/results/central/runs/no_multiscale/seed42/ETTh1/h96.json,0.6308079790157167,single,42,"{'inducing_points': 32, 'latent_dim': 16, 'patch_lens': [16, 32, 48], 'representation_weight': 0.05}",48,,True,True,96,False,0,74.88964221874994,reference,scale-single__bank-on__continuation-preserved,0.0001,4
on,16,0,reference,0.2647402187188466,,/work/11617/sujato_ts/vista/motion_code-master/physics_modal_v4/enhancements/results/central/checkpoints/no_multiscale/seed42/ETTh2/h192.pt,6c2ac767cedfb072,preserved,2,False,ETTh2,16,338.6725917458534,latentflow-factorial-2x2x2-all28-three-seed-no-exchange-v2-selector-safe,factorial,10,latentflow_process_preserving_unfreeze2,5.0,0.001,192,,4.407638193158332,True,,0.0007,0.39251590989787766,2048,1024,LatentFlow,0.38090621875148944,0.02,2689.0,646258,,0.39251590989787766,0.38090621875148944,False,2,0.0,0.0,,/work/11617/sujato_ts/vista/motion_code-master/physics_modal_v4/enhancements/results/factorial/runs/scale-single__bank-on__continuation-preserved/seed42/ETTh2/h192.json,69f64aa916179d7f340695ce4b2874f159296306f3c4c11f40ca665838b3f17d,/work/11617/sujato_ts/vista/motion_code-master/physics_modal_v4/enhancements/results/central/runs/no_multiscale/seed42/ETTh2/h192.json,0.6171760030586814,single,42,"{'inducing_points': 32, 'latent_dim': 8, 'patch_lens': [16, 32, 48], 'representation_weight': 0.001}",48,,True,True,96,False,0,72.31853095872793,reference,scale-single__bank-on__continuation-preserved,0.0001,4
on,16,0,reference,0.34347591310942255,,/work/11617/sujato_ts/vista/motion_code-master/physics_modal_v4/enhancements/results/central/checkpoints/no_multiscale/seed42/ETTh2/h336.pt,9d3f99f1064c7032,preserved,2,False,ETTh2,16,374.1511904001236,latentflow-factorial-2x2x2-all28-three-seed-no-exchange-v2-selector-safe,factorial,10,latentflow_process_preserving_unfreeze2,5.0,0.001,336,,4.6445700115984,True,,0.0007,0.4272882950703765,2048,1024,LatentFlow,0.421305299264402,0.02,2545.0,786460,,0.4272882950703765,0.421305299264402,False,2,0.0,0.0,,/work/11617/sujato_ts/vista/motion_code-master/physics_modal_v4/enhancements/results/factorial/runs/scale-single__bank-on__continuation-preserved/seed42/ETTh2/h336.json,d52ebaa2dc85562f13b80f38341c83bc4e9cd8147c731cdbda8738795326ccc1,/work/11617/sujato_ts/vista/motion_code-master/physics_modal_v4/enhancements/results/central/runs/no_multiscale/seed42/ETTh2/h336.json,0.6490803488508969,single,42,"{'inducing_points': 32, 'latent_dim': 8, 'patch_lens': [16, 32, 48], 'representation_weight': 0.001}",48,,True,True,96,False,0,79.81909861337044,reference,scale-single__bank-on__continuation-preserved,0.0001,4
on,16,0,reference,0.5973923921585083,,/work/11617/sujato_ts/vista/motion_code-master/physics_modal_v4/enhancements/results/central/checkpoints/no_multiscale/seed42/ETTh2/h720.pt,a391a2f826a9a236,preserved,2,False,ETTh2,16,373.8783776788041,latentflow-factorial-2x2x2-all28-three-seed-no-exchange-v2-selector-safe,factorial,10,latentflow_process_preserving_unfreeze2,5.0,0.001,720,,4.706613337204082,True,,0.0007,0.434828278489231,2048,1024,LatentFlow,0.4109337318996329,0.02,2161.0,1160508,,0.434828278489231,0.4109337318996329,False,2,0.0,0.0,,/work/11617/sujato_ts/vista/motion_code-master/physics_modal_v4/enhancements/results/factorial/runs/scale-single__bank-on__continuation-preserved/seed42/ETTh2/h720.json,58d90780262eccd9979c9ef767564c187375a438a1676b289b8a1557944b44a9,/work/11617/sujato_ts/vista/motion_code-master/physics_modal_v4/enhancements/results/central/runs/no_multiscale/seed42/ETTh2/h720.json,0.6410411312073765,single,42,"{'inducing_points': 32, 'latent_dim': 8, 'patch_lens': [16, 32, 48], 'representation_weight': 0.001}",48,,True,True,96,False,0,79.1110142828984,reference,scale-single__bank-on__continuation-preserved,0.0001,4
on,16,3,extension,0.21273347930539221,,/work/11617/sujato_ts/vista/motion_code-master/physics_modal_v4/enhancements/results/central/checkpoints/no_multiscale/seed42/ETTh2/h96.pt,bdf5bffcee41f4f8,preserved,2,False,ETTh2,16,358.84237777697854,latentflow-factorial-2x2x2-all28-three-seed-no-exchange-v2-selector-safe,factorial,10,latentflow_process_preserving_unfreeze2,5.0,0.001,96,,20.462011014019822,False,,0.0007,0.3402386142074873,2048,1024,LatentFlow,0.2923202799438075,0.02,2785.0,552810,,0.3408561592724952,0.2953847670133189,False,2,-0.0006175450650078851,-0.0030644870695114013,,/work/11617/sujato_ts/vista/motion_code-master/physics_modal_v4/enhancements/results/factorial/runs/scale-single__bank-on__continuation-preserved/seed42/ETTh2/h96.json,0a9a222f17fe3b3b0c2d2487215876d39fb419b18c1fd1ac4f9a0e18c9512c15,/work/11617/sujato_ts/vista/motion_code-master/physics_modal_v4/enhancements/results/central/runs/no_multiscale/seed42/ETTh2/h96.json,0.5406665145390526,single,42,"{'inducing_points': 32, 'latent_dim': 8, 'patch_lens': [16, 32, 48], 'representation_weight': 0.001}",48,,True,True,96,False,0,76.06031289287785,extension,scale-single__bank-on__continuation-preserved,0.0001,4
on,16,0,reference,0.5070549629273868,,/work/11617/sujato_ts/vista/motion_code-master/physics_modal_v4/enhancements/results/central/checkpoints/no_multiscale/seed42/ETTm1/h192.pt,7d10b0d5b3070bf2,preserved,2,False,ETTm1,16,384.71374776400626,latentflow-factorial-2x2x2-all28-three-seed-no-exchange-v2-selector-safe,factorial,10,latentflow_process_preserving_unfreeze2,5.0,0.001,192,,4.415755569829462,True,,0.0007,0.40745573511743344,2048,1024,LatentFlow,0.40148370819914675,0.02,11329.0,620266,,0.40745573511743344,0.40148370819914675,False,2,0.0,0.0,,/work/11617/sujato_ts/vista/motion_code-master/physics_modal_v4/enhancements/results/factorial/runs/scale-single__bank-on__continuation-preserved/seed42/ETTm1/h192.json,8e1a0f6a2140ccff992010b61f42730255080dd8865e45a41571176bd9d9ada5,/work/11617/sujato_ts/vista/motion_code-master/physics_modal_v4/enhancements/results/central/runs/no_multiscale/seed42/ETTm1/h192.json,0.6336274206496644,single,42,"{'inducing_points': 32, 'latent_dim': 8, 'patch_lens': [8, 24, 48], 'representation_weight': 0.01}",24,,True,True,96,False,0,80.83388272643788,reference,scale-single__bank-on__continuation-preserved,0.0001,4
on,16,1,extension,0.6506720402208316,,/work/11617/sujato_ts/vista/motion_code-master/physics_modal_v4/enhancements/results/central/checkpoints/no_multiscale/seed42/ETTm1/h336.pt,7ab4cd5d5cfb4e10,preserved,2,False,ETTm1,16,381.2699526930228,latentflow-factorial-2x2x2-all28-three-seed-no-exchange-v2-selector-safe,factorial,10,latentflow_process_preserving_unfreeze2,5.0,0.001,336,,21.517640970584623,False,,0.0007,0.41324184840528083,2048,1024,LatentFlow,0.4044121444675374,0.02,11185.0,752570,,0.4112969252567128,0.40240100541593515,False,2,0.001944923148568034,0.002011139051602273,,/work/11617/sujato_ts/vista/motion_code-master/physics_modal_v4/enhancements/results/factorial/runs/scale-single__bank-on__continuation-preserved/seed42/ETTm1/h336.json,bcd647886839661dfb61193f648bf814f9a92a99cd298b335169ff0cfd08c5dd,/work/11617/sujato_ts/vista/motion_code-master/physics_modal_v4/enhancements/results/central/runs/no_multiscale/seed42/ETTm1/h336.json,0.6359340724222421,single,42,"{'inducing_points': 32, 'latent_dim': 8, 'patch_lens': [8, 24, 48], 'representation_weight': 0.01}",8,,True,True,96,False,0,79.80609998048749,extension,scale-single__bank-on__continuation-preserved,0.0001,4
on,16,2,extension,0.9763105350827413,,/work/11617/sujato_ts/vista/motion_code-master/physics_modal_v4/enhancements/results/central/checkpoints/no_multiscale/seed42/ETTm1/h720.pt,61a05d325392ec48,preserved,2,False,ETTm1,16,377.69824120774865,latentflow-factorial-2x2x2-all28-three-seed-no-exchange-v2-selector-safe,factorial,10,latentflow_process_preserving_unfreeze2,5.0,0.001,720,,21.321549241376477,False,,0.0007,0.4681205634733822,2048,1024,LatentFlow,0.49394318716362084,0.02,10801.0,1140218,,0.4706026573653797,0.49441572303893117,False,2,-0.0024820938919974944,-0.0004725358753103204,,/work/11617/sujato_ts/vista/motion_code-master/physics_modal_v4/enhancements/results/factorial/runs/scale-single__bank-on__continuation-preserved/seed42/ETTm1/h720.json,97acd7afcdba35181d74031684901dcad9d96e9a646ffdc35d34357a44bffee3,/work/11617/sujato_ts/vista/motion_code-master/physics_modal_v4/enhancements/results/central/runs/no_multiscale/seed42/ETTm1/h720.json,0.7028109185005743,single,42,"{'inducing_points': 32, 'latent_dim': 8, 'patch_lens': [8, 24, 48], 'representation_weight': 0.01}",8,,True,True,96,False,0,79.0107228924171,extension,scale-single__bank-on__continuation-preserved,0.0001,4
on,16,0,reference,0.39250070246912183,,/work/11617/sujato_ts/vista/motion_code-master/physics_modal_v4/enhancements/results/central/checkpoints/no_multiscale/seed42/ETTm1/h96.pt,804f56c32c29f535,preserved,2,False,ETTm1,16,361.60992213105783,latentflow-factorial-2x2x2-all28-three-seed-no-exchange-v2-selector-safe,factorial,10,latentflow_process_preserving_unfreeze2,5.0,0.001,96,,4.238153670667598,True,,0.0007,0.37793458419876125,2048,1024,LatentFlow,0.3411493279907347,0.02,11425.0,526714,,0.37793458419876125,0.3411493279907347,False,2,0.0,0.0,,/work/11617/sujato_ts/vista/motion_code-master/physics_modal_v4/enhancements/results/factorial/runs/scale-single__bank-on__continuation-preserved/seed42/ETTm1/h96.json,a49c5ec354a92e804b8676b67926df2023c3e06116526b58a95b816dfc0b92c3,/work/11617/sujato_ts/vista/motion_code-master/physics_modal_v4/enhancements/results/central/runs/no_multiscale/seed42/ETTm1/h96.json,0.584079898636081,single,42,"{'inducing_points': 32, 'latent_dim': 8, 'patch_lens': [8, 24, 48], 'representation_weight': 0.01}",24,,True,True,96,False,0,75.65142844523507,reference,scale-single__bank-on__continuation-preserved,0.0001,4
on,16,2,extension,0.1676205529698304,,/work/11617/sujato_ts/vista/motion_code-master/physics_modal_v4/enhancements/results/central/checkpoints/no_multiscale/seed42/ETTm2/h192.pt,c45962178470fa31,preserved,2,False,ETTm2,16,358.0844935348723,latentflow-factorial-2x2x2-all28-three-seed-no-exchange-v2-selector-safe,factorial,10,latentflow_process_preserving_unfreeze2,5.0,0.001,192,,23.038980718359582,False,,0.0007,0.2998215597014567,2048,1024,LatentFlow,0.24044054556847183,0.02,11329.0,609514,,0.30130034184840593,0.24211921609077525,False,2,-0.0014787821469492424,-0.001678670522303416,,/work/11617/sujato_ts/vista/motion_code-master/physics_modal_v4/enhancements/results/factorial/runs/scale-single__bank-on__continuation-preserved/seed42/ETTm2/h192.json,fb5fb90b131b2b4101c60dcd0aa4d4e29808986beaeea6316dc2cbee6c7a10d6,/work/11617/sujato_ts/vista/motion_code-master/physics_modal_v4/enhancements/results/central/runs/no_multiscale/seed42/ETTm2/h192.json,0.4903473723478814,single,42,"{'inducing_points': 16, 'latent_dim': 8, 'patch_lens': [8, 16, 32], 'representation_weight': 0.001}",8,,True,True,96,False,0,75.14432446550927,extension,scale-single__bank-on__continuation-preserved,0.0001,4
on,16,1,extension,0.21648001701247935,,/work/11617/sujato_ts/vista/motion_code-master/physics_modal_v4/enhancements/results/central/checkpoints/no_multiscale/seed42/ETTm2/h336.pt,ca2f86793995f079,preserved,2,False,ETTm2,16,370.4817020330811,latentflow-factorial-2x2x2-all28-three-seed-no-exchange-v2-selector-safe,factorial,10,latentflow_process_preserving_unfreeze2,5.0,0.001,336,,20.89072709298028,False,,0.0007,0.3440600345027568,2048,1024,LatentFlow,0.3071227540169095,0.02,11185.0,768134,,0.34436970590518096,0.3075116868981786,False,2,-0.0003096714024241609,-0.0003889328812690662,,/work/11617/sujato_ts/vista/motion_code-master/physics_modal_v4/enhancements/results/factorial/runs/scale-single__bank-on__continuation-preserved/seed42/ETTm2/h336.json,4dcc416442e26097730b3c1e9977aa7f9542c4cc16e44049a512d4dd035e842f,/work/11617/sujato_ts/vista/motion_code-master/physics_modal_v4/enhancements/results/central/runs/no_multiscale/seed42/ETTm2/h336.json,0.5541865696829088,single,42,"{'inducing_points': 16, 'latent_dim': 8, 'patch_lens': [8, 16, 32], 'representation_weight': 0.001}",32,,True,True,96,False,0,78.06186129610069,extension,scale-single__bank-on__continuation-preserved,0.0001,4
on,16,0,reference,0.2965257716557336,,/work/11617/sujato_ts/vista/motion_code-master/physics_modal_v4/enhancements/results/central/checkpoints/no_multiscale/seed42/ETTm2/h720.pt,1e4693e4013b5099,preserved,2,False,ETTm2,16,386.4971010177396,latentflow-factorial-2x2x2-all28-three-seed-no-exchange-v2-selector-safe,factorial,10,latentflow_process_preserving_unfreeze2,5.0,0.001,720,,4.631893374910163,True,,0.0007,0.39998473441642685,2048,1024,LatentFlow,0.4069401379445784,0.02,10801.0,1142702,,0.39998473441642685,0.4069401379445784,False,2,0.0,0.0,,/work/11617/sujato_ts/vista/motion_code-master/physics_modal_v4/enhancements/results/factorial/runs/scale-single__bank-on__continuation-preserved/seed42/ETTm2/h720.json,85e7971ed5128953c959bc0ea167ad96755169a1743a4f614f3460b0d8c1ca25,/work/11617/sujato_ts/vista/motion_code-master/physics_modal_v4/enhancements/results/central/runs/no_multiscale/seed42/ETTm2/h720.json,0.6379185982118553,single,42,"{'inducing_points': 16, 'latent_dim': 8, 'patch_lens': [8, 16, 32], 'representation_weight': 0.001}",32,,True,True,96,False,0,81.12973619208788,reference,scale-single__bank-on__continuation-preserved,0.0001,4
on,16,5,extension,0.12816912303900435,,/work/11617/sujato_ts/vista/motion_code-master/physics_modal_v4/enhancements/results/central/checkpoints/no_multiscale/seed42/ETTm2/h96.pt,b7e2d088575319e9,preserved,2,False,ETTm2,16,378.2770881690085,latentflow-factorial-2x2x2-all28-three-seed-no-exchange-v2-selector-safe,factorial,10,latentflow_process_preserving_unfreeze2,5.0,0.001,96,,20.253715495909415,False,,0.0007,0.2587210975429149,2048,1024,LatentFlow,0.1743774491701944,0.02,11425.0,520074,,0.26100155763505856,0.17721956967736105,False,2,-0.0022804600921436657,-0.0028421205071666455,,/work/11617/sujato_ts/vista/motion_code-master/physics_modal_v4/enhancements/results/factorial/runs/scale-single__bank-on__continuation-preserved/seed42/ETTm2/h96.json,d0ee24092644706f82d5461447f32a399cea6233be1829075348e96db16b6539,/work/11617/sujato_ts/vista/motion_code-master/physics_modal_v4/enhancements/results/central/runs/no_multiscale/seed42/ETTm2/h96.json,0.4175852597616377,single,42,"{'inducing_points': 16, 'latent_dim': 8, 'patch_lens': [8, 16, 32], 'representation_weight': 0.001}",16,,True,True,96,False,0,79.25583859178005,extension,scale-single__bank-on__continuation-preserved,0.0001,4
on,16,10,extension,0.14795216713738962,,/work/11617/sujato_ts/vista/motion_code-master/physics_modal_v4/enhancements/results/central/checkpoints/no_multiscale/seed42/Electricity/h192.pt,a272bf8153bc5ab2,preserved,2,False,Electricity,16,1478.0056542679667,latentflow-factorial-2x2x2-all28-three-seed-no-exchange-v2-selector-safe,factorial,10,latentflow_process_preserving_unfreeze2,5.0,0.001,192,,26.04601649335022,False,,0.0007,0.2638550299005757,2048,1024,LatentFlow,0.171423127151915,0.02,5071.0,612867,,0.26903617975431154,0.18057755324293223,False,2,-0.005181149853735856,-0.009154426091017243,,/work/11617/sujato_ts/vista/motion_code-master/physics_modal_v4/enhancements/results/factorial/runs/scale-single__bank-on__continuation-preserved/seed42/Electricity/h192.json,65de8df61b3f3ddf2d5af4e70004d6c8522b030f4571a612225d16169a3b5b9d,/work/11617/sujato_ts/vista/motion_code-master/physics_modal_v4/enhancements/results/central/runs/no_multiscale/seed42/Electricity/h192.json,0.41403276096453406,single,42,"{'inducing_points': 32, 'latent_dim': 16, 'patch_lens': [8, 16, 32], 'representation_weight': 0.001}",8,,True,True,96,False,0,354.0017457155045,extension,scale-single__bank-on__continuation-preserved,0.0001,4
on,16,10,extension,0.16527798886363504,,/work/11617/sujato_ts/vista/motion_code-master/physics_modal_v4/enhancements/results/central/checkpoints/no_multiscale/seed42/Electricity/h336.pt,ce27f95286982c19,preserved,2,False,Electricity,16,1573.8677679700777,latentflow-factorial-2x2x2-all28-three-seed-no-exchange-v2-selector-safe,factorial,10,latentflow_process_preserving_unfreeze2,5.0,0.001,336,,25.16749024512322,False,,0.0007,0.28273021088444056,2048,1024,LatentFlow,0.1902937704396959,0.02,4927.0,755859,,0.2882653510398881,0.19989252836524798,False,2,-0.005535140155447538,-0.009598757925552093,,/work/11617/sujato_ts/vista/motion_code-master/physics_modal_v4/enhancements/results/factorial/runs/scale-single__bank-on__continuation-preserved/seed42/Electricity/h336.json,9d0ac10eb01ce0ef6948e60a9b227fa690eea417984e7fed822ff871c44b9810,/work/11617/sujato_ts/vista/motion_code-master/physics_modal_v4/enhancements/results/central/runs/no_multiscale/seed42/Electricity/h336.json,0.4362267420043112,single,42,"{'inducing_points': 32, 'latent_dim': 16, 'patch_lens': [8, 16, 32], 'representation_weight': 0.001}",8,,True,True,96,False,0,373.28533850741223,extension,scale-single__bank-on__continuation-preserved,0.0001,4
on,16,8,extension,0.20170509725262362,,/work/11617/sujato_ts/vista/motion_code-master/physics_modal_v4/enhancements/results/central/checkpoints/no_multiscale/seed42/Electricity/h720.pt,7c59b62510887481,preserved,2,False,Electricity,16,1510.9318297947757,latentflow-factorial-2x2x2-all28-three-seed-no-exchange-v2-selector-safe,factorial,10,latentflow_process_preserving_unfreeze2,5.0,0.001,720,,27.434434701493124,False,,0.0007,0.31267562557265477,2048,1024,LatentFlow,0.22614926923218098,0.02,4543.0,1136717,,0.3246753240800742,0.24660372411936646,False,2,-0.011999698507419443,-0.020454454887185475,,/work/11617/sujato_ts/vista/motion_code-master/physics_modal_v4/enhancements/results/factorial/runs/scale-single__bank-on__continuation-preserved/seed42/Electricity/h720.json,5f8d224b478c94bae88f60d5b8fea20df095b12557a75c3410f4dc51f4a707d4,/work/11617/sujato_ts/vista/motion_code-master/physics_modal_v4/enhancements/results/central/runs/no_multiscale/seed42/Electricity/h720.json,0.47555154214047185,single,42,"{'inducing_points': 32, 'latent_dim': 16, 'patch_lens': [8, 16, 32], 'representation_weight': 0.001}",16,,True,True,96,False,0,355.6211991352029,extension,scale-single__bank-on__continuation-preserved,0.0001,4
on,16,9,extension,0.13786180947180973,,/work/11617/sujato_ts/vista/motion_code-master/physics_modal_v4/enhancements/results/central/checkpoints/no_multiscale/seed42/Electricity/h96.pt,29472a2379fcfe90,preserved,2,False,Electricity,16,1502.3138052499853,latentflow-factorial-2x2x2-all28-three-seed-no-exchange-v2-selector-safe,factorial,10,latentflow_process_preserving_unfreeze2,5.0,0.001,96,,26.768323948043722,False,,0.0007,0.2535646169617152,2048,1024,LatentFlow,0.15927522914062708,0.02,5167.0,518259,,0.2572692813920298,0.16525641673100436,False,2,-0.0037046644303146414,-0.005981187590377274,,/work/11617/sujato_ts/vista/motion_code-master/physics_modal_v4/enhancements/results/factorial/runs/scale-single__bank-on__continuation-preserved/seed42/Electricity/h96.json,693f4641e55c5d36893c8b13f64b2e12f1f5c0311bbf2a9683bba8b258dff683,/work/11617/sujato_ts/vista/motion_code-master/physics_modal_v4/enhancements/results/central/runs/no_multiscale/seed42/Electricity/h96.json,0.39909300813297527,single,42,"{'inducing_points': 32, 'latent_dim': 16, 'patch_lens': [8, 16, 32], 'representation_weight': 0.001}",8,,True,True,96,False,0,359.8844006852232,extension,scale-single__bank-on__continuation-preserved,0.0001,4
on,16,9,extension,0.38804834975075186,,/work/11617/sujato_ts/vista/motion_code-master/physics_modal_v4/enhancements/results/central/checkpoints/no_multiscale/seed42/Traffic/h192.pt,49da2177fd87fdca,preserved,2,False,Traffic,16,2483.8946030754596,latentflow-factorial-2x2x2-all28-three-seed-no-exchange-v2-selector-safe,factorial,10,latentflow_process_preserving_unfreeze2,5.0,0.001,192,,55.52159125606219,False,,0.0007,0.30111407661922485,2048,1024,LatentFlow,0.4520575843463938,0.02,3319.0,614490,,0.31193999615117407,0.4670676597840479,False,2,-0.010825919531949224,-0.015010075437654091,,/work/11617/sujato_ts/vista/motion_code-master/physics_modal_v4/enhancements/results/factorial/runs/scale-single__bank-on__continuation-preserved/seed42/Traffic/h192.json,752aabf8e9e49fb6ae3f59815ea56af671466aef4a617766bf0be530816aa948,/work/11617/sujato_ts/vista/motion_code-master/physics_modal_v4/enhancements/results/central/runs/no_multiscale/seed42/Traffic/h192.json,0.6723522769697399,single,42,"{'inducing_points': 32, 'latent_dim': 16, 'patch_lens': [8, 16, 32], 'representation_weight': 0.001}",8,,True,True,96,False,0,633.6487798689632,extension,scale-single__bank-on__continuation-preserved,0.0001,4
on,16,9,extension,0.39913325435666663,,/work/11617/sujato_ts/vista/motion_code-master/physics_modal_v4/enhancements/results/central/checkpoints/no_multiscale/seed42/Traffic/h336.pt,410f3ea0e6a8de0f,preserved,2,False,Traffic,16,2587.330461845966,latentflow-factorial-2x2x2-all28-three-seed-no-exchange-v2-selector-safe,factorial,10,latentflow_process_preserving_unfreeze2,5.0,0.001,336,,58.0831066484215,False,,0.0007,0.30143379384439617,2048,1024,LatentFlow,0.46404267811170863,0.02,3175.0,757482,,0.3113959600621631,0.4775372026188323,False,2,-0.00996216621776691,-0.013494524507123684,,/work/11617/sujato_ts/vista/motion_code-master/physics_modal_v4/enhancements/results/factorial/runs/scale-single__bank-on__continuation-preserved/seed42/Traffic/h336.json,4b9482088673505b14ef7d1cba72e22e134978f248cd189a594443512e9d214a,/work/11617/sujato_ts/vista/motion_code-master/physics_modal_v4/enhancements/results/central/runs/no_multiscale/seed42/Traffic/h336.json,0.6812067807293969,single,42,"{'inducing_points': 32, 'latent_dim': 16, 'patch_lens': [8, 16, 32], 'representation_weight': 0.001}",8,,True,True,96,False,0,658.9028579610385,extension,scale-single__bank-on__continuation-preserved,0.0001,4
on,16,10,extension,0.44572000378153626,,/work/11617/sujato_ts/vista/motion_code-master/physics_modal_v4/enhancements/results/central/checkpoints/no_multiscale/seed42/Traffic/h720.pt,3a564e34480d0960,preserved,2,False,Traffic,16,2846.033962611109,latentflow-factorial-2x2x2-all28-three-seed-no-exchange-v2-selector-safe,factorial,10,latentflow_process_preserving_unfreeze2,5.0,0.001,720,,65.72664108183557,False,,0.0007,0.3176037268879138,2048,1024,LatentFlow,0.4941214085382235,0.02,2791.0,1145130,,0.32705866537000816,0.5037013786100898,False,2,-0.009454938482094388,-0.009579970071866284,,/work/11617/sujato_ts/vista/motion_code-master/physics_modal_v4/enhancements/results/factorial/runs/scale-single__bank-on__continuation-preserved/seed42/Traffic/h720.json,b102ae187262023e62420698e801d6bcba809bfa2a717b399e8b679f3633cfcd,/work/11617/sujato_ts/vista/motion_code-master/physics_modal_v4/enhancements/results/central/runs/no_multiscale/seed42/Traffic/h720.json,0.7029376989024159,single,42,"{'inducing_points': 32, 'latent_dim': 16, 'patch_lens': [8, 16, 32], 'representation_weight': 0.001}",8,,True,True,96,False,0,738.8970982297906,extension,scale-single__bank-on__continuation-preserved,0.0001,4
on,16,10,extension,0.3918684992048967,,/work/11617/sujato_ts/vista/motion_code-master/physics_modal_v4/enhancements/results/central/checkpoints/no_multiscale/seed42/Traffic/h96.pt,76b351377d38228c,preserved,2,False,Traffic,16,2474.9101378519554,latentflow-factorial-2x2x2-all28-three-seed-no-exchange-v2-selector-safe,factorial,10,latentflow_process_preserving_unfreeze2,5.0,0.001,96,,57.44084230506084,False,,0.0007,0.2955264363161544,2048,1024,LatentFlow,0.43613268707341357,0.02,3415.0,519882,,0.30909050919706355,0.4536407873529254,False,2,-0.013564072880909162,-0.01750810027951183,,/work/11617/sujato_ts/vista/motion_code-master/physics_modal_v4/enhancements/results/factorial/runs/scale-single__bank-on__continuation-preserved/seed42/Traffic/h96.json,dcd23b72bf3f651c986f2d0bfcda7d25019e8033fa97a7616d01e22e98aa54c1,/work/11617/sujato_ts/vista/motion_code-master/physics_modal_v4/enhancements/results/central/runs/no_multiscale/seed42/Traffic/h96.json,0.6604034275148892,single,42,"{'inducing_points': 32, 'latent_dim': 16, 'patch_lens': [8, 16, 32], 'representation_weight': 0.001}",8,,True,True,96,False,0,630.7430375196418,extension,scale-single__bank-on__continuation-preserved,0.0001,4
on,16,5,extension,0.4828766882419586,,/work/11617/sujato_ts/vista/motion_code-master/physics_modal_v4/enhancements/results/central/checkpoints/no_multiscale/seed42/Weather/h192.pt,2177c4fcc553157a,preserved,2,False,Weather,16,582.581681067124,latentflow-factorial-2x2x2-all28-three-seed-no-exchange-v2-selector-safe,factorial,10,latentflow_process_preserving_unfreeze2,5.0,0.001,192,,36.20390305006804,False,,0.0007,0.2562558411973008,2048,1024,LatentFlow,0.21552754326849588,0.02,10349.0,613036,,0.2571383054325549,0.21772806853539153,False,2,-0.0008824642352540657,-0.002200525266895653,,/work/11617/sujato_ts/vista/motion_code-master/physics_modal_v4/enhancements/results/factorial/runs/scale-single__bank-on__continuation-preserved/seed42/Weather/h192.json,c68593a5ee91270a882d3471f138ff5787a2d7fd67d17ef506bbc02fc959970d,/work/11617/sujato_ts/vista/motion_code-master/physics_modal_v4/enhancements/results/central/runs/no_multiscale/seed42/Weather/h192.json,0.46424944078425756,single,42,"{'inducing_points': 32, 'latent_dim': 16, 'patch_lens': [8, 16, 32], 'representation_weight': 0.001}",8,,True,True,96,False,0,132.1786449130741,extension,scale-single__bank-on__continuation-preserved,0.0001,4
on,16,3,extension,0.559834920630163,,/work/11617/sujato_ts/vista/motion_code-master/physics_modal_v4/enhancements/results/central/checkpoints/no_multiscale/seed42/Weather/h336.pt,2651ff94ec7fdd48,preserved,2,False,Weather,16,606.2715142928064,latentflow-factorial-2x2x2-all28-three-seed-no-exchange-v2-selector-safe,factorial,10,latentflow_process_preserving_unfreeze2,5.0,0.001,336,,34.35658992833016,False,,0.0007,0.2973190016522645,2048,1024,LatentFlow,0.2717607944988727,0.02,10205.0,756028,,0.3018558399052896,0.2771905979104784,False,2,-0.004536838253025088,-0.005429803411605705,,/work/11617/sujato_ts/vista/motion_code-master/physics_modal_v4/enhancements/results/factorial/runs/scale-single__bank-on__continuation-preserved/seed42/Weather/h336.json,911651cafe12fcf66924d37dcacf7e387def81567d0349be4b7252b2cd4c0b65,/work/11617/sujato_ts/vista/motion_code-master/physics_modal_v4/enhancements/results/central/runs/no_multiscale/seed42/Weather/h336.json,0.5213068141688469,single,42,"{'inducing_points': 32, 'latent_dim': 16, 'patch_lens': [8, 16, 32], 'representation_weight': 0.001}",8,,True,True,96,False,0,138.4990771930461,extension,scale-single__bank-on__continuation-preserved,0.0001,4
on,16,6,extension,0.6822403398140398,,/work/11617/sujato_ts/vista/motion_code-master/physics_modal_v4/enhancements/results/central/checkpoints/no_multiscale/seed42/Weather/h720.pt,31123364146c602b,preserved,2,False,Weather,16,580.3904657871462,latentflow-factorial-2x2x2-all28-three-seed-no-exchange-v2-selector-safe,factorial,10,latentflow_process_preserving_unfreeze2,5.0,0.001,720,,35.24017658939104,False,,0.0007,0.3471682083437883,2048,1024,LatentFlow,0.34761072107725643,0.02,9821.0,1143676,,0.34834239084136465,0.35065394124342514,False,2,-0.001174182497576337,-0.003043220166168703,,/work/11617/sujato_ts/vista/motion_code-master/physics_modal_v4/enhancements/results/factorial/runs/scale-single__bank-on__continuation-preserved/seed42/Weather/h720.json,fa0806797a7f896416712b67ca68f3cf0526c3a9fd75682679bee069cbc0b90c,/work/11617/sujato_ts/vista/motion_code-master/physics_modal_v4/enhancements/results/central/runs/no_multiscale/seed42/Weather/h720.json,0.5895852110401485,single,42,"{'inducing_points': 32, 'latent_dim': 16, 'patch_lens': [8, 16, 32], 'representation_weight': 0.001}",8,,True,True,96,False,0,132.32317581860116,extension,scale-single__bank-on__continuation-preserved,0.0001,4
on,16,8,extension,0.43718378931757,,/work/11617/sujato_ts/vista/motion_code-master/physics_modal_v4/enhancements/results/central/checkpoints/no_multiscale/seed42/Weather/h96.pt,735c3bdbcdb8875f,preserved,2,False,Weather,16,567.5001386330696,latentflow-factorial-2x2x2-all28-three-seed-no-exchange-v2-selector-safe,factorial,10,latentflow_process_preserving_unfreeze2,5.0,0.001,96,,34.93627617006889,False,,0.0007,0.21500023684879582,2048,1024,LatentFlow,0.16803491961349412,0.02,10445.0,518428,,0.21785661237575907,0.1721303252181364,False,2,-0.002856375526963245,-0.004095405604642277,,/work/11617/sujato_ts/vista/motion_code-master/physics_modal_v4/enhancements/results/factorial/runs/scale-single__bank-on__continuation-preserved/seed42/Weather/h96.json,d6e22d3b509962ad95337f8a9c1311768f370b2d38d494fb8f81a175768bf5ed,/work/11617/sujato_ts/vista/motion_code-master/physics_modal_v4/enhancements/results/central/runs/no_multiscale/seed42/Weather/h96.json,0.40992062599178164,single,42,"{'inducing_points': 32, 'latent_dim': 16, 'patch_lens': [8, 16, 32], 'representation_weight': 0.001}",8,,True,True,96,False,0,129.16327222965265,extension,scale-single__bank-on__continuation-preserved,0.0001,4
on,16,3,extension,1.023459831873576,,/work/11617/sujato_ts/vista/motion_code-master/physics_modal_v4/enhancements/results/central/checkpoints/no_multiscale/seed43/ETTh1/h192.pt,a50cd1471de09d0c,preserved,2,False,ETTh1,16,355.4320178319467,latentflow-factorial-2x2x2-all28-three-seed-no-exchange-v2-selector-safe,factorial,10,latentflow_process_preserving_unfreeze2,5.0,0.001,192,,21.875257672836813,False,,0.0007,0.4322419314761157,2048,1024,LatentFlow,0.44636341511710287,0.02,2689.0,637634,,0.4321298937012318,0.4493923361038089,False,2,0.00011203777488394406,-0.0030289209867060407,,/work/11617/sujato_ts/vista/motion_code-master/physics_modal_v4/enhancements/results/factorial/runs/scale-single__bank-on__continuation-preserved/seed43/ETTh1/h192.json,f4608d193f751d361230111d64c78366c9e8b5d7192a2f16220550bf9295b5de,/work/11617/sujato_ts/vista/motion_code-master/physics_modal_v4/enhancements/results/central/runs/no_multiscale/seed43/ETTh1/h192.json,0.6681043444830327,single,43,"{'inducing_points': 32, 'latent_dim': 16, 'patch_lens': [16, 32, 48], 'representation_weight': 0.05}",32,,True,True,96,False,0,75.18291929609404,extension,scale-single__bank-on__continuation-preserved,0.0001,4
on,16,2,extension,1.2824955765081911,,/work/11617/sujato_ts/vista/motion_code-master/physics_modal_v4/enhancements/results/central/checkpoints/no_multiscale/seed43/ETTh1/h336.pt,46dbd61e14572ef9,preserved,2,False,ETTh1,16,365.03277366096154,latentflow-factorial-2x2x2-all28-three-seed-no-exchange-v2-selector-safe,factorial,10,latentflow_process_preserving_unfreeze2,5.0,0.001,336,,22.63367949407312,False,,0.0007,0.44885518295671273,2048,1024,LatentFlow,0.4843095508215143,0.02,2545.0,806468,,0.45073745713467767,0.4874934137778047,False,2,-0.0018822741779649377,-0.0031838629562904175,,/work/11617/sujato_ts/vista/motion_code-master/physics_modal_v4/enhancements/results/factorial/runs/scale-single__bank-on__continuation-preserved/seed43/ETTh1/h336.json,6acb3961f1cf12bb694eca13a2d8306f7cc42a3ddd553f3c5c92ade22489a6b9,/work/11617/sujato_ts/vista/motion_code-master/physics_modal_v4/enhancements/results/central/runs/no_multiscale/seed43/ETTh1/h336.json,0.6959235236874195,single,43,"{'inducing_points': 32, 'latent_dim': 16, 'patch_lens': [16, 32, 48], 'representation_weight': 0.05}",48,,True,True,96,False,0,77.45032690872904,extension,scale-single__bank-on__continuation-preserved,0.0001,4
on,16,0,reference,1.555402359886775,,/work/11617/sujato_ts/vista/motion_code-master/physics_modal_v4/enhancements/results/central/checkpoints/no_multiscale/seed43/ETTh1/h720.pt,f31bacbdb915c2a1,preserved,2,False,ETTh1,16,371.21352609200403,latentflow-factorial-2x2x2-all28-three-seed-no-exchange-v2-selector-safe,factorial,10,latentflow_process_preserving_unfreeze2,5.0,0.001,720,,4.624122357579754,True,,0.0007,0.4819678192644149,2048,1024,LatentFlow,0.49998006069678486,0.02,2161.0,1180516,,0.4819678192644149,0.49998006069678486,False,2,0.0,0.0,,/work/11617/sujato_ts/vista/motion_code-master/physics_modal_v4/enhancements/results/factorial/runs/scale-single__bank-on__continuation-preserved/seed43/ETTh1/h720.json,dfd65f51df581e1b910196c0d904809a5ac60073c3f904142802a2170cd46687,/work/11617/sujato_ts/vista/motion_code-master/physics_modal_v4/enhancements/results/central/runs/no_multiscale/seed43/ETTh1/h720.json,0.7070926818294648,single,43,"{'inducing_points': 32, 'latent_dim': 16, 'patch_lens': [16, 32, 48], 'representation_weight': 0.05}",48,,True,True,96,False,0,78.4463412624973,reference,scale-single__bank-on__continuation-preserved,0.0001,4
on,16,0,reference,0.7622835495997042,,/work/11617/sujato_ts/vista/motion_code-master/physics_modal_v4/enhancements/results/central/checkpoints/no_multiscale/seed43/ETTh1/h96.pt,4a086df15623160a,preserved,2,False,ETTh1,16,370.5062380870804,latentflow-factorial-2x2x2-all28-three-seed-no-exchange-v2-selector-safe,factorial,10,latentflow_process_preserving_unfreeze2,5.0,0.001,96,,4.672014079126664,True,,0.0007,0.40215491537580206,2048,1024,LatentFlow,0.3941724153831595,0.02,2785.0,572818,,0.40215491537580206,0.3941724153831595,False,2,0.0,0.0,,/work/11617/sujato_ts/vista/motion_code-master/physics_modal_v4/enhancements/results/factorial/runs/scale-single__bank-on__continuation-preserved/seed43/ETTh1/h96.json,c74ee24f1ae6a75ebc557c0c28a5f1bc6fde675d099378a06a600ae456f907b1,/work/11617/sujato_ts/vista/motion_code-master/physics_modal_v4/enhancements/results/central/runs/no_multiscale/seed43/ETTh1/h96.json,0.6278315183097767,single,43,"{'inducing_points': 32, 'latent_dim': 16, 'patch_lens': [16, 32, 48], 'representation_weight': 0.05}",48,,True,True,96,False,0,78.25623442495271,reference,scale-single__bank-on__continuation-preserved,0.0001,4
on,16,1,extension,0.266525569238833,,/work/11617/sujato_ts/vista/motion_code-master/physics_modal_v4/enhancements/results/central/checkpoints/no_multiscale/seed43/ETTh2/h192.pt,7c408f06b5b7c236,preserved,2,False,ETTh2,16,393.4955612248741,latentflow-factorial-2x2x2-all28-three-seed-no-exchange-v2-selector-safe,factorial,10,latentflow_process_preserving_unfreeze2,5.0,0.001,192,,21.384141374794865,False,,0.0007,0.39439840843185686,2048,1024,LatentFlow,0.38373630924073193,0.02,2689.0,646258,,0.39442265252216346,0.3837626497966204,False,2,-2.424409030660213e-05,-2.634055588845996e-05,,/work/11617/sujato_ts/vista/motion_code-master/physics_modal_v4/enhancements/results/factorial/runs/scale-single__bank-on__continuation-preserved/seed43/ETTh2/h192.json,bed08daf0f61f754c0b50e25a25c19d80d0708bda7319741b204aebf106eb4a4,/work/11617/sujato_ts/vista/motion_code-master/physics_modal_v4/enhancements/results/central/runs/no_multiscale/seed43/ETTh2/h192.json,0.6194645342880671,single,43,"{'inducing_points': 32, 'latent_dim': 8, 'patch_lens': [16, 32, 48], 'representation_weight': 0.001}",48,,True,True,96,False,0,83.57328268575657,extension,scale-single__bank-on__continuation-preserved,0.0001,4
on,16,0,reference,0.3427737019702691,,/work/11617/sujato_ts/vista/motion_code-master/physics_modal_v4/enhancements/results/central/checkpoints/no_multiscale/seed43/ETTh2/h336.pt,41fb1322efc09555,preserved,2,False,ETTh2,16,390.8650089823641,latentflow-factorial-2x2x2-all28-three-seed-no-exchange-v2-selector-safe,factorial,10,latentflow_process_preserving_unfreeze2,5.0,0.001,336,,4.137540954501144,True,,0.0007,0.4344515597092341,2048,1024,LatentFlow,0.43633658017556853,0.02,2545.0,786460,,0.4344515597092341,0.43633658017556853,False,2,0.0,0.0,,/work/11617/sujato_ts/vista/motion_code-master/physics_modal_v4/enhancements/results/factorial/runs/scale-single__bank-on__continuation-preserved/seed43/ETTh2/h336.json,93c39244e5c02909eb85695b392e39b1704fbd92ae08446ed8a09609b565061c,/work/11617/sujato_ts/vista/motion_code-master/physics_modal_v4/enhancements/results/central/runs/no_multiscale/seed43/ETTh2/h336.json,0.6605577795890141,single,43,"{'inducing_points': 32, 'latent_dim': 8, 'patch_lens': [16, 32, 48], 'representation_weight': 0.001}",48,,True,True,96,False,0,83.18404650490265,reference,scale-single__bank-on__continuation-preserved,0.0001,4
on,16,0,reference,0.5996892325461857,,/work/11617/sujato_ts/vista/motion_code-master/physics_modal_v4/enhancements/results/central/checkpoints/no_multiscale/seed43/ETTh2/h720.pt,c55dbcf6eaa95b68,preserved,2,False,ETTh2,16,366.4205054740887,latentflow-factorial-2x2x2-all28-three-seed-no-exchange-v2-selector-safe,factorial,10,latentflow_process_preserving_unfreeze2,5.0,0.001,720,,4.657698809099731,True,,0.0007,0.4425861106828792,2048,1024,LatentFlow,0.42051280602874824,0.02,2161.0,1160508,,0.4425861106828792,0.42051280602874824,False,2,0.0,0.0,,/work/11617/sujato_ts/vista/motion_code-master/physics_modal_v4/enhancements/results/factorial/runs/scale-single__bank-on__continuation-preserved/seed43/ETTh2/h720.json,972cb06608b628a1c6da30dfa34b77c8c2c46c2aee108236831b5ea1c6bc24ac,/work/11617/sujato_ts/vista/motion_code-master/physics_modal_v4/enhancements/results/central/runs/no_multiscale/seed43/ETTh2/h720.json,0.6484695875896943,single,43,"{'inducing_points': 32, 'latent_dim': 8, 'patch_lens': [16, 32, 48], 'representation_weight': 0.001}",48,,True,True,96,False,0,77.11524198984989,reference,scale-single__bank-on__continuation-preserved,0.0001,4
on,16,0,reference,0.21457448167105517,,/work/11617/sujato_ts/vista/motion_code-master/physics_modal_v4/enhancements/results/central/checkpoints/no_multiscale/seed43/ETTh2/h96.pt,095876d49c6127d3,preserved,2,False,ETTh2,16,338.57112592598423,latentflow-factorial-2x2x2-all28-three-seed-no-exchange-v2-selector-safe,factorial,10,latentflow_process_preserving_unfreeze2,5.0,0.001,96,,4.504020977226985,True,,0.0007,0.3401064189425939,2048,1024,LatentFlow,0.29093987046321906,0.02,2785.0,552810,,0.3401064189425939,0.29093987046321906,False,2,0.0,0.0,,/work/11617/sujato_ts/vista/motion_code-master/physics_modal_v4/enhancements/results/factorial/runs/scale-single__bank-on__continuation-preserved/seed43/ETTh2/h96.json,869464d9fcc8a4bd486da85cf11bda15ee4a8521a84e1c200419d009b14d5eb3,/work/11617/sujato_ts/vista/motion_code-master/physics_modal_v4/enhancements/results/central/runs/no_multiscale/seed43/ETTh2/h96.json,0.5393884226262361,single,43,"{'inducing_points': 32, 'latent_dim': 8, 'patch_lens': [16, 32, 48], 'representation_weight': 0.001}",48,,True,True,96,False,0,71.8270620007388,reference,scale-single__bank-on__continuation-preserved,0.0001,4
on,16,8,extension,0.5189777330628463,,/work/11617/sujato_ts/vista/motion_code-master/physics_modal_v4/enhancements/results/central/checkpoints/no_multiscale/seed43/ETTm1/h192.pt,dea59ffd1aa5e392,preserved,2,False,ETTm1,16,379.80258345324546,latentflow-factorial-2x2x2-all28-three-seed-no-exchange-v2-selector-safe,factorial,10,latentflow_process_preserving_unfreeze2,5.0,0.001,192,,21.091121002568045,False,,0.0007,0.407732177874739,2048,1024,LatentFlow,0.39964456026972073,0.02,11329.0,620266,,0.3917572737943685,0.37952281679049116,False,2,0.0159749040803705,0.02012174347922957,,/work/11617/sujato_ts/vista/motion_code-master/physics_modal_v4/enhancements/results/factorial/runs/scale-single__bank-on__continuation-preserved/seed43/ETTm1/h192.json,b6527c42d3b37ed740605198b17b6af715e7f173b7992dfefc0ec5d27cb60926,/work/11617/sujato_ts/vista/motion_code-master/physics_modal_v4/enhancements/results/central/runs/no_multiscale/seed43/ETTm1/h192.json,0.6321744698022221,single,43,"{'inducing_points': 32, 'latent_dim': 8, 'patch_lens': [8, 24, 48], 'representation_weight': 0.01}",24,,True,True,96,False,0,80.01938465458807,extension,scale-single__bank-on__continuation-preserved,0.0001,4
on,16,3,extension,0.651079345114377,,/work/11617/sujato_ts/vista/motion_code-master/physics_modal_v4/enhancements/results/central/checkpoints/no_multiscale/seed43/ETTm1/h336.pt,d8aaaa53045de048,preserved,2,False,ETTm1,16,387.6746179861948,latentflow-factorial-2x2x2-all28-three-seed-no-exchange-v2-selector-safe,factorial,10,latentflow_process_preserving_unfreeze2,5.0,0.001,336,,21.740778180554425,False,,0.0007,0.41936957581251855,2048,1024,LatentFlow,0.42141783692320184,0.02,11185.0,760714,,0.4161067398247292,0.41474401218387774,False,2,0.00326283598778937,0.006673824739324097,,/work/11617/sujato_ts/vista/motion_code-master/physics_modal_v4/enhancements/results/factorial/runs/scale-single__bank-on__continuation-preserved/seed43/ETTm1/h336.json,1650ca3e6abe8ce41ca6b456fea7ebde0b1336585e37a2f7128fc3262ca6704c,/work/11617/sujato_ts/vista/motion_code-master/physics_modal_v4/enhancements/results/central/runs/no_multiscale/seed43/ETTm1/h336.json,0.6491670331457089,single,43,"{'inducing_points': 32, 'latent_dim': 8, 'patch_lens': [8, 24, 48], 'representation_weight': 0.01}",24,,True,True,96,False,0,81.42445634293836,extension,scale-single__bank-on__continuation-preserved,0.0001,4
on,16,3,extension,0.9828076150682238,,/work/11617/sujato_ts/vista/motion_code-master/physics_modal_v4/enhancements/results/central/checkpoints/no_multiscale/seed43/ETTm1/h720.pt,685d9fc38643415f,preserved,2,False,ETTm1,16,355.30461396998726,latentflow-factorial-2x2x2-all28-three-seed-no-exchange-v2-selector-safe,factorial,10,latentflow_process_preserving_unfreeze2,5.0,0.001,720,,19.361007331320547,False,,0.0007,0.46888401518327555,2048,1024,LatentFlow,0.49912882859399077,0.02,10801.0,1140218,,0.46823763553756176,0.4918157410732397,False,2,0.0006463796457137905,0.007313087520751049,,/work/11617/sujato_ts/vista/motion_code-master/physics_modal_v4/enhancements/results/factorial/runs/scale-single__bank-on__continuation-preserved/seed43/ETTm1/h720.json,44e154aa50ca8e92789a8787640068cca27ac59bcaa77c97faea5c7ad6e1f793,/work/11617/sujato_ts/vista/motion_code-master/physics_modal_v4/enhancements/results/central/runs/no_multiscale/seed43/ETTm1/h720.json,0.7064905014180947,single,43,"{'inducing_points': 32, 'latent_dim': 8, 'patch_lens': [8, 24, 48], 'representation_weight': 0.01}",8,,True,True,96,False,0,74.27837507821096,extension,scale-single__bank-on__continuation-preserved,0.0001,4
on,16,3,extension,0.39325880631804466,,/work/11617/sujato_ts/vista/motion_code-master/physics_modal_v4/enhancements/results/central/checkpoints/no_multiscale/seed43/ETTm1/h96.pt,ca908b5ae7fc64da,preserved,2,False,ETTm1,16,360.51821439526975,latentflow-factorial-2x2x2-all28-three-seed-no-exchange-v2-selector-safe,factorial,10,latentflow_process_preserving_unfreeze2,5.0,0.001,96,,19.6274482262377,False,,0.0007,0.37955455787581577,2048,1024,LatentFlow,0.3426697391244885,0.02,11425.0,526714,,0.3768144406494255,0.34103575863986757,False,2,0.0027401172263902818,0.0016339804846209338,,/work/11617/sujato_ts/vista/motion_code-master/physics_modal_v4/enhancements/results/factorial/runs/scale-single__bank-on__continuation-preserved/seed43/ETTm1/h96.json,41f16385646331b06b4be2f4bfd6f31546dfd24cce1d9e8da1ab11aaf7b648f4,/work/11617/sujato_ts/vista/motion_code-master/physics_modal_v4/enhancements/results/central/runs/no_multiscale/seed43/ETTm1/h96.json,0.5853799954939428,single,43,"{'inducing_points': 32, 'latent_dim': 8, 'patch_lens': [8, 24, 48], 'representation_weight': 0.01}",24,,True,True,96,False,0,76.47382948925951,extension,scale-single__bank-on__continuation-preserved,0.0001,4
on,16,2,extension,0.16799307898396537,,/work/11617/sujato_ts/vista/motion_code-master/physics_modal_v4/enhancements/results/central/checkpoints/no_multiscale/seed43/ETTm2/h192.pt,a2bde9486bfeb8ae,preserved,2,False,ETTm2,16,361.60911438590847,latentflow-factorial-2x2x2-all28-three-seed-no-exchange-v2-selector-safe,factorial,10,latentflow_process_preserving_unfreeze2,5.0,0.001,192,,21.154987506563163,False,,0.0007,0.3013279697864174,2048,1024,LatentFlow,0.2423333776075379,0.02,11329.0,609514,,0.3010951741534053,0.24204204649791528,False,2,0.00023279563301209505,0.0002913311096226223,,/work/11617/sujato_ts/vista/motion_code-master/physics_modal_v4/enhancements/results/factorial/runs/scale-single__bank-on__continuation-preserved/seed43/ETTm2/h192.json,a4804625cd9e592be4382cf564b54b411a29866312d3cb8848e90c0530b2ac66,/work/11617/sujato_ts/vista/motion_code-master/physics_modal_v4/enhancements/results/central/runs/no_multiscale/seed43/ETTm2/h192.json,0.49227368161170054,single,43,"{'inducing_points': 16, 'latent_dim': 8, 'patch_lens': [8, 16, 32], 'representation_weight': 0.001}",8,,True,True,96,False,0,75.72141685850511,extension,scale-single__bank-on__continuation-preserved,0.0001,4
on,16,1,extension,0.21756486827824392,,/work/11617/sujato_ts/vista/motion_code-master/physics_modal_v4/enhancements/results/central/checkpoints/no_multiscale/seed43/ETTm2/h336.pt,c537b7d9a732840f,preserved,2,False,ETTm2,16,361.5328556802124,latentflow-factorial-2x2x2-all28-three-seed-no-exchange-v2-selector-safe,factorial,10,latentflow_process_preserving_unfreeze2,5.0,0.001,336,,21.737689423967915,False,,0.0007,0.3441075882987622,2048,1024,LatentFlow,0.30670892241347414,0.02,11185.0,752506,,0.3440553065490616,0.3066445993016035,False,2,5.228174970062227e-05,6.432311187065665e-05,,/work/11617/sujato_ts/vista/motion_code-master/physics_modal_v4/enhancements/results/factorial/runs/scale-single__bank-on__continuation-preserved/seed43/ETTm2/h336.json,077e380a2eeeabf69fe85533d0c4c3c376d575c4e0b53edb8c42d9197110e981,/work/11617/sujato_ts/vista/motion_code-master/physics_modal_v4/enhancements/results/central/runs/no_multiscale/seed43/ETTm2/h336.json,0.5538130753363215,single,43,"{'inducing_points': 16, 'latent_dim': 8, 'patch_lens': [8, 16, 32], 'representation_weight': 0.001}",8,,True,True,96,False,0,75.5789761300548,extension,scale-single__bank-on__continuation-preserved,0.0001,4
on,16,1,extension,0.30054268666676115,,/work/11617/sujato_ts/vista/motion_code-master/physics_modal_v4/enhancements/results/central/checkpoints/no_multiscale/seed43/ETTm2/h720.pt,efbd5ce85f5f9487,preserved,2,False,ETTm2,16,375.1327116303146,latentflow-factorial-2x2x2-all28-three-seed-no-exchange-v2-selector-safe,factorial,10,latentflow_process_preserving_unfreeze2,5.0,0.001,720,,22.517851667163633,False,,0.0007,0.4013557898362379,2048,1024,LatentFlow,0.4078802821815463,0.02,10801.0,1142702,,0.40140922848742444,0.4080483994486954,False,2,-5.343865118656588e-05,-0.0001681172671491038,,/work/11617/sujato_ts/vista/motion_code-master/physics_modal_v4/enhancements/results/factorial/runs/scale-single__bank-on__continuation-preserved/seed43/ETTm2/h720.json,3dd229a13cb134214d761124a11f4dc06575dfe976be239999cf352b1f683951,/work/11617/sujato_ts/vista/motion_code-master/physics_modal_v4/enhancements/results/central/runs/no_multiscale/seed43/ETTm2/h720.json,0.6386550572739139,single,43,"{'inducing_points': 16, 'latent_dim': 8, 'patch_lens': [8, 16, 32], 'representation_weight': 0.001}",32,,True,True,96,False,0,78.96551657177042,extension,scale-single__bank-on__continuation-preserved,0.0001,4
on,16,0,reference,0.12798860598178136,,/work/11617/sujato_ts/vista/motion_code-master/physics_modal_v4/enhancements/results/central/checkpoints/no_multiscale/seed43/ETTm2/h96.pt,a1fe60f16dc7dd29,preserved,2,False,ETTm2,16,380.6835643518716,latentflow-factorial-2x2x2-all28-three-seed-no-exchange-v2-selector-safe,factorial,10,latentflow_process_preserving_unfreeze2,5.0,0.001,96,,4.572609888825978,True,,0.0007,0.2588079679599836,2048,1024,LatentFlow,0.17595712876585706,0.02,11425.0,514906,,0.2588079679599836,0.17595712876585706,False,2,0.0,0.0,,/work/11617/sujato_ts/vista/motion_code-master/physics_modal_v4/enhancements/results/factorial/runs/scale-single__bank-on__continuation-preserved/seed43/ETTm2/h96.json,416141ba50178aede4bb8b4747d51188c404990bdf42476cf8eaf0aa82505f82,/work/11617/sujato_ts/vista/motion_code-master/physics_modal_v4/enhancements/results/central/runs/no_multiscale/seed43/ETTm2/h96.json,0.41947244100877124,single,43,"{'inducing_points': 16, 'latent_dim': 8, 'patch_lens': [8, 16, 32], 'representation_weight': 0.001}",8,,True,True,96,False,0,79.57977751357248,reference,scale-single__bank-on__continuation-preserved,0.0001,4
on,16,10,extension,0.14671593307210898,,/work/11617/sujato_ts/vista/motion_code-master/physics_modal_v4/enhancements/results/central/checkpoints/no_multiscale/seed43/Electricity/h192.pt,71fefcb4e3762a6d,preserved,2,False,Electricity,16,1482.5906116119586,latentflow-factorial-2x2x2-all28-three-seed-no-exchange-v2-selector-safe,factorial,10,latentflow_process_preserving_unfreeze2,5.0,0.001,192,,25.30162895965834,False,,0.0007,0.2632243083138589,2048,1024,LatentFlow,0.1707496394305899,0.02,5071.0,612867,,0.26876736336185275,0.18003818004529734,False,2,-0.00554305504799385,-0.009288540614707436,,/work/11617/sujato_ts/vista/motion_code-master/physics_modal_v4/enhancements/results/factorial/runs/scale-single__bank-on__continuation-preserved/seed43/Electricity/h192.json,d4297743b8df8c1daff3b558c2b431ab3ae27897251dacafbd21cd09297d7623,/work/11617/sujato_ts/vista/motion_code-master/physics_modal_v4/enhancements/results/central/runs/no_multiscale/seed43/Electricity/h192.json,0.41321863393437364,single,43,"{'inducing_points': 32, 'latent_dim': 16, 'patch_lens': [8, 16, 32], 'representation_weight': 0.001}",8,,True,True,96,False,0,354.0435956343572,extension,scale-single__bank-on__continuation-preserved,0.0001,4
on,16,9,extension,0.16551394229861188,,/work/11617/sujato_ts/vista/motion_code-master/physics_modal_v4/enhancements/results/central/checkpoints/no_multiscale/seed43/Electricity/h336.pt,9f4367b6b18b8f37,preserved,2,False,Electricity,16,1561.8886023140512,latentflow-factorial-2x2x2-all28-three-seed-no-exchange-v2-selector-safe,factorial,10,latentflow_process_preserving_unfreeze2,5.0,0.001,336,,26.074966864766388,False,,0.0007,0.28129853276054695,2048,1024,LatentFlow,0.18951547234503263,0.02,4927.0,755859,,0.28342551442284547,0.19316633571705036,False,2,-0.0021269816622985216,-0.0036508633720177264,,/work/11617/sujato_ts/vista/motion_code-master/physics_modal_v4/enhancements/results/factorial/runs/scale-single__bank-on__continuation-preserved/seed43/Electricity/h336.json,60674e12384f5dbc3cbe284477332ba7c024ed3a97d5fb0ddf3479d4b46ead00,/work/11617/sujato_ts/vista/motion_code-master/physics_modal_v4/enhancements/results/central/runs/no_multiscale/seed43/Electricity/h336.json,0.43533374822661364,single,43,"{'inducing_points': 32, 'latent_dim': 16, 'patch_lens': [8, 16, 32], 'representation_weight': 0.001}",8,,True,True,96,False,0,372.2471931709151,extension,scale-single__bank-on__continuation-preserved,0.0001,4
on,16,6,extension,0.19771378049391616,,/work/11617/sujato_ts/vista/motion_code-master/physics_modal_v4/enhancements/results/central/checkpoints/no_multiscale/seed43/Electricity/h720.pt,2258cd08e544e80b,preserved,2,False,Electricity,16,1473.8812896430027,latentflow-factorial-2x2x2-all28-three-seed-no-exchange-v2-selector-safe,factorial,10,latentflow_process_preserving_unfreeze2,5.0,0.001,720,,28.2263382563016,False,,0.0007,0.3077232128749707,2048,1024,LatentFlow,0.21956347102734022,0.02,4543.0,1143507,,0.31245239616757836,0.22806805697034688,False,2,-0.004729183292607686,-0.008504585943006654,,/work/11617/sujato_ts/vista/motion_code-master/physics_modal_v4/enhancements/results/factorial/runs/scale-single__bank-on__continuation-preserved/seed43/Electricity/h720.json,dfdbaddb01c4001bfa7f5c936edc36f48aee31173ea8fd81151430079110b363,/work/11617/sujato_ts/vista/motion_code-master/physics_modal_v4/enhancements/results/central/runs/no_multiscale/seed43/Electricity/h720.json,0.46857600346938405,single,43,"{'inducing_points': 32, 'latent_dim': 16, 'patch_lens': [8, 16, 32], 'representation_weight': 0.001}",8,,True,True,96,False,0,357.3813196811898,extension,scale-single__bank-on__continuation-preserved,0.0001,4
on,16,9,extension,0.13670190067058535,,/work/11617/sujato_ts/vista/motion_code-master/physics_modal_v4/enhancements/results/central/checkpoints/no_multiscale/seed43/Electricity/h96.pt,a6fbfd280df648aa,preserved,2,False,Electricity,16,1428.3470764798112,latentflow-factorial-2x2x2-all28-three-seed-no-exchange-v2-selector-safe,factorial,10,latentflow_process_preserving_unfreeze2,5.0,0.001,96,,25.220726504055566,False,,0.0007,0.2525420757212376,2048,1024,LatentFlow,0.15849151091572258,0.02,5167.0,518259,,0.2562925326643214,0.16398379426050763,False,2,-0.003750456943083791,-0.005492283344785048,,/work/11617/sujato_ts/vista/motion_code-master/physics_modal_v4/enhancements/results/factorial/runs/scale-single__bank-on__continuation-preserved/seed43/Electricity/h96.json,119973bfb51201dbbe1c0163cf63468a7f17b326397e6cb2f439aa90311f4ec8,/work/11617/sujato_ts/vista/motion_code-master/physics_modal_v4/enhancements/results/central/runs/no_multiscale/seed43/Electricity/h96.json,0.3981099231565606,single,43,"{'inducing_points': 32, 'latent_dim': 16, 'patch_lens': [8, 16, 32], 'representation_weight': 0.001}",8,,True,True,96,False,0,340.80687922396464,extension,scale-single__bank-on__continuation-preserved,0.0001,4
on,16,10,extension,0.3856928615909349,,/work/11617/sujato_ts/vista/motion_code-master/physics_modal_v4/enhancements/results/central/checkpoints/no_multiscale/seed43/Traffic/h192.pt,5a761961d5c7713d,preserved,2,False,Traffic,16,2603.076237038709,latentflow-factorial-2x2x2-all28-three-seed-no-exchange-v2-selector-safe,factorial,10,latentflow_process_preserving_unfreeze2,5.0,0.001,192,,55.89416595670768,False,,0.0007,0.29962566047399264,2048,1024,LatentFlow,0.45274437097286785,0.02,3319.0,614490,,0.30920252167634527,0.46585965164249743,False,2,-0.009576861202352627,-0.013115280669629581,,/work/11617/sujato_ts/vista/motion_code-master/physics_modal_v4/enhancements/results/factorial/runs/scale-single__bank-on__continuation-preserved/seed43/Traffic/h192.json,07caecac15d0bb5412b01fc028c04c2e862cec9acc59c5054783453c8e568e0b,/work/11617/sujato_ts/vista/motion_code-master/physics_modal_v4/enhancements/results/central/runs/no_multiscale/seed43/Traffic/h192.json,0.6728628173505116,single,43,"{'inducing_points': 32, 'latent_dim': 16, 'patch_lens': [8, 16, 32], 'representation_weight': 0.001}",8,,True,True,96,False,0,660.6483604875393,extension,scale-single__bank-on__continuation-preserved,0.0001,4
on,16,10,extension,0.395830554601804,,/work/11617/sujato_ts/vista/motion_code-master/physics_modal_v4/enhancements/results/central/checkpoints/no_multiscale/seed43/Traffic/h336.pt,4b2386681ad21cae,preserved,2,False,Traffic,16,2611.4833527179435,latentflow-factorial-2x2x2-all28-three-seed-no-exchange-v2-selector-safe,factorial,10,latentflow_process_preserving_unfreeze2,5.0,0.001,336,,58.847496698779814,False,,0.0007,0.29972590775250396,2048,1024,LatentFlow,0.4580927066790484,0.02,3175.0,757482,,0.31359911388641315,0.47282940636399207,False,2,-0.013873206133909188,-0.014736699684943677,,/work/11617/sujato_ts/vista/motion_code-master/physics_modal_v4/enhancements/results/factorial/runs/scale-single__bank-on__continuation-preserved/seed43/Traffic/h336.json,20f0aac22bd6fa6edb1cda0f57b1d5eb66ccce7828a7e39c8454c19fe7643646,/work/11617/sujato_ts/vista/motion_code-master/physics_modal_v4/enhancements/results/central/runs/no_multiscale/seed43/Traffic/h336.json,0.6768254624931367,single,43,"{'inducing_points': 32, 'latent_dim': 16, 'patch_lens': [8, 16, 32], 'representation_weight': 0.001}",8,,True,True,96,False,0,665.8188171906659,extension,scale-single__bank-on__continuation-preserved,0.0001,4
on,16,7,extension,0.44365696849267366,,/work/11617/sujato_ts/vista/motion_code-master/physics_modal_v4/enhancements/results/central/checkpoints/no_multiscale/seed43/Traffic/h720.pt,eac8b345a72219c0,preserved,2,False,Traffic,16,2808.230536047835,latentflow-factorial-2x2x2-all28-three-seed-no-exchange-v2-selector-safe,factorial,10,latentflow_process_preserving_unfreeze2,5.0,0.001,720,,66.4572514641773,False,,0.0007,0.317989423057961,2048,1024,LatentFlow,0.4999820799701657,0.02,2791.0,1145130,,0.3310468556345231,0.5095622727349141,False,2,-0.013057432576562056,-0.009580192764748363,,/work/11617/sujato_ts/vista/motion_code-master/physics_modal_v4/enhancements/results/factorial/runs/scale-single__bank-on__continuation-preserved/seed43/Traffic/h720.json,8a9d3118723d90cbcdc969aa4a200ff3d15139c9d2c4e120f2a2bcb1c5bd97dc,/work/11617/sujato_ts/vista/motion_code-master/physics_modal_v4/enhancements/results/central/runs/no_multiscale/seed43/Traffic/h720.json,0.7070941096983949,single,43,"{'inducing_points': 32, 'latent_dim': 16, 'patch_lens': [8, 16, 32], 'representation_weight': 0.001}",8,,True,True,96,False,0,726.9299386249259,extension,scale-single__bank-on__continuation-preserved,0.0001,4
on,16,10,extension,0.3960864220307211,,/work/11617/sujato_ts/vista/motion_code-master/physics_modal_v4/enhancements/results/central/checkpoints/no_multiscale/seed43/Traffic/h96.pt,ed8ec65ff69bd708,preserved,2,False,Traffic,16,2460.911388600245,latentflow-factorial-2x2x2-all28-three-seed-no-exchange-v2-selector-safe,factorial,10,latentflow_process_preserving_unfreeze2,5.0,0.001,96,,56.20520426607538,False,,0.0007,0.29646821360326475,2048,1024,LatentFlow,0.44438393621163313,0.02,3415.0,519882,,0.30663008655426377,0.4583446510439181,False,2,-0.010161872950999018,-0.013960714832284948,,/work/11617/sujato_ts/vista/motion_code-master/physics_modal_v4/enhancements/results/factorial/runs/scale-single__bank-on__continuation-preserved/seed43/Traffic/h96.json,a1c91d89264f2efa675307bd3ca7d201837b5ba09a43def3396dd1509071b2b8,/work/11617/sujato_ts/vista/motion_code-master/physics_modal_v4/enhancements/results/central/runs/no_multiscale/seed43/Traffic/h96.json,0.6666212839473648,single,43,"{'inducing_points': 32, 'latent_dim': 16, 'patch_lens': [8, 16, 32], 'representation_weight': 0.001}",8,,True,True,96,False,0,623.3152747023269,extension,scale-single__bank-on__continuation-preserved,0.0001,4
on,16,3,extension,0.4801114203910979,,/work/11617/sujato_ts/vista/motion_code-master/physics_modal_v4/enhancements/results/central/checkpoints/no_multiscale/seed43/Weather/h192.pt,cc63a4f0331e2910,preserved,2,False,Weather,16,546.606275230064,latentflow-factorial-2x2x2-all28-three-seed-no-exchange-v2-selector-safe,factorial,10,latentflow_process_preserving_unfreeze2,5.0,0.001,192,,34.83949012624807,False,,0.0007,0.2543843510007976,2048,1024,LatentFlow,0.21359958057186995,0.02,10349.0,613036,,0.2543013749885289,0.21367517827424323,False,2,8.297601226869844e-05,-7.559770237328123e-05,,/work/11617/sujato_ts/vista/motion_code-master/physics_modal_v4/enhancements/results/factorial/runs/scale-single__bank-on__continuation-preserved/seed43/Weather/h192.json,bd2c082c196fbc82d6d148f7504fef4562ce0c3a8803975e00deddb07d81c823,/work/11617/sujato_ts/vista/motion_code-master/physics_modal_v4/enhancements/results/central/runs/no_multiscale/seed43/Weather/h192.json,0.46216834657067324,single,43,"{'inducing_points': 32, 'latent_dim': 16, 'patch_lens': [8, 16, 32], 'representation_weight': 0.001}",8,,True,True,96,False,0,124.6630620351425,extension,scale-single__bank-on__continuation-preserved,0.0001,4
on,16,6,extension,0.5582716440667912,,/work/11617/sujato_ts/vista/motion_code-master/physics_modal_v4/enhancements/results/central/checkpoints/no_multiscale/seed43/Weather/h336.pt,b5740e2efa978abb,preserved,2,False,Weather,16,603.6317737139761,latentflow-factorial-2x2x2-all28-three-seed-no-exchange-v2-selector-safe,factorial,10,latentflow_process_preserving_unfreeze2,5.0,0.001,336,,35.72991507936199,False,,0.0007,0.2965956600961035,2048,1024,LatentFlow,0.2712433000577474,0.02,10205.0,756028,,0.3002462903745564,0.27440679000863666,False,2,-0.0036506302784529154,-0.0031634899508892755,,/work/11617/sujato_ts/vista/motion_code-master/physics_modal_v4/enhancements/results/factorial/runs/scale-single__bank-on__continuation-preserved/seed43/Weather/h336.json,5557d961897036ab2144aa8cc709f00e315fa16a6656c016f28de1fe6490688f,/work/11617/sujato_ts/vista/motion_code-master/physics_modal_v4/enhancements/results/central/runs/no_multiscale/seed43/Weather/h336.json,0.5208102342098774,single,43,"{'inducing_points': 32, 'latent_dim': 16, 'patch_lens': [8, 16, 32], 'representation_weight': 0.001}",8,,True,True,96,False,0,137.6146059796156,extension,scale-single__bank-on__continuation-preserved,0.0001,4
on,16,4,extension,0.6810346522659221,,/work/11617/sujato_ts/vista/motion_code-master/physics_modal_v4/enhancements/results/central/checkpoints/no_multiscale/seed43/Weather/h720.pt,4a2624b6da178900,preserved,2,False,Weather,16,601.1257734410465,latentflow-factorial-2x2x2-all28-three-seed-no-exchange-v2-selector-safe,factorial,10,latentflow_process_preserving_unfreeze2,5.0,0.001,720,,32.6490976993798,False,,0.0007,0.34625224697304974,2048,1024,LatentFlow,0.34698772508936754,0.02,9821.0,1143676,,0.347490668726866,0.35016271265837473,False,2,-0.0012384217538162767,-0.0031749875690071927,,/work/11617/sujato_ts/vista/motion_code-master/physics_modal_v4/enhancements/results/factorial/runs/scale-single__bank-on__continuation-preserved/seed43/Weather/h720.json,022068f80515f3b986053060349d6c77f703a92314486082c69acee824eeedf0,/work/11617/sujato_ts/vista/motion_code-master/physics_modal_v4/enhancements/results/central/runs/no_multiscale/seed43/Weather/h720.json,0.5890566399671321,single,43,"{'inducing_points': 32, 'latent_dim': 16, 'patch_lens': [8, 16, 32], 'representation_weight': 0.001}",8,,True,True,96,False,0,137.7538416828429,extension,scale-single__bank-on__continuation-preserved,0.0001,4
on,16,3,extension,0.4246755987405777,,/work/11617/sujato_ts/vista/motion_code-master/physics_modal_v4/enhancements/results/central/checkpoints/no_multiscale/seed43/Weather/h96.pt,039002700089167b,preserved,2,False,Weather,16,587.6970132559072,latentflow-factorial-2x2x2-all28-three-seed-no-exchange-v2-selector-safe,factorial,10,latentflow_process_preserving_unfreeze2,5.0,0.001,96,,34.720126142476424,False,,0.0007,0.21064676151181286,2048,1024,LatentFlow,0.16434270091561426,0.02,10445.0,518428,,0.21161238899269508,0.16622651209209463,False,2,-0.0009656274808822196,-0.001883811176480371,,/work/11617/sujato_ts/vista/motion_code-master/physics_modal_v4/enhancements/results/factorial/runs/scale-single__bank-on__continuation-preserved/seed43/Weather/h96.json,000aad839a1a7f96dc9c3c9550c07f2cfb5b49ac0eeff8522955605e75d61173,/work/11617/sujato_ts/vista/motion_code-master/physics_modal_v4/enhancements/results/central/runs/no_multiscale/seed43/Weather/h96.json,0.4053920336114343,single,43,"{'inducing_points': 32, 'latent_dim': 16, 'patch_lens': [8, 16, 32], 'representation_weight': 0.001}",8,,True,True,96,False,0,133.781385221846,extension,scale-single__bank-on__continuation-preserved,0.0001,4
on,16,0,reference,1.018974832480862,,/work/11617/sujato_ts/vista/motion_code-master/physics_modal_v4/enhancements/results/central/checkpoints/no_multiscale/seed44/ETTh1/h192.pt,cf82fa93c2ebc386,preserved,2,False,ETTh1,16,371.61681089550257,latentflow-factorial-2x2x2-all28-three-seed-no-exchange-v2-selector-safe,factorial,10,latentflow_process_preserving_unfreeze2,5.0,0.001,192,,4.68735553255907,True,,0.0007,0.42832038794749583,2048,1024,LatentFlow,0.4431943834829669,0.02,2689.0,666266,,0.42832038794749583,0.4431943834829669,False,2,0.0,0.0,,/work/11617/sujato_ts/vista/motion_code-master/physics_modal_v4/enhancements/results/factorial/runs/scale-single__bank-on__continuation-preserved/seed44/ETTh1/h192.json,dcee7bc8a0e7908a0ca1d5c6d43a2f1a939ddc6f36518ea7068656c3ffd5bdf8,/work/11617/sujato_ts/vista/motion_code-master/physics_modal_v4/enhancements/results/central/runs/no_multiscale/seed44/ETTh1/h192.json,0.6657284607728341,single,44,"{'inducing_points': 32, 'latent_dim': 16, 'patch_lens': [16, 32, 48], 'representation_weight': 0.05}",48,,True,True,96,False,0,78.69357493473217,reference,scale-single__bank-on__continuation-preserved,0.0001,4
on,16,0,reference,1.2842177485122162,,/work/11617/sujato_ts/vista/motion_code-master/physics_modal_v4/enhancements/results/central/checkpoints/no_multiscale/seed44/ETTh1/h336.pt,44ed1c1661fc78a7,preserved,2,False,ETTh1,16,396.0193735808134,latentflow-factorial-2x2x2-all28-three-seed-no-exchange-v2-selector-safe,factorial,10,latentflow_process_preserving_unfreeze2,5.0,0.001,336,,4.872799485544615,True,,0.0007,0.452405279384967,2048,1024,LatentFlow,0.4879260482391439,0.02,2545.0,806468,,0.452405279384967,0.4879260482391439,False,2,0.0,0.0,,/work/11617/sujato_ts/vista/motion_code-master/physics_modal_v4/enhancements/results/factorial/runs/scale-single__bank-on__continuation-preserved/seed44/ETTh1/h336.json,fb18cfe85dfee8376d51045efd99bb5bdd43ddcd3368b9e3ac43a2d8e9ff122c,/work/11617/sujato_ts/vista/motion_code-master/physics_modal_v4/enhancements/results/central/runs/no_multiscale/seed44/ETTh1/h336.json,0.6985170350386194,single,44,"{'inducing_points': 32, 'latent_dim': 16, 'patch_lens': [16, 32, 48], 'representation_weight': 0.05}",48,,True,True,96,False,0,83.77018855680944,reference,scale-single__bank-on__continuation-preserved,0.0001,4
on,16,1,extension,1.5581892808278401,,/work/11617/sujato_ts/vista/motion_code-master/physics_modal_v4/enhancements/results/central/checkpoints/no_multiscale/seed44/ETTh1/h720.pt,996d81655b965a7c,preserved,2,False,ETTh1,16,377.63185398606583,latentflow-factorial-2x2x2-all28-three-seed-no-exchange-v2-selector-safe,factorial,10,latentflow_process_preserving_unfreeze2,5.0,0.001,720,,23.582566567738333,False,,0.0007,0.4825734768856824,2048,1024,LatentFlow,0.4981764784646819,0.02,2161.0,1180516,,0.48269867664924815,0.4984452489045081,False,2,-0.00012519976356573093,-0.00026877043982620474,,/work/11617/sujato_ts/vista/motion_code-master/physics_modal_v4/enhancements/results/factorial/runs/scale-single__bank-on__continuation-preserved/seed44/ETTh1/h720.json,1cfa591022c6da359dd769328b72d77d161ab8f89278d42b095752fc21622bfc,/work/11617/sujato_ts/vista/motion_code-master/physics_modal_v4/enhancements/results/central/runs/no_multiscale/seed44/ETTh1/h720.json,0.7058161789479481,single,44,"{'inducing_points': 32, 'latent_dim': 16, 'patch_lens': [16, 32, 48], 'representation_weight': 0.05}",48,,True,True,96,False,0,79.97903948271414,extension,scale-single__bank-on__continuation-preserved,0.0001,4
on,16,0,reference,0.7592343599313781,,/work/11617/sujato_ts/vista/motion_code-master/physics_modal_v4/enhancements/results/central/checkpoints/no_multiscale/seed44/ETTh1/h96.pt,c02a737e1492a922,preserved,2,False,ETTh1,16,375.1997439030092,latentflow-factorial-2x2x2-all28-three-seed-no-exchange-v2-selector-safe,factorial,10,latentflow_process_preserving_unfreeze2,5.0,0.001,96,,4.57365961067077,True,,0.0007,0.4003156252862083,2048,1024,LatentFlow,0.39092473795426813,0.02,2785.0,572818,,0.4003156252862083,0.39092473795426813,False,2,0.0,0.0,,/work/11617/sujato_ts/vista/motion_code-master/physics_modal_v4/enhancements/results/factorial/runs/scale-single__bank-on__continuation-preserved/seed44/ETTh1/h96.json,62bc28e07bbea3db03fff5b096d37d5877e52f9907d3476b7b70eba4c1355747,/work/11617/sujato_ts/vista/motion_code-master/physics_modal_v4/enhancements/results/central/runs/no_multiscale/seed44/ETTh1/h96.json,0.6252397443815197,single,44,"{'inducing_points': 32, 'latent_dim': 16, 'patch_lens': [16, 32, 48], 'representation_weight': 0.05}",48,,True,True,96,False,0,79.29979055843432,reference,scale-single__bank-on__continuation-preserved,0.0001,4
on,16,0,reference,0.26194124908319544,,/work/11617/sujato_ts/vista/motion_code-master/physics_modal_v4/enhancements/results/central/checkpoints/no_multiscale/seed44/ETTh2/h192.pt,26ce691475466851,preserved,2,False,ETTh2,16,362.92545195203274,latentflow-factorial-2x2x2-all28-three-seed-no-exchange-v2-selector-safe,factorial,10,latentflow_process_preserving_unfreeze2,5.0,0.001,192,,4.609595638460028,True,,0.0007,0.39708651951516244,2048,1024,LatentFlow,0.3761773969987396,0.02,2689.0,646258,,0.39708651951516244,0.3761773969987396,False,2,0.0,0.0,,/work/11617/sujato_ts/vista/motion_code-master/physics_modal_v4/enhancements/results/factorial/runs/scale-single__bank-on__continuation-preserved/seed44/ETTh2/h192.json,aa3383ca87ee0af9a7ea7461c2928d62a66142d5ff5233e5eca24bd1cf616db9,/work/11617/sujato_ts/vista/motion_code-master/physics_modal_v4/enhancements/results/central/runs/no_multiscale/seed44/ETTh2/h192.json,0.6133330229155606,single,44,"{'inducing_points': 32, 'latent_dim': 8, 'patch_lens': [16, 32, 48], 'representation_weight': 0.001}",48,,True,True,96,False,0,76.86028306488879,reference,scale-single__bank-on__continuation-preserved,0.0001,4
on,16,0,reference,0.34325466218854295,,/work/11617/sujato_ts/vista/motion_code-master/physics_modal_v4/enhancements/results/central/checkpoints/no_multiscale/seed44/ETTh2/h336.pt,4bece546f3b39765,preserved,2,False,ETTh2,16,358.8610909569543,latentflow-factorial-2x2x2-all28-three-seed-no-exchange-v2-selector-safe,factorial,10,latentflow_process_preserving_unfreeze2,5.0,0.001,336,,4.62689472928266,True,,0.0007,0.42708084540616115,2048,1024,LatentFlow,0.4219147602567319,0.02,2545.0,786460,,0.42708084540616115,0.4219147602567319,False,2,0.0,0.0,,/work/11617/sujato_ts/vista/motion_code-master/physics_modal_v4/enhancements/results/factorial/runs/scale-single__bank-on__continuation-preserved/seed44/ETTh2/h336.json,d4151ec5e40fc9f428ee67bf9eab6c361d73283800231314c3ef15e6d3b55499,/work/11617/sujato_ts/vista/motion_code-master/physics_modal_v4/enhancements/results/central/runs/no_multiscale/seed44/ETTh2/h336.json,0.6495496595771042,single,44,"{'inducing_points': 32, 'latent_dim': 8, 'patch_lens': [16, 32, 48], 'representation_weight': 0.001}",48,,True,True,96,False,0,75.89004693672905,reference,scale-single__bank-on__continuation-preserved,0.0001,4
on,16,0,reference,0.6086461882742624,,/work/11617/sujato_ts/vista/motion_code-master/physics_modal_v4/enhancements/results/central/checkpoints/no_multiscale/seed44/ETTh2/h720.pt,0e98d9c986f7b528,preserved,2,False,ETTh2,16,361.46101606590673,latentflow-factorial-2x2x2-all28-three-seed-no-exchange-v2-selector-safe,factorial,10,latentflow_process_preserving_unfreeze2,5.0,0.001,720,,4.427851883194117,True,,0.0007,0.4470634959593626,2048,1024,LatentFlow,0.4333601387385773,0.02,2161.0,1160508,,0.4470634959593626,0.4333601387385773,False,2,0.0,0.0,,/work/11617/sujato_ts/vista/motion_code-master/physics_modal_v4/enhancements/results/factorial/runs/scale-single__bank-on__continuation-preserved/seed44/ETTh2/h720.json,300b68d8ae90d27d131a5f2de71d07b30a8d1eb0291e9799e393c4a40b44afe5,/work/11617/sujato_ts/vista/motion_code-master/physics_modal_v4/enhancements/results/central/runs/no_multiscale/seed44/ETTh2/h720.json,0.658300948456386,single,44,"{'inducing_points': 32, 'latent_dim': 8, 'patch_lens': [16, 32, 48], 'representation_weight': 0.001}",48,,True,True,96,False,0,76.4629341505497,reference,scale-single__bank-on__continuation-preserved,0.0001,4
on,16,1,extension,0.21390642137044952,,/work/11617/sujato_ts/vista/motion_code-master/physics_modal_v4/enhancements/results/central/checkpoints/no_multiscale/seed44/ETTh2/h96.pt,2c72b985b708780a,preserved,2,False,ETTh2,16,351.93018593790475,latentflow-factorial-2x2x2-all28-three-seed-no-exchange-v2-selector-safe,factorial,10,latentflow_process_preserving_unfreeze2,5.0,0.001,96,,21.641697066383855,False,,0.0007,0.3405154362900538,2048,1024,LatentFlow,0.2932328214235282,0.02,2785.0,552810,,0.3405450543715647,0.29324028497884913,False,2,-2.9618081510862648e-05,-7.463555320941229e-06,,/work/11617/sujato_ts/vista/motion_code-master/physics_modal_v4/enhancements/results/factorial/runs/scale-single__bank-on__continuation-preserved/seed44/ETTh2/h96.json,ef1fb8f7a9ee0b6fc0c9f4ad0221a49870e2195871b60cc4f22fa8cd98b7b545,/work/11617/sujato_ts/vista/motion_code-master/physics_modal_v4/enhancements/results/central/runs/no_multiscale/seed44/ETTh2/h96.json,0.5415097611525836,single,44,"{'inducing_points': 32, 'latent_dim': 8, 'patch_lens': [16, 32, 48], 'representation_weight': 0.001}",48,,True,True,96,False,0,74.42651062501682,extension,scale-single__bank-on__continuation-preserved,0.0001,4
on,16,2,extension,0.5107904795025077,,/work/11617/sujato_ts/vista/motion_code-master/physics_modal_v4/enhancements/results/central/checkpoints/no_multiscale/seed44/ETTm1/h192.pt,c7e7c7b9f051908c,preserved,2,False,ETTm1,16,378.862939146813,latentflow-factorial-2x2x2-all28-three-seed-no-exchange-v2-selector-safe,factorial,10,latentflow_process_preserving_unfreeze2,5.0,0.001,192,,20.937278569719453,False,,0.0007,0.403159216649059,2048,1024,LatentFlow,0.39438676586376964,0.02,11329.0,620266,,0.4009104102925246,0.39016367903301263,False,2,0.002248806356534405,0.004223086830757006,,/work/11617/sujato_ts/vista/motion_code-master/physics_modal_v4/enhancements/results/factorial/runs/scale-single__bank-on__continuation-preserved/seed44/ETTm1/h192.json,4fb35e1e29c3dc4c9d83de493a9aecc61caef235c58ba1e186ee191506e57314,/work/11617/sujato_ts/vista/motion_code-master/physics_modal_v4/enhancements/results/central/runs/no_multiscale/seed44/ETTm1/h192.json,0.6280022021169748,single,44,"{'inducing_points': 32, 'latent_dim': 8, 'patch_lens': [8, 24, 48], 'representation_weight': 0.01}",24,,True,True,96,False,0,79.8506798055314,extension,scale-single__bank-on__continuation-preserved,0.0001,4
on,16,1,extension,0.6596481043870758,,/work/11617/sujato_ts/vista/motion_code-master/physics_modal_v4/enhancements/results/central/checkpoints/no_multiscale/seed44/ETTm1/h336.pt,3e7726f145ecf73b,preserved,2,False,ETTm1,16,367.94921072013676,latentflow-factorial-2x2x2-all28-three-seed-no-exchange-v2-selector-safe,factorial,10,latentflow_process_preserving_unfreeze2,5.0,0.001,336,,22.578510682613597,False,,0.0007,0.413596096516005,2048,1024,LatentFlow,0.4069187758913539,0.02,11185.0,752570,,0.4198447728059962,0.4134034869003397,False,2,-0.006248676289991206,-0.0064847110089857884,,/work/11617/sujato_ts/vista/motion_code-master/physics_modal_v4/enhancements/results/factorial/runs/scale-single__bank-on__continuation-preserved/seed44/ETTm1/h336.json,ec8e3f3fc19ea112f9c59b4947ec1190788d1623f53e7cb1c34c2df5bc9e9f22,/work/11617/sujato_ts/vista/motion_code-master/physics_modal_v4/enhancements/results/central/runs/no_multiscale/seed44/ETTm1/h336.json,0.6379018544347977,single,44,"{'inducing_points': 32, 'latent_dim': 8, 'patch_lens': [8, 24, 48], 'representation_weight': 0.01}",8,,True,True,96,False,0,76.98173529915948,extension,scale-single__bank-on__continuation-preserved,0.0001,4
on,16,4,extension,0.9864194431002178,,/work/11617/sujato_ts/vista/motion_code-master/physics_modal_v4/enhancements/results/central/checkpoints/no_multiscale/seed44/ETTm1/h720.pt,3180a79203d83aa5,preserved,2,False,ETTm1,16,377.29678408801556,latentflow-factorial-2x2x2-all28-three-seed-no-exchange-v2-selector-safe,factorial,10,latentflow_process_preserving_unfreeze2,5.0,0.001,720,,20.559697246140296,False,,0.0007,0.4669622490653308,2048,1024,LatentFlow,0.4956579066482554,0.02,10801.0,1140218,,0.46323798049329673,0.48708763371410346,False,2,0.003724268572034062,0.008570272934151912,,/work/11617/sujato_ts/vista/motion_code-master/physics_modal_v4/enhancements/results/factorial/runs/scale-single__bank-on__continuation-preserved/seed44/ETTm1/h720.json,3840a28abf58415526dfa25c024525c46e15994f820701dbd5cf8ce8ecbca888,/work/11617/sujato_ts/vista/motion_code-master/physics_modal_v4/enhancements/results/central/runs/no_multiscale/seed44/ETTm1/h720.json,0.7040297626153708,single,44,"{'inducing_points': 32, 'latent_dim': 8, 'patch_lens': [8, 24, 48], 'representation_weight': 0.01}",8,,True,True,96,False,0,79.56014352239436,extension,scale-single__bank-on__continuation-preserved,0.0001,4
on,16,2,extension,0.39333793379011606,,/work/11617/sujato_ts/vista/motion_code-master/physics_modal_v4/enhancements/results/central/checkpoints/no_multiscale/seed44/ETTm1/h96.pt,4aec2a489c0d98dc,preserved,2,False,ETTm1,16,375.07421940611675,latentflow-factorial-2x2x2-all28-three-seed-no-exchange-v2-selector-safe,factorial,10,latentflow_process_preserving_unfreeze2,5.0,0.001,96,,21.07827748099491,False,,0.0007,0.38334128088959557,2048,1024,LatentFlow,0.3477418936333632,0.02,11425.0,526714,,0.37942110449793043,0.349147388188556,False,2,0.003920176391665142,-0.0014054945551927878,,/work/11617/sujato_ts/vista/motion_code-master/physics_modal_v4/enhancements/results/factorial/runs/scale-single__bank-on__continuation-preserved/seed44/ETTm1/h96.json,4f0e687840013de0d3fd02a183ee3565645bfa2edb4ea01c9154f64c98d79c61,/work/11617/sujato_ts/vista/motion_code-master/physics_modal_v4/enhancements/results/central/runs/no_multiscale/seed44/ETTm1/h96.json,0.5896964419371743,single,44,"{'inducing_points': 32, 'latent_dim': 8, 'patch_lens': [8, 24, 48], 'representation_weight': 0.01}",24,,True,True,96,False,0,78.7359594443842,extension,scale-single__bank-on__continuation-preserved,0.0001,4
on,16,2,extension,0.16866645775735378,,/work/11617/sujato_ts/vista/motion_code-master/physics_modal_v4/enhancements/results/central/checkpoints/no_multiscale/seed44/ETTm2/h192.pt,730cdb98a6293067,preserved,2,False,ETTm2,16,382.6946700802073,latentflow-factorial-2x2x2-all28-three-seed-no-exchange-v2-selector-safe,factorial,10,latentflow_process_preserving_unfreeze2,5.0,0.001,192,,21.064600599679405,False,,0.0007,0.3005851763740229,2048,1024,LatentFlow,0.23956551861139969,0.02,11329.0,613794,,0.3011514929712854,0.2410364596994211,False,2,-0.0005663165972625284,-0.0014709410880214269,,/work/11617/sujato_ts/vista/motion_code-master/physics_modal_v4/enhancements/results/factorial/runs/scale-single__bank-on__continuation-preserved/seed44/ETTm2/h192.json,ae7113e1714dfe947101c174860cfc1c37988c6557597f59c8955e36a6b7d6ba,/work/11617/sujato_ts/vista/motion_code-master/physics_modal_v4/enhancements/results/central/runs/no_multiscale/seed44/ETTm2/h192.json,0.4894543069699149,single,44,"{'inducing_points': 16, 'latent_dim': 8, 'patch_lens': [8, 16, 32], 'representation_weight': 0.001}",16,,True,True,96,False,0,80.45395415247185,extension,scale-single__bank-on__continuation-preserved,0.0001,4
on,16,2,extension,0.21613143364182946,,/work/11617/sujato_ts/vista/motion_code-master/physics_modal_v4/enhancements/results/central/checkpoints/no_multiscale/seed44/ETTm2/h336.pt,de6921c988935ad9,preserved,2,False,ETTm2,16,361.74957651481964,latentflow-factorial-2x2x2-all28-three-seed-no-exchange-v2-selector-safe,factorial,10,latentflow_process_preserving_unfreeze2,5.0,0.001,336,,20.629833254931135,False,,0.0007,0.3449475782981389,2048,1024,LatentFlow,0.3077877702089747,0.02,11185.0,754644,,0.3464540730079123,0.30985885547080433,False,2,-0.0015064947097734316,-0.0020710852618296416,,/work/11617/sujato_ts/vista/motion_code-master/physics_modal_v4/enhancements/results/factorial/runs/scale-single__bank-on__continuation-preserved/seed44/ETTm2/h336.json,0c4e55ecf2128da61db4bac1e2aa1b6188b75fb2afd8db20e444254b7607420a,/work/11617/sujato_ts/vista/motion_code-master/physics_modal_v4/enhancements/results/central/runs/no_multiscale/seed44/ETTm2/h336.json,0.5547862383017217,single,44,"{'inducing_points': 16, 'latent_dim': 8, 'patch_lens': [8, 16, 32], 'representation_weight': 0.001}",16,,True,True,96,False,0,75.80335373113485,extension,scale-single__bank-on__continuation-preserved,0.0001,4
on,16,0,reference,0.2985150132860456,,/work/11617/sujato_ts/vista/motion_code-master/physics_modal_v4/enhancements/results/central/checkpoints/no_multiscale/seed44/ETTm2/h720.pt,34f5fd9d5c761257,preserved,2,False,ETTm2,16,372.1736315060407,latentflow-factorial-2x2x2-all28-three-seed-no-exchange-v2-selector-safe,factorial,10,latentflow_process_preserving_unfreeze2,5.0,0.001,720,,4.614194893783915,True,,0.0007,0.40171771225802205,2048,1024,LatentFlow,0.40848322760188593,0.02,10801.0,1142702,,0.40171771225802205,0.40848322760188593,False,2,0.0,0.0,,/work/11617/sujato_ts/vista/motion_code-master/physics_modal_v4/enhancements/results/factorial/runs/scale-single__bank-on__continuation-preserved/seed44/ETTm2/h720.json,25cb75a02c6b8025b2e18e253bc7b9b0e812a8b0ddbc347a90f36aa9c7349df5,/work/11617/sujato_ts/vista/motion_code-master/physics_modal_v4/enhancements/results/central/runs/no_multiscale/seed44/ETTm2/h720.json,0.6391269260498151,single,44,"{'inducing_points': 16, 'latent_dim': 8, 'patch_lens': [8, 16, 32], 'representation_weight': 0.001}",32,,True,True,96,False,0,78.13897857122356,reference,scale-single__bank-on__continuation-preserved,0.0001,4
on,16,3,extension,0.1278699151284638,,/work/11617/sujato_ts/vista/motion_code-master/physics_modal_v4/enhancements/results/central/checkpoints/no_multiscale/seed44/ETTm2/h96.pt,88d35532f79c9df1,preserved,2,False,ETTm2,16,374.578545643948,latentflow-factorial-2x2x2-all28-three-seed-no-exchange-v2-selector-safe,factorial,10,latentflow_process_preserving_unfreeze2,5.0,0.001,96,,21.920171160078482,False,,0.0007,0.2589483143630668,2048,1024,LatentFlow,0.17596428912692336,0.02,11425.0,514906,,0.25972072866443197,0.17625739944444493,False,2,-0.0007724143013651541,-0.0002931103175215777,,/work/11617/sujato_ts/vista/motion_code-master/physics_modal_v4/enhancements/results/factorial/runs/scale-single__bank-on__continuation-preserved/seed44/ETTm2/h96.json,3256f20a55ea0744c8a334ac959a0fb776f35fb42a01f5ff683cdac02d0695bb,/work/11617/sujato_ts/vista/motion_code-master/physics_modal_v4/enhancements/results/central/runs/no_multiscale/seed44/ETTm2/h96.json,0.4194809758820099,single,44,"{'inducing_points': 16, 'latent_dim': 8, 'patch_lens': [8, 16, 32], 'representation_weight': 0.001}",8,,True,True,96,False,0,78.7453428732988,extension,scale-single__bank-on__continuation-preserved,0.0001,4
on,16,10,extension,0.14605773296806795,,/work/11617/sujato_ts/vista/motion_code-master/physics_modal_v4/enhancements/results/central/checkpoints/no_multiscale/seed44/Electricity/h192.pt,e1d7f259d0eb9abc,preserved,2,False,Electricity,16,1510.653023363091,latentflow-factorial-2x2x2-all28-three-seed-no-exchange-v2-selector-safe,factorial,10,latentflow_process_preserving_unfreeze2,5.0,0.001,192,,24.859074061798257,False,,0.0007,0.2624934567586013,2048,1024,LatentFlow,0.17018329094195947,0.02,5071.0,612867,,0.26608439156625835,0.17681279120147286,False,2,-0.0035909348076570424,-0.006629500259513393,,/work/11617/sujato_ts/vista/motion_code-master/physics_modal_v4/enhancements/results/factorial/runs/scale-single__bank-on__continuation-preserved/seed44/Electricity/h192.json,4542d7251786ee574b57ce50413b04a84dbc66dafe8093f5cf826353b8824f3a,/work/11617/sujato_ts/vista/motion_code-master/physics_modal_v4/enhancements/results/central/runs/no_multiscale/seed44/Electricity/h192.json,0.412532775597236,single,44,"{'inducing_points': 32, 'latent_dim': 16, 'patch_lens': [8, 16, 32], 'representation_weight': 0.001}",8,,True,True,96,False,0,361.0532096310635,extension,scale-single__bank-on__continuation-preserved,0.0001,4
on,16,10,extension,0.16492392379829782,,/work/11617/sujato_ts/vista/motion_code-master/physics_modal_v4/enhancements/results/central/checkpoints/no_multiscale/seed44/Electricity/h336.pt,755c6f8b11542c45,preserved,2,False,Electricity,16,1455.3182961469283,latentflow-factorial-2x2x2-all28-three-seed-no-exchange-v2-selector-safe,factorial,10,latentflow_process_preserving_unfreeze2,5.0,0.001,336,,25.62753773725978,False,,0.0007,0.28098395931964043,2048,1024,LatentFlow,0.18924898344378258,0.02,4927.0,755859,,0.2830713086433489,0.1932382027501269,False,2,-0.002087349323708465,-0.003989219306344327,,/work/11617/sujato_ts/vista/motion_code-master/physics_modal_v4/enhancements/results/factorial/runs/scale-single__bank-on__continuation-preserved/seed44/Electricity/h336.json,5c4d969a67bdbf887b092f18f352270a97917681dec953bf7a55c27785e609a6,/work/11617/sujato_ts/vista/motion_code-master/physics_modal_v4/enhancements/results/central/runs/no_multiscale/seed44/Electricity/h336.json,0.4350275663033121,single,44,"{'inducing_points': 32, 'latent_dim': 16, 'patch_lens': [8, 16, 32], 'representation_weight': 0.001}",8,,True,True,96,False,0,345.3069756656987,extension,scale-single__bank-on__continuation-preserved,0.0001,4
on,16,5,extension,0.19980584435415086,,/work/11617/sujato_ts/vista/motion_code-master/physics_modal_v4/enhancements/results/central/checkpoints/no_multiscale/seed44/Electricity/h720.pt,4e6730c886983b76,preserved,2,False,Electricity,16,1536.0711584207602,latentflow-factorial-2x2x2-all28-three-seed-no-exchange-v2-selector-safe,factorial,10,latentflow_process_preserving_unfreeze2,5.0,0.001,720,,27.243993639275825,False,,0.0007,0.3077364961720966,2048,1024,LatentFlow,0.22096902957843428,0.02,4543.0,1143507,,0.31160322104937876,0.22920622987053368,False,2,-0.0038667248772821794,-0.0082372002920994,,/work/11617/sujato_ts/vista/motion_code-master/physics_modal_v4/enhancements/results/factorial/runs/scale-single__bank-on__continuation-preserved/seed44/Electricity/h720.json,7e760701061a929e7801f8698f1c6e5a1c88b5e6a649b647a1cd8c09f873298b,/work/11617/sujato_ts/vista/motion_code-master/physics_modal_v4/enhancements/results/central/runs/no_multiscale/seed44/Electricity/h720.json,0.47007342998560797,single,44,"{'inducing_points': 32, 'latent_dim': 16, 'patch_lens': [8, 16, 32], 'representation_weight': 0.001}",8,,True,True,96,False,0,366.6004340586369,extension,scale-single__bank-on__continuation-preserved,0.0001,4
on,16,10,extension,0.13535333731959295,,/work/11617/sujato_ts/vista/motion_code-master/physics_modal_v4/enhancements/results/central/checkpoints/no_multiscale/seed44/Electricity/h96.pt,6453e3ca3a3aa507,preserved,2,False,Electricity,16,1395.1384456420783,latentflow-factorial-2x2x2-all28-three-seed-no-exchange-v2-selector-safe,factorial,10,latentflow_process_preserving_unfreeze2,5.0,0.001,96,,24.07357531975117,False,,0.0007,0.25182624735818565,2048,1024,LatentFlow,0.15719568723514224,0.02,5167.0,518259,,0.25959411575720526,0.16933370565131795,False,2,-0.007767868399019606,-0.012138018416175705,,/work/11617/sujato_ts/vista/motion_code-master/physics_modal_v4/enhancements/results/factorial/runs/scale-single__bank-on__continuation-preserved/seed44/Electricity/h96.json,738a910475619e807e71f47e567d8ad3c2651b30ef3d17e91584801a2e7bbb3b,/work/11617/sujato_ts/vista/motion_code-master/physics_modal_v4/enhancements/results/central/runs/no_multiscale/seed44/Electricity/h96.json,0.39647911323945206,single,44,"{'inducing_points': 32, 'latent_dim': 16, 'patch_lens': [8, 16, 32], 'representation_weight': 0.001}",8,,True,True,96,False,0,331.38707689604416,extension,scale-single__bank-on__continuation-preserved,0.0001,4
on,16,10,extension,0.3828410079842469,,/work/11617/sujato_ts/vista/motion_code-master/physics_modal_v4/enhancements/results/central/checkpoints/no_multiscale/seed44/Traffic/h192.pt,2ec5181cd39a1ad9,preserved,2,False,Traffic,16,2518.219598466065,latentflow-factorial-2x2x2-all28-three-seed-no-exchange-v2-selector-safe,factorial,10,latentflow_process_preserving_unfreeze2,5.0,0.001,192,,57.67360373972668,False,,0.0007,0.2971429784110684,2048,1024,LatentFlow,0.45006378468780317,0.02,3319.0,614490,,0.30834480625598315,0.46275455340086064,False,2,-0.011201827844914747,-0.012690768713057465,,/work/11617/sujato_ts/vista/motion_code-master/physics_modal_v4/enhancements/results/factorial/runs/scale-single__bank-on__continuation-preserved/seed44/Traffic/h192.json,33c95d122f2b758f7a3cc639b17d8034c52c200ae78530917a502a5deb11e618,/work/11617/sujato_ts/vista/motion_code-master/physics_modal_v4/enhancements/results/central/runs/no_multiscale/seed44/Traffic/h192.json,0.6708679338646342,single,44,"{'inducing_points': 32, 'latent_dim': 16, 'patch_lens': [8, 16, 32], 'representation_weight': 0.001}",8,,True,True,96,False,0,640.588025015677,extension,scale-single__bank-on__continuation-preserved,0.0001,4
on,16,10,extension,0.39859751487565875,,/work/11617/sujato_ts/vista/motion_code-master/physics_modal_v4/enhancements/results/central/checkpoints/no_multiscale/seed44/Traffic/h336.pt,214858cdd14bdd97,preserved,2,False,Traffic,16,2651.472098978935,latentflow-factorial-2x2x2-all28-three-seed-no-exchange-v2-selector-safe,factorial,10,latentflow_process_preserving_unfreeze2,5.0,0.001,336,,60.6087838238425,False,,0.0007,0.2997792751616605,2048,1024,LatentFlow,0.4655268856782258,0.02,3175.0,757482,,0.3110705552122835,0.47728855930920105,False,2,-0.01129128005062302,-0.011761673630975245,,/work/11617/sujato_ts/vista/motion_code-master/physics_modal_v4/enhancements/results/factorial/runs/scale-single__bank-on__continuation-preserved/seed44/Traffic/h336.json,fcdb7fece8eb781aa34ba63717988d726ec12b6ebd421e3fd0856936af3b6919,/work/11617/sujato_ts/vista/motion_code-master/physics_modal_v4/enhancements/results/central/runs/no_multiscale/seed44/Traffic/h336.json,0.6822953067977426,single,44,"{'inducing_points': 32, 'latent_dim': 16, 'patch_lens': [8, 16, 32], 'representation_weight': 0.001}",8,,True,True,96,False,0,676.5435669109138,extension,scale-single__bank-on__continuation-preserved,0.0001,4
on,16,10,extension,0.44442179385581315,,/work/11617/sujato_ts/vista/motion_code-master/physics_modal_v4/enhancements/results/central/checkpoints/no_multiscale/seed44/Traffic/h720.pt,53291c407b018b1a,preserved,2,False,Traffic,16,2807.937420262024,latentflow-factorial-2x2x2-all28-three-seed-no-exchange-v2-selector-safe,factorial,10,latentflow_process_preserving_unfreeze2,5.0,0.001,720,,65.05692294723858,False,,0.0007,0.31588162067670417,2048,1024,LatentFlow,0.4876042972299303,0.02,2791.0,1145130,,0.3281609767711609,0.5072763393924733,False,2,-0.01227935609445674,-0.01967204216254298,,/work/11617/sujato_ts/vista/motion_code-master/physics_modal_v4/enhancements/results/factorial/runs/scale-single__bank-on__continuation-preserved/seed44/Traffic/h720.json,1a2344d966f803e4878f1174b51fe4b3add06b1ea52ad622a2c9a08ce80fde50,/work/11617/sujato_ts/vista/motion_code-master/physics_modal_v4/enhancements/results/central/runs/no_multiscale/seed44/Traffic/h720.json,0.6982866869917616,single,44,"{'inducing_points': 32, 'latent_dim': 16, 'patch_lens': [8, 16, 32], 'representation_weight': 0.001}",8,,True,True,96,False,0,729.3334770263755,extension,scale-single__bank-on__continuation-preserved,0.0001,4
on,16,10,extension,0.39432641801590707,,/work/11617/sujato_ts/vista/motion_code-master/physics_modal_v4/enhancements/results/central/checkpoints/no_multiscale/seed44/Traffic/h96.pt,3893bba960154b2d,preserved,2,False,Traffic,16,2554.1494436031207,latentflow-factorial-2x2x2-all28-three-seed-no-exchange-v2-selector-safe,factorial,10,latentflow_process_preserving_unfreeze2,5.0,0.001,96,,54.8411234518477,False,,0.0007,0.2976115104720899,2048,1024,LatentFlow,0.43798364488954594,0.02,3415.0,519882,,0.3111533578973493,0.45912143347165524,False,2,-0.013541847425259435,-0.021137788582109296,,/work/11617/sujato_ts/vista/motion_code-master/physics_modal_v4/enhancements/results/factorial/runs/scale-single__bank-on__continuation-preserved/seed44/Traffic/h96.json,b16466f4cace1c48f3a7107f190d8f6fab21602725840909eaeb3fd058c934e9,/work/11617/sujato_ts/vista/motion_code-master/physics_modal_v4/enhancements/results/central/runs/no_multiscale/seed44/Traffic/h96.json,0.6618033279529092,single,44,"{'inducing_points': 32, 'latent_dim': 16, 'patch_lens': [8, 16, 32], 'representation_weight': 0.001}",8,,True,True,96,False,0,645.0514585896599,extension,scale-single__bank-on__continuation-preserved,0.0001,4
on,16,5,extension,0.4798570835874194,,/work/11617/sujato_ts/vista/motion_code-master/physics_modal_v4/enhancements/results/central/checkpoints/no_multiscale/seed44/Weather/h192.pt,2f95f6cd3b9c6f4b,preserved,2,False,Weather,16,592.7045504394919,latentflow-factorial-2x2x2-all28-three-seed-no-exchange-v2-selector-safe,factorial,10,latentflow_process_preserving_unfreeze2,5.0,0.001,192,,35.229081202428354,False,,0.0007,0.2549696021037181,2048,1024,LatentFlow,0.21379773627508852,0.02,10349.0,613036,,0.2569109103050567,0.21566235048309085,False,2,-0.0019413082013385874,-0.0018646142080023242,,/work/11617/sujato_ts/vista/motion_code-master/physics_modal_v4/enhancements/results/factorial/runs/scale-single__bank-on__continuation-preserved/seed44/Weather/h192.json,de8da70884a0241eb45e72749c416c2218b81b39d1a7f9a263273f96d2aa9cad,/work/11617/sujato_ts/vista/motion_code-master/physics_modal_v4/enhancements/results/central/runs/no_multiscale/seed44/Weather/h192.json,0.4623826729831996,single,44,"{'inducing_points': 32, 'latent_dim': 16, 'patch_lens': [8, 16, 32], 'representation_weight': 0.001}",8,,True,True,96,False,0,134.48985357536003,extension,scale-single__bank-on__continuation-preserved,0.0001,4
on,16,10,extension,0.5611161090889756,,/work/11617/sujato_ts/vista/motion_code-master/physics_modal_v4/enhancements/results/central/checkpoints/no_multiscale/seed44/Weather/h336.pt,3c544d0b16f69cf3,preserved,2,False,Weather,16,620.6710507255048,latentflow-factorial-2x2x2-all28-three-seed-no-exchange-v2-selector-safe,factorial,10,latentflow_process_preserving_unfreeze2,5.0,0.001,336,,32.28848425484022,False,,0.0007,0.29780691353717836,2048,1024,LatentFlow,0.27105155686405974,0.02,10205.0,756028,,0.30292752246590343,0.27811103734197995,False,2,-0.005120608928725068,-0.00705948047792021,,/work/11617/sujato_ts/vista/motion_code-master/physics_modal_v4/enhancements/results/factorial/runs/scale-single__bank-on__continuation-preserved/seed44/Weather/h336.json,cf47136b455e02c4b4e01810966008f4dc03e37ce28e29ac8accd5c0305080d3,/work/11617/sujato_ts/vista/motion_code-master/physics_modal_v4/enhancements/results/central/runs/no_multiscale/seed44/Weather/h336.json,0.5206261200363076,single,44,"{'inducing_points': 32, 'latent_dim': 16, 'patch_lens': [8, 16, 32], 'representation_weight': 0.001}",8,,True,True,96,False,0,141.37266127072508,extension,scale-single__bank-on__continuation-preserved,0.0001,4
on,16,7,extension,0.6818456084639938,,/work/11617/sujato_ts/vista/motion_code-master/physics_modal_v4/enhancements/results/central/checkpoints/no_multiscale/seed44/Weather/h720.pt,a0c186aec7cc0397,preserved,2,False,Weather,16,573.8873079849873,latentflow-factorial-2x2x2-all28-three-seed-no-exchange-v2-selector-safe,factorial,10,latentflow_process_preserving_unfreeze2,5.0,0.001,720,,35.6184165381516,False,,0.0007,0.34904743799489535,2048,1024,LatentFlow,0.3506613388068634,0.02,9821.0,1143676,,0.34846306519385495,0.3512572592498481,False,2,0.0005843728010404003,-0.0005959204429846765,,/work/11617/sujato_ts/vista/motion_code-master/physics_modal_v4/enhancements/results/factorial/runs/scale-single__bank-on__continuation-preserved/seed44/Weather/h720.json,591aa77a5a2e4d34f91c32659062fd77727f6007b3b878832e40880df5e0fb5c,/work/11617/sujato_ts/vista/motion_code-master/physics_modal_v4/enhancements/results/central/runs/no_multiscale/seed44/Weather/h720.json,0.5921666478339214,single,44,"{'inducing_points': 32, 'latent_dim': 16, 'patch_lens': [8, 16, 32], 'representation_weight': 0.001}",8,,True,True,96,False,0,130.59152021560294,extension,scale-single__bank-on__continuation-preserved,0.0001,4
on,16,6,extension,0.4253992650007445,,/work/11617/sujato_ts/vista/motion_code-master/physics_modal_v4/enhancements/results/central/checkpoints/no_multiscale/seed44/Weather/h96.pt,e80acc4fbe7859cf,preserved,2,False,Weather,16,574.3425715190824,latentflow-factorial-2x2x2-all28-three-seed-no-exchange-v2-selector-safe,factorial,10,latentflow_process_preserving_unfreeze2,5.0,0.001,96,,32.926579556977245,False,,0.0007,0.21259821701545456,2048,1024,LatentFlow,0.16432757759907282,0.02,10445.0,518428,,0.21823216226213657,0.16973387142483048,False,2,-0.0056339452466820095,-0.005406293825757663,,/work/11617/sujato_ts/vista/motion_code-master/physics_modal_v4/enhancements/results/factorial/runs/scale-single__bank-on__continuation-preserved/seed44/Weather/h96.json,3adeccd35803b08d04e39b7c92087b4baf9e4cd3d7a33264ee0d4034ad260e1b,/work/11617/sujato_ts/vista/motion_code-master/physics_modal_v4/enhancements/results/central/runs/no_multiscale/seed44/Weather/h96.json,0.4053733804766574,single,44,"{'inducing_points': 32, 'latent_dim': 16, 'patch_lens': [8, 16, 32], 'representation_weight': 0.001}",8,,True,True,96,False,0,129.2504216891757,extension,scale-single__bank-on__continuation-preserved,0.0001,4
