bank,batch_size,best_epoch,best_stage,best_validation_mse,candidate,checkpoint,config_hash,continuation,continuation_unfreeze_blocks,cross_process_exchange,dataset,effective_batch_size,elapsed_seconds,enhancement_protocol,experiment,extension_epochs,final_candidate,gradient_clip,head_learning_rate,horizon,inducing_points,inference_ms_batch,latent_dim,learning_rate,mae,max_train_windows,max_validation_windows,model,mse,nested_anchor_windows,nested_subset_seed,nll_weight,num_training_windows,num_validation_windows,num_windows,parameters,patch_lens,primal_dual,reference_epochs,representation_weight,result_path,result_sha256,reused_source,rmse,scale,seed,selected_config,selected_patch_lens,selection_protocol,seq_len,structural_only,train_budget,train_budget_label,trainable_parameters,training_ms_optimizer_step,validation_window_seed,variant,weight_decay,wide_batch_size
on,16,5,extension,0.8453036450913974,,/work/11617/sujato_ts/vista/motion_code-master/physics_modal_v4/enhancements/results/data_budget/checkpoints/train_0128/seed42/ETTh1/h96.pt,50155098258d9fdd,preserved,2,False,ETTh1,16,41.845068430528045,latentflow-nested-data-budget-all28-seed42-no-exchange-v1,data_budget,10,latentflow_process_preserving_unfreeze2,5.0,0.001,96,,8.11789214955589,,0.0007,0.44846160792790796,128,1024,LatentFlow,0.46212230162854134,2048,9042,0.02,128,1024,2785.0,1441682,,False,2,,physics_modal_v4/enhancements/results/data_budget/runs/train_0128/seed42/ETTh1/h96.json,6265f132e35f4ca4b76cf6c380d8a4fa18aad8cb40c1d05c3abee8b86a8e01eb,,0.6797957793547569,multiscale,42,"{'inducing_points': 32, 'latent_dim': 16, 'patch_lens': [16, 32, 48], 'representation_weight': 0.05}",16-32-48,,96,False,128,0128,0,351.5759195201099,5042,train_0128,0.0001,4
on,16,4,extension,1.1034860500977153,,/work/11617/sujato_ts/vista/motion_code-master/physics_modal_v4/enhancements/results/data_budget/checkpoints/train_0128/seed42/ETTh1/h192.pt,3ff86afa3e612c78,preserved,2,False,ETTh1,16,39.81102211587131,latentflow-nested-data-budget-all28-seed42-no-exchange-v1,data_budget,10,latentflow_process_preserving_unfreeze2,5.0,0.001,192,,7.9705109540930765,,0.0007,0.47141439055207535,128,1024,LatentFlow,0.503940139848465,2048,9042,0.02,128,1024,2689.0,1535526,,False,2,,physics_modal_v4/enhancements/results/data_budget/runs/train_0128/seed42/ETTh1/h192.json,b7865d495a534c82c23c5adf305c2b0b09cb82e48444009de745b729e781f578,,0.7098874135019334,multiscale,42,"{'inducing_points': 32, 'latent_dim': 16, 'patch_lens': [16, 32, 48], 'representation_weight': 0.05}",16-32-48,,96,False,128,0128,0,331.929765525274,5042,train_0128,0.0001,4
on,16,0,reference,1.3559496678462646,,/work/11617/sujato_ts/vista/motion_code-master/physics_modal_v4/enhancements/results/data_budget/checkpoints/train_0128/seed42/ETTh1/h336.pt,cb13bc9d26a48422,preserved,2,False,ETTh1,16,36.925486190244555,latentflow-nested-data-budget-all28-seed42-no-exchange-v1,data_budget,10,latentflow_process_preserving_unfreeze2,5.0,0.001,336,,7.447428114217105,,0.0007,0.4893661569787772,128,1024,LatentFlow,0.5369931850813427,2048,9042,0.02,128,1024,2545.0,1676686,,False,2,,physics_modal_v4/enhancements/results/data_budget/runs/train_0128/seed42/ETTh1/h336.json,cd8c48f8a1f1f13b63b13bf89de3121d00f7592ee7f0617aab45c7177c43aec7,,0.7327981885085025,multiscale,42,"{'inducing_points': 32, 'latent_dim': 16, 'patch_lens': [16, 32, 48], 'representation_weight': 0.05}",16-32-48,,96,False,128,0128,0,305.14042773866095,5042,train_0128,0.0001,4
on,16,0,reference,1.6156410989307222,,/work/11617/sujato_ts/vista/motion_code-master/physics_modal_v4/enhancements/results/data_budget/checkpoints/train_0128/seed42/ETTh1/h720.pt,a0ec13feb840f929,preserved,2,False,ETTh1,16,42.433574388269335,latentflow-nested-data-budget-all28-seed42-no-exchange-v1,data_budget,10,latentflow_process_preserving_unfreeze2,5.0,0.001,720,,8.485721313019297,,0.0007,0.5066394040323683,128,1024,LatentFlow,0.5361975638415639,2048,9042,0.02,128,1024,2161.0,2055222,,False,2,,physics_modal_v4/enhancements/results/data_budget/runs/train_0128/seed42/ETTh1/h720.json,00a06023efec6917cb1573fffc3dcb9e6854726501978932dcf61c424ee88fc7,,0.7322551220999167,multiscale,42,"{'inducing_points': 32, 'latent_dim': 16, 'patch_lens': [16, 32, 48], 'representation_weight': 0.05}",16-32-48,,96,False,128,0128,0,357.7874329406768,5042,train_0128,0.0001,4
on,16,1,extension,0.24069547138753392,,/work/11617/sujato_ts/vista/motion_code-master/physics_modal_v4/enhancements/results/data_budget/checkpoints/train_0128/seed42/ETTh2/h96.pt,39d56a2d293ecc8c,preserved,2,False,ETTh2,16,40.82096960581839,latentflow-nested-data-budget-all28-seed42-no-exchange-v1,data_budget,10,latentflow_process_preserving_unfreeze2,5.0,0.001,96,,8.12682140123293,,0.0007,0.35757881747338166,128,1024,LatentFlow,0.31507571459203804,2048,9042,0.02,128,1024,2785.0,1411434,,False,2,,physics_modal_v4/enhancements/results/data_budget/runs/train_0128/seed42/ETTh2/h96.json,833ba6d1f63bdee18390e7b17302d2b80f99eab3509f01b32847212f9c2ad5b0,,0.5613160558829918,multiscale,42,"{'inducing_points': 32, 'latent_dim': 8, 'patch_lens': [16, 32, 48], 'representation_weight': 0.001}",16-32-48,,96,False,128,0128,0,342.809392651543,5042,train_0128,0.0001,4
on,16,8,extension,0.2899517989052193,,/work/11617/sujato_ts/vista/motion_code-master/physics_modal_v4/enhancements/results/data_budget/checkpoints/train_0128/seed42/ETTh2/h192.pt,a001299c4e7eaae0,preserved,2,False,ETTh2,16,41.9120280072093,latentflow-nested-data-budget-all28-seed42-no-exchange-v1,data_budget,10,latentflow_process_preserving_unfreeze2,5.0,0.001,192,,8.46331749490635,,0.0007,0.41087230804037495,128,1024,LatentFlow,0.4144430075911288,2048,9042,0.02,128,1024,2689.0,1505278,,False,2,,physics_modal_v4/enhancements/results/data_budget/runs/train_0128/seed42/ETTh2/h192.json,0b23b3bd842c0d40774b3e8c9fd5bb8466f78b0841e2e7894e5f8a90a1b07d0e,,0.6437724812316296,multiscale,42,"{'inducing_points': 32, 'latent_dim': 8, 'patch_lens': [16, 32, 48], 'representation_weight': 0.001}",16-32-48,,96,False,128,0128,0,351.79258611169644,5042,train_0128,0.0001,4
on,16,0,reference,0.3707858585581488,,/work/11617/sujato_ts/vista/motion_code-master/physics_modal_v4/enhancements/results/data_budget/checkpoints/train_0128/seed42/ETTh2/h336.pt,2e17405b2462c5d7,preserved,2,False,ETTh2,16,40.67296402901411,latentflow-nested-data-budget-all28-seed42-no-exchange-v1,data_budget,10,latentflow_process_preserving_unfreeze2,5.0,0.001,336,,7.983313590476785,,0.0007,0.4425914096680601,128,1024,LatentFlow,0.44410775767889044,2048,9042,0.02,128,1024,2545.0,1646438,,False,2,,physics_modal_v4/enhancements/results/data_budget/runs/train_0128/seed42/ETTh2/h336.json,27aab7982e1f1334fa370c3ec925b1b3395d7b6d2c0a0530b0d974a383729987,,0.6664141037514816,multiscale,42,"{'inducing_points': 32, 'latent_dim': 8, 'patch_lens': [16, 32, 48], 'representation_weight': 0.001}",16-32-48,,96,False,128,0128,0,340.4818973504007,5042,train_0128,0.0001,4
on,16,0,reference,0.6146461235152351,,/work/11617/sujato_ts/vista/motion_code-master/physics_modal_v4/enhancements/results/data_budget/checkpoints/train_0128/seed42/ETTh2/h720.pt,e0e837d06fbe27d0,preserved,2,False,ETTh2,16,40.97330394014716,latentflow-nested-data-budget-all28-seed42-no-exchange-v1,data_budget,10,latentflow_process_preserving_unfreeze2,5.0,0.001,720,,8.285047639328152,,0.0007,0.46389404997593725,128,1024,LatentFlow,0.463543827103986,2048,9042,0.02,128,1024,2161.0,2024974,,False,2,,physics_modal_v4/enhancements/results/data_budget/runs/train_0128/seed42/ETTh2/h720.json,f7050c6e5a017c9395bca4fddeae820d3f29c93d98b925d286aa29bd172f2690,,0.6808405298628938,multiscale,42,"{'inducing_points': 32, 'latent_dim': 8, 'patch_lens': [16, 32, 48], 'representation_weight': 0.001}",16-32-48,,96,False,128,0128,0,346.42228020820767,5042,train_0128,0.0001,4
on,16,6,extension,0.4585941872071652,,/work/11617/sujato_ts/vista/motion_code-master/physics_modal_v4/enhancements/results/data_budget/checkpoints/train_0128/seed42/ETTm1/h96.pt,04ce57ad99605548,preserved,2,False,ETTm1,16,46.792789505794644,latentflow-nested-data-budget-all28-seed42-no-exchange-v1,data_budget,10,latentflow_process_preserving_unfreeze2,5.0,0.001,96,,8.159147183636797,,0.0007,0.432047788632516,128,1024,LatentFlow,0.4409446453608435,2048,9042,0.02,128,1024,11425.0,1398606,,False,2,,physics_modal_v4/enhancements/results/data_budget/runs/train_0128/seed42/ETTm1/h96.json,077e92f8691a001d4847e96b55ac3e221c053169a02a56d18c2bb70cc319d047,,0.6640366295324706,multiscale,42,"{'inducing_points': 32, 'latent_dim': 8, 'patch_lens': [8, 24, 48], 'representation_weight': 0.01}",8-24-48,,96,False,128,0128,0,355.34378844313323,5042,train_0128,0.0001,4
on,16,6,extension,0.5782478985687097,,/work/11617/sujato_ts/vista/motion_code-master/physics_modal_v4/enhancements/results/data_budget/checkpoints/train_0128/seed42/ETTm1/h192.pt,a02032f6c2fa2ba4,preserved,2,False,ETTm1,16,47.67366667371243,latentflow-nested-data-budget-all28-seed42-no-exchange-v1,data_budget,10,latentflow_process_preserving_unfreeze2,5.0,0.001,192,,8.457090087825119,,0.0007,0.4445265467047074,128,1024,LatentFlow,0.47041270598883245,2048,9042,0.02,128,1024,11329.0,1493398,,False,2,,physics_modal_v4/enhancements/results/data_budget/runs/train_0128/seed42/ETTm1/h192.json,929da0e8f2e2f30a7cc2fed5a5d009887fb38ea5584a005f48e61ff477e62b55,,0.6858663907707043,multiscale,42,"{'inducing_points': 32, 'latent_dim': 8, 'patch_lens': [8, 24, 48], 'representation_weight': 0.01}",8-24-48,,96,False,128,0128,0,362.5538132269867,5042,train_0128,0.0001,4
on,16,7,extension,0.7192558054210377,,/work/11617/sujato_ts/vista/motion_code-master/physics_modal_v4/enhancements/results/data_budget/checkpoints/train_0128/seed42/ETTm1/h336.pt,0668c3c91a7e7adb,preserved,2,False,ETTm1,16,46.988356749061495,latentflow-nested-data-budget-all28-seed42-no-exchange-v1,data_budget,10,latentflow_process_preserving_unfreeze2,5.0,0.001,336,,8.25230360236606,,0.0007,0.46374244119312746,128,1024,LatentFlow,0.4976202567810658,2048,9042,0.02,128,1024,11185.0,1636816,,False,2,,physics_modal_v4/enhancements/results/data_budget/runs/train_0128/seed42/ETTm1/h336.json,edfacd417bbe1301fd862ea31c5e8889647da286b9d9c1237e7cae463ab280bf,,0.70542204160422,multiscale,42,"{'inducing_points': 32, 'latent_dim': 8, 'patch_lens': [8, 24, 48], 'representation_weight': 0.01}",8-24-48,,96,False,128,0128,0,357.01844131108373,5042,train_0128,0.0001,4
on,16,8,extension,1.1003062456373185,,/work/11617/sujato_ts/vista/motion_code-master/physics_modal_v4/enhancements/results/data_budget/checkpoints/train_0128/seed42/ETTm1/h720.pt,fe0e309309c2370f,preserved,2,False,ETTm1,16,43.46048329398036,latentflow-nested-data-budget-all28-seed42-no-exchange-v1,data_budget,10,latentflow_process_preserving_unfreeze2,5.0,0.001,720,,7.451014390121316,,0.0007,0.4924714852184701,128,1024,LatentFlow,0.5571077042957633,2048,9042,0.02,128,1024,10801.0,2026480,,False,2,,physics_modal_v4/enhancements/results/data_budget/runs/train_0128/seed42/ETTm1/h720.json,15f0d48a5ad6f3a3fe9cd8597d55e06403de72658c287984658471c9dcf08296,,0.7463964792895015,multiscale,42,"{'inducing_points': 32, 'latent_dim': 8, 'patch_lens': [8, 24, 48], 'representation_weight': 0.01}",8-24-48,,96,False,128,0128,0,328.6934580770321,5042,train_0128,0.0001,4
on,16,10,extension,0.13383858952493893,,/work/11617/sujato_ts/vista/motion_code-master/physics_modal_v4/enhancements/results/data_budget/checkpoints/train_0128/seed42/ETTm2/h96.pt,dd687d1b812c1fa9,preserved,2,False,ETTm2,16,43.04297582479194,latentflow-nested-data-budget-all28-seed42-no-exchange-v1,data_budget,10,latentflow_process_preserving_unfreeze2,5.0,0.001,96,,7.4880379944423225,,0.0007,0.2699819612716702,128,1024,LatentFlow,0.18619540135736476,2048,9042,0.02,128,1024,11425.0,1373530,,False,2,,physics_modal_v4/enhancements/results/data_budget/runs/train_0128/seed42/ETTm2/h96.json,7bcc8ea08d5d43283e7cc01c0aea70aa3851320947739e428135f676306a7316,,0.4315036516153308,multiscale,42,"{'inducing_points': 16, 'latent_dim': 8, 'patch_lens': [8, 16, 32], 'representation_weight': 0.001}",8-16-32,,96,False,128,0128,0,322.59505663532764,5042,train_0128,0.0001,4
on,16,8,extension,0.1757377583001341,,/work/11617/sujato_ts/vista/motion_code-master/physics_modal_v4/enhancements/results/data_budget/checkpoints/train_0128/seed42/ETTm2/h192.pt,5739938c9cd86533,preserved,2,False,ETTm2,16,44.75379194505513,latentflow-nested-data-budget-all28-seed42-no-exchange-v1,data_budget,10,latentflow_process_preserving_unfreeze2,5.0,0.001,192,,7.8712566716193395,,0.0007,0.31031548210911025,128,1024,LatentFlow,0.25350920769921265,2048,9042,0.02,128,1024,11329.0,1468534,,False,2,,physics_modal_v4/enhancements/results/data_budget/runs/train_0128/seed42/ETTm2/h192.json,ca9c36fdd06a08390d6e82d9cb20bc415ab14f1974e123108328d4e943225748,,0.5034969788382178,multiscale,42,"{'inducing_points': 16, 'latent_dim': 8, 'patch_lens': [8, 16, 32], 'representation_weight': 0.001}",8-16-32,,96,False,128,0128,0,339.19287265161984,5042,train_0128,0.0001,4
on,16,8,extension,0.22072557963076092,,/work/11617/sujato_ts/vista/motion_code-master/physics_modal_v4/enhancements/results/data_budget/checkpoints/train_0128/seed42/ETTm2/h336.pt,26c930bd7f6f0e2c,preserved,2,False,ETTm2,16,47.42688085511327,latentflow-nested-data-budget-all28-seed42-no-exchange-v1,data_budget,10,latentflow_process_preserving_unfreeze2,5.0,0.001,336,,8.31077386355588,,0.0007,0.34971214479507995,128,1024,LatentFlow,0.31659075287674393,2048,9042,0.02,128,1024,11185.0,1612484,,False,2,,physics_modal_v4/enhancements/results/data_budget/runs/train_0128/seed42/ETTm2/h336.json,758eed5ccbde5628af4f51c58612a0dd5fd1ffec5cc1a5eebf83fff4fac6527f,,0.5626639786557728,multiscale,42,"{'inducing_points': 16, 'latent_dim': 8, 'patch_lens': [8, 16, 32], 'representation_weight': 0.001}",8-16-32,,96,False,128,0128,0,360.43728559743613,5042,train_0128,0.0001,4
on,16,8,extension,0.30228931288870553,,/work/11617/sujato_ts/vista/motion_code-master/physics_modal_v4/enhancements/results/data_budget/checkpoints/train_0128/seed42/ETTm2/h720.pt,8a3d5fec0954d181,preserved,2,False,ETTm2,16,44.50762792676687,latentflow-nested-data-budget-all28-seed42-no-exchange-v1,data_budget,10,latentflow_process_preserving_unfreeze2,5.0,0.001,720,,7.946407787214401,,0.0007,0.4066302636000173,128,1024,LatentFlow,0.41849327613864795,2048,9042,0.02,128,1024,10801.0,2004620,,False,2,,physics_modal_v4/enhancements/results/data_budget/runs/train_0128/seed42/ETTm2/h720.json,f1fc2b97b861833e8bca38380c69612aa2ee2e9048e25846a389eeb9ad71312a,,0.6469105627044962,multiscale,42,"{'inducing_points': 16, 'latent_dim': 8, 'patch_lens': [8, 16, 32], 'representation_weight': 0.001}",8-16-32,,96,False,128,0128,0,335.7619587564841,5042,train_0128,0.0001,4
on,16,8,extension,0.5282414225595338,,/work/11617/sujato_ts/vista/motion_code-master/physics_modal_v4/enhancements/results/data_budget/checkpoints/train_0128/seed42/Weather/h96.pt,4a6bc224f8045127,preserved,2,False,Weather,16,58.034956676885486,latentflow-nested-data-budget-all28-seed42-no-exchange-v1,data_budget,10,latentflow_process_preserving_unfreeze2,5.0,0.001,96,,7.650353563820712,,0.0007,0.23633031840382626,128,1024,LatentFlow,0.19495687618871702,2048,9042,0.02,128,1024,10445.0,1389340,,False,2,,physics_modal_v4/enhancements/results/data_budget/runs/train_0128/seed42/Weather/h96.json,252a27b13bda362df3f6695ecae04bfe114196a36c046edec03da2278a83c669,,0.44153921251539713,multiscale,42,"{'inducing_points': 32, 'latent_dim': 16, 'patch_lens': [8, 16, 32], 'representation_weight': 0.001}",8-16-32,,96,False,128,0128,0,518.6538849491626,5042,train_0128,0.0001,4
on,16,7,extension,0.5633713023530112,,/work/11617/sujato_ts/vista/motion_code-master/physics_modal_v4/enhancements/results/data_budget/checkpoints/train_0128/seed42/Weather/h192.pt,8919e675defb7c19,preserved,2,False,Weather,16,58.40035619772971,latentflow-nested-data-budget-all28-seed42-no-exchange-v1,data_budget,10,latentflow_process_preserving_unfreeze2,5.0,0.001,192,,7.974320710744968,,0.0007,0.2776265087572674,128,1024,LatentFlow,0.24513194525486146,2048,9042,0.02,128,1024,10349.0,1484344,,False,2,,physics_modal_v4/enhancements/results/data_budget/runs/train_0128/seed42/Weather/h192.json,609fd4bf3d1eb406e53b7a2f6eb968a6988cb257aa73e3681061fb3832f53d23,,0.4951080137251481,multiscale,42,"{'inducing_points': 32, 'latent_dim': 16, 'patch_lens': [8, 16, 32], 'representation_weight': 0.001}",8-16-32,,96,False,128,0128,0,523.0836810776964,5042,train_0128,0.0001,4
on,16,8,extension,0.6476598434707745,,/work/11617/sujato_ts/vista/motion_code-master/physics_modal_v4/enhancements/results/data_budget/checkpoints/train_0128/seed42/Weather/h336.pt,def857bb4cbd8269,preserved,2,False,Weather,16,57.61594187095761,latentflow-nested-data-budget-all28-seed42-no-exchange-v1,data_budget,10,latentflow_process_preserving_unfreeze2,5.0,0.001,336,,7.890633535834978,,0.0007,0.30934352734154535,128,1024,LatentFlow,0.29367540761934724,2048,9042,0.02,128,1024,10205.0,1628294,,False,2,,physics_modal_v4/enhancements/results/data_budget/runs/train_0128/seed42/Weather/h336.json,1aa5d3a9fb6dc83991ae6c187ae4dfbd759ef5851337855bdd1ba46b68f7b791,,0.541918266548884,multiscale,42,"{'inducing_points': 32, 'latent_dim': 16, 'patch_lens': [8, 16, 32], 'representation_weight': 0.001}",8-16-32,,96,False,128,0128,0,512.5495144864544,5042,train_0128,0.0001,4
on,16,9,extension,0.7645521799723307,,/work/11617/sujato_ts/vista/motion_code-master/physics_modal_v4/enhancements/results/data_budget/checkpoints/train_0128/seed42/Weather/h720.pt,73a92230ef25e498,preserved,2,False,Weather,16,58.63142478791997,latentflow-nested-data-budget-all28-seed42-no-exchange-v1,data_budget,10,latentflow_process_preserving_unfreeze2,5.0,0.001,720,,7.963030247529056,,0.0007,0.35978509025911537,128,1024,LatentFlow,0.3705169739372297,2048,9042,0.02,128,1024,9821.0,2020430,,False,2,,physics_modal_v4/enhancements/results/data_budget/runs/train_0128/seed42/Weather/h720.json,3fc1619d422c373f80d9399d4e040a8efd095c256d4366b8241285cd80c1e698,,0.6087010546542775,multiscale,42,"{'inducing_points': 32, 'latent_dim': 16, 'patch_lens': [8, 16, 32], 'representation_weight': 0.001}",8-16-32,,96,False,128,0128,0,522.0031575125176,5042,train_0128,0.0001,4
on,16,10,extension,0.2419427464931801,,/work/11617/sujato_ts/vista/motion_code-master/physics_modal_v4/enhancements/results/data_budget/checkpoints/train_0128/seed42/Electricity/h96.pt,9ef8829412260e13,preserved,2,False,Electricity,16,170.6183497644961,latentflow-nested-data-budget-all28-seed42-no-exchange-v1,data_budget,10,latentflow_process_preserving_unfreeze2,5.0,0.001,96,,7.996251096212586,,0.0007,0.3660313902905263,128,1024,LatentFlow,0.2819254490145673,2048,9042,0.02,128,1024,5167.0,1387123,,False,2,,physics_modal_v4/enhancements/results/data_budget/runs/train_0128/seed42/Electricity/h96.json,624f14b3d7fdbcc967d2bab272bf407dbce5608ddc7b459dc4a81bee539559a8,,0.5309665234405718,multiscale,42,"{'inducing_points': 32, 'latent_dim': 16, 'patch_lens': [8, 16, 32], 'representation_weight': 0.001}",8-16-32,,96,False,128,0128,0,1703.7692119600251,5042,train_0128,0.0001,4
on,16,10,extension,0.22704494048997,,/work/11617/sujato_ts/vista/motion_code-master/physics_modal_v4/enhancements/results/data_budget/checkpoints/train_0128/seed42/Electricity/h192.pt,11faf50ec918e5e7,preserved,2,False,Electricity,16,176.0270967297256,latentflow-nested-data-budget-all28-seed42-no-exchange-v1,data_budget,10,latentflow_process_preserving_unfreeze2,5.0,0.001,192,,8.267838768307914,,0.0007,0.35109574300422225,128,1024,LatentFlow,0.2646087286206981,2048,9042,0.02,128,1024,5071.0,1482127,,False,2,,physics_modal_v4/enhancements/results/data_budget/runs/train_0128/seed42/Electricity/h192.json,ac22f85dfaadb256c8dcbf12a2c66ae404db881a1a52b86282448c4d820b8c00,,0.5144013303061123,multiscale,42,"{'inducing_points': 32, 'latent_dim': 16, 'patch_lens': [8, 16, 32], 'representation_weight': 0.001}",8-16-32,,96,False,128,0128,0,1762.1228314004838,5042,train_0128,0.0001,4
on,16,10,extension,0.2387665387272322,,/work/11617/sujato_ts/vista/motion_code-master/physics_modal_v4/enhancements/results/data_budget/checkpoints/train_0128/seed42/Electricity/h336.pt,dd2a0932652afd05,preserved,2,False,Electricity,16,173.14235720224679,latentflow-nested-data-budget-all28-seed42-no-exchange-v1,data_budget,10,latentflow_process_preserving_unfreeze2,5.0,0.001,336,,7.66941091666619,,0.0007,0.3621752237002602,128,1024,LatentFlow,0.2778146443282577,2048,9042,0.02,128,1024,4927.0,1626077,,False,2,,physics_modal_v4/enhancements/results/data_budget/runs/train_0128/seed42/Electricity/h336.json,391788c4299d22b9700156119273b04061e53c86c43f200e10ec457e282769be,,0.5270812502150477,multiscale,42,"{'inducing_points': 32, 'latent_dim': 16, 'patch_lens': [8, 16, 32], 'representation_weight': 0.001}",8-16-32,,96,False,128,0128,0,1736.7517852922902,5042,train_0128,0.0001,4
on,16,10,extension,0.2627573687380761,,/work/11617/sujato_ts/vista/motion_code-master/physics_modal_v4/enhancements/results/data_budget/checkpoints/train_0128/seed42/Electricity/h720.pt,8fc2897d55c7e04f,preserved,2,False,Electricity,16,183.47693360969424,latentflow-nested-data-budget-all28-seed42-no-exchange-v1,data_budget,10,latentflow_process_preserving_unfreeze2,5.0,0.001,720,,7.84046296030283,,0.0007,0.38003784588838496,128,1024,LatentFlow,0.30668486830121305,2048,9042,0.02,128,1024,4543.0,2018213,,False,2,,physics_modal_v4/enhancements/results/data_budget/runs/train_0128/seed42/Electricity/h720.json,2cff44cecbc3a0f7db1a1ce4c7d5b9bb1e0cae0415dd6b324be799a33b58b01f,,0.5537913580954591,multiscale,42,"{'inducing_points': 32, 'latent_dim': 16, 'patch_lens': [8, 16, 32], 'representation_weight': 0.001}",8-16-32,,96,False,128,0128,0,1850.625271210447,5042,train_0128,0.0001,4
on,16,10,extension,0.6627722382084492,,/work/11617/sujato_ts/vista/motion_code-master/physics_modal_v4/enhancements/results/data_budget/checkpoints/train_0128/seed42/Traffic/h96.pt,37629f16cf3d5c2f,preserved,2,False,Traffic,16,345.47617966495454,latentflow-nested-data-budget-all28-seed42-no-exchange-v1,data_budget,10,latentflow_process_preserving_unfreeze2,5.0,0.001,96,,10.348456240578297,,0.0007,0.4908819917772,128,1024,LatentFlow,0.826517691884177,2048,9042,0.02,128,1024,3415.0,1388746,,False,2,,physics_modal_v4/enhancements/results/data_budget/runs/train_0128/seed42/Traffic/h96.json,ae8ec9da18b1e22acdcff50e41fdc132c1fc05038e35207e8cb192d70c7da3f6,,0.9091301842333567,multiscale,42,"{'inducing_points': 32, 'latent_dim': 16, 'patch_lens': [8, 16, 32], 'representation_weight': 0.001}",8-16-32,,96,False,128,0128,0,3642.542454507202,5042,train_0128,0.0001,4
on,16,10,extension,0.5960636172106537,,/work/11617/sujato_ts/vista/motion_code-master/physics_modal_v4/enhancements/results/data_budget/checkpoints/train_0128/seed42/Traffic/h192.pt,589e45fd8e7e6afc,preserved,2,False,Traffic,16,345.8552906792611,latentflow-nested-data-budget-all28-seed42-no-exchange-v1,data_budget,10,latentflow_process_preserving_unfreeze2,5.0,0.001,192,,10.604402043627225,,0.0007,0.46633752527654004,128,1024,LatentFlow,0.7513733725742396,2048,9042,0.02,128,1024,3319.0,1483750,,False,2,,physics_modal_v4/enhancements/results/data_budget/runs/train_0128/seed42/Traffic/h192.json,39a8a840821c4f85cd212c7a92f3affa06c5545e69cd98014ce2c50d9b65b44f,,0.8668179581516754,multiscale,42,"{'inducing_points': 32, 'latent_dim': 16, 'patch_lens': [8, 16, 32], 'representation_weight': 0.001}",8-16-32,,96,False,128,0128,0,3638.3276624954306,5042,train_0128,0.0001,4
on,16,10,extension,0.5889045246239328,,/work/11617/sujato_ts/vista/motion_code-master/physics_modal_v4/enhancements/results/data_budget/checkpoints/train_0128/seed42/Traffic/h336.pt,9647345673b97059,preserved,2,False,Traffic,16,356.213240431156,latentflow-nested-data-budget-all28-seed42-no-exchange-v1,data_budget,10,latentflow_process_preserving_unfreeze2,5.0,0.001,336,,11.052699775477363,,0.0007,0.4693823474991235,128,1024,LatentFlow,0.7535074116179575,2048,9042,0.02,128,1024,3175.0,1627700,,False,2,,physics_modal_v4/enhancements/results/data_budget/runs/train_0128/seed42/Traffic/h336.json,8158ad68f8ca9fa76120b8c428465e567b49a8e8531620199f0ea311ef109801,,0.8680480468372459,multiscale,42,"{'inducing_points': 32, 'latent_dim': 16, 'patch_lens': [8, 16, 32], 'representation_weight': 0.001}",8-16-32,,96,False,128,0128,0,3739.4461701100226,5042,train_0128,0.0001,4
on,16,10,extension,0.5965596050784648,,/work/11617/sujato_ts/vista/motion_code-master/physics_modal_v4/enhancements/results/data_budget/checkpoints/train_0128/seed42/Traffic/h720.pt,32a9413e28f1f3cd,preserved,2,False,Traffic,16,393.77583835925907,latentflow-nested-data-budget-all28-seed42-no-exchange-v1,data_budget,10,latentflow_process_preserving_unfreeze2,5.0,0.001,720,,12.674891930501694,,0.0007,0.47347132943736536,128,1024,LatentFlow,0.7600949331096971,2048,9042,0.02,128,1024,2791.0,2019836,,False,2,,physics_modal_v4/enhancements/results/data_budget/runs/train_0128/seed42/Traffic/h720.json,6777817faed9131a9d850fe081fd024cbf99ca313860e18bf73ce9e319e9b220,,0.8718342348805174,multiscale,42,"{'inducing_points': 32, 'latent_dim': 16, 'patch_lens': [8, 16, 32], 'representation_weight': 0.001}",8-16-32,,96,False,128,0128,0,4119.2380783264525,5042,train_0128,0.0001,4
on,16,0,reference,0.7857831328042916,,/work/11617/sujato_ts/vista/motion_code-master/physics_modal_v4/enhancements/results/data_budget/checkpoints/train_0512/seed42/ETTh1/h96.pt,4177c73fd6f996f9,preserved,2,False,ETTh1,16,67.13967302115634,latentflow-nested-data-budget-all28-seed42-no-exchange-v1,data_budget,10,latentflow_process_preserving_unfreeze2,5.0,0.001,96,,8.142779990384689,,0.0007,0.4206969249428893,512,1024,LatentFlow,0.4159984129437465,2048,9042,0.02,512,1024,2785.0,1441682,,False,2,,physics_modal_v4/enhancements/results/data_budget/runs/train_0512/seed42/ETTh1/h96.json,9059dc50e1426044dcd2f4ecac838f2d3c8d7883b7d3276f7239a9d69a4c2d7c,,0.6449793895495781,multiscale,42,"{'inducing_points': 32, 'latent_dim': 16, 'patch_lens': [16, 32, 48], 'representation_weight': 0.05}",16-32-48,,96,False,512,0512,0,147.50145008729305,5042,train_0512,0.0001,4
on,16,0,reference,1.04669897825945,,/work/11617/sujato_ts/vista/motion_code-master/physics_modal_v4/enhancements/results/data_budget/checkpoints/train_0512/seed42/ETTh1/h192.pt,6de859a7ea6aa254,preserved,2,False,ETTh1,16,65.24156840378419,latentflow-nested-data-budget-all28-seed42-no-exchange-v1,data_budget,10,latentflow_process_preserving_unfreeze2,5.0,0.001,192,,7.541138452929473,,0.0007,0.4463412755143955,512,1024,LatentFlow,0.4603000568856757,2048,9042,0.02,512,1024,2689.0,1535526,,False,2,,physics_modal_v4/enhancements/results/data_budget/runs/train_0512/seed42/ETTh1/h192.json,f001c84eb7bb144aac59aa236960241531d643a10a1bc7626337a57f064905a6,,0.6784541671223456,multiscale,42,"{'inducing_points': 32, 'latent_dim': 16, 'patch_lens': [16, 32, 48], 'representation_weight': 0.05}",16-32-48,,96,False,512,0512,0,143.85151953611057,5042,train_0512,0.0001,4
on,16,2,extension,1.3033790154521967,,/work/11617/sujato_ts/vista/motion_code-master/physics_modal_v4/enhancements/results/data_budget/checkpoints/train_0512/seed42/ETTh1/h336.pt,1e3758cf69340acc,preserved,2,False,ETTh1,16,67.01820962689817,latentflow-nested-data-budget-all28-seed42-no-exchange-v1,data_budget,10,latentflow_process_preserving_unfreeze2,5.0,0.001,336,,7.892135742910301,,0.0007,0.4647408208485959,512,1024,LatentFlow,0.5029113135303352,2048,9042,0.02,512,1024,2545.0,1676686,,False,2,,physics_modal_v4/enhancements/results/data_budget/runs/train_0512/seed42/ETTh1/h336.json,0c57b11670b11cd4f3317da5666a14504b6cda93dd11352e27a582e5b7be6930,,0.7091624027896115,multiscale,42,"{'inducing_points': 32, 'latent_dim': 16, 'patch_lens': [16, 32, 48], 'representation_weight': 0.05}",16-32-48,,96,False,512,0512,0,147.9761791531928,5042,train_0512,0.0001,4
on,16,1,extension,1.5792306824335975,,/work/11617/sujato_ts/vista/motion_code-master/physics_modal_v4/enhancements/results/data_budget/checkpoints/train_0512/seed42/ETTh1/h720.pt,88e53b9fc0d3c65d,preserved,2,False,ETTh1,16,66.74134778045118,latentflow-nested-data-budget-all28-seed42-no-exchange-v1,data_budget,10,latentflow_process_preserving_unfreeze2,5.0,0.001,720,,7.948547323693091,,0.0007,0.49850998623618065,512,1024,LatentFlow,0.5236125426305974,2048,9042,0.02,512,1024,2161.0,2055222,,False,2,,physics_modal_v4/enhancements/results/data_budget/runs/train_0512/seed42/ETTh1/h720.json,a3908f26505fd7971cd8fa1ec4871ebe99065a73e63ac896417dcdeeec6fa1ea,,0.7236107673539673,multiscale,42,"{'inducing_points': 32, 'latent_dim': 16, 'patch_lens': [16, 32, 48], 'representation_weight': 0.05}",16-32-48,,96,False,512,0512,0,146.98931045713834,5042,train_0512,0.0001,4
on,16,3,extension,0.2280939258635044,,/work/11617/sujato_ts/vista/motion_code-master/physics_modal_v4/enhancements/results/data_budget/checkpoints/train_0512/seed42/ETTh2/h96.pt,810c8affbb49f90d,preserved,2,False,ETTh2,16,62.42566483095288,latentflow-nested-data-budget-all28-seed42-no-exchange-v1,data_budget,10,latentflow_process_preserving_unfreeze2,5.0,0.001,96,,7.348498038818382,,0.0007,0.34888127607352265,512,1024,LatentFlow,0.3012631580158412,2048,9042,0.02,512,1024,2785.0,1411434,,False,2,,physics_modal_v4/enhancements/results/data_budget/runs/train_0512/seed42/ETTh2/h96.json,712a4e6d8539d0e66560d9ea21571bf69fad295660fe79bae5c50b7e58638524,,0.5488744464955908,multiscale,42,"{'inducing_points': 32, 'latent_dim': 8, 'patch_lens': [16, 32, 48], 'representation_weight': 0.001}",16-32-48,,96,False,512,0512,0,137.20290355267935,5042,train_0512,0.0001,4
on,16,0,reference,0.2788967759836288,,/work/11617/sujato_ts/vista/motion_code-master/physics_modal_v4/enhancements/results/data_budget/checkpoints/train_0512/seed42/ETTh2/h192.pt,96747ac901becaff,preserved,2,False,ETTh2,16,65.71159309707582,latentflow-nested-data-budget-all28-seed42-no-exchange-v1,data_budget,10,latentflow_process_preserving_unfreeze2,5.0,0.001,192,,7.78105448998377,,0.0007,0.40222025953709417,512,1024,LatentFlow,0.394226880237281,2048,9042,0.02,512,1024,2689.0,1505278,,False,2,,physics_modal_v4/enhancements/results/data_budget/runs/train_0512/seed42/ETTh2/h192.json,0e690b9bcbe5052a5f2ce7c56606b9f8f7d0e74b8b43d96161ea16fa6c0f346f,,0.627874892185761,multiscale,42,"{'inducing_points': 32, 'latent_dim': 8, 'patch_lens': [16, 32, 48], 'representation_weight': 0.001}",16-32-48,,96,False,512,0512,0,145.16203374951147,5042,train_0512,0.0001,4
on,16,0,reference,0.36149489068660606,,/work/11617/sujato_ts/vista/motion_code-master/physics_modal_v4/enhancements/results/data_budget/checkpoints/train_0512/seed42/ETTh2/h336.pt,da4251b8a8119486,preserved,2,False,ETTh2,16,68.52718966919929,latentflow-nested-data-budget-all28-seed42-no-exchange-v1,data_budget,10,latentflow_process_preserving_unfreeze2,5.0,0.001,336,,8.446029634981215,,0.0007,0.4392716224148039,512,1024,LatentFlow,0.43468538493357345,2048,9042,0.02,512,1024,2545.0,1646438,,False,2,,physics_modal_v4/enhancements/results/data_budget/runs/train_0512/seed42/ETTh2/h336.json,9f4c64167296ac0674536951f3d5a47e2f10cc891bd1e42921bd741a812d0223,,0.6593067457061041,multiscale,42,"{'inducing_points': 32, 'latent_dim': 8, 'patch_lens': [16, 32, 48], 'representation_weight': 0.001}",16-32-48,,96,False,512,0512,0,151.7231974285096,5042,train_0512,0.0001,4
on,16,0,reference,0.6098727909345475,,/work/11617/sujato_ts/vista/motion_code-master/physics_modal_v4/enhancements/results/data_budget/checkpoints/train_0512/seed42/ETTh2/h720.pt,ff96bd3950272243,preserved,2,False,ETTh2,16,64.62365363631397,latentflow-nested-data-budget-all28-seed42-no-exchange-v1,data_budget,10,latentflow_process_preserving_unfreeze2,5.0,0.001,720,,7.731500832336162,,0.0007,0.4564503179091361,512,1024,LatentFlow,0.44206614878720124,2048,9042,0.02,512,1024,2161.0,2024974,,False,2,,physics_modal_v4/enhancements/results/data_budget/runs/train_0512/seed42/ETTh2/h720.json,8d12360a9a9afcb6a84f4448c21ad2f3170d60a577a9954a51b37a20d28453d6,,0.6648805522702564,multiscale,42,"{'inducing_points': 32, 'latent_dim': 8, 'patch_lens': [16, 32, 48], 'representation_weight': 0.001}",16-32-48,,96,False,512,0512,0,142.16980431519914,5042,train_0512,0.0001,4
on,16,1,extension,0.41058225468510673,,/work/11617/sujato_ts/vista/motion_code-master/physics_modal_v4/enhancements/results/data_budget/checkpoints/train_0512/seed42/ETTm1/h96.pt,c5fcca634370f8d6,preserved,2,False,ETTm1,16,68.77972921542823,latentflow-nested-data-budget-all28-seed42-no-exchange-v1,data_budget,10,latentflow_process_preserving_unfreeze2,5.0,0.001,96,,7.48502079339967,,0.0007,0.3972107182938295,512,1024,LatentFlow,0.3775104782036522,2048,9042,0.02,512,1024,11425.0,1398606,,False,2,,physics_modal_v4/enhancements/results/data_budget/runs/train_0512/seed42/ETTm1/h96.json,60e43bec711a88ac9555bc14c5504dc1140a2a0bc41c55ef28418cccecac74b7,,0.6144188133542561,multiscale,42,"{'inducing_points': 32, 'latent_dim': 8, 'patch_lens': [8, 24, 48], 'representation_weight': 0.01}",8-24-48,,96,False,512,0512,0,141.99053043848835,5042,train_0512,0.0001,4
on,16,1,extension,0.5307702913525558,,/work/11617/sujato_ts/vista/motion_code-master/physics_modal_v4/enhancements/results/data_budget/checkpoints/train_0512/seed42/ETTm1/h192.pt,bfd10dbd7d8c1cad,preserved,2,False,ETTm1,16,72.57040832610801,latentflow-nested-data-budget-all28-seed42-no-exchange-v1,data_budget,10,latentflow_process_preserving_unfreeze2,5.0,0.001,192,,7.924813039527081,,0.0007,0.40926066493948354,512,1024,LatentFlow,0.40003078346601506,2048,9042,0.02,512,1024,11329.0,1493398,,False,2,,physics_modal_v4/enhancements/results/data_budget/runs/train_0512/seed42/ETTm1/h192.json,e125dc605896d9c73e70eff052479f4ce8a3c3ae987ab1c7e280321eb8552020,,0.6324798680321889,multiscale,42,"{'inducing_points': 32, 'latent_dim': 8, 'patch_lens': [8, 24, 48], 'representation_weight': 0.01}",8-24-48,,96,False,512,0512,0,150.84984307177365,5042,train_0512,0.0001,4
on,16,2,extension,0.6788599057262447,,/work/11617/sujato_ts/vista/motion_code-master/physics_modal_v4/enhancements/results/data_budget/checkpoints/train_0512/seed42/ETTm1/h336.pt,983b515ffdec1f52,preserved,2,False,ETTm1,16,69.30151396244764,latentflow-nested-data-budget-all28-seed42-no-exchange-v1,data_budget,10,latentflow_process_preserving_unfreeze2,5.0,0.001,336,,7.5169770570103625,,0.0007,0.4350555513561122,512,1024,LatentFlow,0.4400196153267217,2048,9042,0.02,512,1024,11185.0,1636816,,False,2,,physics_modal_v4/enhancements/results/data_budget/runs/train_0512/seed42/ETTm1/h336.json,7b6892479b38be6d1325f402122fc1d26a6013ff143bd7d6843fa5026e527151,,0.6633397435151325,multiscale,42,"{'inducing_points': 32, 'latent_dim': 8, 'patch_lens': [8, 24, 48], 'representation_weight': 0.01}",8-24-48,,96,False,512,0512,0,142.85046979784966,5042,train_0512,0.0001,4
on,16,3,extension,1.037390607122391,,/work/11617/sujato_ts/vista/motion_code-master/physics_modal_v4/enhancements/results/data_budget/checkpoints/train_0512/seed42/ETTm1/h720.pt,2a6bab1e43fb2c53,preserved,2,False,ETTm1,16,67.92650546878576,latentflow-nested-data-budget-all28-seed42-no-exchange-v1,data_budget,10,latentflow_process_preserving_unfreeze2,5.0,0.001,720,,7.220641599321401,,0.0007,0.458030292795442,512,1024,LatentFlow,0.4917822900066354,2048,9042,0.02,512,1024,10801.0,2026480,,False,2,,physics_modal_v4/enhancements/results/data_budget/runs/train_0512/seed42/ETTm1/h720.json,e5fb332fabc689dca8f43d40da6d1d0659ca8ca190c243e13f6a5050d8aa542d,,0.7012719087533988,multiscale,42,"{'inducing_points': 32, 'latent_dim': 8, 'patch_lens': [8, 24, 48], 'representation_weight': 0.01}",8-24-48,,96,False,512,0512,0,141.3796339300461,5042,train_0512,0.0001,4
on,16,5,extension,0.13373662903904915,,/work/11617/sujato_ts/vista/motion_code-master/physics_modal_v4/enhancements/results/data_budget/checkpoints/train_0512/seed42/ETTm2/h96.pt,ba2fcdfceefbeed1,preserved,2,False,ETTm2,16,70.63961348123848,latentflow-nested-data-budget-all28-seed42-no-exchange-v1,data_budget,10,latentflow_process_preserving_unfreeze2,5.0,0.001,96,,7.6899967622665,,0.0007,0.2685680320022677,512,1024,LatentFlow,0.18501414073883674,2048,9042,0.02,512,1024,11425.0,1373530,,False,2,,physics_modal_v4/enhancements/results/data_budget/runs/train_0512/seed42/ETTm2/h96.json,bc43b45f861c24838d6ebac3bbc4f57535dc90d9b731a9df629162bd52b1c163,,0.4301327013130212,multiscale,42,"{'inducing_points': 16, 'latent_dim': 8, 'patch_lens': [8, 16, 32], 'representation_weight': 0.001}",8-16-32,,96,False,512,0512,0,146.488170302473,5042,train_0512,0.0001,4
on,16,3,extension,0.17318079141633852,,/work/11617/sujato_ts/vista/motion_code-master/physics_modal_v4/enhancements/results/data_budget/checkpoints/train_0512/seed42/ETTm2/h192.pt,d3f0b87ac344a672,preserved,2,False,ETTm2,16,72.63707809895277,latentflow-nested-data-budget-all28-seed42-no-exchange-v1,data_budget,10,latentflow_process_preserving_unfreeze2,5.0,0.001,192,,8.445616490095643,,0.0007,0.3084360219992652,512,1024,LatentFlow,0.24970250469445857,2048,9042,0.02,512,1024,11329.0,1468534,,False,2,,physics_modal_v4/enhancements/results/data_budget/runs/train_0512/seed42/ETTm2/h192.json,e400411e0b0d9c7e2ee2242e58918d057d611674f063171affa24dad23d0de6c,,0.49970241613830385,multiscale,42,"{'inducing_points': 16, 'latent_dim': 8, 'patch_lens': [8, 16, 32], 'representation_weight': 0.001}",8-16-32,,96,False,512,0512,0,149.9232775036944,5042,train_0512,0.0001,4
on,16,4,extension,0.22075461033655672,,/work/11617/sujato_ts/vista/motion_code-master/physics_modal_v4/enhancements/results/data_budget/checkpoints/train_0512/seed42/ETTm2/h336.pt,01c539756dc0fccf,preserved,2,False,ETTm2,16,74.77381408400834,latentflow-nested-data-budget-all28-seed42-no-exchange-v1,data_budget,10,latentflow_process_preserving_unfreeze2,5.0,0.001,336,,8.350699969879578,,0.0007,0.35030619564860715,512,1024,LatentFlow,0.3149541587484243,2048,9042,0.02,512,1024,11185.0,1612484,,False,2,,physics_modal_v4/enhancements/results/data_budget/runs/train_0512/seed42/ETTm2/h336.json,43740476455f4c21ccd211ec42f35374e39058c5d17c74b6e8209efe345b6e5d,,0.5612077678974376,multiscale,42,"{'inducing_points': 16, 'latent_dim': 8, 'patch_lens': [8, 16, 32], 'representation_weight': 0.001}",8-16-32,,96,False,512,0512,0,156.62352962244768,5042,train_0512,0.0001,4
on,16,1,extension,0.3060978895141965,,/work/11617/sujato_ts/vista/motion_code-master/physics_modal_v4/enhancements/results/data_budget/checkpoints/train_0512/seed42/ETTm2/h720.pt,790957a6bafd418a,preserved,2,False,ETTm2,16,69.57791994791478,latentflow-nested-data-budget-all28-seed42-no-exchange-v1,data_budget,10,latentflow_process_preserving_unfreeze2,5.0,0.001,720,,7.3118934722877045,,0.0007,0.4085617723510557,512,1024,LatentFlow,0.42052455638969294,2048,9042,0.02,512,1024,10801.0,2004620,,False,2,,physics_modal_v4/enhancements/results/data_budget/runs/train_0512/seed42/ETTm2/h720.json,5a3204e67c967dcf6071646600d7fbda76f4f21c797f9273b72de6e408860015,,0.6484786475973537,multiscale,42,"{'inducing_points': 16, 'latent_dim': 8, 'patch_lens': [8, 16, 32], 'representation_weight': 0.001}",8-16-32,,96,False,512,0512,0,144.0864654548932,5042,train_0512,0.0001,4
on,16,2,extension,0.47471265045423355,,/work/11617/sujato_ts/vista/motion_code-master/physics_modal_v4/enhancements/results/data_budget/checkpoints/train_0512/seed42/Weather/h96.pt,6a8e48e4a1e101b5,preserved,2,False,Weather,16,88.51664286619052,latentflow-nested-data-budget-all28-seed42-no-exchange-v1,data_budget,10,latentflow_process_preserving_unfreeze2,5.0,0.001,96,,7.097936575851774,,0.0007,0.2288574342112371,512,1024,LatentFlow,0.18686400912230786,2048,9042,0.02,512,1024,10445.0,1389340,,False,2,,physics_modal_v4/enhancements/results/data_budget/runs/train_0512/seed42/Weather/h96.json,a80916277a90869c5d099d3caa26a3fbbc5d5a0a92be74090da04dc9dc30d7e3,,0.43227769908047287,multiscale,42,"{'inducing_points': 32, 'latent_dim': 16, 'patch_lens': [8, 16, 32], 'representation_weight': 0.001}",8-16-32,,96,False,512,0512,0,207.3841417906806,5042,train_0512,0.0001,4
on,16,2,extension,0.5149440854078248,,/work/11617/sujato_ts/vista/motion_code-master/physics_modal_v4/enhancements/results/data_budget/checkpoints/train_0512/seed42/Weather/h192.pt,e4ef46e36b84dd64,preserved,2,False,Weather,16,98.44249029317871,latentflow-nested-data-budget-all28-seed42-no-exchange-v1,data_budget,10,latentflow_process_preserving_unfreeze2,5.0,0.001,192,,8.187127431724655,,0.0007,0.2632065283544704,512,1024,LatentFlow,0.22807614413832142,2048,9042,0.02,512,1024,10349.0,1484344,,False,2,,physics_modal_v4/enhancements/results/data_budget/runs/train_0512/seed42/Weather/h192.json,998c86a2ca7ccf3f809edd572be9792ca6add5f78dbb5ab1397ddc5012917ada,,0.47757318197143506,multiscale,42,"{'inducing_points': 32, 'latent_dim': 16, 'patch_lens': [8, 16, 32], 'representation_weight': 0.001}",8-16-32,,96,False,512,0512,0,233.39002946595429,5042,train_0512,0.0001,4
on,16,6,extension,0.5893341073103232,,/work/11617/sujato_ts/vista/motion_code-master/physics_modal_v4/enhancements/results/data_budget/checkpoints/train_0512/seed42/Weather/h336.pt,8d414fc50a80d4f3,preserved,2,False,Weather,16,98.73401582986116,latentflow-nested-data-budget-all28-seed42-no-exchange-v1,data_budget,10,latentflow_process_preserving_unfreeze2,5.0,0.001,336,,7.892554678585169,,0.0007,0.30561803529750464,512,1024,LatentFlow,0.2839482984671571,2048,9042,0.02,512,1024,10205.0,1628294,,False,2,,physics_modal_v4/enhancements/results/data_budget/runs/train_0512/seed42/Weather/h336.json,eab581b0bfa2110abd9ff8487120970dd047a2f370432ecb57e3d4ba3cfcdfcf,,0.5328679934722643,multiscale,42,"{'inducing_points': 32, 'latent_dim': 16, 'patch_lens': [8, 16, 32], 'representation_weight': 0.001}",8-16-32,,96,False,512,0512,0,233.21315175271593,5042,train_0512,0.0001,4
on,16,7,extension,0.7278619302012933,,/work/11617/sujato_ts/vista/motion_code-master/physics_modal_v4/enhancements/results/data_budget/checkpoints/train_0512/seed42/Weather/h720.pt,e9edd61481319112,preserved,2,False,Weather,16,97.2325441930443,latentflow-nested-data-budget-all28-seed42-no-exchange-v1,data_budget,10,latentflow_process_preserving_unfreeze2,5.0,0.001,720,,7.69623992295047,,0.0007,0.35595755536798845,512,1024,LatentFlow,0.362226397677993,2048,9042,0.02,512,1024,9821.0,2020430,,False,2,,physics_modal_v4/enhancements/results/data_budget/runs/train_0512/seed42/Weather/h720.json,6fd909d7960eab82436e8102b031066794920368f95fb2f6f4577d019daf5517,,0.6018524716888625,multiscale,42,"{'inducing_points': 32, 'latent_dim': 16, 'patch_lens': [8, 16, 32], 'representation_weight': 0.001}",8-16-32,,96,False,512,0512,0,230.50178302801214,5042,train_0512,0.0001,4
on,16,10,extension,0.16541627538414636,,/work/11617/sujato_ts/vista/motion_code-master/physics_modal_v4/enhancements/results/data_budget/checkpoints/train_0512/seed42/Electricity/h96.pt,cc49bc9b177b5b8f,preserved,2,False,Electricity,16,269.57229197211564,latentflow-nested-data-budget-all28-seed42-no-exchange-v1,data_budget,10,latentflow_process_preserving_unfreeze2,5.0,0.001,96,,7.279309143795985,,0.0007,0.28645039922583015,512,1024,LatentFlow,0.19686046958243958,2048,9042,0.02,512,1024,5167.0,1387123,,False,2,,physics_modal_v4/enhancements/results/data_budget/runs/train_0512/seed42/Electricity/h96.json,5f6ca5b853de03c7d807c552bd12d3b85abe059acb7d0284a2a53c9125379325,,0.4436896095047072,multiscale,42,"{'inducing_points': 32, 'latent_dim': 16, 'patch_lens': [8, 16, 32], 'representation_weight': 0.001}",8-16-32,,96,False,512,0512,0,698.2767926121596,5042,train_0512,0.0001,4
on,16,10,extension,0.17373392997872422,,/work/11617/sujato_ts/vista/motion_code-master/physics_modal_v4/enhancements/results/data_budget/checkpoints/train_0512/seed42/Electricity/h192.pt,ef59af5a9c9bee89,preserved,2,False,Electricity,16,274.2198682650924,latentflow-nested-data-budget-all28-seed42-no-exchange-v1,data_budget,10,latentflow_process_preserving_unfreeze2,5.0,0.001,192,,7.301201089027839,,0.0007,0.29250155292973856,512,1024,LatentFlow,0.20526333867674795,2048,9042,0.02,512,1024,5071.0,1482127,,False,2,,physics_modal_v4/enhancements/results/data_budget/runs/train_0512/seed42/Electricity/h192.json,9eef5b7765e7d458571fe4ce95ea2d356052a3b1532019b1d22324f49429c2dd,,0.45305997249453406,multiscale,42,"{'inducing_points': 32, 'latent_dim': 16, 'patch_lens': [8, 16, 32], 'representation_weight': 0.001}",8-16-32,,96,False,512,0512,0,709.9923517205752,5042,train_0512,0.0001,4
on,16,10,extension,0.19261127384068652,,/work/11617/sujato_ts/vista/motion_code-master/physics_modal_v4/enhancements/results/data_budget/checkpoints/train_0512/seed42/Electricity/h336.pt,aabf13bc086d86eb,preserved,2,False,Electricity,16,290.39292426919565,latentflow-nested-data-budget-all28-seed42-no-exchange-v1,data_budget,10,latentflow_process_preserving_unfreeze2,5.0,0.001,336,,7.852126019666108,,0.0007,0.3093634245984739,512,1024,LatentFlow,0.22169247684241541,2048,9042,0.02,512,1024,4927.0,1626077,,False,2,,physics_modal_v4/enhancements/results/data_budget/runs/train_0512/seed42/Electricity/h336.json,4aaefc0e6256c813bc70645f739b9b32ee7b2315304694a5ea86ab381775bbd1,,0.4708423057058652,multiscale,42,"{'inducing_points': 32, 'latent_dim': 16, 'patch_lens': [8, 16, 32], 'representation_weight': 0.001}",8-16-32,,96,False,512,0512,0,754.2966607448761,5042,train_0512,0.0001,4
on,16,10,extension,0.22339393817747122,,/work/11617/sujato_ts/vista/motion_code-master/physics_modal_v4/enhancements/results/data_budget/checkpoints/train_0512/seed42/Electricity/h720.pt,c3a1925233a0c7d0,preserved,2,False,Electricity,16,306.302700644359,latentflow-nested-data-budget-all28-seed42-no-exchange-v1,data_budget,10,latentflow_process_preserving_unfreeze2,5.0,0.001,720,,7.817012845494208,,0.0007,0.33867978931640347,512,1024,LatentFlow,0.2611614993169239,2048,9042,0.02,512,1024,4543.0,2018213,,False,2,,physics_modal_v4/enhancements/results/data_budget/runs/train_0512/seed42/Electricity/h720.json,f2044256f0dab3da3049c123f52692494c1f8eda80d8e831d9147566471be520,,0.5110396259752504,multiscale,42,"{'inducing_points': 32, 'latent_dim': 16, 'patch_lens': [8, 16, 32], 'representation_weight': 0.001}",8-16-32,,96,False,512,0512,0,795.6350466469303,5042,train_0512,0.0001,4
on,16,10,extension,0.4452728736520459,,/work/11617/sujato_ts/vista/motion_code-master/physics_modal_v4/enhancements/results/data_budget/checkpoints/train_0512/seed42/Traffic/h96.pt,1892723d410f4ac4,preserved,2,False,Traffic,16,568.7288965228945,latentflow-nested-data-budget-all28-seed42-no-exchange-v1,data_budget,10,latentflow_process_preserving_unfreeze2,5.0,0.001,96,,10.372363927253815,,0.0007,0.36637498657324563,512,1024,LatentFlow,0.5403895395748531,2048,9042,0.02,512,1024,3415.0,1388746,,False,2,,physics_modal_v4/enhancements/results/data_budget/runs/train_0512/seed42/Traffic/h96.json,01ed781577ca16969b68099205f246f3b68a33755bc3383eb32174cf4e818a75,,0.7351119231619448,multiscale,42,"{'inducing_points': 32, 'latent_dim': 16, 'patch_lens': [8, 16, 32], 'representation_weight': 0.001}",8-16-32,,96,False,512,0512,0,1506.9890410231892,5042,train_0512,0.0001,4
on,16,10,extension,0.42068759821591595,,/work/11617/sujato_ts/vista/motion_code-master/physics_modal_v4/enhancements/results/data_budget/checkpoints/train_0512/seed42/Traffic/h192.pt,d1b43e6a1a4d30cd,preserved,2,False,Traffic,16,568.1581587130204,latentflow-nested-data-budget-all28-seed42-no-exchange-v1,data_budget,10,latentflow_process_preserving_unfreeze2,5.0,0.001,192,,10.583530856714841,,0.0007,0.3637699485365559,512,1024,LatentFlow,0.5382576719669904,2048,9042,0.02,512,1024,3319.0,1483750,,False,2,,physics_modal_v4/enhancements/results/data_budget/runs/train_0512/seed42/Traffic/h192.json,0f6d42635689a418102307a5c211649cdf86dc4d0ef777fb5201e50fbd84afab,,0.7336604609538327,multiscale,42,"{'inducing_points': 32, 'latent_dim': 16, 'patch_lens': [8, 16, 32], 'representation_weight': 0.001}",8-16-32,,96,False,512,0512,0,1501.6670306620654,5042,train_0512,0.0001,4
on,16,10,extension,0.43018673475427976,,/work/11617/sujato_ts/vista/motion_code-master/physics_modal_v4/enhancements/results/data_budget/checkpoints/train_0512/seed42/Traffic/h336.pt,92c6604d4fb64de0,preserved,2,False,Traffic,16,594.0969541464001,latentflow-nested-data-budget-all28-seed42-no-exchange-v1,data_budget,10,latentflow_process_preserving_unfreeze2,5.0,0.001,336,,11.120104579010395,,0.0007,0.3632620838447072,512,1024,LatentFlow,0.5338297399328129,2048,9042,0.02,512,1024,3175.0,1627700,,False,2,,physics_modal_v4/enhancements/results/data_budget/runs/train_0512/seed42/Traffic/h336.json,1f3e6be73cc4d67574310bf7376e374ff4ebcd08cd8c1a6d9a142e38371f27ed,,0.7306365306585847,multiscale,42,"{'inducing_points': 32, 'latent_dim': 16, 'patch_lens': [8, 16, 32], 'representation_weight': 0.001}",8-16-32,,96,False,512,0512,0,1570.545239385683,5042,train_0512,0.0001,4
on,16,9,extension,0.4733765284712089,,/work/11617/sujato_ts/vista/motion_code-master/physics_modal_v4/enhancements/results/data_budget/checkpoints/train_0512/seed42/Traffic/h720.pt,a6c962b155b7b535,preserved,2,False,Traffic,16,663.861160568893,latentflow-nested-data-budget-all28-seed42-no-exchange-v1,data_budget,10,latentflow_process_preserving_unfreeze2,5.0,0.001,720,,12.744960364425319,,0.0007,0.3658116163104804,512,1024,LatentFlow,0.5577228008080608,2048,9042,0.02,512,1024,2791.0,2019836,,False,2,,physics_modal_v4/enhancements/results/data_budget/runs/train_0512/seed42/Traffic/h720.json,1aec2244777a747194bcac8a4d838797da1f8dfd0f78e60629dc142722463dbc,,0.7468084097063054,multiscale,42,"{'inducing_points': 32, 'latent_dim': 16, 'patch_lens': [8, 16, 32], 'representation_weight': 0.001}",8-16-32,,96,False,512,0512,0,1753.3770049049053,5042,train_0512,0.0001,4
on,16,0,reference,0.7638911305084115,latentflow_process_preserving_unfreeze2,/work/11617/sujato_ts/vista/motion_code-master/physics_modal_v4/results/final/checkpoints/LatentFlow/seed42/ETTh1/h96.pt,9fc64370d22b4e8a,preserved,2,False,ETTh1,16,145.4600833002478,latentflow-nested-data-budget-all28-seed42-no-exchange-v1,data_budget,10,latentflow_process_preserving_unfreeze2,5.0,0.001,96,32,7.899467591088631,16,0.0007,0.4114095289177025,2048,1024,LatentFlow,0.4032240676423306,2048,9042,0.02,2048,1024,2785.0,1441682,16-32-48,False,2,0.05,physics_modal_v4/enhancements/results/data_budget/runs/train_2048/seed42/ETTh1/h96.json,4aa99282d21fbe77010bee5220bb80cc75480aee201691453f0a962f570dcedf,/work/11617/sujato_ts/vista/motion_code-master/physics_modal_v4/results/final/headline/runs/LatentFlow/seed42/ETTh1/h96.json,0.6349992658596785,multiscale,42,"{'inducing_points': 32, 'latent_dim': 16, 'patch_lens': [16, 32, 48], 'representation_weight': 0.05}",,validation MSE only; test evaluated once,96,False,2048,2048,,103.83330036565894,5042,train_2048,0.0001,4
on,16,2,extension,1.0223425460003672,latentflow_process_preserving_unfreeze2,/work/11617/sujato_ts/vista/motion_code-master/physics_modal_v4/results/final/checkpoints/LatentFlow/seed42/ETTh1/h192.pt,ba032e8160fb6ef2,preserved,2,False,ETTh1,16,148.53247457323596,latentflow-nested-data-budget-all28-seed42-no-exchange-v1,data_budget,10,latentflow_process_preserving_unfreeze2,5.0,0.001,192,32,30.60323074683101,16,0.0007,0.4382346060930079,2048,1024,LatentFlow,0.4491692546255481,2048,9042,0.02,2048,1024,2689.0,1535526,16-32-48,False,2,0.05,physics_modal_v4/enhancements/results/data_budget/runs/train_2048/seed42/ETTh1/h192.json,c70f0a4dc80b1781329b338569179c9651d9ea31efcf4d6b90dd1acc75d2dfa5,/work/11617/sujato_ts/vista/motion_code-master/physics_modal_v4/results/final/headline/runs/LatentFlow/seed42/ETTh1/h192.json,0.6702009061658661,multiscale,42,"{'inducing_points': 32, 'latent_dim': 16, 'patch_lens': [16, 32, 48], 'representation_weight': 0.05}",,validation MSE only; test evaluated once,96,False,2048,2048,,102.23439767396485,5042,train_2048,0.0001,4
on,16,0,reference,1.2844313245241334,latentflow_process_preserving_unfreeze2,/work/11617/sujato_ts/vista/motion_code-master/physics_modal_v4/results/final/checkpoints/LatentFlow/seed42/ETTh1/h336.pt,c5cbcb557af2be0f,preserved,2,False,ETTh1,16,141.27948689134791,latentflow-nested-data-budget-all28-seed42-no-exchange-v1,data_budget,10,latentflow_process_preserving_unfreeze2,5.0,0.001,336,32,7.760938592962449,16,0.0007,0.45415585197978037,2048,1024,LatentFlow,0.4817180077371921,2048,9042,0.02,2048,1024,2545.0,1676686,16-32-48,False,2,0.05,physics_modal_v4/enhancements/results/data_budget/runs/train_2048/seed42/ETTh1/h336.json,af1cb6453772880b15977c71f1a7ec7cb27fbcbfcd435d984d646c9ace216d13,/work/11617/sujato_ts/vista/motion_code-master/physics_modal_v4/results/final/headline/runs/LatentFlow/seed42/ETTh1/h336.json,0.6940590808693393,multiscale,42,"{'inducing_points': 32, 'latent_dim': 16, 'patch_lens': [16, 32, 48], 'representation_weight': 0.05}",,validation MSE only; test evaluated once,96,False,2048,2048,,102.75373170625244,5042,train_2048,0.0001,4
on,16,1,extension,1.5582507549770295,latentflow_process_preserving_unfreeze2,/work/11617/sujato_ts/vista/motion_code-master/physics_modal_v4/results/final/checkpoints/LatentFlow/seed42/ETTh1/h720.pt,eee4bd1b9eb337ae,preserved,2,False,ETTh1,16,149.62715582596138,latentflow-nested-data-budget-all28-seed42-no-exchange-v1,data_budget,10,latentflow_process_preserving_unfreeze2,5.0,0.001,720,32,31.75323430462671,16,0.0007,0.4813452491489303,2048,1024,LatentFlow,0.4978506061287795,2048,9042,0.02,2048,1024,2161.0,2055222,16-32-48,False,2,0.05,physics_modal_v4/enhancements/results/data_budget/runs/train_2048/seed42/ETTh1/h720.json,3ce5cef3592fc20383fd9ac466b791f40929d6691baa88692aa92348c3c71a1d,/work/11617/sujato_ts/vista/motion_code-master/physics_modal_v4/results/final/headline/runs/LatentFlow/seed42/ETTh1/h720.json,0.7055852933053378,multiscale,42,"{'inducing_points': 32, 'latent_dim': 16, 'patch_lens': [16, 32, 48], 'representation_weight': 0.05}",,validation MSE only; test evaluated once,96,False,2048,2048,,106.71425875152636,5042,train_2048,0.0001,4
on,16,0,reference,0.21927327236958913,latentflow_process_preserving_unfreeze2,/work/11617/sujato_ts/vista/motion_code-master/physics_modal_v4/results/final/checkpoints/LatentFlow/seed42/ETTh2/h96.pt,6d32d23966ea9468,preserved,2,False,ETTh2,16,133.15312361624092,latentflow-nested-data-budget-all28-seed42-no-exchange-v1,data_budget,10,latentflow_process_preserving_unfreeze2,5.0,0.001,96,32,7.931560530957115,8,0.0007,0.34268046750302417,2048,1024,LatentFlow,0.2934846773242975,2048,9042,0.02,2048,1024,2785.0,1411434,16-32-48,False,2,0.001,physics_modal_v4/enhancements/results/data_budget/runs/train_2048/seed42/ETTh2/h96.json,f08922606273395b48792be4496096e38b843527e3eeb50ae44bc6e7c326f740,/work/11617/sujato_ts/vista/motion_code-master/physics_modal_v4/results/final/headline/runs/LatentFlow/seed42/ETTh2/h96.json,0.5417422609731471,multiscale,42,"{'inducing_points': 32, 'latent_dim': 8, 'patch_lens': [16, 32, 48], 'representation_weight': 0.001}",,validation MSE only; test evaluated once,96,False,2048,2048,,97.21490910305874,5042,train_2048,0.0001,4
on,16,0,reference,0.2718099478987001,latentflow_process_preserving_unfreeze2,/work/11617/sujato_ts/vista/motion_code-master/physics_modal_v4/results/final/checkpoints/LatentFlow/seed42/ETTh2/h192.pt,487fa6603a8ce9aa,preserved,2,False,ETTh2,16,138.87756586819887,latentflow-nested-data-budget-all28-seed42-no-exchange-v1,data_budget,10,latentflow_process_preserving_unfreeze2,5.0,0.001,192,32,8.095612169472043,8,0.0007,0.3902497946414888,2048,1024,LatentFlow,0.36935875294162884,2048,9042,0.02,2048,1024,2689.0,1505278,16-32-48,False,2,0.001,physics_modal_v4/enhancements/results/data_budget/runs/train_2048/seed42/ETTh2/h192.json,ad7cbbc87eeba73d81e9346ff554fb8a9a1ef61a6c117140e0e5edfd8425cafd,/work/11617/sujato_ts/vista/motion_code-master/physics_modal_v4/results/final/headline/runs/LatentFlow/seed42/ETTh2/h192.json,0.6077489226165924,multiscale,42,"{'inducing_points': 32, 'latent_dim': 8, 'patch_lens': [16, 32, 48], 'representation_weight': 0.001}",,validation MSE only; test evaluated once,96,False,2048,2048,,101.48015706217848,5042,train_2048,0.0001,4
on,16,0,reference,0.3575856243672014,latentflow_process_preserving_unfreeze2,/work/11617/sujato_ts/vista/motion_code-master/physics_modal_v4/results/final/checkpoints/LatentFlow/seed42/ETTh2/h336.pt,6617dc77413ddd94,preserved,2,False,ETTh2,16,135.09086289700645,latentflow-nested-data-budget-all28-seed42-no-exchange-v1,data_budget,10,latentflow_process_preserving_unfreeze2,5.0,0.001,336,32,8.146472019032881,8,0.0007,0.42654472275517485,2048,1024,LatentFlow,0.41643647069421075,2048,9042,0.02,2048,1024,2545.0,1646438,16-32-48,False,2,0.001,physics_modal_v4/enhancements/results/data_budget/runs/train_2048/seed42/ETTh2/h336.json,c182c1e78744a3ac322cde96dd11cf0234b6237be5b567681db603161e2b0889,/work/11617/sujato_ts/vista/motion_code-master/physics_modal_v4/results/final/headline/runs/LatentFlow/seed42/ETTh2/h336.json,0.6453188906999475,multiscale,42,"{'inducing_points': 32, 'latent_dim': 8, 'patch_lens': [16, 32, 48], 'representation_weight': 0.001}",,validation MSE only; test evaluated once,96,False,2048,2048,,98.6072873210901,5042,train_2048,0.0001,4
on,16,0,reference,0.6150716898933289,latentflow_process_preserving_unfreeze2,/work/11617/sujato_ts/vista/motion_code-master/physics_modal_v4/results/final/checkpoints/LatentFlow/seed42/ETTh2/h720.pt,e80c78d140653ac1,preserved,2,False,ETTh2,16,147.39446680014953,latentflow-nested-data-budget-all28-seed42-no-exchange-v1,data_budget,10,latentflow_process_preserving_unfreeze2,5.0,0.001,720,32,8.522797504495552,8,0.0007,0.43879702215362193,2048,1024,LatentFlow,0.4136213828137338,2048,9042,0.02,2048,1024,2161.0,2024974,16-32-48,False,2,0.001,physics_modal_v4/enhancements/results/data_budget/runs/train_2048/seed42/ETTh2/h720.json,c04805b5b3a9a55b7d0e7101fc384665914071181612023762e4aaa3465f89f4,/work/11617/sujato_ts/vista/motion_code-master/physics_modal_v4/results/final/headline/runs/LatentFlow/seed42/ETTh2/h720.json,0.6431340317645566,multiscale,42,"{'inducing_points': 32, 'latent_dim': 8, 'patch_lens': [16, 32, 48], 'representation_weight': 0.001}",,validation MSE only; test evaluated once,96,False,2048,2048,,108.12321816301846,5042,train_2048,0.0001,4
on,16,0,reference,0.39560971763871966,latentflow_process_preserving_unfreeze2,/work/11617/sujato_ts/vista/motion_code-master/physics_modal_v4/results/final/checkpoints/LatentFlow/seed42/ETTm1/h96.pt,bb888f8b8e3cc056,preserved,2,False,ETTm1,16,153.30355044594035,latentflow-nested-data-budget-all28-seed42-no-exchange-v1,data_budget,10,latentflow_process_preserving_unfreeze2,5.0,0.001,96,32,8.269367124336716,8,0.0007,0.3788299991861661,2048,1024,LatentFlow,0.34608704034718446,2048,9042,0.02,2048,1024,11425.0,1398606,8-24-48,False,2,0.01,physics_modal_v4/enhancements/results/data_budget/runs/train_2048/seed42/ETTm1/h96.json,5fa6d99e1754b70ef9d81eebd78080e915eb9d7e4fc116fe8f3f3080406615d6,/work/11617/sujato_ts/vista/motion_code-master/physics_modal_v4/results/final/headline/runs/LatentFlow/seed42/ETTm1/h96.json,0.5882916286563871,multiscale,42,"{'inducing_points': 32, 'latent_dim': 8, 'patch_lens': [8, 24, 48], 'representation_weight': 0.01}",,validation MSE only; test evaluated once,96,False,2048,2048,,108.9276667960803,5042,train_2048,0.0001,4
on,16,1,extension,0.5075973019536052,latentflow_process_preserving_unfreeze2,/work/11617/sujato_ts/vista/motion_code-master/physics_modal_v4/results/final/checkpoints/LatentFlow/seed42/ETTm1/h192.pt,88a743350bd2c65b,preserved,2,False,ETTm1,16,157.34841994405724,latentflow-nested-data-budget-all28-seed42-no-exchange-v1,data_budget,10,latentflow_process_preserving_unfreeze2,5.0,0.001,192,32,29.084869190823955,8,0.0007,0.3981603579841484,2048,1024,LatentFlow,0.3814517224517801,2048,9042,0.02,2048,1024,11329.0,1493398,8-24-48,False,2,0.01,physics_modal_v4/enhancements/results/data_budget/runs/train_2048/seed42/ETTm1/h192.json,6a66e831dea52c7bc22e59088b712563a42d8502e712ba291a094f8ebde0d7d4,/work/11617/sujato_ts/vista/motion_code-master/physics_modal_v4/results/final/headline/runs/LatentFlow/seed42/ETTm1/h192.json,0.6176177802263955,multiscale,42,"{'inducing_points': 32, 'latent_dim': 8, 'patch_lens': [8, 24, 48], 'representation_weight': 0.01}",,validation MSE only; test evaluated once,96,False,2048,2048,,100.74741633670783,5042,train_2048,0.0001,4
on,16,4,extension,0.6491966586129195,latentflow_process_preserving_unfreeze2,/work/11617/sujato_ts/vista/motion_code-master/physics_modal_v4/results/final/checkpoints/LatentFlow/seed42/ETTm1/h336.pt,5af433a4e634f5c4,preserved,2,False,ETTm1,16,158.05956815101672,latentflow-nested-data-budget-all28-seed42-no-exchange-v1,data_budget,10,latentflow_process_preserving_unfreeze2,5.0,0.001,336,32,28.988706290903355,8,0.0007,0.42310347093207323,2048,1024,LatentFlow,0.4288199721249567,2048,9042,0.02,2048,1024,11185.0,1636816,8-24-48,False,2,0.01,physics_modal_v4/enhancements/results/data_budget/runs/train_2048/seed42/ETTm1/h336.json,296964a9935f0947415ad7cb15f11f83ee2ffb2f32170231f53ad9ac1fd3bf42,/work/11617/sujato_ts/vista/motion_code-master/physics_modal_v4/results/final/headline/runs/LatentFlow/seed42/ETTm1/h336.json,0.654843471468531,multiscale,42,"{'inducing_points': 32, 'latent_dim': 8, 'patch_lens': [8, 24, 48], 'representation_weight': 0.01}",,validation MSE only; test evaluated once,96,False,2048,2048,,101.44122409219563,5042,train_2048,0.0001,4
on,16,2,extension,0.9847933825992402,latentflow_process_preserving_unfreeze2,/work/11617/sujato_ts/vista/motion_code-master/physics_modal_v4/results/final/checkpoints/LatentFlow/seed42/ETTm1/h720.pt,63259dddd9402030,preserved,2,False,ETTm1,16,161.7543609351851,latentflow-nested-data-budget-all28-seed42-no-exchange-v1,data_budget,10,latentflow_process_preserving_unfreeze2,5.0,0.001,720,32,30.560620587860797,8,0.0007,0.4763382313587202,2048,1024,LatentFlow,0.5109426959394284,2048,9042,0.02,2048,1024,10801.0,2026480,8-24-48,False,2,0.01,physics_modal_v4/enhancements/results/data_budget/runs/train_2048/seed42/ETTm1/h720.json,bcbd0bef907183bac9241cb4bdf86147cdb30a4dc099a3bcf7a9c1bb37cee392,/work/11617/sujato_ts/vista/motion_code-master/physics_modal_v4/results/final/headline/runs/LatentFlow/seed42/ETTm1/h720.json,0.7148025573117576,multiscale,42,"{'inducing_points': 32, 'latent_dim': 8, 'patch_lens': [8, 24, 48], 'representation_weight': 0.01}",,validation MSE only; test evaluated once,96,False,2048,2048,,103.99716657702811,5042,train_2048,0.0001,4
on,16,5,extension,0.12927979000267528,latentflow_process_preserving_unfreeze2,/work/11617/sujato_ts/vista/motion_code-master/physics_modal_v4/results/final/checkpoints/LatentFlow/seed42/ETTm2/h96.pt,02abcbefbb625d1e,preserved,2,False,ETTm2,16,169.9248476549983,latentflow-nested-data-budget-all28-seed42-no-exchange-v1,data_budget,10,latentflow_process_preserving_unfreeze2,5.0,0.001,96,16,31.329114018151795,8,0.0007,0.257860130710727,2048,1024,LatentFlow,0.17291838965217707,2048,9042,0.02,2048,1024,11425.0,1373530,8-16-32,False,2,0.001,physics_modal_v4/enhancements/results/data_budget/runs/train_2048/seed42/ETTm2/h96.json,7f02b43e23ce2f5afd63540258672bcc148b870db28ebd3ed44d8374deec0d38,/work/11617/sujato_ts/vista/motion_code-master/physics_modal_v4/results/final/headline/runs/LatentFlow/seed42/ETTm2/h96.json,0.41583457005421887,multiscale,42,"{'inducing_points': 16, 'latent_dim': 8, 'patch_lens': [8, 16, 32], 'representation_weight': 0.001}",,validation MSE only; test evaluated once,96,False,2048,2048,,108.99719565859414,5042,train_2048,0.0001,4
on,16,2,extension,0.16771258333964006,latentflow_process_preserving_unfreeze2,/work/11617/sujato_ts/vista/motion_code-master/physics_modal_v4/results/final/checkpoints/LatentFlow/seed42/ETTm2/h192.pt,01c28c76d51c50e7,preserved,2,False,ETTm2,16,158.47656257206108,latentflow-nested-data-budget-all28-seed42-no-exchange-v1,data_budget,10,latentflow_process_preserving_unfreeze2,5.0,0.001,192,16,29.52726880998036,8,0.0007,0.29985980195175266,2048,1024,LatentFlow,0.24026711379459686,2048,9042,0.02,2048,1024,11329.0,1468534,8-16-32,False,2,0.001,physics_modal_v4/enhancements/results/data_budget/runs/train_2048/seed42/ETTm2/h192.json,228cd8201a0ce9917c03b6f67e8b682bca28886e9d4ca7c3d6a7235b8800dc3e,/work/11617/sujato_ts/vista/motion_code-master/physics_modal_v4/results/final/headline/runs/LatentFlow/seed42/ETTm2/h192.json,0.49017049461855294,multiscale,42,"{'inducing_points': 16, 'latent_dim': 8, 'patch_lens': [8, 16, 32], 'representation_weight': 0.001}",,validation MSE only; test evaluated once,96,False,2048,2048,,101.38188535074732,5042,train_2048,0.0001,4
on,16,0,reference,0.21736542302734999,latentflow_process_preserving_unfreeze2,/work/11617/sujato_ts/vista/motion_code-master/physics_modal_v4/results/final/checkpoints/LatentFlow/seed42/ETTm2/h336.pt,a5991b307f25f7aa,preserved,2,False,ETTm2,16,137.6516442913562,latentflow-nested-data-budget-all28-seed42-no-exchange-v1,data_budget,10,latentflow_process_preserving_unfreeze2,5.0,0.001,336,16,7.985157531854245,8,0.0007,0.34600727935710557,2048,1024,LatentFlow,0.3080357600960941,2048,9042,0.02,2048,1024,11185.0,1612484,8-16-32,False,2,0.001,physics_modal_v4/enhancements/results/data_budget/runs/train_2048/seed42/ETTm2/h336.json,b5b7bd168edb0691b498ec2a6ca304634443eb41c8d78c19a6cd717f8a858a29,/work/11617/sujato_ts/vista/motion_code-master/physics_modal_v4/results/final/headline/runs/LatentFlow/seed42/ETTm2/h336.json,0.5550096936956094,multiscale,42,"{'inducing_points': 16, 'latent_dim': 8, 'patch_lens': [8, 16, 32], 'representation_weight': 0.001}",,validation MSE only; test evaluated once,96,False,2048,2048,,97.22788247308927,5042,train_2048,0.0001,4
on,16,0,reference,0.3068215714560615,latentflow_process_preserving_unfreeze2,/work/11617/sujato_ts/vista/motion_code-master/physics_modal_v4/results/final/checkpoints/LatentFlow/seed42/ETTm2/h720.pt,fdc531b6eb80b301,preserved,2,False,ETTm2,16,139.74538358813152,latentflow-nested-data-budget-all28-seed42-no-exchange-v1,data_budget,10,latentflow_process_preserving_unfreeze2,5.0,0.001,720,16,7.8010023329738605,8,0.0007,0.4080426387217376,2048,1024,LatentFlow,0.4151268912819473,2048,9042,0.02,2048,1024,10801.0,2004620,8-16-32,False,2,0.001,physics_modal_v4/enhancements/results/data_budget/runs/train_2048/seed42/ETTm2/h720.json,dbf0582d7f147d5e9f8fa7cad67ddb593298ef3f108ed20b890a816a14f0f23a,/work/11617/sujato_ts/vista/motion_code-master/physics_modal_v4/results/final/headline/runs/LatentFlow/seed42/ETTm2/h720.json,0.6443034155442195,multiscale,42,"{'inducing_points': 16, 'latent_dim': 8, 'patch_lens': [8, 16, 32], 'representation_weight': 0.001}",,validation MSE only; test evaluated once,96,False,2048,2048,,98.96806601900607,5042,train_2048,0.0001,4
on,16,6,extension,0.4330122209494076,latentflow_process_preserving_unfreeze2,/work/11617/sujato_ts/vista/motion_code-master/physics_modal_v4/results/final/checkpoints/LatentFlow/seed42/Weather/h96.pt,0dd3ad9ef83cc7cc,preserved,2,False,Weather,16,234.6022789790295,latentflow-nested-data-budget-all28-seed42-no-exchange-v1,data_budget,10,latentflow_process_preserving_unfreeze2,5.0,0.001,96,32,43.885862189395134,16,0.0007,0.21410719997252933,2048,1024,LatentFlow,0.1674764883830991,2048,9042,0.02,2048,1024,10445.0,1389340,8-16-32,False,2,0.001,physics_modal_v4/enhancements/results/data_budget/runs/train_2048/seed42/Weather/h96.json,e74c2d4db45d8bd7a4f740386dcfcb6c09d0ff3ce0fe507f0265bb878428d892,/work/11617/sujato_ts/vista/motion_code-master/physics_modal_v4/results/final/headline/runs/LatentFlow/seed42/Weather/h96.json,0.4092389135738427,multiscale,42,"{'inducing_points': 32, 'latent_dim': 16, 'patch_lens': [8, 16, 32], 'representation_weight': 0.001}",,validation MSE only; test evaluated once,96,False,2048,2048,,154.65743313907296,5042,train_2048,0.0001,4
on,16,3,extension,0.4767075197564231,latentflow_process_preserving_unfreeze2,/work/11617/sujato_ts/vista/motion_code-master/physics_modal_v4/results/final/checkpoints/LatentFlow/seed42/Weather/h192.pt,b4ae25c4dbc5d2fc,preserved,2,False,Weather,16,239.2603935720399,latentflow-nested-data-budget-all28-seed42-no-exchange-v1,data_budget,10,latentflow_process_preserving_unfreeze2,5.0,0.001,192,32,43.629595890005895,16,0.0007,0.2552510985103653,2048,1024,LatentFlow,0.2135848813726089,2048,9042,0.02,2048,1024,10349.0,1484344,8-16-32,False,2,0.001,physics_modal_v4/enhancements/results/data_budget/runs/train_2048/seed42/Weather/h192.json,a72604e6cfb402aa870d2e5c931b441b63a9005ff502cfdddf6329613fe4f306,/work/11617/sujato_ts/vista/motion_code-master/physics_modal_v4/results/final/headline/runs/LatentFlow/seed42/Weather/h192.json,0.46215244386739845,multiscale,42,"{'inducing_points': 32, 'latent_dim': 16, 'patch_lens': [8, 16, 32], 'representation_weight': 0.001}",,validation MSE only; test evaluated once,96,False,2048,2048,,158.6196367017692,5042,train_2048,0.0001,4
on,16,4,extension,0.5582059170383444,latentflow_process_preserving_unfreeze2,/work/11617/sujato_ts/vista/motion_code-master/physics_modal_v4/results/final/checkpoints/LatentFlow/seed42/Weather/h336.pt,2581809286c78288,preserved,2,False,Weather,16,236.27265716483817,latentflow-nested-data-budget-all28-seed42-no-exchange-v1,data_budget,10,latentflow_process_preserving_unfreeze2,5.0,0.001,336,32,44.13845189905626,16,0.0007,0.298477145900185,2048,1024,LatentFlow,0.27239158174250644,2048,9042,0.02,2048,1024,10205.0,1628294,8-16-32,False,2,0.001,physics_modal_v4/enhancements/results/data_budget/runs/train_2048/seed42/Weather/h336.json,788d827d94f06ccca7b4c46dc1a924c059fca8f96e37e73e74330cfc0907c4a0,/work/11617/sujato_ts/vista/motion_code-master/physics_modal_v4/results/final/headline/runs/LatentFlow/seed42/Weather/h336.json,0.5219114692574848,multiscale,42,"{'inducing_points': 32, 'latent_dim': 16, 'patch_lens': [8, 16, 32], 'representation_weight': 0.001}",,validation MSE only; test evaluated once,96,False,2048,2048,,156.429654308522,5042,train_2048,0.0001,4
on,16,2,extension,0.6948124855283707,latentflow_process_preserving_unfreeze2,/work/11617/sujato_ts/vista/motion_code-master/physics_modal_v4/results/final/checkpoints/LatentFlow/seed42/Weather/h720.pt,3a89ee746c3ae98e,preserved,2,False,Weather,16,248.9752226760611,latentflow-nested-data-budget-all28-seed42-no-exchange-v1,data_budget,10,latentflow_process_preserving_unfreeze2,5.0,0.001,720,32,48.80211481693645,16,0.0007,0.3498508608637434,2048,1024,LatentFlow,0.3510131664357517,2048,9042,0.02,2048,1024,9821.0,2020430,8-16-32,False,2,0.001,physics_modal_v4/enhancements/results/data_budget/runs/train_2048/seed42/Weather/h720.json,f4aec9ada11c71b716f5221e3452aa05d22ae4eaff57fa9983c6e20025fefacf,/work/11617/sujato_ts/vista/motion_code-master/physics_modal_v4/results/final/headline/runs/LatentFlow/seed42/Weather/h720.json,0.5924636414462509,multiscale,42,"{'inducing_points': 32, 'latent_dim': 16, 'patch_lens': [8, 16, 32], 'representation_weight': 0.001}",,validation MSE only; test evaluated once,96,False,2048,2048,,164.84344309701555,5042,train_2048,0.0001,4
on,16,10,extension,0.13439970472024856,latentflow_process_preserving_unfreeze2,/work/11617/sujato_ts/vista/motion_code-master/physics_modal_v4/results/final/checkpoints/LatentFlow/seed42/Electricity/h96.pt,4de381e53ca3d59c,preserved,2,False,Electricity,16,690.9216450001113,latentflow-nested-data-budget-all28-seed42-no-exchange-v1,data_budget,10,latentflow_process_preserving_unfreeze2,5.0,0.001,96,32,37.853716120715866,16,0.0007,0.2504470158050064,2048,1024,LatentFlow,0.155398536110307,2048,9042,0.02,2048,1024,5167.0,1387123,8-16-32,False,2,0.001,physics_modal_v4/enhancements/results/data_budget/runs/train_2048/seed42/Electricity/h96.json,fd79e13c4f6a9d10e3cc69430611b368a6130d7746f78c052bca54c1449f7ca7,/work/11617/sujato_ts/vista/motion_code-master/physics_modal_v4/results/final/headline/runs/LatentFlow/seed42/Electricity/h96.json,0.394206210136658,multiscale,42,"{'inducing_points': 32, 'latent_dim': 16, 'patch_lens': [8, 16, 32], 'representation_weight': 0.001}",,validation MSE only; test evaluated once,96,False,2048,2048,,483.6618200624798,5042,train_2048,0.0001,4
on,16,10,extension,0.14455623493016323,latentflow_process_preserving_unfreeze2,/work/11617/sujato_ts/vista/motion_code-master/physics_modal_v4/results/final/checkpoints/LatentFlow/seed42/Electricity/h192.pt,67ff819594a16398,preserved,2,False,Electricity,16,743.3284721560776,latentflow-nested-data-budget-all28-seed42-no-exchange-v1,data_budget,10,latentflow_process_preserving_unfreeze2,5.0,0.001,192,32,41.50994977726944,16,0.0007,0.26127450628241405,2048,1024,LatentFlow,0.1681670312892115,2048,9042,0.02,2048,1024,5071.0,1482127,8-16-32,False,2,0.001,physics_modal_v4/enhancements/results/data_budget/runs/train_2048/seed42/Electricity/h192.json,63840c4ad49d29d8ec894eb4aa7ec5fa51dbe23959ef4fd47474a5e1742d89e4,/work/11617/sujato_ts/vista/motion_code-master/physics_modal_v4/results/final/headline/runs/LatentFlow/seed42/Electricity/h192.json,0.4100817373270986,multiscale,42,"{'inducing_points': 32, 'latent_dim': 16, 'patch_lens': [8, 16, 32], 'representation_weight': 0.001}",,validation MSE only; test evaluated once,96,False,2048,2048,,520.2579463089933,5042,train_2048,0.0001,4
on,16,10,extension,0.16378484368589544,latentflow_process_preserving_unfreeze2,/work/11617/sujato_ts/vista/motion_code-master/physics_modal_v4/results/final/checkpoints/LatentFlow/seed42/Electricity/h336.pt,98f608684ff7dc74,preserved,2,False,Electricity,16,722.8900153020077,latentflow-nested-data-budget-all28-seed42-no-exchange-v1,data_budget,10,latentflow_process_preserving_unfreeze2,5.0,0.001,336,32,39.787282231531194,16,0.0007,0.28152332612222486,2048,1024,LatentFlow,0.18843780383783904,2048,9042,0.02,2048,1024,4927.0,1626077,8-16-32,False,2,0.001,physics_modal_v4/enhancements/results/data_budget/runs/train_2048/seed42/Electricity/h336.json,8a14ff847ccfdf559e40e78c6a0003746e3595224e81e7a449089f80f6ee39b6,/work/11617/sujato_ts/vista/motion_code-master/physics_modal_v4/results/final/headline/runs/LatentFlow/seed42/Electricity/h336.json,0.4340942338223799,multiscale,42,"{'inducing_points': 32, 'latent_dim': 16, 'patch_lens': [8, 16, 32], 'representation_weight': 0.001}",,validation MSE only; test evaluated once,96,False,2048,2048,,508.3880741015605,5042,train_2048,0.0001,4
on,16,8,extension,0.19849747442877305,latentflow_process_preserving_unfreeze2,/work/11617/sujato_ts/vista/motion_code-master/physics_modal_v4/results/final/checkpoints/LatentFlow/seed42/Electricity/h720.pt,2802c5f42db2feea,preserved,2,False,Electricity,16,754.8275435441174,latentflow-nested-data-budget-all28-seed42-no-exchange-v1,data_budget,10,latentflow_process_preserving_unfreeze2,5.0,0.001,720,32,41.831898270996135,16,0.0007,0.30604294139258575,2048,1024,LatentFlow,0.21710751921437585,2048,9042,0.02,2048,1024,4543.0,2018213,8-16-32,False,2,0.001,physics_modal_v4/enhancements/results/data_budget/runs/train_2048/seed42/Electricity/h720.json,8279c496e5997c07cb8ca7b5318ffa926cfb15b517174051b23c0f3a2eade6ec,/work/11617/sujato_ts/vista/motion_code-master/physics_modal_v4/results/final/headline/runs/LatentFlow/seed42/Electricity/h720.json,0.4659479790860519,multiscale,42,"{'inducing_points': 32, 'latent_dim': 16, 'patch_lens': [8, 16, 32], 'representation_weight': 0.001}",,validation MSE only; test evaluated once,96,False,2048,2048,,534.4800273825967,5042,train_2048,0.0001,4
on,16,10,extension,0.3879883384298928,latentflow_process_preserving_unfreeze2,/work/11617/sujato_ts/vista/motion_code-master/physics_modal_v4/results/final/checkpoints/LatentFlow/seed42/Traffic/h96.pt,71a93951181d581d,preserved,2,False,Traffic,16,1345.1616961238906,latentflow-nested-data-budget-all28-seed42-no-exchange-v1,data_budget,10,latentflow_process_preserving_unfreeze2,5.0,0.001,96,32,86.7191598976923,16,0.0007,0.2921953691982355,2048,1024,LatentFlow,0.4312567918068039,2048,9042,0.02,2048,1024,3415.0,1388746,8-16-32,False,2,0.001,physics_modal_v4/enhancements/results/data_budget/runs/train_2048/seed42/Traffic/h96.json,62f4d0dedff24412bb9cdff99eb80b03ded6417c575884509467c55453959e9c,/work/11617/sujato_ts/vista/motion_code-master/physics_modal_v4/results/final/headline/runs/LatentFlow/seed42/Traffic/h96.json,0.6567014480011475,multiscale,42,"{'inducing_points': 32, 'latent_dim': 16, 'patch_lens': [8, 16, 32], 'representation_weight': 0.001}",,validation MSE only; test evaluated once,96,False,2048,2048,,973.2384484766953,5042,train_2048,0.0001,4
on,16,10,extension,0.38689874459493095,latentflow_process_preserving_unfreeze2,/work/11617/sujato_ts/vista/motion_code-master/physics_modal_v4/results/final/checkpoints/LatentFlow/seed42/Traffic/h192.pt,9c53d51bbde97434,preserved,2,False,Traffic,16,1384.133637922001,latentflow-nested-data-budget-all28-seed42-no-exchange-v1,data_budget,10,latentflow_process_preserving_unfreeze2,5.0,0.001,192,32,88.22580849794572,16,0.0007,0.29962644481342643,2048,1024,LatentFlow,0.4515534500757732,2048,9042,0.02,2048,1024,3319.0,1483750,8-16-32,False,2,0.001,physics_modal_v4/enhancements/results/data_budget/runs/train_2048/seed42/Traffic/h192.json,8e9dcc9dad5d6d403504e0122dea64a1e4e131d5e74f7c6c34e818be9bf043ff,/work/11617/sujato_ts/vista/motion_code-master/physics_modal_v4/results/final/headline/runs/LatentFlow/seed42/Traffic/h192.json,0.6719772690171694,multiscale,42,"{'inducing_points': 32, 'latent_dim': 16, 'patch_lens': [8, 16, 32], 'representation_weight': 0.001}",,validation MSE only; test evaluated once,96,False,2048,2048,,1003.569436077305,5042,train_2048,0.0001,4
on,16,9,extension,0.397188441633006,latentflow_process_preserving_unfreeze2,/work/11617/sujato_ts/vista/motion_code-master/physics_modal_v4/results/final/checkpoints/LatentFlow/seed42/Traffic/h336.pt,5ab01e8bb1f00517,preserved,2,False,Traffic,16,1420.2683590790257,latentflow-nested-data-budget-all28-seed42-no-exchange-v1,data_budget,10,latentflow_process_preserving_unfreeze2,5.0,0.001,336,32,91.07741731838699,16,0.0007,0.2989559360134544,2048,1024,LatentFlow,0.45954158156682345,2048,9042,0.02,2048,1024,3175.0,1627700,8-16-32,False,2,0.001,physics_modal_v4/enhancements/results/data_budget/runs/train_2048/seed42/Traffic/h336.json,1763ffb99383aadad3dc9a646e296823e33118380615ee92f519664405706ba8,/work/11617/sujato_ts/vista/motion_code-master/physics_modal_v4/results/final/headline/runs/LatentFlow/seed42/Traffic/h336.json,0.6778949635207681,multiscale,42,"{'inducing_points': 32, 'latent_dim': 16, 'patch_lens': [8, 16, 32], 'representation_weight': 0.001}",,validation MSE only; test evaluated once,96,False,2048,2048,,1031.8058360991927,5042,train_2048,0.0001,4
on,16,10,extension,0.4442139204890189,latentflow_process_preserving_unfreeze2,/work/11617/sujato_ts/vista/motion_code-master/physics_modal_v4/results/final/checkpoints/LatentFlow/seed42/Traffic/h720.pt,6866fe68a6341202,preserved,2,False,Traffic,16,1544.2697356841527,latentflow-nested-data-budget-all28-seed42-no-exchange-v1,data_budget,10,latentflow_process_preserving_unfreeze2,5.0,0.001,720,32,98.60564718737491,16,0.0007,0.31804934173138644,2048,1024,LatentFlow,0.49145426921709967,2048,9042,0.02,2048,1024,2791.0,2019836,8-16-32,False,2,0.001,physics_modal_v4/enhancements/results/data_budget/runs/train_2048/seed42/Traffic/h720.json,f64935f07b5345d58a10dd144eb7bf40727892342a911d59756024b33aeb59a2,/work/11617/sujato_ts/vista/motion_code-master/physics_modal_v4/results/final/headline/runs/LatentFlow/seed42/Traffic/h720.json,0.7010379941323435,multiscale,42,"{'inducing_points': 32, 'latent_dim': 16, 'patch_lens': [8, 16, 32], 'representation_weight': 0.001}",,validation MSE only; test evaluated once,96,False,2048,2048,,1130.2623231178586,5042,train_2048,0.0001,4
on,16,0,reference,1.581914872971792,,/work/11617/sujato_ts/vista/motion_code-master/physics_modal_v4/enhancements/results/data_budget/checkpoints/train_all/seed42/ETTh1/h720.pt,bf04a67e20749422,preserved,2,False,ETTh1,16,596.5767904128879,latentflow-nested-data-budget-all28-seed42-no-exchange-v1,data_budget,10,latentflow_process_preserving_unfreeze2,5.0,0.001,720,,7.976933952365348,,0.0007,0.5621797833563488,2147483647,1024,LatentFlow,0.6904619681725109,2048,9042,0.02,7825,1024,2161.0,2055222,,False,2,,physics_modal_v4/enhancements/results/data_budget/runs/train_all/seed42/ETTh1/h720.json,e33a1f6a88a4ed49c0b0f9da10ab5df0958bf778feeaeb28eeacec7643370ab6,,0.8309404119264575,multiscale,42,"{'inducing_points': 32, 'latent_dim': 16, 'patch_lens': [16, 32, 48], 'representation_weight': 0.05}",16-32-48,,96,False,all,all,0,90.15341188074375,5042,train_all,0.0001,4
on,16,1,extension,0.625885277891916,,/work/11617/sujato_ts/vista/motion_code-master/physics_modal_v4/enhancements/results/data_budget/checkpoints/train_all/seed42/ETTh2/h720.pt,b52de515317f8b3a,preserved,2,False,ETTh2,16,598.3029132643715,latentflow-nested-data-budget-all28-seed42-no-exchange-v1,data_budget,10,latentflow_process_preserving_unfreeze2,5.0,0.001,720,,7.422755604415243,,0.0007,0.43557585429205903,2147483647,1024,LatentFlow,0.41403185841752504,2048,9042,0.02,7825,1024,2161.0,2024974,,False,2,,physics_modal_v4/enhancements/results/data_budget/runs/train_all/seed42/ETTh2/h720.json,827884d707dc4a6f52680d2ffea427193721017baaaf736347c3dece8ffcb81d,,0.6434530739824972,multiscale,42,"{'inducing_points': 32, 'latent_dim': 8, 'patch_lens': [16, 32, 48], 'representation_weight': 0.001}",16-32-48,,96,False,all,all,0,89.84775852507018,5042,train_all,0.0001,4
on,16,0,reference,1.305905908548913,,/work/11617/sujato_ts/vista/motion_code-master/physics_modal_v4/enhancements/results/data_budget/checkpoints/train_all/seed42/ETTh1/h336.pt,68339733be1dea08,preserved,2,False,ETTh1,16,612.2420696783811,latentflow-nested-data-budget-all28-seed42-no-exchange-v1,data_budget,10,latentflow_process_preserving_unfreeze2,5.0,0.001,336,,8.393495249314398,,0.0007,0.4771771283386344,2147483647,1024,LatentFlow,0.5193859492451665,2048,9042,0.02,8209,1024,2545.0,1676686,,False,2,,physics_modal_v4/enhancements/results/data_budget/runs/train_all/seed42/ETTh1/h336.json,2c1bb62cc75698e1e8108ce9d76dceeb6a319eefda257ffd6b80e4e8d8eea85d,,0.7206843617320737,multiscale,42,"{'inducing_points': 32, 'latent_dim': 16, 'patch_lens': [16, 32, 48], 'representation_weight': 0.05}",16-32-48,,96,False,all,all,0,87.49445172874728,5042,train_all,0.0001,4
on,16,1,extension,0.36647884770720995,,/work/11617/sujato_ts/vista/motion_code-master/physics_modal_v4/enhancements/results/data_budget/checkpoints/train_all/seed42/ETTh2/h336.pt,913c892daf939916,preserved,2,False,ETTh2,16,653.6042646910064,latentflow-nested-data-budget-all28-seed42-no-exchange-v1,data_budget,10,latentflow_process_preserving_unfreeze2,5.0,0.001,336,,8.592808625036024,,0.0007,0.4314052428175481,2147483647,1024,LatentFlow,0.43000868406046344,2048,9042,0.02,8209,1024,2545.0,1646438,,False,2,,physics_modal_v4/enhancements/results/data_budget/runs/train_all/seed42/ETTh2/h336.json,b727aedf7495c33189d2a5b93adb396fdeca2a41f079b2eedca539afff534518,,0.6557504739307959,multiscale,42,"{'inducing_points': 32, 'latent_dim': 8, 'patch_lens': [16, 32, 48], 'representation_weight': 0.001}",16-32-48,,96,False,all,all,0,94.44254997425536,5042,train_all,0.0001,4
on,16,0,reference,1.0223084134714944,,/work/11617/sujato_ts/vista/motion_code-master/physics_modal_v4/enhancements/results/data_budget/checkpoints/train_all/seed42/ETTh1/h192.pt,53e53f75271e0a8d,preserved,2,False,ETTh1,16,654.9793995018117,latentflow-nested-data-budget-all28-seed42-no-exchange-v1,data_budget,10,latentflow_process_preserving_unfreeze2,5.0,0.001,192,,8.16901695975911,,0.0007,0.4371759780510622,2147483647,1024,LatentFlow,0.445102874248395,2048,9042,0.02,8353,1024,2689.0,1535526,,False,2,,physics_modal_v4/enhancements/results/data_budget/runs/train_all/seed42/ETTh1/h192.json,d94639b4c31cd32fdc6db56136a13acafa532a7237796e5e80223bd6ec11f673,,0.6671603062595938,multiscale,42,"{'inducing_points': 32, 'latent_dim': 16, 'patch_lens': [16, 32, 48], 'representation_weight': 0.05}",16-32-48,,96,False,all,all,0,92.649427237502,5042,train_all,0.0001,4
on,16,0,reference,0.2735408400850637,,/work/11617/sujato_ts/vista/motion_code-master/physics_modal_v4/enhancements/results/data_budget/checkpoints/train_all/seed42/ETTh2/h192.pt,d656b49f4dd4dc49,preserved,2,False,ETTh2,16,648.5700724525377,latentflow-nested-data-budget-all28-seed42-no-exchange-v1,data_budget,10,latentflow_process_preserving_unfreeze2,5.0,0.001,192,,8.295928719202559,,0.0007,0.3934719406607832,2147483647,1024,LatentFlow,0.37660940567133067,2048,9042,0.02,8353,1024,2689.0,1505278,,False,2,,physics_modal_v4/enhancements/results/data_budget/runs/train_all/seed42/ETTh2/h192.json,48f431896f02839bdb721787ca74895da85de7790ed3f94778c81de3fd073a0a,,0.6136851030221694,multiscale,42,"{'inducing_points': 32, 'latent_dim': 8, 'patch_lens': [16, 32, 48], 'representation_weight': 0.001}",16-32-48,,96,False,all,all,0,91.8805322615184,5042,train_all,0.0001,4
on,16,0,reference,0.7722796162679082,,/work/11617/sujato_ts/vista/motion_code-master/physics_modal_v4/enhancements/results/data_budget/checkpoints/train_all/seed42/ETTh1/h96.pt,c8d198d125a7d86c,preserved,2,False,ETTh1,16,680.111214581877,latentflow-nested-data-budget-all28-seed42-no-exchange-v1,data_budget,10,latentflow_process_preserving_unfreeze2,5.0,0.001,96,,8.632981536016299,,0.0007,0.4037983370426527,2147483647,1024,LatentFlow,0.39485066994302365,2048,9042,0.02,8449,1024,2785.0,1441682,,False,2,,physics_modal_v4/enhancements/results/data_budget/runs/train_all/seed42/ETTh1/h96.json,c902785833b473ec6852f48b35903dbb506dc330f8d0533ca0eb79d038d609d2,,0.6283714426539637,multiscale,42,"{'inducing_points': 32, 'latent_dim': 16, 'patch_lens': [16, 32, 48], 'representation_weight': 0.05}",16-32-48,,96,False,all,all,0,95.30660907626996,5042,train_all,0.0001,4
on,16,0,reference,0.21973876593013605,,/work/11617/sujato_ts/vista/motion_code-master/physics_modal_v4/enhancements/results/data_budget/checkpoints/train_all/seed42/ETTh2/h96.pt,9fea528d2ce16ed1,preserved,2,False,ETTh2,16,643.6991829238832,latentflow-nested-data-budget-all28-seed42-no-exchange-v1,data_budget,10,latentflow_process_preserving_unfreeze2,5.0,0.001,96,,7.796150336117414,,0.0007,0.3421724005561614,2147483647,1024,LatentFlow,0.28843193665278044,2048,9042,0.02,8449,1024,2785.0,1411434,,False,2,,physics_modal_v4/enhancements/results/data_budget/runs/train_all/seed42/ETTh2/h96.json,4ff2303be4ce62b63c2c33f158530ccdbdde004d3674ebfab2ce783e5c609d7b,,0.537058597038331,multiscale,42,"{'inducing_points': 32, 'latent_dim': 8, 'patch_lens': [16, 32, 48], 'representation_weight': 0.001}",16-32-48,,96,False,all,all,0,89.72663983160415,5042,train_all,0.0001,4
on,16,10,extension,0.41662731785293583,,/work/11617/sujato_ts/vista/motion_code-master/physics_modal_v4/enhancements/results/data_budget/checkpoints/train_all/seed42/Traffic/h720.pt,38f202d6cbed6934,preserved,2,False,Traffic,16,8136.462867438793,latentflow-nested-data-budget-all28-seed42-no-exchange-v1,data_budget,10,latentflow_process_preserving_unfreeze2,5.0,0.001,720,,12.715243241995916,,0.0007,0.2971443081454319,2147483647,1024,LatentFlow,0.4665407902727564,2048,9042,0.02,11465,1024,2791.0,2019836,,False,2,,physics_modal_v4/enhancements/results/data_budget/runs/train_all/seed42/Traffic/h720.json,d68d254c1b75dab064a824a47e86df7be6214b0323466d8c828f0795c231cee1,,0.6830379127638204,multiscale,42,"{'inducing_points': 32, 'latent_dim': 16, 'patch_lens': [8, 16, 32], 'representation_weight': 0.001}",8-16-32,,96,False,all,all,0,965.2950719365203,5042,train_all,0.0001,4
on,16,10,extension,0.3749834238106527,,/work/11617/sujato_ts/vista/motion_code-master/physics_modal_v4/enhancements/results/data_budget/checkpoints/train_all/seed42/Traffic/h336.pt,a0019f555b4f0af4,preserved,2,False,Traffic,16,7664.931806934997,latentflow-nested-data-budget-all28-seed42-no-exchange-v1,data_budget,10,latentflow_process_preserving_unfreeze2,5.0,0.001,336,,11.155552470661474,,0.0007,0.28071394673539574,2147483647,1024,LatentFlow,0.4388312393239491,2048,9042,0.02,11849,1024,3175.0,1627700,,False,2,,physics_modal_v4/enhancements/results/data_budget/runs/train_all/seed42/Traffic/h336.json,8e9a207feaf245f9ba2a6e8bca30857a2cd2d6bd961ac9d6e7de626c9731aed1,,0.6624433857500195,multiscale,42,"{'inducing_points': 32, 'latent_dim': 16, 'patch_lens': [8, 16, 32], 'representation_weight': 0.001}",8-16-32,,96,False,all,all,0,883.8968608734498,5042,train_all,0.0001,4
on,16,5,extension,0.36550368445839704,,/work/11617/sujato_ts/vista/motion_code-master/physics_modal_v4/enhancements/results/data_budget/checkpoints/train_all/seed42/Traffic/h192.pt,f076a18cf3c268b3,preserved,2,False,Traffic,16,7427.1452353778295,latentflow-nested-data-budget-all28-seed42-no-exchange-v1,data_budget,10,latentflow_process_preserving_unfreeze2,5.0,0.001,192,,10.60853323759736,,0.0007,0.2802176867645507,2147483647,1024,LatentFlow,0.4298216508009619,2048,9042,0.02,11993,1024,3319.0,1483750,,False,2,,physics_modal_v4/enhancements/results/data_budget/runs/train_all/seed42/Traffic/h192.json,7b51745f353f02883ce73fcd0506ed7050c9d15a5f88ec73d28f81a5f769f205,,0.655607848336917,multiscale,42,"{'inducing_points': 32, 'latent_dim': 16, 'patch_lens': [8, 16, 32], 'representation_weight': 0.001}",8-16-32,,96,False,all,all,0,845.8728935146704,5042,train_all,0.0001,4
on,16,10,extension,0.3588146293983843,,/work/11617/sujato_ts/vista/motion_code-master/physics_modal_v4/enhancements/results/data_budget/checkpoints/train_all/seed42/Traffic/h96.pt,2decd3890bac91f6,preserved,2,False,Traffic,16,7313.6200806587,latentflow-nested-data-budget-all28-seed42-no-exchange-v1,data_budget,10,latentflow_process_preserving_unfreeze2,5.0,0.001,96,,10.319802588171068,,0.0007,0.2705586990779228,2147483647,1024,LatentFlow,0.3996044650066713,2048,9042,0.02,12089,1024,3415.0,1388746,,False,2,,physics_modal_v4/enhancements/results/data_budget/runs/train_all/seed42/Traffic/h96.json,c72f29b9617f7957e70b3a5eb4e0ca6f27756ec75aa913ab3c5e4404d3a4151d,,0.6321427568252849,multiscale,42,"{'inducing_points': 32, 'latent_dim': 16, 'patch_lens': [8, 16, 32], 'representation_weight': 0.001}",8-16-32,,96,False,all,all,0,827.5946569370312,5042,train_all,0.0001,4
on,16,0,reference,0.17407755453968676,,/work/11617/sujato_ts/vista/motion_code-master/physics_modal_v4/enhancements/results/data_budget/checkpoints/train_all/seed42/Electricity/h720.pt,176d621aa99af40e,preserved,2,False,Electricity,16,5764.078853712417,latentflow-nested-data-budget-all28-seed42-no-exchange-v1,data_budget,10,latentflow_process_preserving_unfreeze2,5.0,0.001,720,,7.795202409490496,,0.0007,0.3057338858570877,2147483647,1024,LatentFlow,0.21261377298403758,2048,9042,0.02,17597,1024,4543.0,2018213,,False,2,,physics_modal_v4/enhancements/results/data_budget/runs/train_all/seed42/Electricity/h720.json,e674dc15090792581371071ef8858ca3f64926b7d6de341443e726b10cea0c0c,,0.4611006104789253,multiscale,42,"{'inducing_points': 32, 'latent_dim': 16, 'patch_lens': [8, 16, 32], 'representation_weight': 0.001}",8-16-32,,96,False,all,all,0,454.03079659449446,5042,train_all,0.0001,4
on,16,6,extension,0.1514654071832195,,/work/11617/sujato_ts/vista/motion_code-master/physics_modal_v4/enhancements/results/data_budget/checkpoints/train_all/seed42/Electricity/h336.pt,e87b6731f177cc4b,preserved,2,False,Electricity,16,5680.177543538157,latentflow-nested-data-budget-all28-seed42-no-exchange-v1,data_budget,10,latentflow_process_preserving_unfreeze2,5.0,0.001,336,,7.721490448159052,,0.0007,0.26786400598225074,2147483647,1024,LatentFlow,0.17281035931537475,2048,9042,0.02,17981,1024,4927.0,1626077,,False,2,,physics_modal_v4/enhancements/results/data_budget/runs/train_all/seed42/Electricity/h336.json,083326ff91a350eb2bdf53ff2bb80621b76662e7664d94635e6bcd26f632066f,,0.41570465394962175,multiscale,42,"{'inducing_points': 32, 'latent_dim': 16, 'patch_lens': [8, 16, 32], 'representation_weight': 0.001}",8-16-32,,96,False,all,all,0,440.72553973808203,5042,train_all,0.0001,4
on,16,1,extension,0.13190731480485554,,/work/11617/sujato_ts/vista/motion_code-master/physics_modal_v4/enhancements/results/data_budget/checkpoints/train_all/seed42/Electricity/h192.pt,99e4b78caea8790e,preserved,2,False,Electricity,16,5549.092288627289,latentflow-nested-data-budget-all28-seed42-no-exchange-v1,data_budget,10,latentflow_process_preserving_unfreeze2,5.0,0.001,192,,7.9517470471160765,,0.0007,0.25216913182948963,2147483647,1024,LatentFlow,0.15754877169472764,2048,9042,0.02,18125,1024,5071.0,1482127,,False,2,,physics_modal_v4/enhancements/results/data_budget/runs/train_all/seed42/Electricity/h192.json,af6ae101ca2ed684e904d72a01f23fec21680dfda1f871d77c8e9f900b568ca6,,0.3969241384631673,multiscale,42,"{'inducing_points': 32, 'latent_dim': 16, 'patch_lens': [8, 16, 32], 'representation_weight': 0.001}",8-16-32,,96,False,all,all,0,427.94302026663115,5042,train_all,0.0001,4
on,16,2,extension,0.11717907002781781,,/work/11617/sujato_ts/vista/motion_code-master/physics_modal_v4/enhancements/results/data_budget/checkpoints/train_all/seed42/Electricity/h96.pt,0fa6a353bd6755ed,preserved,2,False,Electricity,16,5508.628653623164,latentflow-nested-data-budget-all28-seed42-no-exchange-v1,data_budget,10,latentflow_process_preserving_unfreeze2,5.0,0.001,96,,7.810439176626446,,0.0007,0.23846289649695027,2147483647,1024,LatentFlow,0.14293426193477238,2048,9042,0.02,18221,1024,5167.0,1387123,,False,2,,physics_modal_v4/enhancements/results/data_budget/runs/train_all/seed42/Electricity/h96.json,bdd04069175995486c2cbeb745931f1fbfe97d498ff89d16bd25168d0456b45e,,0.3780664781950026,multiscale,42,"{'inducing_points': 32, 'latent_dim': 16, 'patch_lens': [8, 16, 32], 'representation_weight': 0.001}",8-16-32,,96,False,all,all,0,423.023310063294,5042,train_all,0.0001,4
on,16,0,reference,0.9990002511039613,,/work/11617/sujato_ts/vista/motion_code-master/physics_modal_v4/enhancements/results/data_budget/checkpoints/train_all/seed42/ETTm1/h720.pt,25a00757709ee3ab,preserved,2,False,ETTm1,16,2499.3800322152674,latentflow-nested-data-budget-all28-seed42-no-exchange-v1,data_budget,10,latentflow_process_preserving_unfreeze2,5.0,0.001,720,,7.747572642206615,,0.0007,0.4650833342172027,2147483647,1024,LatentFlow,0.4986807821441881,2048,9042,0.02,33745,1024,10801.0,2026480,,False,2,,physics_modal_v4/enhancements/results/data_budget/runs/train_all/seed42/ETTm1/h720.json,28ac23f862bc7e728abdcb425f6c85c5d26c2d4df59620b8c797033517fb9fd0,,0.706173337180177,multiscale,42,"{'inducing_points': 32, 'latent_dim': 8, 'patch_lens': [8, 24, 48], 'representation_weight': 0.01}",8-24-48,,96,False,all,all,0,87.72091511963598,5042,train_all,0.0001,4
on,16,0,reference,0.29644468549698116,,/work/11617/sujato_ts/vista/motion_code-master/physics_modal_v4/enhancements/results/data_budget/checkpoints/train_all/seed42/ETTm2/h720.pt,842a3e7c42d003ef,preserved,2,False,ETTm2,16,2482.056398861576,latentflow-nested-data-budget-all28-seed42-no-exchange-v1,data_budget,10,latentflow_process_preserving_unfreeze2,5.0,0.001,720,,8.223847281574672,,0.0007,0.4197295310867237,2147483647,1024,LatentFlow,0.4397680988602412,2048,9042,0.02,33745,1024,10801.0,2004620,,False,2,,physics_modal_v4/enhancements/results/data_budget/runs/train_all/seed42/ETTm2/h720.json,a59accd8057c7f9c9c8c3ef5156d82b41288e3bd132b1c8219fa8318b485f6f5,,0.6631501329715928,multiscale,42,"{'inducing_points': 16, 'latent_dim': 8, 'patch_lens': [8, 16, 32], 'representation_weight': 0.001}",8-16-32,,96,False,all,all,0,86.94297279156214,5042,train_all,0.0001,4
on,16,0,reference,0.6637607642582485,,/work/11617/sujato_ts/vista/motion_code-master/physics_modal_v4/enhancements/results/data_budget/checkpoints/train_all/seed42/ETTm1/h336.pt,cf881fc8e4d32e1f,preserved,2,False,ETTm1,16,2581.363357383758,latentflow-nested-data-budget-all28-seed42-no-exchange-v1,data_budget,10,latentflow_process_preserving_unfreeze2,5.0,0.001,336,,8.150932459123325,,0.0007,0.4317545474451611,2147483647,1024,LatentFlow,0.4394075949764191,2048,9042,0.02,34129,1024,11185.0,1636816,,False,2,,physics_modal_v4/enhancements/results/data_budget/runs/train_all/seed42/ETTm1/h336.json,6ced0df049cd7f247ba0597211132a4946da8a7fbddee54823a8b66da3e6e411,,0.6628782655785443,multiscale,42,"{'inducing_points': 32, 'latent_dim': 8, 'patch_lens': [8, 24, 48], 'representation_weight': 0.01}",8-24-48,,96,False,all,all,0,89.7677344239501,5042,train_all,0.0001,4
on,16,1,extension,0.21736492774113506,,/work/11617/sujato_ts/vista/motion_code-master/physics_modal_v4/enhancements/results/data_budget/checkpoints/train_all/seed42/ETTm2/h336.pt,bc36e34d107abad9,preserved,2,False,ETTm2,16,2490.890141404234,latentflow-nested-data-budget-all28-seed42-no-exchange-v1,data_budget,10,latentflow_process_preserving_unfreeze2,5.0,0.001,336,,7.855459457973184,,0.0007,0.3595007830204778,2147483647,1024,LatentFlow,0.3373410000755163,2048,9042,0.02,34129,1024,11185.0,1612484,,False,2,,physics_modal_v4/enhancements/results/data_budget/runs/train_all/seed42/ETTm2/h336.json,39c59da3c21576c941dbc4c5ce7ca7de4a8a4ead02eea67c8e7e2a235252b72e,,0.5808106404634098,multiscale,42,"{'inducing_points': 16, 'latent_dim': 8, 'patch_lens': [8, 16, 32], 'representation_weight': 0.001}",8-16-32,,96,False,all,all,0,86.76815554872766,5042,train_all,0.0001,4
on,16,0,reference,0.50236644542643,,/work/11617/sujato_ts/vista/motion_code-master/physics_modal_v4/enhancements/results/data_budget/checkpoints/train_all/seed42/ETTm1/h192.pt,0530271f132ad03f,preserved,2,False,ETTm1,16,2536.195949802175,latentflow-nested-data-budget-all28-seed42-no-exchange-v1,data_budget,10,latentflow_process_preserving_unfreeze2,5.0,0.001,192,,7.980322099753156,,0.0007,0.39991726285705004,2147483647,1024,LatentFlow,0.4013768670243345,2048,9042,0.02,34273,1024,11329.0,1493398,,False,2,,physics_modal_v4/enhancements/results/data_budget/runs/train_all/seed42/ETTm1/h192.json,802bdd28079de309b0b2f48d380320454c600db77528e3f59438266984a6a94c,,0.6335431058928307,multiscale,42,"{'inducing_points': 32, 'latent_dim': 8, 'patch_lens': [8, 24, 48], 'representation_weight': 0.01}",8-24-48,,96,False,all,all,0,87.87006761305507,5042,train_all,0.0001,4
on,16,0,reference,0.1688894167365063,,/work/11617/sujato_ts/vista/motion_code-master/physics_modal_v4/enhancements/results/data_budget/checkpoints/train_all/seed42/ETTm2/h192.pt,1989f7f6240eff93,preserved,2,False,ETTm2,16,2507.2169753517956,latentflow-nested-data-budget-all28-seed42-no-exchange-v1,data_budget,10,latentflow_process_preserving_unfreeze2,5.0,0.001,192,,7.78867100672388,,0.0007,0.3077612023431964,2147483647,1024,LatentFlow,0.25041960402513,2048,9042,0.02,34273,1024,11329.0,1468534,,False,2,,physics_modal_v4/enhancements/results/data_budget/runs/train_all/seed42/ETTm2/h192.json,67e882bfac97c83e2853d4d1645a529b3097f3dd28867ca63511bfa3726329a0,,0.5004194281051946,multiscale,42,"{'inducing_points': 16, 'latent_dim': 8, 'patch_lens': [8, 16, 32], 'representation_weight': 0.001}",8-16-32,,96,False,all,all,0,86.71383385121044,5042,train_all,0.0001,4
on,16,0,reference,0.4160258938514051,,/work/11617/sujato_ts/vista/motion_code-master/physics_modal_v4/enhancements/results/data_budget/checkpoints/train_all/seed42/ETTm1/h96.pt,015878c8dab89d6c,preserved,2,False,ETTm1,16,2519.5489149577916,latentflow-nested-data-budget-all28-seed42-no-exchange-v1,data_budget,10,latentflow_process_preserving_unfreeze2,5.0,0.001,96,,8.047213928766162,,0.0007,0.37908943239470205,2147483647,1024,LatentFlow,0.36481148839531014,2048,9042,0.02,34369,1024,11425.0,1398606,,False,2,,physics_modal_v4/enhancements/results/data_budget/runs/train_all/seed42/ETTm1/h96.json,9d9664f9101707387efa75d3aa8eb491ebed5d4c2f4313e6be5afcca5ae36449,,0.6039962652163589,multiscale,42,"{'inducing_points': 32, 'latent_dim': 8, 'patch_lens': [8, 24, 48], 'representation_weight': 0.01}",8-24-48,,96,False,all,all,0,86.8014029496973,5042,train_all,0.0001,4
on,16,1,extension,0.12953132798983938,,/work/11617/sujato_ts/vista/motion_code-master/physics_modal_v4/enhancements/results/data_budget/checkpoints/train_all/seed42/ETTm2/h96.pt,7e331d5147e99bcf,preserved,2,False,ETTm2,16,2532.2979476228356,latentflow-nested-data-budget-all28-seed42-no-exchange-v1,data_budget,10,latentflow_process_preserving_unfreeze2,5.0,0.001,96,,8.176562745975746,,0.0007,0.2674146670665147,2147483647,1024,LatentFlow,0.1883530283684754,2048,9042,0.02,34369,1024,11425.0,1373530,,False,2,,physics_modal_v4/enhancements/results/data_budget/runs/train_all/seed42/ETTm2/h96.json,1e6135568dd9b7c1e623c00c626b3ae6bde1f511d302e539c7d2a363ed21b3b8,,0.43399657644787404,multiscale,42,"{'inducing_points': 16, 'latent_dim': 8, 'patch_lens': [8, 16, 32], 'representation_weight': 0.001}",8-16-32,,96,False,all,all,0,87.29509870972868,5042,train_all,0.0001,4
on,16,0,reference,0.6801683728657072,,/work/11617/sujato_ts/vista/motion_code-master/physics_modal_v4/enhancements/results/data_budget/checkpoints/train_all/seed42/Weather/h720.pt,8084e653f81b7208,preserved,2,False,Weather,16,3849.511596105993,latentflow-nested-data-budget-all28-seed42-no-exchange-v1,data_budget,10,latentflow_process_preserving_unfreeze2,5.0,0.001,720,,7.760237835445046,,0.0007,0.35023482666638417,2147483647,1024,LatentFlow,0.3596273020843561,2048,9042,0.02,36072,1024,9821.0,2020430,,False,2,,physics_modal_v4/enhancements/results/data_budget/runs/train_all/seed42/Weather/h720.json,bc8045c072f23ccb8153275d30cbb4756b14d3786c419cfcb28a5f8b359e50ba,,0.5996893379778868,multiscale,42,"{'inducing_points': 32, 'latent_dim': 16, 'patch_lens': [8, 16, 32], 'representation_weight': 0.001}",8-16-32,,96,False,all,all,0,139.91134869294063,5042,train_all,0.0001,4
on,16,0,reference,0.5544560238076987,,/work/11617/sujato_ts/vista/motion_code-master/physics_modal_v4/enhancements/results/data_budget/checkpoints/train_all/seed42/Weather/h336.pt,11428a79d75344b3,preserved,2,False,Weather,16,3781.5016792509705,latentflow-nested-data-budget-all28-seed42-no-exchange-v1,data_budget,10,latentflow_process_preserving_unfreeze2,5.0,0.001,336,,8.225196011879909,,0.0007,0.29411270464770584,2147483647,1024,LatentFlow,0.2657514283594034,2048,9042,0.02,36456,1024,10205.0,1628294,,False,2,,physics_modal_v4/enhancements/results/data_budget/runs/train_all/seed42/Weather/h336.json,7536bfac20f25c599f4252e3029970180f25af28de315de633f99a59b84a631e,,0.5155108421356465,multiscale,42,"{'inducing_points': 32, 'latent_dim': 16, 'patch_lens': [8, 16, 32], 'representation_weight': 0.001}",8-16-32,,96,False,all,all,0,135.03259225916437,5042,train_all,0.0001,4
on,16,0,reference,0.4662031876662421,,/work/11617/sujato_ts/vista/motion_code-master/physics_modal_v4/enhancements/results/data_budget/checkpoints/train_all/seed42/Weather/h192.pt,b50beefd499c15f4,preserved,2,False,Weather,16,3933.936183456797,latentflow-nested-data-budget-all28-seed42-no-exchange-v1,data_budget,10,latentflow_process_preserving_unfreeze2,5.0,0.001,192,,8.55236938367634,,0.0007,0.25213044693303516,2147483647,1024,LatentFlow,0.20941022003048246,2048,9042,0.02,36600,1024,10349.0,1484344,,False,2,,physics_modal_v4/enhancements/results/data_budget/runs/train_all/seed42/Weather/h192.json,ce910cfae6829a9339afa93b5bc6e8a8d3719268cc1f38d716075443d777c5da,,0.457613614341272,multiscale,42,"{'inducing_points': 32, 'latent_dim': 16, 'patch_lens': [8, 16, 32], 'representation_weight': 0.001}",8-16-32,,96,False,all,all,0,140.4533491118435,5042,train_all,0.0001,4
on,16,0,reference,0.42301143150007914,,/work/11617/sujato_ts/vista/motion_code-master/physics_modal_v4/enhancements/results/data_budget/checkpoints/train_all/seed42/Weather/h96.pt,d4d6a733f54e6232,preserved,2,False,Weather,16,3787.5004387311637,latentflow-nested-data-budget-all28-seed42-no-exchange-v1,data_budget,10,latentflow_process_preserving_unfreeze2,5.0,0.001,96,,8.245226339123766,,0.0007,0.2064787004097738,2147483647,1024,LatentFlow,0.16217486937262882,2048,9042,0.02,36696,1024,10445.0,1389340,,False,2,,physics_modal_v4/enhancements/results/data_budget/runs/train_all/seed42/Weather/h96.json,e1d788735c7fbfc9cb2519a6816fc0726a210c7d926e1722190c5f8b1a3dc02d,,0.40270941058364756,multiscale,42,"{'inducing_points': 32, 'latent_dim': 16, 'patch_lens': [8, 16, 32], 'representation_weight': 0.001}",8-16-32,,96,False,all,all,0,134.35353354389318,5042,train_all,0.0001,4
