checkpoint,config_hash,cross_process_exchange,dataset,experiment,horizon,model,result_path,result_sha256,seed,variant
/work/11617/sujato_ts/vista/motion_code-master/physics_modal_v4/enhancements/results/central/checkpoints/early_fusion/seed42/ETTh1/h192.pt,6db6211b3774c5ce,False,ETTh1,central,192,LatentFlow,physics_modal_v4/enhancements/results/central/runs/early_fusion/seed42/ETTh1/h192.json,02a6375a519c2ff27a7dc7b57b6ef61f75cf2c718d411c3370654b53798010fc,42,early_fusion
/work/11617/sujato_ts/vista/motion_code-master/physics_modal_v4/enhancements/results/central/checkpoints/early_fusion/seed42/ETTh1/h336.pt,0d8ede807aedc0fa,False,ETTh1,central,336,LatentFlow,physics_modal_v4/enhancements/results/central/runs/early_fusion/seed42/ETTh1/h336.json,c25cae573f7d836e5f22d099614d75a16f713e701eaff61a0d9bfbd802ca6622,42,early_fusion
/work/11617/sujato_ts/vista/motion_code-master/physics_modal_v4/enhancements/results/central/checkpoints/early_fusion/seed42/ETTh1/h720.pt,3d10c535e64ac8af,False,ETTh1,central,720,LatentFlow,physics_modal_v4/enhancements/results/central/runs/early_fusion/seed42/ETTh1/h720.json,d4be38c08c197fd905a840849e074455ef98728aac2f6915976ba711654fa71b,42,early_fusion
/work/11617/sujato_ts/vista/motion_code-master/physics_modal_v4/enhancements/results/central/checkpoints/early_fusion/seed42/ETTh1/h96.pt,3d875743e9f2eb6c,False,ETTh1,central,96,LatentFlow,physics_modal_v4/enhancements/results/central/runs/early_fusion/seed42/ETTh1/h96.json,4be75b5456a0225da97ca145d5f0349ddee3c8f463f6f743007cb9115f0a7b2d,42,early_fusion
/work/11617/sujato_ts/vista/motion_code-master/physics_modal_v4/enhancements/results/central/checkpoints/early_fusion/seed42/ETTh2/h192.pt,0abb22a2ee9a2077,False,ETTh2,central,192,LatentFlow,physics_modal_v4/enhancements/results/central/runs/early_fusion/seed42/ETTh2/h192.json,088518364f18be0250cf805ef7a0715f4df6ee40832ba3dafb572ba42c67490a,42,early_fusion
/work/11617/sujato_ts/vista/motion_code-master/physics_modal_v4/enhancements/results/central/checkpoints/early_fusion/seed42/ETTh2/h336.pt,3aa94d6a73e6920e,False,ETTh2,central,336,LatentFlow,physics_modal_v4/enhancements/results/central/runs/early_fusion/seed42/ETTh2/h336.json,ef0ad6eaf104b76a719b601c45a20ed8288c62ec536a0d4de6f6a57d85406e07,42,early_fusion
/work/11617/sujato_ts/vista/motion_code-master/physics_modal_v4/enhancements/results/central/checkpoints/early_fusion/seed42/ETTh2/h720.pt,1911a616f0f9262c,False,ETTh2,central,720,LatentFlow,physics_modal_v4/enhancements/results/central/runs/early_fusion/seed42/ETTh2/h720.json,6263834064da11c220b97e69aff2d630da6800098da0689473e9823c01659359,42,early_fusion
/work/11617/sujato_ts/vista/motion_code-master/physics_modal_v4/enhancements/results/central/checkpoints/early_fusion/seed42/ETTh2/h96.pt,7fd366135d2a43cb,False,ETTh2,central,96,LatentFlow,physics_modal_v4/enhancements/results/central/runs/early_fusion/seed42/ETTh2/h96.json,7d510d477ccbfdb913c5d54f5cc66956e425c7bf3c702ff7f313bb2f23255ab8,42,early_fusion
/work/11617/sujato_ts/vista/motion_code-master/physics_modal_v4/enhancements/results/central/checkpoints/early_fusion/seed42/ETTm1/h192.pt,2bf953f4dd209fc0,False,ETTm1,central,192,LatentFlow,physics_modal_v4/enhancements/results/central/runs/early_fusion/seed42/ETTm1/h192.json,689180e13c5b5e01c41db9b9bda3f1bcd005f0c84b251bf37c9aff232b845f08,42,early_fusion
/work/11617/sujato_ts/vista/motion_code-master/physics_modal_v4/enhancements/results/central/checkpoints/early_fusion/seed42/ETTm1/h336.pt,80478875f80dd7ec,False,ETTm1,central,336,LatentFlow,physics_modal_v4/enhancements/results/central/runs/early_fusion/seed42/ETTm1/h336.json,f4df8e9cf62552ca93349f0084f4c5edf627bc4cadd73ffece98ec87a81ad7e9,42,early_fusion
/work/11617/sujato_ts/vista/motion_code-master/physics_modal_v4/enhancements/results/central/checkpoints/early_fusion/seed42/ETTm1/h720.pt,203c1432a07b9aff,False,ETTm1,central,720,LatentFlow,physics_modal_v4/enhancements/results/central/runs/early_fusion/seed42/ETTm1/h720.json,c08e87318149312734060f8dbeee1d7f19cc6489e588b3dc6d9b40049ca88dfc,42,early_fusion
/work/11617/sujato_ts/vista/motion_code-master/physics_modal_v4/enhancements/results/central/checkpoints/early_fusion/seed42/ETTm1/h96.pt,6dda313d00b7a65c,False,ETTm1,central,96,LatentFlow,physics_modal_v4/enhancements/results/central/runs/early_fusion/seed42/ETTm1/h96.json,434cf1158fd484d6f9989e412277bb88f8cd63b03ea786919076762e0e65cbd9,42,early_fusion
/work/11617/sujato_ts/vista/motion_code-master/physics_modal_v4/enhancements/results/central/checkpoints/early_fusion/seed42/ETTm2/h192.pt,878f636c4034e033,False,ETTm2,central,192,LatentFlow,physics_modal_v4/enhancements/results/central/runs/early_fusion/seed42/ETTm2/h192.json,a86005992576ee15cbd10b5edff03e41ed610e8e53007c5057fbf22adc325f8f,42,early_fusion
/work/11617/sujato_ts/vista/motion_code-master/physics_modal_v4/enhancements/results/central/checkpoints/early_fusion/seed42/ETTm2/h336.pt,829034b0d73c9f33,False,ETTm2,central,336,LatentFlow,physics_modal_v4/enhancements/results/central/runs/early_fusion/seed42/ETTm2/h336.json,576a2c08876c36255cd7037eb36dfa8b65d7f24a65e8280a2f9e14e1d2f9d432,42,early_fusion
/work/11617/sujato_ts/vista/motion_code-master/physics_modal_v4/enhancements/results/central/checkpoints/early_fusion/seed42/ETTm2/h720.pt,4e6422ff64a10024,False,ETTm2,central,720,LatentFlow,physics_modal_v4/enhancements/results/central/runs/early_fusion/seed42/ETTm2/h720.json,f4bcb393b9d6ced7a6ff86bd6097c1e99add9ca17440c38d77fc4262b0a6e340,42,early_fusion
/work/11617/sujato_ts/vista/motion_code-master/physics_modal_v4/enhancements/results/central/checkpoints/early_fusion/seed42/ETTm2/h96.pt,0aaef4c089d5a272,False,ETTm2,central,96,LatentFlow,physics_modal_v4/enhancements/results/central/runs/early_fusion/seed42/ETTm2/h96.json,0e93bcdf9a154fcbdad83bf038144bc94c5d867164a75e4dd898724cabf447f3,42,early_fusion
/work/11617/sujato_ts/vista/motion_code-master/physics_modal_v4/enhancements/results/central/checkpoints/early_fusion/seed42/Electricity/h192.pt,de5c3e6599f502bb,False,Electricity,central,192,LatentFlow,physics_modal_v4/enhancements/results/central/runs/early_fusion/seed42/Electricity/h192.json,aae1490b3a5a47e6b5a42bc97206dca99b8bf5ccd480ed096875cf5d7d164780,42,early_fusion
/work/11617/sujato_ts/vista/motion_code-master/physics_modal_v4/enhancements/results/central/checkpoints/early_fusion/seed42/Electricity/h336.pt,a221ffca06797e79,False,Electricity,central,336,LatentFlow,physics_modal_v4/enhancements/results/central/runs/early_fusion/seed42/Electricity/h336.json,c29ab4e6f0f6d135539ea804d60c1894114b65a09de0e20c44095028fd4ad16a,42,early_fusion
/work/11617/sujato_ts/vista/motion_code-master/physics_modal_v4/enhancements/results/central/checkpoints/early_fusion/seed42/Electricity/h720.pt,2746d6000bc8214c,False,Electricity,central,720,LatentFlow,physics_modal_v4/enhancements/results/central/runs/early_fusion/seed42/Electricity/h720.json,f3f39abaed30b8c82274244fceae1cbede68a0b7f9f1cf7d371d942bb37708c0,42,early_fusion
/work/11617/sujato_ts/vista/motion_code-master/physics_modal_v4/enhancements/results/central/checkpoints/early_fusion/seed42/Electricity/h96.pt,ecbad6e965f95018,False,Electricity,central,96,LatentFlow,physics_modal_v4/enhancements/results/central/runs/early_fusion/seed42/Electricity/h96.json,434e0bc4afb7eeb5cf636276795065f8824216292ae21aac9d4986e9e925cd30,42,early_fusion
/work/11617/sujato_ts/vista/motion_code-master/physics_modal_v4/enhancements/results/central/checkpoints/early_fusion/seed42/Traffic/h192.pt,c7d92eebe2e9dd8c,False,Traffic,central,192,LatentFlow,physics_modal_v4/enhancements/results/central/runs/early_fusion/seed42/Traffic/h192.json,fe49fd5bfba151511bd75229adebe20d2b79d24b9fcc24679a5f1232a834fdd8,42,early_fusion
/work/11617/sujato_ts/vista/motion_code-master/physics_modal_v4/enhancements/results/central/checkpoints/early_fusion/seed42/Traffic/h336.pt,9585be32996524ab,False,Traffic,central,336,LatentFlow,physics_modal_v4/enhancements/results/central/runs/early_fusion/seed42/Traffic/h336.json,6c03b39b7ce1650fd56825363ce8d0b53a655a95c31652847ee33fbaf9635a31,42,early_fusion
/work/11617/sujato_ts/vista/motion_code-master/physics_modal_v4/enhancements/results/central/checkpoints/early_fusion/seed42/Traffic/h720.pt,2c0a9b94a210cb32,False,Traffic,central,720,LatentFlow,physics_modal_v4/enhancements/results/central/runs/early_fusion/seed42/Traffic/h720.json,65d3b450b0ef8857ecb50c7b27b93153c048263fcef3e4d6fc16eebdc4a6f28a,42,early_fusion
/work/11617/sujato_ts/vista/motion_code-master/physics_modal_v4/enhancements/results/central/checkpoints/early_fusion/seed42/Traffic/h96.pt,d76658e88fd41804,False,Traffic,central,96,LatentFlow,physics_modal_v4/enhancements/results/central/runs/early_fusion/seed42/Traffic/h96.json,7271e13cf6eb6e60147a3218cd67620acf7e6638fffcc03c802521c0c0b21daa,42,early_fusion
/work/11617/sujato_ts/vista/motion_code-master/physics_modal_v4/enhancements/results/central/checkpoints/early_fusion/seed42/Weather/h192.pt,b5576c37adf65d46,False,Weather,central,192,LatentFlow,physics_modal_v4/enhancements/results/central/runs/early_fusion/seed42/Weather/h192.json,4986641fe9f06ee9ff2bb307822f6e4f49571a4f6e7c6de9c649a9f49bcbe3aa,42,early_fusion
/work/11617/sujato_ts/vista/motion_code-master/physics_modal_v4/enhancements/results/central/checkpoints/early_fusion/seed42/Weather/h336.pt,598633a7cdc66300,False,Weather,central,336,LatentFlow,physics_modal_v4/enhancements/results/central/runs/early_fusion/seed42/Weather/h336.json,00360b65d26ad50d8a8b2b688e5064168e48d3ade5dd26c95edbf8b9734cc3f8,42,early_fusion
/work/11617/sujato_ts/vista/motion_code-master/physics_modal_v4/enhancements/results/central/checkpoints/early_fusion/seed42/Weather/h720.pt,5f25bdd20d204b3a,False,Weather,central,720,LatentFlow,physics_modal_v4/enhancements/results/central/runs/early_fusion/seed42/Weather/h720.json,d36b82b1b0709451acee08cd3cb791053fabb4ebf218a2a5c6169e9e9f8d1029,42,early_fusion
/work/11617/sujato_ts/vista/motion_code-master/physics_modal_v4/enhancements/results/central/checkpoints/early_fusion/seed42/Weather/h96.pt,5d8140260e263164,False,Weather,central,96,LatentFlow,physics_modal_v4/enhancements/results/central/runs/early_fusion/seed42/Weather/h96.json,8cce2940e1659afd54811ad48d3af4fbcdc2c3fddc63f9884a1b2045214c708d,42,early_fusion
/work/11617/sujato_ts/vista/motion_code-master/physics_modal_v4/enhancements/results/central/checkpoints/early_fusion/seed43/ETTh1/h192.pt,565a5b3dadfe41f5,False,ETTh1,central,192,LatentFlow,physics_modal_v4/enhancements/results/central/runs/early_fusion/seed43/ETTh1/h192.json,52ed1256e277fa513acbd2c131a22830c43eb8a4d7b385e6efc5725228617b6c,43,early_fusion
/work/11617/sujato_ts/vista/motion_code-master/physics_modal_v4/enhancements/results/central/checkpoints/early_fusion/seed43/ETTh1/h336.pt,3654a9dedcaed34d,False,ETTh1,central,336,LatentFlow,physics_modal_v4/enhancements/results/central/runs/early_fusion/seed43/ETTh1/h336.json,fa452153c76887e33a6c31d55263ef95065ff4e9fad7f90b79594306feaf46f6,43,early_fusion
/work/11617/sujato_ts/vista/motion_code-master/physics_modal_v4/enhancements/results/central/checkpoints/early_fusion/seed43/ETTh1/h720.pt,726f5e92065d8999,False,ETTh1,central,720,LatentFlow,physics_modal_v4/enhancements/results/central/runs/early_fusion/seed43/ETTh1/h720.json,f03494f0133536a1a0676f05a86098c422939963d25bb2617ab04972078d3d20,43,early_fusion
/work/11617/sujato_ts/vista/motion_code-master/physics_modal_v4/enhancements/results/central/checkpoints/early_fusion/seed43/ETTh1/h96.pt,9c99a938bb653298,False,ETTh1,central,96,LatentFlow,physics_modal_v4/enhancements/results/central/runs/early_fusion/seed43/ETTh1/h96.json,c9e1e2b32a9ca54e4d8cec31fc18ca1777097c207fc25b8f2b6c9f6db6b69eb6,43,early_fusion
/work/11617/sujato_ts/vista/motion_code-master/physics_modal_v4/enhancements/results/central/checkpoints/early_fusion/seed43/ETTh2/h192.pt,08b89219a0b0a98f,False,ETTh2,central,192,LatentFlow,physics_modal_v4/enhancements/results/central/runs/early_fusion/seed43/ETTh2/h192.json,40222b12b27451cc60e2dae5364e6aed9d04b0c980ab9de3db385c1c8f5be21e,43,early_fusion
/work/11617/sujato_ts/vista/motion_code-master/physics_modal_v4/enhancements/results/central/checkpoints/early_fusion/seed43/ETTh2/h336.pt,f72440e8f92d5139,False,ETTh2,central,336,LatentFlow,physics_modal_v4/enhancements/results/central/runs/early_fusion/seed43/ETTh2/h336.json,645d10d758c11b747f623dc8420186a383fb13856158d256eea7a7bd50679832,43,early_fusion
/work/11617/sujato_ts/vista/motion_code-master/physics_modal_v4/enhancements/results/central/checkpoints/early_fusion/seed43/ETTh2/h720.pt,13be50dbf7620ab8,False,ETTh2,central,720,LatentFlow,physics_modal_v4/enhancements/results/central/runs/early_fusion/seed43/ETTh2/h720.json,a18003d9d5b27a43c0ad8c9fbdcef2bfb41cb700102ebfb4f56e985021197de4,43,early_fusion
/work/11617/sujato_ts/vista/motion_code-master/physics_modal_v4/enhancements/results/central/checkpoints/early_fusion/seed43/ETTh2/h96.pt,28eebcc76867c005,False,ETTh2,central,96,LatentFlow,physics_modal_v4/enhancements/results/central/runs/early_fusion/seed43/ETTh2/h96.json,2270d18e1c49d37efddf7dbcd51e54ae677ea577d8f3b441b243d6ba1bc14b30,43,early_fusion
/work/11617/sujato_ts/vista/motion_code-master/physics_modal_v4/enhancements/results/central/checkpoints/early_fusion/seed43/ETTm1/h192.pt,76669be481207720,False,ETTm1,central,192,LatentFlow,physics_modal_v4/enhancements/results/central/runs/early_fusion/seed43/ETTm1/h192.json,b3fed90a357a82aa26dce45f76903246fde5d8f0b1240e00eefb314455540d9d,43,early_fusion
/work/11617/sujato_ts/vista/motion_code-master/physics_modal_v4/enhancements/results/central/checkpoints/early_fusion/seed43/ETTm1/h336.pt,6b2991e59bd23d53,False,ETTm1,central,336,LatentFlow,physics_modal_v4/enhancements/results/central/runs/early_fusion/seed43/ETTm1/h336.json,c84877ada8958eee518164a94ca78de30e80ee14adbc0f079f639bf9c9300c0d,43,early_fusion
/work/11617/sujato_ts/vista/motion_code-master/physics_modal_v4/enhancements/results/central/checkpoints/early_fusion/seed43/ETTm1/h720.pt,2fafcdadc0887161,False,ETTm1,central,720,LatentFlow,physics_modal_v4/enhancements/results/central/runs/early_fusion/seed43/ETTm1/h720.json,b9b04f2f0009b962b3765cc1ed9017fa2d2a31c14c1062186afb014c1ad207ec,43,early_fusion
/work/11617/sujato_ts/vista/motion_code-master/physics_modal_v4/enhancements/results/central/checkpoints/early_fusion/seed43/ETTm1/h96.pt,4df9fd9c0648e17b,False,ETTm1,central,96,LatentFlow,physics_modal_v4/enhancements/results/central/runs/early_fusion/seed43/ETTm1/h96.json,f34bea69e67cf70a0176c4680106b214c60ac3d7e3a9b7fbaa97ebf9b579d22f,43,early_fusion
/work/11617/sujato_ts/vista/motion_code-master/physics_modal_v4/enhancements/results/central/checkpoints/early_fusion/seed43/ETTm2/h192.pt,e24a7d18fd45998c,False,ETTm2,central,192,LatentFlow,physics_modal_v4/enhancements/results/central/runs/early_fusion/seed43/ETTm2/h192.json,8f0bb71580a93de469a412ab4b3fb0509a35b7b829b564d86821da34f38e500a,43,early_fusion
/work/11617/sujato_ts/vista/motion_code-master/physics_modal_v4/enhancements/results/central/checkpoints/early_fusion/seed43/ETTm2/h336.pt,7e1a6e3f333c8b1a,False,ETTm2,central,336,LatentFlow,physics_modal_v4/enhancements/results/central/runs/early_fusion/seed43/ETTm2/h336.json,208d53be4501466b6dc29a0c4d169c81f3f5d5cd45bf880e78a40020c3b793dc,43,early_fusion
/work/11617/sujato_ts/vista/motion_code-master/physics_modal_v4/enhancements/results/central/checkpoints/early_fusion/seed43/ETTm2/h720.pt,325d8dd250e2b65b,False,ETTm2,central,720,LatentFlow,physics_modal_v4/enhancements/results/central/runs/early_fusion/seed43/ETTm2/h720.json,ed40e14a0e8df24ab2dc4a5a35bcf195383a0e4ca5e59cb6961383d3ee3ea34c,43,early_fusion
/work/11617/sujato_ts/vista/motion_code-master/physics_modal_v4/enhancements/results/central/checkpoints/early_fusion/seed43/ETTm2/h96.pt,b7512db8c67cc665,False,ETTm2,central,96,LatentFlow,physics_modal_v4/enhancements/results/central/runs/early_fusion/seed43/ETTm2/h96.json,5da3f4ebf58463656a10c2fb55fb742a457e050b4a9d743def49b61cdb38fe2a,43,early_fusion
/work/11617/sujato_ts/vista/motion_code-master/physics_modal_v4/enhancements/results/central/checkpoints/early_fusion/seed43/Electricity/h192.pt,5749343fc9530a9a,False,Electricity,central,192,LatentFlow,physics_modal_v4/enhancements/results/central/runs/early_fusion/seed43/Electricity/h192.json,7fe57d1d898a67945727d3020461a54e636a957466a254e95d6a39ce4d579448,43,early_fusion
/work/11617/sujato_ts/vista/motion_code-master/physics_modal_v4/enhancements/results/central/checkpoints/early_fusion/seed43/Electricity/h336.pt,31c5c56a93f01840,False,Electricity,central,336,LatentFlow,physics_modal_v4/enhancements/results/central/runs/early_fusion/seed43/Electricity/h336.json,9b80b8be93a7b2576fc964aa65ccb90f4e56356f7e784412bb98f511ef4f2c9d,43,early_fusion
/work/11617/sujato_ts/vista/motion_code-master/physics_modal_v4/enhancements/results/central/checkpoints/early_fusion/seed43/Electricity/h720.pt,500b650f14e08f6c,False,Electricity,central,720,LatentFlow,physics_modal_v4/enhancements/results/central/runs/early_fusion/seed43/Electricity/h720.json,72567d615558c2ad6081f209732fc807c88b82c3ac06cfe59e0f5e44e683d3b1,43,early_fusion
/work/11617/sujato_ts/vista/motion_code-master/physics_modal_v4/enhancements/results/central/checkpoints/early_fusion/seed43/Electricity/h96.pt,4e7fa0ad8fe8d0cc,False,Electricity,central,96,LatentFlow,physics_modal_v4/enhancements/results/central/runs/early_fusion/seed43/Electricity/h96.json,9468d310036983e53d1e4bfd334aef92b9137d1fc0eca076bf5b08cd78bc8a4d,43,early_fusion
/work/11617/sujato_ts/vista/motion_code-master/physics_modal_v4/enhancements/results/central/checkpoints/early_fusion/seed43/Traffic/h192.pt,b3c70b3d1a0253b5,False,Traffic,central,192,LatentFlow,physics_modal_v4/enhancements/results/central/runs/early_fusion/seed43/Traffic/h192.json,3a2771d24400a992aa553af7de5ee3d8057fdf59fb23c4e3afef5cea253ac510,43,early_fusion
/work/11617/sujato_ts/vista/motion_code-master/physics_modal_v4/enhancements/results/central/checkpoints/early_fusion/seed43/Traffic/h336.pt,f7dcb031578a9bc6,False,Traffic,central,336,LatentFlow,physics_modal_v4/enhancements/results/central/runs/early_fusion/seed43/Traffic/h336.json,bbe20592d2686739c85a4f450f9a54f6f7a3305b1cb3bc9767cde52b23e23154,43,early_fusion
/work/11617/sujato_ts/vista/motion_code-master/physics_modal_v4/enhancements/results/central/checkpoints/early_fusion/seed43/Traffic/h720.pt,8eb2ea175a8f43c4,False,Traffic,central,720,LatentFlow,physics_modal_v4/enhancements/results/central/runs/early_fusion/seed43/Traffic/h720.json,27551db5fcbc88cfceb1aed9e10c0b74cb8639e158730a9f75dc0c1aedf94bef,43,early_fusion
/work/11617/sujato_ts/vista/motion_code-master/physics_modal_v4/enhancements/results/central/checkpoints/early_fusion/seed43/Traffic/h96.pt,0b59b5a7a05b96ae,False,Traffic,central,96,LatentFlow,physics_modal_v4/enhancements/results/central/runs/early_fusion/seed43/Traffic/h96.json,a35f78520f15c3d11a051227db7d02aae75dae2fd12d93e64d8bdbed4c734ab1,43,early_fusion
/work/11617/sujato_ts/vista/motion_code-master/physics_modal_v4/enhancements/results/central/checkpoints/early_fusion/seed43/Weather/h192.pt,d3505cbc2ae37ed6,False,Weather,central,192,LatentFlow,physics_modal_v4/enhancements/results/central/runs/early_fusion/seed43/Weather/h192.json,d5c58192b371bd2947f938f8fe011386051d0b1f151028c39c4d9af44d277ccd,43,early_fusion
/work/11617/sujato_ts/vista/motion_code-master/physics_modal_v4/enhancements/results/central/checkpoints/early_fusion/seed43/Weather/h336.pt,fedf735112057b59,False,Weather,central,336,LatentFlow,physics_modal_v4/enhancements/results/central/runs/early_fusion/seed43/Weather/h336.json,39122be605ad92ae658980df0aea4978dad6eec470cc929389b2dcb12c407aea,43,early_fusion
/work/11617/sujato_ts/vista/motion_code-master/physics_modal_v4/enhancements/results/central/checkpoints/early_fusion/seed43/Weather/h720.pt,d76988d44825b86d,False,Weather,central,720,LatentFlow,physics_modal_v4/enhancements/results/central/runs/early_fusion/seed43/Weather/h720.json,5d98e4f79a122ada47391fd2b3a58bddc406887740b75bfddf45131f78aa8e06,43,early_fusion
/work/11617/sujato_ts/vista/motion_code-master/physics_modal_v4/enhancements/results/central/checkpoints/early_fusion/seed43/Weather/h96.pt,c0781ad6fa956296,False,Weather,central,96,LatentFlow,physics_modal_v4/enhancements/results/central/runs/early_fusion/seed43/Weather/h96.json,59bb620288a0eee2a9f3bed69a8461483e1b08fe914b577a1551b7df6de07aeb,43,early_fusion
/work/11617/sujato_ts/vista/motion_code-master/physics_modal_v4/enhancements/results/central/checkpoints/early_fusion/seed44/ETTh1/h192.pt,b22de3cf94125eba,False,ETTh1,central,192,LatentFlow,physics_modal_v4/enhancements/results/central/runs/early_fusion/seed44/ETTh1/h192.json,de19a7e8aefae22987e84237df0442087365d8529a7da0be47a98063add4e025,44,early_fusion
/work/11617/sujato_ts/vista/motion_code-master/physics_modal_v4/enhancements/results/central/checkpoints/early_fusion/seed44/ETTh1/h336.pt,d8675a9a4f870478,False,ETTh1,central,336,LatentFlow,physics_modal_v4/enhancements/results/central/runs/early_fusion/seed44/ETTh1/h336.json,93291abc696d2210bb4065c12fc278e54bf3ac93540ae8448a9567b8a99ba5d5,44,early_fusion
/work/11617/sujato_ts/vista/motion_code-master/physics_modal_v4/enhancements/results/central/checkpoints/early_fusion/seed44/ETTh1/h720.pt,0683fa3a7babaf99,False,ETTh1,central,720,LatentFlow,physics_modal_v4/enhancements/results/central/runs/early_fusion/seed44/ETTh1/h720.json,5468ef0074751daf1043654a0f190aa5523b5d934dc414e2905e6d0d39292ce0,44,early_fusion
/work/11617/sujato_ts/vista/motion_code-master/physics_modal_v4/enhancements/results/central/checkpoints/early_fusion/seed44/ETTh1/h96.pt,3c51b93d08d2d41b,False,ETTh1,central,96,LatentFlow,physics_modal_v4/enhancements/results/central/runs/early_fusion/seed44/ETTh1/h96.json,1764d9c18f5de97ab6d9942637c8dc051ef04df99f475b805c6fa810a956a7d7,44,early_fusion
/work/11617/sujato_ts/vista/motion_code-master/physics_modal_v4/enhancements/results/central/checkpoints/early_fusion/seed44/ETTh2/h192.pt,6a97d67de5af37c7,False,ETTh2,central,192,LatentFlow,physics_modal_v4/enhancements/results/central/runs/early_fusion/seed44/ETTh2/h192.json,1304d068fd066832d4c133c88347a3d871cba5fb1bd3d82f018690cdc09e8adc,44,early_fusion
/work/11617/sujato_ts/vista/motion_code-master/physics_modal_v4/enhancements/results/central/checkpoints/early_fusion/seed44/ETTh2/h336.pt,38fd268c6bddc5e5,False,ETTh2,central,336,LatentFlow,physics_modal_v4/enhancements/results/central/runs/early_fusion/seed44/ETTh2/h336.json,6812ca473934e05f37cd824112272b63451f91e5b8f6fec08867529d215952a3,44,early_fusion
/work/11617/sujato_ts/vista/motion_code-master/physics_modal_v4/enhancements/results/central/checkpoints/early_fusion/seed44/ETTh2/h720.pt,1d77fa2357ecf8b9,False,ETTh2,central,720,LatentFlow,physics_modal_v4/enhancements/results/central/runs/early_fusion/seed44/ETTh2/h720.json,f677ebfd3040efe41c89127d3e0bbaea86ec251038e8159f4a00f000e570c575,44,early_fusion
/work/11617/sujato_ts/vista/motion_code-master/physics_modal_v4/enhancements/results/central/checkpoints/early_fusion/seed44/ETTh2/h96.pt,85c42770bdb6e700,False,ETTh2,central,96,LatentFlow,physics_modal_v4/enhancements/results/central/runs/early_fusion/seed44/ETTh2/h96.json,3963a11f58443d4b458de3f542be3c66b22212dee22c04ef7d633323b3eea3cd,44,early_fusion
/work/11617/sujato_ts/vista/motion_code-master/physics_modal_v4/enhancements/results/central/checkpoints/early_fusion/seed44/ETTm1/h192.pt,a2f8f123cee4407f,False,ETTm1,central,192,LatentFlow,physics_modal_v4/enhancements/results/central/runs/early_fusion/seed44/ETTm1/h192.json,cfb0adc1abdf0a2f4c05c2c941fc89123d6fd181b5b1c7c63e109da7ae363e1b,44,early_fusion
/work/11617/sujato_ts/vista/motion_code-master/physics_modal_v4/enhancements/results/central/checkpoints/early_fusion/seed44/ETTm1/h336.pt,92e12e36b447d06d,False,ETTm1,central,336,LatentFlow,physics_modal_v4/enhancements/results/central/runs/early_fusion/seed44/ETTm1/h336.json,80ef8fd9cec8e4c0577dbbbd84cd15e4c8becd8ca380a1101633e7e3d0e40350,44,early_fusion
/work/11617/sujato_ts/vista/motion_code-master/physics_modal_v4/enhancements/results/central/checkpoints/early_fusion/seed44/ETTm1/h720.pt,073ea41456172c96,False,ETTm1,central,720,LatentFlow,physics_modal_v4/enhancements/results/central/runs/early_fusion/seed44/ETTm1/h720.json,78e2a72c1b07cac4bb7768a559be76a0aad035aed9d782dbae1a4e58ccf99272,44,early_fusion
/work/11617/sujato_ts/vista/motion_code-master/physics_modal_v4/enhancements/results/central/checkpoints/early_fusion/seed44/ETTm1/h96.pt,9595a117d378a9f4,False,ETTm1,central,96,LatentFlow,physics_modal_v4/enhancements/results/central/runs/early_fusion/seed44/ETTm1/h96.json,d5c57a9023120dfebdb668ae0726082ab4b8bdc4dca542a65e72a760d1805c37,44,early_fusion
/work/11617/sujato_ts/vista/motion_code-master/physics_modal_v4/enhancements/results/central/checkpoints/early_fusion/seed44/ETTm2/h192.pt,59c7e8038f323edb,False,ETTm2,central,192,LatentFlow,physics_modal_v4/enhancements/results/central/runs/early_fusion/seed44/ETTm2/h192.json,bcb9bf2cb281db838a2df7f0177e56118721adfcedd85add766ba601172c88e4,44,early_fusion
/work/11617/sujato_ts/vista/motion_code-master/physics_modal_v4/enhancements/results/central/checkpoints/early_fusion/seed44/ETTm2/h336.pt,a3ad2d7214bdcb3b,False,ETTm2,central,336,LatentFlow,physics_modal_v4/enhancements/results/central/runs/early_fusion/seed44/ETTm2/h336.json,53eafce3c48a1f26f4eac3a53797e82522902c3cb95204f23ee30eb64068a27d,44,early_fusion
/work/11617/sujato_ts/vista/motion_code-master/physics_modal_v4/enhancements/results/central/checkpoints/early_fusion/seed44/ETTm2/h720.pt,b516c39d6abe67cf,False,ETTm2,central,720,LatentFlow,physics_modal_v4/enhancements/results/central/runs/early_fusion/seed44/ETTm2/h720.json,8e2afedced04c52884c3c9dd0e3e940984b325ab50f549bbf581db2642e6f303,44,early_fusion
/work/11617/sujato_ts/vista/motion_code-master/physics_modal_v4/enhancements/results/central/checkpoints/early_fusion/seed44/ETTm2/h96.pt,b1fa88863d8b8da3,False,ETTm2,central,96,LatentFlow,physics_modal_v4/enhancements/results/central/runs/early_fusion/seed44/ETTm2/h96.json,0aa58d27924dfb3e86840742a7d2b2cf68fa1dce0a9f61c550d84e3513df5013,44,early_fusion
/work/11617/sujato_ts/vista/motion_code-master/physics_modal_v4/enhancements/results/central/checkpoints/early_fusion/seed44/Electricity/h192.pt,50778e6653e21fd0,False,Electricity,central,192,LatentFlow,physics_modal_v4/enhancements/results/central/runs/early_fusion/seed44/Electricity/h192.json,8f61cacac648df6afd5a3b51276fd4f413b1930a42b160b3d0c9a879a0200558,44,early_fusion
/work/11617/sujato_ts/vista/motion_code-master/physics_modal_v4/enhancements/results/central/checkpoints/early_fusion/seed44/Electricity/h336.pt,d7764f5fcb47e2a0,False,Electricity,central,336,LatentFlow,physics_modal_v4/enhancements/results/central/runs/early_fusion/seed44/Electricity/h336.json,9bdcb7bcb7d83f952267c596d4698755071dfeb2cfb30997704023c321ade351,44,early_fusion
/work/11617/sujato_ts/vista/motion_code-master/physics_modal_v4/enhancements/results/central/checkpoints/early_fusion/seed44/Electricity/h720.pt,07dbe6e02bb9c5ca,False,Electricity,central,720,LatentFlow,physics_modal_v4/enhancements/results/central/runs/early_fusion/seed44/Electricity/h720.json,c89c83e0b55c668e81e55f6a03e0142c57960e2a4a603519055a926f4b3ef909,44,early_fusion
/work/11617/sujato_ts/vista/motion_code-master/physics_modal_v4/enhancements/results/central/checkpoints/early_fusion/seed44/Electricity/h96.pt,3b8bfd92c8357729,False,Electricity,central,96,LatentFlow,physics_modal_v4/enhancements/results/central/runs/early_fusion/seed44/Electricity/h96.json,0964fa6090558e61ea97b5bf4f280bb129ca355ed1c61fe93c79b75065198792,44,early_fusion
/work/11617/sujato_ts/vista/motion_code-master/physics_modal_v4/enhancements/results/central/checkpoints/early_fusion/seed44/Traffic/h192.pt,6404f660f9d71b0d,False,Traffic,central,192,LatentFlow,physics_modal_v4/enhancements/results/central/runs/early_fusion/seed44/Traffic/h192.json,a64db7359675900a7efbb51e00cc3d0edbd5558f2cabbff9f12fe26f558874c2,44,early_fusion
/work/11617/sujato_ts/vista/motion_code-master/physics_modal_v4/enhancements/results/central/checkpoints/early_fusion/seed44/Traffic/h336.pt,af4f5e91004e3977,False,Traffic,central,336,LatentFlow,physics_modal_v4/enhancements/results/central/runs/early_fusion/seed44/Traffic/h336.json,1f415c0b596bf3312f0c20ef66ee2e3792734c71da79886c77363656eb3bae8e,44,early_fusion
/work/11617/sujato_ts/vista/motion_code-master/physics_modal_v4/enhancements/results/central/checkpoints/early_fusion/seed44/Traffic/h720.pt,fe190de8cbdc09ac,False,Traffic,central,720,LatentFlow,physics_modal_v4/enhancements/results/central/runs/early_fusion/seed44/Traffic/h720.json,427126e6bf949537631a99836e7d34242742a7ec507ed6b688ffc388035c5f15,44,early_fusion
/work/11617/sujato_ts/vista/motion_code-master/physics_modal_v4/enhancements/results/central/checkpoints/early_fusion/seed44/Traffic/h96.pt,cf78d86ecc754405,False,Traffic,central,96,LatentFlow,physics_modal_v4/enhancements/results/central/runs/early_fusion/seed44/Traffic/h96.json,558da66fc623c1222a2764fbcafe9ae2c41c6040b37173ca63babf53aa3cb0c7,44,early_fusion
/work/11617/sujato_ts/vista/motion_code-master/physics_modal_v4/enhancements/results/central/checkpoints/early_fusion/seed44/Weather/h192.pt,c9abc814f41217aa,False,Weather,central,192,LatentFlow,physics_modal_v4/enhancements/results/central/runs/early_fusion/seed44/Weather/h192.json,a8915cb660593c9aa99835078901269a4c8fb02a6d24848ba542d9f3a237cc39,44,early_fusion
/work/11617/sujato_ts/vista/motion_code-master/physics_modal_v4/enhancements/results/central/checkpoints/early_fusion/seed44/Weather/h336.pt,23bd6425596572e7,False,Weather,central,336,LatentFlow,physics_modal_v4/enhancements/results/central/runs/early_fusion/seed44/Weather/h336.json,ccb6856413dde609aa8d54d9faae315ab575ff64e8ab01af121d00d5b0a11211,44,early_fusion
/work/11617/sujato_ts/vista/motion_code-master/physics_modal_v4/enhancements/results/central/checkpoints/early_fusion/seed44/Weather/h720.pt,ce3f77c43451b061,False,Weather,central,720,LatentFlow,physics_modal_v4/enhancements/results/central/runs/early_fusion/seed44/Weather/h720.json,3bb513365b8810f174a8da86e1642814681761a1ee5a0de32979668e906c2a6e,44,early_fusion
/work/11617/sujato_ts/vista/motion_code-master/physics_modal_v4/enhancements/results/central/checkpoints/early_fusion/seed44/Weather/h96.pt,cbddda5d93459581,False,Weather,central,96,LatentFlow,physics_modal_v4/enhancements/results/central/runs/early_fusion/seed44/Weather/h96.json,6fa177ec26da0370db187dda6b2b11023e631a85b7191cfa1b90c4913a4e11ed,44,early_fusion
/work/11617/sujato_ts/vista/motion_code-master/physics_modal_v4/enhancements/results/central/checkpoints/early_fusion/seed45/ETTh1/h192.pt,ece4b2375b252de5,False,ETTh1,central,192,LatentFlow,physics_modal_v4/enhancements/results/central/runs/early_fusion/seed45/ETTh1/h192.json,c7f94861464850214073534468549a737bd4639e46340ddc7b7893c152003325,45,early_fusion
/work/11617/sujato_ts/vista/motion_code-master/physics_modal_v4/enhancements/results/central/checkpoints/early_fusion/seed45/ETTh1/h336.pt,63590df867ab4a58,False,ETTh1,central,336,LatentFlow,physics_modal_v4/enhancements/results/central/runs/early_fusion/seed45/ETTh1/h336.json,dc73a61abae8d799dc3c20d726da25ec3df346d1229a76a760a6d170c8ae5606,45,early_fusion
/work/11617/sujato_ts/vista/motion_code-master/physics_modal_v4/enhancements/results/central/checkpoints/early_fusion/seed45/ETTh1/h720.pt,a54aa89cfdf7d32c,False,ETTh1,central,720,LatentFlow,physics_modal_v4/enhancements/results/central/runs/early_fusion/seed45/ETTh1/h720.json,3f89cef9962e04d73764ae61d6a1dad8a8b24ba326849c5d71885748641b5e90,45,early_fusion
/work/11617/sujato_ts/vista/motion_code-master/physics_modal_v4/enhancements/results/central/checkpoints/early_fusion/seed45/ETTh1/h96.pt,b532efe6e490266c,False,ETTh1,central,96,LatentFlow,physics_modal_v4/enhancements/results/central/runs/early_fusion/seed45/ETTh1/h96.json,8066b7def035585bd09b50411623896970e4da9b5be05245b797ab4eca12da30,45,early_fusion
/work/11617/sujato_ts/vista/motion_code-master/physics_modal_v4/enhancements/results/central/checkpoints/early_fusion/seed45/ETTh2/h192.pt,89782c53f7fc007f,False,ETTh2,central,192,LatentFlow,physics_modal_v4/enhancements/results/central/runs/early_fusion/seed45/ETTh2/h192.json,70af326c4a7dccb95b16a05ad2158b69d68eb2d760617ce3f30c75c6146e9310,45,early_fusion
/work/11617/sujato_ts/vista/motion_code-master/physics_modal_v4/enhancements/results/central/checkpoints/early_fusion/seed45/ETTh2/h336.pt,0c37c226adc37a96,False,ETTh2,central,336,LatentFlow,physics_modal_v4/enhancements/results/central/runs/early_fusion/seed45/ETTh2/h336.json,b27420d2637f0833cc2cda02c0211076e1e4125ae0d56fcdfa290fbc66b05909,45,early_fusion
/work/11617/sujato_ts/vista/motion_code-master/physics_modal_v4/enhancements/results/central/checkpoints/early_fusion/seed45/ETTh2/h720.pt,9fd1ccdcfe4e2e9a,False,ETTh2,central,720,LatentFlow,physics_modal_v4/enhancements/results/central/runs/early_fusion/seed45/ETTh2/h720.json,bd2baa650929d86104f8aac1617520f6e5fcffe6fcc0c95ec33e46d3f1f98f61,45,early_fusion
/work/11617/sujato_ts/vista/motion_code-master/physics_modal_v4/enhancements/results/central/checkpoints/early_fusion/seed45/ETTh2/h96.pt,652d8b0ef53af284,False,ETTh2,central,96,LatentFlow,physics_modal_v4/enhancements/results/central/runs/early_fusion/seed45/ETTh2/h96.json,a2dd99fcbf09690485f2ffd8138b3770ceef56e45213ee68bd8c02baf1d8ee36,45,early_fusion
/work/11617/sujato_ts/vista/motion_code-master/physics_modal_v4/enhancements/results/central/checkpoints/early_fusion/seed45/ETTm1/h192.pt,49522eb6047aa1e2,False,ETTm1,central,192,LatentFlow,physics_modal_v4/enhancements/results/central/runs/early_fusion/seed45/ETTm1/h192.json,f396f8ae14daee78960b073820670851d7db999e7da4c88067774f6aad664105,45,early_fusion
/work/11617/sujato_ts/vista/motion_code-master/physics_modal_v4/enhancements/results/central/checkpoints/early_fusion/seed45/ETTm1/h336.pt,35fce118f4f16bc4,False,ETTm1,central,336,LatentFlow,physics_modal_v4/enhancements/results/central/runs/early_fusion/seed45/ETTm1/h336.json,813ab19541651d7c22192ece7d9742e57cead8dbe1ed6a89168240159bd0f3db,45,early_fusion
/work/11617/sujato_ts/vista/motion_code-master/physics_modal_v4/enhancements/results/central/checkpoints/early_fusion/seed45/ETTm1/h720.pt,ffa333498ecfe1bf,False,ETTm1,central,720,LatentFlow,physics_modal_v4/enhancements/results/central/runs/early_fusion/seed45/ETTm1/h720.json,caee164353be098d855e307f0b22f3cfa3f8f5eb0530503a7283d5ff44faea4c,45,early_fusion
/work/11617/sujato_ts/vista/motion_code-master/physics_modal_v4/enhancements/results/central/checkpoints/early_fusion/seed45/ETTm1/h96.pt,bf54da4cf8ba2c58,False,ETTm1,central,96,LatentFlow,physics_modal_v4/enhancements/results/central/runs/early_fusion/seed45/ETTm1/h96.json,626645aaa40b8898ef9957d258d95d5cf87a535aa7c7cf5f0d33cf93b7f7bae5,45,early_fusion
/work/11617/sujato_ts/vista/motion_code-master/physics_modal_v4/enhancements/results/central/checkpoints/early_fusion/seed45/ETTm2/h192.pt,fcb23553a68c6238,False,ETTm2,central,192,LatentFlow,physics_modal_v4/enhancements/results/central/runs/early_fusion/seed45/ETTm2/h192.json,be1da4f0b78a5f5476199f3cea91a0312bd9ed64d250f628e7cfae08b64d4374,45,early_fusion
/work/11617/sujato_ts/vista/motion_code-master/physics_modal_v4/enhancements/results/central/checkpoints/early_fusion/seed45/ETTm2/h336.pt,51a28ef6d9ee0701,False,ETTm2,central,336,LatentFlow,physics_modal_v4/enhancements/results/central/runs/early_fusion/seed45/ETTm2/h336.json,4853468cb84a6086f4e94c0303d4ff306128b24de6bad360b9ad317396f01933,45,early_fusion
/work/11617/sujato_ts/vista/motion_code-master/physics_modal_v4/enhancements/results/central/checkpoints/early_fusion/seed45/ETTm2/h720.pt,07f59c2777c16308,False,ETTm2,central,720,LatentFlow,physics_modal_v4/enhancements/results/central/runs/early_fusion/seed45/ETTm2/h720.json,eee57bb5ceb1c5d4f9098269209126095b1315673ad983eccd3240907e90e653,45,early_fusion
/work/11617/sujato_ts/vista/motion_code-master/physics_modal_v4/enhancements/results/central/checkpoints/early_fusion/seed45/ETTm2/h96.pt,5a632561c95a43a4,False,ETTm2,central,96,LatentFlow,physics_modal_v4/enhancements/results/central/runs/early_fusion/seed45/ETTm2/h96.json,93eefd01f7079de7087b6bfd407eb9ace80799f47209dfec6787f5b60455b726,45,early_fusion
/work/11617/sujato_ts/vista/motion_code-master/physics_modal_v4/enhancements/results/central/checkpoints/early_fusion/seed45/Electricity/h192.pt,2268fb0ecefca12d,False,Electricity,central,192,LatentFlow,physics_modal_v4/enhancements/results/central/runs/early_fusion/seed45/Electricity/h192.json,7d4f9bee7f811228c518cce8ac7bd00b5bc71762dde64b7640a7ab6e02410965,45,early_fusion
/work/11617/sujato_ts/vista/motion_code-master/physics_modal_v4/enhancements/results/central/checkpoints/early_fusion/seed45/Electricity/h336.pt,df41508a4d1b70a7,False,Electricity,central,336,LatentFlow,physics_modal_v4/enhancements/results/central/runs/early_fusion/seed45/Electricity/h336.json,7bc5e6eea79dadca306ff8e67dd4e3616df854e89554947a07789cb220cf7a29,45,early_fusion
/work/11617/sujato_ts/vista/motion_code-master/physics_modal_v4/enhancements/results/central/checkpoints/early_fusion/seed45/Electricity/h720.pt,27fccfc17a384e01,False,Electricity,central,720,LatentFlow,physics_modal_v4/enhancements/results/central/runs/early_fusion/seed45/Electricity/h720.json,48ee94c74a6d3c7ec41b26144cfbad4ee8c6a5a81556fb3b35b46a6dc692f6c7,45,early_fusion
/work/11617/sujato_ts/vista/motion_code-master/physics_modal_v4/enhancements/results/central/checkpoints/early_fusion/seed45/Electricity/h96.pt,3eb341d4737432c6,False,Electricity,central,96,LatentFlow,physics_modal_v4/enhancements/results/central/runs/early_fusion/seed45/Electricity/h96.json,5e767d2740515e32ea1f637c7fc48b5697b57a9417d067957348bab83fa442a2,45,early_fusion
/work/11617/sujato_ts/vista/motion_code-master/physics_modal_v4/enhancements/results/central/checkpoints/early_fusion/seed45/Traffic/h192.pt,250335849e5ebb09,False,Traffic,central,192,LatentFlow,physics_modal_v4/enhancements/results/central/runs/early_fusion/seed45/Traffic/h192.json,8ed234ae397991dd1f81e25178216b93900361359118294ab5140767b6bd1301,45,early_fusion
/work/11617/sujato_ts/vista/motion_code-master/physics_modal_v4/enhancements/results/central/checkpoints/early_fusion/seed45/Traffic/h336.pt,642be2af653d2a19,False,Traffic,central,336,LatentFlow,physics_modal_v4/enhancements/results/central/runs/early_fusion/seed45/Traffic/h336.json,1917dadaba94019c3120fc9d6aac69fb1d1b37e9a8f7cd314c37d5d6500f413d,45,early_fusion
/work/11617/sujato_ts/vista/motion_code-master/physics_modal_v4/enhancements/results/central/checkpoints/early_fusion/seed45/Traffic/h720.pt,3d24052fa0e3ff7d,False,Traffic,central,720,LatentFlow,physics_modal_v4/enhancements/results/central/runs/early_fusion/seed45/Traffic/h720.json,250223bd02a037a1a2b8f649d0d8e0fe71c8dff64964c5b5708d4020213a56b1,45,early_fusion
/work/11617/sujato_ts/vista/motion_code-master/physics_modal_v4/enhancements/results/central/checkpoints/early_fusion/seed45/Traffic/h96.pt,5e708a572a202e96,False,Traffic,central,96,LatentFlow,physics_modal_v4/enhancements/results/central/runs/early_fusion/seed45/Traffic/h96.json,64de15aa5ad1624e16baf0a6b0f36fe3966407ff00a055995ed0cb71564ad32c,45,early_fusion
/work/11617/sujato_ts/vista/motion_code-master/physics_modal_v4/enhancements/results/central/checkpoints/early_fusion/seed45/Weather/h192.pt,3aedb806dc41fd03,False,Weather,central,192,LatentFlow,physics_modal_v4/enhancements/results/central/runs/early_fusion/seed45/Weather/h192.json,6ecd53ed4c1d8c0520e1cf97c5737e2cea0ff77360fba736ce23aabcdd1b411a,45,early_fusion
/work/11617/sujato_ts/vista/motion_code-master/physics_modal_v4/enhancements/results/central/checkpoints/early_fusion/seed45/Weather/h336.pt,810a885864aa615f,False,Weather,central,336,LatentFlow,physics_modal_v4/enhancements/results/central/runs/early_fusion/seed45/Weather/h336.json,b5eed17e3e5b299b543dd61c534ffc7a9244a76c8112392a4592cb7063e08edc,45,early_fusion
/work/11617/sujato_ts/vista/motion_code-master/physics_modal_v4/enhancements/results/central/checkpoints/early_fusion/seed45/Weather/h720.pt,43ea23f63a1e0398,False,Weather,central,720,LatentFlow,physics_modal_v4/enhancements/results/central/runs/early_fusion/seed45/Weather/h720.json,0f30fa8fbab1d384c0759d515b0fb1f72880547347fe9608764bb0e07d38868b,45,early_fusion
/work/11617/sujato_ts/vista/motion_code-master/physics_modal_v4/enhancements/results/central/checkpoints/early_fusion/seed45/Weather/h96.pt,f1c7208e2bf7caaf,False,Weather,central,96,LatentFlow,physics_modal_v4/enhancements/results/central/runs/early_fusion/seed45/Weather/h96.json,636131669562c31be29568815386d5eb3e8157267df6807b977bebe973f30b24,45,early_fusion
/work/11617/sujato_ts/vista/motion_code-master/physics_modal_v4/enhancements/results/central/checkpoints/early_fusion/seed46/ETTh1/h192.pt,b12a9bc48de581da,False,ETTh1,central,192,LatentFlow,physics_modal_v4/enhancements/results/central/runs/early_fusion/seed46/ETTh1/h192.json,3a00431898f11fcfccfb8ce4ecf175aca78c3a0b956f5d7839ef4915905fbbe8,46,early_fusion
/work/11617/sujato_ts/vista/motion_code-master/physics_modal_v4/enhancements/results/central/checkpoints/early_fusion/seed46/ETTh1/h336.pt,db84c424a62b659a,False,ETTh1,central,336,LatentFlow,physics_modal_v4/enhancements/results/central/runs/early_fusion/seed46/ETTh1/h336.json,a97d140e358a84336f73d257c44cbec708bc8d1d9518b53f30e85e11127e5608,46,early_fusion
/work/11617/sujato_ts/vista/motion_code-master/physics_modal_v4/enhancements/results/central/checkpoints/early_fusion/seed46/ETTh1/h720.pt,2614c76fc842f33f,False,ETTh1,central,720,LatentFlow,physics_modal_v4/enhancements/results/central/runs/early_fusion/seed46/ETTh1/h720.json,6b7172c3f818bb8abe3064a505e107afd2de4581d05446d36e78c697e318d9eb,46,early_fusion
/work/11617/sujato_ts/vista/motion_code-master/physics_modal_v4/enhancements/results/central/checkpoints/early_fusion/seed46/ETTh1/h96.pt,a1541a118db5e984,False,ETTh1,central,96,LatentFlow,physics_modal_v4/enhancements/results/central/runs/early_fusion/seed46/ETTh1/h96.json,44f87adb937b57fc8b39ca39d416d4d939ff644cf26c4fe733dd05df2f8059a8,46,early_fusion
/work/11617/sujato_ts/vista/motion_code-master/physics_modal_v4/enhancements/results/central/checkpoints/early_fusion/seed46/ETTh2/h192.pt,8ed55e598884e516,False,ETTh2,central,192,LatentFlow,physics_modal_v4/enhancements/results/central/runs/early_fusion/seed46/ETTh2/h192.json,15dd5896bb6356ac13e2d81af42deb6863dd359695abe96201139182078416d2,46,early_fusion
/work/11617/sujato_ts/vista/motion_code-master/physics_modal_v4/enhancements/results/central/checkpoints/early_fusion/seed46/ETTh2/h336.pt,c769882ceee5bd0a,False,ETTh2,central,336,LatentFlow,physics_modal_v4/enhancements/results/central/runs/early_fusion/seed46/ETTh2/h336.json,947f6d59ee5ee78b0f28ffa1d75a67d4aa7f8c75302af7b71cdfa626fed17d30,46,early_fusion
/work/11617/sujato_ts/vista/motion_code-master/physics_modal_v4/enhancements/results/central/checkpoints/early_fusion/seed46/ETTh2/h720.pt,105c11c583537552,False,ETTh2,central,720,LatentFlow,physics_modal_v4/enhancements/results/central/runs/early_fusion/seed46/ETTh2/h720.json,f7c5cf6c976fd2cf3123a8316a99839c8d3306187981fe4a4fa0cd27b5df02d2,46,early_fusion
/work/11617/sujato_ts/vista/motion_code-master/physics_modal_v4/enhancements/results/central/checkpoints/early_fusion/seed46/ETTh2/h96.pt,bc2ad47cb2ce2aae,False,ETTh2,central,96,LatentFlow,physics_modal_v4/enhancements/results/central/runs/early_fusion/seed46/ETTh2/h96.json,c2a3facb5e38646bd0b5e4d4c28c6cb891f6bbe8753870f9eec14db0122313fa,46,early_fusion
/work/11617/sujato_ts/vista/motion_code-master/physics_modal_v4/enhancements/results/central/checkpoints/early_fusion/seed46/ETTm1/h192.pt,0c920f5be77ce517,False,ETTm1,central,192,LatentFlow,physics_modal_v4/enhancements/results/central/runs/early_fusion/seed46/ETTm1/h192.json,8b14974dc34a1fb50e5df5810f3fd1b1d73aa2810cca6005a53e48d51d2aac69,46,early_fusion
/work/11617/sujato_ts/vista/motion_code-master/physics_modal_v4/enhancements/results/central/checkpoints/early_fusion/seed46/ETTm1/h336.pt,c5461eb7ed1307eb,False,ETTm1,central,336,LatentFlow,physics_modal_v4/enhancements/results/central/runs/early_fusion/seed46/ETTm1/h336.json,e6194c215b3c98c2de08ec712396d0b38088ea031f523411da5032854782faaf,46,early_fusion
/work/11617/sujato_ts/vista/motion_code-master/physics_modal_v4/enhancements/results/central/checkpoints/early_fusion/seed46/ETTm1/h720.pt,c3641b8fda86c488,False,ETTm1,central,720,LatentFlow,physics_modal_v4/enhancements/results/central/runs/early_fusion/seed46/ETTm1/h720.json,180fc5f52931485508992b040cedcc27dc16ff5a857abf8a1141562882046629,46,early_fusion
/work/11617/sujato_ts/vista/motion_code-master/physics_modal_v4/enhancements/results/central/checkpoints/early_fusion/seed46/ETTm1/h96.pt,25180d4313d87d39,False,ETTm1,central,96,LatentFlow,physics_modal_v4/enhancements/results/central/runs/early_fusion/seed46/ETTm1/h96.json,8ba57d418557e58d9a21a6fe53678c01f8af168399064825d53990c7758da111,46,early_fusion
/work/11617/sujato_ts/vista/motion_code-master/physics_modal_v4/enhancements/results/central/checkpoints/early_fusion/seed46/ETTm2/h192.pt,78005abee6a0d643,False,ETTm2,central,192,LatentFlow,physics_modal_v4/enhancements/results/central/runs/early_fusion/seed46/ETTm2/h192.json,dad4e16c59928987211f444f3269f2421f681cc67c792ceffb58409ece5e1992,46,early_fusion
/work/11617/sujato_ts/vista/motion_code-master/physics_modal_v4/enhancements/results/central/checkpoints/early_fusion/seed46/ETTm2/h336.pt,fb153826f4a06d45,False,ETTm2,central,336,LatentFlow,physics_modal_v4/enhancements/results/central/runs/early_fusion/seed46/ETTm2/h336.json,2b646b4ca9c152e8ef597c9a613c64f1d4d7569b9af878825ec6215051ddb088,46,early_fusion
/work/11617/sujato_ts/vista/motion_code-master/physics_modal_v4/enhancements/results/central/checkpoints/early_fusion/seed46/ETTm2/h720.pt,aaf304953bf99eec,False,ETTm2,central,720,LatentFlow,physics_modal_v4/enhancements/results/central/runs/early_fusion/seed46/ETTm2/h720.json,24befcf53eacf6b84cf0ddfada7afa02e7b565a22bd8c0894aa7d932bde0d7d7,46,early_fusion
/work/11617/sujato_ts/vista/motion_code-master/physics_modal_v4/enhancements/results/central/checkpoints/early_fusion/seed46/ETTm2/h96.pt,8bc1b2267d14cc88,False,ETTm2,central,96,LatentFlow,physics_modal_v4/enhancements/results/central/runs/early_fusion/seed46/ETTm2/h96.json,227220d668af017e867e9f8d99834083dbe70093ce927ca462bd2d9b6ddf56ea,46,early_fusion
/work/11617/sujato_ts/vista/motion_code-master/physics_modal_v4/enhancements/results/central/checkpoints/early_fusion/seed46/Electricity/h192.pt,67b8b2298396b24f,False,Electricity,central,192,LatentFlow,physics_modal_v4/enhancements/results/central/runs/early_fusion/seed46/Electricity/h192.json,a96bb40585dd15047b119ad42681481d08aaec3a442e61be23446cf7d05a2001,46,early_fusion
/work/11617/sujato_ts/vista/motion_code-master/physics_modal_v4/enhancements/results/central/checkpoints/early_fusion/seed46/Electricity/h336.pt,1e6661e5de2babfa,False,Electricity,central,336,LatentFlow,physics_modal_v4/enhancements/results/central/runs/early_fusion/seed46/Electricity/h336.json,f35653894a1ef4901ad9f9e0099886ca62cb2d285cd0ae5a3f269e4956a4c9dd,46,early_fusion
/work/11617/sujato_ts/vista/motion_code-master/physics_modal_v4/enhancements/results/central/checkpoints/early_fusion/seed46/Electricity/h720.pt,aefd1b53bf55ee28,False,Electricity,central,720,LatentFlow,physics_modal_v4/enhancements/results/central/runs/early_fusion/seed46/Electricity/h720.json,386cd3b4eb857947e035cc5b860ef2b8776d8fb96b2ddb602f3793fad2eafaf5,46,early_fusion
/work/11617/sujato_ts/vista/motion_code-master/physics_modal_v4/enhancements/results/central/checkpoints/early_fusion/seed46/Electricity/h96.pt,6fc981736394881e,False,Electricity,central,96,LatentFlow,physics_modal_v4/enhancements/results/central/runs/early_fusion/seed46/Electricity/h96.json,12bcf83956cccb04832ccef453fa8733ce3f0154e4cb9175030971f30c200bb5,46,early_fusion
/work/11617/sujato_ts/vista/motion_code-master/physics_modal_v4/enhancements/results/central/checkpoints/early_fusion/seed46/Traffic/h192.pt,88f1c3fa7b4990e8,False,Traffic,central,192,LatentFlow,physics_modal_v4/enhancements/results/central/runs/early_fusion/seed46/Traffic/h192.json,e8581a41e40d8f03e70e99f853f4b9ace32f7823f48599e3f93a66477c3ad303,46,early_fusion
/work/11617/sujato_ts/vista/motion_code-master/physics_modal_v4/enhancements/results/central/checkpoints/early_fusion/seed46/Traffic/h336.pt,a93b55ac042cc7b7,False,Traffic,central,336,LatentFlow,physics_modal_v4/enhancements/results/central/runs/early_fusion/seed46/Traffic/h336.json,7b6677e1c27b194552202ec25b47e3406eec008671edd4f7135a3aa13b9a33f5,46,early_fusion
/work/11617/sujato_ts/vista/motion_code-master/physics_modal_v4/enhancements/results/central/checkpoints/early_fusion/seed46/Traffic/h720.pt,97ea920d6093dfcf,False,Traffic,central,720,LatentFlow,physics_modal_v4/enhancements/results/central/runs/early_fusion/seed46/Traffic/h720.json,fda8609feceb9cc38ec12afabb90bf42a522f0a4d3c14a6a62f2e8e3b35e1004,46,early_fusion
/work/11617/sujato_ts/vista/motion_code-master/physics_modal_v4/enhancements/results/central/checkpoints/early_fusion/seed46/Traffic/h96.pt,e544796647522758,False,Traffic,central,96,LatentFlow,physics_modal_v4/enhancements/results/central/runs/early_fusion/seed46/Traffic/h96.json,8f23184111d8f1112eb4d684766c65ff07d6860dc912cc473af1b7874f91c735,46,early_fusion
/work/11617/sujato_ts/vista/motion_code-master/physics_modal_v4/enhancements/results/central/checkpoints/early_fusion/seed46/Weather/h192.pt,6d33f92b16c18e6a,False,Weather,central,192,LatentFlow,physics_modal_v4/enhancements/results/central/runs/early_fusion/seed46/Weather/h192.json,9d2b1bf7894e965262978d10294617d658a69a2da93ebb0d3cd2afb840cc77af,46,early_fusion
/work/11617/sujato_ts/vista/motion_code-master/physics_modal_v4/enhancements/results/central/checkpoints/early_fusion/seed46/Weather/h336.pt,6665c90f6835f755,False,Weather,central,336,LatentFlow,physics_modal_v4/enhancements/results/central/runs/early_fusion/seed46/Weather/h336.json,d2aa769a066d3209d9336b15d46ec6b4e63d94c39bb9f4a60fda2e0742b49508,46,early_fusion
/work/11617/sujato_ts/vista/motion_code-master/physics_modal_v4/enhancements/results/central/checkpoints/early_fusion/seed46/Weather/h720.pt,489f3fc6bdc8bb98,False,Weather,central,720,LatentFlow,physics_modal_v4/enhancements/results/central/runs/early_fusion/seed46/Weather/h720.json,b39e94d7579f062b73e254f61c12df1b76bfb03b3e07b1b07d12fa81b98a778c,46,early_fusion
/work/11617/sujato_ts/vista/motion_code-master/physics_modal_v4/enhancements/results/central/checkpoints/early_fusion/seed46/Weather/h96.pt,9ede67e0824dfc02,False,Weather,central,96,LatentFlow,physics_modal_v4/enhancements/results/central/runs/early_fusion/seed46/Weather/h96.json,932d1c07d182c075e1884605bc4693d05f682f8fbbcaa00420d9301da50a41ec,46,early_fusion
/work/11617/sujato_ts/vista/motion_code-master/physics_modal_v4/results/final/checkpoints/LatentFlow/seed42/ETTh1/h192.pt,6db6211b3774c5ce,False,ETTh1,central,192,LatentFlow,physics_modal_v4/enhancements/results/central/runs/final_no_exchange/seed42/ETTh1/h192.json,f8f6830bcd0f63773f69a72290dccca04ca89838c20ec9aa82f0d4a6b5d5fd77,42,final_no_exchange
/work/11617/sujato_ts/vista/motion_code-master/physics_modal_v4/results/final/checkpoints/LatentFlow/seed42/ETTh1/h336.pt,0d8ede807aedc0fa,False,ETTh1,central,336,LatentFlow,physics_modal_v4/enhancements/results/central/runs/final_no_exchange/seed42/ETTh1/h336.json,5beacddca8acd2395f865f1079ec5647ee1eba81aa7052c467aefe2b791e48cf,42,final_no_exchange
/work/11617/sujato_ts/vista/motion_code-master/physics_modal_v4/results/final/checkpoints/LatentFlow/seed42/ETTh1/h720.pt,3d10c535e64ac8af,False,ETTh1,central,720,LatentFlow,physics_modal_v4/enhancements/results/central/runs/final_no_exchange/seed42/ETTh1/h720.json,d1902e6dd204e471e9633f7d3fbe56851ab190c63ea491d53a575d6170d54b7a,42,final_no_exchange
/work/11617/sujato_ts/vista/motion_code-master/physics_modal_v4/results/final/checkpoints/LatentFlow/seed42/ETTh1/h96.pt,3d875743e9f2eb6c,False,ETTh1,central,96,LatentFlow,physics_modal_v4/enhancements/results/central/runs/final_no_exchange/seed42/ETTh1/h96.json,90ea1ef7a25bd77e64c8fc722308865ea348de68aeb94221a796b75ecf311782,42,final_no_exchange
/work/11617/sujato_ts/vista/motion_code-master/physics_modal_v4/results/final/checkpoints/LatentFlow/seed42/ETTh2/h192.pt,0abb22a2ee9a2077,False,ETTh2,central,192,LatentFlow,physics_modal_v4/enhancements/results/central/runs/final_no_exchange/seed42/ETTh2/h192.json,7dfd77275d2c65650792737db3de30712c72ce54a7309df3d7fe696998ca9f4c,42,final_no_exchange
/work/11617/sujato_ts/vista/motion_code-master/physics_modal_v4/results/final/checkpoints/LatentFlow/seed42/ETTh2/h336.pt,3aa94d6a73e6920e,False,ETTh2,central,336,LatentFlow,physics_modal_v4/enhancements/results/central/runs/final_no_exchange/seed42/ETTh2/h336.json,4eae14fdfd2d0e9b8ddd482b0efa3053f3c168119a2142a7a9543c44d27cade3,42,final_no_exchange
/work/11617/sujato_ts/vista/motion_code-master/physics_modal_v4/results/final/checkpoints/LatentFlow/seed42/ETTh2/h720.pt,1911a616f0f9262c,False,ETTh2,central,720,LatentFlow,physics_modal_v4/enhancements/results/central/runs/final_no_exchange/seed42/ETTh2/h720.json,7c64898e05a252b8f03006d6705e9f77d5cfb7441303d740233010774bd1a6ec,42,final_no_exchange
/work/11617/sujato_ts/vista/motion_code-master/physics_modal_v4/results/final/checkpoints/LatentFlow/seed42/ETTh2/h96.pt,7fd366135d2a43cb,False,ETTh2,central,96,LatentFlow,physics_modal_v4/enhancements/results/central/runs/final_no_exchange/seed42/ETTh2/h96.json,4eddb38fa55e79f578ef04efd374e00800dfb88a0773cbfd6f4874ef8b17f4ae,42,final_no_exchange
/work/11617/sujato_ts/vista/motion_code-master/physics_modal_v4/results/final/checkpoints/LatentFlow/seed42/ETTm1/h192.pt,2bf953f4dd209fc0,False,ETTm1,central,192,LatentFlow,physics_modal_v4/enhancements/results/central/runs/final_no_exchange/seed42/ETTm1/h192.json,2c1d0d39d82bbcc23f74b6b38803e3afca76cd6a938388ed7ee3c2e3c873e96f,42,final_no_exchange
/work/11617/sujato_ts/vista/motion_code-master/physics_modal_v4/results/final/checkpoints/LatentFlow/seed42/ETTm1/h336.pt,80478875f80dd7ec,False,ETTm1,central,336,LatentFlow,physics_modal_v4/enhancements/results/central/runs/final_no_exchange/seed42/ETTm1/h336.json,d5c2e6d4658c6008d4e47c7987c6fd4bf5e44dde3b298c0d609f8959ce3870fb,42,final_no_exchange
/work/11617/sujato_ts/vista/motion_code-master/physics_modal_v4/results/final/checkpoints/LatentFlow/seed42/ETTm1/h720.pt,203c1432a07b9aff,False,ETTm1,central,720,LatentFlow,physics_modal_v4/enhancements/results/central/runs/final_no_exchange/seed42/ETTm1/h720.json,530d6ddf54f12c2cee18658c1a86d6ccf1752095b751163004ed57877b85f132,42,final_no_exchange
/work/11617/sujato_ts/vista/motion_code-master/physics_modal_v4/results/final/checkpoints/LatentFlow/seed42/ETTm1/h96.pt,6dda313d00b7a65c,False,ETTm1,central,96,LatentFlow,physics_modal_v4/enhancements/results/central/runs/final_no_exchange/seed42/ETTm1/h96.json,dd6d30fccfe2d7b2d29a472279741a43c46de3f74eeef573107aa74e155e0885,42,final_no_exchange
/work/11617/sujato_ts/vista/motion_code-master/physics_modal_v4/results/final/checkpoints/LatentFlow/seed42/ETTm2/h192.pt,878f636c4034e033,False,ETTm2,central,192,LatentFlow,physics_modal_v4/enhancements/results/central/runs/final_no_exchange/seed42/ETTm2/h192.json,85b15ec0cd553d0b0c69cf499d2d86bce448bf85614d78b043da910b12444a82,42,final_no_exchange
/work/11617/sujato_ts/vista/motion_code-master/physics_modal_v4/results/final/checkpoints/LatentFlow/seed42/ETTm2/h336.pt,829034b0d73c9f33,False,ETTm2,central,336,LatentFlow,physics_modal_v4/enhancements/results/central/runs/final_no_exchange/seed42/ETTm2/h336.json,28a732c7bbf6c93079cb84ab354243227e7de2522dec34d53b2aeeb3d391d5a5,42,final_no_exchange
/work/11617/sujato_ts/vista/motion_code-master/physics_modal_v4/results/final/checkpoints/LatentFlow/seed42/ETTm2/h720.pt,4e6422ff64a10024,False,ETTm2,central,720,LatentFlow,physics_modal_v4/enhancements/results/central/runs/final_no_exchange/seed42/ETTm2/h720.json,6fb7fff59004ea1606b07a5675a60038fbc732dadd87d7fbb2a6a8c3891632ad,42,final_no_exchange
/work/11617/sujato_ts/vista/motion_code-master/physics_modal_v4/results/final/checkpoints/LatentFlow/seed42/ETTm2/h96.pt,0aaef4c089d5a272,False,ETTm2,central,96,LatentFlow,physics_modal_v4/enhancements/results/central/runs/final_no_exchange/seed42/ETTm2/h96.json,9cb865a425c8c769823891cc09ec872e8af7fd395484a87fa24892a4e3d959a1,42,final_no_exchange
/work/11617/sujato_ts/vista/motion_code-master/physics_modal_v4/results/final/checkpoints/LatentFlow/seed42/Electricity/h192.pt,de5c3e6599f502bb,False,Electricity,central,192,LatentFlow,physics_modal_v4/enhancements/results/central/runs/final_no_exchange/seed42/Electricity/h192.json,dd6aaf871951a8d8eccd11f347ef953f7068737021b657636a726e8cde2fd832,42,final_no_exchange
/work/11617/sujato_ts/vista/motion_code-master/physics_modal_v4/results/final/checkpoints/LatentFlow/seed42/Electricity/h336.pt,a221ffca06797e79,False,Electricity,central,336,LatentFlow,physics_modal_v4/enhancements/results/central/runs/final_no_exchange/seed42/Electricity/h336.json,2bca6720d7f4f648d26a1456d13c22d1b47b9c7403d6e4e5fd09acf10e79c175,42,final_no_exchange
/work/11617/sujato_ts/vista/motion_code-master/physics_modal_v4/results/final/checkpoints/LatentFlow/seed42/Electricity/h720.pt,2746d6000bc8214c,False,Electricity,central,720,LatentFlow,physics_modal_v4/enhancements/results/central/runs/final_no_exchange/seed42/Electricity/h720.json,1395368606f4dfa6194c8b63b311f34a23d071ce577dc7bbb39ce4db75e62e29,42,final_no_exchange
/work/11617/sujato_ts/vista/motion_code-master/physics_modal_v4/results/final/checkpoints/LatentFlow/seed42/Electricity/h96.pt,ecbad6e965f95018,False,Electricity,central,96,LatentFlow,physics_modal_v4/enhancements/results/central/runs/final_no_exchange/seed42/Electricity/h96.json,e32348a6ebd7fd7beaad0b288bf45b24b75991125c852aebea49cf888d5c1121,42,final_no_exchange
/work/11617/sujato_ts/vista/motion_code-master/physics_modal_v4/results/final/checkpoints/LatentFlow/seed42/Traffic/h192.pt,c7d92eebe2e9dd8c,False,Traffic,central,192,LatentFlow,physics_modal_v4/enhancements/results/central/runs/final_no_exchange/seed42/Traffic/h192.json,68da34d0334dcee2309710987e8bd928ab48bc16c89a2e181aee10b75cfc69c2,42,final_no_exchange
/work/11617/sujato_ts/vista/motion_code-master/physics_modal_v4/results/final/checkpoints/LatentFlow/seed42/Traffic/h336.pt,9585be32996524ab,False,Traffic,central,336,LatentFlow,physics_modal_v4/enhancements/results/central/runs/final_no_exchange/seed42/Traffic/h336.json,317f37f3037c2db080dadbdf0290a112b33dfc202a3708e0c07fe0a89658b8a0,42,final_no_exchange
/work/11617/sujato_ts/vista/motion_code-master/physics_modal_v4/results/final/checkpoints/LatentFlow/seed42/Traffic/h720.pt,2c0a9b94a210cb32,False,Traffic,central,720,LatentFlow,physics_modal_v4/enhancements/results/central/runs/final_no_exchange/seed42/Traffic/h720.json,ab0ada60b980bf0af0865077f51856c657c47b292e9c59f87a83ba137652a3bd,42,final_no_exchange
/work/11617/sujato_ts/vista/motion_code-master/physics_modal_v4/results/final/checkpoints/LatentFlow/seed42/Traffic/h96.pt,d76658e88fd41804,False,Traffic,central,96,LatentFlow,physics_modal_v4/enhancements/results/central/runs/final_no_exchange/seed42/Traffic/h96.json,00a8bbe7a38cece2222125ea2f86d678034d37896b3a455a69f665a347a23b8a,42,final_no_exchange
/work/11617/sujato_ts/vista/motion_code-master/physics_modal_v4/results/final/checkpoints/LatentFlow/seed42/Weather/h192.pt,b5576c37adf65d46,False,Weather,central,192,LatentFlow,physics_modal_v4/enhancements/results/central/runs/final_no_exchange/seed42/Weather/h192.json,102ab65ae6dd6007a73a1382d5a10592650cd56c601564c1183e88b619c282ee,42,final_no_exchange
/work/11617/sujato_ts/vista/motion_code-master/physics_modal_v4/results/final/checkpoints/LatentFlow/seed42/Weather/h336.pt,598633a7cdc66300,False,Weather,central,336,LatentFlow,physics_modal_v4/enhancements/results/central/runs/final_no_exchange/seed42/Weather/h336.json,76955006101ae38996f4c5e3123f06522ad4dae11ba60972f2ce3cf59e294f6f,42,final_no_exchange
/work/11617/sujato_ts/vista/motion_code-master/physics_modal_v4/results/final/checkpoints/LatentFlow/seed42/Weather/h720.pt,5f25bdd20d204b3a,False,Weather,central,720,LatentFlow,physics_modal_v4/enhancements/results/central/runs/final_no_exchange/seed42/Weather/h720.json,9acff31f6e2aee4a900b53962aacb17663a58c41f919b0cdf7d328ce518041b8,42,final_no_exchange
/work/11617/sujato_ts/vista/motion_code-master/physics_modal_v4/results/final/checkpoints/LatentFlow/seed42/Weather/h96.pt,5d8140260e263164,False,Weather,central,96,LatentFlow,physics_modal_v4/enhancements/results/central/runs/final_no_exchange/seed42/Weather/h96.json,01d4e04b1617a9e4c097e5e6808fb50930425acdc63db4e846c8854cd24ce5a7,42,final_no_exchange
/work/11617/sujato_ts/vista/motion_code-master/physics_modal_v4/results/final/checkpoints/LatentFlow/seed43/ETTh1/h192.pt,565a5b3dadfe41f5,False,ETTh1,central,192,LatentFlow,physics_modal_v4/enhancements/results/central/runs/final_no_exchange/seed43/ETTh1/h192.json,5118d33eb031864d24d403ee885ac11e05ffd9f857536338d4250dcd28c49c1e,43,final_no_exchange
/work/11617/sujato_ts/vista/motion_code-master/physics_modal_v4/results/final/checkpoints/LatentFlow/seed43/ETTh1/h336.pt,3654a9dedcaed34d,False,ETTh1,central,336,LatentFlow,physics_modal_v4/enhancements/results/central/runs/final_no_exchange/seed43/ETTh1/h336.json,51702edf0648adfa6d115f4eee67acbf3fef4c6d6ac97b701de3670c30c868f1,43,final_no_exchange
/work/11617/sujato_ts/vista/motion_code-master/physics_modal_v4/results/final/checkpoints/LatentFlow/seed43/ETTh1/h720.pt,726f5e92065d8999,False,ETTh1,central,720,LatentFlow,physics_modal_v4/enhancements/results/central/runs/final_no_exchange/seed43/ETTh1/h720.json,a717b053bb0d2195044dfbbc1ee0bd08e1419925b2e7ed00f8b1408babf16c57,43,final_no_exchange
/work/11617/sujato_ts/vista/motion_code-master/physics_modal_v4/results/final/checkpoints/LatentFlow/seed43/ETTh1/h96.pt,9c99a938bb653298,False,ETTh1,central,96,LatentFlow,physics_modal_v4/enhancements/results/central/runs/final_no_exchange/seed43/ETTh1/h96.json,d2d08efeef4c761d5de4c53f5b4a3827eccff8cc2a5eb3611b0b747697e04732,43,final_no_exchange
/work/11617/sujato_ts/vista/motion_code-master/physics_modal_v4/results/final/checkpoints/LatentFlow/seed43/ETTh2/h192.pt,08b89219a0b0a98f,False,ETTh2,central,192,LatentFlow,physics_modal_v4/enhancements/results/central/runs/final_no_exchange/seed43/ETTh2/h192.json,ec1c90fd3edf28360cc723839506eff05223641120d105ba2cfe666ac66a8ef2,43,final_no_exchange
/work/11617/sujato_ts/vista/motion_code-master/physics_modal_v4/results/final/checkpoints/LatentFlow/seed43/ETTh2/h336.pt,f72440e8f92d5139,False,ETTh2,central,336,LatentFlow,physics_modal_v4/enhancements/results/central/runs/final_no_exchange/seed43/ETTh2/h336.json,ddd0202c9d01d2b04f2226545ccf262392046112f1975c951ae141ee4691ece3,43,final_no_exchange
/work/11617/sujato_ts/vista/motion_code-master/physics_modal_v4/results/final/checkpoints/LatentFlow/seed43/ETTh2/h720.pt,13be50dbf7620ab8,False,ETTh2,central,720,LatentFlow,physics_modal_v4/enhancements/results/central/runs/final_no_exchange/seed43/ETTh2/h720.json,ead2df8eb623b5314bc5937d1578b695c24eb169db512279b86cf8cb041536bc,43,final_no_exchange
/work/11617/sujato_ts/vista/motion_code-master/physics_modal_v4/results/final/checkpoints/LatentFlow/seed43/ETTh2/h96.pt,28eebcc76867c005,False,ETTh2,central,96,LatentFlow,physics_modal_v4/enhancements/results/central/runs/final_no_exchange/seed43/ETTh2/h96.json,4ecc5de9ce2239d9d74f62819dff7fcf897902b03bb7c6c70b9be69edbe7f394,43,final_no_exchange
/work/11617/sujato_ts/vista/motion_code-master/physics_modal_v4/results/final/checkpoints/LatentFlow/seed43/ETTm1/h192.pt,76669be481207720,False,ETTm1,central,192,LatentFlow,physics_modal_v4/enhancements/results/central/runs/final_no_exchange/seed43/ETTm1/h192.json,b6486ab6dd2ce295a2a577c956d592d303e311641a957cd9264aae6f6a4630f5,43,final_no_exchange
/work/11617/sujato_ts/vista/motion_code-master/physics_modal_v4/results/final/checkpoints/LatentFlow/seed43/ETTm1/h336.pt,6b2991e59bd23d53,False,ETTm1,central,336,LatentFlow,physics_modal_v4/enhancements/results/central/runs/final_no_exchange/seed43/ETTm1/h336.json,cafc4df6335fc54220f57236a4e664ed2a535886c4fff5769e6d7550135d96ff,43,final_no_exchange
/work/11617/sujato_ts/vista/motion_code-master/physics_modal_v4/results/final/checkpoints/LatentFlow/seed43/ETTm1/h720.pt,2fafcdadc0887161,False,ETTm1,central,720,LatentFlow,physics_modal_v4/enhancements/results/central/runs/final_no_exchange/seed43/ETTm1/h720.json,e67eba11e44b6a17121edd8a19f709c652bf3a71cb59a00b978d213e6071b956,43,final_no_exchange
/work/11617/sujato_ts/vista/motion_code-master/physics_modal_v4/results/final/checkpoints/LatentFlow/seed43/ETTm1/h96.pt,4df9fd9c0648e17b,False,ETTm1,central,96,LatentFlow,physics_modal_v4/enhancements/results/central/runs/final_no_exchange/seed43/ETTm1/h96.json,d29cf6fcbd0eb61973da86a0254550b262326e979ab010938456857e846cec10,43,final_no_exchange
/work/11617/sujato_ts/vista/motion_code-master/physics_modal_v4/results/final/checkpoints/LatentFlow/seed43/ETTm2/h192.pt,e24a7d18fd45998c,False,ETTm2,central,192,LatentFlow,physics_modal_v4/enhancements/results/central/runs/final_no_exchange/seed43/ETTm2/h192.json,a865bed3943637a5e494e3dd998288b97e65fe6f026d2af806950cc8f7028244,43,final_no_exchange
/work/11617/sujato_ts/vista/motion_code-master/physics_modal_v4/results/final/checkpoints/LatentFlow/seed43/ETTm2/h336.pt,7e1a6e3f333c8b1a,False,ETTm2,central,336,LatentFlow,physics_modal_v4/enhancements/results/central/runs/final_no_exchange/seed43/ETTm2/h336.json,948b7d37f7050a11c145868b6376f9cf784647921217eeb3184d0f2d6313ef76,43,final_no_exchange
/work/11617/sujato_ts/vista/motion_code-master/physics_modal_v4/results/final/checkpoints/LatentFlow/seed43/ETTm2/h720.pt,325d8dd250e2b65b,False,ETTm2,central,720,LatentFlow,physics_modal_v4/enhancements/results/central/runs/final_no_exchange/seed43/ETTm2/h720.json,02d95d38ba126cfaa091ccb8209ca3267ed8efdb391efe2761f204fb4f75cd59,43,final_no_exchange
/work/11617/sujato_ts/vista/motion_code-master/physics_modal_v4/results/final/checkpoints/LatentFlow/seed43/ETTm2/h96.pt,b7512db8c67cc665,False,ETTm2,central,96,LatentFlow,physics_modal_v4/enhancements/results/central/runs/final_no_exchange/seed43/ETTm2/h96.json,7b07bc9e58ffbd6e1eb25ce2c3ba647efb8ba2d1ad12f8fbd6d364abf7390b36,43,final_no_exchange
/work/11617/sujato_ts/vista/motion_code-master/physics_modal_v4/results/final/checkpoints/LatentFlow/seed43/Electricity/h192.pt,5749343fc9530a9a,False,Electricity,central,192,LatentFlow,physics_modal_v4/enhancements/results/central/runs/final_no_exchange/seed43/Electricity/h192.json,6a45b578b159c9796ac49c99f80b28030d47a25dbc2c994749d44057a209da0a,43,final_no_exchange
/work/11617/sujato_ts/vista/motion_code-master/physics_modal_v4/results/final/checkpoints/LatentFlow/seed43/Electricity/h336.pt,31c5c56a93f01840,False,Electricity,central,336,LatentFlow,physics_modal_v4/enhancements/results/central/runs/final_no_exchange/seed43/Electricity/h336.json,460dfb3cdcd0d459ab6fa9654e0dedc4e3a932f3814b2e42574bce418540bd31,43,final_no_exchange
/work/11617/sujato_ts/vista/motion_code-master/physics_modal_v4/results/final/checkpoints/LatentFlow/seed43/Electricity/h720.pt,500b650f14e08f6c,False,Electricity,central,720,LatentFlow,physics_modal_v4/enhancements/results/central/runs/final_no_exchange/seed43/Electricity/h720.json,9f21bca88d2876a3e39a4d6017bfae6102f1abd92be04ed6806a853b4ed782c8,43,final_no_exchange
/work/11617/sujato_ts/vista/motion_code-master/physics_modal_v4/results/final/checkpoints/LatentFlow/seed43/Electricity/h96.pt,4e7fa0ad8fe8d0cc,False,Electricity,central,96,LatentFlow,physics_modal_v4/enhancements/results/central/runs/final_no_exchange/seed43/Electricity/h96.json,f1a28258f1a6264544460af2cbf06d61493c7c62060c44a27ead093173912610,43,final_no_exchange
/work/11617/sujato_ts/vista/motion_code-master/physics_modal_v4/results/final/checkpoints/LatentFlow/seed43/Traffic/h192.pt,b3c70b3d1a0253b5,False,Traffic,central,192,LatentFlow,physics_modal_v4/enhancements/results/central/runs/final_no_exchange/seed43/Traffic/h192.json,c772a5a18046c5e45fb87a443e4ae0a828833ad4fb19b5065ae6f0417f0f8265,43,final_no_exchange
/work/11617/sujato_ts/vista/motion_code-master/physics_modal_v4/results/final/checkpoints/LatentFlow/seed43/Traffic/h336.pt,f7dcb031578a9bc6,False,Traffic,central,336,LatentFlow,physics_modal_v4/enhancements/results/central/runs/final_no_exchange/seed43/Traffic/h336.json,14b5e046fd03eef9ef88ad3a05f74befb49b2686d4acdfce556f5bac77a12b25,43,final_no_exchange
/work/11617/sujato_ts/vista/motion_code-master/physics_modal_v4/results/final/checkpoints/LatentFlow/seed43/Traffic/h720.pt,8eb2ea175a8f43c4,False,Traffic,central,720,LatentFlow,physics_modal_v4/enhancements/results/central/runs/final_no_exchange/seed43/Traffic/h720.json,ec858773b47aaa35a35d0ad3d008f7a79cf4749d6fa609c543b5f9b279caba4b,43,final_no_exchange
/work/11617/sujato_ts/vista/motion_code-master/physics_modal_v4/results/final/checkpoints/LatentFlow/seed43/Traffic/h96.pt,0b59b5a7a05b96ae,False,Traffic,central,96,LatentFlow,physics_modal_v4/enhancements/results/central/runs/final_no_exchange/seed43/Traffic/h96.json,8966ccc2f8f9a271b6fa60e838181bd025d25e3a17b33ddce4573bfa76c7571e,43,final_no_exchange
/work/11617/sujato_ts/vista/motion_code-master/physics_modal_v4/results/final/checkpoints/LatentFlow/seed43/Weather/h192.pt,d3505cbc2ae37ed6,False,Weather,central,192,LatentFlow,physics_modal_v4/enhancements/results/central/runs/final_no_exchange/seed43/Weather/h192.json,995caa6b642be635a5aa9d8176d172361f02c0c0963f4f8724d8988a3da79f0e,43,final_no_exchange
/work/11617/sujato_ts/vista/motion_code-master/physics_modal_v4/results/final/checkpoints/LatentFlow/seed43/Weather/h336.pt,fedf735112057b59,False,Weather,central,336,LatentFlow,physics_modal_v4/enhancements/results/central/runs/final_no_exchange/seed43/Weather/h336.json,d3d6ca7cf3b1a37e063de15dd91d4b1f838a61c8cbe20691e51ea97fc7e839de,43,final_no_exchange
/work/11617/sujato_ts/vista/motion_code-master/physics_modal_v4/results/final/checkpoints/LatentFlow/seed43/Weather/h720.pt,d76988d44825b86d,False,Weather,central,720,LatentFlow,physics_modal_v4/enhancements/results/central/runs/final_no_exchange/seed43/Weather/h720.json,adbacae7edf20e705b6831ca0da05557392f11af44c977d4dab4930601b6f474,43,final_no_exchange
/work/11617/sujato_ts/vista/motion_code-master/physics_modal_v4/results/final/checkpoints/LatentFlow/seed43/Weather/h96.pt,c0781ad6fa956296,False,Weather,central,96,LatentFlow,physics_modal_v4/enhancements/results/central/runs/final_no_exchange/seed43/Weather/h96.json,8a12f3028aa7b517a1afb607a761d2af1906d914f422df1561e34a9da837a318,43,final_no_exchange
/work/11617/sujato_ts/vista/motion_code-master/physics_modal_v4/results/final/checkpoints/LatentFlow/seed44/ETTh1/h192.pt,b22de3cf94125eba,False,ETTh1,central,192,LatentFlow,physics_modal_v4/enhancements/results/central/runs/final_no_exchange/seed44/ETTh1/h192.json,17c5536d6c21eb35713807ef89ea76fee6b3965869200885dcdb473765e6ff8f,44,final_no_exchange
/work/11617/sujato_ts/vista/motion_code-master/physics_modal_v4/results/final/checkpoints/LatentFlow/seed44/ETTh1/h336.pt,d8675a9a4f870478,False,ETTh1,central,336,LatentFlow,physics_modal_v4/enhancements/results/central/runs/final_no_exchange/seed44/ETTh1/h336.json,8e2071277d9d697ae98eebbf0d41cf7b124aa45368f786491e095b3a629f9fb6,44,final_no_exchange
/work/11617/sujato_ts/vista/motion_code-master/physics_modal_v4/results/final/checkpoints/LatentFlow/seed44/ETTh1/h720.pt,0683fa3a7babaf99,False,ETTh1,central,720,LatentFlow,physics_modal_v4/enhancements/results/central/runs/final_no_exchange/seed44/ETTh1/h720.json,48687ef480fcb9e1c78338814ff257327eb11b5e550df9cee3c4eaa477ed6cef,44,final_no_exchange
/work/11617/sujato_ts/vista/motion_code-master/physics_modal_v4/results/final/checkpoints/LatentFlow/seed44/ETTh1/h96.pt,3c51b93d08d2d41b,False,ETTh1,central,96,LatentFlow,physics_modal_v4/enhancements/results/central/runs/final_no_exchange/seed44/ETTh1/h96.json,b56d657d5f486d4f88bc94630b5ac2a59dca9036889ac0dd385c33a6a1abdb6c,44,final_no_exchange
/work/11617/sujato_ts/vista/motion_code-master/physics_modal_v4/results/final/checkpoints/LatentFlow/seed44/ETTh2/h192.pt,6a97d67de5af37c7,False,ETTh2,central,192,LatentFlow,physics_modal_v4/enhancements/results/central/runs/final_no_exchange/seed44/ETTh2/h192.json,1401e2680bafc92e8a9ee37df214ea515520e2296851fcb5133dcd9ae5820475,44,final_no_exchange
/work/11617/sujato_ts/vista/motion_code-master/physics_modal_v4/results/final/checkpoints/LatentFlow/seed44/ETTh2/h336.pt,38fd268c6bddc5e5,False,ETTh2,central,336,LatentFlow,physics_modal_v4/enhancements/results/central/runs/final_no_exchange/seed44/ETTh2/h336.json,7af5cefebe71c692522363692ba9fb683d4e4accdc10fed32997ecb12fad1af2,44,final_no_exchange
/work/11617/sujato_ts/vista/motion_code-master/physics_modal_v4/results/final/checkpoints/LatentFlow/seed44/ETTh2/h720.pt,1d77fa2357ecf8b9,False,ETTh2,central,720,LatentFlow,physics_modal_v4/enhancements/results/central/runs/final_no_exchange/seed44/ETTh2/h720.json,b32c47905d013eb62e25d4dca3184debc9af737cee05d986cd0a0b7cdfb80171,44,final_no_exchange
/work/11617/sujato_ts/vista/motion_code-master/physics_modal_v4/results/final/checkpoints/LatentFlow/seed44/ETTh2/h96.pt,85c42770bdb6e700,False,ETTh2,central,96,LatentFlow,physics_modal_v4/enhancements/results/central/runs/final_no_exchange/seed44/ETTh2/h96.json,58ad8645584824acb1dfb92ea7de9cc77f7c119b48249855b1dede101c8de424,44,final_no_exchange
/work/11617/sujato_ts/vista/motion_code-master/physics_modal_v4/results/final/checkpoints/LatentFlow/seed44/ETTm1/h192.pt,a2f8f123cee4407f,False,ETTm1,central,192,LatentFlow,physics_modal_v4/enhancements/results/central/runs/final_no_exchange/seed44/ETTm1/h192.json,17d36b40ecfa221b27bb15eb85f91cf8602faf066df11c269263060a1590991d,44,final_no_exchange
/work/11617/sujato_ts/vista/motion_code-master/physics_modal_v4/results/final/checkpoints/LatentFlow/seed44/ETTm1/h336.pt,92e12e36b447d06d,False,ETTm1,central,336,LatentFlow,physics_modal_v4/enhancements/results/central/runs/final_no_exchange/seed44/ETTm1/h336.json,b3f05262c7e8c9e02f300f53f769d3409f247cad3c4a2a75846c45691285c3d8,44,final_no_exchange
/work/11617/sujato_ts/vista/motion_code-master/physics_modal_v4/results/final/checkpoints/LatentFlow/seed44/ETTm1/h720.pt,073ea41456172c96,False,ETTm1,central,720,LatentFlow,physics_modal_v4/enhancements/results/central/runs/final_no_exchange/seed44/ETTm1/h720.json,aba0a72535559adf0f245b2bf044b4383c882f95eb83aeedb7372cc7f1e69100,44,final_no_exchange
/work/11617/sujato_ts/vista/motion_code-master/physics_modal_v4/results/final/checkpoints/LatentFlow/seed44/ETTm1/h96.pt,9595a117d378a9f4,False,ETTm1,central,96,LatentFlow,physics_modal_v4/enhancements/results/central/runs/final_no_exchange/seed44/ETTm1/h96.json,4969bbc0b403c761bd03aa1c40350553fde3dc84b8cda87068eca742e7ee1b20,44,final_no_exchange
/work/11617/sujato_ts/vista/motion_code-master/physics_modal_v4/results/final/checkpoints/LatentFlow/seed44/ETTm2/h192.pt,59c7e8038f323edb,False,ETTm2,central,192,LatentFlow,physics_modal_v4/enhancements/results/central/runs/final_no_exchange/seed44/ETTm2/h192.json,bbdc2c4266d3b8779157a7ae9db7504a1a86f5c47297a5446b4d7daaa18d9076,44,final_no_exchange
/work/11617/sujato_ts/vista/motion_code-master/physics_modal_v4/results/final/checkpoints/LatentFlow/seed44/ETTm2/h336.pt,a3ad2d7214bdcb3b,False,ETTm2,central,336,LatentFlow,physics_modal_v4/enhancements/results/central/runs/final_no_exchange/seed44/ETTm2/h336.json,0ca0b24e4f10923ba49c79a7dda5e109b93696824e52ef7fbed45ce0754c631c,44,final_no_exchange
/work/11617/sujato_ts/vista/motion_code-master/physics_modal_v4/results/final/checkpoints/LatentFlow/seed44/ETTm2/h720.pt,b516c39d6abe67cf,False,ETTm2,central,720,LatentFlow,physics_modal_v4/enhancements/results/central/runs/final_no_exchange/seed44/ETTm2/h720.json,2787cf30ca426318b94605a386c25e771eee31a400eeeb34164f011a7f4f66d3,44,final_no_exchange
/work/11617/sujato_ts/vista/motion_code-master/physics_modal_v4/results/final/checkpoints/LatentFlow/seed44/ETTm2/h96.pt,b1fa88863d8b8da3,False,ETTm2,central,96,LatentFlow,physics_modal_v4/enhancements/results/central/runs/final_no_exchange/seed44/ETTm2/h96.json,cc7bafb62bf58fd2bbe7b712ba0980492fe99b1d449f7c87938ea4835c611fe9,44,final_no_exchange
/work/11617/sujato_ts/vista/motion_code-master/physics_modal_v4/results/final/checkpoints/LatentFlow/seed44/Electricity/h192.pt,50778e6653e21fd0,False,Electricity,central,192,LatentFlow,physics_modal_v4/enhancements/results/central/runs/final_no_exchange/seed44/Electricity/h192.json,8a39bcc7a44b061c532f0df57f6b5295806679599ccefcc6ab8e8a4549367539,44,final_no_exchange
/work/11617/sujato_ts/vista/motion_code-master/physics_modal_v4/results/final/checkpoints/LatentFlow/seed44/Electricity/h336.pt,d7764f5fcb47e2a0,False,Electricity,central,336,LatentFlow,physics_modal_v4/enhancements/results/central/runs/final_no_exchange/seed44/Electricity/h336.json,333fcc565138351651f9946215715822b1d201b21ab24f4268bf9261653e7404,44,final_no_exchange
/work/11617/sujato_ts/vista/motion_code-master/physics_modal_v4/results/final/checkpoints/LatentFlow/seed44/Electricity/h720.pt,07dbe6e02bb9c5ca,False,Electricity,central,720,LatentFlow,physics_modal_v4/enhancements/results/central/runs/final_no_exchange/seed44/Electricity/h720.json,d9ed83e23dd13ea36fac9c8a5319a99184dc1373f144ceeaa3776192b9faaa8c,44,final_no_exchange
/work/11617/sujato_ts/vista/motion_code-master/physics_modal_v4/results/final/checkpoints/LatentFlow/seed44/Electricity/h96.pt,3b8bfd92c8357729,False,Electricity,central,96,LatentFlow,physics_modal_v4/enhancements/results/central/runs/final_no_exchange/seed44/Electricity/h96.json,efcfd13b552b793b890e7228819c2131c5eda37ce776b7af12fb8a8423a85535,44,final_no_exchange
/work/11617/sujato_ts/vista/motion_code-master/physics_modal_v4/results/final/checkpoints/LatentFlow/seed44/Traffic/h192.pt,6404f660f9d71b0d,False,Traffic,central,192,LatentFlow,physics_modal_v4/enhancements/results/central/runs/final_no_exchange/seed44/Traffic/h192.json,a712a0429d478bb700044784b5bfcc3781e9323e2675b4dfeb53fccf0c820a2c,44,final_no_exchange
/work/11617/sujato_ts/vista/motion_code-master/physics_modal_v4/results/final/checkpoints/LatentFlow/seed44/Traffic/h336.pt,af4f5e91004e3977,False,Traffic,central,336,LatentFlow,physics_modal_v4/enhancements/results/central/runs/final_no_exchange/seed44/Traffic/h336.json,96f421ab8dbf744a5789c945f394dd356976aef9853a6ab32ccff281a159ea16,44,final_no_exchange
/work/11617/sujato_ts/vista/motion_code-master/physics_modal_v4/results/final/checkpoints/LatentFlow/seed44/Traffic/h720.pt,fe190de8cbdc09ac,False,Traffic,central,720,LatentFlow,physics_modal_v4/enhancements/results/central/runs/final_no_exchange/seed44/Traffic/h720.json,627a425d20d6097cf014bc243d6bfb97e0933e067acefee8657d9622d9421501,44,final_no_exchange
/work/11617/sujato_ts/vista/motion_code-master/physics_modal_v4/results/final/checkpoints/LatentFlow/seed44/Traffic/h96.pt,cf78d86ecc754405,False,Traffic,central,96,LatentFlow,physics_modal_v4/enhancements/results/central/runs/final_no_exchange/seed44/Traffic/h96.json,6cac9c5d53d443c07f28d1c6fd15d08248dad4528a864ffbc5495b4a3b3bcba3,44,final_no_exchange
/work/11617/sujato_ts/vista/motion_code-master/physics_modal_v4/results/final/checkpoints/LatentFlow/seed44/Weather/h192.pt,c9abc814f41217aa,False,Weather,central,192,LatentFlow,physics_modal_v4/enhancements/results/central/runs/final_no_exchange/seed44/Weather/h192.json,4bd5e238895f71854249c09cae12ae1f6b128746936cdde27f1a7de033260311,44,final_no_exchange
/work/11617/sujato_ts/vista/motion_code-master/physics_modal_v4/results/final/checkpoints/LatentFlow/seed44/Weather/h336.pt,23bd6425596572e7,False,Weather,central,336,LatentFlow,physics_modal_v4/enhancements/results/central/runs/final_no_exchange/seed44/Weather/h336.json,e1129d0b368b85292c6486f90b5e4113a3d40b4b95b9e390942d1275fdc264e7,44,final_no_exchange
/work/11617/sujato_ts/vista/motion_code-master/physics_modal_v4/results/final/checkpoints/LatentFlow/seed44/Weather/h720.pt,ce3f77c43451b061,False,Weather,central,720,LatentFlow,physics_modal_v4/enhancements/results/central/runs/final_no_exchange/seed44/Weather/h720.json,db2d0b3201d01401a3d260f43441f570644f9f8f4bfc0e06891283040322933a,44,final_no_exchange
/work/11617/sujato_ts/vista/motion_code-master/physics_modal_v4/results/final/checkpoints/LatentFlow/seed44/Weather/h96.pt,cbddda5d93459581,False,Weather,central,96,LatentFlow,physics_modal_v4/enhancements/results/central/runs/final_no_exchange/seed44/Weather/h96.json,583357f15aa89ac6f2ab273ebe12c8cd0303430124dbf33fe8e7205f1ab42958,44,final_no_exchange
/work/11617/sujato_ts/vista/motion_code-master/physics_modal_v4/results/final/checkpoints/LatentFlow/seed45/ETTh1/h192.pt,ece4b2375b252de5,False,ETTh1,central,192,LatentFlow,physics_modal_v4/enhancements/results/central/runs/final_no_exchange/seed45/ETTh1/h192.json,c45525dfc258ecb57213976f94f22404247040f985062b135b73108bacfe1d69,45,final_no_exchange
/work/11617/sujato_ts/vista/motion_code-master/physics_modal_v4/results/final/checkpoints/LatentFlow/seed45/ETTh1/h336.pt,63590df867ab4a58,False,ETTh1,central,336,LatentFlow,physics_modal_v4/enhancements/results/central/runs/final_no_exchange/seed45/ETTh1/h336.json,98def06b7034a9055c261f2d0c83224a2f9bf3019bd479474fa2e5a8b2531ab9,45,final_no_exchange
/work/11617/sujato_ts/vista/motion_code-master/physics_modal_v4/results/final/checkpoints/LatentFlow/seed45/ETTh1/h720.pt,a54aa89cfdf7d32c,False,ETTh1,central,720,LatentFlow,physics_modal_v4/enhancements/results/central/runs/final_no_exchange/seed45/ETTh1/h720.json,9280563bf35022d56b5319430befc3d5126cb8394eeb70e8be406a092bfe7672,45,final_no_exchange
/work/11617/sujato_ts/vista/motion_code-master/physics_modal_v4/results/final/checkpoints/LatentFlow/seed45/ETTh1/h96.pt,b532efe6e490266c,False,ETTh1,central,96,LatentFlow,physics_modal_v4/enhancements/results/central/runs/final_no_exchange/seed45/ETTh1/h96.json,6eb9cecaf362fb8625bf98d0046511eeeda6f079c9a1d9cb8d47722fa28cb9a2,45,final_no_exchange
/work/11617/sujato_ts/vista/motion_code-master/physics_modal_v4/results/final/checkpoints/LatentFlow/seed45/ETTh2/h192.pt,89782c53f7fc007f,False,ETTh2,central,192,LatentFlow,physics_modal_v4/enhancements/results/central/runs/final_no_exchange/seed45/ETTh2/h192.json,95b84ff8320a6e5b14d9f1e58473833ce6d4c13f86086e96d8790f99f633daf2,45,final_no_exchange
/work/11617/sujato_ts/vista/motion_code-master/physics_modal_v4/results/final/checkpoints/LatentFlow/seed45/ETTh2/h336.pt,0c37c226adc37a96,False,ETTh2,central,336,LatentFlow,physics_modal_v4/enhancements/results/central/runs/final_no_exchange/seed45/ETTh2/h336.json,7742fc842bdd03aa03e712cefb0371a5f742de89c1a98a4f4c888db1f995ff21,45,final_no_exchange
/work/11617/sujato_ts/vista/motion_code-master/physics_modal_v4/results/final/checkpoints/LatentFlow/seed45/ETTh2/h720.pt,9fd1ccdcfe4e2e9a,False,ETTh2,central,720,LatentFlow,physics_modal_v4/enhancements/results/central/runs/final_no_exchange/seed45/ETTh2/h720.json,9a6febd028466232e04b9b2179ac890420dbe0063c689ef3856248db37b0cdc2,45,final_no_exchange
/work/11617/sujato_ts/vista/motion_code-master/physics_modal_v4/results/final/checkpoints/LatentFlow/seed45/ETTh2/h96.pt,652d8b0ef53af284,False,ETTh2,central,96,LatentFlow,physics_modal_v4/enhancements/results/central/runs/final_no_exchange/seed45/ETTh2/h96.json,a63d430ca77f8236601f9af304a96982f4a97185c43730a63b6a81bdc8cf0fc8,45,final_no_exchange
/work/11617/sujato_ts/vista/motion_code-master/physics_modal_v4/results/final/checkpoints/LatentFlow/seed45/ETTm1/h192.pt,49522eb6047aa1e2,False,ETTm1,central,192,LatentFlow,physics_modal_v4/enhancements/results/central/runs/final_no_exchange/seed45/ETTm1/h192.json,c3611ac8166df5f6671d328300adbc326074a6e29ed450becaaf94284b8d8dc1,45,final_no_exchange
/work/11617/sujato_ts/vista/motion_code-master/physics_modal_v4/results/final/checkpoints/LatentFlow/seed45/ETTm1/h336.pt,35fce118f4f16bc4,False,ETTm1,central,336,LatentFlow,physics_modal_v4/enhancements/results/central/runs/final_no_exchange/seed45/ETTm1/h336.json,30fa57b99befb1ed22f4466973657c44e0ad4e014db951dd5a78035b0daa2604,45,final_no_exchange
/work/11617/sujato_ts/vista/motion_code-master/physics_modal_v4/results/final/checkpoints/LatentFlow/seed45/ETTm1/h720.pt,ffa333498ecfe1bf,False,ETTm1,central,720,LatentFlow,physics_modal_v4/enhancements/results/central/runs/final_no_exchange/seed45/ETTm1/h720.json,04c7c3befcaa5ac845d4fc9757e1461f60181a1a6e009737d0eef6c103765640,45,final_no_exchange
/work/11617/sujato_ts/vista/motion_code-master/physics_modal_v4/results/final/checkpoints/LatentFlow/seed45/ETTm1/h96.pt,bf54da4cf8ba2c58,False,ETTm1,central,96,LatentFlow,physics_modal_v4/enhancements/results/central/runs/final_no_exchange/seed45/ETTm1/h96.json,c3523cef1bf387a57f9401aeb3797d6a098ef882b8bb1b8be352ad985ac944d1,45,final_no_exchange
/work/11617/sujato_ts/vista/motion_code-master/physics_modal_v4/results/final/checkpoints/LatentFlow/seed45/ETTm2/h192.pt,fcb23553a68c6238,False,ETTm2,central,192,LatentFlow,physics_modal_v4/enhancements/results/central/runs/final_no_exchange/seed45/ETTm2/h192.json,82b34b599cd5be6d77c485af6e4601815ed631edaa9990ade6f43875e716af72,45,final_no_exchange
/work/11617/sujato_ts/vista/motion_code-master/physics_modal_v4/results/final/checkpoints/LatentFlow/seed45/ETTm2/h336.pt,51a28ef6d9ee0701,False,ETTm2,central,336,LatentFlow,physics_modal_v4/enhancements/results/central/runs/final_no_exchange/seed45/ETTm2/h336.json,e13c14d5ccf7d412b6bd10db50f8811cd0ece96af4b2966a9a3850ba266cfef4,45,final_no_exchange
/work/11617/sujato_ts/vista/motion_code-master/physics_modal_v4/results/final/checkpoints/LatentFlow/seed45/ETTm2/h720.pt,07f59c2777c16308,False,ETTm2,central,720,LatentFlow,physics_modal_v4/enhancements/results/central/runs/final_no_exchange/seed45/ETTm2/h720.json,148b1dd075e51081a71626e2a4b4169f9f6ca1b56bc0f60e8f232687faeadc96,45,final_no_exchange
/work/11617/sujato_ts/vista/motion_code-master/physics_modal_v4/results/final/checkpoints/LatentFlow/seed45/ETTm2/h96.pt,5a632561c95a43a4,False,ETTm2,central,96,LatentFlow,physics_modal_v4/enhancements/results/central/runs/final_no_exchange/seed45/ETTm2/h96.json,61423da171538e8bd068fcd14dd04b56ed00705ce332d741711d2936b359e729,45,final_no_exchange
/work/11617/sujato_ts/vista/motion_code-master/physics_modal_v4/results/final/checkpoints/LatentFlow/seed45/Electricity/h192.pt,2268fb0ecefca12d,False,Electricity,central,192,LatentFlow,physics_modal_v4/enhancements/results/central/runs/final_no_exchange/seed45/Electricity/h192.json,d02136af6de82e26d77ac59988582d321acfb9d544b6542c640cd2a872eed6a7,45,final_no_exchange
/work/11617/sujato_ts/vista/motion_code-master/physics_modal_v4/results/final/checkpoints/LatentFlow/seed45/Electricity/h336.pt,df41508a4d1b70a7,False,Electricity,central,336,LatentFlow,physics_modal_v4/enhancements/results/central/runs/final_no_exchange/seed45/Electricity/h336.json,f15622b8e35889ee76dd291d8547c5ddf6d514bc0ce37bb1ca39545d141e8797,45,final_no_exchange
/work/11617/sujato_ts/vista/motion_code-master/physics_modal_v4/results/final/checkpoints/LatentFlow/seed45/Electricity/h720.pt,27fccfc17a384e01,False,Electricity,central,720,LatentFlow,physics_modal_v4/enhancements/results/central/runs/final_no_exchange/seed45/Electricity/h720.json,0b2511bd43f787b2eadd3c161f1ccf77f98817a340bcdc1e3231e394c545b819,45,final_no_exchange
/work/11617/sujato_ts/vista/motion_code-master/physics_modal_v4/results/final/checkpoints/LatentFlow/seed45/Electricity/h96.pt,3eb341d4737432c6,False,Electricity,central,96,LatentFlow,physics_modal_v4/enhancements/results/central/runs/final_no_exchange/seed45/Electricity/h96.json,df3cd3a31018ecbc79b9ef00bf15962faecf1e80d3b702d2bb1f039445d0bb28,45,final_no_exchange
/work/11617/sujato_ts/vista/motion_code-master/physics_modal_v4/results/final/checkpoints/LatentFlow/seed45/Traffic/h192.pt,250335849e5ebb09,False,Traffic,central,192,LatentFlow,physics_modal_v4/enhancements/results/central/runs/final_no_exchange/seed45/Traffic/h192.json,58f75fc1715b126f0a3567b184ae436fb22c4d7f8809b017a20e84fa672cf486,45,final_no_exchange
/work/11617/sujato_ts/vista/motion_code-master/physics_modal_v4/results/final/checkpoints/LatentFlow/seed45/Traffic/h336.pt,642be2af653d2a19,False,Traffic,central,336,LatentFlow,physics_modal_v4/enhancements/results/central/runs/final_no_exchange/seed45/Traffic/h336.json,8575a3ad8163f0ebedf74775539a7e177f3876a1943114a0e53d3864d3ae460b,45,final_no_exchange
/work/11617/sujato_ts/vista/motion_code-master/physics_modal_v4/results/final/checkpoints/LatentFlow/seed45/Traffic/h720.pt,3d24052fa0e3ff7d,False,Traffic,central,720,LatentFlow,physics_modal_v4/enhancements/results/central/runs/final_no_exchange/seed45/Traffic/h720.json,3dcdf0c26e82b0ac887e57bd009fc3f2b870b98e902a885c9a11350fde96cd37,45,final_no_exchange
/work/11617/sujato_ts/vista/motion_code-master/physics_modal_v4/results/final/checkpoints/LatentFlow/seed45/Traffic/h96.pt,5e708a572a202e96,False,Traffic,central,96,LatentFlow,physics_modal_v4/enhancements/results/central/runs/final_no_exchange/seed45/Traffic/h96.json,50c0b31cdacdd341027ebbbf11074dca24100f18a3b92d7c1e344faf469a128d,45,final_no_exchange
/work/11617/sujato_ts/vista/motion_code-master/physics_modal_v4/results/final/checkpoints/LatentFlow/seed45/Weather/h192.pt,3aedb806dc41fd03,False,Weather,central,192,LatentFlow,physics_modal_v4/enhancements/results/central/runs/final_no_exchange/seed45/Weather/h192.json,c7003d2b13d27f3785456576c15b76edffcd66a4bb8be6fe3d2d15b1dfb25eea,45,final_no_exchange
/work/11617/sujato_ts/vista/motion_code-master/physics_modal_v4/results/final/checkpoints/LatentFlow/seed45/Weather/h336.pt,810a885864aa615f,False,Weather,central,336,LatentFlow,physics_modal_v4/enhancements/results/central/runs/final_no_exchange/seed45/Weather/h336.json,f1fda2b2350d3535a9813bbe5cb0c12d86f6abdbb8a8a407d45fe97a7716cca2,45,final_no_exchange
/work/11617/sujato_ts/vista/motion_code-master/physics_modal_v4/results/final/checkpoints/LatentFlow/seed45/Weather/h720.pt,43ea23f63a1e0398,False,Weather,central,720,LatentFlow,physics_modal_v4/enhancements/results/central/runs/final_no_exchange/seed45/Weather/h720.json,fdfdc45804c3512d5a6a1557cc01a7cb5b793163eab53b77d1ecdbedce531549,45,final_no_exchange
/work/11617/sujato_ts/vista/motion_code-master/physics_modal_v4/results/final/checkpoints/LatentFlow/seed45/Weather/h96.pt,f1c7208e2bf7caaf,False,Weather,central,96,LatentFlow,physics_modal_v4/enhancements/results/central/runs/final_no_exchange/seed45/Weather/h96.json,faa798909d6897f5bf6d043bbc81c7afef656ad9da7dead7be1b8d5fe03d665e,45,final_no_exchange
/work/11617/sujato_ts/vista/motion_code-master/physics_modal_v4/results/final/checkpoints/LatentFlow/seed46/ETTh1/h192.pt,b12a9bc48de581da,False,ETTh1,central,192,LatentFlow,physics_modal_v4/enhancements/results/central/runs/final_no_exchange/seed46/ETTh1/h192.json,3122d6b0c511b21ff0c99a96471d7351932ed3e31acb1c7cb13cb491e17dee27,46,final_no_exchange
/work/11617/sujato_ts/vista/motion_code-master/physics_modal_v4/results/final/checkpoints/LatentFlow/seed46/ETTh1/h336.pt,db84c424a62b659a,False,ETTh1,central,336,LatentFlow,physics_modal_v4/enhancements/results/central/runs/final_no_exchange/seed46/ETTh1/h336.json,0ff84ce7a785315fdc300d3c5df258af2faae7414f0f8cde8f9eb3d50166cb9b,46,final_no_exchange
/work/11617/sujato_ts/vista/motion_code-master/physics_modal_v4/results/final/checkpoints/LatentFlow/seed46/ETTh1/h720.pt,2614c76fc842f33f,False,ETTh1,central,720,LatentFlow,physics_modal_v4/enhancements/results/central/runs/final_no_exchange/seed46/ETTh1/h720.json,4ead8c698fbe57141b29da854a79e4d6da2e7391e5dd1a3a323a2ef92703a437,46,final_no_exchange
/work/11617/sujato_ts/vista/motion_code-master/physics_modal_v4/results/final/checkpoints/LatentFlow/seed46/ETTh1/h96.pt,a1541a118db5e984,False,ETTh1,central,96,LatentFlow,physics_modal_v4/enhancements/results/central/runs/final_no_exchange/seed46/ETTh1/h96.json,8ff4acfaaec13b926363dad34512ee645ca3b6ab4070b2df2d1e318bd9ffaf0b,46,final_no_exchange
/work/11617/sujato_ts/vista/motion_code-master/physics_modal_v4/results/final/checkpoints/LatentFlow/seed46/ETTh2/h192.pt,8ed55e598884e516,False,ETTh2,central,192,LatentFlow,physics_modal_v4/enhancements/results/central/runs/final_no_exchange/seed46/ETTh2/h192.json,bbc9684e52a6c06035b5c630945bc294caabaff21b6f40acdad9ed189ab01ba8,46,final_no_exchange
/work/11617/sujato_ts/vista/motion_code-master/physics_modal_v4/results/final/checkpoints/LatentFlow/seed46/ETTh2/h336.pt,c769882ceee5bd0a,False,ETTh2,central,336,LatentFlow,physics_modal_v4/enhancements/results/central/runs/final_no_exchange/seed46/ETTh2/h336.json,dea9a45f49b81fdf3c61928f654ca92947deb22ff523ad9c49056469adf5f874,46,final_no_exchange
/work/11617/sujato_ts/vista/motion_code-master/physics_modal_v4/results/final/checkpoints/LatentFlow/seed46/ETTh2/h720.pt,105c11c583537552,False,ETTh2,central,720,LatentFlow,physics_modal_v4/enhancements/results/central/runs/final_no_exchange/seed46/ETTh2/h720.json,09307ce21ecdaba0cae2de1d8aef98f2be395d8182a88b46dbfce24950da49c4,46,final_no_exchange
/work/11617/sujato_ts/vista/motion_code-master/physics_modal_v4/results/final/checkpoints/LatentFlow/seed46/ETTh2/h96.pt,bc2ad47cb2ce2aae,False,ETTh2,central,96,LatentFlow,physics_modal_v4/enhancements/results/central/runs/final_no_exchange/seed46/ETTh2/h96.json,a696fedf736074618920df537f02e777925d62a1c429efd44f9124e0d40a794c,46,final_no_exchange
/work/11617/sujato_ts/vista/motion_code-master/physics_modal_v4/results/final/checkpoints/LatentFlow/seed46/ETTm1/h192.pt,0c920f5be77ce517,False,ETTm1,central,192,LatentFlow,physics_modal_v4/enhancements/results/central/runs/final_no_exchange/seed46/ETTm1/h192.json,064e52388bb53b541805d84913bd5be840ae4c74ddb499f21991d200b5d0fe54,46,final_no_exchange
/work/11617/sujato_ts/vista/motion_code-master/physics_modal_v4/results/final/checkpoints/LatentFlow/seed46/ETTm1/h336.pt,c5461eb7ed1307eb,False,ETTm1,central,336,LatentFlow,physics_modal_v4/enhancements/results/central/runs/final_no_exchange/seed46/ETTm1/h336.json,97ef562609aefa64080f16987c8a4dd4fc24925536367ef870c47be1589c2d5e,46,final_no_exchange
/work/11617/sujato_ts/vista/motion_code-master/physics_modal_v4/results/final/checkpoints/LatentFlow/seed46/ETTm1/h720.pt,c3641b8fda86c488,False,ETTm1,central,720,LatentFlow,physics_modal_v4/enhancements/results/central/runs/final_no_exchange/seed46/ETTm1/h720.json,a1527d922359307cd0e3d7aeaa68e49a8fdb737e9a495cb42199620063024bdc,46,final_no_exchange
/work/11617/sujato_ts/vista/motion_code-master/physics_modal_v4/results/final/checkpoints/LatentFlow/seed46/ETTm1/h96.pt,25180d4313d87d39,False,ETTm1,central,96,LatentFlow,physics_modal_v4/enhancements/results/central/runs/final_no_exchange/seed46/ETTm1/h96.json,71dbc1695e1d74df20ca9e7766d721c9a4615368e86249bc0d6449f9a5d7e0be,46,final_no_exchange
/work/11617/sujato_ts/vista/motion_code-master/physics_modal_v4/results/final/checkpoints/LatentFlow/seed46/ETTm2/h192.pt,78005abee6a0d643,False,ETTm2,central,192,LatentFlow,physics_modal_v4/enhancements/results/central/runs/final_no_exchange/seed46/ETTm2/h192.json,6e38b61ba29770caf304ace8b6246df240c59b3541f88d295c5c7d4cd23d2483,46,final_no_exchange
/work/11617/sujato_ts/vista/motion_code-master/physics_modal_v4/results/final/checkpoints/LatentFlow/seed46/ETTm2/h336.pt,fb153826f4a06d45,False,ETTm2,central,336,LatentFlow,physics_modal_v4/enhancements/results/central/runs/final_no_exchange/seed46/ETTm2/h336.json,c4e0ac9dc7ec3b1256cd3a9367aca0004199cfe4d97a29368971096e4f324cff,46,final_no_exchange
/work/11617/sujato_ts/vista/motion_code-master/physics_modal_v4/results/final/checkpoints/LatentFlow/seed46/ETTm2/h720.pt,aaf304953bf99eec,False,ETTm2,central,720,LatentFlow,physics_modal_v4/enhancements/results/central/runs/final_no_exchange/seed46/ETTm2/h720.json,79efffc9e58ce2903b544adbd0eae18cec38d7a95921b9e8ed16d926adb45098,46,final_no_exchange
/work/11617/sujato_ts/vista/motion_code-master/physics_modal_v4/results/final/checkpoints/LatentFlow/seed46/ETTm2/h96.pt,8bc1b2267d14cc88,False,ETTm2,central,96,LatentFlow,physics_modal_v4/enhancements/results/central/runs/final_no_exchange/seed46/ETTm2/h96.json,b1bddc7915abba2a37202561c5ccc0abb58819a6240578a1653ab2a83500cf5e,46,final_no_exchange
/work/11617/sujato_ts/vista/motion_code-master/physics_modal_v4/results/final/checkpoints/LatentFlow/seed46/Electricity/h192.pt,67b8b2298396b24f,False,Electricity,central,192,LatentFlow,physics_modal_v4/enhancements/results/central/runs/final_no_exchange/seed46/Electricity/h192.json,2e3d18c09fbc1d27261695cd122ec8bd47097891cdddb9c0072967822e7cbcfa,46,final_no_exchange
/work/11617/sujato_ts/vista/motion_code-master/physics_modal_v4/results/final/checkpoints/LatentFlow/seed46/Electricity/h336.pt,1e6661e5de2babfa,False,Electricity,central,336,LatentFlow,physics_modal_v4/enhancements/results/central/runs/final_no_exchange/seed46/Electricity/h336.json,dc4c0902b119f3ad144c7a973a37fb9d8d6d68fd2ee579d59ccdbcbbd051e2a3,46,final_no_exchange
/work/11617/sujato_ts/vista/motion_code-master/physics_modal_v4/results/final/checkpoints/LatentFlow/seed46/Electricity/h720.pt,aefd1b53bf55ee28,False,Electricity,central,720,LatentFlow,physics_modal_v4/enhancements/results/central/runs/final_no_exchange/seed46/Electricity/h720.json,180bb0228c7e38e6104b1f639559f799ead6e59f7ef91861d5eb7877bcf975a7,46,final_no_exchange
/work/11617/sujato_ts/vista/motion_code-master/physics_modal_v4/results/final/checkpoints/LatentFlow/seed46/Electricity/h96.pt,6fc981736394881e,False,Electricity,central,96,LatentFlow,physics_modal_v4/enhancements/results/central/runs/final_no_exchange/seed46/Electricity/h96.json,d5edd66bd830efc95f6886af2cc79d8dc81ac3e762d3faf8a201e5fd4e6bab4e,46,final_no_exchange
/work/11617/sujato_ts/vista/motion_code-master/physics_modal_v4/results/final/checkpoints/LatentFlow/seed46/Traffic/h192.pt,88f1c3fa7b4990e8,False,Traffic,central,192,LatentFlow,physics_modal_v4/enhancements/results/central/runs/final_no_exchange/seed46/Traffic/h192.json,149d069b84eb4fec134b4aa6b01e0d4d831add46a8e1034ec3a28434507c8dc9,46,final_no_exchange
/work/11617/sujato_ts/vista/motion_code-master/physics_modal_v4/results/final/checkpoints/LatentFlow/seed46/Traffic/h336.pt,a93b55ac042cc7b7,False,Traffic,central,336,LatentFlow,physics_modal_v4/enhancements/results/central/runs/final_no_exchange/seed46/Traffic/h336.json,fc19aba3068b324848bec20daf0f199496aa528804a7e20b96a5cd53008f8c8e,46,final_no_exchange
/work/11617/sujato_ts/vista/motion_code-master/physics_modal_v4/results/final/checkpoints/LatentFlow/seed46/Traffic/h720.pt,97ea920d6093dfcf,False,Traffic,central,720,LatentFlow,physics_modal_v4/enhancements/results/central/runs/final_no_exchange/seed46/Traffic/h720.json,3e3fc17be0212860ec0663adcc76b0f6d5df434a081adc49d4e480ce9ec937cb,46,final_no_exchange
/work/11617/sujato_ts/vista/motion_code-master/physics_modal_v4/results/final/checkpoints/LatentFlow/seed46/Traffic/h96.pt,e544796647522758,False,Traffic,central,96,LatentFlow,physics_modal_v4/enhancements/results/central/runs/final_no_exchange/seed46/Traffic/h96.json,9314442d02193eeb3ccc37dc94efe45a44b615fd06eb770d616aefed75849142,46,final_no_exchange
/work/11617/sujato_ts/vista/motion_code-master/physics_modal_v4/results/final/checkpoints/LatentFlow/seed46/Weather/h192.pt,6d33f92b16c18e6a,False,Weather,central,192,LatentFlow,physics_modal_v4/enhancements/results/central/runs/final_no_exchange/seed46/Weather/h192.json,cea55f8d2e010475fc7945cabee41201f4081a8b35b9dffdd668b8e106411e8e,46,final_no_exchange
/work/11617/sujato_ts/vista/motion_code-master/physics_modal_v4/results/final/checkpoints/LatentFlow/seed46/Weather/h336.pt,6665c90f6835f755,False,Weather,central,336,LatentFlow,physics_modal_v4/enhancements/results/central/runs/final_no_exchange/seed46/Weather/h336.json,99a158bb7047209a25865f826b183aea2de60437f550356e35ded7bae41f9efc,46,final_no_exchange
/work/11617/sujato_ts/vista/motion_code-master/physics_modal_v4/results/final/checkpoints/LatentFlow/seed46/Weather/h720.pt,489f3fc6bdc8bb98,False,Weather,central,720,LatentFlow,physics_modal_v4/enhancements/results/central/runs/final_no_exchange/seed46/Weather/h720.json,e3093262bf681fdfaa31d48ac8a0aba5dec47119f84b045be840cd5de6868e48,46,final_no_exchange
/work/11617/sujato_ts/vista/motion_code-master/physics_modal_v4/results/final/checkpoints/LatentFlow/seed46/Weather/h96.pt,9ede67e0824dfc02,False,Weather,central,96,LatentFlow,physics_modal_v4/enhancements/results/central/runs/final_no_exchange/seed46/Weather/h96.json,50ba2b47f258528a4eb740272f77190e24e9949369c097088bc47c4c311c324f,46,final_no_exchange
/work/11617/sujato_ts/vista/motion_code-master/physics_modal_v4/enhancements/results/central/checkpoints/no_linear_bank/seed42/ETTh1/h192.pt,6db6211b3774c5ce,False,ETTh1,central,192,LatentFlow,physics_modal_v4/enhancements/results/central/runs/no_linear_bank/seed42/ETTh1/h192.json,156b4b5f014a154a581dbc9b65332ca16cd888aede01a1c1b4375209d967ec90,42,no_linear_bank
/work/11617/sujato_ts/vista/motion_code-master/physics_modal_v4/enhancements/results/central/checkpoints/no_linear_bank/seed42/ETTh1/h336.pt,0d8ede807aedc0fa,False,ETTh1,central,336,LatentFlow,physics_modal_v4/enhancements/results/central/runs/no_linear_bank/seed42/ETTh1/h336.json,89b29b860d48d2e994842aed720dcdad5d689696001e65447700276a842ee651,42,no_linear_bank
/work/11617/sujato_ts/vista/motion_code-master/physics_modal_v4/enhancements/results/central/checkpoints/no_linear_bank/seed42/ETTh1/h720.pt,3d10c535e64ac8af,False,ETTh1,central,720,LatentFlow,physics_modal_v4/enhancements/results/central/runs/no_linear_bank/seed42/ETTh1/h720.json,e133d117142f7be3dd0261c36998d755f15f9801deda5c552471ae094f42bbf2,42,no_linear_bank
/work/11617/sujato_ts/vista/motion_code-master/physics_modal_v4/enhancements/results/central/checkpoints/no_linear_bank/seed42/ETTh1/h96.pt,3d875743e9f2eb6c,False,ETTh1,central,96,LatentFlow,physics_modal_v4/enhancements/results/central/runs/no_linear_bank/seed42/ETTh1/h96.json,aa53530fdc356a6941e5606546fa5741842c56ba7aa5d53958d93ef875849def,42,no_linear_bank
/work/11617/sujato_ts/vista/motion_code-master/physics_modal_v4/enhancements/results/central/checkpoints/no_linear_bank/seed42/ETTh2/h192.pt,0abb22a2ee9a2077,False,ETTh2,central,192,LatentFlow,physics_modal_v4/enhancements/results/central/runs/no_linear_bank/seed42/ETTh2/h192.json,520bddf5f43d6722fd46db2cc1db11d5e965bbcfb65d35d0bdab94e227a1f6f6,42,no_linear_bank
/work/11617/sujato_ts/vista/motion_code-master/physics_modal_v4/enhancements/results/central/checkpoints/no_linear_bank/seed42/ETTh2/h336.pt,3aa94d6a73e6920e,False,ETTh2,central,336,LatentFlow,physics_modal_v4/enhancements/results/central/runs/no_linear_bank/seed42/ETTh2/h336.json,d8ab00f96b9b889fcfc4bd9754ebce3777e0bbd8dc0739463c2941ae16c77741,42,no_linear_bank
/work/11617/sujato_ts/vista/motion_code-master/physics_modal_v4/enhancements/results/central/checkpoints/no_linear_bank/seed42/ETTh2/h720.pt,1911a616f0f9262c,False,ETTh2,central,720,LatentFlow,physics_modal_v4/enhancements/results/central/runs/no_linear_bank/seed42/ETTh2/h720.json,0be5543cf9657f8c14dbbf5185c10034892fbdaac61eade64d29a1b08b254169,42,no_linear_bank
/work/11617/sujato_ts/vista/motion_code-master/physics_modal_v4/enhancements/results/central/checkpoints/no_linear_bank/seed42/ETTh2/h96.pt,7fd366135d2a43cb,False,ETTh2,central,96,LatentFlow,physics_modal_v4/enhancements/results/central/runs/no_linear_bank/seed42/ETTh2/h96.json,f11168d9916bbfa75b0a8ed9b42c176ba5f10819a48ef1c0cefc6c8e200c6ce0,42,no_linear_bank
/work/11617/sujato_ts/vista/motion_code-master/physics_modal_v4/enhancements/results/central/checkpoints/no_linear_bank/seed42/ETTm1/h192.pt,2bf953f4dd209fc0,False,ETTm1,central,192,LatentFlow,physics_modal_v4/enhancements/results/central/runs/no_linear_bank/seed42/ETTm1/h192.json,833c08eee23ef1f9698bbca2e5b6b4809da7f127e4b1807c5b00e9f0286bbafa,42,no_linear_bank
/work/11617/sujato_ts/vista/motion_code-master/physics_modal_v4/enhancements/results/central/checkpoints/no_linear_bank/seed42/ETTm1/h336.pt,80478875f80dd7ec,False,ETTm1,central,336,LatentFlow,physics_modal_v4/enhancements/results/central/runs/no_linear_bank/seed42/ETTm1/h336.json,88bfb77659be8b2298f94f3e8b2d21940b92ae0c391af15bd110826e124e88b6,42,no_linear_bank
/work/11617/sujato_ts/vista/motion_code-master/physics_modal_v4/enhancements/results/central/checkpoints/no_linear_bank/seed42/ETTm1/h720.pt,203c1432a07b9aff,False,ETTm1,central,720,LatentFlow,physics_modal_v4/enhancements/results/central/runs/no_linear_bank/seed42/ETTm1/h720.json,f45a21765561c80e3f6f72429558adfff61aa76da686eee01e2efa66c5650d22,42,no_linear_bank
/work/11617/sujato_ts/vista/motion_code-master/physics_modal_v4/enhancements/results/central/checkpoints/no_linear_bank/seed42/ETTm1/h96.pt,6dda313d00b7a65c,False,ETTm1,central,96,LatentFlow,physics_modal_v4/enhancements/results/central/runs/no_linear_bank/seed42/ETTm1/h96.json,7f3182bc85e215dff7eb48dd249c2c352d7d1b032d157263ce641ef5b6991018,42,no_linear_bank
/work/11617/sujato_ts/vista/motion_code-master/physics_modal_v4/enhancements/results/central/checkpoints/no_linear_bank/seed42/ETTm2/h192.pt,878f636c4034e033,False,ETTm2,central,192,LatentFlow,physics_modal_v4/enhancements/results/central/runs/no_linear_bank/seed42/ETTm2/h192.json,b52c86dca807b6bac0b7b3117d0d8794c9e0f94d49593524243177f044ecc835,42,no_linear_bank
/work/11617/sujato_ts/vista/motion_code-master/physics_modal_v4/enhancements/results/central/checkpoints/no_linear_bank/seed42/ETTm2/h336.pt,829034b0d73c9f33,False,ETTm2,central,336,LatentFlow,physics_modal_v4/enhancements/results/central/runs/no_linear_bank/seed42/ETTm2/h336.json,ed1f5af8fa16f5035dd22742af305804784d3bc0a7ad5716cef90705289503b7,42,no_linear_bank
/work/11617/sujato_ts/vista/motion_code-master/physics_modal_v4/enhancements/results/central/checkpoints/no_linear_bank/seed42/ETTm2/h720.pt,4e6422ff64a10024,False,ETTm2,central,720,LatentFlow,physics_modal_v4/enhancements/results/central/runs/no_linear_bank/seed42/ETTm2/h720.json,a24a01a3c6b61cc7583fefbdad028e9b96c656645ba5461fb394dfe83eb68a09,42,no_linear_bank
/work/11617/sujato_ts/vista/motion_code-master/physics_modal_v4/enhancements/results/central/checkpoints/no_linear_bank/seed42/ETTm2/h96.pt,0aaef4c089d5a272,False,ETTm2,central,96,LatentFlow,physics_modal_v4/enhancements/results/central/runs/no_linear_bank/seed42/ETTm2/h96.json,091b32285973baaeeffcd2f37fc7a16d845b2d64a4d2056ede20fd3db40cd70a,42,no_linear_bank
/work/11617/sujato_ts/vista/motion_code-master/physics_modal_v4/enhancements/results/central/checkpoints/no_linear_bank/seed42/Electricity/h192.pt,de5c3e6599f502bb,False,Electricity,central,192,LatentFlow,physics_modal_v4/enhancements/results/central/runs/no_linear_bank/seed42/Electricity/h192.json,82fbab04ff08a779f14d80fc2900a1ec23e15604d783582bc31eab0c0b071fe8,42,no_linear_bank
/work/11617/sujato_ts/vista/motion_code-master/physics_modal_v4/enhancements/results/central/checkpoints/no_linear_bank/seed42/Electricity/h336.pt,a221ffca06797e79,False,Electricity,central,336,LatentFlow,physics_modal_v4/enhancements/results/central/runs/no_linear_bank/seed42/Electricity/h336.json,acbd0e775f5acfd9440d55c002c697f100b5677930c8a012871189c246c99427,42,no_linear_bank
/work/11617/sujato_ts/vista/motion_code-master/physics_modal_v4/enhancements/results/central/checkpoints/no_linear_bank/seed42/Electricity/h720.pt,2746d6000bc8214c,False,Electricity,central,720,LatentFlow,physics_modal_v4/enhancements/results/central/runs/no_linear_bank/seed42/Electricity/h720.json,e1738f8a4b1f8423d1182ceaa3ca1e606dbacfb49bd5334fda1627ada01c9b83,42,no_linear_bank
/work/11617/sujato_ts/vista/motion_code-master/physics_modal_v4/enhancements/results/central/checkpoints/no_linear_bank/seed42/Electricity/h96.pt,ecbad6e965f95018,False,Electricity,central,96,LatentFlow,physics_modal_v4/enhancements/results/central/runs/no_linear_bank/seed42/Electricity/h96.json,2249830bab7bdd372bd1fd3302a8102fb7c2cd866ed290270a1129a18d60257a,42,no_linear_bank
/work/11617/sujato_ts/vista/motion_code-master/physics_modal_v4/enhancements/results/central/checkpoints/no_linear_bank/seed42/Traffic/h192.pt,c7d92eebe2e9dd8c,False,Traffic,central,192,LatentFlow,physics_modal_v4/enhancements/results/central/runs/no_linear_bank/seed42/Traffic/h192.json,a9cdaf81550b91230694018374873ba6f05e0ec5b1b8b20f9c7a423b0df04296,42,no_linear_bank
/work/11617/sujato_ts/vista/motion_code-master/physics_modal_v4/enhancements/results/central/checkpoints/no_linear_bank/seed42/Traffic/h336.pt,9585be32996524ab,False,Traffic,central,336,LatentFlow,physics_modal_v4/enhancements/results/central/runs/no_linear_bank/seed42/Traffic/h336.json,04eecead0370295c753f1c8ae481160821dc749c381c07fee4096f964a8760f0,42,no_linear_bank
/work/11617/sujato_ts/vista/motion_code-master/physics_modal_v4/enhancements/results/central/checkpoints/no_linear_bank/seed42/Traffic/h720.pt,2c0a9b94a210cb32,False,Traffic,central,720,LatentFlow,physics_modal_v4/enhancements/results/central/runs/no_linear_bank/seed42/Traffic/h720.json,24b799fc0127e598c67a9a5e66df3176eda32dd84b5eff55a020dabc94a79be3,42,no_linear_bank
/work/11617/sujato_ts/vista/motion_code-master/physics_modal_v4/enhancements/results/central/checkpoints/no_linear_bank/seed42/Traffic/h96.pt,d76658e88fd41804,False,Traffic,central,96,LatentFlow,physics_modal_v4/enhancements/results/central/runs/no_linear_bank/seed42/Traffic/h96.json,1e7701e331c765c9687f9d6d2d52251e98b8173cfd98ee80a02b0a309e0d2e89,42,no_linear_bank
/work/11617/sujato_ts/vista/motion_code-master/physics_modal_v4/enhancements/results/central/checkpoints/no_linear_bank/seed42/Weather/h192.pt,b5576c37adf65d46,False,Weather,central,192,LatentFlow,physics_modal_v4/enhancements/results/central/runs/no_linear_bank/seed42/Weather/h192.json,b391dd0eeb83e6b189f35e71193d6155ab9957d76390e69fdc087edca4638faa,42,no_linear_bank
/work/11617/sujato_ts/vista/motion_code-master/physics_modal_v4/enhancements/results/central/checkpoints/no_linear_bank/seed42/Weather/h336.pt,598633a7cdc66300,False,Weather,central,336,LatentFlow,physics_modal_v4/enhancements/results/central/runs/no_linear_bank/seed42/Weather/h336.json,323788bbbc0d2f0365b4ab8d2a2630a94362ef546ddc6a0aae6f62c27c0723e7,42,no_linear_bank
/work/11617/sujato_ts/vista/motion_code-master/physics_modal_v4/enhancements/results/central/checkpoints/no_linear_bank/seed42/Weather/h720.pt,5f25bdd20d204b3a,False,Weather,central,720,LatentFlow,physics_modal_v4/enhancements/results/central/runs/no_linear_bank/seed42/Weather/h720.json,57875a930efdc3f305c3a6fb704537e23aba7c03a54e8b8af24ac6de5ee23aed,42,no_linear_bank
/work/11617/sujato_ts/vista/motion_code-master/physics_modal_v4/enhancements/results/central/checkpoints/no_linear_bank/seed42/Weather/h96.pt,5d8140260e263164,False,Weather,central,96,LatentFlow,physics_modal_v4/enhancements/results/central/runs/no_linear_bank/seed42/Weather/h96.json,792b6d6c97a99a9e3b949e5642ee9ec709e4a6dd237803da9fb3ce1ed49e6893,42,no_linear_bank
/work/11617/sujato_ts/vista/motion_code-master/physics_modal_v4/enhancements/results/central/checkpoints/no_linear_bank/seed43/ETTh1/h192.pt,565a5b3dadfe41f5,False,ETTh1,central,192,LatentFlow,physics_modal_v4/enhancements/results/central/runs/no_linear_bank/seed43/ETTh1/h192.json,d366264597055b1738ed7980a08f9a3f315e757ad10ffd3cf072aa2a313f3bb7,43,no_linear_bank
/work/11617/sujato_ts/vista/motion_code-master/physics_modal_v4/enhancements/results/central/checkpoints/no_linear_bank/seed43/ETTh1/h336.pt,3654a9dedcaed34d,False,ETTh1,central,336,LatentFlow,physics_modal_v4/enhancements/results/central/runs/no_linear_bank/seed43/ETTh1/h336.json,bc4bad2bcde65f92e816f46c365bb46840425802cf5142a7f07767ed73de5ef4,43,no_linear_bank
/work/11617/sujato_ts/vista/motion_code-master/physics_modal_v4/enhancements/results/central/checkpoints/no_linear_bank/seed43/ETTh1/h720.pt,726f5e92065d8999,False,ETTh1,central,720,LatentFlow,physics_modal_v4/enhancements/results/central/runs/no_linear_bank/seed43/ETTh1/h720.json,bb24348855942f01d5a7e59a73f0140e9b0f9381ea74aec2484ba5ada01a1438,43,no_linear_bank
/work/11617/sujato_ts/vista/motion_code-master/physics_modal_v4/enhancements/results/central/checkpoints/no_linear_bank/seed43/ETTh1/h96.pt,9c99a938bb653298,False,ETTh1,central,96,LatentFlow,physics_modal_v4/enhancements/results/central/runs/no_linear_bank/seed43/ETTh1/h96.json,6f0fb3d8e55af26a2224e7303ca7c075f5771ae55ada61862bd15c62bb735a6a,43,no_linear_bank
/work/11617/sujato_ts/vista/motion_code-master/physics_modal_v4/enhancements/results/central/checkpoints/no_linear_bank/seed43/ETTh2/h192.pt,08b89219a0b0a98f,False,ETTh2,central,192,LatentFlow,physics_modal_v4/enhancements/results/central/runs/no_linear_bank/seed43/ETTh2/h192.json,f11ef7faf54ff874b54641d19379a099eb9bf11f9a6928ca528b496eba374e62,43,no_linear_bank
/work/11617/sujato_ts/vista/motion_code-master/physics_modal_v4/enhancements/results/central/checkpoints/no_linear_bank/seed43/ETTh2/h336.pt,f72440e8f92d5139,False,ETTh2,central,336,LatentFlow,physics_modal_v4/enhancements/results/central/runs/no_linear_bank/seed43/ETTh2/h336.json,a8e998a173bd14c094c8168a160e8ff534dd46c533e2c86997c947f5f1faffec,43,no_linear_bank
/work/11617/sujato_ts/vista/motion_code-master/physics_modal_v4/enhancements/results/central/checkpoints/no_linear_bank/seed43/ETTh2/h720.pt,13be50dbf7620ab8,False,ETTh2,central,720,LatentFlow,physics_modal_v4/enhancements/results/central/runs/no_linear_bank/seed43/ETTh2/h720.json,0fde7ae75d8cf87a5c05cdda2cbaf886d05321560533fe07edbc1090b4c4fa36,43,no_linear_bank
/work/11617/sujato_ts/vista/motion_code-master/physics_modal_v4/enhancements/results/central/checkpoints/no_linear_bank/seed43/ETTh2/h96.pt,28eebcc76867c005,False,ETTh2,central,96,LatentFlow,physics_modal_v4/enhancements/results/central/runs/no_linear_bank/seed43/ETTh2/h96.json,5c87c12194c307ad8e24f87578da81584e90598bc2474a8c580260afd3c53e29,43,no_linear_bank
/work/11617/sujato_ts/vista/motion_code-master/physics_modal_v4/enhancements/results/central/checkpoints/no_linear_bank/seed43/ETTm1/h192.pt,76669be481207720,False,ETTm1,central,192,LatentFlow,physics_modal_v4/enhancements/results/central/runs/no_linear_bank/seed43/ETTm1/h192.json,8a332277e44a191faab377422b5ca44194e6b06fc4899f31d54f40ee4da1511d,43,no_linear_bank
/work/11617/sujato_ts/vista/motion_code-master/physics_modal_v4/enhancements/results/central/checkpoints/no_linear_bank/seed43/ETTm1/h336.pt,6b2991e59bd23d53,False,ETTm1,central,336,LatentFlow,physics_modal_v4/enhancements/results/central/runs/no_linear_bank/seed43/ETTm1/h336.json,3d4c99a9515295b1fe9dee5fcc1247e3e4b143efb858011617899c7349a97237,43,no_linear_bank
/work/11617/sujato_ts/vista/motion_code-master/physics_modal_v4/enhancements/results/central/checkpoints/no_linear_bank/seed43/ETTm1/h720.pt,2fafcdadc0887161,False,ETTm1,central,720,LatentFlow,physics_modal_v4/enhancements/results/central/runs/no_linear_bank/seed43/ETTm1/h720.json,e26974c721f28106272ff5c4f0e03ec57629f2ceb63510613c7b810fbeee810a,43,no_linear_bank
/work/11617/sujato_ts/vista/motion_code-master/physics_modal_v4/enhancements/results/central/checkpoints/no_linear_bank/seed43/ETTm1/h96.pt,4df9fd9c0648e17b,False,ETTm1,central,96,LatentFlow,physics_modal_v4/enhancements/results/central/runs/no_linear_bank/seed43/ETTm1/h96.json,4ca4cc0ea17692a2f6957ad38ad969f30d7910aeae86586526405bdf2dcdbe54,43,no_linear_bank
/work/11617/sujato_ts/vista/motion_code-master/physics_modal_v4/enhancements/results/central/checkpoints/no_linear_bank/seed43/ETTm2/h192.pt,e24a7d18fd45998c,False,ETTm2,central,192,LatentFlow,physics_modal_v4/enhancements/results/central/runs/no_linear_bank/seed43/ETTm2/h192.json,45ec8aaeebd5e46c15531bfe67c8a17391c01468bf7c0e33fda02724abc915c9,43,no_linear_bank
/work/11617/sujato_ts/vista/motion_code-master/physics_modal_v4/enhancements/results/central/checkpoints/no_linear_bank/seed43/ETTm2/h336.pt,7e1a6e3f333c8b1a,False,ETTm2,central,336,LatentFlow,physics_modal_v4/enhancements/results/central/runs/no_linear_bank/seed43/ETTm2/h336.json,201062f8d3a39e47afd808a15ab3b883ade6d2c89f13e4b08a595dd454243d30,43,no_linear_bank
/work/11617/sujato_ts/vista/motion_code-master/physics_modal_v4/enhancements/results/central/checkpoints/no_linear_bank/seed43/ETTm2/h720.pt,325d8dd250e2b65b,False,ETTm2,central,720,LatentFlow,physics_modal_v4/enhancements/results/central/runs/no_linear_bank/seed43/ETTm2/h720.json,3fd0d40e60005650637d4f3cd9cd8bd4119ca1dfb4325e7815910cb767ff5bbf,43,no_linear_bank
/work/11617/sujato_ts/vista/motion_code-master/physics_modal_v4/enhancements/results/central/checkpoints/no_linear_bank/seed43/ETTm2/h96.pt,b7512db8c67cc665,False,ETTm2,central,96,LatentFlow,physics_modal_v4/enhancements/results/central/runs/no_linear_bank/seed43/ETTm2/h96.json,5e9c8962d13d0c760fea2f19e6cb4e7a2b5f255413e554ef291426369bc3c15d,43,no_linear_bank
/work/11617/sujato_ts/vista/motion_code-master/physics_modal_v4/enhancements/results/central/checkpoints/no_linear_bank/seed43/Electricity/h192.pt,5749343fc9530a9a,False,Electricity,central,192,LatentFlow,physics_modal_v4/enhancements/results/central/runs/no_linear_bank/seed43/Electricity/h192.json,5fe91d554d91209564c35d55d8eb6eb34045c65752ea7d6ecef5006a319b47a9,43,no_linear_bank
/work/11617/sujato_ts/vista/motion_code-master/physics_modal_v4/enhancements/results/central/checkpoints/no_linear_bank/seed43/Electricity/h336.pt,31c5c56a93f01840,False,Electricity,central,336,LatentFlow,physics_modal_v4/enhancements/results/central/runs/no_linear_bank/seed43/Electricity/h336.json,264f23099475c0ad9fe0b4b76e82213a8eef283b108ff3b267a4212d1d421ad5,43,no_linear_bank
/work/11617/sujato_ts/vista/motion_code-master/physics_modal_v4/enhancements/results/central/checkpoints/no_linear_bank/seed43/Electricity/h720.pt,500b650f14e08f6c,False,Electricity,central,720,LatentFlow,physics_modal_v4/enhancements/results/central/runs/no_linear_bank/seed43/Electricity/h720.json,6805448def44536c83401f7455eacdd7be34396c5cc272dfbe638002afa95ce3,43,no_linear_bank
/work/11617/sujato_ts/vista/motion_code-master/physics_modal_v4/enhancements/results/central/checkpoints/no_linear_bank/seed43/Electricity/h96.pt,4e7fa0ad8fe8d0cc,False,Electricity,central,96,LatentFlow,physics_modal_v4/enhancements/results/central/runs/no_linear_bank/seed43/Electricity/h96.json,436181fc76acd8d6a9a0655b1df7ca1638719c215f8e706b7a5f6243c5bb8557,43,no_linear_bank
/work/11617/sujato_ts/vista/motion_code-master/physics_modal_v4/enhancements/results/central/checkpoints/no_linear_bank/seed43/Traffic/h192.pt,b3c70b3d1a0253b5,False,Traffic,central,192,LatentFlow,physics_modal_v4/enhancements/results/central/runs/no_linear_bank/seed43/Traffic/h192.json,784919a96618593ac365f471abfede4391c993439ebb670a52734e4db404845a,43,no_linear_bank
/work/11617/sujato_ts/vista/motion_code-master/physics_modal_v4/enhancements/results/central/checkpoints/no_linear_bank/seed43/Traffic/h336.pt,f7dcb031578a9bc6,False,Traffic,central,336,LatentFlow,physics_modal_v4/enhancements/results/central/runs/no_linear_bank/seed43/Traffic/h336.json,78adbedd84624644d23483b0fcdd4312bab5bff85b6bc1cb418f7706537f971b,43,no_linear_bank
/work/11617/sujato_ts/vista/motion_code-master/physics_modal_v4/enhancements/results/central/checkpoints/no_linear_bank/seed43/Traffic/h720.pt,8eb2ea175a8f43c4,False,Traffic,central,720,LatentFlow,physics_modal_v4/enhancements/results/central/runs/no_linear_bank/seed43/Traffic/h720.json,0734ad0e30bc5a98f5dddefad491e88006f2e8fc148be1b78a8fee65ad9fcc6b,43,no_linear_bank
/work/11617/sujato_ts/vista/motion_code-master/physics_modal_v4/enhancements/results/central/checkpoints/no_linear_bank/seed43/Traffic/h96.pt,0b59b5a7a05b96ae,False,Traffic,central,96,LatentFlow,physics_modal_v4/enhancements/results/central/runs/no_linear_bank/seed43/Traffic/h96.json,93ff64f3ce1957138c03294a8a7753892cd8a5d2e50fd4cf850660e0ca067062,43,no_linear_bank
/work/11617/sujato_ts/vista/motion_code-master/physics_modal_v4/enhancements/results/central/checkpoints/no_linear_bank/seed43/Weather/h192.pt,d3505cbc2ae37ed6,False,Weather,central,192,LatentFlow,physics_modal_v4/enhancements/results/central/runs/no_linear_bank/seed43/Weather/h192.json,5e0ab8a858c9dfae047bdc0a10a7a8a4e4f7a8dbc6b225b078f7826b2bb9b865,43,no_linear_bank
/work/11617/sujato_ts/vista/motion_code-master/physics_modal_v4/enhancements/results/central/checkpoints/no_linear_bank/seed43/Weather/h336.pt,fedf735112057b59,False,Weather,central,336,LatentFlow,physics_modal_v4/enhancements/results/central/runs/no_linear_bank/seed43/Weather/h336.json,05714d83a5d134b9594c47550c32e8d03b085e04c4856ab50c2a648853a100b6,43,no_linear_bank
/work/11617/sujato_ts/vista/motion_code-master/physics_modal_v4/enhancements/results/central/checkpoints/no_linear_bank/seed43/Weather/h720.pt,d76988d44825b86d,False,Weather,central,720,LatentFlow,physics_modal_v4/enhancements/results/central/runs/no_linear_bank/seed43/Weather/h720.json,fa78ceb383ecbbfd14084c6dd301b6eeedff1e040877e24f16b38be344a71c48,43,no_linear_bank
/work/11617/sujato_ts/vista/motion_code-master/physics_modal_v4/enhancements/results/central/checkpoints/no_linear_bank/seed43/Weather/h96.pt,c0781ad6fa956296,False,Weather,central,96,LatentFlow,physics_modal_v4/enhancements/results/central/runs/no_linear_bank/seed43/Weather/h96.json,1db344d904ebb2668f01deea7c42f7a392acfb81456b0dfdb411751f6f972113,43,no_linear_bank
/work/11617/sujato_ts/vista/motion_code-master/physics_modal_v4/enhancements/results/central/checkpoints/no_linear_bank/seed44/ETTh1/h192.pt,b22de3cf94125eba,False,ETTh1,central,192,LatentFlow,physics_modal_v4/enhancements/results/central/runs/no_linear_bank/seed44/ETTh1/h192.json,5c7c3344b12d217675f28005025f833006849083063112181e1f1a1d233e96a0,44,no_linear_bank
/work/11617/sujato_ts/vista/motion_code-master/physics_modal_v4/enhancements/results/central/checkpoints/no_linear_bank/seed44/ETTh1/h336.pt,d8675a9a4f870478,False,ETTh1,central,336,LatentFlow,physics_modal_v4/enhancements/results/central/runs/no_linear_bank/seed44/ETTh1/h336.json,75279bd7ee7d92a5a5ab02fbe4a03769734c77f38582f158f310017d1b2aa455,44,no_linear_bank
/work/11617/sujato_ts/vista/motion_code-master/physics_modal_v4/enhancements/results/central/checkpoints/no_linear_bank/seed44/ETTh1/h720.pt,0683fa3a7babaf99,False,ETTh1,central,720,LatentFlow,physics_modal_v4/enhancements/results/central/runs/no_linear_bank/seed44/ETTh1/h720.json,6de178b893b2f4374d9cb4ad27181712c267d0de414afedefa30d319ea2ab8ae,44,no_linear_bank
/work/11617/sujato_ts/vista/motion_code-master/physics_modal_v4/enhancements/results/central/checkpoints/no_linear_bank/seed44/ETTh1/h96.pt,3c51b93d08d2d41b,False,ETTh1,central,96,LatentFlow,physics_modal_v4/enhancements/results/central/runs/no_linear_bank/seed44/ETTh1/h96.json,44006102c9bd571fb598b1b56156043a996f31a995c0fff7999829ed7e2030db,44,no_linear_bank
/work/11617/sujato_ts/vista/motion_code-master/physics_modal_v4/enhancements/results/central/checkpoints/no_linear_bank/seed44/ETTh2/h192.pt,6a97d67de5af37c7,False,ETTh2,central,192,LatentFlow,physics_modal_v4/enhancements/results/central/runs/no_linear_bank/seed44/ETTh2/h192.json,7d1eed932c7e24998a4cef9e6d51f2c448bbdf43836f3b5e3064efe8d7f0a5c5,44,no_linear_bank
/work/11617/sujato_ts/vista/motion_code-master/physics_modal_v4/enhancements/results/central/checkpoints/no_linear_bank/seed44/ETTh2/h336.pt,38fd268c6bddc5e5,False,ETTh2,central,336,LatentFlow,physics_modal_v4/enhancements/results/central/runs/no_linear_bank/seed44/ETTh2/h336.json,12175b162dc59537deb8263a70f5addcacf7f7a440b68027d9fc0719f95f5086,44,no_linear_bank
/work/11617/sujato_ts/vista/motion_code-master/physics_modal_v4/enhancements/results/central/checkpoints/no_linear_bank/seed44/ETTh2/h720.pt,1d77fa2357ecf8b9,False,ETTh2,central,720,LatentFlow,physics_modal_v4/enhancements/results/central/runs/no_linear_bank/seed44/ETTh2/h720.json,abdd96412e00ffdae7f34c2c130a9dfafdb69af0c03f3eac4a3c15467b077056,44,no_linear_bank
/work/11617/sujato_ts/vista/motion_code-master/physics_modal_v4/enhancements/results/central/checkpoints/no_linear_bank/seed44/ETTh2/h96.pt,85c42770bdb6e700,False,ETTh2,central,96,LatentFlow,physics_modal_v4/enhancements/results/central/runs/no_linear_bank/seed44/ETTh2/h96.json,f821a9acf67ef53aaa9e2c2bcf594f0ec936c6ed1d6e9c3e1b810308f5493d3e,44,no_linear_bank
/work/11617/sujato_ts/vista/motion_code-master/physics_modal_v4/enhancements/results/central/checkpoints/no_linear_bank/seed44/ETTm1/h192.pt,a2f8f123cee4407f,False,ETTm1,central,192,LatentFlow,physics_modal_v4/enhancements/results/central/runs/no_linear_bank/seed44/ETTm1/h192.json,396a2991e9166d205ec440a64f1b67d9cdad7c4722131e0f99fb2064077f09a7,44,no_linear_bank
/work/11617/sujato_ts/vista/motion_code-master/physics_modal_v4/enhancements/results/central/checkpoints/no_linear_bank/seed44/ETTm1/h336.pt,92e12e36b447d06d,False,ETTm1,central,336,LatentFlow,physics_modal_v4/enhancements/results/central/runs/no_linear_bank/seed44/ETTm1/h336.json,5b36b5c8fdecc9f59f2f8575536e7de01131a572ab6711b80fc8a6b9ca90888f,44,no_linear_bank
/work/11617/sujato_ts/vista/motion_code-master/physics_modal_v4/enhancements/results/central/checkpoints/no_linear_bank/seed44/ETTm1/h720.pt,073ea41456172c96,False,ETTm1,central,720,LatentFlow,physics_modal_v4/enhancements/results/central/runs/no_linear_bank/seed44/ETTm1/h720.json,73f240a27234a94c83f85f1f336b18bfec7d02b816f7fdf409307620a46f4767,44,no_linear_bank
/work/11617/sujato_ts/vista/motion_code-master/physics_modal_v4/enhancements/results/central/checkpoints/no_linear_bank/seed44/ETTm1/h96.pt,9595a117d378a9f4,False,ETTm1,central,96,LatentFlow,physics_modal_v4/enhancements/results/central/runs/no_linear_bank/seed44/ETTm1/h96.json,57ca38ebb6b2f6dbd9ba8da0d647413f9eb3a923a50588d3fb70a4e6d770d7eb,44,no_linear_bank
/work/11617/sujato_ts/vista/motion_code-master/physics_modal_v4/enhancements/results/central/checkpoints/no_linear_bank/seed44/ETTm2/h192.pt,59c7e8038f323edb,False,ETTm2,central,192,LatentFlow,physics_modal_v4/enhancements/results/central/runs/no_linear_bank/seed44/ETTm2/h192.json,42dc4c2486b0d620f72ddce1ebda331486e3b948c9afd459545876f6a99f2ec2,44,no_linear_bank
/work/11617/sujato_ts/vista/motion_code-master/physics_modal_v4/enhancements/results/central/checkpoints/no_linear_bank/seed44/ETTm2/h336.pt,a3ad2d7214bdcb3b,False,ETTm2,central,336,LatentFlow,physics_modal_v4/enhancements/results/central/runs/no_linear_bank/seed44/ETTm2/h336.json,888e1638c8bc15017c6a1bbef55e2629ba5bf172b407784e230fd621de6bb199,44,no_linear_bank
/work/11617/sujato_ts/vista/motion_code-master/physics_modal_v4/enhancements/results/central/checkpoints/no_linear_bank/seed44/ETTm2/h720.pt,b516c39d6abe67cf,False,ETTm2,central,720,LatentFlow,physics_modal_v4/enhancements/results/central/runs/no_linear_bank/seed44/ETTm2/h720.json,fcc365ed457d858aa2a0c2da3366a4509d633dae529112d060643bd4c5b11572,44,no_linear_bank
/work/11617/sujato_ts/vista/motion_code-master/physics_modal_v4/enhancements/results/central/checkpoints/no_linear_bank/seed44/ETTm2/h96.pt,b1fa88863d8b8da3,False,ETTm2,central,96,LatentFlow,physics_modal_v4/enhancements/results/central/runs/no_linear_bank/seed44/ETTm2/h96.json,ac947c81bf1da3626b804a7c64e225e0ac8c18d992b9b8950910a83f23b4f57a,44,no_linear_bank
/work/11617/sujato_ts/vista/motion_code-master/physics_modal_v4/enhancements/results/central/checkpoints/no_linear_bank/seed44/Electricity/h192.pt,50778e6653e21fd0,False,Electricity,central,192,LatentFlow,physics_modal_v4/enhancements/results/central/runs/no_linear_bank/seed44/Electricity/h192.json,c296c6bb110a4f68dffc4195a028b0bd5fe924287ee8eb9773517f7dd4b18a82,44,no_linear_bank
/work/11617/sujato_ts/vista/motion_code-master/physics_modal_v4/enhancements/results/central/checkpoints/no_linear_bank/seed44/Electricity/h336.pt,d7764f5fcb47e2a0,False,Electricity,central,336,LatentFlow,physics_modal_v4/enhancements/results/central/runs/no_linear_bank/seed44/Electricity/h336.json,9a01c32ef2586b1502697f5fe49b87942d2dc349d9af65fc0b0d8bf5b9f63af3,44,no_linear_bank
/work/11617/sujato_ts/vista/motion_code-master/physics_modal_v4/enhancements/results/central/checkpoints/no_linear_bank/seed44/Electricity/h720.pt,07dbe6e02bb9c5ca,False,Electricity,central,720,LatentFlow,physics_modal_v4/enhancements/results/central/runs/no_linear_bank/seed44/Electricity/h720.json,979e5081ad7c22833a2dd78d6bbb139b950c52299239f8a93bd96efd04e83bd2,44,no_linear_bank
/work/11617/sujato_ts/vista/motion_code-master/physics_modal_v4/enhancements/results/central/checkpoints/no_linear_bank/seed44/Electricity/h96.pt,3b8bfd92c8357729,False,Electricity,central,96,LatentFlow,physics_modal_v4/enhancements/results/central/runs/no_linear_bank/seed44/Electricity/h96.json,011363718b112a40cf03a3e8235ab7dea72dd7e7e19d6e35ad6545f1968fbebf,44,no_linear_bank
/work/11617/sujato_ts/vista/motion_code-master/physics_modal_v4/enhancements/results/central/checkpoints/no_linear_bank/seed44/Traffic/h192.pt,6404f660f9d71b0d,False,Traffic,central,192,LatentFlow,physics_modal_v4/enhancements/results/central/runs/no_linear_bank/seed44/Traffic/h192.json,f37fd510b56bc699c357b97e5bb660099cb5426de2daa3ef799c35b766ad5c6b,44,no_linear_bank
/work/11617/sujato_ts/vista/motion_code-master/physics_modal_v4/enhancements/results/central/checkpoints/no_linear_bank/seed44/Traffic/h336.pt,af4f5e91004e3977,False,Traffic,central,336,LatentFlow,physics_modal_v4/enhancements/results/central/runs/no_linear_bank/seed44/Traffic/h336.json,6db48267da107b31aa2d806fca5086f948fee3a45922f6750e15a08c7c30fd23,44,no_linear_bank
/work/11617/sujato_ts/vista/motion_code-master/physics_modal_v4/enhancements/results/central/checkpoints/no_linear_bank/seed44/Traffic/h720.pt,fe190de8cbdc09ac,False,Traffic,central,720,LatentFlow,physics_modal_v4/enhancements/results/central/runs/no_linear_bank/seed44/Traffic/h720.json,aeeae84979c7863d041e4044f846962504d5b5780ea583f73cb7867fa46761a0,44,no_linear_bank
/work/11617/sujato_ts/vista/motion_code-master/physics_modal_v4/enhancements/results/central/checkpoints/no_linear_bank/seed44/Traffic/h96.pt,cf78d86ecc754405,False,Traffic,central,96,LatentFlow,physics_modal_v4/enhancements/results/central/runs/no_linear_bank/seed44/Traffic/h96.json,5d8a1737cbd46fd608a6a09b8fd7a35108616c575b7c6d6c860ce724ea1cda32,44,no_linear_bank
/work/11617/sujato_ts/vista/motion_code-master/physics_modal_v4/enhancements/results/central/checkpoints/no_linear_bank/seed44/Weather/h192.pt,c9abc814f41217aa,False,Weather,central,192,LatentFlow,physics_modal_v4/enhancements/results/central/runs/no_linear_bank/seed44/Weather/h192.json,bf32870111d62f17a6ced3512e6c5d3761539b4c6aed86da1cd33b1b7c8cd7f3,44,no_linear_bank
/work/11617/sujato_ts/vista/motion_code-master/physics_modal_v4/enhancements/results/central/checkpoints/no_linear_bank/seed44/Weather/h336.pt,23bd6425596572e7,False,Weather,central,336,LatentFlow,physics_modal_v4/enhancements/results/central/runs/no_linear_bank/seed44/Weather/h336.json,b5581db402ff9ae1911e8d93b7a2d265885436a6359b4536e73367cb2811f932,44,no_linear_bank
/work/11617/sujato_ts/vista/motion_code-master/physics_modal_v4/enhancements/results/central/checkpoints/no_linear_bank/seed44/Weather/h720.pt,ce3f77c43451b061,False,Weather,central,720,LatentFlow,physics_modal_v4/enhancements/results/central/runs/no_linear_bank/seed44/Weather/h720.json,1a268b87e8efa3e7510b080fb97695d487437553e0239d526b9e047fb9a20708,44,no_linear_bank
/work/11617/sujato_ts/vista/motion_code-master/physics_modal_v4/enhancements/results/central/checkpoints/no_linear_bank/seed44/Weather/h96.pt,cbddda5d93459581,False,Weather,central,96,LatentFlow,physics_modal_v4/enhancements/results/central/runs/no_linear_bank/seed44/Weather/h96.json,8e7a07bc512654a95d7901a095f5ed27704aa6c614a276310e07406d59bf1e39,44,no_linear_bank
/work/11617/sujato_ts/vista/motion_code-master/physics_modal_v4/enhancements/results/central/checkpoints/no_linear_bank/seed45/ETTh1/h192.pt,ece4b2375b252de5,False,ETTh1,central,192,LatentFlow,physics_modal_v4/enhancements/results/central/runs/no_linear_bank/seed45/ETTh1/h192.json,3add59605a2aa6d364532a7377936a1da76aae373f99c43e134c5f94ea0e10eb,45,no_linear_bank
/work/11617/sujato_ts/vista/motion_code-master/physics_modal_v4/enhancements/results/central/checkpoints/no_linear_bank/seed45/ETTh1/h336.pt,63590df867ab4a58,False,ETTh1,central,336,LatentFlow,physics_modal_v4/enhancements/results/central/runs/no_linear_bank/seed45/ETTh1/h336.json,8a52118ba02cb836e8e46ae5f8c999a9bf015aac6b4fb0ac584a764d8026e877,45,no_linear_bank
/work/11617/sujato_ts/vista/motion_code-master/physics_modal_v4/enhancements/results/central/checkpoints/no_linear_bank/seed45/ETTh1/h720.pt,a54aa89cfdf7d32c,False,ETTh1,central,720,LatentFlow,physics_modal_v4/enhancements/results/central/runs/no_linear_bank/seed45/ETTh1/h720.json,b906cd19a244858225f3f956d4b6d6827de1f8a116b939ca33c13440f1c98504,45,no_linear_bank
/work/11617/sujato_ts/vista/motion_code-master/physics_modal_v4/enhancements/results/central/checkpoints/no_linear_bank/seed45/ETTh1/h96.pt,b532efe6e490266c,False,ETTh1,central,96,LatentFlow,physics_modal_v4/enhancements/results/central/runs/no_linear_bank/seed45/ETTh1/h96.json,8a51807bc4e46ec917eccb528ea83488d39bd3bde8f0892e0d376b25a87c767c,45,no_linear_bank
/work/11617/sujato_ts/vista/motion_code-master/physics_modal_v4/enhancements/results/central/checkpoints/no_linear_bank/seed45/ETTh2/h192.pt,89782c53f7fc007f,False,ETTh2,central,192,LatentFlow,physics_modal_v4/enhancements/results/central/runs/no_linear_bank/seed45/ETTh2/h192.json,f7b3e5a46d6a276155a34b04937a52131c9d9fb75672362fec949daefe79ceb9,45,no_linear_bank
/work/11617/sujato_ts/vista/motion_code-master/physics_modal_v4/enhancements/results/central/checkpoints/no_linear_bank/seed45/ETTh2/h336.pt,0c37c226adc37a96,False,ETTh2,central,336,LatentFlow,physics_modal_v4/enhancements/results/central/runs/no_linear_bank/seed45/ETTh2/h336.json,799b9efe35490f060201c334200812f929dc4db0c4fcb32bf48b731ad3e4b0c9,45,no_linear_bank
/work/11617/sujato_ts/vista/motion_code-master/physics_modal_v4/enhancements/results/central/checkpoints/no_linear_bank/seed45/ETTh2/h720.pt,9fd1ccdcfe4e2e9a,False,ETTh2,central,720,LatentFlow,physics_modal_v4/enhancements/results/central/runs/no_linear_bank/seed45/ETTh2/h720.json,8c423b1f995477b3ff987f7ef01d658677b1538a8e79a30f013dcaf9903f4219,45,no_linear_bank
/work/11617/sujato_ts/vista/motion_code-master/physics_modal_v4/enhancements/results/central/checkpoints/no_linear_bank/seed45/ETTh2/h96.pt,652d8b0ef53af284,False,ETTh2,central,96,LatentFlow,physics_modal_v4/enhancements/results/central/runs/no_linear_bank/seed45/ETTh2/h96.json,2f0371146e2f948db2c96ebdd6c1960041b1073aec9eabe7ac8685123e8af6cc,45,no_linear_bank
/work/11617/sujato_ts/vista/motion_code-master/physics_modal_v4/enhancements/results/central/checkpoints/no_linear_bank/seed45/ETTm1/h192.pt,49522eb6047aa1e2,False,ETTm1,central,192,LatentFlow,physics_modal_v4/enhancements/results/central/runs/no_linear_bank/seed45/ETTm1/h192.json,41f7d4dfa57661799faadd2ef022c1556a29fb7b580d9b95061fee70649ef447,45,no_linear_bank
/work/11617/sujato_ts/vista/motion_code-master/physics_modal_v4/enhancements/results/central/checkpoints/no_linear_bank/seed45/ETTm1/h336.pt,35fce118f4f16bc4,False,ETTm1,central,336,LatentFlow,physics_modal_v4/enhancements/results/central/runs/no_linear_bank/seed45/ETTm1/h336.json,50e7364de90b8290763e09c90ad38b96403cc693765c9fbb969baca7da07e203,45,no_linear_bank
/work/11617/sujato_ts/vista/motion_code-master/physics_modal_v4/enhancements/results/central/checkpoints/no_linear_bank/seed45/ETTm1/h720.pt,ffa333498ecfe1bf,False,ETTm1,central,720,LatentFlow,physics_modal_v4/enhancements/results/central/runs/no_linear_bank/seed45/ETTm1/h720.json,8ee31621b8414b96f179d944e7bdb5791ab32ce4c96d848959f93346aaf5a97f,45,no_linear_bank
/work/11617/sujato_ts/vista/motion_code-master/physics_modal_v4/enhancements/results/central/checkpoints/no_linear_bank/seed45/ETTm1/h96.pt,bf54da4cf8ba2c58,False,ETTm1,central,96,LatentFlow,physics_modal_v4/enhancements/results/central/runs/no_linear_bank/seed45/ETTm1/h96.json,f1f4c35a6a0444c9acd7ff438fa78c6f46a2a0cbadc06af99c2027615eef2741,45,no_linear_bank
/work/11617/sujato_ts/vista/motion_code-master/physics_modal_v4/enhancements/results/central/checkpoints/no_linear_bank/seed45/ETTm2/h192.pt,fcb23553a68c6238,False,ETTm2,central,192,LatentFlow,physics_modal_v4/enhancements/results/central/runs/no_linear_bank/seed45/ETTm2/h192.json,0c8bbd2718e02d3c3e82f6ebf577c1547e8a427cfdcde0231a834ed332cc6424,45,no_linear_bank
/work/11617/sujato_ts/vista/motion_code-master/physics_modal_v4/enhancements/results/central/checkpoints/no_linear_bank/seed45/ETTm2/h336.pt,51a28ef6d9ee0701,False,ETTm2,central,336,LatentFlow,physics_modal_v4/enhancements/results/central/runs/no_linear_bank/seed45/ETTm2/h336.json,523cea2419e0fe3b32aed3c63a355bf46ed7529e6cecb3f8353dc218d416289d,45,no_linear_bank
/work/11617/sujato_ts/vista/motion_code-master/physics_modal_v4/enhancements/results/central/checkpoints/no_linear_bank/seed45/ETTm2/h720.pt,07f59c2777c16308,False,ETTm2,central,720,LatentFlow,physics_modal_v4/enhancements/results/central/runs/no_linear_bank/seed45/ETTm2/h720.json,b16b4f5b356d1bd271fcfd2ebdf9087599940cb2ade39b5fd9a409e8dce61aba,45,no_linear_bank
/work/11617/sujato_ts/vista/motion_code-master/physics_modal_v4/enhancements/results/central/checkpoints/no_linear_bank/seed45/ETTm2/h96.pt,5a632561c95a43a4,False,ETTm2,central,96,LatentFlow,physics_modal_v4/enhancements/results/central/runs/no_linear_bank/seed45/ETTm2/h96.json,4816402a77f260213937623b8d3b1f9a79fd6bb406f4132f0faa2f5327eeaac3,45,no_linear_bank
/work/11617/sujato_ts/vista/motion_code-master/physics_modal_v4/enhancements/results/central/checkpoints/no_linear_bank/seed45/Electricity/h192.pt,2268fb0ecefca12d,False,Electricity,central,192,LatentFlow,physics_modal_v4/enhancements/results/central/runs/no_linear_bank/seed45/Electricity/h192.json,e8ce09bdba476eba8de503ee648b4974db8b8c65395f402a614adf98ffaaa9b2,45,no_linear_bank
/work/11617/sujato_ts/vista/motion_code-master/physics_modal_v4/enhancements/results/central/checkpoints/no_linear_bank/seed45/Electricity/h336.pt,df41508a4d1b70a7,False,Electricity,central,336,LatentFlow,physics_modal_v4/enhancements/results/central/runs/no_linear_bank/seed45/Electricity/h336.json,d7693c5bceb80097062e984a80e8487f4347b791cd07051401bc2e793863ec8e,45,no_linear_bank
/work/11617/sujato_ts/vista/motion_code-master/physics_modal_v4/enhancements/results/central/checkpoints/no_linear_bank/seed45/Electricity/h720.pt,27fccfc17a384e01,False,Electricity,central,720,LatentFlow,physics_modal_v4/enhancements/results/central/runs/no_linear_bank/seed45/Electricity/h720.json,a54310a5b4fa4213996b8c8888e616412f95a30ef5a30a6ff39539a82323914a,45,no_linear_bank
/work/11617/sujato_ts/vista/motion_code-master/physics_modal_v4/enhancements/results/central/checkpoints/no_linear_bank/seed45/Electricity/h96.pt,3eb341d4737432c6,False,Electricity,central,96,LatentFlow,physics_modal_v4/enhancements/results/central/runs/no_linear_bank/seed45/Electricity/h96.json,4c30fdb429a1d5bef7fa905b456dab69d58da9f5756a230c2797ba9b58686de7,45,no_linear_bank
/work/11617/sujato_ts/vista/motion_code-master/physics_modal_v4/enhancements/results/central/checkpoints/no_linear_bank/seed45/Traffic/h192.pt,250335849e5ebb09,False,Traffic,central,192,LatentFlow,physics_modal_v4/enhancements/results/central/runs/no_linear_bank/seed45/Traffic/h192.json,8b568b74cfee29b45d52bc7ff91470e2b40baa739756255aa0b30d0e2fadcfc6,45,no_linear_bank
/work/11617/sujato_ts/vista/motion_code-master/physics_modal_v4/enhancements/results/central/checkpoints/no_linear_bank/seed45/Traffic/h336.pt,642be2af653d2a19,False,Traffic,central,336,LatentFlow,physics_modal_v4/enhancements/results/central/runs/no_linear_bank/seed45/Traffic/h336.json,941cc375a9ba9d309258f98e555ba70b01a1118ccae7d502cdf87621439009c3,45,no_linear_bank
/work/11617/sujato_ts/vista/motion_code-master/physics_modal_v4/enhancements/results/central/checkpoints/no_linear_bank/seed45/Traffic/h720.pt,3d24052fa0e3ff7d,False,Traffic,central,720,LatentFlow,physics_modal_v4/enhancements/results/central/runs/no_linear_bank/seed45/Traffic/h720.json,0319004420363f111636ebfc65f6073fad5252840e6777cfd502dc34249f9da3,45,no_linear_bank
/work/11617/sujato_ts/vista/motion_code-master/physics_modal_v4/enhancements/results/central/checkpoints/no_linear_bank/seed45/Traffic/h96.pt,5e708a572a202e96,False,Traffic,central,96,LatentFlow,physics_modal_v4/enhancements/results/central/runs/no_linear_bank/seed45/Traffic/h96.json,da4c10f2aa7517ca0a49fb938ae920422c26f79062093832c341264771be7f97,45,no_linear_bank
/work/11617/sujato_ts/vista/motion_code-master/physics_modal_v4/enhancements/results/central/checkpoints/no_linear_bank/seed45/Weather/h192.pt,3aedb806dc41fd03,False,Weather,central,192,LatentFlow,physics_modal_v4/enhancements/results/central/runs/no_linear_bank/seed45/Weather/h192.json,09cbf766b3e712f89a2bf5e35c721f2a9ee7fb0ed4a8b39d095ceb680623665c,45,no_linear_bank
/work/11617/sujato_ts/vista/motion_code-master/physics_modal_v4/enhancements/results/central/checkpoints/no_linear_bank/seed45/Weather/h336.pt,810a885864aa615f,False,Weather,central,336,LatentFlow,physics_modal_v4/enhancements/results/central/runs/no_linear_bank/seed45/Weather/h336.json,980c31f2a7c61a9dd5ae0fb1327cd1adbf0c5aed5d9edb11172d8ac03fdf619b,45,no_linear_bank
/work/11617/sujato_ts/vista/motion_code-master/physics_modal_v4/enhancements/results/central/checkpoints/no_linear_bank/seed45/Weather/h720.pt,43ea23f63a1e0398,False,Weather,central,720,LatentFlow,physics_modal_v4/enhancements/results/central/runs/no_linear_bank/seed45/Weather/h720.json,ad108683984f6a5473f3f5d6b34393893aef1f367aa485056a3cc210660d0388,45,no_linear_bank
/work/11617/sujato_ts/vista/motion_code-master/physics_modal_v4/enhancements/results/central/checkpoints/no_linear_bank/seed45/Weather/h96.pt,f1c7208e2bf7caaf,False,Weather,central,96,LatentFlow,physics_modal_v4/enhancements/results/central/runs/no_linear_bank/seed45/Weather/h96.json,416b014af5e74f49251f7289f7a15039c3d449f0f5e2d03c75915f343488dec1,45,no_linear_bank
/work/11617/sujato_ts/vista/motion_code-master/physics_modal_v4/enhancements/results/central/checkpoints/no_linear_bank/seed46/ETTh1/h192.pt,b12a9bc48de581da,False,ETTh1,central,192,LatentFlow,physics_modal_v4/enhancements/results/central/runs/no_linear_bank/seed46/ETTh1/h192.json,3b7b131ec60476f4dbcd278ea4e0115e616ddcb0d902052a8a7f4aee724539b6,46,no_linear_bank
/work/11617/sujato_ts/vista/motion_code-master/physics_modal_v4/enhancements/results/central/checkpoints/no_linear_bank/seed46/ETTh1/h336.pt,db84c424a62b659a,False,ETTh1,central,336,LatentFlow,physics_modal_v4/enhancements/results/central/runs/no_linear_bank/seed46/ETTh1/h336.json,9f3d3aa706cbbb730c89ba00c253672c4e2e598b47ecf1abc9fc1ac83f1bc346,46,no_linear_bank
/work/11617/sujato_ts/vista/motion_code-master/physics_modal_v4/enhancements/results/central/checkpoints/no_linear_bank/seed46/ETTh1/h720.pt,2614c76fc842f33f,False,ETTh1,central,720,LatentFlow,physics_modal_v4/enhancements/results/central/runs/no_linear_bank/seed46/ETTh1/h720.json,3667c54b375aee24ff5806e52bbcbc3536f005ddfc6191b6eede25bf8c0abb6f,46,no_linear_bank
/work/11617/sujato_ts/vista/motion_code-master/physics_modal_v4/enhancements/results/central/checkpoints/no_linear_bank/seed46/ETTh1/h96.pt,a1541a118db5e984,False,ETTh1,central,96,LatentFlow,physics_modal_v4/enhancements/results/central/runs/no_linear_bank/seed46/ETTh1/h96.json,00aa62a22cc731771ef1ec9201bf28e8c4510537329b7ed59df104fe578e0334,46,no_linear_bank
/work/11617/sujato_ts/vista/motion_code-master/physics_modal_v4/enhancements/results/central/checkpoints/no_linear_bank/seed46/ETTh2/h192.pt,8ed55e598884e516,False,ETTh2,central,192,LatentFlow,physics_modal_v4/enhancements/results/central/runs/no_linear_bank/seed46/ETTh2/h192.json,65655cf397226ed6b94b99ac00b792f5acba8c05c9f175045c0a08a4dd87ce2b,46,no_linear_bank
/work/11617/sujato_ts/vista/motion_code-master/physics_modal_v4/enhancements/results/central/checkpoints/no_linear_bank/seed46/ETTh2/h336.pt,c769882ceee5bd0a,False,ETTh2,central,336,LatentFlow,physics_modal_v4/enhancements/results/central/runs/no_linear_bank/seed46/ETTh2/h336.json,e672545d5cbb68e80845ed6f6e2fe84c95eca659c71c1e1dd72b5bae42418a30,46,no_linear_bank
/work/11617/sujato_ts/vista/motion_code-master/physics_modal_v4/enhancements/results/central/checkpoints/no_linear_bank/seed46/ETTh2/h720.pt,105c11c583537552,False,ETTh2,central,720,LatentFlow,physics_modal_v4/enhancements/results/central/runs/no_linear_bank/seed46/ETTh2/h720.json,a28b3ea5455f916494c2eba17e7d411173c4cd06c07501b3a6253afc4a3878e9,46,no_linear_bank
/work/11617/sujato_ts/vista/motion_code-master/physics_modal_v4/enhancements/results/central/checkpoints/no_linear_bank/seed46/ETTh2/h96.pt,bc2ad47cb2ce2aae,False,ETTh2,central,96,LatentFlow,physics_modal_v4/enhancements/results/central/runs/no_linear_bank/seed46/ETTh2/h96.json,d6f41716a513f00aaf7f298ad6ef12b08250091e353a4caa89ced27d780b8850,46,no_linear_bank
/work/11617/sujato_ts/vista/motion_code-master/physics_modal_v4/enhancements/results/central/checkpoints/no_linear_bank/seed46/ETTm1/h192.pt,0c920f5be77ce517,False,ETTm1,central,192,LatentFlow,physics_modal_v4/enhancements/results/central/runs/no_linear_bank/seed46/ETTm1/h192.json,0732a0b409e5b3204e1fdbf20c0f4ab3cbb10d1a1a68301aafdcfd8a98cb434b,46,no_linear_bank
/work/11617/sujato_ts/vista/motion_code-master/physics_modal_v4/enhancements/results/central/checkpoints/no_linear_bank/seed46/ETTm1/h336.pt,c5461eb7ed1307eb,False,ETTm1,central,336,LatentFlow,physics_modal_v4/enhancements/results/central/runs/no_linear_bank/seed46/ETTm1/h336.json,75fc0b6187f8d549162ccae28b5f318eaacee881aa9f2f22e1818a3ff120ad55,46,no_linear_bank
/work/11617/sujato_ts/vista/motion_code-master/physics_modal_v4/enhancements/results/central/checkpoints/no_linear_bank/seed46/ETTm1/h720.pt,c3641b8fda86c488,False,ETTm1,central,720,LatentFlow,physics_modal_v4/enhancements/results/central/runs/no_linear_bank/seed46/ETTm1/h720.json,a1ad7dca95a8c8b5a7574222fc9c7b3013fe7a757f00ef0c8f7080183a653594,46,no_linear_bank
/work/11617/sujato_ts/vista/motion_code-master/physics_modal_v4/enhancements/results/central/checkpoints/no_linear_bank/seed46/ETTm1/h96.pt,25180d4313d87d39,False,ETTm1,central,96,LatentFlow,physics_modal_v4/enhancements/results/central/runs/no_linear_bank/seed46/ETTm1/h96.json,2d04f7e8c53ef4604b34fec6b09a15b76d832f1676186f9e84f1877333b70d44,46,no_linear_bank
/work/11617/sujato_ts/vista/motion_code-master/physics_modal_v4/enhancements/results/central/checkpoints/no_linear_bank/seed46/ETTm2/h192.pt,78005abee6a0d643,False,ETTm2,central,192,LatentFlow,physics_modal_v4/enhancements/results/central/runs/no_linear_bank/seed46/ETTm2/h192.json,2b227b442b5cb1214e05c41ff747c93996e2eef60e0a6890667d6d48d8828144,46,no_linear_bank
/work/11617/sujato_ts/vista/motion_code-master/physics_modal_v4/enhancements/results/central/checkpoints/no_linear_bank/seed46/ETTm2/h336.pt,fb153826f4a06d45,False,ETTm2,central,336,LatentFlow,physics_modal_v4/enhancements/results/central/runs/no_linear_bank/seed46/ETTm2/h336.json,6be9a9755f84f8e852244641c2244dae9f438fed3b2ffc1ea22588711caf527f,46,no_linear_bank
/work/11617/sujato_ts/vista/motion_code-master/physics_modal_v4/enhancements/results/central/checkpoints/no_linear_bank/seed46/ETTm2/h720.pt,aaf304953bf99eec,False,ETTm2,central,720,LatentFlow,physics_modal_v4/enhancements/results/central/runs/no_linear_bank/seed46/ETTm2/h720.json,ef79d52c741905e27efbce616b57b04664279a4f313700fadebf5c98358e91aa,46,no_linear_bank
/work/11617/sujato_ts/vista/motion_code-master/physics_modal_v4/enhancements/results/central/checkpoints/no_linear_bank/seed46/ETTm2/h96.pt,8bc1b2267d14cc88,False,ETTm2,central,96,LatentFlow,physics_modal_v4/enhancements/results/central/runs/no_linear_bank/seed46/ETTm2/h96.json,5ad81d7951f0417bc024525cd9246b068b8036589cec9689912076ee492e5d4d,46,no_linear_bank
/work/11617/sujato_ts/vista/motion_code-master/physics_modal_v4/enhancements/results/central/checkpoints/no_linear_bank/seed46/Electricity/h192.pt,67b8b2298396b24f,False,Electricity,central,192,LatentFlow,physics_modal_v4/enhancements/results/central/runs/no_linear_bank/seed46/Electricity/h192.json,f3fa5aca5ae7a1b7013cfd2eda83a8d0aa881094c9960c15b24dbd6324709ba8,46,no_linear_bank
/work/11617/sujato_ts/vista/motion_code-master/physics_modal_v4/enhancements/results/central/checkpoints/no_linear_bank/seed46/Electricity/h336.pt,1e6661e5de2babfa,False,Electricity,central,336,LatentFlow,physics_modal_v4/enhancements/results/central/runs/no_linear_bank/seed46/Electricity/h336.json,ab5c018e5f4345d87fff31fb8642f5da79b45474ad7e0188fa2886576a50397b,46,no_linear_bank
/work/11617/sujato_ts/vista/motion_code-master/physics_modal_v4/enhancements/results/central/checkpoints/no_linear_bank/seed46/Electricity/h720.pt,aefd1b53bf55ee28,False,Electricity,central,720,LatentFlow,physics_modal_v4/enhancements/results/central/runs/no_linear_bank/seed46/Electricity/h720.json,2f4f4b0d462f8bc2d92523dd0171f82b26bad56986e1f7673ffda77284059210,46,no_linear_bank
/work/11617/sujato_ts/vista/motion_code-master/physics_modal_v4/enhancements/results/central/checkpoints/no_linear_bank/seed46/Electricity/h96.pt,6fc981736394881e,False,Electricity,central,96,LatentFlow,physics_modal_v4/enhancements/results/central/runs/no_linear_bank/seed46/Electricity/h96.json,dcad8d7016e0139767abb574340a662838232ee57c2cb485d7217e7fa9eb0b26,46,no_linear_bank
/work/11617/sujato_ts/vista/motion_code-master/physics_modal_v4/enhancements/results/central/checkpoints/no_linear_bank/seed46/Traffic/h192.pt,88f1c3fa7b4990e8,False,Traffic,central,192,LatentFlow,physics_modal_v4/enhancements/results/central/runs/no_linear_bank/seed46/Traffic/h192.json,420b5a9f980b4699aee4cd7f653b873fbffb39cd77a004965980b21dfce427a2,46,no_linear_bank
/work/11617/sujato_ts/vista/motion_code-master/physics_modal_v4/enhancements/results/central/checkpoints/no_linear_bank/seed46/Traffic/h336.pt,a93b55ac042cc7b7,False,Traffic,central,336,LatentFlow,physics_modal_v4/enhancements/results/central/runs/no_linear_bank/seed46/Traffic/h336.json,0bd1299cbee60d5133359e82c043ecc4039209d667035402d2f438db6c931336,46,no_linear_bank
/work/11617/sujato_ts/vista/motion_code-master/physics_modal_v4/enhancements/results/central/checkpoints/no_linear_bank/seed46/Traffic/h720.pt,97ea920d6093dfcf,False,Traffic,central,720,LatentFlow,physics_modal_v4/enhancements/results/central/runs/no_linear_bank/seed46/Traffic/h720.json,5cbaf1340ee1031b57426a0343383a796a7a014148b25ecdf758964193e8e5e0,46,no_linear_bank
/work/11617/sujato_ts/vista/motion_code-master/physics_modal_v4/enhancements/results/central/checkpoints/no_linear_bank/seed46/Traffic/h96.pt,e544796647522758,False,Traffic,central,96,LatentFlow,physics_modal_v4/enhancements/results/central/runs/no_linear_bank/seed46/Traffic/h96.json,e4dfe73b552b0160525ce819873cd86b82dd93c0a7032eda6f4654a28c0d025a,46,no_linear_bank
/work/11617/sujato_ts/vista/motion_code-master/physics_modal_v4/enhancements/results/central/checkpoints/no_linear_bank/seed46/Weather/h192.pt,6d33f92b16c18e6a,False,Weather,central,192,LatentFlow,physics_modal_v4/enhancements/results/central/runs/no_linear_bank/seed46/Weather/h192.json,692e716e9ca9f0375514b65cd7fc36cc85f007e3f32ac490bbe199a2f8e28a63,46,no_linear_bank
/work/11617/sujato_ts/vista/motion_code-master/physics_modal_v4/enhancements/results/central/checkpoints/no_linear_bank/seed46/Weather/h336.pt,6665c90f6835f755,False,Weather,central,336,LatentFlow,physics_modal_v4/enhancements/results/central/runs/no_linear_bank/seed46/Weather/h336.json,599073c6e6bfd35dbbbaef84d4732ddf0c3287e64da4d399c36d0acc43eaa78e,46,no_linear_bank
/work/11617/sujato_ts/vista/motion_code-master/physics_modal_v4/enhancements/results/central/checkpoints/no_linear_bank/seed46/Weather/h720.pt,489f3fc6bdc8bb98,False,Weather,central,720,LatentFlow,physics_modal_v4/enhancements/results/central/runs/no_linear_bank/seed46/Weather/h720.json,f103432059a9111001b0773f0e8aaf677225030f30cb1c401c395a30f2d86c78,46,no_linear_bank
/work/11617/sujato_ts/vista/motion_code-master/physics_modal_v4/enhancements/results/central/checkpoints/no_linear_bank/seed46/Weather/h96.pt,9ede67e0824dfc02,False,Weather,central,96,LatentFlow,physics_modal_v4/enhancements/results/central/runs/no_linear_bank/seed46/Weather/h96.json,5cf22b1cf8a306bb6bf9737ffb0ea39d9bf64b728d461c4e87d553f2cfb63518,46,no_linear_bank
/work/11617/sujato_ts/vista/motion_code-master/physics_modal_v4/enhancements/results/central/checkpoints/no_multiscale/seed42/ETTh1/h192.pt,6db6211b3774c5ce,False,ETTh1,central,192,LatentFlow,physics_modal_v4/enhancements/results/central/runs/no_multiscale/seed42/ETTh1/h192.json,98c391aa00153c770f101769f84af392ba66c986de7503529bb35c7708df3dd2,42,no_multiscale
/work/11617/sujato_ts/vista/motion_code-master/physics_modal_v4/enhancements/results/central/checkpoints/no_multiscale/seed42/ETTh1/h336.pt,0d8ede807aedc0fa,False,ETTh1,central,336,LatentFlow,physics_modal_v4/enhancements/results/central/runs/no_multiscale/seed42/ETTh1/h336.json,7d9c611edc55da4b7623b7be974b289b1b7e61e733aaccf71ba1e201260a325d,42,no_multiscale
/work/11617/sujato_ts/vista/motion_code-master/physics_modal_v4/enhancements/results/central/checkpoints/no_multiscale/seed42/ETTh1/h720.pt,3d10c535e64ac8af,False,ETTh1,central,720,LatentFlow,physics_modal_v4/enhancements/results/central/runs/no_multiscale/seed42/ETTh1/h720.json,465e54b1e732523469b30f43a1a87e75449144fb43292dc5f0f73a9baf3b71cd,42,no_multiscale
/work/11617/sujato_ts/vista/motion_code-master/physics_modal_v4/enhancements/results/central/checkpoints/no_multiscale/seed42/ETTh1/h96.pt,3d875743e9f2eb6c,False,ETTh1,central,96,LatentFlow,physics_modal_v4/enhancements/results/central/runs/no_multiscale/seed42/ETTh1/h96.json,a630506165ca17c95cf944a6d2970def23f17196d41299377380c82e59e83094,42,no_multiscale
/work/11617/sujato_ts/vista/motion_code-master/physics_modal_v4/enhancements/results/central/checkpoints/no_multiscale/seed42/ETTh2/h192.pt,0abb22a2ee9a2077,False,ETTh2,central,192,LatentFlow,physics_modal_v4/enhancements/results/central/runs/no_multiscale/seed42/ETTh2/h192.json,6b1fd31db0a6a1e98d478099176393559ce5ef00f310e97807b10e1b45cbbb47,42,no_multiscale
/work/11617/sujato_ts/vista/motion_code-master/physics_modal_v4/enhancements/results/central/checkpoints/no_multiscale/seed42/ETTh2/h336.pt,3aa94d6a73e6920e,False,ETTh2,central,336,LatentFlow,physics_modal_v4/enhancements/results/central/runs/no_multiscale/seed42/ETTh2/h336.json,b3e683aab14337bce0304bbf2b979770846f65d1e3c68841e18bea5e7b93abaa,42,no_multiscale
/work/11617/sujato_ts/vista/motion_code-master/physics_modal_v4/enhancements/results/central/checkpoints/no_multiscale/seed42/ETTh2/h720.pt,1911a616f0f9262c,False,ETTh2,central,720,LatentFlow,physics_modal_v4/enhancements/results/central/runs/no_multiscale/seed42/ETTh2/h720.json,6b3424ddb0c33e19d874fe4d2e736f3e256839b8a550cda9fa3d0348954f443d,42,no_multiscale
/work/11617/sujato_ts/vista/motion_code-master/physics_modal_v4/enhancements/results/central/checkpoints/no_multiscale/seed42/ETTh2/h96.pt,7fd366135d2a43cb,False,ETTh2,central,96,LatentFlow,physics_modal_v4/enhancements/results/central/runs/no_multiscale/seed42/ETTh2/h96.json,e0290b943811bcdbca00b8f557f424bddc5b41b95163a98e1dc8fb27cd2ebcc8,42,no_multiscale
/work/11617/sujato_ts/vista/motion_code-master/physics_modal_v4/enhancements/results/central/checkpoints/no_multiscale/seed42/ETTm1/h192.pt,2bf953f4dd209fc0,False,ETTm1,central,192,LatentFlow,physics_modal_v4/enhancements/results/central/runs/no_multiscale/seed42/ETTm1/h192.json,b9990ba9b8e7f8f3c43c06e5cab8eaa9943f1ce58c86a66a8aebf1b91a02895c,42,no_multiscale
/work/11617/sujato_ts/vista/motion_code-master/physics_modal_v4/enhancements/results/central/checkpoints/no_multiscale/seed42/ETTm1/h336.pt,80478875f80dd7ec,False,ETTm1,central,336,LatentFlow,physics_modal_v4/enhancements/results/central/runs/no_multiscale/seed42/ETTm1/h336.json,fa0bacc255a70165491acfe7559c96f802c9105c9460897b3b29597686208269,42,no_multiscale
/work/11617/sujato_ts/vista/motion_code-master/physics_modal_v4/enhancements/results/central/checkpoints/no_multiscale/seed42/ETTm1/h720.pt,203c1432a07b9aff,False,ETTm1,central,720,LatentFlow,physics_modal_v4/enhancements/results/central/runs/no_multiscale/seed42/ETTm1/h720.json,ee329ffd8313a073da68b34e9276876b59c571dd388992bbe74b3f02ae5e2046,42,no_multiscale
/work/11617/sujato_ts/vista/motion_code-master/physics_modal_v4/enhancements/results/central/checkpoints/no_multiscale/seed42/ETTm1/h96.pt,6dda313d00b7a65c,False,ETTm1,central,96,LatentFlow,physics_modal_v4/enhancements/results/central/runs/no_multiscale/seed42/ETTm1/h96.json,7cec05776faa660c3052f82d1a59beb05a7e2b377553bd82150c0f210c14b815,42,no_multiscale
/work/11617/sujato_ts/vista/motion_code-master/physics_modal_v4/enhancements/results/central/checkpoints/no_multiscale/seed42/ETTm2/h192.pt,878f636c4034e033,False,ETTm2,central,192,LatentFlow,physics_modal_v4/enhancements/results/central/runs/no_multiscale/seed42/ETTm2/h192.json,2aeead1985e948ba9a487256e9b27d4ce867e9b8177a779f206465c4be2516b5,42,no_multiscale
/work/11617/sujato_ts/vista/motion_code-master/physics_modal_v4/enhancements/results/central/checkpoints/no_multiscale/seed42/ETTm2/h336.pt,829034b0d73c9f33,False,ETTm2,central,336,LatentFlow,physics_modal_v4/enhancements/results/central/runs/no_multiscale/seed42/ETTm2/h336.json,04c0395a97ffefcbc8839c5cec2ecde01b8ddba0c9199dbfc3f30b35dce89761,42,no_multiscale
/work/11617/sujato_ts/vista/motion_code-master/physics_modal_v4/enhancements/results/central/checkpoints/no_multiscale/seed42/ETTm2/h720.pt,4e6422ff64a10024,False,ETTm2,central,720,LatentFlow,physics_modal_v4/enhancements/results/central/runs/no_multiscale/seed42/ETTm2/h720.json,6d0fdc0e1f57ee19683aef1eefd0c6ef4f04533c47916ef73edd8fbd4b4724f3,42,no_multiscale
/work/11617/sujato_ts/vista/motion_code-master/physics_modal_v4/enhancements/results/central/checkpoints/no_multiscale/seed42/ETTm2/h96.pt,0aaef4c089d5a272,False,ETTm2,central,96,LatentFlow,physics_modal_v4/enhancements/results/central/runs/no_multiscale/seed42/ETTm2/h96.json,22c5e876c93816a6b5908ccdd2747cce1167bd5ecc110220c9cee2af862e2cd5,42,no_multiscale
/work/11617/sujato_ts/vista/motion_code-master/physics_modal_v4/enhancements/results/central/checkpoints/no_multiscale/seed42/Electricity/h192.pt,de5c3e6599f502bb,False,Electricity,central,192,LatentFlow,physics_modal_v4/enhancements/results/central/runs/no_multiscale/seed42/Electricity/h192.json,3fd6f850552389d0ed1114abd7113c029f41ef47110e021a8281c608dc6d8ca6,42,no_multiscale
/work/11617/sujato_ts/vista/motion_code-master/physics_modal_v4/enhancements/results/central/checkpoints/no_multiscale/seed42/Electricity/h336.pt,a221ffca06797e79,False,Electricity,central,336,LatentFlow,physics_modal_v4/enhancements/results/central/runs/no_multiscale/seed42/Electricity/h336.json,c43e7d413fc2b77fd1555fd895c0d601fd24354026e76e1fc1cac26289541a19,42,no_multiscale
/work/11617/sujato_ts/vista/motion_code-master/physics_modal_v4/enhancements/results/central/checkpoints/no_multiscale/seed42/Electricity/h720.pt,2746d6000bc8214c,False,Electricity,central,720,LatentFlow,physics_modal_v4/enhancements/results/central/runs/no_multiscale/seed42/Electricity/h720.json,5a621ab0a385c929eddde97158b59a17d2a78cf43ba12a77e5c247171300d072,42,no_multiscale
/work/11617/sujato_ts/vista/motion_code-master/physics_modal_v4/enhancements/results/central/checkpoints/no_multiscale/seed42/Electricity/h96.pt,ecbad6e965f95018,False,Electricity,central,96,LatentFlow,physics_modal_v4/enhancements/results/central/runs/no_multiscale/seed42/Electricity/h96.json,79557decd42302f5573e02d608f6ead86b706ad2953b9d1adc928c15061d1dd7,42,no_multiscale
/work/11617/sujato_ts/vista/motion_code-master/physics_modal_v4/enhancements/results/central/checkpoints/no_multiscale/seed42/Traffic/h192.pt,c7d92eebe2e9dd8c,False,Traffic,central,192,LatentFlow,physics_modal_v4/enhancements/results/central/runs/no_multiscale/seed42/Traffic/h192.json,0a9b3a5536b9ab0d5de6a11d7616e5883846a0183f6b53172e48d949d0f32ae5,42,no_multiscale
/work/11617/sujato_ts/vista/motion_code-master/physics_modal_v4/enhancements/results/central/checkpoints/no_multiscale/seed42/Traffic/h336.pt,9585be32996524ab,False,Traffic,central,336,LatentFlow,physics_modal_v4/enhancements/results/central/runs/no_multiscale/seed42/Traffic/h336.json,beb2b6583cd09bfa964bc1e25d47fda51d9eb4baf3672edbd884dfd6f7bb5f3b,42,no_multiscale
/work/11617/sujato_ts/vista/motion_code-master/physics_modal_v4/enhancements/results/central/checkpoints/no_multiscale/seed42/Traffic/h720.pt,2c0a9b94a210cb32,False,Traffic,central,720,LatentFlow,physics_modal_v4/enhancements/results/central/runs/no_multiscale/seed42/Traffic/h720.json,6523b31761df2ae8d45f9556cbb05ebe5a6b0f83162d6b5acc0adebbdebd0c2f,42,no_multiscale
/work/11617/sujato_ts/vista/motion_code-master/physics_modal_v4/enhancements/results/central/checkpoints/no_multiscale/seed42/Traffic/h96.pt,d76658e88fd41804,False,Traffic,central,96,LatentFlow,physics_modal_v4/enhancements/results/central/runs/no_multiscale/seed42/Traffic/h96.json,af04ca5cb79571ecf392a5c8869c0c38b2cf251010282b9f2cad2f20314b4f14,42,no_multiscale
/work/11617/sujato_ts/vista/motion_code-master/physics_modal_v4/enhancements/results/central/checkpoints/no_multiscale/seed42/Weather/h192.pt,b5576c37adf65d46,False,Weather,central,192,LatentFlow,physics_modal_v4/enhancements/results/central/runs/no_multiscale/seed42/Weather/h192.json,186eca7e1c70ee2aecdc7626952c076bb01b987a32a20515e197d02c3732bd38,42,no_multiscale
/work/11617/sujato_ts/vista/motion_code-master/physics_modal_v4/enhancements/results/central/checkpoints/no_multiscale/seed42/Weather/h336.pt,598633a7cdc66300,False,Weather,central,336,LatentFlow,physics_modal_v4/enhancements/results/central/runs/no_multiscale/seed42/Weather/h336.json,9d66469f02facf5dc71416e58bbe2be18ef513f951a3e5dfb3d31481d2c88fcc,42,no_multiscale
/work/11617/sujato_ts/vista/motion_code-master/physics_modal_v4/enhancements/results/central/checkpoints/no_multiscale/seed42/Weather/h720.pt,5f25bdd20d204b3a,False,Weather,central,720,LatentFlow,physics_modal_v4/enhancements/results/central/runs/no_multiscale/seed42/Weather/h720.json,db7de79750655c287fae4c2a4bc578145181200490baa99b1ea3fe3da9937bed,42,no_multiscale
/work/11617/sujato_ts/vista/motion_code-master/physics_modal_v4/enhancements/results/central/checkpoints/no_multiscale/seed42/Weather/h96.pt,5d8140260e263164,False,Weather,central,96,LatentFlow,physics_modal_v4/enhancements/results/central/runs/no_multiscale/seed42/Weather/h96.json,472210cde9f274b8be929d3b098db705c8464a73e6adf6b6a060ea09db1d3ee3,42,no_multiscale
/work/11617/sujato_ts/vista/motion_code-master/physics_modal_v4/enhancements/results/central/checkpoints/no_multiscale/seed43/ETTh1/h192.pt,565a5b3dadfe41f5,False,ETTh1,central,192,LatentFlow,physics_modal_v4/enhancements/results/central/runs/no_multiscale/seed43/ETTh1/h192.json,0407bdc3e579426f9f23eccc4f3c66326b74a70e69d91361a8e5458eb1cdf00e,43,no_multiscale
/work/11617/sujato_ts/vista/motion_code-master/physics_modal_v4/enhancements/results/central/checkpoints/no_multiscale/seed43/ETTh1/h336.pt,3654a9dedcaed34d,False,ETTh1,central,336,LatentFlow,physics_modal_v4/enhancements/results/central/runs/no_multiscale/seed43/ETTh1/h336.json,d3dc4bd9b1068e317dd01f9650006eff5b340ed6109cda26e7cd727e1466dbc1,43,no_multiscale
/work/11617/sujato_ts/vista/motion_code-master/physics_modal_v4/enhancements/results/central/checkpoints/no_multiscale/seed43/ETTh1/h720.pt,726f5e92065d8999,False,ETTh1,central,720,LatentFlow,physics_modal_v4/enhancements/results/central/runs/no_multiscale/seed43/ETTh1/h720.json,ecd19e7e03f26e2cb7625fa7f4f155ef1af8dfaa31f997466b81fd75c27c5f62,43,no_multiscale
/work/11617/sujato_ts/vista/motion_code-master/physics_modal_v4/enhancements/results/central/checkpoints/no_multiscale/seed43/ETTh1/h96.pt,9c99a938bb653298,False,ETTh1,central,96,LatentFlow,physics_modal_v4/enhancements/results/central/runs/no_multiscale/seed43/ETTh1/h96.json,18b46844977983c6e09ae13c7fdbd79c7a0113ad3fb69f5dd93454de60d94758,43,no_multiscale
/work/11617/sujato_ts/vista/motion_code-master/physics_modal_v4/enhancements/results/central/checkpoints/no_multiscale/seed43/ETTh2/h192.pt,08b89219a0b0a98f,False,ETTh2,central,192,LatentFlow,physics_modal_v4/enhancements/results/central/runs/no_multiscale/seed43/ETTh2/h192.json,1914ab5f0f8576a681d772edf9c41ceb4e9c3049cf9183e6ae799bb3e93ba93b,43,no_multiscale
/work/11617/sujato_ts/vista/motion_code-master/physics_modal_v4/enhancements/results/central/checkpoints/no_multiscale/seed43/ETTh2/h336.pt,f72440e8f92d5139,False,ETTh2,central,336,LatentFlow,physics_modal_v4/enhancements/results/central/runs/no_multiscale/seed43/ETTh2/h336.json,f53b2142dada1a30f896aeecb2dc950a4b16bc790647200e7022cec505a1de72,43,no_multiscale
/work/11617/sujato_ts/vista/motion_code-master/physics_modal_v4/enhancements/results/central/checkpoints/no_multiscale/seed43/ETTh2/h720.pt,13be50dbf7620ab8,False,ETTh2,central,720,LatentFlow,physics_modal_v4/enhancements/results/central/runs/no_multiscale/seed43/ETTh2/h720.json,64fc561e7510248bb63b89cbb3c1a2b7f78c863268d64a64c4fa796a39561316,43,no_multiscale
/work/11617/sujato_ts/vista/motion_code-master/physics_modal_v4/enhancements/results/central/checkpoints/no_multiscale/seed43/ETTh2/h96.pt,28eebcc76867c005,False,ETTh2,central,96,LatentFlow,physics_modal_v4/enhancements/results/central/runs/no_multiscale/seed43/ETTh2/h96.json,dbd4e4c565512f2b0d7b2a6509c0f49e27944ef7539889a4cc60cbb316127c87,43,no_multiscale
/work/11617/sujato_ts/vista/motion_code-master/physics_modal_v4/enhancements/results/central/checkpoints/no_multiscale/seed43/ETTm1/h192.pt,76669be481207720,False,ETTm1,central,192,LatentFlow,physics_modal_v4/enhancements/results/central/runs/no_multiscale/seed43/ETTm1/h192.json,b7a7d8c12d0f115bd777735ceedc38dc7c318e550b8282f09a618d93f088a936,43,no_multiscale
/work/11617/sujato_ts/vista/motion_code-master/physics_modal_v4/enhancements/results/central/checkpoints/no_multiscale/seed43/ETTm1/h336.pt,6b2991e59bd23d53,False,ETTm1,central,336,LatentFlow,physics_modal_v4/enhancements/results/central/runs/no_multiscale/seed43/ETTm1/h336.json,4c097b40bb112eba0bdb7c93cb163cba23441f8cdc15f34006e41d3ddf575dc8,43,no_multiscale
/work/11617/sujato_ts/vista/motion_code-master/physics_modal_v4/enhancements/results/central/checkpoints/no_multiscale/seed43/ETTm1/h720.pt,2fafcdadc0887161,False,ETTm1,central,720,LatentFlow,physics_modal_v4/enhancements/results/central/runs/no_multiscale/seed43/ETTm1/h720.json,d6c62f2edcb49db56f25a2da56eef9508e558e5506cb7f46095d6bb3182ece6c,43,no_multiscale
/work/11617/sujato_ts/vista/motion_code-master/physics_modal_v4/enhancements/results/central/checkpoints/no_multiscale/seed43/ETTm1/h96.pt,4df9fd9c0648e17b,False,ETTm1,central,96,LatentFlow,physics_modal_v4/enhancements/results/central/runs/no_multiscale/seed43/ETTm1/h96.json,af6a9935f7c25415c6783fb8466f1ee0c57da6925f2be23d009b0383f9769302,43,no_multiscale
/work/11617/sujato_ts/vista/motion_code-master/physics_modal_v4/enhancements/results/central/checkpoints/no_multiscale/seed43/ETTm2/h192.pt,e24a7d18fd45998c,False,ETTm2,central,192,LatentFlow,physics_modal_v4/enhancements/results/central/runs/no_multiscale/seed43/ETTm2/h192.json,5ddede1eb65da82b89699ff4499651046b7d7cd5ce76d9ec5244e159864b7a3a,43,no_multiscale
/work/11617/sujato_ts/vista/motion_code-master/physics_modal_v4/enhancements/results/central/checkpoints/no_multiscale/seed43/ETTm2/h336.pt,7e1a6e3f333c8b1a,False,ETTm2,central,336,LatentFlow,physics_modal_v4/enhancements/results/central/runs/no_multiscale/seed43/ETTm2/h336.json,e9abde68a3fa4a12c36699fc037f0632c2638c8a00a6ac936945859b4bd3c3f8,43,no_multiscale
/work/11617/sujato_ts/vista/motion_code-master/physics_modal_v4/enhancements/results/central/checkpoints/no_multiscale/seed43/ETTm2/h720.pt,325d8dd250e2b65b,False,ETTm2,central,720,LatentFlow,physics_modal_v4/enhancements/results/central/runs/no_multiscale/seed43/ETTm2/h720.json,c3cefeb7d91c8979186de0b6dde582ebed8331dc2e8bf872dd7754974e6a12f7,43,no_multiscale
/work/11617/sujato_ts/vista/motion_code-master/physics_modal_v4/enhancements/results/central/checkpoints/no_multiscale/seed43/ETTm2/h96.pt,b7512db8c67cc665,False,ETTm2,central,96,LatentFlow,physics_modal_v4/enhancements/results/central/runs/no_multiscale/seed43/ETTm2/h96.json,3a948e4ae3b5438ffca7b7cbb69ed6bb38d6e614542f5e1968a9611eebd6f4da,43,no_multiscale
/work/11617/sujato_ts/vista/motion_code-master/physics_modal_v4/enhancements/results/central/checkpoints/no_multiscale/seed43/Electricity/h192.pt,5749343fc9530a9a,False,Electricity,central,192,LatentFlow,physics_modal_v4/enhancements/results/central/runs/no_multiscale/seed43/Electricity/h192.json,385099f51c95351823c6ba19407ed5433b1ef4e2aebf43bb7791325e34c99f88,43,no_multiscale
/work/11617/sujato_ts/vista/motion_code-master/physics_modal_v4/enhancements/results/central/checkpoints/no_multiscale/seed43/Electricity/h336.pt,31c5c56a93f01840,False,Electricity,central,336,LatentFlow,physics_modal_v4/enhancements/results/central/runs/no_multiscale/seed43/Electricity/h336.json,893ac024396f349a5ad49ed99333df03a3be83107dbb98a451e2ce39dc67f890,43,no_multiscale
/work/11617/sujato_ts/vista/motion_code-master/physics_modal_v4/enhancements/results/central/checkpoints/no_multiscale/seed43/Electricity/h720.pt,500b650f14e08f6c,False,Electricity,central,720,LatentFlow,physics_modal_v4/enhancements/results/central/runs/no_multiscale/seed43/Electricity/h720.json,c5076148c7c9a1bfcf8a498b2e3bf8afa6600ada48a9d5600a0fceb6f7fc0394,43,no_multiscale
/work/11617/sujato_ts/vista/motion_code-master/physics_modal_v4/enhancements/results/central/checkpoints/no_multiscale/seed43/Electricity/h96.pt,4e7fa0ad8fe8d0cc,False,Electricity,central,96,LatentFlow,physics_modal_v4/enhancements/results/central/runs/no_multiscale/seed43/Electricity/h96.json,c49adf33f414a81d8b3dd3b629f3689fd8c83b020711e93a27726dd86fdbccb0,43,no_multiscale
/work/11617/sujato_ts/vista/motion_code-master/physics_modal_v4/enhancements/results/central/checkpoints/no_multiscale/seed43/Traffic/h192.pt,b3c70b3d1a0253b5,False,Traffic,central,192,LatentFlow,physics_modal_v4/enhancements/results/central/runs/no_multiscale/seed43/Traffic/h192.json,f3f43199f8f4787737f191451f875bcd76e74ff462aa412f9b411c0ab96f3d40,43,no_multiscale
/work/11617/sujato_ts/vista/motion_code-master/physics_modal_v4/enhancements/results/central/checkpoints/no_multiscale/seed43/Traffic/h336.pt,f7dcb031578a9bc6,False,Traffic,central,336,LatentFlow,physics_modal_v4/enhancements/results/central/runs/no_multiscale/seed43/Traffic/h336.json,3c4479a7f08a8a36c270efeeb694b27da3f7f6ccf29d173c063ad9ff5ce10014,43,no_multiscale
/work/11617/sujato_ts/vista/motion_code-master/physics_modal_v4/enhancements/results/central/checkpoints/no_multiscale/seed43/Traffic/h720.pt,8eb2ea175a8f43c4,False,Traffic,central,720,LatentFlow,physics_modal_v4/enhancements/results/central/runs/no_multiscale/seed43/Traffic/h720.json,2bd96c421d44b8bd117609f93e0e1cbd274ed4ef69cac2b43b3f8b0c30819283,43,no_multiscale
/work/11617/sujato_ts/vista/motion_code-master/physics_modal_v4/enhancements/results/central/checkpoints/no_multiscale/seed43/Traffic/h96.pt,0b59b5a7a05b96ae,False,Traffic,central,96,LatentFlow,physics_modal_v4/enhancements/results/central/runs/no_multiscale/seed43/Traffic/h96.json,b508673ecc2d8220b45a13768bc994939aee79da6633faabecae901ebb81452a,43,no_multiscale
/work/11617/sujato_ts/vista/motion_code-master/physics_modal_v4/enhancements/results/central/checkpoints/no_multiscale/seed43/Weather/h192.pt,d3505cbc2ae37ed6,False,Weather,central,192,LatentFlow,physics_modal_v4/enhancements/results/central/runs/no_multiscale/seed43/Weather/h192.json,a572f238e31c6fc0472f37f8d461092d14d2f0d83e21c3a4365625ed7f5fc6fb,43,no_multiscale
/work/11617/sujato_ts/vista/motion_code-master/physics_modal_v4/enhancements/results/central/checkpoints/no_multiscale/seed43/Weather/h336.pt,fedf735112057b59,False,Weather,central,336,LatentFlow,physics_modal_v4/enhancements/results/central/runs/no_multiscale/seed43/Weather/h336.json,16bcf39073d521f78c14408ca5637ff8c4dadaffa3e8edd204ec3befdc4cb319,43,no_multiscale
/work/11617/sujato_ts/vista/motion_code-master/physics_modal_v4/enhancements/results/central/checkpoints/no_multiscale/seed43/Weather/h720.pt,d76988d44825b86d,False,Weather,central,720,LatentFlow,physics_modal_v4/enhancements/results/central/runs/no_multiscale/seed43/Weather/h720.json,98314c79d0101cd223aadb3500e030e8f19c9e352024674fe53a10225b2860b3,43,no_multiscale
/work/11617/sujato_ts/vista/motion_code-master/physics_modal_v4/enhancements/results/central/checkpoints/no_multiscale/seed43/Weather/h96.pt,c0781ad6fa956296,False,Weather,central,96,LatentFlow,physics_modal_v4/enhancements/results/central/runs/no_multiscale/seed43/Weather/h96.json,39beca4d45e3a4a067ac71654099362099d06959bddba300511cc02653fabd7a,43,no_multiscale
/work/11617/sujato_ts/vista/motion_code-master/physics_modal_v4/enhancements/results/central/checkpoints/no_multiscale/seed44/ETTh1/h192.pt,b22de3cf94125eba,False,ETTh1,central,192,LatentFlow,physics_modal_v4/enhancements/results/central/runs/no_multiscale/seed44/ETTh1/h192.json,c8c4c71f2f44977fb54d913d7ec8093f12991f954a7a1a2b174cde7ccd0e889e,44,no_multiscale
/work/11617/sujato_ts/vista/motion_code-master/physics_modal_v4/enhancements/results/central/checkpoints/no_multiscale/seed44/ETTh1/h336.pt,d8675a9a4f870478,False,ETTh1,central,336,LatentFlow,physics_modal_v4/enhancements/results/central/runs/no_multiscale/seed44/ETTh1/h336.json,b7d482a1b3c55eacc98224d37473db6651b95f6478f7d70632a8ad1f6f79deea,44,no_multiscale
/work/11617/sujato_ts/vista/motion_code-master/physics_modal_v4/enhancements/results/central/checkpoints/no_multiscale/seed44/ETTh1/h720.pt,0683fa3a7babaf99,False,ETTh1,central,720,LatentFlow,physics_modal_v4/enhancements/results/central/runs/no_multiscale/seed44/ETTh1/h720.json,a1984ef3267c11ac2bbf83734ddf0d40d13d5fb0713710d46cfead6bb609e7ae,44,no_multiscale
/work/11617/sujato_ts/vista/motion_code-master/physics_modal_v4/enhancements/results/central/checkpoints/no_multiscale/seed44/ETTh1/h96.pt,3c51b93d08d2d41b,False,ETTh1,central,96,LatentFlow,physics_modal_v4/enhancements/results/central/runs/no_multiscale/seed44/ETTh1/h96.json,30fdc208a6d389132d764d941c85fcf18af1fd2ce738502fee537021dc7f937d,44,no_multiscale
/work/11617/sujato_ts/vista/motion_code-master/physics_modal_v4/enhancements/results/central/checkpoints/no_multiscale/seed44/ETTh2/h192.pt,6a97d67de5af37c7,False,ETTh2,central,192,LatentFlow,physics_modal_v4/enhancements/results/central/runs/no_multiscale/seed44/ETTh2/h192.json,ad5c259fbf9ec130b197f579e48842d20ed1920a4aee8095a1233a7242f17879,44,no_multiscale
/work/11617/sujato_ts/vista/motion_code-master/physics_modal_v4/enhancements/results/central/checkpoints/no_multiscale/seed44/ETTh2/h336.pt,38fd268c6bddc5e5,False,ETTh2,central,336,LatentFlow,physics_modal_v4/enhancements/results/central/runs/no_multiscale/seed44/ETTh2/h336.json,bac4f33561f64571e826762adf6c6b2274cf2f9a0c07108b1b4e507f5d67241c,44,no_multiscale
/work/11617/sujato_ts/vista/motion_code-master/physics_modal_v4/enhancements/results/central/checkpoints/no_multiscale/seed44/ETTh2/h720.pt,1d77fa2357ecf8b9,False,ETTh2,central,720,LatentFlow,physics_modal_v4/enhancements/results/central/runs/no_multiscale/seed44/ETTh2/h720.json,b110179baa630a5758d8660558b4dd32b615f7fa0356d4193f420e8e7376df15,44,no_multiscale
/work/11617/sujato_ts/vista/motion_code-master/physics_modal_v4/enhancements/results/central/checkpoints/no_multiscale/seed44/ETTh2/h96.pt,85c42770bdb6e700,False,ETTh2,central,96,LatentFlow,physics_modal_v4/enhancements/results/central/runs/no_multiscale/seed44/ETTh2/h96.json,064a68f23ae1198c766d47f5c8e01c0a8dcde6ed320ca79c9db814f458680370,44,no_multiscale
/work/11617/sujato_ts/vista/motion_code-master/physics_modal_v4/enhancements/results/central/checkpoints/no_multiscale/seed44/ETTm1/h192.pt,a2f8f123cee4407f,False,ETTm1,central,192,LatentFlow,physics_modal_v4/enhancements/results/central/runs/no_multiscale/seed44/ETTm1/h192.json,1284446c2ee5b5c2c949ed28cdcd7e85aa0ce2cd14a08adce673317ce60eb4fc,44,no_multiscale
/work/11617/sujato_ts/vista/motion_code-master/physics_modal_v4/enhancements/results/central/checkpoints/no_multiscale/seed44/ETTm1/h336.pt,92e12e36b447d06d,False,ETTm1,central,336,LatentFlow,physics_modal_v4/enhancements/results/central/runs/no_multiscale/seed44/ETTm1/h336.json,0e8305f8f82f2a13aaae4b63d970eb686e4fd00cdebd4a121b33cfcc221a2b19,44,no_multiscale
/work/11617/sujato_ts/vista/motion_code-master/physics_modal_v4/enhancements/results/central/checkpoints/no_multiscale/seed44/ETTm1/h720.pt,073ea41456172c96,False,ETTm1,central,720,LatentFlow,physics_modal_v4/enhancements/results/central/runs/no_multiscale/seed44/ETTm1/h720.json,097a1309839a007ea799321d5af01d726cfdfd0d0845ec6d4f49083de4ae9d28,44,no_multiscale
/work/11617/sujato_ts/vista/motion_code-master/physics_modal_v4/enhancements/results/central/checkpoints/no_multiscale/seed44/ETTm1/h96.pt,9595a117d378a9f4,False,ETTm1,central,96,LatentFlow,physics_modal_v4/enhancements/results/central/runs/no_multiscale/seed44/ETTm1/h96.json,7d36395bb0cb8a20013697593cb5c5aeebfd02d76eb33ac560f359996d79c1c2,44,no_multiscale
/work/11617/sujato_ts/vista/motion_code-master/physics_modal_v4/enhancements/results/central/checkpoints/no_multiscale/seed44/ETTm2/h192.pt,59c7e8038f323edb,False,ETTm2,central,192,LatentFlow,physics_modal_v4/enhancements/results/central/runs/no_multiscale/seed44/ETTm2/h192.json,7797abaae84ac9911fe73175b400d3a2fb0e3ccd179eafc03bc6ea99f43f47b2,44,no_multiscale
/work/11617/sujato_ts/vista/motion_code-master/physics_modal_v4/enhancements/results/central/checkpoints/no_multiscale/seed44/ETTm2/h336.pt,a3ad2d7214bdcb3b,False,ETTm2,central,336,LatentFlow,physics_modal_v4/enhancements/results/central/runs/no_multiscale/seed44/ETTm2/h336.json,9be2c62115e7129ade77c06cd071e4b7bb8c3829a57a73e007d3861bfb0186bf,44,no_multiscale
/work/11617/sujato_ts/vista/motion_code-master/physics_modal_v4/enhancements/results/central/checkpoints/no_multiscale/seed44/ETTm2/h720.pt,b516c39d6abe67cf,False,ETTm2,central,720,LatentFlow,physics_modal_v4/enhancements/results/central/runs/no_multiscale/seed44/ETTm2/h720.json,7d33c3d57e4c7fa46fa39a72fb75ec5437c55a01db1b8740e5b24882dbafd38f,44,no_multiscale
/work/11617/sujato_ts/vista/motion_code-master/physics_modal_v4/enhancements/results/central/checkpoints/no_multiscale/seed44/ETTm2/h96.pt,b1fa88863d8b8da3,False,ETTm2,central,96,LatentFlow,physics_modal_v4/enhancements/results/central/runs/no_multiscale/seed44/ETTm2/h96.json,882949577ecc84c537a0841cd6028559da70f293b71b25d7677ffce5a1a44af7,44,no_multiscale
/work/11617/sujato_ts/vista/motion_code-master/physics_modal_v4/enhancements/results/central/checkpoints/no_multiscale/seed44/Electricity/h192.pt,50778e6653e21fd0,False,Electricity,central,192,LatentFlow,physics_modal_v4/enhancements/results/central/runs/no_multiscale/seed44/Electricity/h192.json,b39471dc797eb3ac3dbd7bd8c5a42f675d1f58801be086128e41a63c7598c4e7,44,no_multiscale
/work/11617/sujato_ts/vista/motion_code-master/physics_modal_v4/enhancements/results/central/checkpoints/no_multiscale/seed44/Electricity/h336.pt,d7764f5fcb47e2a0,False,Electricity,central,336,LatentFlow,physics_modal_v4/enhancements/results/central/runs/no_multiscale/seed44/Electricity/h336.json,a22580016014f0148e6af70b1673ed57dbd29da2eb8c9c77f1f98bf44e9b07be,44,no_multiscale
/work/11617/sujato_ts/vista/motion_code-master/physics_modal_v4/enhancements/results/central/checkpoints/no_multiscale/seed44/Electricity/h720.pt,07dbe6e02bb9c5ca,False,Electricity,central,720,LatentFlow,physics_modal_v4/enhancements/results/central/runs/no_multiscale/seed44/Electricity/h720.json,3e369f8efe5776068fe8a8afd82caa096f0552fd080e38a2e5bc5f8a7b7cdaff,44,no_multiscale
/work/11617/sujato_ts/vista/motion_code-master/physics_modal_v4/enhancements/results/central/checkpoints/no_multiscale/seed44/Electricity/h96.pt,3b8bfd92c8357729,False,Electricity,central,96,LatentFlow,physics_modal_v4/enhancements/results/central/runs/no_multiscale/seed44/Electricity/h96.json,39d4094358bddd0534a7e8ecea8d9cc88b20ed8bdee2883404c83c057f907aa5,44,no_multiscale
/work/11617/sujato_ts/vista/motion_code-master/physics_modal_v4/enhancements/results/central/checkpoints/no_multiscale/seed44/Traffic/h192.pt,6404f660f9d71b0d,False,Traffic,central,192,LatentFlow,physics_modal_v4/enhancements/results/central/runs/no_multiscale/seed44/Traffic/h192.json,0387311f94645531668b047520b14b429e084bb95b359d00a8f1cd4ac846952b,44,no_multiscale
/work/11617/sujato_ts/vista/motion_code-master/physics_modal_v4/enhancements/results/central/checkpoints/no_multiscale/seed44/Traffic/h336.pt,af4f5e91004e3977,False,Traffic,central,336,LatentFlow,physics_modal_v4/enhancements/results/central/runs/no_multiscale/seed44/Traffic/h336.json,8b44f878a1a375c8c63fbbc8b374b2dbfcf5bdb75e80cecdddc88ea32fd60c8f,44,no_multiscale
/work/11617/sujato_ts/vista/motion_code-master/physics_modal_v4/enhancements/results/central/checkpoints/no_multiscale/seed44/Traffic/h720.pt,fe190de8cbdc09ac,False,Traffic,central,720,LatentFlow,physics_modal_v4/enhancements/results/central/runs/no_multiscale/seed44/Traffic/h720.json,d2dc0a1b7c849b759d9a7e5ce17faa3364522753c5563e25ad7b6090175c71ee,44,no_multiscale
/work/11617/sujato_ts/vista/motion_code-master/physics_modal_v4/enhancements/results/central/checkpoints/no_multiscale/seed44/Traffic/h96.pt,cf78d86ecc754405,False,Traffic,central,96,LatentFlow,physics_modal_v4/enhancements/results/central/runs/no_multiscale/seed44/Traffic/h96.json,be5849242839eb94437caeecaa408596ef2701d904e8969b312cb8b9d967462d,44,no_multiscale
/work/11617/sujato_ts/vista/motion_code-master/physics_modal_v4/enhancements/results/central/checkpoints/no_multiscale/seed44/Weather/h192.pt,c9abc814f41217aa,False,Weather,central,192,LatentFlow,physics_modal_v4/enhancements/results/central/runs/no_multiscale/seed44/Weather/h192.json,37693adc9b1fce6b18e8be42b4a2ff74d92d5b3041602d8bc7d69df93c94eea1,44,no_multiscale
/work/11617/sujato_ts/vista/motion_code-master/physics_modal_v4/enhancements/results/central/checkpoints/no_multiscale/seed44/Weather/h336.pt,23bd6425596572e7,False,Weather,central,336,LatentFlow,physics_modal_v4/enhancements/results/central/runs/no_multiscale/seed44/Weather/h336.json,8d0001b83f275e4c409445c6b6307c6a7c0fcc61005b334bd00975070d1f1d21,44,no_multiscale
/work/11617/sujato_ts/vista/motion_code-master/physics_modal_v4/enhancements/results/central/checkpoints/no_multiscale/seed44/Weather/h720.pt,ce3f77c43451b061,False,Weather,central,720,LatentFlow,physics_modal_v4/enhancements/results/central/runs/no_multiscale/seed44/Weather/h720.json,ab5ad2d21a138ac5c83a49a2a86611e30414e21e4b8a1f767a621a9d00629427,44,no_multiscale
/work/11617/sujato_ts/vista/motion_code-master/physics_modal_v4/enhancements/results/central/checkpoints/no_multiscale/seed44/Weather/h96.pt,cbddda5d93459581,False,Weather,central,96,LatentFlow,physics_modal_v4/enhancements/results/central/runs/no_multiscale/seed44/Weather/h96.json,a693a1c72cba8156c1abe5e225efbb0edb5059d410b2510c64738edf166ed289,44,no_multiscale
/work/11617/sujato_ts/vista/motion_code-master/physics_modal_v4/enhancements/results/central/checkpoints/no_multiscale/seed45/ETTh1/h192.pt,ece4b2375b252de5,False,ETTh1,central,192,LatentFlow,physics_modal_v4/enhancements/results/central/runs/no_multiscale/seed45/ETTh1/h192.json,922caa1d432232d4737a7ee2910636222847bca816ea6fa695c30ffcebe0eaaa,45,no_multiscale
/work/11617/sujato_ts/vista/motion_code-master/physics_modal_v4/enhancements/results/central/checkpoints/no_multiscale/seed45/ETTh1/h336.pt,63590df867ab4a58,False,ETTh1,central,336,LatentFlow,physics_modal_v4/enhancements/results/central/runs/no_multiscale/seed45/ETTh1/h336.json,5be1404613d91abd3801c9bcf817f96b85b6b709efff04c5b1e8d34cccd2f8c8,45,no_multiscale
/work/11617/sujato_ts/vista/motion_code-master/physics_modal_v4/enhancements/results/central/checkpoints/no_multiscale/seed45/ETTh1/h720.pt,a54aa89cfdf7d32c,False,ETTh1,central,720,LatentFlow,physics_modal_v4/enhancements/results/central/runs/no_multiscale/seed45/ETTh1/h720.json,00312bd658b0497e31472cfd022d0fd3c1b3d92b82233f354e75b2801b082138,45,no_multiscale
/work/11617/sujato_ts/vista/motion_code-master/physics_modal_v4/enhancements/results/central/checkpoints/no_multiscale/seed45/ETTh1/h96.pt,b532efe6e490266c,False,ETTh1,central,96,LatentFlow,physics_modal_v4/enhancements/results/central/runs/no_multiscale/seed45/ETTh1/h96.json,8b26ef3d9346eb8ccb07e072e945abf0cb02d5f9cba35fdbefcf2b724c8b12a0,45,no_multiscale
/work/11617/sujato_ts/vista/motion_code-master/physics_modal_v4/enhancements/results/central/checkpoints/no_multiscale/seed45/ETTh2/h192.pt,89782c53f7fc007f,False,ETTh2,central,192,LatentFlow,physics_modal_v4/enhancements/results/central/runs/no_multiscale/seed45/ETTh2/h192.json,24a299678d9f5b5e8e71d3dc0d0069e3a017eda583dded4b14eae1063cecf53e,45,no_multiscale
/work/11617/sujato_ts/vista/motion_code-master/physics_modal_v4/enhancements/results/central/checkpoints/no_multiscale/seed45/ETTh2/h336.pt,0c37c226adc37a96,False,ETTh2,central,336,LatentFlow,physics_modal_v4/enhancements/results/central/runs/no_multiscale/seed45/ETTh2/h336.json,cbac129d5e9a3afc62a07116bfe1d0760f2cd3714a25834476d6ee1b7d8e4280,45,no_multiscale
/work/11617/sujato_ts/vista/motion_code-master/physics_modal_v4/enhancements/results/central/checkpoints/no_multiscale/seed45/ETTh2/h720.pt,9fd1ccdcfe4e2e9a,False,ETTh2,central,720,LatentFlow,physics_modal_v4/enhancements/results/central/runs/no_multiscale/seed45/ETTh2/h720.json,94fe6450fe42238f5e8db3d19e0ad24c99de70ec707fc564abf54e26dc947ff8,45,no_multiscale
/work/11617/sujato_ts/vista/motion_code-master/physics_modal_v4/enhancements/results/central/checkpoints/no_multiscale/seed45/ETTh2/h96.pt,652d8b0ef53af284,False,ETTh2,central,96,LatentFlow,physics_modal_v4/enhancements/results/central/runs/no_multiscale/seed45/ETTh2/h96.json,0ed0505e0839f01dd69b19195618d99c81d6394440d80af681f2a11bb5be46e5,45,no_multiscale
/work/11617/sujato_ts/vista/motion_code-master/physics_modal_v4/enhancements/results/central/checkpoints/no_multiscale/seed45/ETTm1/h192.pt,49522eb6047aa1e2,False,ETTm1,central,192,LatentFlow,physics_modal_v4/enhancements/results/central/runs/no_multiscale/seed45/ETTm1/h192.json,bfbb24acf087f8f9ccdac71152d578929680c34f4ccd5384f0d1cdd148827221,45,no_multiscale
/work/11617/sujato_ts/vista/motion_code-master/physics_modal_v4/enhancements/results/central/checkpoints/no_multiscale/seed45/ETTm1/h336.pt,35fce118f4f16bc4,False,ETTm1,central,336,LatentFlow,physics_modal_v4/enhancements/results/central/runs/no_multiscale/seed45/ETTm1/h336.json,28aaaff23ec2b3c7fd39dc99e27f95f08dcec41d8ba83cd055dad3b12706d823,45,no_multiscale
/work/11617/sujato_ts/vista/motion_code-master/physics_modal_v4/enhancements/results/central/checkpoints/no_multiscale/seed45/ETTm1/h720.pt,ffa333498ecfe1bf,False,ETTm1,central,720,LatentFlow,physics_modal_v4/enhancements/results/central/runs/no_multiscale/seed45/ETTm1/h720.json,7e2a2fbb76a67b102170d7881d7a0af41facfc3d43084e7e9ad0fe48677a3e64,45,no_multiscale
/work/11617/sujato_ts/vista/motion_code-master/physics_modal_v4/enhancements/results/central/checkpoints/no_multiscale/seed45/ETTm1/h96.pt,bf54da4cf8ba2c58,False,ETTm1,central,96,LatentFlow,physics_modal_v4/enhancements/results/central/runs/no_multiscale/seed45/ETTm1/h96.json,3d9eab70a9e5a3fe2af59ad15a5137328df6d5a456f3cf68f2fcf23bb4906912,45,no_multiscale
/work/11617/sujato_ts/vista/motion_code-master/physics_modal_v4/enhancements/results/central/checkpoints/no_multiscale/seed45/ETTm2/h192.pt,fcb23553a68c6238,False,ETTm2,central,192,LatentFlow,physics_modal_v4/enhancements/results/central/runs/no_multiscale/seed45/ETTm2/h192.json,44fe5884911737f2e0a29c8b42c3722d3387c15188c855524ae770d14ea11b6d,45,no_multiscale
/work/11617/sujato_ts/vista/motion_code-master/physics_modal_v4/enhancements/results/central/checkpoints/no_multiscale/seed45/ETTm2/h336.pt,51a28ef6d9ee0701,False,ETTm2,central,336,LatentFlow,physics_modal_v4/enhancements/results/central/runs/no_multiscale/seed45/ETTm2/h336.json,17258002542f108cb942285a4b1e6c598054f572514f4b48a687f4b3c0902b42,45,no_multiscale
/work/11617/sujato_ts/vista/motion_code-master/physics_modal_v4/enhancements/results/central/checkpoints/no_multiscale/seed45/ETTm2/h720.pt,07f59c2777c16308,False,ETTm2,central,720,LatentFlow,physics_modal_v4/enhancements/results/central/runs/no_multiscale/seed45/ETTm2/h720.json,6381ed7842fad12ca07d641b3f88d9190761bbb5019b859fd4cffca6cfddcc35,45,no_multiscale
/work/11617/sujato_ts/vista/motion_code-master/physics_modal_v4/enhancements/results/central/checkpoints/no_multiscale/seed45/ETTm2/h96.pt,5a632561c95a43a4,False,ETTm2,central,96,LatentFlow,physics_modal_v4/enhancements/results/central/runs/no_multiscale/seed45/ETTm2/h96.json,313c84d92ce678e477d19b3bcf170dabe5efdbb5e5cc544bf813b17dd68a4c4c,45,no_multiscale
/work/11617/sujato_ts/vista/motion_code-master/physics_modal_v4/enhancements/results/central/checkpoints/no_multiscale/seed45/Electricity/h192.pt,2268fb0ecefca12d,False,Electricity,central,192,LatentFlow,physics_modal_v4/enhancements/results/central/runs/no_multiscale/seed45/Electricity/h192.json,fa0f187628d072e5c12628ab5ea4f2e13b3d061b3c4617e3bb51f6555d7d3f4e,45,no_multiscale
/work/11617/sujato_ts/vista/motion_code-master/physics_modal_v4/enhancements/results/central/checkpoints/no_multiscale/seed45/Electricity/h336.pt,df41508a4d1b70a7,False,Electricity,central,336,LatentFlow,physics_modal_v4/enhancements/results/central/runs/no_multiscale/seed45/Electricity/h336.json,5e4a0198158e30420d9084fa2b6d1ae5249a2864fe3fd7bab57471499a28d288,45,no_multiscale
/work/11617/sujato_ts/vista/motion_code-master/physics_modal_v4/enhancements/results/central/checkpoints/no_multiscale/seed45/Electricity/h720.pt,27fccfc17a384e01,False,Electricity,central,720,LatentFlow,physics_modal_v4/enhancements/results/central/runs/no_multiscale/seed45/Electricity/h720.json,c3e3218933add73c9d9d04fe56e1c993f7cd949b2a3ac387980e547715abc0fb,45,no_multiscale
/work/11617/sujato_ts/vista/motion_code-master/physics_modal_v4/enhancements/results/central/checkpoints/no_multiscale/seed45/Electricity/h96.pt,3eb341d4737432c6,False,Electricity,central,96,LatentFlow,physics_modal_v4/enhancements/results/central/runs/no_multiscale/seed45/Electricity/h96.json,0e2174404b16470c164fccd9329c618cb325bdd45e6bc41a2478653645f86e64,45,no_multiscale
/work/11617/sujato_ts/vista/motion_code-master/physics_modal_v4/enhancements/results/central/checkpoints/no_multiscale/seed45/Traffic/h192.pt,250335849e5ebb09,False,Traffic,central,192,LatentFlow,physics_modal_v4/enhancements/results/central/runs/no_multiscale/seed45/Traffic/h192.json,40db57c46d9549ba4a676c84e95812fdc3ecc4b7b3734b91085995df2a51581f,45,no_multiscale
/work/11617/sujato_ts/vista/motion_code-master/physics_modal_v4/enhancements/results/central/checkpoints/no_multiscale/seed45/Traffic/h336.pt,642be2af653d2a19,False,Traffic,central,336,LatentFlow,physics_modal_v4/enhancements/results/central/runs/no_multiscale/seed45/Traffic/h336.json,44badedb7807a5a6d137204f88056580fd25a9d001941368274bbcf5a4c12b4f,45,no_multiscale
/work/11617/sujato_ts/vista/motion_code-master/physics_modal_v4/enhancements/results/central/checkpoints/no_multiscale/seed45/Traffic/h720.pt,3d24052fa0e3ff7d,False,Traffic,central,720,LatentFlow,physics_modal_v4/enhancements/results/central/runs/no_multiscale/seed45/Traffic/h720.json,183ab739fb26b94c5fb3a5a1dfbbb70ff77342282b1965cd11e64da4ce67779a,45,no_multiscale
/work/11617/sujato_ts/vista/motion_code-master/physics_modal_v4/enhancements/results/central/checkpoints/no_multiscale/seed45/Traffic/h96.pt,5e708a572a202e96,False,Traffic,central,96,LatentFlow,physics_modal_v4/enhancements/results/central/runs/no_multiscale/seed45/Traffic/h96.json,2d07a3b54059fac17ef82645ed1e24914dc7d4531b8282d30dbf021f3a49a1ab,45,no_multiscale
/work/11617/sujato_ts/vista/motion_code-master/physics_modal_v4/enhancements/results/central/checkpoints/no_multiscale/seed45/Weather/h192.pt,3aedb806dc41fd03,False,Weather,central,192,LatentFlow,physics_modal_v4/enhancements/results/central/runs/no_multiscale/seed45/Weather/h192.json,5bf0d399680df5e611fcf2a2e272d0af0ba4b803baba250dcd8a388f1929f611,45,no_multiscale
/work/11617/sujato_ts/vista/motion_code-master/physics_modal_v4/enhancements/results/central/checkpoints/no_multiscale/seed45/Weather/h336.pt,810a885864aa615f,False,Weather,central,336,LatentFlow,physics_modal_v4/enhancements/results/central/runs/no_multiscale/seed45/Weather/h336.json,ae712c7844e5c6a8ba7c917604201506e834c117adbbcdf58aaa7767af93fd40,45,no_multiscale
/work/11617/sujato_ts/vista/motion_code-master/physics_modal_v4/enhancements/results/central/checkpoints/no_multiscale/seed45/Weather/h720.pt,43ea23f63a1e0398,False,Weather,central,720,LatentFlow,physics_modal_v4/enhancements/results/central/runs/no_multiscale/seed45/Weather/h720.json,6ba70b2c59425a9df42d07a6f1f044df9cd4734d464790a9c908e23fc0dbb498,45,no_multiscale
/work/11617/sujato_ts/vista/motion_code-master/physics_modal_v4/enhancements/results/central/checkpoints/no_multiscale/seed45/Weather/h96.pt,f1c7208e2bf7caaf,False,Weather,central,96,LatentFlow,physics_modal_v4/enhancements/results/central/runs/no_multiscale/seed45/Weather/h96.json,e06cad78c19892798c12e83244a13347627bba4aacee8394a58538b9f411fd5f,45,no_multiscale
/work/11617/sujato_ts/vista/motion_code-master/physics_modal_v4/enhancements/results/central/checkpoints/no_multiscale/seed46/ETTh1/h192.pt,b12a9bc48de581da,False,ETTh1,central,192,LatentFlow,physics_modal_v4/enhancements/results/central/runs/no_multiscale/seed46/ETTh1/h192.json,921ba9d168d6e472d16c745afc2f54796adf5da7436de050ae0c806e1b025fd8,46,no_multiscale
/work/11617/sujato_ts/vista/motion_code-master/physics_modal_v4/enhancements/results/central/checkpoints/no_multiscale/seed46/ETTh1/h336.pt,db84c424a62b659a,False,ETTh1,central,336,LatentFlow,physics_modal_v4/enhancements/results/central/runs/no_multiscale/seed46/ETTh1/h336.json,0b18e9d5c73af911bb3970a80d898f6a4c5b077c9460c81c9f3af8a3286aad38,46,no_multiscale
/work/11617/sujato_ts/vista/motion_code-master/physics_modal_v4/enhancements/results/central/checkpoints/no_multiscale/seed46/ETTh1/h720.pt,2614c76fc842f33f,False,ETTh1,central,720,LatentFlow,physics_modal_v4/enhancements/results/central/runs/no_multiscale/seed46/ETTh1/h720.json,d1afd63b65936a68423e7dd8d4f2146154d3ed2705f8b62e57b4efb8bc1d8663,46,no_multiscale
/work/11617/sujato_ts/vista/motion_code-master/physics_modal_v4/enhancements/results/central/checkpoints/no_multiscale/seed46/ETTh1/h96.pt,a1541a118db5e984,False,ETTh1,central,96,LatentFlow,physics_modal_v4/enhancements/results/central/runs/no_multiscale/seed46/ETTh1/h96.json,7e4042633fc6cab71dbbc782008d2bf77b37b5c3de0b1153e67ca93eed516cb2,46,no_multiscale
/work/11617/sujato_ts/vista/motion_code-master/physics_modal_v4/enhancements/results/central/checkpoints/no_multiscale/seed46/ETTh2/h192.pt,8ed55e598884e516,False,ETTh2,central,192,LatentFlow,physics_modal_v4/enhancements/results/central/runs/no_multiscale/seed46/ETTh2/h192.json,081ab6fa4ac43b519e2c9780fe96349b22750e0e012b6071dd471f5785557085,46,no_multiscale
/work/11617/sujato_ts/vista/motion_code-master/physics_modal_v4/enhancements/results/central/checkpoints/no_multiscale/seed46/ETTh2/h336.pt,c769882ceee5bd0a,False,ETTh2,central,336,LatentFlow,physics_modal_v4/enhancements/results/central/runs/no_multiscale/seed46/ETTh2/h336.json,f4ae27d037e58f85fde2a1582dc54447a63c1c8ba6c21ba1cf15a963b46180de,46,no_multiscale
/work/11617/sujato_ts/vista/motion_code-master/physics_modal_v4/enhancements/results/central/checkpoints/no_multiscale/seed46/ETTh2/h720.pt,105c11c583537552,False,ETTh2,central,720,LatentFlow,physics_modal_v4/enhancements/results/central/runs/no_multiscale/seed46/ETTh2/h720.json,1f9e5b148281910f70ce96f5f82183d0fcbf0b6d30d31fde8715b8eae28e6d78,46,no_multiscale
/work/11617/sujato_ts/vista/motion_code-master/physics_modal_v4/enhancements/results/central/checkpoints/no_multiscale/seed46/ETTh2/h96.pt,bc2ad47cb2ce2aae,False,ETTh2,central,96,LatentFlow,physics_modal_v4/enhancements/results/central/runs/no_multiscale/seed46/ETTh2/h96.json,06776b4271c7315b2fa63cc5a176e27cd4f572084b0c2851738515e52bb0b0c4,46,no_multiscale
/work/11617/sujato_ts/vista/motion_code-master/physics_modal_v4/enhancements/results/central/checkpoints/no_multiscale/seed46/ETTm1/h192.pt,0c920f5be77ce517,False,ETTm1,central,192,LatentFlow,physics_modal_v4/enhancements/results/central/runs/no_multiscale/seed46/ETTm1/h192.json,851798c16113a2ea71fbc54e9e741058ef297f6f5e7c406900afe5076b6167d7,46,no_multiscale
/work/11617/sujato_ts/vista/motion_code-master/physics_modal_v4/enhancements/results/central/checkpoints/no_multiscale/seed46/ETTm1/h336.pt,c5461eb7ed1307eb,False,ETTm1,central,336,LatentFlow,physics_modal_v4/enhancements/results/central/runs/no_multiscale/seed46/ETTm1/h336.json,3db5047deb9eba6e0facb5088e6470a79c023d8a8d37750f356c8800a743cc59,46,no_multiscale
/work/11617/sujato_ts/vista/motion_code-master/physics_modal_v4/enhancements/results/central/checkpoints/no_multiscale/seed46/ETTm1/h720.pt,c3641b8fda86c488,False,ETTm1,central,720,LatentFlow,physics_modal_v4/enhancements/results/central/runs/no_multiscale/seed46/ETTm1/h720.json,f9a9c75e12b45184076198b59696b470ccac3f3a5fcd126184e8ff746eb11210,46,no_multiscale
/work/11617/sujato_ts/vista/motion_code-master/physics_modal_v4/enhancements/results/central/checkpoints/no_multiscale/seed46/ETTm1/h96.pt,25180d4313d87d39,False,ETTm1,central,96,LatentFlow,physics_modal_v4/enhancements/results/central/runs/no_multiscale/seed46/ETTm1/h96.json,a7eb71344c37fb32199974880f8b82053a6fb06d515c60dacdc0a01a7ce51ac3,46,no_multiscale
/work/11617/sujato_ts/vista/motion_code-master/physics_modal_v4/enhancements/results/central/checkpoints/no_multiscale/seed46/ETTm2/h192.pt,78005abee6a0d643,False,ETTm2,central,192,LatentFlow,physics_modal_v4/enhancements/results/central/runs/no_multiscale/seed46/ETTm2/h192.json,ae29401b63b1b9bf39f956b39e7d276b76ca908b93925266369c67bd08402dc8,46,no_multiscale
/work/11617/sujato_ts/vista/motion_code-master/physics_modal_v4/enhancements/results/central/checkpoints/no_multiscale/seed46/ETTm2/h336.pt,fb153826f4a06d45,False,ETTm2,central,336,LatentFlow,physics_modal_v4/enhancements/results/central/runs/no_multiscale/seed46/ETTm2/h336.json,0108053e12bb9dcd27c4beda1c511d282938d34574b2c6fff0003de0d0d795f9,46,no_multiscale
/work/11617/sujato_ts/vista/motion_code-master/physics_modal_v4/enhancements/results/central/checkpoints/no_multiscale/seed46/ETTm2/h720.pt,aaf304953bf99eec,False,ETTm2,central,720,LatentFlow,physics_modal_v4/enhancements/results/central/runs/no_multiscale/seed46/ETTm2/h720.json,4edc7a229d905e6db26299c2abc35e27970ebd7b30391d336c179823964750e6,46,no_multiscale
/work/11617/sujato_ts/vista/motion_code-master/physics_modal_v4/enhancements/results/central/checkpoints/no_multiscale/seed46/ETTm2/h96.pt,8bc1b2267d14cc88,False,ETTm2,central,96,LatentFlow,physics_modal_v4/enhancements/results/central/runs/no_multiscale/seed46/ETTm2/h96.json,570c5d607e3f8c9d7f0a40c4408d451bc5c4bad30a0b7efa09c096eaeade01d1,46,no_multiscale
/work/11617/sujato_ts/vista/motion_code-master/physics_modal_v4/enhancements/results/central/checkpoints/no_multiscale/seed46/Electricity/h192.pt,67b8b2298396b24f,False,Electricity,central,192,LatentFlow,physics_modal_v4/enhancements/results/central/runs/no_multiscale/seed46/Electricity/h192.json,d15997529cf87e3fec415c678c49eba3fdcabf20adad452be42f64681f2f7aba,46,no_multiscale
/work/11617/sujato_ts/vista/motion_code-master/physics_modal_v4/enhancements/results/central/checkpoints/no_multiscale/seed46/Electricity/h336.pt,1e6661e5de2babfa,False,Electricity,central,336,LatentFlow,physics_modal_v4/enhancements/results/central/runs/no_multiscale/seed46/Electricity/h336.json,6909f4558869ea2d4e76a91a8f740848a8b9b9ec9d8c23cfe9841807a9facbfb,46,no_multiscale
/work/11617/sujato_ts/vista/motion_code-master/physics_modal_v4/enhancements/results/central/checkpoints/no_multiscale/seed46/Electricity/h720.pt,aefd1b53bf55ee28,False,Electricity,central,720,LatentFlow,physics_modal_v4/enhancements/results/central/runs/no_multiscale/seed46/Electricity/h720.json,d39e6d6cf5e11b14b839a740dceb69e08edea796fbf2ce9c91dd5885ed76ac24,46,no_multiscale
/work/11617/sujato_ts/vista/motion_code-master/physics_modal_v4/enhancements/results/central/checkpoints/no_multiscale/seed46/Electricity/h96.pt,6fc981736394881e,False,Electricity,central,96,LatentFlow,physics_modal_v4/enhancements/results/central/runs/no_multiscale/seed46/Electricity/h96.json,70bd6411b4159adf62ec3d961dde3297df25d3c3dea7984b0f4ea64d42a225d7,46,no_multiscale
/work/11617/sujato_ts/vista/motion_code-master/physics_modal_v4/enhancements/results/central/checkpoints/no_multiscale/seed46/Traffic/h192.pt,88f1c3fa7b4990e8,False,Traffic,central,192,LatentFlow,physics_modal_v4/enhancements/results/central/runs/no_multiscale/seed46/Traffic/h192.json,0486de0dada83fc50ba375ba7606ebc9005df8fbf65636cf4241f3622e58c3f5,46,no_multiscale
/work/11617/sujato_ts/vista/motion_code-master/physics_modal_v4/enhancements/results/central/checkpoints/no_multiscale/seed46/Traffic/h336.pt,a93b55ac042cc7b7,False,Traffic,central,336,LatentFlow,physics_modal_v4/enhancements/results/central/runs/no_multiscale/seed46/Traffic/h336.json,fc42e696be46fae373afabad2f5aed177d12a1b385b76c820c144e9c59f68495,46,no_multiscale
/work/11617/sujato_ts/vista/motion_code-master/physics_modal_v4/enhancements/results/central/checkpoints/no_multiscale/seed46/Traffic/h720.pt,97ea920d6093dfcf,False,Traffic,central,720,LatentFlow,physics_modal_v4/enhancements/results/central/runs/no_multiscale/seed46/Traffic/h720.json,dc777d84bccc582f857a2be4af075524fef713c48391b72157017bdb0e1f4e07,46,no_multiscale
/work/11617/sujato_ts/vista/motion_code-master/physics_modal_v4/enhancements/results/central/checkpoints/no_multiscale/seed46/Traffic/h96.pt,e544796647522758,False,Traffic,central,96,LatentFlow,physics_modal_v4/enhancements/results/central/runs/no_multiscale/seed46/Traffic/h96.json,b0bb6de9a15747108abc2c073f88ee2adb046200e3ba8ea5a3c51d215af7e0d6,46,no_multiscale
/work/11617/sujato_ts/vista/motion_code-master/physics_modal_v4/enhancements/results/central/checkpoints/no_multiscale/seed46/Weather/h192.pt,6d33f92b16c18e6a,False,Weather,central,192,LatentFlow,physics_modal_v4/enhancements/results/central/runs/no_multiscale/seed46/Weather/h192.json,0f100edbd5b956ff1225527cce75c8e933cf3308751ed93c6061209b695ab0ab,46,no_multiscale
/work/11617/sujato_ts/vista/motion_code-master/physics_modal_v4/enhancements/results/central/checkpoints/no_multiscale/seed46/Weather/h336.pt,6665c90f6835f755,False,Weather,central,336,LatentFlow,physics_modal_v4/enhancements/results/central/runs/no_multiscale/seed46/Weather/h336.json,e1b454e95cf5700100b5bbf5217efe726c069ce8f3607adc9e1f386b9d1a71fc,46,no_multiscale
/work/11617/sujato_ts/vista/motion_code-master/physics_modal_v4/enhancements/results/central/checkpoints/no_multiscale/seed46/Weather/h720.pt,489f3fc6bdc8bb98,False,Weather,central,720,LatentFlow,physics_modal_v4/enhancements/results/central/runs/no_multiscale/seed46/Weather/h720.json,396c144117407b8da5e95ae5190dd666a6650bbf40e0d0a54d7d43cb4f2dea84,46,no_multiscale
/work/11617/sujato_ts/vista/motion_code-master/physics_modal_v4/enhancements/results/central/checkpoints/no_multiscale/seed46/Weather/h96.pt,9ede67e0824dfc02,False,Weather,central,96,LatentFlow,physics_modal_v4/enhancements/results/central/runs/no_multiscale/seed46/Weather/h96.json,5f95af068789dbbb281cf50f858d777a86271f1d5f4f5465ca77090007837ced,46,no_multiscale
/work/11617/sujato_ts/vista/motion_code-master/physics_modal_v4/enhancements/results/central/checkpoints/x_to_z/seed42/ETTh1/h192.pt,6db6211b3774c5ce,False,ETTh1,central,192,LatentFlow,physics_modal_v4/enhancements/results/central/runs/x_to_z/seed42/ETTh1/h192.json,80c34386f30ce9ef007b54392ffa4a396a04355cecb7dfd4ff52d6b125886f4d,42,x_to_z
/work/11617/sujato_ts/vista/motion_code-master/physics_modal_v4/enhancements/results/central/checkpoints/x_to_z/seed42/ETTh1/h336.pt,0d8ede807aedc0fa,False,ETTh1,central,336,LatentFlow,physics_modal_v4/enhancements/results/central/runs/x_to_z/seed42/ETTh1/h336.json,035ba97298fcb50ec4a27f6adb1e8974eda919e07428cba6b5d08514f0152168,42,x_to_z
/work/11617/sujato_ts/vista/motion_code-master/physics_modal_v4/enhancements/results/central/checkpoints/x_to_z/seed42/ETTh1/h720.pt,3d10c535e64ac8af,False,ETTh1,central,720,LatentFlow,physics_modal_v4/enhancements/results/central/runs/x_to_z/seed42/ETTh1/h720.json,2f6f7310e0b1d61e27057ccedb52fe4e7593f6d872e337dd016cfa94c6989d7f,42,x_to_z
/work/11617/sujato_ts/vista/motion_code-master/physics_modal_v4/enhancements/results/central/checkpoints/x_to_z/seed42/ETTh1/h96.pt,3d875743e9f2eb6c,False,ETTh1,central,96,LatentFlow,physics_modal_v4/enhancements/results/central/runs/x_to_z/seed42/ETTh1/h96.json,f83753e134e6677cc93148641fe98ee4ef49d79bb51556377aefe60900e3f055,42,x_to_z
/work/11617/sujato_ts/vista/motion_code-master/physics_modal_v4/enhancements/results/central/checkpoints/x_to_z/seed42/ETTh2/h192.pt,0abb22a2ee9a2077,False,ETTh2,central,192,LatentFlow,physics_modal_v4/enhancements/results/central/runs/x_to_z/seed42/ETTh2/h192.json,c4c607c4cd62084652b7a9dee927e39338f59d917110c800b24445c187bbbe8d,42,x_to_z
/work/11617/sujato_ts/vista/motion_code-master/physics_modal_v4/enhancements/results/central/checkpoints/x_to_z/seed42/ETTh2/h336.pt,3aa94d6a73e6920e,False,ETTh2,central,336,LatentFlow,physics_modal_v4/enhancements/results/central/runs/x_to_z/seed42/ETTh2/h336.json,bc93844b0b672ba5f41f6895d8033b7a64d99e1979d11c6c6acf649b9273ebea,42,x_to_z
/work/11617/sujato_ts/vista/motion_code-master/physics_modal_v4/enhancements/results/central/checkpoints/x_to_z/seed42/ETTh2/h720.pt,1911a616f0f9262c,False,ETTh2,central,720,LatentFlow,physics_modal_v4/enhancements/results/central/runs/x_to_z/seed42/ETTh2/h720.json,52e1fb7e5110aaafe255e31e8f55f6e8965b01960a07df0a30ca9d0c96dab071,42,x_to_z
/work/11617/sujato_ts/vista/motion_code-master/physics_modal_v4/enhancements/results/central/checkpoints/x_to_z/seed42/ETTh2/h96.pt,7fd366135d2a43cb,False,ETTh2,central,96,LatentFlow,physics_modal_v4/enhancements/results/central/runs/x_to_z/seed42/ETTh2/h96.json,f3f868b478878a6142c5af9ee87bf9c8fa4532ac43acf25c7d677876b1bd997e,42,x_to_z
/work/11617/sujato_ts/vista/motion_code-master/physics_modal_v4/enhancements/results/central/checkpoints/x_to_z/seed42/ETTm1/h192.pt,2bf953f4dd209fc0,False,ETTm1,central,192,LatentFlow,physics_modal_v4/enhancements/results/central/runs/x_to_z/seed42/ETTm1/h192.json,8b2e84c310e725d1cef844ce3603fb5e4ce0c3ec6b38cc9faca10ab7c0fe379d,42,x_to_z
/work/11617/sujato_ts/vista/motion_code-master/physics_modal_v4/enhancements/results/central/checkpoints/x_to_z/seed42/ETTm1/h336.pt,80478875f80dd7ec,False,ETTm1,central,336,LatentFlow,physics_modal_v4/enhancements/results/central/runs/x_to_z/seed42/ETTm1/h336.json,3555515c42f1a95ae3ed1ed7c19cde4f9c51806b694f13c770653ffbc89e6ebf,42,x_to_z
/work/11617/sujato_ts/vista/motion_code-master/physics_modal_v4/enhancements/results/central/checkpoints/x_to_z/seed42/ETTm1/h720.pt,203c1432a07b9aff,False,ETTm1,central,720,LatentFlow,physics_modal_v4/enhancements/results/central/runs/x_to_z/seed42/ETTm1/h720.json,0ce95b241bd16662534678b9898a4a537fca1b6f33f86be8ca7d8f5487b43ecb,42,x_to_z
/work/11617/sujato_ts/vista/motion_code-master/physics_modal_v4/enhancements/results/central/checkpoints/x_to_z/seed42/ETTm1/h96.pt,6dda313d00b7a65c,False,ETTm1,central,96,LatentFlow,physics_modal_v4/enhancements/results/central/runs/x_to_z/seed42/ETTm1/h96.json,531c48216514064e832ed0fa46e23a1812cb2e68fbe26232084a1ffaa1ec36be,42,x_to_z
/work/11617/sujato_ts/vista/motion_code-master/physics_modal_v4/enhancements/results/central/checkpoints/x_to_z/seed42/ETTm2/h192.pt,878f636c4034e033,False,ETTm2,central,192,LatentFlow,physics_modal_v4/enhancements/results/central/runs/x_to_z/seed42/ETTm2/h192.json,62546d414ea0d07e695b75c91ed5080e8a896b55f4fa7b2237b2a00a17626973,42,x_to_z
/work/11617/sujato_ts/vista/motion_code-master/physics_modal_v4/enhancements/results/central/checkpoints/x_to_z/seed42/ETTm2/h336.pt,829034b0d73c9f33,False,ETTm2,central,336,LatentFlow,physics_modal_v4/enhancements/results/central/runs/x_to_z/seed42/ETTm2/h336.json,d795ea084cf0c5e98c392d6f268e61aadc339923a926c98e4df101f3ae0aeef8,42,x_to_z
/work/11617/sujato_ts/vista/motion_code-master/physics_modal_v4/enhancements/results/central/checkpoints/x_to_z/seed42/ETTm2/h720.pt,4e6422ff64a10024,False,ETTm2,central,720,LatentFlow,physics_modal_v4/enhancements/results/central/runs/x_to_z/seed42/ETTm2/h720.json,c7b75f54ec2f93972b3bb6882d6394c5646a8c5d94a3c8bd9016b00c5363a0a6,42,x_to_z
/work/11617/sujato_ts/vista/motion_code-master/physics_modal_v4/enhancements/results/central/checkpoints/x_to_z/seed42/ETTm2/h96.pt,0aaef4c089d5a272,False,ETTm2,central,96,LatentFlow,physics_modal_v4/enhancements/results/central/runs/x_to_z/seed42/ETTm2/h96.json,5a39353c61ddc4ca8bc9f578e345bdb4004d9bf93c9fc1243345e5574ba5822c,42,x_to_z
/work/11617/sujato_ts/vista/motion_code-master/physics_modal_v4/enhancements/results/central/checkpoints/x_to_z/seed42/Electricity/h192.pt,de5c3e6599f502bb,False,Electricity,central,192,LatentFlow,physics_modal_v4/enhancements/results/central/runs/x_to_z/seed42/Electricity/h192.json,7b454fca5fbabacea7529e299c5fc34f99bd9e99169e2d6d08d3b5e34f497ffc,42,x_to_z
/work/11617/sujato_ts/vista/motion_code-master/physics_modal_v4/enhancements/results/central/checkpoints/x_to_z/seed42/Electricity/h336.pt,a221ffca06797e79,False,Electricity,central,336,LatentFlow,physics_modal_v4/enhancements/results/central/runs/x_to_z/seed42/Electricity/h336.json,38e4e862b26936b09a726503aa7467ed26e14a233361837875b2c5b591f04e42,42,x_to_z
/work/11617/sujato_ts/vista/motion_code-master/physics_modal_v4/enhancements/results/central/checkpoints/x_to_z/seed42/Electricity/h720.pt,2746d6000bc8214c,False,Electricity,central,720,LatentFlow,physics_modal_v4/enhancements/results/central/runs/x_to_z/seed42/Electricity/h720.json,3ca98d835e2e50acfddb69cc452ca6058e99a2ab9c7d4e08c0a35cfe72fb988d,42,x_to_z
/work/11617/sujato_ts/vista/motion_code-master/physics_modal_v4/enhancements/results/central/checkpoints/x_to_z/seed42/Electricity/h96.pt,ecbad6e965f95018,False,Electricity,central,96,LatentFlow,physics_modal_v4/enhancements/results/central/runs/x_to_z/seed42/Electricity/h96.json,d2215fb12e183670a48dcb2430d7e5f00a8ff60de1adc471517d67b57f359f6b,42,x_to_z
/work/11617/sujato_ts/vista/motion_code-master/physics_modal_v4/enhancements/results/central/checkpoints/x_to_z/seed42/Traffic/h192.pt,c7d92eebe2e9dd8c,False,Traffic,central,192,LatentFlow,physics_modal_v4/enhancements/results/central/runs/x_to_z/seed42/Traffic/h192.json,da4046e79b80a3fe5fc8405511235a2b0a04200a031f68ea5dd42fd65725c93e,42,x_to_z
/work/11617/sujato_ts/vista/motion_code-master/physics_modal_v4/enhancements/results/central/checkpoints/x_to_z/seed42/Traffic/h336.pt,9585be32996524ab,False,Traffic,central,336,LatentFlow,physics_modal_v4/enhancements/results/central/runs/x_to_z/seed42/Traffic/h336.json,ad94d23fe0c41f0904e1dc4e973c94fbb5ee445012e8747a1ce24ed6a46dea8d,42,x_to_z
/work/11617/sujato_ts/vista/motion_code-master/physics_modal_v4/enhancements/results/central/checkpoints/x_to_z/seed42/Traffic/h720.pt,2c0a9b94a210cb32,False,Traffic,central,720,LatentFlow,physics_modal_v4/enhancements/results/central/runs/x_to_z/seed42/Traffic/h720.json,ce170daf8db9043385b05dc57a51824be8acaeaa361c7a137c2667c617eafc09,42,x_to_z
/work/11617/sujato_ts/vista/motion_code-master/physics_modal_v4/enhancements/results/central/checkpoints/x_to_z/seed42/Traffic/h96.pt,d76658e88fd41804,False,Traffic,central,96,LatentFlow,physics_modal_v4/enhancements/results/central/runs/x_to_z/seed42/Traffic/h96.json,1705639c858adafed85106ac0ad7cddde47e7a1d4fd38e1feb65fc6b8d4c8cc7,42,x_to_z
/work/11617/sujato_ts/vista/motion_code-master/physics_modal_v4/enhancements/results/central/checkpoints/x_to_z/seed42/Weather/h192.pt,b5576c37adf65d46,False,Weather,central,192,LatentFlow,physics_modal_v4/enhancements/results/central/runs/x_to_z/seed42/Weather/h192.json,5a915f471ff252ce51455364664e118af321cad1218362a1d05c33434630624b,42,x_to_z
/work/11617/sujato_ts/vista/motion_code-master/physics_modal_v4/enhancements/results/central/checkpoints/x_to_z/seed42/Weather/h336.pt,598633a7cdc66300,False,Weather,central,336,LatentFlow,physics_modal_v4/enhancements/results/central/runs/x_to_z/seed42/Weather/h336.json,6ce9805ca539fabf687dca0e04f62100a448e18ea43b866e146b3fd4b661ba51,42,x_to_z
/work/11617/sujato_ts/vista/motion_code-master/physics_modal_v4/enhancements/results/central/checkpoints/x_to_z/seed42/Weather/h720.pt,5f25bdd20d204b3a,False,Weather,central,720,LatentFlow,physics_modal_v4/enhancements/results/central/runs/x_to_z/seed42/Weather/h720.json,b0c7198e16dc76bf64865e4f55bb0fcc7a1f20724d2a715f129a4a599d661d69,42,x_to_z
/work/11617/sujato_ts/vista/motion_code-master/physics_modal_v4/enhancements/results/central/checkpoints/x_to_z/seed42/Weather/h96.pt,5d8140260e263164,False,Weather,central,96,LatentFlow,physics_modal_v4/enhancements/results/central/runs/x_to_z/seed42/Weather/h96.json,0b57e673695a7b1948a59b558408af10796398c04903a3cb2437d7d71c997f94,42,x_to_z
/work/11617/sujato_ts/vista/motion_code-master/physics_modal_v4/enhancements/results/central/checkpoints/x_to_z/seed43/ETTh1/h192.pt,565a5b3dadfe41f5,False,ETTh1,central,192,LatentFlow,physics_modal_v4/enhancements/results/central/runs/x_to_z/seed43/ETTh1/h192.json,426a8abe3fc4b2fe03e2338ce9f6853e2ea8217e30c5a98a36cd6739bc52453e,43,x_to_z
/work/11617/sujato_ts/vista/motion_code-master/physics_modal_v4/enhancements/results/central/checkpoints/x_to_z/seed43/ETTh1/h336.pt,3654a9dedcaed34d,False,ETTh1,central,336,LatentFlow,physics_modal_v4/enhancements/results/central/runs/x_to_z/seed43/ETTh1/h336.json,ef5deabcf74ce97c835eadad2ad8f3fbda84675549894dec661adbae827de79f,43,x_to_z
/work/11617/sujato_ts/vista/motion_code-master/physics_modal_v4/enhancements/results/central/checkpoints/x_to_z/seed43/ETTh1/h720.pt,726f5e92065d8999,False,ETTh1,central,720,LatentFlow,physics_modal_v4/enhancements/results/central/runs/x_to_z/seed43/ETTh1/h720.json,083e72af391898b74b86011f2c4c16c74713e229343ad12212b6a9a6a447efe7,43,x_to_z
/work/11617/sujato_ts/vista/motion_code-master/physics_modal_v4/enhancements/results/central/checkpoints/x_to_z/seed43/ETTh1/h96.pt,9c99a938bb653298,False,ETTh1,central,96,LatentFlow,physics_modal_v4/enhancements/results/central/runs/x_to_z/seed43/ETTh1/h96.json,0bf8f9b62e1a6727226d93f854dfe8db1bd5fd7e93332f233c5db7d31c89c1c4,43,x_to_z
/work/11617/sujato_ts/vista/motion_code-master/physics_modal_v4/enhancements/results/central/checkpoints/x_to_z/seed43/ETTh2/h192.pt,08b89219a0b0a98f,False,ETTh2,central,192,LatentFlow,physics_modal_v4/enhancements/results/central/runs/x_to_z/seed43/ETTh2/h192.json,b82529f8bf5bc290cea6ca2bb0e91a267d9f248ebd935a1c847f099cf54941c6,43,x_to_z
/work/11617/sujato_ts/vista/motion_code-master/physics_modal_v4/enhancements/results/central/checkpoints/x_to_z/seed43/ETTh2/h336.pt,f72440e8f92d5139,False,ETTh2,central,336,LatentFlow,physics_modal_v4/enhancements/results/central/runs/x_to_z/seed43/ETTh2/h336.json,724b7fc24ca255fa4169da96e4f51810cf1f13a85479ad78a4520c38e5a4ab16,43,x_to_z
/work/11617/sujato_ts/vista/motion_code-master/physics_modal_v4/enhancements/results/central/checkpoints/x_to_z/seed43/ETTh2/h720.pt,13be50dbf7620ab8,False,ETTh2,central,720,LatentFlow,physics_modal_v4/enhancements/results/central/runs/x_to_z/seed43/ETTh2/h720.json,f560d2c4db6fa966fae75a7b6bf210d1ad7065dba31438e2f6b7377e50e38183,43,x_to_z
/work/11617/sujato_ts/vista/motion_code-master/physics_modal_v4/enhancements/results/central/checkpoints/x_to_z/seed43/ETTh2/h96.pt,28eebcc76867c005,False,ETTh2,central,96,LatentFlow,physics_modal_v4/enhancements/results/central/runs/x_to_z/seed43/ETTh2/h96.json,f726b6c9e9ccd8f7c9397cb130560732fa9009c61795237186df89c68d03e1b9,43,x_to_z
/work/11617/sujato_ts/vista/motion_code-master/physics_modal_v4/enhancements/results/central/checkpoints/x_to_z/seed43/ETTm1/h192.pt,76669be481207720,False,ETTm1,central,192,LatentFlow,physics_modal_v4/enhancements/results/central/runs/x_to_z/seed43/ETTm1/h192.json,51f3fcc76b18676f282e7a40c0080bcead542d5823aa5b53cd765f08c723b1f1,43,x_to_z
/work/11617/sujato_ts/vista/motion_code-master/physics_modal_v4/enhancements/results/central/checkpoints/x_to_z/seed43/ETTm1/h336.pt,6b2991e59bd23d53,False,ETTm1,central,336,LatentFlow,physics_modal_v4/enhancements/results/central/runs/x_to_z/seed43/ETTm1/h336.json,dd8b04bcd151606a80f205e407238e03cb371cf1a5fa0f051b21520490b36b32,43,x_to_z
/work/11617/sujato_ts/vista/motion_code-master/physics_modal_v4/enhancements/results/central/checkpoints/x_to_z/seed43/ETTm1/h720.pt,2fafcdadc0887161,False,ETTm1,central,720,LatentFlow,physics_modal_v4/enhancements/results/central/runs/x_to_z/seed43/ETTm1/h720.json,5b1592d14d5769dfb782cd0cd56878befddb2a00897685ce2856923bcba62b67,43,x_to_z
/work/11617/sujato_ts/vista/motion_code-master/physics_modal_v4/enhancements/results/central/checkpoints/x_to_z/seed43/ETTm1/h96.pt,4df9fd9c0648e17b,False,ETTm1,central,96,LatentFlow,physics_modal_v4/enhancements/results/central/runs/x_to_z/seed43/ETTm1/h96.json,d3b45a45cd10d5ceeb4eca340312f7c92301480db9d72a56b4ccaaa5009d3468,43,x_to_z
/work/11617/sujato_ts/vista/motion_code-master/physics_modal_v4/enhancements/results/central/checkpoints/x_to_z/seed43/ETTm2/h192.pt,e24a7d18fd45998c,False,ETTm2,central,192,LatentFlow,physics_modal_v4/enhancements/results/central/runs/x_to_z/seed43/ETTm2/h192.json,13e51fea762ded625a7f2b38ee30547d7c56262656e89e2f7f7382aa6216e8c9,43,x_to_z
/work/11617/sujato_ts/vista/motion_code-master/physics_modal_v4/enhancements/results/central/checkpoints/x_to_z/seed43/ETTm2/h336.pt,7e1a6e3f333c8b1a,False,ETTm2,central,336,LatentFlow,physics_modal_v4/enhancements/results/central/runs/x_to_z/seed43/ETTm2/h336.json,1e561d6a8f21c3843c89c3adbf4dbd1e1178a8962bf86e3d6d332ea16a6058b4,43,x_to_z
/work/11617/sujato_ts/vista/motion_code-master/physics_modal_v4/enhancements/results/central/checkpoints/x_to_z/seed43/ETTm2/h720.pt,325d8dd250e2b65b,False,ETTm2,central,720,LatentFlow,physics_modal_v4/enhancements/results/central/runs/x_to_z/seed43/ETTm2/h720.json,d1737404ff5fe823b32806f3fd83dc631ee616604bbb92da92c065d7a10cc769,43,x_to_z
/work/11617/sujato_ts/vista/motion_code-master/physics_modal_v4/enhancements/results/central/checkpoints/x_to_z/seed43/ETTm2/h96.pt,b7512db8c67cc665,False,ETTm2,central,96,LatentFlow,physics_modal_v4/enhancements/results/central/runs/x_to_z/seed43/ETTm2/h96.json,cb882a97ad73e07d19672f122ec973de10bda8f457bcca536a244b18c01db13e,43,x_to_z
/work/11617/sujato_ts/vista/motion_code-master/physics_modal_v4/enhancements/results/central/checkpoints/x_to_z/seed43/Electricity/h192.pt,5749343fc9530a9a,False,Electricity,central,192,LatentFlow,physics_modal_v4/enhancements/results/central/runs/x_to_z/seed43/Electricity/h192.json,8cf3a8b689f7c761099e595f71273bd5ee8b020343ea82120a8ed1091e3e2f6b,43,x_to_z
/work/11617/sujato_ts/vista/motion_code-master/physics_modal_v4/enhancements/results/central/checkpoints/x_to_z/seed43/Electricity/h336.pt,31c5c56a93f01840,False,Electricity,central,336,LatentFlow,physics_modal_v4/enhancements/results/central/runs/x_to_z/seed43/Electricity/h336.json,73307599ae078e6f52768d4b344eb53123b1836019ce0d1e054d3594ac60410b,43,x_to_z
/work/11617/sujato_ts/vista/motion_code-master/physics_modal_v4/enhancements/results/central/checkpoints/x_to_z/seed43/Electricity/h720.pt,500b650f14e08f6c,False,Electricity,central,720,LatentFlow,physics_modal_v4/enhancements/results/central/runs/x_to_z/seed43/Electricity/h720.json,4e1d731a6a782c7e5f7c8983ec22b880c35d2cf361465337f5bb8761113fd1af,43,x_to_z
/work/11617/sujato_ts/vista/motion_code-master/physics_modal_v4/enhancements/results/central/checkpoints/x_to_z/seed43/Electricity/h96.pt,4e7fa0ad8fe8d0cc,False,Electricity,central,96,LatentFlow,physics_modal_v4/enhancements/results/central/runs/x_to_z/seed43/Electricity/h96.json,e30f06121d9d3cc1dd918cec483ee36a48123743a7f2c211ca4856e9f2a0578b,43,x_to_z
/work/11617/sujato_ts/vista/motion_code-master/physics_modal_v4/enhancements/results/central/checkpoints/x_to_z/seed43/Traffic/h192.pt,b3c70b3d1a0253b5,False,Traffic,central,192,LatentFlow,physics_modal_v4/enhancements/results/central/runs/x_to_z/seed43/Traffic/h192.json,147232d209ca79eba4e269c2fb32cbc1ed226eddd45631b4c1c2cd408bccb3c5,43,x_to_z
/work/11617/sujato_ts/vista/motion_code-master/physics_modal_v4/enhancements/results/central/checkpoints/x_to_z/seed43/Traffic/h336.pt,f7dcb031578a9bc6,False,Traffic,central,336,LatentFlow,physics_modal_v4/enhancements/results/central/runs/x_to_z/seed43/Traffic/h336.json,28b04de6f9b883a7d21a63d4301d88078212301afafe0243d077bcc71646642c,43,x_to_z
/work/11617/sujato_ts/vista/motion_code-master/physics_modal_v4/enhancements/results/central/checkpoints/x_to_z/seed43/Traffic/h720.pt,8eb2ea175a8f43c4,False,Traffic,central,720,LatentFlow,physics_modal_v4/enhancements/results/central/runs/x_to_z/seed43/Traffic/h720.json,eb135a6b22ecc12457a3b84ef8b0b19b12e1fcef7fad25c84b99ce931a649bc6,43,x_to_z
/work/11617/sujato_ts/vista/motion_code-master/physics_modal_v4/enhancements/results/central/checkpoints/x_to_z/seed43/Traffic/h96.pt,0b59b5a7a05b96ae,False,Traffic,central,96,LatentFlow,physics_modal_v4/enhancements/results/central/runs/x_to_z/seed43/Traffic/h96.json,ef64ac4ea4c7d292ff20487bea2cc376d010b8bc1ba3576abdf2eb82dd0b3b86,43,x_to_z
/work/11617/sujato_ts/vista/motion_code-master/physics_modal_v4/enhancements/results/central/checkpoints/x_to_z/seed43/Weather/h192.pt,d3505cbc2ae37ed6,False,Weather,central,192,LatentFlow,physics_modal_v4/enhancements/results/central/runs/x_to_z/seed43/Weather/h192.json,c5bf6faabd08dabe7bc2d077b8f06494df6d450eff47413e03a6a0569e56c84f,43,x_to_z
/work/11617/sujato_ts/vista/motion_code-master/physics_modal_v4/enhancements/results/central/checkpoints/x_to_z/seed43/Weather/h336.pt,fedf735112057b59,False,Weather,central,336,LatentFlow,physics_modal_v4/enhancements/results/central/runs/x_to_z/seed43/Weather/h336.json,64ef878c04afccdf77db1d1b86f9371958abcb394acd862c0ec3eefd4922d483,43,x_to_z
/work/11617/sujato_ts/vista/motion_code-master/physics_modal_v4/enhancements/results/central/checkpoints/x_to_z/seed43/Weather/h720.pt,d76988d44825b86d,False,Weather,central,720,LatentFlow,physics_modal_v4/enhancements/results/central/runs/x_to_z/seed43/Weather/h720.json,96dc3e7a8ad1867e2fc50e37c23e6d48ca5334e0635f2d3503df52477b33660e,43,x_to_z
/work/11617/sujato_ts/vista/motion_code-master/physics_modal_v4/enhancements/results/central/checkpoints/x_to_z/seed43/Weather/h96.pt,c0781ad6fa956296,False,Weather,central,96,LatentFlow,physics_modal_v4/enhancements/results/central/runs/x_to_z/seed43/Weather/h96.json,d2537dd1dffdfcf344fcf837fb0dc15240de162561d29055e2dd96c84e907483,43,x_to_z
/work/11617/sujato_ts/vista/motion_code-master/physics_modal_v4/enhancements/results/central/checkpoints/x_to_z/seed44/ETTh1/h192.pt,b22de3cf94125eba,False,ETTh1,central,192,LatentFlow,physics_modal_v4/enhancements/results/central/runs/x_to_z/seed44/ETTh1/h192.json,2a33b2d7bb52b41a925ff308eaaf6cac865ba4da59b34355c27709d503e56343,44,x_to_z
/work/11617/sujato_ts/vista/motion_code-master/physics_modal_v4/enhancements/results/central/checkpoints/x_to_z/seed44/ETTh1/h336.pt,d8675a9a4f870478,False,ETTh1,central,336,LatentFlow,physics_modal_v4/enhancements/results/central/runs/x_to_z/seed44/ETTh1/h336.json,277d5302bd6cf9e4c3526b6cef7cc9052c5d29d3e2b232df4fad08cd2e5c5c93,44,x_to_z
/work/11617/sujato_ts/vista/motion_code-master/physics_modal_v4/enhancements/results/central/checkpoints/x_to_z/seed44/ETTh1/h720.pt,0683fa3a7babaf99,False,ETTh1,central,720,LatentFlow,physics_modal_v4/enhancements/results/central/runs/x_to_z/seed44/ETTh1/h720.json,1203ed63489c6476aaa6119c9f1b0c2e5b4903de6dcd62344741ee540f538966,44,x_to_z
/work/11617/sujato_ts/vista/motion_code-master/physics_modal_v4/enhancements/results/central/checkpoints/x_to_z/seed44/ETTh1/h96.pt,3c51b93d08d2d41b,False,ETTh1,central,96,LatentFlow,physics_modal_v4/enhancements/results/central/runs/x_to_z/seed44/ETTh1/h96.json,ecce524d67ecf22bbbf8105505d165a4cda177d8d28f1b29beea8d1f6b9d80c1,44,x_to_z
/work/11617/sujato_ts/vista/motion_code-master/physics_modal_v4/enhancements/results/central/checkpoints/x_to_z/seed44/ETTh2/h192.pt,6a97d67de5af37c7,False,ETTh2,central,192,LatentFlow,physics_modal_v4/enhancements/results/central/runs/x_to_z/seed44/ETTh2/h192.json,316d5c133cd24487c0fd880a9c0aaf9901937e7a878c6d21d565aa032b717693,44,x_to_z
/work/11617/sujato_ts/vista/motion_code-master/physics_modal_v4/enhancements/results/central/checkpoints/x_to_z/seed44/ETTh2/h336.pt,38fd268c6bddc5e5,False,ETTh2,central,336,LatentFlow,physics_modal_v4/enhancements/results/central/runs/x_to_z/seed44/ETTh2/h336.json,b3bc6863e81c62a42d6dfbf9bd8defa4ab71e033368980ffeb60ddb2d7235614,44,x_to_z
/work/11617/sujato_ts/vista/motion_code-master/physics_modal_v4/enhancements/results/central/checkpoints/x_to_z/seed44/ETTh2/h720.pt,1d77fa2357ecf8b9,False,ETTh2,central,720,LatentFlow,physics_modal_v4/enhancements/results/central/runs/x_to_z/seed44/ETTh2/h720.json,ce92d6a5ec3e12d4623d340487f8f3384a7db21a8f5f889e2696c628d3de1170,44,x_to_z
/work/11617/sujato_ts/vista/motion_code-master/physics_modal_v4/enhancements/results/central/checkpoints/x_to_z/seed44/ETTh2/h96.pt,85c42770bdb6e700,False,ETTh2,central,96,LatentFlow,physics_modal_v4/enhancements/results/central/runs/x_to_z/seed44/ETTh2/h96.json,ee96eca06a5d565ff30e66abdd4668f55d3bcc44e6d9462a2b8a59b27b511089,44,x_to_z
/work/11617/sujato_ts/vista/motion_code-master/physics_modal_v4/enhancements/results/central/checkpoints/x_to_z/seed44/ETTm1/h192.pt,a2f8f123cee4407f,False,ETTm1,central,192,LatentFlow,physics_modal_v4/enhancements/results/central/runs/x_to_z/seed44/ETTm1/h192.json,b2a0bbcb70b7853a6d8b3b32776629e87c9ce3bf7459424a69011990b44d6ba0,44,x_to_z
/work/11617/sujato_ts/vista/motion_code-master/physics_modal_v4/enhancements/results/central/checkpoints/x_to_z/seed44/ETTm1/h336.pt,92e12e36b447d06d,False,ETTm1,central,336,LatentFlow,physics_modal_v4/enhancements/results/central/runs/x_to_z/seed44/ETTm1/h336.json,2b585fd607df71e71b83cb2aabd0d7571ad13644f4c3a24d94b351dd41ba11d9,44,x_to_z
/work/11617/sujato_ts/vista/motion_code-master/physics_modal_v4/enhancements/results/central/checkpoints/x_to_z/seed44/ETTm1/h720.pt,073ea41456172c96,False,ETTm1,central,720,LatentFlow,physics_modal_v4/enhancements/results/central/runs/x_to_z/seed44/ETTm1/h720.json,06e8484c0c53d3a752f67abc3cb07d81b030df91a37ed1ac7584c15024772df1,44,x_to_z
/work/11617/sujato_ts/vista/motion_code-master/physics_modal_v4/enhancements/results/central/checkpoints/x_to_z/seed44/ETTm1/h96.pt,9595a117d378a9f4,False,ETTm1,central,96,LatentFlow,physics_modal_v4/enhancements/results/central/runs/x_to_z/seed44/ETTm1/h96.json,ae6af0e1c00edf0186846ae52da2127bc4225b46306ae135595e821ff179aab4,44,x_to_z
/work/11617/sujato_ts/vista/motion_code-master/physics_modal_v4/enhancements/results/central/checkpoints/x_to_z/seed44/ETTm2/h192.pt,59c7e8038f323edb,False,ETTm2,central,192,LatentFlow,physics_modal_v4/enhancements/results/central/runs/x_to_z/seed44/ETTm2/h192.json,0f389c63cf1c5b516219ae79b829a6e1513710938e016b0c63a210ebc2541237,44,x_to_z
/work/11617/sujato_ts/vista/motion_code-master/physics_modal_v4/enhancements/results/central/checkpoints/x_to_z/seed44/ETTm2/h336.pt,a3ad2d7214bdcb3b,False,ETTm2,central,336,LatentFlow,physics_modal_v4/enhancements/results/central/runs/x_to_z/seed44/ETTm2/h336.json,df3f482fad9e029c53c09021556f3dc51d1dcec666e40d257bcb8410affde6b6,44,x_to_z
/work/11617/sujato_ts/vista/motion_code-master/physics_modal_v4/enhancements/results/central/checkpoints/x_to_z/seed44/ETTm2/h720.pt,b516c39d6abe67cf,False,ETTm2,central,720,LatentFlow,physics_modal_v4/enhancements/results/central/runs/x_to_z/seed44/ETTm2/h720.json,a2913793cb35e2db83a6fa7d854aca6280d82e76eba921de7b769833d772edae,44,x_to_z
/work/11617/sujato_ts/vista/motion_code-master/physics_modal_v4/enhancements/results/central/checkpoints/x_to_z/seed44/ETTm2/h96.pt,b1fa88863d8b8da3,False,ETTm2,central,96,LatentFlow,physics_modal_v4/enhancements/results/central/runs/x_to_z/seed44/ETTm2/h96.json,4f4eebe0431e088dedb62333382a881a90b8a9d895090bab26f708bed3d13230,44,x_to_z
/work/11617/sujato_ts/vista/motion_code-master/physics_modal_v4/enhancements/results/central/checkpoints/x_to_z/seed44/Electricity/h192.pt,50778e6653e21fd0,False,Electricity,central,192,LatentFlow,physics_modal_v4/enhancements/results/central/runs/x_to_z/seed44/Electricity/h192.json,ff8bed8f0f622102304da1f25d20f1d65e62f832d7972852ae91cd7e338829bd,44,x_to_z
/work/11617/sujato_ts/vista/motion_code-master/physics_modal_v4/enhancements/results/central/checkpoints/x_to_z/seed44/Electricity/h336.pt,d7764f5fcb47e2a0,False,Electricity,central,336,LatentFlow,physics_modal_v4/enhancements/results/central/runs/x_to_z/seed44/Electricity/h336.json,3042fa81ed14b01ded309e2ac20c40eef8e8154dbdfabf37227d5e83a222554a,44,x_to_z
/work/11617/sujato_ts/vista/motion_code-master/physics_modal_v4/enhancements/results/central/checkpoints/x_to_z/seed44/Electricity/h720.pt,07dbe6e02bb9c5ca,False,Electricity,central,720,LatentFlow,physics_modal_v4/enhancements/results/central/runs/x_to_z/seed44/Electricity/h720.json,427e71d8592b0673b97758fb1c4b5dac04952374fe0edfc79e5767a2f90c8fdd,44,x_to_z
/work/11617/sujato_ts/vista/motion_code-master/physics_modal_v4/enhancements/results/central/checkpoints/x_to_z/seed44/Electricity/h96.pt,3b8bfd92c8357729,False,Electricity,central,96,LatentFlow,physics_modal_v4/enhancements/results/central/runs/x_to_z/seed44/Electricity/h96.json,af9729de1617d2bc8f9534bc5b297256b389dfe61729977728de2b92dde12926,44,x_to_z
/work/11617/sujato_ts/vista/motion_code-master/physics_modal_v4/enhancements/results/central/checkpoints/x_to_z/seed44/Traffic/h192.pt,6404f660f9d71b0d,False,Traffic,central,192,LatentFlow,physics_modal_v4/enhancements/results/central/runs/x_to_z/seed44/Traffic/h192.json,7cae054ae09cb71c6db7198530177c1adfefb1c31fd238550387c12f2569300b,44,x_to_z
/work/11617/sujato_ts/vista/motion_code-master/physics_modal_v4/enhancements/results/central/checkpoints/x_to_z/seed44/Traffic/h336.pt,af4f5e91004e3977,False,Traffic,central,336,LatentFlow,physics_modal_v4/enhancements/results/central/runs/x_to_z/seed44/Traffic/h336.json,e7dbfdac3d56df2bcd0cd7cadd031ea6f7b0102d6c5d2806c1b336c628629d12,44,x_to_z
/work/11617/sujato_ts/vista/motion_code-master/physics_modal_v4/enhancements/results/central/checkpoints/x_to_z/seed44/Traffic/h720.pt,fe190de8cbdc09ac,False,Traffic,central,720,LatentFlow,physics_modal_v4/enhancements/results/central/runs/x_to_z/seed44/Traffic/h720.json,713adb9934d2dff2d81a792a98660d9772f8f1b2ac1b589bb51282deacba818c,44,x_to_z
/work/11617/sujato_ts/vista/motion_code-master/physics_modal_v4/enhancements/results/central/checkpoints/x_to_z/seed44/Traffic/h96.pt,cf78d86ecc754405,False,Traffic,central,96,LatentFlow,physics_modal_v4/enhancements/results/central/runs/x_to_z/seed44/Traffic/h96.json,89c0b7b30c00890728fe1dedf61288fa7226ae28ef71bea63bdd524f4f0ab3f0,44,x_to_z
/work/11617/sujato_ts/vista/motion_code-master/physics_modal_v4/enhancements/results/central/checkpoints/x_to_z/seed44/Weather/h192.pt,c9abc814f41217aa,False,Weather,central,192,LatentFlow,physics_modal_v4/enhancements/results/central/runs/x_to_z/seed44/Weather/h192.json,4659b038dc0530c1ed6836607fa53302ae0e81ed66262bd0e376086a02684505,44,x_to_z
/work/11617/sujato_ts/vista/motion_code-master/physics_modal_v4/enhancements/results/central/checkpoints/x_to_z/seed44/Weather/h336.pt,23bd6425596572e7,False,Weather,central,336,LatentFlow,physics_modal_v4/enhancements/results/central/runs/x_to_z/seed44/Weather/h336.json,3ccbc68365f57a15c923745a5b29ada0800deb82b6a958de0e4d4d65fbc82d5f,44,x_to_z
/work/11617/sujato_ts/vista/motion_code-master/physics_modal_v4/enhancements/results/central/checkpoints/x_to_z/seed44/Weather/h720.pt,ce3f77c43451b061,False,Weather,central,720,LatentFlow,physics_modal_v4/enhancements/results/central/runs/x_to_z/seed44/Weather/h720.json,b024c19468f5da0ed945441059ba597ad0a7f0c37f9ba3772754a12f4b3f0a05,44,x_to_z
/work/11617/sujato_ts/vista/motion_code-master/physics_modal_v4/enhancements/results/central/checkpoints/x_to_z/seed44/Weather/h96.pt,cbddda5d93459581,False,Weather,central,96,LatentFlow,physics_modal_v4/enhancements/results/central/runs/x_to_z/seed44/Weather/h96.json,e81a11f7f776c5b8d031de445be16b6afbceafd33e24d1be5915fcc26e747088,44,x_to_z
/work/11617/sujato_ts/vista/motion_code-master/physics_modal_v4/enhancements/results/central/checkpoints/x_to_z/seed45/ETTh1/h192.pt,ece4b2375b252de5,False,ETTh1,central,192,LatentFlow,physics_modal_v4/enhancements/results/central/runs/x_to_z/seed45/ETTh1/h192.json,5c125c019fd87c2d0d892ded52ecfdae96885bc530d3b1fbcbec6600115a2f21,45,x_to_z
/work/11617/sujato_ts/vista/motion_code-master/physics_modal_v4/enhancements/results/central/checkpoints/x_to_z/seed45/ETTh1/h336.pt,63590df867ab4a58,False,ETTh1,central,336,LatentFlow,physics_modal_v4/enhancements/results/central/runs/x_to_z/seed45/ETTh1/h336.json,d3a4702fee349514fcdd28a959ed03898bb6235ebd8c4cce3ba5f979e5a483ce,45,x_to_z
/work/11617/sujato_ts/vista/motion_code-master/physics_modal_v4/enhancements/results/central/checkpoints/x_to_z/seed45/ETTh1/h720.pt,a54aa89cfdf7d32c,False,ETTh1,central,720,LatentFlow,physics_modal_v4/enhancements/results/central/runs/x_to_z/seed45/ETTh1/h720.json,42557ebe651f6e41ae6dafea5ede21455ffe49ab168c4e7fff8b0a8865631a15,45,x_to_z
/work/11617/sujato_ts/vista/motion_code-master/physics_modal_v4/enhancements/results/central/checkpoints/x_to_z/seed45/ETTh1/h96.pt,b532efe6e490266c,False,ETTh1,central,96,LatentFlow,physics_modal_v4/enhancements/results/central/runs/x_to_z/seed45/ETTh1/h96.json,f9b7398252ab6286ea17a1846400133f6e55e02133a5cb5760c0b23d33920a41,45,x_to_z
/work/11617/sujato_ts/vista/motion_code-master/physics_modal_v4/enhancements/results/central/checkpoints/x_to_z/seed45/ETTh2/h192.pt,89782c53f7fc007f,False,ETTh2,central,192,LatentFlow,physics_modal_v4/enhancements/results/central/runs/x_to_z/seed45/ETTh2/h192.json,0ecceb0c3db5da7daef2910780a14f22e6ae8064c3bab80f849609c61ffb0c90,45,x_to_z
/work/11617/sujato_ts/vista/motion_code-master/physics_modal_v4/enhancements/results/central/checkpoints/x_to_z/seed45/ETTh2/h336.pt,0c37c226adc37a96,False,ETTh2,central,336,LatentFlow,physics_modal_v4/enhancements/results/central/runs/x_to_z/seed45/ETTh2/h336.json,39d704ce7c88dc53dfedf31cdad799f66700e22a765f493c704760550cd30b57,45,x_to_z
/work/11617/sujato_ts/vista/motion_code-master/physics_modal_v4/enhancements/results/central/checkpoints/x_to_z/seed45/ETTh2/h720.pt,9fd1ccdcfe4e2e9a,False,ETTh2,central,720,LatentFlow,physics_modal_v4/enhancements/results/central/runs/x_to_z/seed45/ETTh2/h720.json,17242c1fa98998bcc6fc199bccecff3ec204968d486cdc7899961f67c66d18f5,45,x_to_z
/work/11617/sujato_ts/vista/motion_code-master/physics_modal_v4/enhancements/results/central/checkpoints/x_to_z/seed45/ETTh2/h96.pt,652d8b0ef53af284,False,ETTh2,central,96,LatentFlow,physics_modal_v4/enhancements/results/central/runs/x_to_z/seed45/ETTh2/h96.json,9d703ec72e01fe4322d37de3adc88d9d461e9dc2ea2ad31bde6b8e4595485928,45,x_to_z
/work/11617/sujato_ts/vista/motion_code-master/physics_modal_v4/enhancements/results/central/checkpoints/x_to_z/seed45/ETTm1/h192.pt,49522eb6047aa1e2,False,ETTm1,central,192,LatentFlow,physics_modal_v4/enhancements/results/central/runs/x_to_z/seed45/ETTm1/h192.json,ecb23ea0f2b3902a8e73540fa2741db115f19bb16ecbca7c1201689a5a1bd540,45,x_to_z
/work/11617/sujato_ts/vista/motion_code-master/physics_modal_v4/enhancements/results/central/checkpoints/x_to_z/seed45/ETTm1/h336.pt,35fce118f4f16bc4,False,ETTm1,central,336,LatentFlow,physics_modal_v4/enhancements/results/central/runs/x_to_z/seed45/ETTm1/h336.json,54160bf765319e7142a54f9b1ace2945860c7f3c14d56de427c24bfa6224361c,45,x_to_z
/work/11617/sujato_ts/vista/motion_code-master/physics_modal_v4/enhancements/results/central/checkpoints/x_to_z/seed45/ETTm1/h720.pt,ffa333498ecfe1bf,False,ETTm1,central,720,LatentFlow,physics_modal_v4/enhancements/results/central/runs/x_to_z/seed45/ETTm1/h720.json,07df68edafa9ea5546ad41c6f0e55587d7d5dd98064c0de3da26ab1f1957522c,45,x_to_z
/work/11617/sujato_ts/vista/motion_code-master/physics_modal_v4/enhancements/results/central/checkpoints/x_to_z/seed45/ETTm1/h96.pt,bf54da4cf8ba2c58,False,ETTm1,central,96,LatentFlow,physics_modal_v4/enhancements/results/central/runs/x_to_z/seed45/ETTm1/h96.json,9129803e5c74ebd92935a0c66dbaa96794c30dc139e805d1d099dd7548b2a68e,45,x_to_z
/work/11617/sujato_ts/vista/motion_code-master/physics_modal_v4/enhancements/results/central/checkpoints/x_to_z/seed45/ETTm2/h192.pt,fcb23553a68c6238,False,ETTm2,central,192,LatentFlow,physics_modal_v4/enhancements/results/central/runs/x_to_z/seed45/ETTm2/h192.json,a9038a0b6e030084d7c8b61f325754255a06eae130897bfbfe9b7b0dcf4bfeff,45,x_to_z
/work/11617/sujato_ts/vista/motion_code-master/physics_modal_v4/enhancements/results/central/checkpoints/x_to_z/seed45/ETTm2/h336.pt,51a28ef6d9ee0701,False,ETTm2,central,336,LatentFlow,physics_modal_v4/enhancements/results/central/runs/x_to_z/seed45/ETTm2/h336.json,3e7c145501d414c18541b180a63e03c51f7531ece876e7d97eb9accf0924c9ed,45,x_to_z
/work/11617/sujato_ts/vista/motion_code-master/physics_modal_v4/enhancements/results/central/checkpoints/x_to_z/seed45/ETTm2/h720.pt,07f59c2777c16308,False,ETTm2,central,720,LatentFlow,physics_modal_v4/enhancements/results/central/runs/x_to_z/seed45/ETTm2/h720.json,2bb899b6c17dccba563460ac846997b8dcacefc35893bdf69cfe827818e3afba,45,x_to_z
/work/11617/sujato_ts/vista/motion_code-master/physics_modal_v4/enhancements/results/central/checkpoints/x_to_z/seed45/ETTm2/h96.pt,5a632561c95a43a4,False,ETTm2,central,96,LatentFlow,physics_modal_v4/enhancements/results/central/runs/x_to_z/seed45/ETTm2/h96.json,8caf3830258609a0ab08714b6175cbabe7e4d20ca818866334fd6d93fcb190ea,45,x_to_z
/work/11617/sujato_ts/vista/motion_code-master/physics_modal_v4/enhancements/results/central/checkpoints/x_to_z/seed45/Electricity/h192.pt,2268fb0ecefca12d,False,Electricity,central,192,LatentFlow,physics_modal_v4/enhancements/results/central/runs/x_to_z/seed45/Electricity/h192.json,344288f776920bf8bd819790bd54f64c3b1e24f9f862fa1cd2cbd89dd08f6f73,45,x_to_z
/work/11617/sujato_ts/vista/motion_code-master/physics_modal_v4/enhancements/results/central/checkpoints/x_to_z/seed45/Electricity/h336.pt,df41508a4d1b70a7,False,Electricity,central,336,LatentFlow,physics_modal_v4/enhancements/results/central/runs/x_to_z/seed45/Electricity/h336.json,3b43bbec84c28aaa0032b0f0347becb4971bec298c604f52fe8977692c68c36f,45,x_to_z
/work/11617/sujato_ts/vista/motion_code-master/physics_modal_v4/enhancements/results/central/checkpoints/x_to_z/seed45/Electricity/h720.pt,27fccfc17a384e01,False,Electricity,central,720,LatentFlow,physics_modal_v4/enhancements/results/central/runs/x_to_z/seed45/Electricity/h720.json,8ade8eb9f7ce98c8368ff3692b4a481273a6e5e5a1d11e6a6aa530d0ace1dbf7,45,x_to_z
/work/11617/sujato_ts/vista/motion_code-master/physics_modal_v4/enhancements/results/central/checkpoints/x_to_z/seed45/Electricity/h96.pt,3eb341d4737432c6,False,Electricity,central,96,LatentFlow,physics_modal_v4/enhancements/results/central/runs/x_to_z/seed45/Electricity/h96.json,f2cf4ea373951bd66678b1fe3359e3c2ba56b2f2246cdcc414a4255f17ac236a,45,x_to_z
/work/11617/sujato_ts/vista/motion_code-master/physics_modal_v4/enhancements/results/central/checkpoints/x_to_z/seed45/Traffic/h192.pt,250335849e5ebb09,False,Traffic,central,192,LatentFlow,physics_modal_v4/enhancements/results/central/runs/x_to_z/seed45/Traffic/h192.json,0d92513ae6eaf8e45101f5239b6c5b42945ba681264ea17f4c1ef03e6b75e210,45,x_to_z
/work/11617/sujato_ts/vista/motion_code-master/physics_modal_v4/enhancements/results/central/checkpoints/x_to_z/seed45/Traffic/h336.pt,642be2af653d2a19,False,Traffic,central,336,LatentFlow,physics_modal_v4/enhancements/results/central/runs/x_to_z/seed45/Traffic/h336.json,cdbebec5b92c2dd0de6ec3cea312c4b1d617529b15d50f05f515cc66ba481f43,45,x_to_z
/work/11617/sujato_ts/vista/motion_code-master/physics_modal_v4/enhancements/results/central/checkpoints/x_to_z/seed45/Traffic/h720.pt,3d24052fa0e3ff7d,False,Traffic,central,720,LatentFlow,physics_modal_v4/enhancements/results/central/runs/x_to_z/seed45/Traffic/h720.json,cd30ef61742b946636773221d0e4521e0af098af9da807d89fdf38f80a6d9628,45,x_to_z
/work/11617/sujato_ts/vista/motion_code-master/physics_modal_v4/enhancements/results/central/checkpoints/x_to_z/seed45/Traffic/h96.pt,5e708a572a202e96,False,Traffic,central,96,LatentFlow,physics_modal_v4/enhancements/results/central/runs/x_to_z/seed45/Traffic/h96.json,aa2be27f55bb687a02e8f9bf70cded600e5e9e00b11539112b47cb4db6e737a1,45,x_to_z
/work/11617/sujato_ts/vista/motion_code-master/physics_modal_v4/enhancements/results/central/checkpoints/x_to_z/seed45/Weather/h192.pt,3aedb806dc41fd03,False,Weather,central,192,LatentFlow,physics_modal_v4/enhancements/results/central/runs/x_to_z/seed45/Weather/h192.json,1c66d59c4ce06296fc4086bb37c43bcb8a94c2b70d27b432691606cfa5651061,45,x_to_z
/work/11617/sujato_ts/vista/motion_code-master/physics_modal_v4/enhancements/results/central/checkpoints/x_to_z/seed45/Weather/h336.pt,810a885864aa615f,False,Weather,central,336,LatentFlow,physics_modal_v4/enhancements/results/central/runs/x_to_z/seed45/Weather/h336.json,bbe472e593e35c5688243b95ea6a3cd19329bc90a9a762024ce958514abf22cd,45,x_to_z
/work/11617/sujato_ts/vista/motion_code-master/physics_modal_v4/enhancements/results/central/checkpoints/x_to_z/seed45/Weather/h720.pt,43ea23f63a1e0398,False,Weather,central,720,LatentFlow,physics_modal_v4/enhancements/results/central/runs/x_to_z/seed45/Weather/h720.json,29245a910fa9a22edefda01e10bea0321afde4e210ee6ecf5126954587512162,45,x_to_z
/work/11617/sujato_ts/vista/motion_code-master/physics_modal_v4/enhancements/results/central/checkpoints/x_to_z/seed45/Weather/h96.pt,f1c7208e2bf7caaf,False,Weather,central,96,LatentFlow,physics_modal_v4/enhancements/results/central/runs/x_to_z/seed45/Weather/h96.json,0b8a6ffdaaea92da58b7853821a6d5d51c904d2cf6384add68edbfe78de7d220,45,x_to_z
/work/11617/sujato_ts/vista/motion_code-master/physics_modal_v4/enhancements/results/central/checkpoints/x_to_z/seed46/ETTh1/h192.pt,b12a9bc48de581da,False,ETTh1,central,192,LatentFlow,physics_modal_v4/enhancements/results/central/runs/x_to_z/seed46/ETTh1/h192.json,c20409f66954a9c65c6d46230e3434c541f7b978f7b8d1bf8367050d2233ecfe,46,x_to_z
/work/11617/sujato_ts/vista/motion_code-master/physics_modal_v4/enhancements/results/central/checkpoints/x_to_z/seed46/ETTh1/h336.pt,db84c424a62b659a,False,ETTh1,central,336,LatentFlow,physics_modal_v4/enhancements/results/central/runs/x_to_z/seed46/ETTh1/h336.json,49b7d043cb61031aa75c00289883c517a68e810f76a8f2250f496bfc811c51c9,46,x_to_z
/work/11617/sujato_ts/vista/motion_code-master/physics_modal_v4/enhancements/results/central/checkpoints/x_to_z/seed46/ETTh1/h720.pt,2614c76fc842f33f,False,ETTh1,central,720,LatentFlow,physics_modal_v4/enhancements/results/central/runs/x_to_z/seed46/ETTh1/h720.json,21b78a3290538d9554b7910e2332111cf2b92aeb33b342bda636eaa6fb46b7fd,46,x_to_z
/work/11617/sujato_ts/vista/motion_code-master/physics_modal_v4/enhancements/results/central/checkpoints/x_to_z/seed46/ETTh1/h96.pt,a1541a118db5e984,False,ETTh1,central,96,LatentFlow,physics_modal_v4/enhancements/results/central/runs/x_to_z/seed46/ETTh1/h96.json,ae557d4007ab513c95fc7149b21a31acf9eea48122ddee559ecc057112b7092e,46,x_to_z
/work/11617/sujato_ts/vista/motion_code-master/physics_modal_v4/enhancements/results/central/checkpoints/x_to_z/seed46/ETTh2/h192.pt,8ed55e598884e516,False,ETTh2,central,192,LatentFlow,physics_modal_v4/enhancements/results/central/runs/x_to_z/seed46/ETTh2/h192.json,63e848b665d0d31d1e501c290cb3d9ef021411b948f82aa80d146a89dbe86778,46,x_to_z
/work/11617/sujato_ts/vista/motion_code-master/physics_modal_v4/enhancements/results/central/checkpoints/x_to_z/seed46/ETTh2/h336.pt,c769882ceee5bd0a,False,ETTh2,central,336,LatentFlow,physics_modal_v4/enhancements/results/central/runs/x_to_z/seed46/ETTh2/h336.json,1542a87ef28c49da518467ad94efa52e70910563702dd354e336c4c1b9ceffee,46,x_to_z
/work/11617/sujato_ts/vista/motion_code-master/physics_modal_v4/enhancements/results/central/checkpoints/x_to_z/seed46/ETTh2/h720.pt,105c11c583537552,False,ETTh2,central,720,LatentFlow,physics_modal_v4/enhancements/results/central/runs/x_to_z/seed46/ETTh2/h720.json,bf9c918fa9149c93acda35b051a7fc34d00f4a86c18b161389c1310cbb5597f8,46,x_to_z
/work/11617/sujato_ts/vista/motion_code-master/physics_modal_v4/enhancements/results/central/checkpoints/x_to_z/seed46/ETTh2/h96.pt,bc2ad47cb2ce2aae,False,ETTh2,central,96,LatentFlow,physics_modal_v4/enhancements/results/central/runs/x_to_z/seed46/ETTh2/h96.json,044f052d71d18be9b43d26644a0eefff5489a891ab156e0b38c1a226f622aa91,46,x_to_z
/work/11617/sujato_ts/vista/motion_code-master/physics_modal_v4/enhancements/results/central/checkpoints/x_to_z/seed46/ETTm1/h192.pt,0c920f5be77ce517,False,ETTm1,central,192,LatentFlow,physics_modal_v4/enhancements/results/central/runs/x_to_z/seed46/ETTm1/h192.json,fdb7924b31f0e019bf3099d8e0ab76bb41eabe1d9daf113589b51679182c54e3,46,x_to_z
/work/11617/sujato_ts/vista/motion_code-master/physics_modal_v4/enhancements/results/central/checkpoints/x_to_z/seed46/ETTm1/h336.pt,c5461eb7ed1307eb,False,ETTm1,central,336,LatentFlow,physics_modal_v4/enhancements/results/central/runs/x_to_z/seed46/ETTm1/h336.json,2c2be2aeda5a3daf4921630c8cd2cfce3f6a446dae6af921511f189bba84235e,46,x_to_z
/work/11617/sujato_ts/vista/motion_code-master/physics_modal_v4/enhancements/results/central/checkpoints/x_to_z/seed46/ETTm1/h720.pt,c3641b8fda86c488,False,ETTm1,central,720,LatentFlow,physics_modal_v4/enhancements/results/central/runs/x_to_z/seed46/ETTm1/h720.json,429965d83025dc41167d352aa4d6715d9bfc57a57446d9ea072a0228f462ea0a,46,x_to_z
/work/11617/sujato_ts/vista/motion_code-master/physics_modal_v4/enhancements/results/central/checkpoints/x_to_z/seed46/ETTm1/h96.pt,25180d4313d87d39,False,ETTm1,central,96,LatentFlow,physics_modal_v4/enhancements/results/central/runs/x_to_z/seed46/ETTm1/h96.json,b8637416a3ee7f339869c34270381c5e64653d5272044445b76399661b4de9fe,46,x_to_z
/work/11617/sujato_ts/vista/motion_code-master/physics_modal_v4/enhancements/results/central/checkpoints/x_to_z/seed46/ETTm2/h192.pt,78005abee6a0d643,False,ETTm2,central,192,LatentFlow,physics_modal_v4/enhancements/results/central/runs/x_to_z/seed46/ETTm2/h192.json,6147b0b068b016e29f9d4b9e630a94198dc01a23c35675d637e3c4f21a7d94c1,46,x_to_z
/work/11617/sujato_ts/vista/motion_code-master/physics_modal_v4/enhancements/results/central/checkpoints/x_to_z/seed46/ETTm2/h336.pt,fb153826f4a06d45,False,ETTm2,central,336,LatentFlow,physics_modal_v4/enhancements/results/central/runs/x_to_z/seed46/ETTm2/h336.json,ce310236ef063054c148e1f1b56c80fa6a05e8d3880fe09c384498a10a7f6fdc,46,x_to_z
/work/11617/sujato_ts/vista/motion_code-master/physics_modal_v4/enhancements/results/central/checkpoints/x_to_z/seed46/ETTm2/h720.pt,aaf304953bf99eec,False,ETTm2,central,720,LatentFlow,physics_modal_v4/enhancements/results/central/runs/x_to_z/seed46/ETTm2/h720.json,9685434c7390da8a31197fe2390bfff7c326203efd36c358eeb57cef1d2af7d4,46,x_to_z
/work/11617/sujato_ts/vista/motion_code-master/physics_modal_v4/enhancements/results/central/checkpoints/x_to_z/seed46/ETTm2/h96.pt,8bc1b2267d14cc88,False,ETTm2,central,96,LatentFlow,physics_modal_v4/enhancements/results/central/runs/x_to_z/seed46/ETTm2/h96.json,e8deee2ecdc4ed76ae12ca1443535a559e35dc5e9cac36ce88be0c4853c640b7,46,x_to_z
/work/11617/sujato_ts/vista/motion_code-master/physics_modal_v4/enhancements/results/central/checkpoints/x_to_z/seed46/Electricity/h192.pt,67b8b2298396b24f,False,Electricity,central,192,LatentFlow,physics_modal_v4/enhancements/results/central/runs/x_to_z/seed46/Electricity/h192.json,f06833948914323c83d8028cf5525da3a14a5989fdb25f0054f70135ac51aa47,46,x_to_z
/work/11617/sujato_ts/vista/motion_code-master/physics_modal_v4/enhancements/results/central/checkpoints/x_to_z/seed46/Electricity/h336.pt,1e6661e5de2babfa,False,Electricity,central,336,LatentFlow,physics_modal_v4/enhancements/results/central/runs/x_to_z/seed46/Electricity/h336.json,1b6db17063fc0319a19cb361464ec8d6769aad5f4a7356a60c41d0b153e26475,46,x_to_z
/work/11617/sujato_ts/vista/motion_code-master/physics_modal_v4/enhancements/results/central/checkpoints/x_to_z/seed46/Electricity/h720.pt,aefd1b53bf55ee28,False,Electricity,central,720,LatentFlow,physics_modal_v4/enhancements/results/central/runs/x_to_z/seed46/Electricity/h720.json,a544d3bdceef40dd1a45d91f9321808ceb733c86ae5409340262e51ece6e23d6,46,x_to_z
/work/11617/sujato_ts/vista/motion_code-master/physics_modal_v4/enhancements/results/central/checkpoints/x_to_z/seed46/Electricity/h96.pt,6fc981736394881e,False,Electricity,central,96,LatentFlow,physics_modal_v4/enhancements/results/central/runs/x_to_z/seed46/Electricity/h96.json,324c64073b222824a1a86a24a1b0676796afd4c6e8734356d1f42d1931b1d330,46,x_to_z
/work/11617/sujato_ts/vista/motion_code-master/physics_modal_v4/enhancements/results/central/checkpoints/x_to_z/seed46/Traffic/h192.pt,88f1c3fa7b4990e8,False,Traffic,central,192,LatentFlow,physics_modal_v4/enhancements/results/central/runs/x_to_z/seed46/Traffic/h192.json,1cfe251e44d84547ac55d9899b0807505c39d26e3db3ff8740599108abd6fd36,46,x_to_z
/work/11617/sujato_ts/vista/motion_code-master/physics_modal_v4/enhancements/results/central/checkpoints/x_to_z/seed46/Traffic/h336.pt,a93b55ac042cc7b7,False,Traffic,central,336,LatentFlow,physics_modal_v4/enhancements/results/central/runs/x_to_z/seed46/Traffic/h336.json,3cc10f651598ff06f5a6741cedeab9c9a6c08f8b9742f01642e6f8b48a372e06,46,x_to_z
/work/11617/sujato_ts/vista/motion_code-master/physics_modal_v4/enhancements/results/central/checkpoints/x_to_z/seed46/Traffic/h720.pt,97ea920d6093dfcf,False,Traffic,central,720,LatentFlow,physics_modal_v4/enhancements/results/central/runs/x_to_z/seed46/Traffic/h720.json,3ab5b6178d7536b873e12545b91843d7cb44fa76bf73dd9fb4879b7089e0f7d3,46,x_to_z
/work/11617/sujato_ts/vista/motion_code-master/physics_modal_v4/enhancements/results/central/checkpoints/x_to_z/seed46/Traffic/h96.pt,e544796647522758,False,Traffic,central,96,LatentFlow,physics_modal_v4/enhancements/results/central/runs/x_to_z/seed46/Traffic/h96.json,58c726bdbaff85faaa3d907c5fa6883f4c6b4dc3d4366eccc45f31573fd6e9d8,46,x_to_z
/work/11617/sujato_ts/vista/motion_code-master/physics_modal_v4/enhancements/results/central/checkpoints/x_to_z/seed46/Weather/h192.pt,6d33f92b16c18e6a,False,Weather,central,192,LatentFlow,physics_modal_v4/enhancements/results/central/runs/x_to_z/seed46/Weather/h192.json,569646d73bcebab400c4058569d985be24c4e72fac93b6a1dff430f09b969873,46,x_to_z
/work/11617/sujato_ts/vista/motion_code-master/physics_modal_v4/enhancements/results/central/checkpoints/x_to_z/seed46/Weather/h336.pt,6665c90f6835f755,False,Weather,central,336,LatentFlow,physics_modal_v4/enhancements/results/central/runs/x_to_z/seed46/Weather/h336.json,819a26da3175391c5892315effdd9f27ac317fc30d869a8a7e5f4c6b66ac1e3d,46,x_to_z
/work/11617/sujato_ts/vista/motion_code-master/physics_modal_v4/enhancements/results/central/checkpoints/x_to_z/seed46/Weather/h720.pt,489f3fc6bdc8bb98,False,Weather,central,720,LatentFlow,physics_modal_v4/enhancements/results/central/runs/x_to_z/seed46/Weather/h720.json,8f51db82d4cfd1f1a065173da2c66273629a97a4bef9da85be3042a8af2c7b1a,46,x_to_z
/work/11617/sujato_ts/vista/motion_code-master/physics_modal_v4/enhancements/results/central/checkpoints/x_to_z/seed46/Weather/h96.pt,9ede67e0824dfc02,False,Weather,central,96,LatentFlow,physics_modal_v4/enhancements/results/central/runs/x_to_z/seed46/Weather/h96.json,e2e993b195aba93c8cde6e6810ddb8769b73573e5124fc84961ad839e11d32db,46,x_to_z
/work/11617/sujato_ts/vista/motion_code-master/physics_modal_v4/enhancements/results/factorial/checkpoints/scale-multiscale__bank-off__continuation-early/seed42/ETTh1/h192.pt,86538caf04d45b88,False,ETTh1,factorial,192,LatentFlow,physics_modal_v4/enhancements/results/factorial/runs/scale-multiscale__bank-off__continuation-early/seed42/ETTh1/h192.json,53e6e37e4f27d29aa1b59372632820a8151dc30ff4d4fa536a20621d03141ecd,42,scale-multiscale__bank-off__continuation-early
/work/11617/sujato_ts/vista/motion_code-master/physics_modal_v4/enhancements/results/factorial/checkpoints/scale-multiscale__bank-off__continuation-early/seed42/ETTh1/h336.pt,fcbfcf49bc256b0a,False,ETTh1,factorial,336,LatentFlow,physics_modal_v4/enhancements/results/factorial/runs/scale-multiscale__bank-off__continuation-early/seed42/ETTh1/h336.json,02f36626b75b814f621412ed3578527409f921542fcf13dee86903c8da08b4ee,42,scale-multiscale__bank-off__continuation-early
/work/11617/sujato_ts/vista/motion_code-master/physics_modal_v4/enhancements/results/factorial/checkpoints/scale-multiscale__bank-off__continuation-early/seed42/ETTh1/h720.pt,7dbaac77b0cc00eb,False,ETTh1,factorial,720,LatentFlow,physics_modal_v4/enhancements/results/factorial/runs/scale-multiscale__bank-off__continuation-early/seed42/ETTh1/h720.json,dbdc0a1a329c8b50ba8fdf10542f0d26edcbde3bdb78fb1b6d29a293e170e96a,42,scale-multiscale__bank-off__continuation-early
/work/11617/sujato_ts/vista/motion_code-master/physics_modal_v4/enhancements/results/factorial/checkpoints/scale-multiscale__bank-off__continuation-early/seed42/ETTh1/h96.pt,c8747d8e763e2bf7,False,ETTh1,factorial,96,LatentFlow,physics_modal_v4/enhancements/results/factorial/runs/scale-multiscale__bank-off__continuation-early/seed42/ETTh1/h96.json,b19f3b6a968f9be92b4cbc4c0b8113b4d325bdc30a3cece6c30172bdfcd9726d,42,scale-multiscale__bank-off__continuation-early
/work/11617/sujato_ts/vista/motion_code-master/physics_modal_v4/enhancements/results/factorial/checkpoints/scale-multiscale__bank-off__continuation-early/seed42/ETTh2/h192.pt,b629044c657328d7,False,ETTh2,factorial,192,LatentFlow,physics_modal_v4/enhancements/results/factorial/runs/scale-multiscale__bank-off__continuation-early/seed42/ETTh2/h192.json,cd8574ddf558501e7323eff6ae9f515298d82d4de3fd3b4370ba2665dd233562,42,scale-multiscale__bank-off__continuation-early
/work/11617/sujato_ts/vista/motion_code-master/physics_modal_v4/enhancements/results/factorial/checkpoints/scale-multiscale__bank-off__continuation-early/seed42/ETTh2/h336.pt,a8c319cbbec082f3,False,ETTh2,factorial,336,LatentFlow,physics_modal_v4/enhancements/results/factorial/runs/scale-multiscale__bank-off__continuation-early/seed42/ETTh2/h336.json,9f071c5a58fb3927ad17d5444af392da52354ecc4f640402a977e5b8f3f6b859,42,scale-multiscale__bank-off__continuation-early
/work/11617/sujato_ts/vista/motion_code-master/physics_modal_v4/enhancements/results/factorial/checkpoints/scale-multiscale__bank-off__continuation-early/seed42/ETTh2/h720.pt,1b72a81bb8d97055,False,ETTh2,factorial,720,LatentFlow,physics_modal_v4/enhancements/results/factorial/runs/scale-multiscale__bank-off__continuation-early/seed42/ETTh2/h720.json,7da92aad0df9eae2a2c468b426ae3c88227b5182d49a3fc1a1d53537eb6c0a52,42,scale-multiscale__bank-off__continuation-early
/work/11617/sujato_ts/vista/motion_code-master/physics_modal_v4/enhancements/results/factorial/checkpoints/scale-multiscale__bank-off__continuation-early/seed42/ETTh2/h96.pt,1446cb6c3327930f,False,ETTh2,factorial,96,LatentFlow,physics_modal_v4/enhancements/results/factorial/runs/scale-multiscale__bank-off__continuation-early/seed42/ETTh2/h96.json,c285b1a80575fc93dbfe25911cd3c0cb17f777e9c1436759f016a2781233acfb,42,scale-multiscale__bank-off__continuation-early
/work/11617/sujato_ts/vista/motion_code-master/physics_modal_v4/enhancements/results/factorial/checkpoints/scale-multiscale__bank-off__continuation-early/seed42/ETTm1/h192.pt,323731971fb66827,False,ETTm1,factorial,192,LatentFlow,physics_modal_v4/enhancements/results/factorial/runs/scale-multiscale__bank-off__continuation-early/seed42/ETTm1/h192.json,b085075bffc1ba58428b131f8bc137206170047914495aa82c4f9b25dcea2fc5,42,scale-multiscale__bank-off__continuation-early
/work/11617/sujato_ts/vista/motion_code-master/physics_modal_v4/enhancements/results/factorial/checkpoints/scale-multiscale__bank-off__continuation-early/seed42/ETTm1/h336.pt,1d7585fdd3e520ef,False,ETTm1,factorial,336,LatentFlow,physics_modal_v4/enhancements/results/factorial/runs/scale-multiscale__bank-off__continuation-early/seed42/ETTm1/h336.json,683c98962a1574768b307faa3b591dcb26b98fc3e733d393d19a1c91bb7e529c,42,scale-multiscale__bank-off__continuation-early
/work/11617/sujato_ts/vista/motion_code-master/physics_modal_v4/enhancements/results/factorial/checkpoints/scale-multiscale__bank-off__continuation-early/seed42/ETTm1/h720.pt,b93a926a9426c08c,False,ETTm1,factorial,720,LatentFlow,physics_modal_v4/enhancements/results/factorial/runs/scale-multiscale__bank-off__continuation-early/seed42/ETTm1/h720.json,9ca432af12fd2243e5eb26c39b2fcf52d41dcc8d5829769401e2ef0131f6a57b,42,scale-multiscale__bank-off__continuation-early
/work/11617/sujato_ts/vista/motion_code-master/physics_modal_v4/enhancements/results/factorial/checkpoints/scale-multiscale__bank-off__continuation-early/seed42/ETTm1/h96.pt,c4f808147cdadd66,False,ETTm1,factorial,96,LatentFlow,physics_modal_v4/enhancements/results/factorial/runs/scale-multiscale__bank-off__continuation-early/seed42/ETTm1/h96.json,b1e7ce81990a21f2611593c8c9d338b9bb1c49c2c36c5da6f39999f5345f8396,42,scale-multiscale__bank-off__continuation-early
/work/11617/sujato_ts/vista/motion_code-master/physics_modal_v4/enhancements/results/factorial/checkpoints/scale-multiscale__bank-off__continuation-early/seed42/ETTm2/h192.pt,b14a9bc1b64edfe9,False,ETTm2,factorial,192,LatentFlow,physics_modal_v4/enhancements/results/factorial/runs/scale-multiscale__bank-off__continuation-early/seed42/ETTm2/h192.json,2d7382acc151080bee83dbbf5bf4de075df6494d07302cd6d8e5bf8ad934d650,42,scale-multiscale__bank-off__continuation-early
/work/11617/sujato_ts/vista/motion_code-master/physics_modal_v4/enhancements/results/factorial/checkpoints/scale-multiscale__bank-off__continuation-early/seed42/ETTm2/h336.pt,55bfe25314cdb45d,False,ETTm2,factorial,336,LatentFlow,physics_modal_v4/enhancements/results/factorial/runs/scale-multiscale__bank-off__continuation-early/seed42/ETTm2/h336.json,b654455578e68f7aa4f8108bd2a03fe8b83c31861f96ba06495eac06b9c0e6ab,42,scale-multiscale__bank-off__continuation-early
/work/11617/sujato_ts/vista/motion_code-master/physics_modal_v4/enhancements/results/factorial/checkpoints/scale-multiscale__bank-off__continuation-early/seed42/ETTm2/h720.pt,cb38ebb4e0d30380,False,ETTm2,factorial,720,LatentFlow,physics_modal_v4/enhancements/results/factorial/runs/scale-multiscale__bank-off__continuation-early/seed42/ETTm2/h720.json,d5055d8f57f401893790dfb75d3757723ef6e96f8c7006bedf726c010be38ffe,42,scale-multiscale__bank-off__continuation-early
/work/11617/sujato_ts/vista/motion_code-master/physics_modal_v4/enhancements/results/factorial/checkpoints/scale-multiscale__bank-off__continuation-early/seed42/ETTm2/h96.pt,d5e887269e5d90ef,False,ETTm2,factorial,96,LatentFlow,physics_modal_v4/enhancements/results/factorial/runs/scale-multiscale__bank-off__continuation-early/seed42/ETTm2/h96.json,b49bd7fb1ff3e411650d7f76e24ffc35beb483421f362427cb1ae6966464fe28,42,scale-multiscale__bank-off__continuation-early
/work/11617/sujato_ts/vista/motion_code-master/physics_modal_v4/enhancements/results/factorial/checkpoints/scale-multiscale__bank-off__continuation-early/seed42/Electricity/h192.pt,99e98ce5407c2a46,False,Electricity,factorial,192,LatentFlow,physics_modal_v4/enhancements/results/factorial/runs/scale-multiscale__bank-off__continuation-early/seed42/Electricity/h192.json,e4dd7c618fceaee34219ff5d1aa05b82b0d1940959337c76057f8410c34db933,42,scale-multiscale__bank-off__continuation-early
/work/11617/sujato_ts/vista/motion_code-master/physics_modal_v4/enhancements/results/factorial/checkpoints/scale-multiscale__bank-off__continuation-early/seed42/Electricity/h336.pt,5476219beeb695fa,False,Electricity,factorial,336,LatentFlow,physics_modal_v4/enhancements/results/factorial/runs/scale-multiscale__bank-off__continuation-early/seed42/Electricity/h336.json,9d028e377de48718e5b782ed2f011a17c170a0a8f8a611d1c930e14aa9db338c,42,scale-multiscale__bank-off__continuation-early
/work/11617/sujato_ts/vista/motion_code-master/physics_modal_v4/enhancements/results/factorial/checkpoints/scale-multiscale__bank-off__continuation-early/seed42/Electricity/h720.pt,8b24f24c6762dce4,False,Electricity,factorial,720,LatentFlow,physics_modal_v4/enhancements/results/factorial/runs/scale-multiscale__bank-off__continuation-early/seed42/Electricity/h720.json,22ce4b751d44bfd04bae6597ce81174994bbb1fbb27ea1cc7d9894fb82ace3e2,42,scale-multiscale__bank-off__continuation-early
/work/11617/sujato_ts/vista/motion_code-master/physics_modal_v4/enhancements/results/factorial/checkpoints/scale-multiscale__bank-off__continuation-early/seed42/Electricity/h96.pt,ce5f9d9b3a45c2b3,False,Electricity,factorial,96,LatentFlow,physics_modal_v4/enhancements/results/factorial/runs/scale-multiscale__bank-off__continuation-early/seed42/Electricity/h96.json,f4e302be25cde3e681b73e79551ca75c3b06dc7986083e7490ce057c98c83d87,42,scale-multiscale__bank-off__continuation-early
/work/11617/sujato_ts/vista/motion_code-master/physics_modal_v4/enhancements/results/factorial/checkpoints/scale-multiscale__bank-off__continuation-early/seed42/Traffic/h192.pt,057a11836639a0bd,False,Traffic,factorial,192,LatentFlow,physics_modal_v4/enhancements/results/factorial/runs/scale-multiscale__bank-off__continuation-early/seed42/Traffic/h192.json,805be5da93c0107d09662dc3e73140f925c995190d2f3e9170dc2915e587e773,42,scale-multiscale__bank-off__continuation-early
/work/11617/sujato_ts/vista/motion_code-master/physics_modal_v4/enhancements/results/factorial/checkpoints/scale-multiscale__bank-off__continuation-early/seed42/Traffic/h336.pt,6329ed861fc22577,False,Traffic,factorial,336,LatentFlow,physics_modal_v4/enhancements/results/factorial/runs/scale-multiscale__bank-off__continuation-early/seed42/Traffic/h336.json,ac274f65c3cc2a57c5365b51366ae41493fae36507a975e4630ee72a7b1e5233,42,scale-multiscale__bank-off__continuation-early
/work/11617/sujato_ts/vista/motion_code-master/physics_modal_v4/enhancements/results/factorial/checkpoints/scale-multiscale__bank-off__continuation-early/seed42/Traffic/h720.pt,d0ce3909e4c42240,False,Traffic,factorial,720,LatentFlow,physics_modal_v4/enhancements/results/factorial/runs/scale-multiscale__bank-off__continuation-early/seed42/Traffic/h720.json,f267e81a67da05d3b99170e9a93438390aa2d427b2cdbfdd397abb92c19a744d,42,scale-multiscale__bank-off__continuation-early
/work/11617/sujato_ts/vista/motion_code-master/physics_modal_v4/enhancements/results/factorial/checkpoints/scale-multiscale__bank-off__continuation-early/seed42/Traffic/h96.pt,6552226b73e6f51e,False,Traffic,factorial,96,LatentFlow,physics_modal_v4/enhancements/results/factorial/runs/scale-multiscale__bank-off__continuation-early/seed42/Traffic/h96.json,8f7d97c03428b42a6886f7911d7eefd8ae7a91534d3792f7a8212316b892fa50,42,scale-multiscale__bank-off__continuation-early
/work/11617/sujato_ts/vista/motion_code-master/physics_modal_v4/enhancements/results/factorial/checkpoints/scale-multiscale__bank-off__continuation-early/seed42/Weather/h192.pt,076e9acbc858d679,False,Weather,factorial,192,LatentFlow,physics_modal_v4/enhancements/results/factorial/runs/scale-multiscale__bank-off__continuation-early/seed42/Weather/h192.json,1ee9281a2dc3ace98e6d819989d17c3502f15c232851868db805e171f6761302,42,scale-multiscale__bank-off__continuation-early
/work/11617/sujato_ts/vista/motion_code-master/physics_modal_v4/enhancements/results/factorial/checkpoints/scale-multiscale__bank-off__continuation-early/seed42/Weather/h336.pt,a817a7f5ea1bb96f,False,Weather,factorial,336,LatentFlow,physics_modal_v4/enhancements/results/factorial/runs/scale-multiscale__bank-off__continuation-early/seed42/Weather/h336.json,2ef1a42b70b00c275f90aae90abfde015152cebf238aae73e248b9571aea4930,42,scale-multiscale__bank-off__continuation-early
/work/11617/sujato_ts/vista/motion_code-master/physics_modal_v4/enhancements/results/factorial/checkpoints/scale-multiscale__bank-off__continuation-early/seed42/Weather/h720.pt,f06fa45a1042f177,False,Weather,factorial,720,LatentFlow,physics_modal_v4/enhancements/results/factorial/runs/scale-multiscale__bank-off__continuation-early/seed42/Weather/h720.json,b88d7d29bcc842e495678d2f76ef61c7f951336546b98414fb802cebcb1250e0,42,scale-multiscale__bank-off__continuation-early
/work/11617/sujato_ts/vista/motion_code-master/physics_modal_v4/enhancements/results/factorial/checkpoints/scale-multiscale__bank-off__continuation-early/seed42/Weather/h96.pt,1ee29f6e1c09bc06,False,Weather,factorial,96,LatentFlow,physics_modal_v4/enhancements/results/factorial/runs/scale-multiscale__bank-off__continuation-early/seed42/Weather/h96.json,eb3ecb4cf57d518c836104254dc76c4cbbfd1b8db08382a1d37b995f102725d7,42,scale-multiscale__bank-off__continuation-early
/work/11617/sujato_ts/vista/motion_code-master/physics_modal_v4/enhancements/results/factorial/checkpoints/scale-multiscale__bank-off__continuation-early/seed43/ETTh1/h192.pt,52f3345a43483026,False,ETTh1,factorial,192,LatentFlow,physics_modal_v4/enhancements/results/factorial/runs/scale-multiscale__bank-off__continuation-early/seed43/ETTh1/h192.json,4dc079b0719a6d228a6a00ac8eee24a7fe534b0ac39c28ea356e2b459815977a,43,scale-multiscale__bank-off__continuation-early
/work/11617/sujato_ts/vista/motion_code-master/physics_modal_v4/enhancements/results/factorial/checkpoints/scale-multiscale__bank-off__continuation-early/seed43/ETTh1/h336.pt,8e3339cb53bdfc1c,False,ETTh1,factorial,336,LatentFlow,physics_modal_v4/enhancements/results/factorial/runs/scale-multiscale__bank-off__continuation-early/seed43/ETTh1/h336.json,1a684e6f3c44054683737d7415cc0cec084a7bb0754b1d72dc744df3cac75989,43,scale-multiscale__bank-off__continuation-early
/work/11617/sujato_ts/vista/motion_code-master/physics_modal_v4/enhancements/results/factorial/checkpoints/scale-multiscale__bank-off__continuation-early/seed43/ETTh1/h720.pt,1f878f8e24a60a62,False,ETTh1,factorial,720,LatentFlow,physics_modal_v4/enhancements/results/factorial/runs/scale-multiscale__bank-off__continuation-early/seed43/ETTh1/h720.json,d1f3e2014dba50431f82ba0cccaa2457bfe7a7ef774737a7fe688bb656da13f4,43,scale-multiscale__bank-off__continuation-early
/work/11617/sujato_ts/vista/motion_code-master/physics_modal_v4/enhancements/results/factorial/checkpoints/scale-multiscale__bank-off__continuation-early/seed43/ETTh1/h96.pt,641752a034910b2f,False,ETTh1,factorial,96,LatentFlow,physics_modal_v4/enhancements/results/factorial/runs/scale-multiscale__bank-off__continuation-early/seed43/ETTh1/h96.json,2b39053847abe73d4fe1d7ee20051e531e0cb0c65d2de789753c3357ea3db65c,43,scale-multiscale__bank-off__continuation-early
/work/11617/sujato_ts/vista/motion_code-master/physics_modal_v4/enhancements/results/factorial/checkpoints/scale-multiscale__bank-off__continuation-early/seed43/ETTh2/h192.pt,c98e6314f44a49ec,False,ETTh2,factorial,192,LatentFlow,physics_modal_v4/enhancements/results/factorial/runs/scale-multiscale__bank-off__continuation-early/seed43/ETTh2/h192.json,ba79e076924784886e3923290c8b7cb0abf33e8e005f32cc1a07df9fd50aafbf,43,scale-multiscale__bank-off__continuation-early
/work/11617/sujato_ts/vista/motion_code-master/physics_modal_v4/enhancements/results/factorial/checkpoints/scale-multiscale__bank-off__continuation-early/seed43/ETTh2/h336.pt,61e5f8c3645a2578,False,ETTh2,factorial,336,LatentFlow,physics_modal_v4/enhancements/results/factorial/runs/scale-multiscale__bank-off__continuation-early/seed43/ETTh2/h336.json,f8cf1085ee18514ec20d496ce2ae577d308ab5646a314dd0b80c021cd089e714,43,scale-multiscale__bank-off__continuation-early
/work/11617/sujato_ts/vista/motion_code-master/physics_modal_v4/enhancements/results/factorial/checkpoints/scale-multiscale__bank-off__continuation-early/seed43/ETTh2/h720.pt,2f1258c988e3b28f,False,ETTh2,factorial,720,LatentFlow,physics_modal_v4/enhancements/results/factorial/runs/scale-multiscale__bank-off__continuation-early/seed43/ETTh2/h720.json,88d7b67127e74ae7f43ac694aacaad6529e415576c401253d10eaaab6fcc5fc9,43,scale-multiscale__bank-off__continuation-early
/work/11617/sujato_ts/vista/motion_code-master/physics_modal_v4/enhancements/results/factorial/checkpoints/scale-multiscale__bank-off__continuation-early/seed43/ETTh2/h96.pt,af31c212dbb76702,False,ETTh2,factorial,96,LatentFlow,physics_modal_v4/enhancements/results/factorial/runs/scale-multiscale__bank-off__continuation-early/seed43/ETTh2/h96.json,5f50d7122410599df7cb2aa526971ba87d6b9e9ab7bea644774e564163cac945,43,scale-multiscale__bank-off__continuation-early
/work/11617/sujato_ts/vista/motion_code-master/physics_modal_v4/enhancements/results/factorial/checkpoints/scale-multiscale__bank-off__continuation-early/seed43/ETTm1/h192.pt,51efd7608cd7a65a,False,ETTm1,factorial,192,LatentFlow,physics_modal_v4/enhancements/results/factorial/runs/scale-multiscale__bank-off__continuation-early/seed43/ETTm1/h192.json,ea55b34cc12d23ebbc3f5e2f211d551b2ae14ebba7d1475985ee1d69e197d9fb,43,scale-multiscale__bank-off__continuation-early
/work/11617/sujato_ts/vista/motion_code-master/physics_modal_v4/enhancements/results/factorial/checkpoints/scale-multiscale__bank-off__continuation-early/seed43/ETTm1/h336.pt,f193f7980998ca4f,False,ETTm1,factorial,336,LatentFlow,physics_modal_v4/enhancements/results/factorial/runs/scale-multiscale__bank-off__continuation-early/seed43/ETTm1/h336.json,4cec37074e9a2a022ac8815629f18d480d8ef1f373923b4ca4a8fa0ee31faf14,43,scale-multiscale__bank-off__continuation-early
/work/11617/sujato_ts/vista/motion_code-master/physics_modal_v4/enhancements/results/factorial/checkpoints/scale-multiscale__bank-off__continuation-early/seed43/ETTm1/h720.pt,2210cc6091a5a724,False,ETTm1,factorial,720,LatentFlow,physics_modal_v4/enhancements/results/factorial/runs/scale-multiscale__bank-off__continuation-early/seed43/ETTm1/h720.json,99ac93938919e20f825a7ed62ba9ef2dbbec084cfae206bf09e266ebf9284e91,43,scale-multiscale__bank-off__continuation-early
/work/11617/sujato_ts/vista/motion_code-master/physics_modal_v4/enhancements/results/factorial/checkpoints/scale-multiscale__bank-off__continuation-early/seed43/ETTm1/h96.pt,885d5887b4ce0bc2,False,ETTm1,factorial,96,LatentFlow,physics_modal_v4/enhancements/results/factorial/runs/scale-multiscale__bank-off__continuation-early/seed43/ETTm1/h96.json,b1814e8f407e36d952dc50a43820bed580505ea9d0ab5804e5f7644464d350df,43,scale-multiscale__bank-off__continuation-early
/work/11617/sujato_ts/vista/motion_code-master/physics_modal_v4/enhancements/results/factorial/checkpoints/scale-multiscale__bank-off__continuation-early/seed43/ETTm2/h192.pt,1d4e5c10bbdd8192,False,ETTm2,factorial,192,LatentFlow,physics_modal_v4/enhancements/results/factorial/runs/scale-multiscale__bank-off__continuation-early/seed43/ETTm2/h192.json,8e3cc641e60498e85e75eb43b934f2dcc1e148df1c00f932b83e87e55cc56167,43,scale-multiscale__bank-off__continuation-early
/work/11617/sujato_ts/vista/motion_code-master/physics_modal_v4/enhancements/results/factorial/checkpoints/scale-multiscale__bank-off__continuation-early/seed43/ETTm2/h336.pt,5016e37d7057e228,False,ETTm2,factorial,336,LatentFlow,physics_modal_v4/enhancements/results/factorial/runs/scale-multiscale__bank-off__continuation-early/seed43/ETTm2/h336.json,3772e20943a492abefd4a50bab527f59e57707079db97bbcb1c2a6d8e7cd9383,43,scale-multiscale__bank-off__continuation-early
/work/11617/sujato_ts/vista/motion_code-master/physics_modal_v4/enhancements/results/factorial/checkpoints/scale-multiscale__bank-off__continuation-early/seed43/ETTm2/h720.pt,a6a9f80984e984cf,False,ETTm2,factorial,720,LatentFlow,physics_modal_v4/enhancements/results/factorial/runs/scale-multiscale__bank-off__continuation-early/seed43/ETTm2/h720.json,290c73de351153bf3b3b79beeb6c0b9d2d515b8262df0aaa2cde29edf5e08111,43,scale-multiscale__bank-off__continuation-early
/work/11617/sujato_ts/vista/motion_code-master/physics_modal_v4/enhancements/results/factorial/checkpoints/scale-multiscale__bank-off__continuation-early/seed43/ETTm2/h96.pt,3ffe7d0ceea04792,False,ETTm2,factorial,96,LatentFlow,physics_modal_v4/enhancements/results/factorial/runs/scale-multiscale__bank-off__continuation-early/seed43/ETTm2/h96.json,59ba1f64fab73b1adbe856df54d2a635836160da963990c441d155265b424df0,43,scale-multiscale__bank-off__continuation-early
/work/11617/sujato_ts/vista/motion_code-master/physics_modal_v4/enhancements/results/factorial/checkpoints/scale-multiscale__bank-off__continuation-early/seed43/Electricity/h192.pt,6c7096f1f7eca986,False,Electricity,factorial,192,LatentFlow,physics_modal_v4/enhancements/results/factorial/runs/scale-multiscale__bank-off__continuation-early/seed43/Electricity/h192.json,21f1592e145cdeb88830a3bab6417462ee2fa02606115892f0182fcd8dd24ec4,43,scale-multiscale__bank-off__continuation-early
/work/11617/sujato_ts/vista/motion_code-master/physics_modal_v4/enhancements/results/factorial/checkpoints/scale-multiscale__bank-off__continuation-early/seed43/Electricity/h336.pt,d1efc48691c56f40,False,Electricity,factorial,336,LatentFlow,physics_modal_v4/enhancements/results/factorial/runs/scale-multiscale__bank-off__continuation-early/seed43/Electricity/h336.json,4e0ced508830f8be8b88ec88f1219693d6799cffef79bbae7aa0e74b9e258d4f,43,scale-multiscale__bank-off__continuation-early
/work/11617/sujato_ts/vista/motion_code-master/physics_modal_v4/enhancements/results/factorial/checkpoints/scale-multiscale__bank-off__continuation-early/seed43/Electricity/h720.pt,017887b59597ea91,False,Electricity,factorial,720,LatentFlow,physics_modal_v4/enhancements/results/factorial/runs/scale-multiscale__bank-off__continuation-early/seed43/Electricity/h720.json,7433502e6b1a011bc55cc784912023e2474b01817d0f401bc09105ae390d4d54,43,scale-multiscale__bank-off__continuation-early
/work/11617/sujato_ts/vista/motion_code-master/physics_modal_v4/enhancements/results/factorial/checkpoints/scale-multiscale__bank-off__continuation-early/seed43/Electricity/h96.pt,8cd40c702349988e,False,Electricity,factorial,96,LatentFlow,physics_modal_v4/enhancements/results/factorial/runs/scale-multiscale__bank-off__continuation-early/seed43/Electricity/h96.json,0bce75d02a68002730bbe96cb453e11eb6f6a906ce5187592116f5ca5cf2cb31,43,scale-multiscale__bank-off__continuation-early
/work/11617/sujato_ts/vista/motion_code-master/physics_modal_v4/enhancements/results/factorial/checkpoints/scale-multiscale__bank-off__continuation-early/seed43/Traffic/h192.pt,7001bc3aa7caa219,False,Traffic,factorial,192,LatentFlow,physics_modal_v4/enhancements/results/factorial/runs/scale-multiscale__bank-off__continuation-early/seed43/Traffic/h192.json,72c5d149ef2bafc8eed7ceb0a6091e421a5eddc707994f20349889d65f313c86,43,scale-multiscale__bank-off__continuation-early
/work/11617/sujato_ts/vista/motion_code-master/physics_modal_v4/enhancements/results/factorial/checkpoints/scale-multiscale__bank-off__continuation-early/seed43/Traffic/h336.pt,d543c9a2689cd2ab,False,Traffic,factorial,336,LatentFlow,physics_modal_v4/enhancements/results/factorial/runs/scale-multiscale__bank-off__continuation-early/seed43/Traffic/h336.json,f2d1f1b01d1d2e0f1d1f7bd3eab6457c6f5d3f1b101cbceaa8ee9a5ccd3d0b65,43,scale-multiscale__bank-off__continuation-early
/work/11617/sujato_ts/vista/motion_code-master/physics_modal_v4/enhancements/results/factorial/checkpoints/scale-multiscale__bank-off__continuation-early/seed43/Traffic/h720.pt,7840a764313670ab,False,Traffic,factorial,720,LatentFlow,physics_modal_v4/enhancements/results/factorial/runs/scale-multiscale__bank-off__continuation-early/seed43/Traffic/h720.json,b7b2c4a33a481776768e77b0009bf5b1ecda4e6a548ea48a7664b344c2500f2b,43,scale-multiscale__bank-off__continuation-early
/work/11617/sujato_ts/vista/motion_code-master/physics_modal_v4/enhancements/results/factorial/checkpoints/scale-multiscale__bank-off__continuation-early/seed43/Traffic/h96.pt,7bb1bb038fa5f193,False,Traffic,factorial,96,LatentFlow,physics_modal_v4/enhancements/results/factorial/runs/scale-multiscale__bank-off__continuation-early/seed43/Traffic/h96.json,9d5a37503d787f60431728c1573a0fe83fd039c60d780d25401592d3249beeca,43,scale-multiscale__bank-off__continuation-early
/work/11617/sujato_ts/vista/motion_code-master/physics_modal_v4/enhancements/results/factorial/checkpoints/scale-multiscale__bank-off__continuation-early/seed43/Weather/h192.pt,04aa8c9dba22b891,False,Weather,factorial,192,LatentFlow,physics_modal_v4/enhancements/results/factorial/runs/scale-multiscale__bank-off__continuation-early/seed43/Weather/h192.json,7f8a62dcee921f6b18c17264b78be7f07ad0d8e5bae1df06c82539b699b560fd,43,scale-multiscale__bank-off__continuation-early
/work/11617/sujato_ts/vista/motion_code-master/physics_modal_v4/enhancements/results/factorial/checkpoints/scale-multiscale__bank-off__continuation-early/seed43/Weather/h336.pt,7d6d141693693926,False,Weather,factorial,336,LatentFlow,physics_modal_v4/enhancements/results/factorial/runs/scale-multiscale__bank-off__continuation-early/seed43/Weather/h336.json,965e32dc309745efb3a78e41b97ae8242c0a02dcf4fc0f35bec1d817ad0dac78,43,scale-multiscale__bank-off__continuation-early
/work/11617/sujato_ts/vista/motion_code-master/physics_modal_v4/enhancements/results/factorial/checkpoints/scale-multiscale__bank-off__continuation-early/seed43/Weather/h720.pt,b0f974a72790aced,False,Weather,factorial,720,LatentFlow,physics_modal_v4/enhancements/results/factorial/runs/scale-multiscale__bank-off__continuation-early/seed43/Weather/h720.json,069c2ca8118755539d2bd4bc36e392ee4b61e12d6bc81e9d55b0d74f5fe9e580,43,scale-multiscale__bank-off__continuation-early
/work/11617/sujato_ts/vista/motion_code-master/physics_modal_v4/enhancements/results/factorial/checkpoints/scale-multiscale__bank-off__continuation-early/seed43/Weather/h96.pt,92bed8d640404f53,False,Weather,factorial,96,LatentFlow,physics_modal_v4/enhancements/results/factorial/runs/scale-multiscale__bank-off__continuation-early/seed43/Weather/h96.json,ed0b03d2592a95b5f15c40b7dc24e1531df4dbcf1dbe71ce0abfda043898a5b3,43,scale-multiscale__bank-off__continuation-early
/work/11617/sujato_ts/vista/motion_code-master/physics_modal_v4/enhancements/results/factorial/checkpoints/scale-multiscale__bank-off__continuation-early/seed44/ETTh1/h192.pt,cc067c73bf21d1e9,False,ETTh1,factorial,192,LatentFlow,physics_modal_v4/enhancements/results/factorial/runs/scale-multiscale__bank-off__continuation-early/seed44/ETTh1/h192.json,59f9646812cbd46e989ef77fb8fa2d32d04f3c28325ba682eddebd712cc3f810,44,scale-multiscale__bank-off__continuation-early
/work/11617/sujato_ts/vista/motion_code-master/physics_modal_v4/enhancements/results/factorial/checkpoints/scale-multiscale__bank-off__continuation-early/seed44/ETTh1/h336.pt,e9071d3963be360d,False,ETTh1,factorial,336,LatentFlow,physics_modal_v4/enhancements/results/factorial/runs/scale-multiscale__bank-off__continuation-early/seed44/ETTh1/h336.json,69449af5b8d8d3e10d3d029e7c77ab1af3385299499bcd905ce14cc224160f6c,44,scale-multiscale__bank-off__continuation-early
/work/11617/sujato_ts/vista/motion_code-master/physics_modal_v4/enhancements/results/factorial/checkpoints/scale-multiscale__bank-off__continuation-early/seed44/ETTh1/h720.pt,66bec7ed39d692d5,False,ETTh1,factorial,720,LatentFlow,physics_modal_v4/enhancements/results/factorial/runs/scale-multiscale__bank-off__continuation-early/seed44/ETTh1/h720.json,79ca75678d86b5cda972a6d8b59ee40a28bd81e1aed7c6432e189fb366fbed07,44,scale-multiscale__bank-off__continuation-early
/work/11617/sujato_ts/vista/motion_code-master/physics_modal_v4/enhancements/results/factorial/checkpoints/scale-multiscale__bank-off__continuation-early/seed44/ETTh1/h96.pt,b69f1b44ef1f7fe0,False,ETTh1,factorial,96,LatentFlow,physics_modal_v4/enhancements/results/factorial/runs/scale-multiscale__bank-off__continuation-early/seed44/ETTh1/h96.json,4b4f08b5555c1043c1892249ad6870522761d9bf92fea2b42db8a814af2290f3,44,scale-multiscale__bank-off__continuation-early
/work/11617/sujato_ts/vista/motion_code-master/physics_modal_v4/enhancements/results/factorial/checkpoints/scale-multiscale__bank-off__continuation-early/seed44/ETTh2/h192.pt,f7fbedfac620e22e,False,ETTh2,factorial,192,LatentFlow,physics_modal_v4/enhancements/results/factorial/runs/scale-multiscale__bank-off__continuation-early/seed44/ETTh2/h192.json,9684e30ab54dba11955d5f370a9eaa61d8366894e1039f431a0da72bb3679df0,44,scale-multiscale__bank-off__continuation-early
/work/11617/sujato_ts/vista/motion_code-master/physics_modal_v4/enhancements/results/factorial/checkpoints/scale-multiscale__bank-off__continuation-early/seed44/ETTh2/h336.pt,4b668d9fe41589ac,False,ETTh2,factorial,336,LatentFlow,physics_modal_v4/enhancements/results/factorial/runs/scale-multiscale__bank-off__continuation-early/seed44/ETTh2/h336.json,56e600a47678bb792074f7e0f1a30d927e9c75934fdae5fc6aba1c14a069e532,44,scale-multiscale__bank-off__continuation-early
/work/11617/sujato_ts/vista/motion_code-master/physics_modal_v4/enhancements/results/factorial/checkpoints/scale-multiscale__bank-off__continuation-early/seed44/ETTh2/h720.pt,9154bcb18969aac8,False,ETTh2,factorial,720,LatentFlow,physics_modal_v4/enhancements/results/factorial/runs/scale-multiscale__bank-off__continuation-early/seed44/ETTh2/h720.json,4595a0adda597be12b36a2acb16c7d7bcc8e992ff883fda16507958b6c89af62,44,scale-multiscale__bank-off__continuation-early
/work/11617/sujato_ts/vista/motion_code-master/physics_modal_v4/enhancements/results/factorial/checkpoints/scale-multiscale__bank-off__continuation-early/seed44/ETTh2/h96.pt,ffab26eae3b5936a,False,ETTh2,factorial,96,LatentFlow,physics_modal_v4/enhancements/results/factorial/runs/scale-multiscale__bank-off__continuation-early/seed44/ETTh2/h96.json,1d638efd208d7d27e29151d681962491a0befb599330e90cb0f8f1cd1b8f5b3d,44,scale-multiscale__bank-off__continuation-early
/work/11617/sujato_ts/vista/motion_code-master/physics_modal_v4/enhancements/results/factorial/checkpoints/scale-multiscale__bank-off__continuation-early/seed44/ETTm1/h192.pt,d6eda817b88869f1,False,ETTm1,factorial,192,LatentFlow,physics_modal_v4/enhancements/results/factorial/runs/scale-multiscale__bank-off__continuation-early/seed44/ETTm1/h192.json,e3ca45364aa93f86ef0904740b9ac541b21f248aa31ae917e085b6c1ab800dcf,44,scale-multiscale__bank-off__continuation-early
/work/11617/sujato_ts/vista/motion_code-master/physics_modal_v4/enhancements/results/factorial/checkpoints/scale-multiscale__bank-off__continuation-early/seed44/ETTm1/h336.pt,fa77ff85709e2cdc,False,ETTm1,factorial,336,LatentFlow,physics_modal_v4/enhancements/results/factorial/runs/scale-multiscale__bank-off__continuation-early/seed44/ETTm1/h336.json,8b31a26e589a42d6c94ef2b6b030c3949d82923d2de5473bbfc99b18f16d5deb,44,scale-multiscale__bank-off__continuation-early
/work/11617/sujato_ts/vista/motion_code-master/physics_modal_v4/enhancements/results/factorial/checkpoints/scale-multiscale__bank-off__continuation-early/seed44/ETTm1/h720.pt,bc4da22899cc9a77,False,ETTm1,factorial,720,LatentFlow,physics_modal_v4/enhancements/results/factorial/runs/scale-multiscale__bank-off__continuation-early/seed44/ETTm1/h720.json,bf7ccbc7b5c29fb2be87325b9f7bcfcee6cfd28ee661c043dcd8d15d61954b3a,44,scale-multiscale__bank-off__continuation-early
/work/11617/sujato_ts/vista/motion_code-master/physics_modal_v4/enhancements/results/factorial/checkpoints/scale-multiscale__bank-off__continuation-early/seed44/ETTm1/h96.pt,edcb387ed652b5fa,False,ETTm1,factorial,96,LatentFlow,physics_modal_v4/enhancements/results/factorial/runs/scale-multiscale__bank-off__continuation-early/seed44/ETTm1/h96.json,b15ac0472527823f742ea10c26426e6870826a589ae1f08c2cc7288cbe5dcd3e,44,scale-multiscale__bank-off__continuation-early
/work/11617/sujato_ts/vista/motion_code-master/physics_modal_v4/enhancements/results/factorial/checkpoints/scale-multiscale__bank-off__continuation-early/seed44/ETTm2/h192.pt,0fbd254426e99d70,False,ETTm2,factorial,192,LatentFlow,physics_modal_v4/enhancements/results/factorial/runs/scale-multiscale__bank-off__continuation-early/seed44/ETTm2/h192.json,37cf448171eb0e7df787c4f0faa5c793b23ee82998fa89bfa18c82924ce7e787,44,scale-multiscale__bank-off__continuation-early
/work/11617/sujato_ts/vista/motion_code-master/physics_modal_v4/enhancements/results/factorial/checkpoints/scale-multiscale__bank-off__continuation-early/seed44/ETTm2/h336.pt,fe2eedd22813d0ae,False,ETTm2,factorial,336,LatentFlow,physics_modal_v4/enhancements/results/factorial/runs/scale-multiscale__bank-off__continuation-early/seed44/ETTm2/h336.json,43d13b14e8c63cf661662487ecb853a5787bebe01746c26519a145c365441790,44,scale-multiscale__bank-off__continuation-early
/work/11617/sujato_ts/vista/motion_code-master/physics_modal_v4/enhancements/results/factorial/checkpoints/scale-multiscale__bank-off__continuation-early/seed44/ETTm2/h720.pt,0235c031b61bb78c,False,ETTm2,factorial,720,LatentFlow,physics_modal_v4/enhancements/results/factorial/runs/scale-multiscale__bank-off__continuation-early/seed44/ETTm2/h720.json,c6b2a77baa5db8fd4bb126c164eef7ffe7e7cdb3bcc3b36eccb445b2a9f0413f,44,scale-multiscale__bank-off__continuation-early
/work/11617/sujato_ts/vista/motion_code-master/physics_modal_v4/enhancements/results/factorial/checkpoints/scale-multiscale__bank-off__continuation-early/seed44/ETTm2/h96.pt,11a328ef04790cba,False,ETTm2,factorial,96,LatentFlow,physics_modal_v4/enhancements/results/factorial/runs/scale-multiscale__bank-off__continuation-early/seed44/ETTm2/h96.json,4f384478e5bb785cf32bc3f76ee31fc17848c4d495883a4df4136e10ee18050d,44,scale-multiscale__bank-off__continuation-early
/work/11617/sujato_ts/vista/motion_code-master/physics_modal_v4/enhancements/results/factorial/checkpoints/scale-multiscale__bank-off__continuation-early/seed44/Electricity/h192.pt,c80afd48fd153df0,False,Electricity,factorial,192,LatentFlow,physics_modal_v4/enhancements/results/factorial/runs/scale-multiscale__bank-off__continuation-early/seed44/Electricity/h192.json,1ab00daf87cc22438b863c509dba17472d3423300db413a0f32cb69a3cf5f570,44,scale-multiscale__bank-off__continuation-early
/work/11617/sujato_ts/vista/motion_code-master/physics_modal_v4/enhancements/results/factorial/checkpoints/scale-multiscale__bank-off__continuation-early/seed44/Electricity/h336.pt,34391bd800b6573d,False,Electricity,factorial,336,LatentFlow,physics_modal_v4/enhancements/results/factorial/runs/scale-multiscale__bank-off__continuation-early/seed44/Electricity/h336.json,7711fabc51d3daae4e9fec66293d8c0dc3cb5efe9ef5fdfe36415f546e1f3d4b,44,scale-multiscale__bank-off__continuation-early
/work/11617/sujato_ts/vista/motion_code-master/physics_modal_v4/enhancements/results/factorial/checkpoints/scale-multiscale__bank-off__continuation-early/seed44/Electricity/h720.pt,1540817286ae649f,False,Electricity,factorial,720,LatentFlow,physics_modal_v4/enhancements/results/factorial/runs/scale-multiscale__bank-off__continuation-early/seed44/Electricity/h720.json,8b587dd502ca3bd169937d4057801d0a5dd4cdc1c9afe7050d3fa068c7f3cf99,44,scale-multiscale__bank-off__continuation-early
/work/11617/sujato_ts/vista/motion_code-master/physics_modal_v4/enhancements/results/factorial/checkpoints/scale-multiscale__bank-off__continuation-early/seed44/Electricity/h96.pt,72c36f0be16ce4ce,False,Electricity,factorial,96,LatentFlow,physics_modal_v4/enhancements/results/factorial/runs/scale-multiscale__bank-off__continuation-early/seed44/Electricity/h96.json,0cb542afc2befde5d6e74a9a383566ed7f971728e2cbe8e1df9e250682fbb374,44,scale-multiscale__bank-off__continuation-early
/work/11617/sujato_ts/vista/motion_code-master/physics_modal_v4/enhancements/results/factorial/checkpoints/scale-multiscale__bank-off__continuation-early/seed44/Traffic/h192.pt,5cb52d0b776cfa5f,False,Traffic,factorial,192,LatentFlow,physics_modal_v4/enhancements/results/factorial/runs/scale-multiscale__bank-off__continuation-early/seed44/Traffic/h192.json,c52440dd2f0ac3e0681289f90e2799bdd61694ba32beaa047aa816fe46f77623,44,scale-multiscale__bank-off__continuation-early
/work/11617/sujato_ts/vista/motion_code-master/physics_modal_v4/enhancements/results/factorial/checkpoints/scale-multiscale__bank-off__continuation-early/seed44/Traffic/h336.pt,c9c16c055cb69ed0,False,Traffic,factorial,336,LatentFlow,physics_modal_v4/enhancements/results/factorial/runs/scale-multiscale__bank-off__continuation-early/seed44/Traffic/h336.json,fc97d5c93b1be18c73dd71f25fbc8035b28980ed05accd7afa839fe76f054198,44,scale-multiscale__bank-off__continuation-early
/work/11617/sujato_ts/vista/motion_code-master/physics_modal_v4/enhancements/results/factorial/checkpoints/scale-multiscale__bank-off__continuation-early/seed44/Traffic/h720.pt,dbfbd1ed6b38bcb0,False,Traffic,factorial,720,LatentFlow,physics_modal_v4/enhancements/results/factorial/runs/scale-multiscale__bank-off__continuation-early/seed44/Traffic/h720.json,427b8f54510afc0da2d9e307b2c5e273d84f238fb861e2c62918cf7c5e49c629,44,scale-multiscale__bank-off__continuation-early
/work/11617/sujato_ts/vista/motion_code-master/physics_modal_v4/enhancements/results/factorial/checkpoints/scale-multiscale__bank-off__continuation-early/seed44/Traffic/h96.pt,3e5ecae0a6c9f64a,False,Traffic,factorial,96,LatentFlow,physics_modal_v4/enhancements/results/factorial/runs/scale-multiscale__bank-off__continuation-early/seed44/Traffic/h96.json,3c6f2ae71c92c57e2771d4f5b860e7c3f797b1a2204a8b963b9c7316af8102a4,44,scale-multiscale__bank-off__continuation-early
/work/11617/sujato_ts/vista/motion_code-master/physics_modal_v4/enhancements/results/factorial/checkpoints/scale-multiscale__bank-off__continuation-early/seed44/Weather/h192.pt,01cf68e15875d121,False,Weather,factorial,192,LatentFlow,physics_modal_v4/enhancements/results/factorial/runs/scale-multiscale__bank-off__continuation-early/seed44/Weather/h192.json,5d2f398671e94f8fde8ceb10b2162a440478692cb6bfb81a04b6fcd987b9a0ed,44,scale-multiscale__bank-off__continuation-early
/work/11617/sujato_ts/vista/motion_code-master/physics_modal_v4/enhancements/results/factorial/checkpoints/scale-multiscale__bank-off__continuation-early/seed44/Weather/h336.pt,c8034b9ca67c4e9b,False,Weather,factorial,336,LatentFlow,physics_modal_v4/enhancements/results/factorial/runs/scale-multiscale__bank-off__continuation-early/seed44/Weather/h336.json,4652fd6d9c55b77c679f5a46f8bb8fedce6792fe1e2c10aec8c6a9050957a990,44,scale-multiscale__bank-off__continuation-early
/work/11617/sujato_ts/vista/motion_code-master/physics_modal_v4/enhancements/results/factorial/checkpoints/scale-multiscale__bank-off__continuation-early/seed44/Weather/h720.pt,11b0e412369450e5,False,Weather,factorial,720,LatentFlow,physics_modal_v4/enhancements/results/factorial/runs/scale-multiscale__bank-off__continuation-early/seed44/Weather/h720.json,8a85fc1a1a648eec9b58650e56b0ac4e6611a061cda6ea5bc699058f07178442,44,scale-multiscale__bank-off__continuation-early
/work/11617/sujato_ts/vista/motion_code-master/physics_modal_v4/enhancements/results/factorial/checkpoints/scale-multiscale__bank-off__continuation-early/seed44/Weather/h96.pt,5f7c5eee7abccbbf,False,Weather,factorial,96,LatentFlow,physics_modal_v4/enhancements/results/factorial/runs/scale-multiscale__bank-off__continuation-early/seed44/Weather/h96.json,20ebd1fb1ea1acdb8ce79ac1e15449988508bfdb3a09302b274933acec5b01c8,44,scale-multiscale__bank-off__continuation-early
/work/11617/sujato_ts/vista/motion_code-master/physics_modal_v4/enhancements/results/central/checkpoints/no_linear_bank/seed42/ETTh1/h192.pt,86538caf04d45b88,False,ETTh1,factorial,192,LatentFlow,physics_modal_v4/enhancements/results/factorial/runs/scale-multiscale__bank-off__continuation-preserved/seed42/ETTh1/h192.json,c5542d2642c2c372132c40306ecb92d261d53679e13638cd5ab72ca11e97cf94,42,scale-multiscale__bank-off__continuation-preserved
/work/11617/sujato_ts/vista/motion_code-master/physics_modal_v4/enhancements/results/central/checkpoints/no_linear_bank/seed42/ETTh1/h336.pt,fcbfcf49bc256b0a,False,ETTh1,factorial,336,LatentFlow,physics_modal_v4/enhancements/results/factorial/runs/scale-multiscale__bank-off__continuation-preserved/seed42/ETTh1/h336.json,649d0bb9ffdf727f051af254db38aaf2f67880d6339e2c32b0481db2c62a9227,42,scale-multiscale__bank-off__continuation-preserved
/work/11617/sujato_ts/vista/motion_code-master/physics_modal_v4/enhancements/results/central/checkpoints/no_linear_bank/seed42/ETTh1/h720.pt,7dbaac77b0cc00eb,False,ETTh1,factorial,720,LatentFlow,physics_modal_v4/enhancements/results/factorial/runs/scale-multiscale__bank-off__continuation-preserved/seed42/ETTh1/h720.json,26a3e0b78e3b7b42046170a852ffe2116d40031d262b187343d032f702b03ca1,42,scale-multiscale__bank-off__continuation-preserved
/work/11617/sujato_ts/vista/motion_code-master/physics_modal_v4/enhancements/results/central/checkpoints/no_linear_bank/seed42/ETTh1/h96.pt,c8747d8e763e2bf7,False,ETTh1,factorial,96,LatentFlow,physics_modal_v4/enhancements/results/factorial/runs/scale-multiscale__bank-off__continuation-preserved/seed42/ETTh1/h96.json,59fef268a39aa2a698b44ee2bd5ceeba102f332e3c9c3588609279a5db851fa7,42,scale-multiscale__bank-off__continuation-preserved
/work/11617/sujato_ts/vista/motion_code-master/physics_modal_v4/enhancements/results/central/checkpoints/no_linear_bank/seed42/ETTh2/h192.pt,b629044c657328d7,False,ETTh2,factorial,192,LatentFlow,physics_modal_v4/enhancements/results/factorial/runs/scale-multiscale__bank-off__continuation-preserved/seed42/ETTh2/h192.json,a2c2b76d127da73fc2bd1c5ae9a270da968987d81d2bc7d5dec16191f60817fe,42,scale-multiscale__bank-off__continuation-preserved
/work/11617/sujato_ts/vista/motion_code-master/physics_modal_v4/enhancements/results/central/checkpoints/no_linear_bank/seed42/ETTh2/h336.pt,a8c319cbbec082f3,False,ETTh2,factorial,336,LatentFlow,physics_modal_v4/enhancements/results/factorial/runs/scale-multiscale__bank-off__continuation-preserved/seed42/ETTh2/h336.json,39f1d5f1fb44685ab1c0b52840200d7131047f87468471be024c890d6d82aed3,42,scale-multiscale__bank-off__continuation-preserved
/work/11617/sujato_ts/vista/motion_code-master/physics_modal_v4/enhancements/results/central/checkpoints/no_linear_bank/seed42/ETTh2/h720.pt,1b72a81bb8d97055,False,ETTh2,factorial,720,LatentFlow,physics_modal_v4/enhancements/results/factorial/runs/scale-multiscale__bank-off__continuation-preserved/seed42/ETTh2/h720.json,d429869867f00163895aef628f38b3a562bec5b2dee7a7e5479a6c0966a16890,42,scale-multiscale__bank-off__continuation-preserved
/work/11617/sujato_ts/vista/motion_code-master/physics_modal_v4/enhancements/results/central/checkpoints/no_linear_bank/seed42/ETTh2/h96.pt,1446cb6c3327930f,False,ETTh2,factorial,96,LatentFlow,physics_modal_v4/enhancements/results/factorial/runs/scale-multiscale__bank-off__continuation-preserved/seed42/ETTh2/h96.json,e55878a71168ecfe72ebb988cdbb5774f1437798f39eff066f03281918ed0d00,42,scale-multiscale__bank-off__continuation-preserved
/work/11617/sujato_ts/vista/motion_code-master/physics_modal_v4/enhancements/results/central/checkpoints/no_linear_bank/seed42/ETTm1/h192.pt,323731971fb66827,False,ETTm1,factorial,192,LatentFlow,physics_modal_v4/enhancements/results/factorial/runs/scale-multiscale__bank-off__continuation-preserved/seed42/ETTm1/h192.json,8d83137c32f1cc96fbede0e997c5544e39922d7c8cf678708f51bcc74ff17ea9,42,scale-multiscale__bank-off__continuation-preserved
/work/11617/sujato_ts/vista/motion_code-master/physics_modal_v4/enhancements/results/central/checkpoints/no_linear_bank/seed42/ETTm1/h336.pt,1d7585fdd3e520ef,False,ETTm1,factorial,336,LatentFlow,physics_modal_v4/enhancements/results/factorial/runs/scale-multiscale__bank-off__continuation-preserved/seed42/ETTm1/h336.json,6a65255169e8bccefd0eaf64ca81d8d9e1faaacd576abb3468ece8e8b93a4bb8,42,scale-multiscale__bank-off__continuation-preserved
/work/11617/sujato_ts/vista/motion_code-master/physics_modal_v4/enhancements/results/central/checkpoints/no_linear_bank/seed42/ETTm1/h720.pt,b93a926a9426c08c,False,ETTm1,factorial,720,LatentFlow,physics_modal_v4/enhancements/results/factorial/runs/scale-multiscale__bank-off__continuation-preserved/seed42/ETTm1/h720.json,b2d92402b4b38a71182eaef5f5a4aa32f625c8f83f4c8251bc5214799f8ea51b,42,scale-multiscale__bank-off__continuation-preserved
/work/11617/sujato_ts/vista/motion_code-master/physics_modal_v4/enhancements/results/central/checkpoints/no_linear_bank/seed42/ETTm1/h96.pt,c4f808147cdadd66,False,ETTm1,factorial,96,LatentFlow,physics_modal_v4/enhancements/results/factorial/runs/scale-multiscale__bank-off__continuation-preserved/seed42/ETTm1/h96.json,fa9e1dca46f9549d5ce9cd6bf2113240fba8b8f3f0111aa89d12c85d0dd57e26,42,scale-multiscale__bank-off__continuation-preserved
/work/11617/sujato_ts/vista/motion_code-master/physics_modal_v4/enhancements/results/central/checkpoints/no_linear_bank/seed42/ETTm2/h192.pt,b14a9bc1b64edfe9,False,ETTm2,factorial,192,LatentFlow,physics_modal_v4/enhancements/results/factorial/runs/scale-multiscale__bank-off__continuation-preserved/seed42/ETTm2/h192.json,2a333d296b79db3b048b238bbc5381d66ac8ee7b6efc37643457a19b7b8ad10a,42,scale-multiscale__bank-off__continuation-preserved
/work/11617/sujato_ts/vista/motion_code-master/physics_modal_v4/enhancements/results/central/checkpoints/no_linear_bank/seed42/ETTm2/h336.pt,55bfe25314cdb45d,False,ETTm2,factorial,336,LatentFlow,physics_modal_v4/enhancements/results/factorial/runs/scale-multiscale__bank-off__continuation-preserved/seed42/ETTm2/h336.json,2ed12f27f44e97592e7152ccc450af74f5f16ec1209a5c96f5de9311b85da73d,42,scale-multiscale__bank-off__continuation-preserved
/work/11617/sujato_ts/vista/motion_code-master/physics_modal_v4/enhancements/results/central/checkpoints/no_linear_bank/seed42/ETTm2/h720.pt,cb38ebb4e0d30380,False,ETTm2,factorial,720,LatentFlow,physics_modal_v4/enhancements/results/factorial/runs/scale-multiscale__bank-off__continuation-preserved/seed42/ETTm2/h720.json,c97e9be77579abd50db03d7b439e10528d86d439d99726a4a308c8142447505c,42,scale-multiscale__bank-off__continuation-preserved
/work/11617/sujato_ts/vista/motion_code-master/physics_modal_v4/enhancements/results/central/checkpoints/no_linear_bank/seed42/ETTm2/h96.pt,d5e887269e5d90ef,False,ETTm2,factorial,96,LatentFlow,physics_modal_v4/enhancements/results/factorial/runs/scale-multiscale__bank-off__continuation-preserved/seed42/ETTm2/h96.json,69dc98fd5240eeceb8124dd7cf4be3ffe5e7c213ea238ab3995f4d18eb901461,42,scale-multiscale__bank-off__continuation-preserved
/work/11617/sujato_ts/vista/motion_code-master/physics_modal_v4/enhancements/results/central/checkpoints/no_linear_bank/seed42/Electricity/h192.pt,99e98ce5407c2a46,False,Electricity,factorial,192,LatentFlow,physics_modal_v4/enhancements/results/factorial/runs/scale-multiscale__bank-off__continuation-preserved/seed42/Electricity/h192.json,aa930c8c134eb6ed73167fe11cf90b439272b72013ed96fc4bed295f9c56177a,42,scale-multiscale__bank-off__continuation-preserved
/work/11617/sujato_ts/vista/motion_code-master/physics_modal_v4/enhancements/results/central/checkpoints/no_linear_bank/seed42/Electricity/h336.pt,5476219beeb695fa,False,Electricity,factorial,336,LatentFlow,physics_modal_v4/enhancements/results/factorial/runs/scale-multiscale__bank-off__continuation-preserved/seed42/Electricity/h336.json,266c9d41e97181904ac91aea2f2507f1e418e9e4f1720c70ed0d61372c45da1d,42,scale-multiscale__bank-off__continuation-preserved
/work/11617/sujato_ts/vista/motion_code-master/physics_modal_v4/enhancements/results/central/checkpoints/no_linear_bank/seed42/Electricity/h720.pt,8b24f24c6762dce4,False,Electricity,factorial,720,LatentFlow,physics_modal_v4/enhancements/results/factorial/runs/scale-multiscale__bank-off__continuation-preserved/seed42/Electricity/h720.json,3ae188dc2652195674c6082e8d7feb2892331aa00055579e182518dcf0c8dcdd,42,scale-multiscale__bank-off__continuation-preserved
/work/11617/sujato_ts/vista/motion_code-master/physics_modal_v4/enhancements/results/central/checkpoints/no_linear_bank/seed42/Electricity/h96.pt,ce5f9d9b3a45c2b3,False,Electricity,factorial,96,LatentFlow,physics_modal_v4/enhancements/results/factorial/runs/scale-multiscale__bank-off__continuation-preserved/seed42/Electricity/h96.json,fcf06f228e4e5512fd3aa58d86945a38796986afcf166ef916c9aeca1d09a567,42,scale-multiscale__bank-off__continuation-preserved
/work/11617/sujato_ts/vista/motion_code-master/physics_modal_v4/enhancements/results/central/checkpoints/no_linear_bank/seed42/Traffic/h192.pt,057a11836639a0bd,False,Traffic,factorial,192,LatentFlow,physics_modal_v4/enhancements/results/factorial/runs/scale-multiscale__bank-off__continuation-preserved/seed42/Traffic/h192.json,77cfb528c8232b04a1e2e5bf6261b79f7f9eddb0c53ef41930e0f308693008fe,42,scale-multiscale__bank-off__continuation-preserved
/work/11617/sujato_ts/vista/motion_code-master/physics_modal_v4/enhancements/results/central/checkpoints/no_linear_bank/seed42/Traffic/h336.pt,6329ed861fc22577,False,Traffic,factorial,336,LatentFlow,physics_modal_v4/enhancements/results/factorial/runs/scale-multiscale__bank-off__continuation-preserved/seed42/Traffic/h336.json,ca1cdf1e45754c4268341b31ec78c00896dcb116e5aec811017236d402ab82d1,42,scale-multiscale__bank-off__continuation-preserved
/work/11617/sujato_ts/vista/motion_code-master/physics_modal_v4/enhancements/results/central/checkpoints/no_linear_bank/seed42/Traffic/h720.pt,d0ce3909e4c42240,False,Traffic,factorial,720,LatentFlow,physics_modal_v4/enhancements/results/factorial/runs/scale-multiscale__bank-off__continuation-preserved/seed42/Traffic/h720.json,c8d8245cbb2bd5657f13c7024ca2114f074e962f4521c0128d37830675bd28cd,42,scale-multiscale__bank-off__continuation-preserved
/work/11617/sujato_ts/vista/motion_code-master/physics_modal_v4/enhancements/results/central/checkpoints/no_linear_bank/seed42/Traffic/h96.pt,6552226b73e6f51e,False,Traffic,factorial,96,LatentFlow,physics_modal_v4/enhancements/results/factorial/runs/scale-multiscale__bank-off__continuation-preserved/seed42/Traffic/h96.json,d17abd266da4cae51b035c4ad9f98af55ea6569d1c1c505ec1e7d2980018965e,42,scale-multiscale__bank-off__continuation-preserved
/work/11617/sujato_ts/vista/motion_code-master/physics_modal_v4/enhancements/results/central/checkpoints/no_linear_bank/seed42/Weather/h192.pt,076e9acbc858d679,False,Weather,factorial,192,LatentFlow,physics_modal_v4/enhancements/results/factorial/runs/scale-multiscale__bank-off__continuation-preserved/seed42/Weather/h192.json,6384e24090b03314db3557f0e00f657881a8b3c3d4cbbe8bb3a304749a4dc874,42,scale-multiscale__bank-off__continuation-preserved
/work/11617/sujato_ts/vista/motion_code-master/physics_modal_v4/enhancements/results/central/checkpoints/no_linear_bank/seed42/Weather/h336.pt,a817a7f5ea1bb96f,False,Weather,factorial,336,LatentFlow,physics_modal_v4/enhancements/results/factorial/runs/scale-multiscale__bank-off__continuation-preserved/seed42/Weather/h336.json,d7f23e93a14fbdcd19a56375ac843fb5219a741e87e41df0dc9ef101243fe6d5,42,scale-multiscale__bank-off__continuation-preserved
/work/11617/sujato_ts/vista/motion_code-master/physics_modal_v4/enhancements/results/central/checkpoints/no_linear_bank/seed42/Weather/h720.pt,f06fa45a1042f177,False,Weather,factorial,720,LatentFlow,physics_modal_v4/enhancements/results/factorial/runs/scale-multiscale__bank-off__continuation-preserved/seed42/Weather/h720.json,120a8d955c3daf45d1ea31e55a5da4de3c455001591888e7ed9452126d0ac07e,42,scale-multiscale__bank-off__continuation-preserved
/work/11617/sujato_ts/vista/motion_code-master/physics_modal_v4/enhancements/results/central/checkpoints/no_linear_bank/seed42/Weather/h96.pt,1ee29f6e1c09bc06,False,Weather,factorial,96,LatentFlow,physics_modal_v4/enhancements/results/factorial/runs/scale-multiscale__bank-off__continuation-preserved/seed42/Weather/h96.json,0d95f04c0f3e24678c1e15247eddf5d834b2537cb29cfa52139300d325633caa,42,scale-multiscale__bank-off__continuation-preserved
/work/11617/sujato_ts/vista/motion_code-master/physics_modal_v4/enhancements/results/central/checkpoints/no_linear_bank/seed43/ETTh1/h192.pt,52f3345a43483026,False,ETTh1,factorial,192,LatentFlow,physics_modal_v4/enhancements/results/factorial/runs/scale-multiscale__bank-off__continuation-preserved/seed43/ETTh1/h192.json,7a2b825153036e32b6130d4d695aa85d315a861a8d10e044a5c8c33f339f0bfc,43,scale-multiscale__bank-off__continuation-preserved
/work/11617/sujato_ts/vista/motion_code-master/physics_modal_v4/enhancements/results/central/checkpoints/no_linear_bank/seed43/ETTh1/h336.pt,8e3339cb53bdfc1c,False,ETTh1,factorial,336,LatentFlow,physics_modal_v4/enhancements/results/factorial/runs/scale-multiscale__bank-off__continuation-preserved/seed43/ETTh1/h336.json,d9a60f590c633ffb5975f9a5311b7312cd7a33e0611f375c2bea692bf6b3c040,43,scale-multiscale__bank-off__continuation-preserved
/work/11617/sujato_ts/vista/motion_code-master/physics_modal_v4/enhancements/results/central/checkpoints/no_linear_bank/seed43/ETTh1/h720.pt,1f878f8e24a60a62,False,ETTh1,factorial,720,LatentFlow,physics_modal_v4/enhancements/results/factorial/runs/scale-multiscale__bank-off__continuation-preserved/seed43/ETTh1/h720.json,9fc60065d29dd5a97ef2e0afc84a2b663f81f55e0324014411272864eb11d731,43,scale-multiscale__bank-off__continuation-preserved
/work/11617/sujato_ts/vista/motion_code-master/physics_modal_v4/enhancements/results/central/checkpoints/no_linear_bank/seed43/ETTh1/h96.pt,641752a034910b2f,False,ETTh1,factorial,96,LatentFlow,physics_modal_v4/enhancements/results/factorial/runs/scale-multiscale__bank-off__continuation-preserved/seed43/ETTh1/h96.json,586f21cdb6ca35d2ee84a1fdd1bb6b77fc4f242f1c02058019b597bb3860cc9a,43,scale-multiscale__bank-off__continuation-preserved
/work/11617/sujato_ts/vista/motion_code-master/physics_modal_v4/enhancements/results/central/checkpoints/no_linear_bank/seed43/ETTh2/h192.pt,c98e6314f44a49ec,False,ETTh2,factorial,192,LatentFlow,physics_modal_v4/enhancements/results/factorial/runs/scale-multiscale__bank-off__continuation-preserved/seed43/ETTh2/h192.json,58d4acc5501adbd85e571b18d5d99707e2efca5a016bd085e536a0e46931316e,43,scale-multiscale__bank-off__continuation-preserved
/work/11617/sujato_ts/vista/motion_code-master/physics_modal_v4/enhancements/results/central/checkpoints/no_linear_bank/seed43/ETTh2/h336.pt,61e5f8c3645a2578,False,ETTh2,factorial,336,LatentFlow,physics_modal_v4/enhancements/results/factorial/runs/scale-multiscale__bank-off__continuation-preserved/seed43/ETTh2/h336.json,e55bea6594e12be0170784f55b98d510d3ee5542c65f67f26187f7dbe9ea0f56,43,scale-multiscale__bank-off__continuation-preserved
/work/11617/sujato_ts/vista/motion_code-master/physics_modal_v4/enhancements/results/central/checkpoints/no_linear_bank/seed43/ETTh2/h720.pt,2f1258c988e3b28f,False,ETTh2,factorial,720,LatentFlow,physics_modal_v4/enhancements/results/factorial/runs/scale-multiscale__bank-off__continuation-preserved/seed43/ETTh2/h720.json,e610a1221cdf11a608712eec2437f4f89c1249dd248baf1508800a51dcf87e00,43,scale-multiscale__bank-off__continuation-preserved
/work/11617/sujato_ts/vista/motion_code-master/physics_modal_v4/enhancements/results/central/checkpoints/no_linear_bank/seed43/ETTh2/h96.pt,af31c212dbb76702,False,ETTh2,factorial,96,LatentFlow,physics_modal_v4/enhancements/results/factorial/runs/scale-multiscale__bank-off__continuation-preserved/seed43/ETTh2/h96.json,90b0d3ac330c0c1a355f6b485edd82bd320bf2c57647ae4d3c22ffc7e08c4a6e,43,scale-multiscale__bank-off__continuation-preserved
/work/11617/sujato_ts/vista/motion_code-master/physics_modal_v4/enhancements/results/central/checkpoints/no_linear_bank/seed43/ETTm1/h192.pt,51efd7608cd7a65a,False,ETTm1,factorial,192,LatentFlow,physics_modal_v4/enhancements/results/factorial/runs/scale-multiscale__bank-off__continuation-preserved/seed43/ETTm1/h192.json,a5963a3b7ca58d045f8642610e4821d0b17a8c8e8c514fe370bee313c9d28b18,43,scale-multiscale__bank-off__continuation-preserved
/work/11617/sujato_ts/vista/motion_code-master/physics_modal_v4/enhancements/results/central/checkpoints/no_linear_bank/seed43/ETTm1/h336.pt,f193f7980998ca4f,False,ETTm1,factorial,336,LatentFlow,physics_modal_v4/enhancements/results/factorial/runs/scale-multiscale__bank-off__continuation-preserved/seed43/ETTm1/h336.json,b3ef9094329e51a1c4ada064137b5789d18c8fbacfb355deaafacb7565ff0763,43,scale-multiscale__bank-off__continuation-preserved
/work/11617/sujato_ts/vista/motion_code-master/physics_modal_v4/enhancements/results/central/checkpoints/no_linear_bank/seed43/ETTm1/h720.pt,2210cc6091a5a724,False,ETTm1,factorial,720,LatentFlow,physics_modal_v4/enhancements/results/factorial/runs/scale-multiscale__bank-off__continuation-preserved/seed43/ETTm1/h720.json,392353a124a7c2244b3b30532f9d5cc4f0eed1cca58f84f304ae751284552666,43,scale-multiscale__bank-off__continuation-preserved
/work/11617/sujato_ts/vista/motion_code-master/physics_modal_v4/enhancements/results/central/checkpoints/no_linear_bank/seed43/ETTm1/h96.pt,885d5887b4ce0bc2,False,ETTm1,factorial,96,LatentFlow,physics_modal_v4/enhancements/results/factorial/runs/scale-multiscale__bank-off__continuation-preserved/seed43/ETTm1/h96.json,fe5cee9be895e790dca24ffaf61742469f0ffece6f431106eeceef20d1ae53a5,43,scale-multiscale__bank-off__continuation-preserved
/work/11617/sujato_ts/vista/motion_code-master/physics_modal_v4/enhancements/results/central/checkpoints/no_linear_bank/seed43/ETTm2/h192.pt,1d4e5c10bbdd8192,False,ETTm2,factorial,192,LatentFlow,physics_modal_v4/enhancements/results/factorial/runs/scale-multiscale__bank-off__continuation-preserved/seed43/ETTm2/h192.json,319be46a2029f31158b8a2a27d40619cf8f584fdc3376e1f15e3561a8d6a5098,43,scale-multiscale__bank-off__continuation-preserved
/work/11617/sujato_ts/vista/motion_code-master/physics_modal_v4/enhancements/results/central/checkpoints/no_linear_bank/seed43/ETTm2/h336.pt,5016e37d7057e228,False,ETTm2,factorial,336,LatentFlow,physics_modal_v4/enhancements/results/factorial/runs/scale-multiscale__bank-off__continuation-preserved/seed43/ETTm2/h336.json,578669c8dbc1c67f602ac1f85607482fe9ea9e050c92bffe3a46882d62da7ab5,43,scale-multiscale__bank-off__continuation-preserved
/work/11617/sujato_ts/vista/motion_code-master/physics_modal_v4/enhancements/results/central/checkpoints/no_linear_bank/seed43/ETTm2/h720.pt,a6a9f80984e984cf,False,ETTm2,factorial,720,LatentFlow,physics_modal_v4/enhancements/results/factorial/runs/scale-multiscale__bank-off__continuation-preserved/seed43/ETTm2/h720.json,97461c3fff52f0f2443ebebece9c2f3a7902b376664278e5897592da2f752934,43,scale-multiscale__bank-off__continuation-preserved
/work/11617/sujato_ts/vista/motion_code-master/physics_modal_v4/enhancements/results/central/checkpoints/no_linear_bank/seed43/ETTm2/h96.pt,3ffe7d0ceea04792,False,ETTm2,factorial,96,LatentFlow,physics_modal_v4/enhancements/results/factorial/runs/scale-multiscale__bank-off__continuation-preserved/seed43/ETTm2/h96.json,91c3fa4a88eb61faebc7b24d7436b2a413b3c84ea2696b394a0f4144407557ec,43,scale-multiscale__bank-off__continuation-preserved
/work/11617/sujato_ts/vista/motion_code-master/physics_modal_v4/enhancements/results/central/checkpoints/no_linear_bank/seed43/Electricity/h192.pt,6c7096f1f7eca986,False,Electricity,factorial,192,LatentFlow,physics_modal_v4/enhancements/results/factorial/runs/scale-multiscale__bank-off__continuation-preserved/seed43/Electricity/h192.json,949d95f2c5249d28727e6df3a4de79e2aa18a269d13044ae4063eba1f90c9bfc,43,scale-multiscale__bank-off__continuation-preserved
/work/11617/sujato_ts/vista/motion_code-master/physics_modal_v4/enhancements/results/central/checkpoints/no_linear_bank/seed43/Electricity/h336.pt,d1efc48691c56f40,False,Electricity,factorial,336,LatentFlow,physics_modal_v4/enhancements/results/factorial/runs/scale-multiscale__bank-off__continuation-preserved/seed43/Electricity/h336.json,1d3909877d46984b1fe1e14f1611d984fc7d055656ed3f5af20116464ed81fdf,43,scale-multiscale__bank-off__continuation-preserved
/work/11617/sujato_ts/vista/motion_code-master/physics_modal_v4/enhancements/results/central/checkpoints/no_linear_bank/seed43/Electricity/h720.pt,017887b59597ea91,False,Electricity,factorial,720,LatentFlow,physics_modal_v4/enhancements/results/factorial/runs/scale-multiscale__bank-off__continuation-preserved/seed43/Electricity/h720.json,4bf84c7e286230e40627bb3c921c13e00fb419de250269b7463ee3b253d1e27f,43,scale-multiscale__bank-off__continuation-preserved
/work/11617/sujato_ts/vista/motion_code-master/physics_modal_v4/enhancements/results/central/checkpoints/no_linear_bank/seed43/Electricity/h96.pt,8cd40c702349988e,False,Electricity,factorial,96,LatentFlow,physics_modal_v4/enhancements/results/factorial/runs/scale-multiscale__bank-off__continuation-preserved/seed43/Electricity/h96.json,88910f87064b0d373d8346a54a7c3d22016e983adc0a46e7ed40716ced16a639,43,scale-multiscale__bank-off__continuation-preserved
/work/11617/sujato_ts/vista/motion_code-master/physics_modal_v4/enhancements/results/central/checkpoints/no_linear_bank/seed43/Traffic/h192.pt,7001bc3aa7caa219,False,Traffic,factorial,192,LatentFlow,physics_modal_v4/enhancements/results/factorial/runs/scale-multiscale__bank-off__continuation-preserved/seed43/Traffic/h192.json,9558fe1c4d45dad1fc8b19a29f5a2bac98812a06e01c9e439c2d65a476853cad,43,scale-multiscale__bank-off__continuation-preserved
/work/11617/sujato_ts/vista/motion_code-master/physics_modal_v4/enhancements/results/central/checkpoints/no_linear_bank/seed43/Traffic/h336.pt,d543c9a2689cd2ab,False,Traffic,factorial,336,LatentFlow,physics_modal_v4/enhancements/results/factorial/runs/scale-multiscale__bank-off__continuation-preserved/seed43/Traffic/h336.json,6f6eb776801ca44f9759705dab3f15c192c59b237e2eed37ecd45aaae90a0ff0,43,scale-multiscale__bank-off__continuation-preserved
/work/11617/sujato_ts/vista/motion_code-master/physics_modal_v4/enhancements/results/central/checkpoints/no_linear_bank/seed43/Traffic/h720.pt,7840a764313670ab,False,Traffic,factorial,720,LatentFlow,physics_modal_v4/enhancements/results/factorial/runs/scale-multiscale__bank-off__continuation-preserved/seed43/Traffic/h720.json,b0d0d0202d390605f007790b9e26581057d3c457d720736e81ac70fb4d51cdf8,43,scale-multiscale__bank-off__continuation-preserved
/work/11617/sujato_ts/vista/motion_code-master/physics_modal_v4/enhancements/results/central/checkpoints/no_linear_bank/seed43/Traffic/h96.pt,7bb1bb038fa5f193,False,Traffic,factorial,96,LatentFlow,physics_modal_v4/enhancements/results/factorial/runs/scale-multiscale__bank-off__continuation-preserved/seed43/Traffic/h96.json,87e0c7271d63f4dc0c18da2ae5ef48f194b8182b52d1b9ffd50ab690ecae5bdd,43,scale-multiscale__bank-off__continuation-preserved
/work/11617/sujato_ts/vista/motion_code-master/physics_modal_v4/enhancements/results/central/checkpoints/no_linear_bank/seed43/Weather/h192.pt,04aa8c9dba22b891,False,Weather,factorial,192,LatentFlow,physics_modal_v4/enhancements/results/factorial/runs/scale-multiscale__bank-off__continuation-preserved/seed43/Weather/h192.json,ca9cae914935483d21c0da8470ba007f04ac94be598aba42ea6693fb7eb576ba,43,scale-multiscale__bank-off__continuation-preserved
/work/11617/sujato_ts/vista/motion_code-master/physics_modal_v4/enhancements/results/central/checkpoints/no_linear_bank/seed43/Weather/h336.pt,7d6d141693693926,False,Weather,factorial,336,LatentFlow,physics_modal_v4/enhancements/results/factorial/runs/scale-multiscale__bank-off__continuation-preserved/seed43/Weather/h336.json,cddfc3b36d1139eabfdf54ab400bfe2487f8f02a8caece7e52f9a999e18d7011,43,scale-multiscale__bank-off__continuation-preserved
/work/11617/sujato_ts/vista/motion_code-master/physics_modal_v4/enhancements/results/central/checkpoints/no_linear_bank/seed43/Weather/h720.pt,b0f974a72790aced,False,Weather,factorial,720,LatentFlow,physics_modal_v4/enhancements/results/factorial/runs/scale-multiscale__bank-off__continuation-preserved/seed43/Weather/h720.json,d7d3e47245b9c245d7d22b6fbfd9afb939a020102d800362475728461be13e01,43,scale-multiscale__bank-off__continuation-preserved
/work/11617/sujato_ts/vista/motion_code-master/physics_modal_v4/enhancements/results/central/checkpoints/no_linear_bank/seed43/Weather/h96.pt,92bed8d640404f53,False,Weather,factorial,96,LatentFlow,physics_modal_v4/enhancements/results/factorial/runs/scale-multiscale__bank-off__continuation-preserved/seed43/Weather/h96.json,277a450dba45a986bc9e2575f850a477f0b8ccbaea0fd6e182da35573ea93057,43,scale-multiscale__bank-off__continuation-preserved
/work/11617/sujato_ts/vista/motion_code-master/physics_modal_v4/enhancements/results/central/checkpoints/no_linear_bank/seed44/ETTh1/h192.pt,cc067c73bf21d1e9,False,ETTh1,factorial,192,LatentFlow,physics_modal_v4/enhancements/results/factorial/runs/scale-multiscale__bank-off__continuation-preserved/seed44/ETTh1/h192.json,325086f729100d43a85181551000df705d1d02dfdbe26ebb6a504bca625ac962,44,scale-multiscale__bank-off__continuation-preserved
/work/11617/sujato_ts/vista/motion_code-master/physics_modal_v4/enhancements/results/central/checkpoints/no_linear_bank/seed44/ETTh1/h336.pt,e9071d3963be360d,False,ETTh1,factorial,336,LatentFlow,physics_modal_v4/enhancements/results/factorial/runs/scale-multiscale__bank-off__continuation-preserved/seed44/ETTh1/h336.json,44cb9ad129965c906d91a536183ec833807065fc4ffa3d9cfa0bf1b205b2d8e7,44,scale-multiscale__bank-off__continuation-preserved
/work/11617/sujato_ts/vista/motion_code-master/physics_modal_v4/enhancements/results/central/checkpoints/no_linear_bank/seed44/ETTh1/h720.pt,66bec7ed39d692d5,False,ETTh1,factorial,720,LatentFlow,physics_modal_v4/enhancements/results/factorial/runs/scale-multiscale__bank-off__continuation-preserved/seed44/ETTh1/h720.json,aaae17ba16b3f1c8d917be372058ba5bff0ca76db6785e6e1155c6462228c824,44,scale-multiscale__bank-off__continuation-preserved
/work/11617/sujato_ts/vista/motion_code-master/physics_modal_v4/enhancements/results/central/checkpoints/no_linear_bank/seed44/ETTh1/h96.pt,b69f1b44ef1f7fe0,False,ETTh1,factorial,96,LatentFlow,physics_modal_v4/enhancements/results/factorial/runs/scale-multiscale__bank-off__continuation-preserved/seed44/ETTh1/h96.json,e839d593173cbb4021a443a4ad55a1125d665a9d4f0ca6375417a5f9efaec5b5,44,scale-multiscale__bank-off__continuation-preserved
/work/11617/sujato_ts/vista/motion_code-master/physics_modal_v4/enhancements/results/central/checkpoints/no_linear_bank/seed44/ETTh2/h192.pt,f7fbedfac620e22e,False,ETTh2,factorial,192,LatentFlow,physics_modal_v4/enhancements/results/factorial/runs/scale-multiscale__bank-off__continuation-preserved/seed44/ETTh2/h192.json,d45601143fca030fe7636a02e867ddcd9aac17e052c1d13499ea4acce2cc53f1,44,scale-multiscale__bank-off__continuation-preserved
/work/11617/sujato_ts/vista/motion_code-master/physics_modal_v4/enhancements/results/central/checkpoints/no_linear_bank/seed44/ETTh2/h336.pt,4b668d9fe41589ac,False,ETTh2,factorial,336,LatentFlow,physics_modal_v4/enhancements/results/factorial/runs/scale-multiscale__bank-off__continuation-preserved/seed44/ETTh2/h336.json,8db56600a3d7c109b3af8becb3a16e993c67d4c8dc34b58bda2a75a2bb8afd87,44,scale-multiscale__bank-off__continuation-preserved
/work/11617/sujato_ts/vista/motion_code-master/physics_modal_v4/enhancements/results/central/checkpoints/no_linear_bank/seed44/ETTh2/h720.pt,9154bcb18969aac8,False,ETTh2,factorial,720,LatentFlow,physics_modal_v4/enhancements/results/factorial/runs/scale-multiscale__bank-off__continuation-preserved/seed44/ETTh2/h720.json,fc3f40009a12562eaf0d3f38d613e4b0c3e81f7d18d3fc26d695a893390c01c0,44,scale-multiscale__bank-off__continuation-preserved
/work/11617/sujato_ts/vista/motion_code-master/physics_modal_v4/enhancements/results/central/checkpoints/no_linear_bank/seed44/ETTh2/h96.pt,ffab26eae3b5936a,False,ETTh2,factorial,96,LatentFlow,physics_modal_v4/enhancements/results/factorial/runs/scale-multiscale__bank-off__continuation-preserved/seed44/ETTh2/h96.json,0d3a90df90ee5b2379dd77c7c4d67bc4e2a69ff7cbf158aff1b5b4e035582b67,44,scale-multiscale__bank-off__continuation-preserved
/work/11617/sujato_ts/vista/motion_code-master/physics_modal_v4/enhancements/results/central/checkpoints/no_linear_bank/seed44/ETTm1/h192.pt,d6eda817b88869f1,False,ETTm1,factorial,192,LatentFlow,physics_modal_v4/enhancements/results/factorial/runs/scale-multiscale__bank-off__continuation-preserved/seed44/ETTm1/h192.json,68009a0106d5a6171b162a7ac8b9b1de212ab6e26b4ac98ee4cc492e325e91da,44,scale-multiscale__bank-off__continuation-preserved
/work/11617/sujato_ts/vista/motion_code-master/physics_modal_v4/enhancements/results/central/checkpoints/no_linear_bank/seed44/ETTm1/h336.pt,fa77ff85709e2cdc,False,ETTm1,factorial,336,LatentFlow,physics_modal_v4/enhancements/results/factorial/runs/scale-multiscale__bank-off__continuation-preserved/seed44/ETTm1/h336.json,a76bc4a11772a8d2edc2b92b0ab185fec6eb106ed87d7a2f6fc0723ee04e7ec2,44,scale-multiscale__bank-off__continuation-preserved
/work/11617/sujato_ts/vista/motion_code-master/physics_modal_v4/enhancements/results/central/checkpoints/no_linear_bank/seed44/ETTm1/h720.pt,bc4da22899cc9a77,False,ETTm1,factorial,720,LatentFlow,physics_modal_v4/enhancements/results/factorial/runs/scale-multiscale__bank-off__continuation-preserved/seed44/ETTm1/h720.json,221911beb20bc1ee2c33ad05232818d09ae5240a8f4dd5521377b14cd58e4daa,44,scale-multiscale__bank-off__continuation-preserved
/work/11617/sujato_ts/vista/motion_code-master/physics_modal_v4/enhancements/results/central/checkpoints/no_linear_bank/seed44/ETTm1/h96.pt,edcb387ed652b5fa,False,ETTm1,factorial,96,LatentFlow,physics_modal_v4/enhancements/results/factorial/runs/scale-multiscale__bank-off__continuation-preserved/seed44/ETTm1/h96.json,a9133c35c25eed7239eba58f4664fcdf079fd5556e0c2a8aa4aa4f345bc6de9e,44,scale-multiscale__bank-off__continuation-preserved
/work/11617/sujato_ts/vista/motion_code-master/physics_modal_v4/enhancements/results/central/checkpoints/no_linear_bank/seed44/ETTm2/h192.pt,0fbd254426e99d70,False,ETTm2,factorial,192,LatentFlow,physics_modal_v4/enhancements/results/factorial/runs/scale-multiscale__bank-off__continuation-preserved/seed44/ETTm2/h192.json,e6a44b96e64806a00d5502b7e0a4fd79165753f042c5269e617abfc15ddac3e3,44,scale-multiscale__bank-off__continuation-preserved
/work/11617/sujato_ts/vista/motion_code-master/physics_modal_v4/enhancements/results/central/checkpoints/no_linear_bank/seed44/ETTm2/h336.pt,fe2eedd22813d0ae,False,ETTm2,factorial,336,LatentFlow,physics_modal_v4/enhancements/results/factorial/runs/scale-multiscale__bank-off__continuation-preserved/seed44/ETTm2/h336.json,d7fdac5ea3e9300046c9df696370639ffd945b83b38b936a93ec6219c535789b,44,scale-multiscale__bank-off__continuation-preserved
/work/11617/sujato_ts/vista/motion_code-master/physics_modal_v4/enhancements/results/central/checkpoints/no_linear_bank/seed44/ETTm2/h720.pt,0235c031b61bb78c,False,ETTm2,factorial,720,LatentFlow,physics_modal_v4/enhancements/results/factorial/runs/scale-multiscale__bank-off__continuation-preserved/seed44/ETTm2/h720.json,95e5a45322f33ee132996f410876d62b6e4cba1948b41a90bd30a98b7de68d29,44,scale-multiscale__bank-off__continuation-preserved
/work/11617/sujato_ts/vista/motion_code-master/physics_modal_v4/enhancements/results/central/checkpoints/no_linear_bank/seed44/ETTm2/h96.pt,11a328ef04790cba,False,ETTm2,factorial,96,LatentFlow,physics_modal_v4/enhancements/results/factorial/runs/scale-multiscale__bank-off__continuation-preserved/seed44/ETTm2/h96.json,4f4bfd9c87ba881349266fcb804f9a131838b99e58930a8eb5e6780d945bdda1,44,scale-multiscale__bank-off__continuation-preserved
/work/11617/sujato_ts/vista/motion_code-master/physics_modal_v4/enhancements/results/central/checkpoints/no_linear_bank/seed44/Electricity/h192.pt,c80afd48fd153df0,False,Electricity,factorial,192,LatentFlow,physics_modal_v4/enhancements/results/factorial/runs/scale-multiscale__bank-off__continuation-preserved/seed44/Electricity/h192.json,88f0c2fb141e0d3ec34500534820ba62b7e74af9542f1652a96a144f909fd019,44,scale-multiscale__bank-off__continuation-preserved
/work/11617/sujato_ts/vista/motion_code-master/physics_modal_v4/enhancements/results/central/checkpoints/no_linear_bank/seed44/Electricity/h336.pt,34391bd800b6573d,False,Electricity,factorial,336,LatentFlow,physics_modal_v4/enhancements/results/factorial/runs/scale-multiscale__bank-off__continuation-preserved/seed44/Electricity/h336.json,5920421da82207dd8c734169b629eb2ae17242420fb83489a4a87d7c1037eb43,44,scale-multiscale__bank-off__continuation-preserved
/work/11617/sujato_ts/vista/motion_code-master/physics_modal_v4/enhancements/results/central/checkpoints/no_linear_bank/seed44/Electricity/h720.pt,1540817286ae649f,False,Electricity,factorial,720,LatentFlow,physics_modal_v4/enhancements/results/factorial/runs/scale-multiscale__bank-off__continuation-preserved/seed44/Electricity/h720.json,b8244b8b74ad36ac834d86fe8a8b557f677460acd073f6af0fb900beb8501df9,44,scale-multiscale__bank-off__continuation-preserved
/work/11617/sujato_ts/vista/motion_code-master/physics_modal_v4/enhancements/results/central/checkpoints/no_linear_bank/seed44/Electricity/h96.pt,72c36f0be16ce4ce,False,Electricity,factorial,96,LatentFlow,physics_modal_v4/enhancements/results/factorial/runs/scale-multiscale__bank-off__continuation-preserved/seed44/Electricity/h96.json,f04bb114c955789f9e99ca26754883219f08622aee63bc7f015021eb85c7ad66,44,scale-multiscale__bank-off__continuation-preserved
/work/11617/sujato_ts/vista/motion_code-master/physics_modal_v4/enhancements/results/central/checkpoints/no_linear_bank/seed44/Traffic/h192.pt,5cb52d0b776cfa5f,False,Traffic,factorial,192,LatentFlow,physics_modal_v4/enhancements/results/factorial/runs/scale-multiscale__bank-off__continuation-preserved/seed44/Traffic/h192.json,5e0e42c7ae81c9a74702ebe856a5710c2b78e3a74e9f3e9a28297abe6155e32f,44,scale-multiscale__bank-off__continuation-preserved
/work/11617/sujato_ts/vista/motion_code-master/physics_modal_v4/enhancements/results/central/checkpoints/no_linear_bank/seed44/Traffic/h336.pt,c9c16c055cb69ed0,False,Traffic,factorial,336,LatentFlow,physics_modal_v4/enhancements/results/factorial/runs/scale-multiscale__bank-off__continuation-preserved/seed44/Traffic/h336.json,7736cd0d514934ca223dd6d4a392133d1f63672077df32088150d0479e541279,44,scale-multiscale__bank-off__continuation-preserved
/work/11617/sujato_ts/vista/motion_code-master/physics_modal_v4/enhancements/results/central/checkpoints/no_linear_bank/seed44/Traffic/h720.pt,dbfbd1ed6b38bcb0,False,Traffic,factorial,720,LatentFlow,physics_modal_v4/enhancements/results/factorial/runs/scale-multiscale__bank-off__continuation-preserved/seed44/Traffic/h720.json,a77c2059df79253273810e4b1b7c04d9ae9e3c7e87b3979800625af9e90c657f,44,scale-multiscale__bank-off__continuation-preserved
/work/11617/sujato_ts/vista/motion_code-master/physics_modal_v4/enhancements/results/central/checkpoints/no_linear_bank/seed44/Traffic/h96.pt,3e5ecae0a6c9f64a,False,Traffic,factorial,96,LatentFlow,physics_modal_v4/enhancements/results/factorial/runs/scale-multiscale__bank-off__continuation-preserved/seed44/Traffic/h96.json,8f80fde4d6222a637ddec0ecfdfee6a04639f2fc8e4361eaa009e06c33dbaf5a,44,scale-multiscale__bank-off__continuation-preserved
/work/11617/sujato_ts/vista/motion_code-master/physics_modal_v4/enhancements/results/central/checkpoints/no_linear_bank/seed44/Weather/h192.pt,01cf68e15875d121,False,Weather,factorial,192,LatentFlow,physics_modal_v4/enhancements/results/factorial/runs/scale-multiscale__bank-off__continuation-preserved/seed44/Weather/h192.json,169cb920e405f9e21efe3fd21739b1e2392c36e338eda183b55b42d4a0f26280,44,scale-multiscale__bank-off__continuation-preserved
/work/11617/sujato_ts/vista/motion_code-master/physics_modal_v4/enhancements/results/central/checkpoints/no_linear_bank/seed44/Weather/h336.pt,c8034b9ca67c4e9b,False,Weather,factorial,336,LatentFlow,physics_modal_v4/enhancements/results/factorial/runs/scale-multiscale__bank-off__continuation-preserved/seed44/Weather/h336.json,a5a6f3e514fbf85b65cac4b3273a68d224b15c3f1f5881104846936834ce62da,44,scale-multiscale__bank-off__continuation-preserved
/work/11617/sujato_ts/vista/motion_code-master/physics_modal_v4/enhancements/results/central/checkpoints/no_linear_bank/seed44/Weather/h720.pt,11b0e412369450e5,False,Weather,factorial,720,LatentFlow,physics_modal_v4/enhancements/results/factorial/runs/scale-multiscale__bank-off__continuation-preserved/seed44/Weather/h720.json,6942d8195bfbc70d751947fec12c39e45e9ce2896d02ad829aefcf955a6d16f0,44,scale-multiscale__bank-off__continuation-preserved
/work/11617/sujato_ts/vista/motion_code-master/physics_modal_v4/enhancements/results/central/checkpoints/no_linear_bank/seed44/Weather/h96.pt,5f7c5eee7abccbbf,False,Weather,factorial,96,LatentFlow,physics_modal_v4/enhancements/results/factorial/runs/scale-multiscale__bank-off__continuation-preserved/seed44/Weather/h96.json,20bc9e60833df37407f1bf7cef6a1e6f2b1dd606dd43639c88d8402eb7dd99cf,44,scale-multiscale__bank-off__continuation-preserved
/work/11617/sujato_ts/vista/motion_code-master/physics_modal_v4/enhancements/results/central/checkpoints/early_fusion/seed42/ETTh1/h192.pt,86538caf04d45b88,False,ETTh1,factorial,192,LatentFlow,physics_modal_v4/enhancements/results/factorial/runs/scale-multiscale__bank-on__continuation-early/seed42/ETTh1/h192.json,75464097f51d5a71cdc81c1331f37a89922324e2a36c0b8360edec152fa36a90,42,scale-multiscale__bank-on__continuation-early
/work/11617/sujato_ts/vista/motion_code-master/physics_modal_v4/enhancements/results/central/checkpoints/early_fusion/seed42/ETTh1/h336.pt,fcbfcf49bc256b0a,False,ETTh1,factorial,336,LatentFlow,physics_modal_v4/enhancements/results/factorial/runs/scale-multiscale__bank-on__continuation-early/seed42/ETTh1/h336.json,9ad0ee6d3c88fd3e4a2da49ccfb34f697bf4b73e8ec0ee2dda5fd585d2718183,42,scale-multiscale__bank-on__continuation-early
/work/11617/sujato_ts/vista/motion_code-master/physics_modal_v4/enhancements/results/central/checkpoints/early_fusion/seed42/ETTh1/h720.pt,7dbaac77b0cc00eb,False,ETTh1,factorial,720,LatentFlow,physics_modal_v4/enhancements/results/factorial/runs/scale-multiscale__bank-on__continuation-early/seed42/ETTh1/h720.json,726292b03283d211ba1d3f14f0bd8fc354b80e5ff6a1d3641b8184a4c26b1837,42,scale-multiscale__bank-on__continuation-early
/work/11617/sujato_ts/vista/motion_code-master/physics_modal_v4/enhancements/results/central/checkpoints/early_fusion/seed42/ETTh1/h96.pt,c8747d8e763e2bf7,False,ETTh1,factorial,96,LatentFlow,physics_modal_v4/enhancements/results/factorial/runs/scale-multiscale__bank-on__continuation-early/seed42/ETTh1/h96.json,0cd70356427ad115b4164ef8f8680588a8e5c5cb074b507061204697a7f32493,42,scale-multiscale__bank-on__continuation-early
/work/11617/sujato_ts/vista/motion_code-master/physics_modal_v4/enhancements/results/central/checkpoints/early_fusion/seed42/ETTh2/h192.pt,b629044c657328d7,False,ETTh2,factorial,192,LatentFlow,physics_modal_v4/enhancements/results/factorial/runs/scale-multiscale__bank-on__continuation-early/seed42/ETTh2/h192.json,09358ea54edd71ca3792424d43f7dd54d1308236e68c5645fe95bd6d0f8e62f0,42,scale-multiscale__bank-on__continuation-early
/work/11617/sujato_ts/vista/motion_code-master/physics_modal_v4/enhancements/results/central/checkpoints/early_fusion/seed42/ETTh2/h336.pt,a8c319cbbec082f3,False,ETTh2,factorial,336,LatentFlow,physics_modal_v4/enhancements/results/factorial/runs/scale-multiscale__bank-on__continuation-early/seed42/ETTh2/h336.json,9da5f90957abb362bdc0aadb1ff94fa6f1a4171a39d2a3d782cf26a3c0c9a914,42,scale-multiscale__bank-on__continuation-early
/work/11617/sujato_ts/vista/motion_code-master/physics_modal_v4/enhancements/results/central/checkpoints/early_fusion/seed42/ETTh2/h720.pt,1b72a81bb8d97055,False,ETTh2,factorial,720,LatentFlow,physics_modal_v4/enhancements/results/factorial/runs/scale-multiscale__bank-on__continuation-early/seed42/ETTh2/h720.json,d856375a4aba21a21f6ca4105f3f9eb606823fd83f34cdf065e600a16318331f,42,scale-multiscale__bank-on__continuation-early
/work/11617/sujato_ts/vista/motion_code-master/physics_modal_v4/enhancements/results/central/checkpoints/early_fusion/seed42/ETTh2/h96.pt,1446cb6c3327930f,False,ETTh2,factorial,96,LatentFlow,physics_modal_v4/enhancements/results/factorial/runs/scale-multiscale__bank-on__continuation-early/seed42/ETTh2/h96.json,34d9a02400098a50aee920462b59b8b20b93468ffcb455968d2d89f671e2da15,42,scale-multiscale__bank-on__continuation-early
/work/11617/sujato_ts/vista/motion_code-master/physics_modal_v4/enhancements/results/central/checkpoints/early_fusion/seed42/ETTm1/h192.pt,323731971fb66827,False,ETTm1,factorial,192,LatentFlow,physics_modal_v4/enhancements/results/factorial/runs/scale-multiscale__bank-on__continuation-early/seed42/ETTm1/h192.json,8568f0a5ef71d394f703ae5e43ba877d413c4a62c0173114801dc2e377cbf968,42,scale-multiscale__bank-on__continuation-early
/work/11617/sujato_ts/vista/motion_code-master/physics_modal_v4/enhancements/results/central/checkpoints/early_fusion/seed42/ETTm1/h336.pt,1d7585fdd3e520ef,False,ETTm1,factorial,336,LatentFlow,physics_modal_v4/enhancements/results/factorial/runs/scale-multiscale__bank-on__continuation-early/seed42/ETTm1/h336.json,201573e40b3c309b366c85ac14b70268e5330c670cbd992cfb2278a060aa5011,42,scale-multiscale__bank-on__continuation-early
/work/11617/sujato_ts/vista/motion_code-master/physics_modal_v4/enhancements/results/central/checkpoints/early_fusion/seed42/ETTm1/h720.pt,b93a926a9426c08c,False,ETTm1,factorial,720,LatentFlow,physics_modal_v4/enhancements/results/factorial/runs/scale-multiscale__bank-on__continuation-early/seed42/ETTm1/h720.json,8ec27ea7d37c3cf92e3bc1cb9db9197f1da45f72f04fceb90f9d7144cc4e16cb,42,scale-multiscale__bank-on__continuation-early
/work/11617/sujato_ts/vista/motion_code-master/physics_modal_v4/enhancements/results/central/checkpoints/early_fusion/seed42/ETTm1/h96.pt,c4f808147cdadd66,False,ETTm1,factorial,96,LatentFlow,physics_modal_v4/enhancements/results/factorial/runs/scale-multiscale__bank-on__continuation-early/seed42/ETTm1/h96.json,468f4c699b3e70ddec0efd85f6e9623c4e8afedd036e44363c6fcad4642ea42c,42,scale-multiscale__bank-on__continuation-early
/work/11617/sujato_ts/vista/motion_code-master/physics_modal_v4/enhancements/results/central/checkpoints/early_fusion/seed42/ETTm2/h192.pt,b14a9bc1b64edfe9,False,ETTm2,factorial,192,LatentFlow,physics_modal_v4/enhancements/results/factorial/runs/scale-multiscale__bank-on__continuation-early/seed42/ETTm2/h192.json,61c51e537b50444c7d00bfa573b7c7a5e821fe3a8f0b7b84618f37741dd63acc,42,scale-multiscale__bank-on__continuation-early
/work/11617/sujato_ts/vista/motion_code-master/physics_modal_v4/enhancements/results/central/checkpoints/early_fusion/seed42/ETTm2/h336.pt,55bfe25314cdb45d,False,ETTm2,factorial,336,LatentFlow,physics_modal_v4/enhancements/results/factorial/runs/scale-multiscale__bank-on__continuation-early/seed42/ETTm2/h336.json,18be6e149b2945d9c4a62dcd28d5a6ee9a5e3e318cfe96b1852131415ee04e0b,42,scale-multiscale__bank-on__continuation-early
/work/11617/sujato_ts/vista/motion_code-master/physics_modal_v4/enhancements/results/central/checkpoints/early_fusion/seed42/ETTm2/h720.pt,cb38ebb4e0d30380,False,ETTm2,factorial,720,LatentFlow,physics_modal_v4/enhancements/results/factorial/runs/scale-multiscale__bank-on__continuation-early/seed42/ETTm2/h720.json,73b09fea8d7421fe827e5e96887abb8b68e62708218be5b6b0fcd373d3e0d430,42,scale-multiscale__bank-on__continuation-early
/work/11617/sujato_ts/vista/motion_code-master/physics_modal_v4/enhancements/results/central/checkpoints/early_fusion/seed42/ETTm2/h96.pt,d5e887269e5d90ef,False,ETTm2,factorial,96,LatentFlow,physics_modal_v4/enhancements/results/factorial/runs/scale-multiscale__bank-on__continuation-early/seed42/ETTm2/h96.json,4f8ff75a7e9baf97aaeb0273ac87e8bfc0cfd08cfcea96bccbc3ac90ce3a28f2,42,scale-multiscale__bank-on__continuation-early
/work/11617/sujato_ts/vista/motion_code-master/physics_modal_v4/enhancements/results/central/checkpoints/early_fusion/seed42/Electricity/h192.pt,99e98ce5407c2a46,False,Electricity,factorial,192,LatentFlow,physics_modal_v4/enhancements/results/factorial/runs/scale-multiscale__bank-on__continuation-early/seed42/Electricity/h192.json,43ebde084c99748f752e01a3848f8360c762b25cfc284ff881ecc467ea2f47f0,42,scale-multiscale__bank-on__continuation-early
/work/11617/sujato_ts/vista/motion_code-master/physics_modal_v4/enhancements/results/central/checkpoints/early_fusion/seed42/Electricity/h336.pt,5476219beeb695fa,False,Electricity,factorial,336,LatentFlow,physics_modal_v4/enhancements/results/factorial/runs/scale-multiscale__bank-on__continuation-early/seed42/Electricity/h336.json,00ee5c3760368612d0df1f1f460b4d8faf877d707394b6075d067408d895113f,42,scale-multiscale__bank-on__continuation-early
/work/11617/sujato_ts/vista/motion_code-master/physics_modal_v4/enhancements/results/central/checkpoints/early_fusion/seed42/Electricity/h720.pt,8b24f24c6762dce4,False,Electricity,factorial,720,LatentFlow,physics_modal_v4/enhancements/results/factorial/runs/scale-multiscale__bank-on__continuation-early/seed42/Electricity/h720.json,f5cdd0c0e261c999fe47f44b3eed52920959b020b06a387c90fbe00eb3bb0e62,42,scale-multiscale__bank-on__continuation-early
/work/11617/sujato_ts/vista/motion_code-master/physics_modal_v4/enhancements/results/central/checkpoints/early_fusion/seed42/Electricity/h96.pt,ce5f9d9b3a45c2b3,False,Electricity,factorial,96,LatentFlow,physics_modal_v4/enhancements/results/factorial/runs/scale-multiscale__bank-on__continuation-early/seed42/Electricity/h96.json,e3d87685b0b8b027159ba4ee06a040e8d75d17dc485e3f69f75cba7c39df1966,42,scale-multiscale__bank-on__continuation-early
/work/11617/sujato_ts/vista/motion_code-master/physics_modal_v4/enhancements/results/central/checkpoints/early_fusion/seed42/Traffic/h192.pt,057a11836639a0bd,False,Traffic,factorial,192,LatentFlow,physics_modal_v4/enhancements/results/factorial/runs/scale-multiscale__bank-on__continuation-early/seed42/Traffic/h192.json,784f4a828662cd1e392fd44098734116eafc815dfa24384a049275e1dfa365ff,42,scale-multiscale__bank-on__continuation-early
/work/11617/sujato_ts/vista/motion_code-master/physics_modal_v4/enhancements/results/central/checkpoints/early_fusion/seed42/Traffic/h336.pt,6329ed861fc22577,False,Traffic,factorial,336,LatentFlow,physics_modal_v4/enhancements/results/factorial/runs/scale-multiscale__bank-on__continuation-early/seed42/Traffic/h336.json,0da2cba972bc52d907b2673ccf44914d0a6d9328844065f98552d4e64b61d65f,42,scale-multiscale__bank-on__continuation-early
/work/11617/sujato_ts/vista/motion_code-master/physics_modal_v4/enhancements/results/central/checkpoints/early_fusion/seed42/Traffic/h720.pt,d0ce3909e4c42240,False,Traffic,factorial,720,LatentFlow,physics_modal_v4/enhancements/results/factorial/runs/scale-multiscale__bank-on__continuation-early/seed42/Traffic/h720.json,919eea02d606fbf8ac1b9e587a0aa9445f3191eaafa8006b3a18e05a46ee5769,42,scale-multiscale__bank-on__continuation-early
/work/11617/sujato_ts/vista/motion_code-master/physics_modal_v4/enhancements/results/central/checkpoints/early_fusion/seed42/Traffic/h96.pt,6552226b73e6f51e,False,Traffic,factorial,96,LatentFlow,physics_modal_v4/enhancements/results/factorial/runs/scale-multiscale__bank-on__continuation-early/seed42/Traffic/h96.json,7e24bb686fd693783927cde9e500115782f885ddbffd5262b9fff0fb0900c1ff,42,scale-multiscale__bank-on__continuation-early
/work/11617/sujato_ts/vista/motion_code-master/physics_modal_v4/enhancements/results/central/checkpoints/early_fusion/seed42/Weather/h192.pt,076e9acbc858d679,False,Weather,factorial,192,LatentFlow,physics_modal_v4/enhancements/results/factorial/runs/scale-multiscale__bank-on__continuation-early/seed42/Weather/h192.json,67e7b2859eb2e1688be77a0b260b422d27990e9a7ce446506a9409d2b6a2a549,42,scale-multiscale__bank-on__continuation-early
/work/11617/sujato_ts/vista/motion_code-master/physics_modal_v4/enhancements/results/central/checkpoints/early_fusion/seed42/Weather/h336.pt,a817a7f5ea1bb96f,False,Weather,factorial,336,LatentFlow,physics_modal_v4/enhancements/results/factorial/runs/scale-multiscale__bank-on__continuation-early/seed42/Weather/h336.json,862e3b06af5b4fad4a4462f6ed2f6c08e44e2366115e48f4d694aa38626624b7,42,scale-multiscale__bank-on__continuation-early
/work/11617/sujato_ts/vista/motion_code-master/physics_modal_v4/enhancements/results/central/checkpoints/early_fusion/seed42/Weather/h720.pt,f06fa45a1042f177,False,Weather,factorial,720,LatentFlow,physics_modal_v4/enhancements/results/factorial/runs/scale-multiscale__bank-on__continuation-early/seed42/Weather/h720.json,b83871899d65fe1a0e9ca58d8fff089e478b13279346685a9ee1c13931f4a57f,42,scale-multiscale__bank-on__continuation-early
/work/11617/sujato_ts/vista/motion_code-master/physics_modal_v4/enhancements/results/central/checkpoints/early_fusion/seed42/Weather/h96.pt,1ee29f6e1c09bc06,False,Weather,factorial,96,LatentFlow,physics_modal_v4/enhancements/results/factorial/runs/scale-multiscale__bank-on__continuation-early/seed42/Weather/h96.json,958b27c32b02e554df6828582819668b9c4e8985d65b2bb28306fcfe51ab54db,42,scale-multiscale__bank-on__continuation-early
/work/11617/sujato_ts/vista/motion_code-master/physics_modal_v4/enhancements/results/central/checkpoints/early_fusion/seed43/ETTh1/h192.pt,52f3345a43483026,False,ETTh1,factorial,192,LatentFlow,physics_modal_v4/enhancements/results/factorial/runs/scale-multiscale__bank-on__continuation-early/seed43/ETTh1/h192.json,0b0edb7ba95be9f835b4f97d1f1f0fb438ff22706eda6ba4c1a5bd2aa28b9a5b,43,scale-multiscale__bank-on__continuation-early
/work/11617/sujato_ts/vista/motion_code-master/physics_modal_v4/enhancements/results/central/checkpoints/early_fusion/seed43/ETTh1/h336.pt,8e3339cb53bdfc1c,False,ETTh1,factorial,336,LatentFlow,physics_modal_v4/enhancements/results/factorial/runs/scale-multiscale__bank-on__continuation-early/seed43/ETTh1/h336.json,d47779de8fe92115c5c829345896a33d381f88b3db4de9e7d7e65184e3ec8172,43,scale-multiscale__bank-on__continuation-early
/work/11617/sujato_ts/vista/motion_code-master/physics_modal_v4/enhancements/results/central/checkpoints/early_fusion/seed43/ETTh1/h720.pt,1f878f8e24a60a62,False,ETTh1,factorial,720,LatentFlow,physics_modal_v4/enhancements/results/factorial/runs/scale-multiscale__bank-on__continuation-early/seed43/ETTh1/h720.json,2877077b2fc520adb418f3c53a575a35170c3caf3f7005b32438bce5e4443155,43,scale-multiscale__bank-on__continuation-early
/work/11617/sujato_ts/vista/motion_code-master/physics_modal_v4/enhancements/results/central/checkpoints/early_fusion/seed43/ETTh1/h96.pt,641752a034910b2f,False,ETTh1,factorial,96,LatentFlow,physics_modal_v4/enhancements/results/factorial/runs/scale-multiscale__bank-on__continuation-early/seed43/ETTh1/h96.json,014f4e6610ad051e32b1c3710f45dab9071e0a9237ae870164341cf6430a1a2c,43,scale-multiscale__bank-on__continuation-early
/work/11617/sujato_ts/vista/motion_code-master/physics_modal_v4/enhancements/results/central/checkpoints/early_fusion/seed43/ETTh2/h192.pt,c98e6314f44a49ec,False,ETTh2,factorial,192,LatentFlow,physics_modal_v4/enhancements/results/factorial/runs/scale-multiscale__bank-on__continuation-early/seed43/ETTh2/h192.json,ea6f29363fa6c7c1d78861be690abb99ce4f5b68a8bbcc9abc217f6fe1e1a6f1,43,scale-multiscale__bank-on__continuation-early
/work/11617/sujato_ts/vista/motion_code-master/physics_modal_v4/enhancements/results/central/checkpoints/early_fusion/seed43/ETTh2/h336.pt,61e5f8c3645a2578,False,ETTh2,factorial,336,LatentFlow,physics_modal_v4/enhancements/results/factorial/runs/scale-multiscale__bank-on__continuation-early/seed43/ETTh2/h336.json,b65f7f11e8cd4aaf3c8d705ed5dfe61553f1eaa89eed21e3e034b256ac827120,43,scale-multiscale__bank-on__continuation-early
/work/11617/sujato_ts/vista/motion_code-master/physics_modal_v4/enhancements/results/central/checkpoints/early_fusion/seed43/ETTh2/h720.pt,2f1258c988e3b28f,False,ETTh2,factorial,720,LatentFlow,physics_modal_v4/enhancements/results/factorial/runs/scale-multiscale__bank-on__continuation-early/seed43/ETTh2/h720.json,ee11948ff0b9767314fbd1df687c413dff4ef9e3bb54d384f99a426eb6632721,43,scale-multiscale__bank-on__continuation-early
/work/11617/sujato_ts/vista/motion_code-master/physics_modal_v4/enhancements/results/central/checkpoints/early_fusion/seed43/ETTh2/h96.pt,af31c212dbb76702,False,ETTh2,factorial,96,LatentFlow,physics_modal_v4/enhancements/results/factorial/runs/scale-multiscale__bank-on__continuation-early/seed43/ETTh2/h96.json,1f10dc78f642344c1e70e0154680b62d82ba2aad29f26ac5efc7fec53aebae90,43,scale-multiscale__bank-on__continuation-early
/work/11617/sujato_ts/vista/motion_code-master/physics_modal_v4/enhancements/results/central/checkpoints/early_fusion/seed43/ETTm1/h192.pt,51efd7608cd7a65a,False,ETTm1,factorial,192,LatentFlow,physics_modal_v4/enhancements/results/factorial/runs/scale-multiscale__bank-on__continuation-early/seed43/ETTm1/h192.json,212c78923bf24b91d1f11f3a6a52955f33326f01d2190b7d001775016d24cee8,43,scale-multiscale__bank-on__continuation-early
/work/11617/sujato_ts/vista/motion_code-master/physics_modal_v4/enhancements/results/central/checkpoints/early_fusion/seed43/ETTm1/h336.pt,f193f7980998ca4f,False,ETTm1,factorial,336,LatentFlow,physics_modal_v4/enhancements/results/factorial/runs/scale-multiscale__bank-on__continuation-early/seed43/ETTm1/h336.json,38fe7bfc8644ecd440d8a3845dce8b3e998371d44978bebe7c991fc69a012085,43,scale-multiscale__bank-on__continuation-early
/work/11617/sujato_ts/vista/motion_code-master/physics_modal_v4/enhancements/results/central/checkpoints/early_fusion/seed43/ETTm1/h720.pt,2210cc6091a5a724,False,ETTm1,factorial,720,LatentFlow,physics_modal_v4/enhancements/results/factorial/runs/scale-multiscale__bank-on__continuation-early/seed43/ETTm1/h720.json,cfaa98df8867c11838f2747e46b1c3b763d603d478b808548075122edb4c0bf2,43,scale-multiscale__bank-on__continuation-early
/work/11617/sujato_ts/vista/motion_code-master/physics_modal_v4/enhancements/results/central/checkpoints/early_fusion/seed43/ETTm1/h96.pt,885d5887b4ce0bc2,False,ETTm1,factorial,96,LatentFlow,physics_modal_v4/enhancements/results/factorial/runs/scale-multiscale__bank-on__continuation-early/seed43/ETTm1/h96.json,c49f67ce33dae1634f6bf52da22116ca52d25bf8cae2488a4135097b5436038d,43,scale-multiscale__bank-on__continuation-early
/work/11617/sujato_ts/vista/motion_code-master/physics_modal_v4/enhancements/results/central/checkpoints/early_fusion/seed43/ETTm2/h192.pt,1d4e5c10bbdd8192,False,ETTm2,factorial,192,LatentFlow,physics_modal_v4/enhancements/results/factorial/runs/scale-multiscale__bank-on__continuation-early/seed43/ETTm2/h192.json,78bce719e29506cb9b33bf93a2dad694c1efa02c3d7a00fe249dc18a1727d943,43,scale-multiscale__bank-on__continuation-early
/work/11617/sujato_ts/vista/motion_code-master/physics_modal_v4/enhancements/results/central/checkpoints/early_fusion/seed43/ETTm2/h336.pt,5016e37d7057e228,False,ETTm2,factorial,336,LatentFlow,physics_modal_v4/enhancements/results/factorial/runs/scale-multiscale__bank-on__continuation-early/seed43/ETTm2/h336.json,504eadcd8d73d89af16e05e9455e5530d9b8c682a90efc57d3c2a6e4586fd04f,43,scale-multiscale__bank-on__continuation-early
/work/11617/sujato_ts/vista/motion_code-master/physics_modal_v4/enhancements/results/central/checkpoints/early_fusion/seed43/ETTm2/h720.pt,a6a9f80984e984cf,False,ETTm2,factorial,720,LatentFlow,physics_modal_v4/enhancements/results/factorial/runs/scale-multiscale__bank-on__continuation-early/seed43/ETTm2/h720.json,08115b98ef1dbf33dfbb4ab53738b48b72575cd213e7cf73953f14ab3bd06d40,43,scale-multiscale__bank-on__continuation-early
/work/11617/sujato_ts/vista/motion_code-master/physics_modal_v4/enhancements/results/central/checkpoints/early_fusion/seed43/ETTm2/h96.pt,3ffe7d0ceea04792,False,ETTm2,factorial,96,LatentFlow,physics_modal_v4/enhancements/results/factorial/runs/scale-multiscale__bank-on__continuation-early/seed43/ETTm2/h96.json,b91bc9ad30087b90acd8545a07c859be336dbce11dcb733acc840003456d0154,43,scale-multiscale__bank-on__continuation-early
/work/11617/sujato_ts/vista/motion_code-master/physics_modal_v4/enhancements/results/central/checkpoints/early_fusion/seed43/Electricity/h192.pt,6c7096f1f7eca986,False,Electricity,factorial,192,LatentFlow,physics_modal_v4/enhancements/results/factorial/runs/scale-multiscale__bank-on__continuation-early/seed43/Electricity/h192.json,5b6225fa997d84ef5790e4dc6b5a2b2aff9dae5c16b03581e8eea8995bb059f9,43,scale-multiscale__bank-on__continuation-early
/work/11617/sujato_ts/vista/motion_code-master/physics_modal_v4/enhancements/results/central/checkpoints/early_fusion/seed43/Electricity/h336.pt,d1efc48691c56f40,False,Electricity,factorial,336,LatentFlow,physics_modal_v4/enhancements/results/factorial/runs/scale-multiscale__bank-on__continuation-early/seed43/Electricity/h336.json,c532ba631909f77ab4fc385abb352c3c77bf4e07ee5b147171a01b1d90697b40,43,scale-multiscale__bank-on__continuation-early
/work/11617/sujato_ts/vista/motion_code-master/physics_modal_v4/enhancements/results/central/checkpoints/early_fusion/seed43/Electricity/h720.pt,017887b59597ea91,False,Electricity,factorial,720,LatentFlow,physics_modal_v4/enhancements/results/factorial/runs/scale-multiscale__bank-on__continuation-early/seed43/Electricity/h720.json,74b56c6aa31323550ecc5435f6ec837c458dd48658c31ab861b72cefc093c617,43,scale-multiscale__bank-on__continuation-early
/work/11617/sujato_ts/vista/motion_code-master/physics_modal_v4/enhancements/results/central/checkpoints/early_fusion/seed43/Electricity/h96.pt,8cd40c702349988e,False,Electricity,factorial,96,LatentFlow,physics_modal_v4/enhancements/results/factorial/runs/scale-multiscale__bank-on__continuation-early/seed43/Electricity/h96.json,970c8107f60eba91d2a10256e247a23c5edad557e0ace26521c30872437ae6c6,43,scale-multiscale__bank-on__continuation-early
/work/11617/sujato_ts/vista/motion_code-master/physics_modal_v4/enhancements/results/central/checkpoints/early_fusion/seed43/Traffic/h192.pt,7001bc3aa7caa219,False,Traffic,factorial,192,LatentFlow,physics_modal_v4/enhancements/results/factorial/runs/scale-multiscale__bank-on__continuation-early/seed43/Traffic/h192.json,264244f090e4b256072782a03cdaf409fe31bc9104770693b39315ba7228240a,43,scale-multiscale__bank-on__continuation-early
/work/11617/sujato_ts/vista/motion_code-master/physics_modal_v4/enhancements/results/central/checkpoints/early_fusion/seed43/Traffic/h336.pt,d543c9a2689cd2ab,False,Traffic,factorial,336,LatentFlow,physics_modal_v4/enhancements/results/factorial/runs/scale-multiscale__bank-on__continuation-early/seed43/Traffic/h336.json,4d1c7bbaf414b48d2d104ad4c9524e9fb414c4c8087844448435c9b4853ee4bb,43,scale-multiscale__bank-on__continuation-early
/work/11617/sujato_ts/vista/motion_code-master/physics_modal_v4/enhancements/results/central/checkpoints/early_fusion/seed43/Traffic/h720.pt,7840a764313670ab,False,Traffic,factorial,720,LatentFlow,physics_modal_v4/enhancements/results/factorial/runs/scale-multiscale__bank-on__continuation-early/seed43/Traffic/h720.json,d06c80475149a92f95fdeb639163fdf95351e82cf03c76143633578a802e8c74,43,scale-multiscale__bank-on__continuation-early
/work/11617/sujato_ts/vista/motion_code-master/physics_modal_v4/enhancements/results/central/checkpoints/early_fusion/seed43/Traffic/h96.pt,7bb1bb038fa5f193,False,Traffic,factorial,96,LatentFlow,physics_modal_v4/enhancements/results/factorial/runs/scale-multiscale__bank-on__continuation-early/seed43/Traffic/h96.json,3c89e913cd4650e87df1119030fc4b068085a837f353ecbedf04f8651797ab82,43,scale-multiscale__bank-on__continuation-early
/work/11617/sujato_ts/vista/motion_code-master/physics_modal_v4/enhancements/results/central/checkpoints/early_fusion/seed43/Weather/h192.pt,04aa8c9dba22b891,False,Weather,factorial,192,LatentFlow,physics_modal_v4/enhancements/results/factorial/runs/scale-multiscale__bank-on__continuation-early/seed43/Weather/h192.json,67b4c56a2d5cb5de57b3bc01d278f20c2c1da380f11383b0163c2dc03c657c19,43,scale-multiscale__bank-on__continuation-early
/work/11617/sujato_ts/vista/motion_code-master/physics_modal_v4/enhancements/results/central/checkpoints/early_fusion/seed43/Weather/h336.pt,7d6d141693693926,False,Weather,factorial,336,LatentFlow,physics_modal_v4/enhancements/results/factorial/runs/scale-multiscale__bank-on__continuation-early/seed43/Weather/h336.json,beb20e5cd3fd5345966a9b8cebee4e6fde4351ec169a3f875cb15fd37d3b6302,43,scale-multiscale__bank-on__continuation-early
/work/11617/sujato_ts/vista/motion_code-master/physics_modal_v4/enhancements/results/central/checkpoints/early_fusion/seed43/Weather/h720.pt,b0f974a72790aced,False,Weather,factorial,720,LatentFlow,physics_modal_v4/enhancements/results/factorial/runs/scale-multiscale__bank-on__continuation-early/seed43/Weather/h720.json,3e0ad4ccb4bab872181fcce303227a1cbd154664c8f2affee910a7550e0ffe16,43,scale-multiscale__bank-on__continuation-early
/work/11617/sujato_ts/vista/motion_code-master/physics_modal_v4/enhancements/results/central/checkpoints/early_fusion/seed43/Weather/h96.pt,92bed8d640404f53,False,Weather,factorial,96,LatentFlow,physics_modal_v4/enhancements/results/factorial/runs/scale-multiscale__bank-on__continuation-early/seed43/Weather/h96.json,fa4eccad775d24d28dd29a973075fefe2de9842dfe44fdf17f8bebd51520a1af,43,scale-multiscale__bank-on__continuation-early
/work/11617/sujato_ts/vista/motion_code-master/physics_modal_v4/enhancements/results/central/checkpoints/early_fusion/seed44/ETTh1/h192.pt,cc067c73bf21d1e9,False,ETTh1,factorial,192,LatentFlow,physics_modal_v4/enhancements/results/factorial/runs/scale-multiscale__bank-on__continuation-early/seed44/ETTh1/h192.json,d93935e22421509322d076605191fe1139707d0f8c3e2a22dc34614b4731d82c,44,scale-multiscale__bank-on__continuation-early
/work/11617/sujato_ts/vista/motion_code-master/physics_modal_v4/enhancements/results/central/checkpoints/early_fusion/seed44/ETTh1/h336.pt,e9071d3963be360d,False,ETTh1,factorial,336,LatentFlow,physics_modal_v4/enhancements/results/factorial/runs/scale-multiscale__bank-on__continuation-early/seed44/ETTh1/h336.json,21efe983face661f70f08a262930aaeb9b2e01047765366a7b1dd2e09e6f22e9,44,scale-multiscale__bank-on__continuation-early
/work/11617/sujato_ts/vista/motion_code-master/physics_modal_v4/enhancements/results/central/checkpoints/early_fusion/seed44/ETTh1/h720.pt,66bec7ed39d692d5,False,ETTh1,factorial,720,LatentFlow,physics_modal_v4/enhancements/results/factorial/runs/scale-multiscale__bank-on__continuation-early/seed44/ETTh1/h720.json,fbfdcc2d9a878fd669614c5f880d49a56861d9bec01c0778a84b13fcf3cdc567,44,scale-multiscale__bank-on__continuation-early
/work/11617/sujato_ts/vista/motion_code-master/physics_modal_v4/enhancements/results/central/checkpoints/early_fusion/seed44/ETTh1/h96.pt,b69f1b44ef1f7fe0,False,ETTh1,factorial,96,LatentFlow,physics_modal_v4/enhancements/results/factorial/runs/scale-multiscale__bank-on__continuation-early/seed44/ETTh1/h96.json,d91274d4c220bdaea040a3bb7d01ec6fbeb5df10343a831e5ce2a3240170d59f,44,scale-multiscale__bank-on__continuation-early
/work/11617/sujato_ts/vista/motion_code-master/physics_modal_v4/enhancements/results/central/checkpoints/early_fusion/seed44/ETTh2/h192.pt,f7fbedfac620e22e,False,ETTh2,factorial,192,LatentFlow,physics_modal_v4/enhancements/results/factorial/runs/scale-multiscale__bank-on__continuation-early/seed44/ETTh2/h192.json,56fdaa906fa0f4be894fcf3dfde08f65c9a2d6078c84bb3f8174e25c373435bd,44,scale-multiscale__bank-on__continuation-early
/work/11617/sujato_ts/vista/motion_code-master/physics_modal_v4/enhancements/results/central/checkpoints/early_fusion/seed44/ETTh2/h336.pt,4b668d9fe41589ac,False,ETTh2,factorial,336,LatentFlow,physics_modal_v4/enhancements/results/factorial/runs/scale-multiscale__bank-on__continuation-early/seed44/ETTh2/h336.json,d98d8e148d044a134063605eb73c0ddd710d662869f4b1f94abfe0b466742648,44,scale-multiscale__bank-on__continuation-early
/work/11617/sujato_ts/vista/motion_code-master/physics_modal_v4/enhancements/results/central/checkpoints/early_fusion/seed44/ETTh2/h720.pt,9154bcb18969aac8,False,ETTh2,factorial,720,LatentFlow,physics_modal_v4/enhancements/results/factorial/runs/scale-multiscale__bank-on__continuation-early/seed44/ETTh2/h720.json,1ab9ce6c4a77f5c4b1bf09f498beb175c9434eb68d08aa7086fcb3ca9c83f636,44,scale-multiscale__bank-on__continuation-early
/work/11617/sujato_ts/vista/motion_code-master/physics_modal_v4/enhancements/results/central/checkpoints/early_fusion/seed44/ETTh2/h96.pt,ffab26eae3b5936a,False,ETTh2,factorial,96,LatentFlow,physics_modal_v4/enhancements/results/factorial/runs/scale-multiscale__bank-on__continuation-early/seed44/ETTh2/h96.json,ac4b161e6805c8bda1d83fa7e703093b3083198d96c2eb3eb6b6e876e149ed43,44,scale-multiscale__bank-on__continuation-early
/work/11617/sujato_ts/vista/motion_code-master/physics_modal_v4/enhancements/results/central/checkpoints/early_fusion/seed44/ETTm1/h192.pt,d6eda817b88869f1,False,ETTm1,factorial,192,LatentFlow,physics_modal_v4/enhancements/results/factorial/runs/scale-multiscale__bank-on__continuation-early/seed44/ETTm1/h192.json,c6b0a05d7f9a055f887dc42962119c96d64aaf13cbf44d541f303c34a5554eac,44,scale-multiscale__bank-on__continuation-early
/work/11617/sujato_ts/vista/motion_code-master/physics_modal_v4/enhancements/results/central/checkpoints/early_fusion/seed44/ETTm1/h336.pt,fa77ff85709e2cdc,False,ETTm1,factorial,336,LatentFlow,physics_modal_v4/enhancements/results/factorial/runs/scale-multiscale__bank-on__continuation-early/seed44/ETTm1/h336.json,962a9a84f5040c532a5f80f5946769a797e8495c977e7c3e432a45ecabdcd57b,44,scale-multiscale__bank-on__continuation-early
/work/11617/sujato_ts/vista/motion_code-master/physics_modal_v4/enhancements/results/central/checkpoints/early_fusion/seed44/ETTm1/h720.pt,bc4da22899cc9a77,False,ETTm1,factorial,720,LatentFlow,physics_modal_v4/enhancements/results/factorial/runs/scale-multiscale__bank-on__continuation-early/seed44/ETTm1/h720.json,2e2c299782d0f22049fb4c4d17b06a71b50ad25123d9d8127a05f0f07f8965f6,44,scale-multiscale__bank-on__continuation-early
/work/11617/sujato_ts/vista/motion_code-master/physics_modal_v4/enhancements/results/central/checkpoints/early_fusion/seed44/ETTm1/h96.pt,edcb387ed652b5fa,False,ETTm1,factorial,96,LatentFlow,physics_modal_v4/enhancements/results/factorial/runs/scale-multiscale__bank-on__continuation-early/seed44/ETTm1/h96.json,593c1989b71f76b2628f2eb5f7315c3abbd446875d4231e37033c5822b7bbbc1,44,scale-multiscale__bank-on__continuation-early
/work/11617/sujato_ts/vista/motion_code-master/physics_modal_v4/enhancements/results/central/checkpoints/early_fusion/seed44/ETTm2/h192.pt,0fbd254426e99d70,False,ETTm2,factorial,192,LatentFlow,physics_modal_v4/enhancements/results/factorial/runs/scale-multiscale__bank-on__continuation-early/seed44/ETTm2/h192.json,8035bf473cfcb85fce2cdf3ad0cb0a33fe18a6dca852dae5797e0505421f6de1,44,scale-multiscale__bank-on__continuation-early
/work/11617/sujato_ts/vista/motion_code-master/physics_modal_v4/enhancements/results/central/checkpoints/early_fusion/seed44/ETTm2/h336.pt,fe2eedd22813d0ae,False,ETTm2,factorial,336,LatentFlow,physics_modal_v4/enhancements/results/factorial/runs/scale-multiscale__bank-on__continuation-early/seed44/ETTm2/h336.json,9122055200cbdadbd5a091c7a5d6680a316d2a0f35a7734a22ead4dda940a763,44,scale-multiscale__bank-on__continuation-early
/work/11617/sujato_ts/vista/motion_code-master/physics_modal_v4/enhancements/results/central/checkpoints/early_fusion/seed44/ETTm2/h720.pt,0235c031b61bb78c,False,ETTm2,factorial,720,LatentFlow,physics_modal_v4/enhancements/results/factorial/runs/scale-multiscale__bank-on__continuation-early/seed44/ETTm2/h720.json,3a36a8d24fcbb80f689362c6c3492efd78d8c793ca30aae7cd6e5946bebcbb88,44,scale-multiscale__bank-on__continuation-early
/work/11617/sujato_ts/vista/motion_code-master/physics_modal_v4/enhancements/results/central/checkpoints/early_fusion/seed44/ETTm2/h96.pt,11a328ef04790cba,False,ETTm2,factorial,96,LatentFlow,physics_modal_v4/enhancements/results/factorial/runs/scale-multiscale__bank-on__continuation-early/seed44/ETTm2/h96.json,86fad9c145acf9972142cfc2aa72c5f3c537c34da2e33bab269752b1a6866d8f,44,scale-multiscale__bank-on__continuation-early
/work/11617/sujato_ts/vista/motion_code-master/physics_modal_v4/enhancements/results/central/checkpoints/early_fusion/seed44/Electricity/h192.pt,c80afd48fd153df0,False,Electricity,factorial,192,LatentFlow,physics_modal_v4/enhancements/results/factorial/runs/scale-multiscale__bank-on__continuation-early/seed44/Electricity/h192.json,240b7164d97f966a7ea429de9435b55a123e3d1ecd36280f36045d520820b04a,44,scale-multiscale__bank-on__continuation-early
/work/11617/sujato_ts/vista/motion_code-master/physics_modal_v4/enhancements/results/central/checkpoints/early_fusion/seed44/Electricity/h336.pt,34391bd800b6573d,False,Electricity,factorial,336,LatentFlow,physics_modal_v4/enhancements/results/factorial/runs/scale-multiscale__bank-on__continuation-early/seed44/Electricity/h336.json,b90ccb42d0036468a0a8b23ec08ab57af03680e46d3cb813b28c8f904701e416,44,scale-multiscale__bank-on__continuation-early
/work/11617/sujato_ts/vista/motion_code-master/physics_modal_v4/enhancements/results/central/checkpoints/early_fusion/seed44/Electricity/h720.pt,1540817286ae649f,False,Electricity,factorial,720,LatentFlow,physics_modal_v4/enhancements/results/factorial/runs/scale-multiscale__bank-on__continuation-early/seed44/Electricity/h720.json,5afacbab5cc46da8adcb5b0f0120edf4443b64d90e0724cc5303cc6a601e7361,44,scale-multiscale__bank-on__continuation-early
/work/11617/sujato_ts/vista/motion_code-master/physics_modal_v4/enhancements/results/central/checkpoints/early_fusion/seed44/Electricity/h96.pt,72c36f0be16ce4ce,False,Electricity,factorial,96,LatentFlow,physics_modal_v4/enhancements/results/factorial/runs/scale-multiscale__bank-on__continuation-early/seed44/Electricity/h96.json,4c0692d510f902fc7bd0cb88c65bbb456a27074fa3ef192f10d50c537f317972,44,scale-multiscale__bank-on__continuation-early
/work/11617/sujato_ts/vista/motion_code-master/physics_modal_v4/enhancements/results/central/checkpoints/early_fusion/seed44/Traffic/h192.pt,5cb52d0b776cfa5f,False,Traffic,factorial,192,LatentFlow,physics_modal_v4/enhancements/results/factorial/runs/scale-multiscale__bank-on__continuation-early/seed44/Traffic/h192.json,e629c74c0a180fc730c79b3f8baccf2e409849c04a1cc0d9ce4eeae0060cc943,44,scale-multiscale__bank-on__continuation-early
/work/11617/sujato_ts/vista/motion_code-master/physics_modal_v4/enhancements/results/central/checkpoints/early_fusion/seed44/Traffic/h336.pt,c9c16c055cb69ed0,False,Traffic,factorial,336,LatentFlow,physics_modal_v4/enhancements/results/factorial/runs/scale-multiscale__bank-on__continuation-early/seed44/Traffic/h336.json,18092f1c5843ed6746ce4ae0ac88fb96342c2c8cce243dbd6c79e97fac746e2a,44,scale-multiscale__bank-on__continuation-early
/work/11617/sujato_ts/vista/motion_code-master/physics_modal_v4/enhancements/results/central/checkpoints/early_fusion/seed44/Traffic/h720.pt,dbfbd1ed6b38bcb0,False,Traffic,factorial,720,LatentFlow,physics_modal_v4/enhancements/results/factorial/runs/scale-multiscale__bank-on__continuation-early/seed44/Traffic/h720.json,c406895c7a9643844113616b477feb26b4c3166ab8cfca86f7fb70e471cd6c9b,44,scale-multiscale__bank-on__continuation-early
/work/11617/sujato_ts/vista/motion_code-master/physics_modal_v4/enhancements/results/central/checkpoints/early_fusion/seed44/Traffic/h96.pt,3e5ecae0a6c9f64a,False,Traffic,factorial,96,LatentFlow,physics_modal_v4/enhancements/results/factorial/runs/scale-multiscale__bank-on__continuation-early/seed44/Traffic/h96.json,17ae4d996d5a39fb29aabdf42b66f2d4f69bf7eefb09cf5fa0311900cd1a6305,44,scale-multiscale__bank-on__continuation-early
/work/11617/sujato_ts/vista/motion_code-master/physics_modal_v4/enhancements/results/central/checkpoints/early_fusion/seed44/Weather/h192.pt,01cf68e15875d121,False,Weather,factorial,192,LatentFlow,physics_modal_v4/enhancements/results/factorial/runs/scale-multiscale__bank-on__continuation-early/seed44/Weather/h192.json,4f7cf63b9361e39c215e4edfa14ac70504cb1454bc73f88a2ea99efa3dd6f705,44,scale-multiscale__bank-on__continuation-early
/work/11617/sujato_ts/vista/motion_code-master/physics_modal_v4/enhancements/results/central/checkpoints/early_fusion/seed44/Weather/h336.pt,c8034b9ca67c4e9b,False,Weather,factorial,336,LatentFlow,physics_modal_v4/enhancements/results/factorial/runs/scale-multiscale__bank-on__continuation-early/seed44/Weather/h336.json,941394749765efd31e8f6b7461b62b23f326261932e71a0e91d90c4f776210a8,44,scale-multiscale__bank-on__continuation-early
/work/11617/sujato_ts/vista/motion_code-master/physics_modal_v4/enhancements/results/central/checkpoints/early_fusion/seed44/Weather/h720.pt,11b0e412369450e5,False,Weather,factorial,720,LatentFlow,physics_modal_v4/enhancements/results/factorial/runs/scale-multiscale__bank-on__continuation-early/seed44/Weather/h720.json,89f40bf1d54ee8e59300f820ef503750d60ee9a1ba53aa38d743fdd8ede95266,44,scale-multiscale__bank-on__continuation-early
/work/11617/sujato_ts/vista/motion_code-master/physics_modal_v4/enhancements/results/central/checkpoints/early_fusion/seed44/Weather/h96.pt,5f7c5eee7abccbbf,False,Weather,factorial,96,LatentFlow,physics_modal_v4/enhancements/results/factorial/runs/scale-multiscale__bank-on__continuation-early/seed44/Weather/h96.json,bd3f4252029cae79e7924584774eb768ea2ca466a220b3dddd1cdd34c02176d4,44,scale-multiscale__bank-on__continuation-early
/work/11617/sujato_ts/vista/motion_code-master/physics_modal_v4/results/final/checkpoints/LatentFlow/seed42/ETTh1/h192.pt,86538caf04d45b88,False,ETTh1,factorial,192,LatentFlow,physics_modal_v4/enhancements/results/factorial/runs/scale-multiscale__bank-on__continuation-preserved/seed42/ETTh1/h192.json,c4eb0910e0b73dfd9c7bad0e14d5beb1dc4aa9818a08900a2b6691417f2898bc,42,scale-multiscale__bank-on__continuation-preserved
/work/11617/sujato_ts/vista/motion_code-master/physics_modal_v4/results/final/checkpoints/LatentFlow/seed42/ETTh1/h336.pt,fcbfcf49bc256b0a,False,ETTh1,factorial,336,LatentFlow,physics_modal_v4/enhancements/results/factorial/runs/scale-multiscale__bank-on__continuation-preserved/seed42/ETTh1/h336.json,dce9d70caa5bae85325261538ce6644d223d86bc9cead4a0acc02d54685025e6,42,scale-multiscale__bank-on__continuation-preserved
/work/11617/sujato_ts/vista/motion_code-master/physics_modal_v4/results/final/checkpoints/LatentFlow/seed42/ETTh1/h720.pt,7dbaac77b0cc00eb,False,ETTh1,factorial,720,LatentFlow,physics_modal_v4/enhancements/results/factorial/runs/scale-multiscale__bank-on__continuation-preserved/seed42/ETTh1/h720.json,fda371d448cf86d3a1541736fbe04c41c0ad96f9db4beae45aae170aa28a1113,42,scale-multiscale__bank-on__continuation-preserved
/work/11617/sujato_ts/vista/motion_code-master/physics_modal_v4/results/final/checkpoints/LatentFlow/seed42/ETTh1/h96.pt,c8747d8e763e2bf7,False,ETTh1,factorial,96,LatentFlow,physics_modal_v4/enhancements/results/factorial/runs/scale-multiscale__bank-on__continuation-preserved/seed42/ETTh1/h96.json,35b9d1f6b031b4c6124f6442e8e8e5f4ff0c45c5b404130125d190316be3f68b,42,scale-multiscale__bank-on__continuation-preserved
/work/11617/sujato_ts/vista/motion_code-master/physics_modal_v4/results/final/checkpoints/LatentFlow/seed42/ETTh2/h192.pt,b629044c657328d7,False,ETTh2,factorial,192,LatentFlow,physics_modal_v4/enhancements/results/factorial/runs/scale-multiscale__bank-on__continuation-preserved/seed42/ETTh2/h192.json,a5f6845a15ec6ce2a7c8fed642581c47b3902f5ff001ddfc59b176cfd6d0739b,42,scale-multiscale__bank-on__continuation-preserved
/work/11617/sujato_ts/vista/motion_code-master/physics_modal_v4/results/final/checkpoints/LatentFlow/seed42/ETTh2/h336.pt,a8c319cbbec082f3,False,ETTh2,factorial,336,LatentFlow,physics_modal_v4/enhancements/results/factorial/runs/scale-multiscale__bank-on__continuation-preserved/seed42/ETTh2/h336.json,a585ca37a5cb48764703c194428cdb13fd9dd980a0db69433bc3f6531144dcfa,42,scale-multiscale__bank-on__continuation-preserved
/work/11617/sujato_ts/vista/motion_code-master/physics_modal_v4/results/final/checkpoints/LatentFlow/seed42/ETTh2/h720.pt,1b72a81bb8d97055,False,ETTh2,factorial,720,LatentFlow,physics_modal_v4/enhancements/results/factorial/runs/scale-multiscale__bank-on__continuation-preserved/seed42/ETTh2/h720.json,a346af9afda6c030e41c898d52cfa1f182a48dd33670342d690f800b02ef561d,42,scale-multiscale__bank-on__continuation-preserved
/work/11617/sujato_ts/vista/motion_code-master/physics_modal_v4/results/final/checkpoints/LatentFlow/seed42/ETTh2/h96.pt,1446cb6c3327930f,False,ETTh2,factorial,96,LatentFlow,physics_modal_v4/enhancements/results/factorial/runs/scale-multiscale__bank-on__continuation-preserved/seed42/ETTh2/h96.json,6203b52ba315253dfa10e74575e5ddbd9d9dd478c5a23970644eb54875eb21b0,42,scale-multiscale__bank-on__continuation-preserved
/work/11617/sujato_ts/vista/motion_code-master/physics_modal_v4/results/final/checkpoints/LatentFlow/seed42/ETTm1/h192.pt,323731971fb66827,False,ETTm1,factorial,192,LatentFlow,physics_modal_v4/enhancements/results/factorial/runs/scale-multiscale__bank-on__continuation-preserved/seed42/ETTm1/h192.json,63e8c23b9f42e50f22530a4cf3ddbeeea7af4129af2de87b0e38feefd08fd11d,42,scale-multiscale__bank-on__continuation-preserved
/work/11617/sujato_ts/vista/motion_code-master/physics_modal_v4/results/final/checkpoints/LatentFlow/seed42/ETTm1/h336.pt,1d7585fdd3e520ef,False,ETTm1,factorial,336,LatentFlow,physics_modal_v4/enhancements/results/factorial/runs/scale-multiscale__bank-on__continuation-preserved/seed42/ETTm1/h336.json,805cdf874a1d8721d9b3b0fc91bf2bb2718dafbcc080b369cefa1b30bd75cf89,42,scale-multiscale__bank-on__continuation-preserved
/work/11617/sujato_ts/vista/motion_code-master/physics_modal_v4/results/final/checkpoints/LatentFlow/seed42/ETTm1/h720.pt,b93a926a9426c08c,False,ETTm1,factorial,720,LatentFlow,physics_modal_v4/enhancements/results/factorial/runs/scale-multiscale__bank-on__continuation-preserved/seed42/ETTm1/h720.json,0b324499c33bd59cfde3caf3607950813d14fa13876f97480e05f9af9c5e5826,42,scale-multiscale__bank-on__continuation-preserved
/work/11617/sujato_ts/vista/motion_code-master/physics_modal_v4/results/final/checkpoints/LatentFlow/seed42/ETTm1/h96.pt,c4f808147cdadd66,False,ETTm1,factorial,96,LatentFlow,physics_modal_v4/enhancements/results/factorial/runs/scale-multiscale__bank-on__continuation-preserved/seed42/ETTm1/h96.json,6e6d4fe958f8500bf7970af611d1bb0d9c128279616a64ad922103294999478e,42,scale-multiscale__bank-on__continuation-preserved
/work/11617/sujato_ts/vista/motion_code-master/physics_modal_v4/results/final/checkpoints/LatentFlow/seed42/ETTm2/h192.pt,b14a9bc1b64edfe9,False,ETTm2,factorial,192,LatentFlow,physics_modal_v4/enhancements/results/factorial/runs/scale-multiscale__bank-on__continuation-preserved/seed42/ETTm2/h192.json,498b09fcc74329bc14ab3d361f365cf1dab6f2bf9e4872af506dad20abeb3e98,42,scale-multiscale__bank-on__continuation-preserved
/work/11617/sujato_ts/vista/motion_code-master/physics_modal_v4/results/final/checkpoints/LatentFlow/seed42/ETTm2/h336.pt,55bfe25314cdb45d,False,ETTm2,factorial,336,LatentFlow,physics_modal_v4/enhancements/results/factorial/runs/scale-multiscale__bank-on__continuation-preserved/seed42/ETTm2/h336.json,b91c4e35b16c22336203002edb76493c9a4a046249c7e30a00b1012888f91d90,42,scale-multiscale__bank-on__continuation-preserved
/work/11617/sujato_ts/vista/motion_code-master/physics_modal_v4/results/final/checkpoints/LatentFlow/seed42/ETTm2/h720.pt,cb38ebb4e0d30380,False,ETTm2,factorial,720,LatentFlow,physics_modal_v4/enhancements/results/factorial/runs/scale-multiscale__bank-on__continuation-preserved/seed42/ETTm2/h720.json,98fb0b5c85dd81b89c43b49bdf0af2b26f568da0e5b6a62a6be6277b9595199a,42,scale-multiscale__bank-on__continuation-preserved
/work/11617/sujato_ts/vista/motion_code-master/physics_modal_v4/results/final/checkpoints/LatentFlow/seed42/ETTm2/h96.pt,d5e887269e5d90ef,False,ETTm2,factorial,96,LatentFlow,physics_modal_v4/enhancements/results/factorial/runs/scale-multiscale__bank-on__continuation-preserved/seed42/ETTm2/h96.json,117c54172f7105e7ba08249063f4cb4b906a61cc6f3265ba86b63515c0d6890b,42,scale-multiscale__bank-on__continuation-preserved
/work/11617/sujato_ts/vista/motion_code-master/physics_modal_v4/results/final/checkpoints/LatentFlow/seed42/Electricity/h192.pt,99e98ce5407c2a46,False,Electricity,factorial,192,LatentFlow,physics_modal_v4/enhancements/results/factorial/runs/scale-multiscale__bank-on__continuation-preserved/seed42/Electricity/h192.json,5297adbc8c9539811a70292b42814598414de477f54fda20615ab2ecd067c02b,42,scale-multiscale__bank-on__continuation-preserved
/work/11617/sujato_ts/vista/motion_code-master/physics_modal_v4/results/final/checkpoints/LatentFlow/seed42/Electricity/h336.pt,5476219beeb695fa,False,Electricity,factorial,336,LatentFlow,physics_modal_v4/enhancements/results/factorial/runs/scale-multiscale__bank-on__continuation-preserved/seed42/Electricity/h336.json,9a75ef2fd400a793fb15d4701228ae4ac0427b4512949ebe5b5b49b48c46c0e3,42,scale-multiscale__bank-on__continuation-preserved
/work/11617/sujato_ts/vista/motion_code-master/physics_modal_v4/results/final/checkpoints/LatentFlow/seed42/Electricity/h720.pt,8b24f24c6762dce4,False,Electricity,factorial,720,LatentFlow,physics_modal_v4/enhancements/results/factorial/runs/scale-multiscale__bank-on__continuation-preserved/seed42/Electricity/h720.json,953f8ee1cae82c3d21e0bd2457a18b0edec4e53d8b39d1a7e9079c60948027fc,42,scale-multiscale__bank-on__continuation-preserved
/work/11617/sujato_ts/vista/motion_code-master/physics_modal_v4/results/final/checkpoints/LatentFlow/seed42/Electricity/h96.pt,ce5f9d9b3a45c2b3,False,Electricity,factorial,96,LatentFlow,physics_modal_v4/enhancements/results/factorial/runs/scale-multiscale__bank-on__continuation-preserved/seed42/Electricity/h96.json,5722a050f2b55422b41726a404926d46a46c43325016f5c1a16b88a7b97aa851,42,scale-multiscale__bank-on__continuation-preserved
/work/11617/sujato_ts/vista/motion_code-master/physics_modal_v4/results/final/checkpoints/LatentFlow/seed42/Traffic/h192.pt,057a11836639a0bd,False,Traffic,factorial,192,LatentFlow,physics_modal_v4/enhancements/results/factorial/runs/scale-multiscale__bank-on__continuation-preserved/seed42/Traffic/h192.json,80c6fea5210a549df2bf474eb55a0de8ab08ae6382397f13b061d7e1ac27a07e,42,scale-multiscale__bank-on__continuation-preserved
/work/11617/sujato_ts/vista/motion_code-master/physics_modal_v4/results/final/checkpoints/LatentFlow/seed42/Traffic/h336.pt,6329ed861fc22577,False,Traffic,factorial,336,LatentFlow,physics_modal_v4/enhancements/results/factorial/runs/scale-multiscale__bank-on__continuation-preserved/seed42/Traffic/h336.json,c090033c5de9f06aab5fc80b509ad388c0dab925ba09f9e3dd5365c64b40fc55,42,scale-multiscale__bank-on__continuation-preserved
/work/11617/sujato_ts/vista/motion_code-master/physics_modal_v4/results/final/checkpoints/LatentFlow/seed42/Traffic/h720.pt,d0ce3909e4c42240,False,Traffic,factorial,720,LatentFlow,physics_modal_v4/enhancements/results/factorial/runs/scale-multiscale__bank-on__continuation-preserved/seed42/Traffic/h720.json,a1a8e8a00b6546e9bce4ff0e8376d39bafc6a69273fe35c4905fc5d53f53ba93,42,scale-multiscale__bank-on__continuation-preserved
/work/11617/sujato_ts/vista/motion_code-master/physics_modal_v4/results/final/checkpoints/LatentFlow/seed42/Traffic/h96.pt,6552226b73e6f51e,False,Traffic,factorial,96,LatentFlow,physics_modal_v4/enhancements/results/factorial/runs/scale-multiscale__bank-on__continuation-preserved/seed42/Traffic/h96.json,8bef5ac3b97c70c299e196560a495bfc21e157d5d718e79233af2fca42a254f5,42,scale-multiscale__bank-on__continuation-preserved
/work/11617/sujato_ts/vista/motion_code-master/physics_modal_v4/results/final/checkpoints/LatentFlow/seed42/Weather/h192.pt,076e9acbc858d679,False,Weather,factorial,192,LatentFlow,physics_modal_v4/enhancements/results/factorial/runs/scale-multiscale__bank-on__continuation-preserved/seed42/Weather/h192.json,5a5ea65ab2287fd5147ec21dc0c847d0090118a01ffcdb74b56030146c5952a5,42,scale-multiscale__bank-on__continuation-preserved
/work/11617/sujato_ts/vista/motion_code-master/physics_modal_v4/results/final/checkpoints/LatentFlow/seed42/Weather/h336.pt,a817a7f5ea1bb96f,False,Weather,factorial,336,LatentFlow,physics_modal_v4/enhancements/results/factorial/runs/scale-multiscale__bank-on__continuation-preserved/seed42/Weather/h336.json,bfc15843e0b4d4f8c555ed523d3f580a59a77dbead0a3c406a56b8805f8c70c7,42,scale-multiscale__bank-on__continuation-preserved
/work/11617/sujato_ts/vista/motion_code-master/physics_modal_v4/results/final/checkpoints/LatentFlow/seed42/Weather/h720.pt,f06fa45a1042f177,False,Weather,factorial,720,LatentFlow,physics_modal_v4/enhancements/results/factorial/runs/scale-multiscale__bank-on__continuation-preserved/seed42/Weather/h720.json,a818749a3a21091780461db60b621c5b4eaa051f6d14d1ab0d1bcde180bbc0d8,42,scale-multiscale__bank-on__continuation-preserved
/work/11617/sujato_ts/vista/motion_code-master/physics_modal_v4/results/final/checkpoints/LatentFlow/seed42/Weather/h96.pt,1ee29f6e1c09bc06,False,Weather,factorial,96,LatentFlow,physics_modal_v4/enhancements/results/factorial/runs/scale-multiscale__bank-on__continuation-preserved/seed42/Weather/h96.json,03d81ca221301770273b4565334599fe4945165b391a21111e265ad962abd6d1,42,scale-multiscale__bank-on__continuation-preserved
/work/11617/sujato_ts/vista/motion_code-master/physics_modal_v4/results/final/checkpoints/LatentFlow/seed43/ETTh1/h192.pt,52f3345a43483026,False,ETTh1,factorial,192,LatentFlow,physics_modal_v4/enhancements/results/factorial/runs/scale-multiscale__bank-on__continuation-preserved/seed43/ETTh1/h192.json,84edc93e24f7c11c00661165c1881a4e835a3d1e04ceb8a059fef47f4d81f377,43,scale-multiscale__bank-on__continuation-preserved
/work/11617/sujato_ts/vista/motion_code-master/physics_modal_v4/results/final/checkpoints/LatentFlow/seed43/ETTh1/h336.pt,8e3339cb53bdfc1c,False,ETTh1,factorial,336,LatentFlow,physics_modal_v4/enhancements/results/factorial/runs/scale-multiscale__bank-on__continuation-preserved/seed43/ETTh1/h336.json,78c3583e10ad48411912d9fe07a2b6c4d1945c02deee93ba833437f126fac243,43,scale-multiscale__bank-on__continuation-preserved
/work/11617/sujato_ts/vista/motion_code-master/physics_modal_v4/results/final/checkpoints/LatentFlow/seed43/ETTh1/h720.pt,1f878f8e24a60a62,False,ETTh1,factorial,720,LatentFlow,physics_modal_v4/enhancements/results/factorial/runs/scale-multiscale__bank-on__continuation-preserved/seed43/ETTh1/h720.json,90fd9d71543f9b12e5ee9fbd13c55a9dd9d45f60dfd1356bf3e12d074990a292,43,scale-multiscale__bank-on__continuation-preserved
/work/11617/sujato_ts/vista/motion_code-master/physics_modal_v4/results/final/checkpoints/LatentFlow/seed43/ETTh1/h96.pt,641752a034910b2f,False,ETTh1,factorial,96,LatentFlow,physics_modal_v4/enhancements/results/factorial/runs/scale-multiscale__bank-on__continuation-preserved/seed43/ETTh1/h96.json,f532e5f1bbdca657776b06b80398a95d742891312634a77336dc261373c12bf4,43,scale-multiscale__bank-on__continuation-preserved
/work/11617/sujato_ts/vista/motion_code-master/physics_modal_v4/results/final/checkpoints/LatentFlow/seed43/ETTh2/h192.pt,c98e6314f44a49ec,False,ETTh2,factorial,192,LatentFlow,physics_modal_v4/enhancements/results/factorial/runs/scale-multiscale__bank-on__continuation-preserved/seed43/ETTh2/h192.json,496653fe6549569e62431b81adf5c8bc79a31e49a481ca6ed02bca0c3a63e36b,43,scale-multiscale__bank-on__continuation-preserved
/work/11617/sujato_ts/vista/motion_code-master/physics_modal_v4/results/final/checkpoints/LatentFlow/seed43/ETTh2/h336.pt,61e5f8c3645a2578,False,ETTh2,factorial,336,LatentFlow,physics_modal_v4/enhancements/results/factorial/runs/scale-multiscale__bank-on__continuation-preserved/seed43/ETTh2/h336.json,a0b4f9c6351c7ca58f695d848e66a7ea51b243bea939cabdf21c54509d826e89,43,scale-multiscale__bank-on__continuation-preserved
/work/11617/sujato_ts/vista/motion_code-master/physics_modal_v4/results/final/checkpoints/LatentFlow/seed43/ETTh2/h720.pt,2f1258c988e3b28f,False,ETTh2,factorial,720,LatentFlow,physics_modal_v4/enhancements/results/factorial/runs/scale-multiscale__bank-on__continuation-preserved/seed43/ETTh2/h720.json,ee84740924fcf8039eae30e74d52b40d78f1fc5a7473b2de808652719c2b88f6,43,scale-multiscale__bank-on__continuation-preserved
/work/11617/sujato_ts/vista/motion_code-master/physics_modal_v4/results/final/checkpoints/LatentFlow/seed43/ETTh2/h96.pt,af31c212dbb76702,False,ETTh2,factorial,96,LatentFlow,physics_modal_v4/enhancements/results/factorial/runs/scale-multiscale__bank-on__continuation-preserved/seed43/ETTh2/h96.json,30380743291bf6d12aa511e7bb94fd00f41bad89f2a1b45c143688c16983cd39,43,scale-multiscale__bank-on__continuation-preserved
/work/11617/sujato_ts/vista/motion_code-master/physics_modal_v4/results/final/checkpoints/LatentFlow/seed43/ETTm1/h192.pt,51efd7608cd7a65a,False,ETTm1,factorial,192,LatentFlow,physics_modal_v4/enhancements/results/factorial/runs/scale-multiscale__bank-on__continuation-preserved/seed43/ETTm1/h192.json,c6c04802290a06bd38d06f1d138f50e2b81f40e30a47dc8de74229b0f12963ce,43,scale-multiscale__bank-on__continuation-preserved
/work/11617/sujato_ts/vista/motion_code-master/physics_modal_v4/results/final/checkpoints/LatentFlow/seed43/ETTm1/h336.pt,f193f7980998ca4f,False,ETTm1,factorial,336,LatentFlow,physics_modal_v4/enhancements/results/factorial/runs/scale-multiscale__bank-on__continuation-preserved/seed43/ETTm1/h336.json,678d9a1625d97ef6d2efac8ee4fd104b87165dea8b253541701ae667b0c733bc,43,scale-multiscale__bank-on__continuation-preserved
/work/11617/sujato_ts/vista/motion_code-master/physics_modal_v4/results/final/checkpoints/LatentFlow/seed43/ETTm1/h720.pt,2210cc6091a5a724,False,ETTm1,factorial,720,LatentFlow,physics_modal_v4/enhancements/results/factorial/runs/scale-multiscale__bank-on__continuation-preserved/seed43/ETTm1/h720.json,a69237296a33d451c81b1b06133ef9c52468996b6a986c4c9a20a3ba06592456,43,scale-multiscale__bank-on__continuation-preserved
/work/11617/sujato_ts/vista/motion_code-master/physics_modal_v4/results/final/checkpoints/LatentFlow/seed43/ETTm1/h96.pt,885d5887b4ce0bc2,False,ETTm1,factorial,96,LatentFlow,physics_modal_v4/enhancements/results/factorial/runs/scale-multiscale__bank-on__continuation-preserved/seed43/ETTm1/h96.json,0ea38724fefb06e0274b01e6d8916d3e6800da82bca1dc0c897e9aa27bd9d9e4,43,scale-multiscale__bank-on__continuation-preserved
/work/11617/sujato_ts/vista/motion_code-master/physics_modal_v4/results/final/checkpoints/LatentFlow/seed43/ETTm2/h192.pt,1d4e5c10bbdd8192,False,ETTm2,factorial,192,LatentFlow,physics_modal_v4/enhancements/results/factorial/runs/scale-multiscale__bank-on__continuation-preserved/seed43/ETTm2/h192.json,65716c6705bfd15a4b20cf0c15b4e42a45c3a58a793de9ec4d6ea8f771778660,43,scale-multiscale__bank-on__continuation-preserved
/work/11617/sujato_ts/vista/motion_code-master/physics_modal_v4/results/final/checkpoints/LatentFlow/seed43/ETTm2/h336.pt,5016e37d7057e228,False,ETTm2,factorial,336,LatentFlow,physics_modal_v4/enhancements/results/factorial/runs/scale-multiscale__bank-on__continuation-preserved/seed43/ETTm2/h336.json,2624dc2b010ac5048b27f1200c647ec3a9d66d04fa1d2e690fb77f838fc65c62,43,scale-multiscale__bank-on__continuation-preserved
/work/11617/sujato_ts/vista/motion_code-master/physics_modal_v4/results/final/checkpoints/LatentFlow/seed43/ETTm2/h720.pt,a6a9f80984e984cf,False,ETTm2,factorial,720,LatentFlow,physics_modal_v4/enhancements/results/factorial/runs/scale-multiscale__bank-on__continuation-preserved/seed43/ETTm2/h720.json,e0d77343c3cdaab156e8b78d5647e950a2d74680508b8c58e15f5615f7f4cbf4,43,scale-multiscale__bank-on__continuation-preserved
/work/11617/sujato_ts/vista/motion_code-master/physics_modal_v4/results/final/checkpoints/LatentFlow/seed43/ETTm2/h96.pt,3ffe7d0ceea04792,False,ETTm2,factorial,96,LatentFlow,physics_modal_v4/enhancements/results/factorial/runs/scale-multiscale__bank-on__continuation-preserved/seed43/ETTm2/h96.json,0b7739aa4bcba0a9e9f6302645f65ecd24ba769b449aa51f1b9d4a45a8d0f56b,43,scale-multiscale__bank-on__continuation-preserved
/work/11617/sujato_ts/vista/motion_code-master/physics_modal_v4/results/final/checkpoints/LatentFlow/seed43/Electricity/h192.pt,6c7096f1f7eca986,False,Electricity,factorial,192,LatentFlow,physics_modal_v4/enhancements/results/factorial/runs/scale-multiscale__bank-on__continuation-preserved/seed43/Electricity/h192.json,2e678c4c61e2fb3f441025235fbac8d0bbf696c97c87061ad85e55040fbc4ab6,43,scale-multiscale__bank-on__continuation-preserved
/work/11617/sujato_ts/vista/motion_code-master/physics_modal_v4/results/final/checkpoints/LatentFlow/seed43/Electricity/h336.pt,d1efc48691c56f40,False,Electricity,factorial,336,LatentFlow,physics_modal_v4/enhancements/results/factorial/runs/scale-multiscale__bank-on__continuation-preserved/seed43/Electricity/h336.json,fb1a834dd9f838eacbdaafa291526cf65266f76462e1f2d0923b423d63b5a643,43,scale-multiscale__bank-on__continuation-preserved
/work/11617/sujato_ts/vista/motion_code-master/physics_modal_v4/results/final/checkpoints/LatentFlow/seed43/Electricity/h720.pt,017887b59597ea91,False,Electricity,factorial,720,LatentFlow,physics_modal_v4/enhancements/results/factorial/runs/scale-multiscale__bank-on__continuation-preserved/seed43/Electricity/h720.json,3fee773c129fb69ee0378fa668f359bf53004226b4864e1588a878a0c57ed422,43,scale-multiscale__bank-on__continuation-preserved
/work/11617/sujato_ts/vista/motion_code-master/physics_modal_v4/results/final/checkpoints/LatentFlow/seed43/Electricity/h96.pt,8cd40c702349988e,False,Electricity,factorial,96,LatentFlow,physics_modal_v4/enhancements/results/factorial/runs/scale-multiscale__bank-on__continuation-preserved/seed43/Electricity/h96.json,2345d6f28f44aecffbbe505141727f326e78b2f8437da035dfce5a13c178e2ee,43,scale-multiscale__bank-on__continuation-preserved
/work/11617/sujato_ts/vista/motion_code-master/physics_modal_v4/results/final/checkpoints/LatentFlow/seed43/Traffic/h192.pt,7001bc3aa7caa219,False,Traffic,factorial,192,LatentFlow,physics_modal_v4/enhancements/results/factorial/runs/scale-multiscale__bank-on__continuation-preserved/seed43/Traffic/h192.json,3eb4cb476c0306a40e3fd899c9553b0af5e8a8d5b4724f76b92d54bcad1d941b,43,scale-multiscale__bank-on__continuation-preserved
/work/11617/sujato_ts/vista/motion_code-master/physics_modal_v4/results/final/checkpoints/LatentFlow/seed43/Traffic/h336.pt,d543c9a2689cd2ab,False,Traffic,factorial,336,LatentFlow,physics_modal_v4/enhancements/results/factorial/runs/scale-multiscale__bank-on__continuation-preserved/seed43/Traffic/h336.json,22a02ba02888fb23012dc3d355de8578615d824f0550ab1f8ba8ccc99bdf8460,43,scale-multiscale__bank-on__continuation-preserved
/work/11617/sujato_ts/vista/motion_code-master/physics_modal_v4/results/final/checkpoints/LatentFlow/seed43/Traffic/h720.pt,7840a764313670ab,False,Traffic,factorial,720,LatentFlow,physics_modal_v4/enhancements/results/factorial/runs/scale-multiscale__bank-on__continuation-preserved/seed43/Traffic/h720.json,749e5b67ec7526947c10b4e19b481be0085ce6257e78c581722e5c26af768ec2,43,scale-multiscale__bank-on__continuation-preserved
/work/11617/sujato_ts/vista/motion_code-master/physics_modal_v4/results/final/checkpoints/LatentFlow/seed43/Traffic/h96.pt,7bb1bb038fa5f193,False,Traffic,factorial,96,LatentFlow,physics_modal_v4/enhancements/results/factorial/runs/scale-multiscale__bank-on__continuation-preserved/seed43/Traffic/h96.json,0e81d91dc8eb2bd62794ac4604b2ff803725c9ccf8eb93bbf0a017944072937a,43,scale-multiscale__bank-on__continuation-preserved
/work/11617/sujato_ts/vista/motion_code-master/physics_modal_v4/results/final/checkpoints/LatentFlow/seed43/Weather/h192.pt,04aa8c9dba22b891,False,Weather,factorial,192,LatentFlow,physics_modal_v4/enhancements/results/factorial/runs/scale-multiscale__bank-on__continuation-preserved/seed43/Weather/h192.json,1671977b79b14d287fff44acce32f6d064ba71b1706d8825c95ac86866ec7740,43,scale-multiscale__bank-on__continuation-preserved
/work/11617/sujato_ts/vista/motion_code-master/physics_modal_v4/results/final/checkpoints/LatentFlow/seed43/Weather/h336.pt,7d6d141693693926,False,Weather,factorial,336,LatentFlow,physics_modal_v4/enhancements/results/factorial/runs/scale-multiscale__bank-on__continuation-preserved/seed43/Weather/h336.json,ece33ae3c63168762d4519c3ea5b910a16640c177b7725c929ecbea16ca80ad9,43,scale-multiscale__bank-on__continuation-preserved
/work/11617/sujato_ts/vista/motion_code-master/physics_modal_v4/results/final/checkpoints/LatentFlow/seed43/Weather/h720.pt,b0f974a72790aced,False,Weather,factorial,720,LatentFlow,physics_modal_v4/enhancements/results/factorial/runs/scale-multiscale__bank-on__continuation-preserved/seed43/Weather/h720.json,19b6804c14c8f1dda493cec20478de489c92289d56c29161ac0816e68c240055,43,scale-multiscale__bank-on__continuation-preserved
/work/11617/sujato_ts/vista/motion_code-master/physics_modal_v4/results/final/checkpoints/LatentFlow/seed43/Weather/h96.pt,92bed8d640404f53,False,Weather,factorial,96,LatentFlow,physics_modal_v4/enhancements/results/factorial/runs/scale-multiscale__bank-on__continuation-preserved/seed43/Weather/h96.json,c5b77895284d79ecdf07fe33de51dfce3b0912ec84a69e1235f455d3f0a841c1,43,scale-multiscale__bank-on__continuation-preserved
/work/11617/sujato_ts/vista/motion_code-master/physics_modal_v4/results/final/checkpoints/LatentFlow/seed44/ETTh1/h192.pt,cc067c73bf21d1e9,False,ETTh1,factorial,192,LatentFlow,physics_modal_v4/enhancements/results/factorial/runs/scale-multiscale__bank-on__continuation-preserved/seed44/ETTh1/h192.json,dafbd565f6ff6d95d497bda7083431739b4f4b70db7a803b319f4b2f1b7d9435,44,scale-multiscale__bank-on__continuation-preserved
/work/11617/sujato_ts/vista/motion_code-master/physics_modal_v4/results/final/checkpoints/LatentFlow/seed44/ETTh1/h336.pt,e9071d3963be360d,False,ETTh1,factorial,336,LatentFlow,physics_modal_v4/enhancements/results/factorial/runs/scale-multiscale__bank-on__continuation-preserved/seed44/ETTh1/h336.json,9c728f7f61caa26034edb7aac1f21e26277b636c2adecd239d4520611a96b620,44,scale-multiscale__bank-on__continuation-preserved
/work/11617/sujato_ts/vista/motion_code-master/physics_modal_v4/results/final/checkpoints/LatentFlow/seed44/ETTh1/h720.pt,66bec7ed39d692d5,False,ETTh1,factorial,720,LatentFlow,physics_modal_v4/enhancements/results/factorial/runs/scale-multiscale__bank-on__continuation-preserved/seed44/ETTh1/h720.json,1d822e9bcc355ab1a2307e4e827e19a45e5a476286e9e231abb0e3d195488389,44,scale-multiscale__bank-on__continuation-preserved
/work/11617/sujato_ts/vista/motion_code-master/physics_modal_v4/results/final/checkpoints/LatentFlow/seed44/ETTh1/h96.pt,b69f1b44ef1f7fe0,False,ETTh1,factorial,96,LatentFlow,physics_modal_v4/enhancements/results/factorial/runs/scale-multiscale__bank-on__continuation-preserved/seed44/ETTh1/h96.json,0e4903ceddf1d4e4c1557d86e9f773acb8a56a6e6753d058ac7e244ef895d37f,44,scale-multiscale__bank-on__continuation-preserved
/work/11617/sujato_ts/vista/motion_code-master/physics_modal_v4/results/final/checkpoints/LatentFlow/seed44/ETTh2/h192.pt,f7fbedfac620e22e,False,ETTh2,factorial,192,LatentFlow,physics_modal_v4/enhancements/results/factorial/runs/scale-multiscale__bank-on__continuation-preserved/seed44/ETTh2/h192.json,bb67226d6cac50a12411d074744325aef7493560502131315f4712ccf9e40876,44,scale-multiscale__bank-on__continuation-preserved
/work/11617/sujato_ts/vista/motion_code-master/physics_modal_v4/results/final/checkpoints/LatentFlow/seed44/ETTh2/h336.pt,4b668d9fe41589ac,False,ETTh2,factorial,336,LatentFlow,physics_modal_v4/enhancements/results/factorial/runs/scale-multiscale__bank-on__continuation-preserved/seed44/ETTh2/h336.json,10a5cc8c1db42fbcd082c9a4fb1057abe591c666634e5191dc5675c716ea2aac,44,scale-multiscale__bank-on__continuation-preserved
/work/11617/sujato_ts/vista/motion_code-master/physics_modal_v4/results/final/checkpoints/LatentFlow/seed44/ETTh2/h720.pt,9154bcb18969aac8,False,ETTh2,factorial,720,LatentFlow,physics_modal_v4/enhancements/results/factorial/runs/scale-multiscale__bank-on__continuation-preserved/seed44/ETTh2/h720.json,d1f9b5952a76370101e07289da053a927732d7d0fcf91606cb91402e85de1810,44,scale-multiscale__bank-on__continuation-preserved
/work/11617/sujato_ts/vista/motion_code-master/physics_modal_v4/results/final/checkpoints/LatentFlow/seed44/ETTh2/h96.pt,ffab26eae3b5936a,False,ETTh2,factorial,96,LatentFlow,physics_modal_v4/enhancements/results/factorial/runs/scale-multiscale__bank-on__continuation-preserved/seed44/ETTh2/h96.json,7e82930d5c399de1b9acca33c994dd238b659c38552b4c3ebc17e22e107d2a91,44,scale-multiscale__bank-on__continuation-preserved
/work/11617/sujato_ts/vista/motion_code-master/physics_modal_v4/results/final/checkpoints/LatentFlow/seed44/ETTm1/h192.pt,d6eda817b88869f1,False,ETTm1,factorial,192,LatentFlow,physics_modal_v4/enhancements/results/factorial/runs/scale-multiscale__bank-on__continuation-preserved/seed44/ETTm1/h192.json,ced2525c0b81a98abd2c4ee6578dd41838cfb13c9b944bb0fc9b8216d92c0280,44,scale-multiscale__bank-on__continuation-preserved
/work/11617/sujato_ts/vista/motion_code-master/physics_modal_v4/results/final/checkpoints/LatentFlow/seed44/ETTm1/h336.pt,fa77ff85709e2cdc,False,ETTm1,factorial,336,LatentFlow,physics_modal_v4/enhancements/results/factorial/runs/scale-multiscale__bank-on__continuation-preserved/seed44/ETTm1/h336.json,b2d515fa3e1cf78c021dd2ed19ba76e38cfea69c84771dfe7abbdd5f138b9efd,44,scale-multiscale__bank-on__continuation-preserved
/work/11617/sujato_ts/vista/motion_code-master/physics_modal_v4/results/final/checkpoints/LatentFlow/seed44/ETTm1/h720.pt,bc4da22899cc9a77,False,ETTm1,factorial,720,LatentFlow,physics_modal_v4/enhancements/results/factorial/runs/scale-multiscale__bank-on__continuation-preserved/seed44/ETTm1/h720.json,212348f275ddd17ce373baa965bb9cb7e271e17d14fe9322e3705c96fcd83c95,44,scale-multiscale__bank-on__continuation-preserved
/work/11617/sujato_ts/vista/motion_code-master/physics_modal_v4/results/final/checkpoints/LatentFlow/seed44/ETTm1/h96.pt,edcb387ed652b5fa,False,ETTm1,factorial,96,LatentFlow,physics_modal_v4/enhancements/results/factorial/runs/scale-multiscale__bank-on__continuation-preserved/seed44/ETTm1/h96.json,34b51f48c0bebbf99436cb7887d952b898ab065441c1647181b676d8677ea572,44,scale-multiscale__bank-on__continuation-preserved
/work/11617/sujato_ts/vista/motion_code-master/physics_modal_v4/results/final/checkpoints/LatentFlow/seed44/ETTm2/h192.pt,0fbd254426e99d70,False,ETTm2,factorial,192,LatentFlow,physics_modal_v4/enhancements/results/factorial/runs/scale-multiscale__bank-on__continuation-preserved/seed44/ETTm2/h192.json,35886bbb540475e09d5efe1052a50bf1872181079be235ffadb2b602fb03fd28,44,scale-multiscale__bank-on__continuation-preserved
/work/11617/sujato_ts/vista/motion_code-master/physics_modal_v4/results/final/checkpoints/LatentFlow/seed44/ETTm2/h336.pt,fe2eedd22813d0ae,False,ETTm2,factorial,336,LatentFlow,physics_modal_v4/enhancements/results/factorial/runs/scale-multiscale__bank-on__continuation-preserved/seed44/ETTm2/h336.json,7951afd3fea6966a7f7b92abb79139b37ca00a8dab84b1fbcc0ff48f7ad36dae,44,scale-multiscale__bank-on__continuation-preserved
/work/11617/sujato_ts/vista/motion_code-master/physics_modal_v4/results/final/checkpoints/LatentFlow/seed44/ETTm2/h720.pt,0235c031b61bb78c,False,ETTm2,factorial,720,LatentFlow,physics_modal_v4/enhancements/results/factorial/runs/scale-multiscale__bank-on__continuation-preserved/seed44/ETTm2/h720.json,6cc0dc0e8b6839f418123f93c5c49682e28ed6cc1e28131eb87c86e00c6bd71e,44,scale-multiscale__bank-on__continuation-preserved
/work/11617/sujato_ts/vista/motion_code-master/physics_modal_v4/results/final/checkpoints/LatentFlow/seed44/ETTm2/h96.pt,11a328ef04790cba,False,ETTm2,factorial,96,LatentFlow,physics_modal_v4/enhancements/results/factorial/runs/scale-multiscale__bank-on__continuation-preserved/seed44/ETTm2/h96.json,9ce9d0b640a66477966c3a650383416cb4dfcdd393e75894bfae0ff44cbe1b37,44,scale-multiscale__bank-on__continuation-preserved
/work/11617/sujato_ts/vista/motion_code-master/physics_modal_v4/results/final/checkpoints/LatentFlow/seed44/Electricity/h192.pt,c80afd48fd153df0,False,Electricity,factorial,192,LatentFlow,physics_modal_v4/enhancements/results/factorial/runs/scale-multiscale__bank-on__continuation-preserved/seed44/Electricity/h192.json,76f2ae3aa3114082e2d14b1acb935c3fc9fa805a94328a42fe4bf35efda6c45d,44,scale-multiscale__bank-on__continuation-preserved
/work/11617/sujato_ts/vista/motion_code-master/physics_modal_v4/results/final/checkpoints/LatentFlow/seed44/Electricity/h336.pt,34391bd800b6573d,False,Electricity,factorial,336,LatentFlow,physics_modal_v4/enhancements/results/factorial/runs/scale-multiscale__bank-on__continuation-preserved/seed44/Electricity/h336.json,430e4eef24c3f4030b1a668dbc54caaab000ea4373372528b5ecebb39395b6d7,44,scale-multiscale__bank-on__continuation-preserved
/work/11617/sujato_ts/vista/motion_code-master/physics_modal_v4/results/final/checkpoints/LatentFlow/seed44/Electricity/h720.pt,1540817286ae649f,False,Electricity,factorial,720,LatentFlow,physics_modal_v4/enhancements/results/factorial/runs/scale-multiscale__bank-on__continuation-preserved/seed44/Electricity/h720.json,e926ab2460d4e60c2c9150c9f33eec3877fec1006bc149633ecb42ef472a4de6,44,scale-multiscale__bank-on__continuation-preserved
/work/11617/sujato_ts/vista/motion_code-master/physics_modal_v4/results/final/checkpoints/LatentFlow/seed44/Electricity/h96.pt,72c36f0be16ce4ce,False,Electricity,factorial,96,LatentFlow,physics_modal_v4/enhancements/results/factorial/runs/scale-multiscale__bank-on__continuation-preserved/seed44/Electricity/h96.json,03ebc28e965bc82fbf94bcaa46a69797a6a6bdb25924bef27afa3dfeb4434bf2,44,scale-multiscale__bank-on__continuation-preserved
/work/11617/sujato_ts/vista/motion_code-master/physics_modal_v4/results/final/checkpoints/LatentFlow/seed44/Traffic/h192.pt,5cb52d0b776cfa5f,False,Traffic,factorial,192,LatentFlow,physics_modal_v4/enhancements/results/factorial/runs/scale-multiscale__bank-on__continuation-preserved/seed44/Traffic/h192.json,323e14139ef6d09c28cd912b3faa12d091269cc3bca125e96331338ae7ede5ea,44,scale-multiscale__bank-on__continuation-preserved
/work/11617/sujato_ts/vista/motion_code-master/physics_modal_v4/results/final/checkpoints/LatentFlow/seed44/Traffic/h336.pt,c9c16c055cb69ed0,False,Traffic,factorial,336,LatentFlow,physics_modal_v4/enhancements/results/factorial/runs/scale-multiscale__bank-on__continuation-preserved/seed44/Traffic/h336.json,45af1f62486c63b9053b546ea3b20d86386a37f6ee777330b025ece361cb890f,44,scale-multiscale__bank-on__continuation-preserved
/work/11617/sujato_ts/vista/motion_code-master/physics_modal_v4/results/final/checkpoints/LatentFlow/seed44/Traffic/h720.pt,dbfbd1ed6b38bcb0,False,Traffic,factorial,720,LatentFlow,physics_modal_v4/enhancements/results/factorial/runs/scale-multiscale__bank-on__continuation-preserved/seed44/Traffic/h720.json,67dc13f4136482f194b0f04892068e8ac4b5a3c7afeb1ee509068da16a2b750d,44,scale-multiscale__bank-on__continuation-preserved
/work/11617/sujato_ts/vista/motion_code-master/physics_modal_v4/results/final/checkpoints/LatentFlow/seed44/Traffic/h96.pt,3e5ecae0a6c9f64a,False,Traffic,factorial,96,LatentFlow,physics_modal_v4/enhancements/results/factorial/runs/scale-multiscale__bank-on__continuation-preserved/seed44/Traffic/h96.json,ff5dc5a603aee8e2aa066c25a7bcd5937c8db78a19e900b86ff02ab974bdb030,44,scale-multiscale__bank-on__continuation-preserved
/work/11617/sujato_ts/vista/motion_code-master/physics_modal_v4/results/final/checkpoints/LatentFlow/seed44/Weather/h192.pt,01cf68e15875d121,False,Weather,factorial,192,LatentFlow,physics_modal_v4/enhancements/results/factorial/runs/scale-multiscale__bank-on__continuation-preserved/seed44/Weather/h192.json,87a70f0ed7bd1e928c625a09197a9cdda319a57c0e20904d736e66fff97fe296,44,scale-multiscale__bank-on__continuation-preserved
/work/11617/sujato_ts/vista/motion_code-master/physics_modal_v4/results/final/checkpoints/LatentFlow/seed44/Weather/h336.pt,c8034b9ca67c4e9b,False,Weather,factorial,336,LatentFlow,physics_modal_v4/enhancements/results/factorial/runs/scale-multiscale__bank-on__continuation-preserved/seed44/Weather/h336.json,c81c0b6975089d31e4d3326111b090a91d2569550470828e5d7437d3dbf7a0b7,44,scale-multiscale__bank-on__continuation-preserved
/work/11617/sujato_ts/vista/motion_code-master/physics_modal_v4/results/final/checkpoints/LatentFlow/seed44/Weather/h720.pt,11b0e412369450e5,False,Weather,factorial,720,LatentFlow,physics_modal_v4/enhancements/results/factorial/runs/scale-multiscale__bank-on__continuation-preserved/seed44/Weather/h720.json,f7a9704c40d601707c73fbfdf834a45795689674872e27facfb2f22169fb543b,44,scale-multiscale__bank-on__continuation-preserved
/work/11617/sujato_ts/vista/motion_code-master/physics_modal_v4/results/final/checkpoints/LatentFlow/seed44/Weather/h96.pt,5f7c5eee7abccbbf,False,Weather,factorial,96,LatentFlow,physics_modal_v4/enhancements/results/factorial/runs/scale-multiscale__bank-on__continuation-preserved/seed44/Weather/h96.json,c52844587e10b18fd5318238a6725ff9e0074b20fcfc49bdbba6d2e89db58678,44,scale-multiscale__bank-on__continuation-preserved
/work/11617/sujato_ts/vista/motion_code-master/physics_modal_v4/enhancements/results/factorial/checkpoints/scale-single__bank-off__continuation-early/seed42/ETTh1/h192.pt,86538caf04d45b88,False,ETTh1,factorial,192,LatentFlow,physics_modal_v4/enhancements/results/factorial/runs/scale-single__bank-off__continuation-early/seed42/ETTh1/h192.json,d35ca6591f0770b9ac0e939f9cb19ba1227402e49de32c6b6d9c91485351fd59,42,scale-single__bank-off__continuation-early
/work/11617/sujato_ts/vista/motion_code-master/physics_modal_v4/enhancements/results/factorial/checkpoints/scale-single__bank-off__continuation-early/seed42/ETTh1/h336.pt,fcbfcf49bc256b0a,False,ETTh1,factorial,336,LatentFlow,physics_modal_v4/enhancements/results/factorial/runs/scale-single__bank-off__continuation-early/seed42/ETTh1/h336.json,5bfae76ec6fc1da408968bd8e39f9bb52c98510e0a2c17f5cf3a1a006bc17084,42,scale-single__bank-off__continuation-early
/work/11617/sujato_ts/vista/motion_code-master/physics_modal_v4/enhancements/results/factorial/checkpoints/scale-single__bank-off__continuation-early/seed42/ETTh1/h720.pt,7dbaac77b0cc00eb,False,ETTh1,factorial,720,LatentFlow,physics_modal_v4/enhancements/results/factorial/runs/scale-single__bank-off__continuation-early/seed42/ETTh1/h720.json,5222eb7513984c27658c967f1140366c5a79fd173122e8ed6d18fe12aad5b81c,42,scale-single__bank-off__continuation-early
/work/11617/sujato_ts/vista/motion_code-master/physics_modal_v4/enhancements/results/factorial/checkpoints/scale-single__bank-off__continuation-early/seed42/ETTh1/h96.pt,c8747d8e763e2bf7,False,ETTh1,factorial,96,LatentFlow,physics_modal_v4/enhancements/results/factorial/runs/scale-single__bank-off__continuation-early/seed42/ETTh1/h96.json,d8184e69e1a3975a23441bbe456c3aa5e9cbdbaffcd6d515977b5b3736baa1a2,42,scale-single__bank-off__continuation-early
/work/11617/sujato_ts/vista/motion_code-master/physics_modal_v4/enhancements/results/factorial/checkpoints/scale-single__bank-off__continuation-early/seed42/ETTh2/h192.pt,b629044c657328d7,False,ETTh2,factorial,192,LatentFlow,physics_modal_v4/enhancements/results/factorial/runs/scale-single__bank-off__continuation-early/seed42/ETTh2/h192.json,fbfa4de54efed550d0da68c9d0cf5cba8f888d357bcc6170760dc32f81916c4d,42,scale-single__bank-off__continuation-early
/work/11617/sujato_ts/vista/motion_code-master/physics_modal_v4/enhancements/results/factorial/checkpoints/scale-single__bank-off__continuation-early/seed42/ETTh2/h336.pt,a8c319cbbec082f3,False,ETTh2,factorial,336,LatentFlow,physics_modal_v4/enhancements/results/factorial/runs/scale-single__bank-off__continuation-early/seed42/ETTh2/h336.json,38479591d9748be773d9ccf3bf35c32eb4f50ce646627cadd2db09c9e23b84e0,42,scale-single__bank-off__continuation-early
/work/11617/sujato_ts/vista/motion_code-master/physics_modal_v4/enhancements/results/factorial/checkpoints/scale-single__bank-off__continuation-early/seed42/ETTh2/h720.pt,1b72a81bb8d97055,False,ETTh2,factorial,720,LatentFlow,physics_modal_v4/enhancements/results/factorial/runs/scale-single__bank-off__continuation-early/seed42/ETTh2/h720.json,0255133ba71c76364609ef37c492ec0f60b34e7759157efe18a40bb8ba140e5e,42,scale-single__bank-off__continuation-early
/work/11617/sujato_ts/vista/motion_code-master/physics_modal_v4/enhancements/results/factorial/checkpoints/scale-single__bank-off__continuation-early/seed42/ETTh2/h96.pt,1446cb6c3327930f,False,ETTh2,factorial,96,LatentFlow,physics_modal_v4/enhancements/results/factorial/runs/scale-single__bank-off__continuation-early/seed42/ETTh2/h96.json,238ce8870159bd0f8bc190cb2d0608bf38faee7a78ab29d7886a124428678386,42,scale-single__bank-off__continuation-early
/work/11617/sujato_ts/vista/motion_code-master/physics_modal_v4/enhancements/results/factorial/checkpoints/scale-single__bank-off__continuation-early/seed42/ETTm1/h192.pt,323731971fb66827,False,ETTm1,factorial,192,LatentFlow,physics_modal_v4/enhancements/results/factorial/runs/scale-single__bank-off__continuation-early/seed42/ETTm1/h192.json,9588d7f03b5f0d7696c280a98760c80cbfc22ec7d13add35a1677f9df1faf022,42,scale-single__bank-off__continuation-early
/work/11617/sujato_ts/vista/motion_code-master/physics_modal_v4/enhancements/results/factorial/checkpoints/scale-single__bank-off__continuation-early/seed42/ETTm1/h336.pt,1d7585fdd3e520ef,False,ETTm1,factorial,336,LatentFlow,physics_modal_v4/enhancements/results/factorial/runs/scale-single__bank-off__continuation-early/seed42/ETTm1/h336.json,0da1a55afcfd4eec74b91d238d8f82d1409aa9dfacb0d27f6385b630f8da74ae,42,scale-single__bank-off__continuation-early
/work/11617/sujato_ts/vista/motion_code-master/physics_modal_v4/enhancements/results/factorial/checkpoints/scale-single__bank-off__continuation-early/seed42/ETTm1/h720.pt,b93a926a9426c08c,False,ETTm1,factorial,720,LatentFlow,physics_modal_v4/enhancements/results/factorial/runs/scale-single__bank-off__continuation-early/seed42/ETTm1/h720.json,2c8604f7629f3f4809cdbb0914fe93cf28282e5567a4c5ed698a02fac95cb567,42,scale-single__bank-off__continuation-early
/work/11617/sujato_ts/vista/motion_code-master/physics_modal_v4/enhancements/results/factorial/checkpoints/scale-single__bank-off__continuation-early/seed42/ETTm1/h96.pt,c4f808147cdadd66,False,ETTm1,factorial,96,LatentFlow,physics_modal_v4/enhancements/results/factorial/runs/scale-single__bank-off__continuation-early/seed42/ETTm1/h96.json,ec5c443e40ff75e1d803c24c0b6991256ab714266798b2ed7c40e0a743a3cedd,42,scale-single__bank-off__continuation-early
/work/11617/sujato_ts/vista/motion_code-master/physics_modal_v4/enhancements/results/factorial/checkpoints/scale-single__bank-off__continuation-early/seed42/ETTm2/h192.pt,b14a9bc1b64edfe9,False,ETTm2,factorial,192,LatentFlow,physics_modal_v4/enhancements/results/factorial/runs/scale-single__bank-off__continuation-early/seed42/ETTm2/h192.json,470995375e4fdcb700a61f420a1a2a991eab08c9f476de72f7ad273c17a5da42,42,scale-single__bank-off__continuation-early
/work/11617/sujato_ts/vista/motion_code-master/physics_modal_v4/enhancements/results/factorial/checkpoints/scale-single__bank-off__continuation-early/seed42/ETTm2/h336.pt,55bfe25314cdb45d,False,ETTm2,factorial,336,LatentFlow,physics_modal_v4/enhancements/results/factorial/runs/scale-single__bank-off__continuation-early/seed42/ETTm2/h336.json,bf3f9b52dee7e53dc844bbce40c84d2c061f6e23f341232d0fde16544be2aeaa,42,scale-single__bank-off__continuation-early
/work/11617/sujato_ts/vista/motion_code-master/physics_modal_v4/enhancements/results/factorial/checkpoints/scale-single__bank-off__continuation-early/seed42/ETTm2/h720.pt,cb38ebb4e0d30380,False,ETTm2,factorial,720,LatentFlow,physics_modal_v4/enhancements/results/factorial/runs/scale-single__bank-off__continuation-early/seed42/ETTm2/h720.json,61be313c9fef016b50a2c41e18edae62b534c83bcc079949927ea0c180f73290,42,scale-single__bank-off__continuation-early
/work/11617/sujato_ts/vista/motion_code-master/physics_modal_v4/enhancements/results/factorial/checkpoints/scale-single__bank-off__continuation-early/seed42/ETTm2/h96.pt,d5e887269e5d90ef,False,ETTm2,factorial,96,LatentFlow,physics_modal_v4/enhancements/results/factorial/runs/scale-single__bank-off__continuation-early/seed42/ETTm2/h96.json,f66acd4807c33486770b7896022c3831ddbe3b9b97554074e148d814a501d599,42,scale-single__bank-off__continuation-early
/work/11617/sujato_ts/vista/motion_code-master/physics_modal_v4/enhancements/results/factorial/checkpoints/scale-single__bank-off__continuation-early/seed42/Electricity/h192.pt,99e98ce5407c2a46,False,Electricity,factorial,192,LatentFlow,physics_modal_v4/enhancements/results/factorial/runs/scale-single__bank-off__continuation-early/seed42/Electricity/h192.json,c8947521db25ea095ce5df9dc27fdbd58b2ee4229de9bff9a2fcb1014da5db36,42,scale-single__bank-off__continuation-early
/work/11617/sujato_ts/vista/motion_code-master/physics_modal_v4/enhancements/results/factorial/checkpoints/scale-single__bank-off__continuation-early/seed42/Electricity/h336.pt,5476219beeb695fa,False,Electricity,factorial,336,LatentFlow,physics_modal_v4/enhancements/results/factorial/runs/scale-single__bank-off__continuation-early/seed42/Electricity/h336.json,1f5edaf679396120c3b1229958fccc2bc465420d00bf0d405f87b09c0e10f7ad,42,scale-single__bank-off__continuation-early
/work/11617/sujato_ts/vista/motion_code-master/physics_modal_v4/enhancements/results/factorial/checkpoints/scale-single__bank-off__continuation-early/seed42/Electricity/h720.pt,8b24f24c6762dce4,False,Electricity,factorial,720,LatentFlow,physics_modal_v4/enhancements/results/factorial/runs/scale-single__bank-off__continuation-early/seed42/Electricity/h720.json,258606f778aa8879c9223566b615c2b8125cd42393da6ee2532fd96d27295016,42,scale-single__bank-off__continuation-early
/work/11617/sujato_ts/vista/motion_code-master/physics_modal_v4/enhancements/results/factorial/checkpoints/scale-single__bank-off__continuation-early/seed42/Electricity/h96.pt,ce5f9d9b3a45c2b3,False,Electricity,factorial,96,LatentFlow,physics_modal_v4/enhancements/results/factorial/runs/scale-single__bank-off__continuation-early/seed42/Electricity/h96.json,1c7973f27ad3a4671d89c6b164e5f1741a6ca1c8cbd620e98bd5e2f7e43b197c,42,scale-single__bank-off__continuation-early
/work/11617/sujato_ts/vista/motion_code-master/physics_modal_v4/enhancements/results/factorial/checkpoints/scale-single__bank-off__continuation-early/seed42/Traffic/h192.pt,057a11836639a0bd,False,Traffic,factorial,192,LatentFlow,physics_modal_v4/enhancements/results/factorial/runs/scale-single__bank-off__continuation-early/seed42/Traffic/h192.json,6ec4d7da3fdff8af9a6ad3ee64b9bc7b247a87d147c658944f9b733d915ef0cf,42,scale-single__bank-off__continuation-early
/work/11617/sujato_ts/vista/motion_code-master/physics_modal_v4/enhancements/results/factorial/checkpoints/scale-single__bank-off__continuation-early/seed42/Traffic/h336.pt,6329ed861fc22577,False,Traffic,factorial,336,LatentFlow,physics_modal_v4/enhancements/results/factorial/runs/scale-single__bank-off__continuation-early/seed42/Traffic/h336.json,3df62ab2078ce2c3005e37cff8ec3b90f48394de186492a099f77758f1bcc797,42,scale-single__bank-off__continuation-early
/work/11617/sujato_ts/vista/motion_code-master/physics_modal_v4/enhancements/results/factorial/checkpoints/scale-single__bank-off__continuation-early/seed42/Traffic/h720.pt,d0ce3909e4c42240,False,Traffic,factorial,720,LatentFlow,physics_modal_v4/enhancements/results/factorial/runs/scale-single__bank-off__continuation-early/seed42/Traffic/h720.json,c154cc82077d38e962f09d6a5f364b6996bc96ff90d6b690cb5cb31d6f6aa72c,42,scale-single__bank-off__continuation-early
/work/11617/sujato_ts/vista/motion_code-master/physics_modal_v4/enhancements/results/factorial/checkpoints/scale-single__bank-off__continuation-early/seed42/Traffic/h96.pt,6552226b73e6f51e,False,Traffic,factorial,96,LatentFlow,physics_modal_v4/enhancements/results/factorial/runs/scale-single__bank-off__continuation-early/seed42/Traffic/h96.json,1624a91b9bba447086742adb085437814e3d813d9b138f842b57c453e7e0cff5,42,scale-single__bank-off__continuation-early
/work/11617/sujato_ts/vista/motion_code-master/physics_modal_v4/enhancements/results/factorial/checkpoints/scale-single__bank-off__continuation-early/seed42/Weather/h192.pt,076e9acbc858d679,False,Weather,factorial,192,LatentFlow,physics_modal_v4/enhancements/results/factorial/runs/scale-single__bank-off__continuation-early/seed42/Weather/h192.json,8865c05ff988df6a8a39c3665183c59965a7d31514368a6b2750358e4cef4d01,42,scale-single__bank-off__continuation-early
/work/11617/sujato_ts/vista/motion_code-master/physics_modal_v4/enhancements/results/factorial/checkpoints/scale-single__bank-off__continuation-early/seed42/Weather/h336.pt,a817a7f5ea1bb96f,False,Weather,factorial,336,LatentFlow,physics_modal_v4/enhancements/results/factorial/runs/scale-single__bank-off__continuation-early/seed42/Weather/h336.json,2b9f901dc86785d8a37b735d2cba02fdd13e312db53ceb368aa7ba243f20cf11,42,scale-single__bank-off__continuation-early
/work/11617/sujato_ts/vista/motion_code-master/physics_modal_v4/enhancements/results/factorial/checkpoints/scale-single__bank-off__continuation-early/seed42/Weather/h720.pt,f06fa45a1042f177,False,Weather,factorial,720,LatentFlow,physics_modal_v4/enhancements/results/factorial/runs/scale-single__bank-off__continuation-early/seed42/Weather/h720.json,98eabbc15251ad519a09e1c46500a740ecc8e66cb96eda93329016ad4e3442eb,42,scale-single__bank-off__continuation-early
/work/11617/sujato_ts/vista/motion_code-master/physics_modal_v4/enhancements/results/factorial/checkpoints/scale-single__bank-off__continuation-early/seed42/Weather/h96.pt,1ee29f6e1c09bc06,False,Weather,factorial,96,LatentFlow,physics_modal_v4/enhancements/results/factorial/runs/scale-single__bank-off__continuation-early/seed42/Weather/h96.json,2c7456c691c2600c076587addff3681f627086eace94c045789397185d5c8c34,42,scale-single__bank-off__continuation-early
/work/11617/sujato_ts/vista/motion_code-master/physics_modal_v4/enhancements/results/factorial/checkpoints/scale-single__bank-off__continuation-early/seed43/ETTh1/h192.pt,52f3345a43483026,False,ETTh1,factorial,192,LatentFlow,physics_modal_v4/enhancements/results/factorial/runs/scale-single__bank-off__continuation-early/seed43/ETTh1/h192.json,8813f9f9b3054381d2fe785660a6c950e421a751826722c284aedd01a3d22673,43,scale-single__bank-off__continuation-early
/work/11617/sujato_ts/vista/motion_code-master/physics_modal_v4/enhancements/results/factorial/checkpoints/scale-single__bank-off__continuation-early/seed43/ETTh1/h336.pt,8e3339cb53bdfc1c,False,ETTh1,factorial,336,LatentFlow,physics_modal_v4/enhancements/results/factorial/runs/scale-single__bank-off__continuation-early/seed43/ETTh1/h336.json,9bd9838c4e33119404e2347166e224e168b1c5d31ab6e3ca0476b10527e66904,43,scale-single__bank-off__continuation-early
/work/11617/sujato_ts/vista/motion_code-master/physics_modal_v4/enhancements/results/factorial/checkpoints/scale-single__bank-off__continuation-early/seed43/ETTh1/h720.pt,1f878f8e24a60a62,False,ETTh1,factorial,720,LatentFlow,physics_modal_v4/enhancements/results/factorial/runs/scale-single__bank-off__continuation-early/seed43/ETTh1/h720.json,43382f79eb7063d72c048c3a473c342aac0242399a364e0c59fcb7ae2e5b00f3,43,scale-single__bank-off__continuation-early
/work/11617/sujato_ts/vista/motion_code-master/physics_modal_v4/enhancements/results/factorial/checkpoints/scale-single__bank-off__continuation-early/seed43/ETTh1/h96.pt,641752a034910b2f,False,ETTh1,factorial,96,LatentFlow,physics_modal_v4/enhancements/results/factorial/runs/scale-single__bank-off__continuation-early/seed43/ETTh1/h96.json,f9419fa7352b0d623e63fec29f59b565a045e6d91b12c6abceb7cea64a5b334e,43,scale-single__bank-off__continuation-early
/work/11617/sujato_ts/vista/motion_code-master/physics_modal_v4/enhancements/results/factorial/checkpoints/scale-single__bank-off__continuation-early/seed43/ETTh2/h192.pt,c98e6314f44a49ec,False,ETTh2,factorial,192,LatentFlow,physics_modal_v4/enhancements/results/factorial/runs/scale-single__bank-off__continuation-early/seed43/ETTh2/h192.json,d1f3f2e93e3f8cfb5ba203f2064ee76217e56ddd705560c609b9e73c0c74ebf5,43,scale-single__bank-off__continuation-early
/work/11617/sujato_ts/vista/motion_code-master/physics_modal_v4/enhancements/results/factorial/checkpoints/scale-single__bank-off__continuation-early/seed43/ETTh2/h336.pt,61e5f8c3645a2578,False,ETTh2,factorial,336,LatentFlow,physics_modal_v4/enhancements/results/factorial/runs/scale-single__bank-off__continuation-early/seed43/ETTh2/h336.json,579446aab133dfa6c952884089c0e1ff71fb43e5b1e8debf8aa5478bfda271f4,43,scale-single__bank-off__continuation-early
/work/11617/sujato_ts/vista/motion_code-master/physics_modal_v4/enhancements/results/factorial/checkpoints/scale-single__bank-off__continuation-early/seed43/ETTh2/h720.pt,2f1258c988e3b28f,False,ETTh2,factorial,720,LatentFlow,physics_modal_v4/enhancements/results/factorial/runs/scale-single__bank-off__continuation-early/seed43/ETTh2/h720.json,342176d5777e52ec4ac85c6f1a6656a6e2bcdcc8c27d0f417a19d9d743771831,43,scale-single__bank-off__continuation-early
/work/11617/sujato_ts/vista/motion_code-master/physics_modal_v4/enhancements/results/factorial/checkpoints/scale-single__bank-off__continuation-early/seed43/ETTh2/h96.pt,af31c212dbb76702,False,ETTh2,factorial,96,LatentFlow,physics_modal_v4/enhancements/results/factorial/runs/scale-single__bank-off__continuation-early/seed43/ETTh2/h96.json,f8ed60a86fb8a4c189f28fb7c53017f29e8a31441f684efc5c4cefbe248a9443,43,scale-single__bank-off__continuation-early
/work/11617/sujato_ts/vista/motion_code-master/physics_modal_v4/enhancements/results/factorial/checkpoints/scale-single__bank-off__continuation-early/seed43/ETTm1/h192.pt,51efd7608cd7a65a,False,ETTm1,factorial,192,LatentFlow,physics_modal_v4/enhancements/results/factorial/runs/scale-single__bank-off__continuation-early/seed43/ETTm1/h192.json,8aaefc2c69d58e11a63ac471b71887c28cbc97248023dfa717390be852d0ece6,43,scale-single__bank-off__continuation-early
/work/11617/sujato_ts/vista/motion_code-master/physics_modal_v4/enhancements/results/factorial/checkpoints/scale-single__bank-off__continuation-early/seed43/ETTm1/h336.pt,f193f7980998ca4f,False,ETTm1,factorial,336,LatentFlow,physics_modal_v4/enhancements/results/factorial/runs/scale-single__bank-off__continuation-early/seed43/ETTm1/h336.json,a307278242a33d4083614dd166c77b0beaf40e8a9d2d4dd1a77c5c4f2c7d180a,43,scale-single__bank-off__continuation-early
/work/11617/sujato_ts/vista/motion_code-master/physics_modal_v4/enhancements/results/factorial/checkpoints/scale-single__bank-off__continuation-early/seed43/ETTm1/h720.pt,2210cc6091a5a724,False,ETTm1,factorial,720,LatentFlow,physics_modal_v4/enhancements/results/factorial/runs/scale-single__bank-off__continuation-early/seed43/ETTm1/h720.json,ded555ece87a761cc31945cb4d703c8a10df3b54d8dbaa2b33cf908c05b75649,43,scale-single__bank-off__continuation-early
/work/11617/sujato_ts/vista/motion_code-master/physics_modal_v4/enhancements/results/factorial/checkpoints/scale-single__bank-off__continuation-early/seed43/ETTm1/h96.pt,885d5887b4ce0bc2,False,ETTm1,factorial,96,LatentFlow,physics_modal_v4/enhancements/results/factorial/runs/scale-single__bank-off__continuation-early/seed43/ETTm1/h96.json,7b9c89aa9b3388d14a86d96398d0a0d5776ef4d159b39857738ad253a54e3fcc,43,scale-single__bank-off__continuation-early
/work/11617/sujato_ts/vista/motion_code-master/physics_modal_v4/enhancements/results/factorial/checkpoints/scale-single__bank-off__continuation-early/seed43/ETTm2/h192.pt,1d4e5c10bbdd8192,False,ETTm2,factorial,192,LatentFlow,physics_modal_v4/enhancements/results/factorial/runs/scale-single__bank-off__continuation-early/seed43/ETTm2/h192.json,1b742e6ba18229c348cfa11c5c80b03a9aa4b86db54ec32b5ebf3b0e2f3ce91f,43,scale-single__bank-off__continuation-early
/work/11617/sujato_ts/vista/motion_code-master/physics_modal_v4/enhancements/results/factorial/checkpoints/scale-single__bank-off__continuation-early/seed43/ETTm2/h336.pt,5016e37d7057e228,False,ETTm2,factorial,336,LatentFlow,physics_modal_v4/enhancements/results/factorial/runs/scale-single__bank-off__continuation-early/seed43/ETTm2/h336.json,55cf46d4928ce6ea965778749a81c70c3e7545d6fe6fb24a5f36a9b77064830f,43,scale-single__bank-off__continuation-early
/work/11617/sujato_ts/vista/motion_code-master/physics_modal_v4/enhancements/results/factorial/checkpoints/scale-single__bank-off__continuation-early/seed43/ETTm2/h720.pt,a6a9f80984e984cf,False,ETTm2,factorial,720,LatentFlow,physics_modal_v4/enhancements/results/factorial/runs/scale-single__bank-off__continuation-early/seed43/ETTm2/h720.json,db0930e9962e382448e3d3ef387555663dfee57055e8e8cb504c587dab849daf,43,scale-single__bank-off__continuation-early
/work/11617/sujato_ts/vista/motion_code-master/physics_modal_v4/enhancements/results/factorial/checkpoints/scale-single__bank-off__continuation-early/seed43/ETTm2/h96.pt,3ffe7d0ceea04792,False,ETTm2,factorial,96,LatentFlow,physics_modal_v4/enhancements/results/factorial/runs/scale-single__bank-off__continuation-early/seed43/ETTm2/h96.json,ab4fe61a4ea3e951e5674dfe1adeab8bec102095135ed009e51cd9a41d586e99,43,scale-single__bank-off__continuation-early
/work/11617/sujato_ts/vista/motion_code-master/physics_modal_v4/enhancements/results/factorial/checkpoints/scale-single__bank-off__continuation-early/seed43/Electricity/h192.pt,6c7096f1f7eca986,False,Electricity,factorial,192,LatentFlow,physics_modal_v4/enhancements/results/factorial/runs/scale-single__bank-off__continuation-early/seed43/Electricity/h192.json,2d05670526d24aa1e0f34bb1536ade9773d56cf732c71e5a66a146c9ff2d45a6,43,scale-single__bank-off__continuation-early
/work/11617/sujato_ts/vista/motion_code-master/physics_modal_v4/enhancements/results/factorial/checkpoints/scale-single__bank-off__continuation-early/seed43/Electricity/h336.pt,d1efc48691c56f40,False,Electricity,factorial,336,LatentFlow,physics_modal_v4/enhancements/results/factorial/runs/scale-single__bank-off__continuation-early/seed43/Electricity/h336.json,f242f26cbc200ecdb4ab1260bdbb9464fd60049086d4d8a6269eda51176c2ea3,43,scale-single__bank-off__continuation-early
/work/11617/sujato_ts/vista/motion_code-master/physics_modal_v4/enhancements/results/factorial/checkpoints/scale-single__bank-off__continuation-early/seed43/Electricity/h720.pt,017887b59597ea91,False,Electricity,factorial,720,LatentFlow,physics_modal_v4/enhancements/results/factorial/runs/scale-single__bank-off__continuation-early/seed43/Electricity/h720.json,77499c28d0ca540aa1fdc900d70c9ef3a17e3b21f273b26691465aa11b5a468b,43,scale-single__bank-off__continuation-early
/work/11617/sujato_ts/vista/motion_code-master/physics_modal_v4/enhancements/results/factorial/checkpoints/scale-single__bank-off__continuation-early/seed43/Electricity/h96.pt,8cd40c702349988e,False,Electricity,factorial,96,LatentFlow,physics_modal_v4/enhancements/results/factorial/runs/scale-single__bank-off__continuation-early/seed43/Electricity/h96.json,eff83c01d9969292056104a51ec2f98ed1687d0a91d388204bf06775831562d2,43,scale-single__bank-off__continuation-early
/work/11617/sujato_ts/vista/motion_code-master/physics_modal_v4/enhancements/results/factorial/checkpoints/scale-single__bank-off__continuation-early/seed43/Traffic/h192.pt,7001bc3aa7caa219,False,Traffic,factorial,192,LatentFlow,physics_modal_v4/enhancements/results/factorial/runs/scale-single__bank-off__continuation-early/seed43/Traffic/h192.json,a6655dabde006356e93858bcc61353d8239341274e980fa331bc335002c74da6,43,scale-single__bank-off__continuation-early
/work/11617/sujato_ts/vista/motion_code-master/physics_modal_v4/enhancements/results/factorial/checkpoints/scale-single__bank-off__continuation-early/seed43/Traffic/h336.pt,d543c9a2689cd2ab,False,Traffic,factorial,336,LatentFlow,physics_modal_v4/enhancements/results/factorial/runs/scale-single__bank-off__continuation-early/seed43/Traffic/h336.json,b81f359399b2c882d4c10cc6ea9a4141aa9416dcc2e2040d3d42222f0c3402b3,43,scale-single__bank-off__continuation-early
/work/11617/sujato_ts/vista/motion_code-master/physics_modal_v4/enhancements/results/factorial/checkpoints/scale-single__bank-off__continuation-early/seed43/Traffic/h720.pt,7840a764313670ab,False,Traffic,factorial,720,LatentFlow,physics_modal_v4/enhancements/results/factorial/runs/scale-single__bank-off__continuation-early/seed43/Traffic/h720.json,6db91a8cde22d481e7351881f9bfcd5120f48edaccf58ea73d6f649513de7d0a,43,scale-single__bank-off__continuation-early
/work/11617/sujato_ts/vista/motion_code-master/physics_modal_v4/enhancements/results/factorial/checkpoints/scale-single__bank-off__continuation-early/seed43/Traffic/h96.pt,7bb1bb038fa5f193,False,Traffic,factorial,96,LatentFlow,physics_modal_v4/enhancements/results/factorial/runs/scale-single__bank-off__continuation-early/seed43/Traffic/h96.json,9ff814d6e08adb2a9070cd478152a429b0112801e1304f91b730cd91e01d2ef4,43,scale-single__bank-off__continuation-early
/work/11617/sujato_ts/vista/motion_code-master/physics_modal_v4/enhancements/results/factorial/checkpoints/scale-single__bank-off__continuation-early/seed43/Weather/h192.pt,04aa8c9dba22b891,False,Weather,factorial,192,LatentFlow,physics_modal_v4/enhancements/results/factorial/runs/scale-single__bank-off__continuation-early/seed43/Weather/h192.json,e6f484e74eff6e19c2cbd29fa8bdf53208999423aa4f52cfb6def11945cf478f,43,scale-single__bank-off__continuation-early
/work/11617/sujato_ts/vista/motion_code-master/physics_modal_v4/enhancements/results/factorial/checkpoints/scale-single__bank-off__continuation-early/seed43/Weather/h336.pt,7d6d141693693926,False,Weather,factorial,336,LatentFlow,physics_modal_v4/enhancements/results/factorial/runs/scale-single__bank-off__continuation-early/seed43/Weather/h336.json,335a3cd94b8c7b6298fc22b72c43b9d0d9b1b2a3af02c135d1dc11bffe77c0c4,43,scale-single__bank-off__continuation-early
/work/11617/sujato_ts/vista/motion_code-master/physics_modal_v4/enhancements/results/factorial/checkpoints/scale-single__bank-off__continuation-early/seed43/Weather/h720.pt,b0f974a72790aced,False,Weather,factorial,720,LatentFlow,physics_modal_v4/enhancements/results/factorial/runs/scale-single__bank-off__continuation-early/seed43/Weather/h720.json,bb4cc55f23e5eaa95e4edc8b769a13c3edbbf43f6b44c43426bec88d29d7b8be,43,scale-single__bank-off__continuation-early
/work/11617/sujato_ts/vista/motion_code-master/physics_modal_v4/enhancements/results/factorial/checkpoints/scale-single__bank-off__continuation-early/seed43/Weather/h96.pt,92bed8d640404f53,False,Weather,factorial,96,LatentFlow,physics_modal_v4/enhancements/results/factorial/runs/scale-single__bank-off__continuation-early/seed43/Weather/h96.json,79c67fd1a7700d668d8be5aef862b10d9ba46010e3b5fcb25fc16ad193ca68a2,43,scale-single__bank-off__continuation-early
/work/11617/sujato_ts/vista/motion_code-master/physics_modal_v4/enhancements/results/factorial/checkpoints/scale-single__bank-off__continuation-early/seed44/ETTh1/h192.pt,cc067c73bf21d1e9,False,ETTh1,factorial,192,LatentFlow,physics_modal_v4/enhancements/results/factorial/runs/scale-single__bank-off__continuation-early/seed44/ETTh1/h192.json,7ae9905db0251dfb15b97133d1339cc9109d6c42d8e5ac1c99501c49dffabba8,44,scale-single__bank-off__continuation-early
/work/11617/sujato_ts/vista/motion_code-master/physics_modal_v4/enhancements/results/factorial/checkpoints/scale-single__bank-off__continuation-early/seed44/ETTh1/h336.pt,e9071d3963be360d,False,ETTh1,factorial,336,LatentFlow,physics_modal_v4/enhancements/results/factorial/runs/scale-single__bank-off__continuation-early/seed44/ETTh1/h336.json,8bbb684783c23a4acda923ff8c2cd69f74f8d9e621a0f9a7b77740880ba93a21,44,scale-single__bank-off__continuation-early
/work/11617/sujato_ts/vista/motion_code-master/physics_modal_v4/enhancements/results/factorial/checkpoints/scale-single__bank-off__continuation-early/seed44/ETTh1/h720.pt,66bec7ed39d692d5,False,ETTh1,factorial,720,LatentFlow,physics_modal_v4/enhancements/results/factorial/runs/scale-single__bank-off__continuation-early/seed44/ETTh1/h720.json,1a75c99ac0b23412960b7416a8ba64f9fafea0fe49bc409addb20cba08f8d325,44,scale-single__bank-off__continuation-early
/work/11617/sujato_ts/vista/motion_code-master/physics_modal_v4/enhancements/results/factorial/checkpoints/scale-single__bank-off__continuation-early/seed44/ETTh1/h96.pt,b69f1b44ef1f7fe0,False,ETTh1,factorial,96,LatentFlow,physics_modal_v4/enhancements/results/factorial/runs/scale-single__bank-off__continuation-early/seed44/ETTh1/h96.json,6586a75f7c6690a90451e14f51ba4e7965631f5dc94d09c3d09f199bfe115716,44,scale-single__bank-off__continuation-early
/work/11617/sujato_ts/vista/motion_code-master/physics_modal_v4/enhancements/results/factorial/checkpoints/scale-single__bank-off__continuation-early/seed44/ETTh2/h192.pt,f7fbedfac620e22e,False,ETTh2,factorial,192,LatentFlow,physics_modal_v4/enhancements/results/factorial/runs/scale-single__bank-off__continuation-early/seed44/ETTh2/h192.json,0fe65a5c471be4c0b6d602b8ab803711f89d5b800d94b72e5cf834e7d5f81fad,44,scale-single__bank-off__continuation-early
/work/11617/sujato_ts/vista/motion_code-master/physics_modal_v4/enhancements/results/factorial/checkpoints/scale-single__bank-off__continuation-early/seed44/ETTh2/h336.pt,4b668d9fe41589ac,False,ETTh2,factorial,336,LatentFlow,physics_modal_v4/enhancements/results/factorial/runs/scale-single__bank-off__continuation-early/seed44/ETTh2/h336.json,43271b8cd09e52a32d64e7e6327353c48c9eb334d0e8cfa79bf44136d955992b,44,scale-single__bank-off__continuation-early
/work/11617/sujato_ts/vista/motion_code-master/physics_modal_v4/enhancements/results/factorial/checkpoints/scale-single__bank-off__continuation-early/seed44/ETTh2/h720.pt,9154bcb18969aac8,False,ETTh2,factorial,720,LatentFlow,physics_modal_v4/enhancements/results/factorial/runs/scale-single__bank-off__continuation-early/seed44/ETTh2/h720.json,8efe1f197ea7f771cbb1c3c6d69bbda283419e30b53305a2d6b2ebf39638100c,44,scale-single__bank-off__continuation-early
/work/11617/sujato_ts/vista/motion_code-master/physics_modal_v4/enhancements/results/factorial/checkpoints/scale-single__bank-off__continuation-early/seed44/ETTh2/h96.pt,ffab26eae3b5936a,False,ETTh2,factorial,96,LatentFlow,physics_modal_v4/enhancements/results/factorial/runs/scale-single__bank-off__continuation-early/seed44/ETTh2/h96.json,74eb02ff579ecafd315e58dfbbe20f5ee152080eda7855a712efba797edb55aa,44,scale-single__bank-off__continuation-early
/work/11617/sujato_ts/vista/motion_code-master/physics_modal_v4/enhancements/results/factorial/checkpoints/scale-single__bank-off__continuation-early/seed44/ETTm1/h192.pt,d6eda817b88869f1,False,ETTm1,factorial,192,LatentFlow,physics_modal_v4/enhancements/results/factorial/runs/scale-single__bank-off__continuation-early/seed44/ETTm1/h192.json,b143a63d4eeb07d2ca496877cea0af831d70c9c63eacb15ead38f7da50eddbbb,44,scale-single__bank-off__continuation-early
/work/11617/sujato_ts/vista/motion_code-master/physics_modal_v4/enhancements/results/factorial/checkpoints/scale-single__bank-off__continuation-early/seed44/ETTm1/h336.pt,fa77ff85709e2cdc,False,ETTm1,factorial,336,LatentFlow,physics_modal_v4/enhancements/results/factorial/runs/scale-single__bank-off__continuation-early/seed44/ETTm1/h336.json,d0f536ec43e330c87790749a33bae1ca19c84af21fe201fa0e94852c59652619,44,scale-single__bank-off__continuation-early
/work/11617/sujato_ts/vista/motion_code-master/physics_modal_v4/enhancements/results/factorial/checkpoints/scale-single__bank-off__continuation-early/seed44/ETTm1/h720.pt,bc4da22899cc9a77,False,ETTm1,factorial,720,LatentFlow,physics_modal_v4/enhancements/results/factorial/runs/scale-single__bank-off__continuation-early/seed44/ETTm1/h720.json,eb59ff73676b0996c07ee0ef73ff695c3abce1ace4626ee36f7677ebf1fdb7b4,44,scale-single__bank-off__continuation-early
/work/11617/sujato_ts/vista/motion_code-master/physics_modal_v4/enhancements/results/factorial/checkpoints/scale-single__bank-off__continuation-early/seed44/ETTm1/h96.pt,edcb387ed652b5fa,False,ETTm1,factorial,96,LatentFlow,physics_modal_v4/enhancements/results/factorial/runs/scale-single__bank-off__continuation-early/seed44/ETTm1/h96.json,94471d8542e115e015980dd9fc60f11028887e219821567432fa8623abcec5d4,44,scale-single__bank-off__continuation-early
/work/11617/sujato_ts/vista/motion_code-master/physics_modal_v4/enhancements/results/factorial/checkpoints/scale-single__bank-off__continuation-early/seed44/ETTm2/h192.pt,0fbd254426e99d70,False,ETTm2,factorial,192,LatentFlow,physics_modal_v4/enhancements/results/factorial/runs/scale-single__bank-off__continuation-early/seed44/ETTm2/h192.json,fef1b9cda0cb7d0f5e174d86daa8a2fe364b7558b2bf38a957cd9942ad770e4b,44,scale-single__bank-off__continuation-early
/work/11617/sujato_ts/vista/motion_code-master/physics_modal_v4/enhancements/results/factorial/checkpoints/scale-single__bank-off__continuation-early/seed44/ETTm2/h336.pt,fe2eedd22813d0ae,False,ETTm2,factorial,336,LatentFlow,physics_modal_v4/enhancements/results/factorial/runs/scale-single__bank-off__continuation-early/seed44/ETTm2/h336.json,45766231cdd42e7183df4bf6c627a1e5a641e22767f16d5360630e5c1fe69676,44,scale-single__bank-off__continuation-early
/work/11617/sujato_ts/vista/motion_code-master/physics_modal_v4/enhancements/results/factorial/checkpoints/scale-single__bank-off__continuation-early/seed44/ETTm2/h720.pt,0235c031b61bb78c,False,ETTm2,factorial,720,LatentFlow,physics_modal_v4/enhancements/results/factorial/runs/scale-single__bank-off__continuation-early/seed44/ETTm2/h720.json,def8e0d78e9e1abdeb4285d99bc6c4a567c4120ddb432c5019e8c399459bbaa5,44,scale-single__bank-off__continuation-early
/work/11617/sujato_ts/vista/motion_code-master/physics_modal_v4/enhancements/results/factorial/checkpoints/scale-single__bank-off__continuation-early/seed44/ETTm2/h96.pt,11a328ef04790cba,False,ETTm2,factorial,96,LatentFlow,physics_modal_v4/enhancements/results/factorial/runs/scale-single__bank-off__continuation-early/seed44/ETTm2/h96.json,e735e050dd7fcbd861129b1fabf59fe79b14ee9991f81a6d58265615901622aa,44,scale-single__bank-off__continuation-early
/work/11617/sujato_ts/vista/motion_code-master/physics_modal_v4/enhancements/results/factorial/checkpoints/scale-single__bank-off__continuation-early/seed44/Electricity/h192.pt,c80afd48fd153df0,False,Electricity,factorial,192,LatentFlow,physics_modal_v4/enhancements/results/factorial/runs/scale-single__bank-off__continuation-early/seed44/Electricity/h192.json,644d863241a639eebb2c2039558ee2d05f60cbd7282194a08427612571a24c79,44,scale-single__bank-off__continuation-early
/work/11617/sujato_ts/vista/motion_code-master/physics_modal_v4/enhancements/results/factorial/checkpoints/scale-single__bank-off__continuation-early/seed44/Electricity/h336.pt,34391bd800b6573d,False,Electricity,factorial,336,LatentFlow,physics_modal_v4/enhancements/results/factorial/runs/scale-single__bank-off__continuation-early/seed44/Electricity/h336.json,74e48ead6f22cea14e963f790f665ba575b7ee751cb386468585d8cc216072a9,44,scale-single__bank-off__continuation-early
/work/11617/sujato_ts/vista/motion_code-master/physics_modal_v4/enhancements/results/factorial/checkpoints/scale-single__bank-off__continuation-early/seed44/Electricity/h720.pt,1540817286ae649f,False,Electricity,factorial,720,LatentFlow,physics_modal_v4/enhancements/results/factorial/runs/scale-single__bank-off__continuation-early/seed44/Electricity/h720.json,9e74388203c2555e4011b5e3af40521728735136fd901f12789ce338930f6826,44,scale-single__bank-off__continuation-early
/work/11617/sujato_ts/vista/motion_code-master/physics_modal_v4/enhancements/results/factorial/checkpoints/scale-single__bank-off__continuation-early/seed44/Electricity/h96.pt,72c36f0be16ce4ce,False,Electricity,factorial,96,LatentFlow,physics_modal_v4/enhancements/results/factorial/runs/scale-single__bank-off__continuation-early/seed44/Electricity/h96.json,f2bb686e3e05207c2573b34544448ba65f255af6a630bfce6c9a42ccd8eae817,44,scale-single__bank-off__continuation-early
/work/11617/sujato_ts/vista/motion_code-master/physics_modal_v4/enhancements/results/factorial/checkpoints/scale-single__bank-off__continuation-early/seed44/Traffic/h192.pt,5cb52d0b776cfa5f,False,Traffic,factorial,192,LatentFlow,physics_modal_v4/enhancements/results/factorial/runs/scale-single__bank-off__continuation-early/seed44/Traffic/h192.json,a8a4925ba68721686d93f54a12a5d11ca6aca4c9cb9a31c964020f13ffc180d2,44,scale-single__bank-off__continuation-early
/work/11617/sujato_ts/vista/motion_code-master/physics_modal_v4/enhancements/results/factorial/checkpoints/scale-single__bank-off__continuation-early/seed44/Traffic/h336.pt,c9c16c055cb69ed0,False,Traffic,factorial,336,LatentFlow,physics_modal_v4/enhancements/results/factorial/runs/scale-single__bank-off__continuation-early/seed44/Traffic/h336.json,0978d1c4a54a8a900ba5f8a47039d1b8cd6968f6801653ba76fa83f529019402,44,scale-single__bank-off__continuation-early
/work/11617/sujato_ts/vista/motion_code-master/physics_modal_v4/enhancements/results/factorial/checkpoints/scale-single__bank-off__continuation-early/seed44/Traffic/h720.pt,dbfbd1ed6b38bcb0,False,Traffic,factorial,720,LatentFlow,physics_modal_v4/enhancements/results/factorial/runs/scale-single__bank-off__continuation-early/seed44/Traffic/h720.json,68c2591262a5d6f2fe44d76333fbcc1831beed20a4c873af47ef1bde5e1f8570,44,scale-single__bank-off__continuation-early
/work/11617/sujato_ts/vista/motion_code-master/physics_modal_v4/enhancements/results/factorial/checkpoints/scale-single__bank-off__continuation-early/seed44/Traffic/h96.pt,3e5ecae0a6c9f64a,False,Traffic,factorial,96,LatentFlow,physics_modal_v4/enhancements/results/factorial/runs/scale-single__bank-off__continuation-early/seed44/Traffic/h96.json,6e77d8189c628f2218f336a1ffcd5cb26799d828031a54e8dc5c62aa7ecbef04,44,scale-single__bank-off__continuation-early
/work/11617/sujato_ts/vista/motion_code-master/physics_modal_v4/enhancements/results/factorial/checkpoints/scale-single__bank-off__continuation-early/seed44/Weather/h192.pt,01cf68e15875d121,False,Weather,factorial,192,LatentFlow,physics_modal_v4/enhancements/results/factorial/runs/scale-single__bank-off__continuation-early/seed44/Weather/h192.json,10290d804d099749271226bd1f285cc79fa63bb1120530b6191373c999b9e87b,44,scale-single__bank-off__continuation-early
/work/11617/sujato_ts/vista/motion_code-master/physics_modal_v4/enhancements/results/factorial/checkpoints/scale-single__bank-off__continuation-early/seed44/Weather/h336.pt,c8034b9ca67c4e9b,False,Weather,factorial,336,LatentFlow,physics_modal_v4/enhancements/results/factorial/runs/scale-single__bank-off__continuation-early/seed44/Weather/h336.json,d57266646dbb8b033c6d0b636e7364b113da0c2446f2ac3525d98e169d455430,44,scale-single__bank-off__continuation-early
/work/11617/sujato_ts/vista/motion_code-master/physics_modal_v4/enhancements/results/factorial/checkpoints/scale-single__bank-off__continuation-early/seed44/Weather/h720.pt,11b0e412369450e5,False,Weather,factorial,720,LatentFlow,physics_modal_v4/enhancements/results/factorial/runs/scale-single__bank-off__continuation-early/seed44/Weather/h720.json,b38e8c80243883f0d186f17b98f51853d90f7da15f4b97ad784a435bb73b9e00,44,scale-single__bank-off__continuation-early
/work/11617/sujato_ts/vista/motion_code-master/physics_modal_v4/enhancements/results/factorial/checkpoints/scale-single__bank-off__continuation-early/seed44/Weather/h96.pt,5f7c5eee7abccbbf,False,Weather,factorial,96,LatentFlow,physics_modal_v4/enhancements/results/factorial/runs/scale-single__bank-off__continuation-early/seed44/Weather/h96.json,cc6b0dd21c89abe549fd4e61b73a21c4aa29a0fff36f915b68c379c7c2d93d3b,44,scale-single__bank-off__continuation-early
/work/11617/sujato_ts/vista/motion_code-master/physics_modal_v4/enhancements/results/factorial/checkpoints/scale-single__bank-off__continuation-preserved/seed42/ETTh1/h192.pt,86538caf04d45b88,False,ETTh1,factorial,192,LatentFlow,physics_modal_v4/enhancements/results/factorial/runs/scale-single__bank-off__continuation-preserved/seed42/ETTh1/h192.json,190b0706fd49b8c39cb50de8844d6c39f8a73bbfc8412d8a7ee89da919995dc4,42,scale-single__bank-off__continuation-preserved
/work/11617/sujato_ts/vista/motion_code-master/physics_modal_v4/enhancements/results/factorial/checkpoints/scale-single__bank-off__continuation-preserved/seed42/ETTh1/h336.pt,fcbfcf49bc256b0a,False,ETTh1,factorial,336,LatentFlow,physics_modal_v4/enhancements/results/factorial/runs/scale-single__bank-off__continuation-preserved/seed42/ETTh1/h336.json,1ec2fbe88b850c78ab8590c05abd2a54b5ad92549e6f209dd5f165710fd84c46,42,scale-single__bank-off__continuation-preserved
/work/11617/sujato_ts/vista/motion_code-master/physics_modal_v4/enhancements/results/factorial/checkpoints/scale-single__bank-off__continuation-preserved/seed42/ETTh1/h720.pt,7dbaac77b0cc00eb,False,ETTh1,factorial,720,LatentFlow,physics_modal_v4/enhancements/results/factorial/runs/scale-single__bank-off__continuation-preserved/seed42/ETTh1/h720.json,a9c0fbe1c30dc55ceb9296fd6ed1c0908e860dfaab9ac32d3a83c453640f00c3,42,scale-single__bank-off__continuation-preserved
/work/11617/sujato_ts/vista/motion_code-master/physics_modal_v4/enhancements/results/factorial/checkpoints/scale-single__bank-off__continuation-preserved/seed42/ETTh1/h96.pt,c8747d8e763e2bf7,False,ETTh1,factorial,96,LatentFlow,physics_modal_v4/enhancements/results/factorial/runs/scale-single__bank-off__continuation-preserved/seed42/ETTh1/h96.json,aaf2a9f42513d90d6fad09c30df2d9824375d25b1fb01b308fdd73b8bc042c75,42,scale-single__bank-off__continuation-preserved
/work/11617/sujato_ts/vista/motion_code-master/physics_modal_v4/enhancements/results/factorial/checkpoints/scale-single__bank-off__continuation-preserved/seed42/ETTh2/h192.pt,b629044c657328d7,False,ETTh2,factorial,192,LatentFlow,physics_modal_v4/enhancements/results/factorial/runs/scale-single__bank-off__continuation-preserved/seed42/ETTh2/h192.json,a59a377b5846e00c9f4ca1ee7b2975f8114270ed2f6dc19bdbddc441ca2e2a6b,42,scale-single__bank-off__continuation-preserved
/work/11617/sujato_ts/vista/motion_code-master/physics_modal_v4/enhancements/results/factorial/checkpoints/scale-single__bank-off__continuation-preserved/seed42/ETTh2/h336.pt,a8c319cbbec082f3,False,ETTh2,factorial,336,LatentFlow,physics_modal_v4/enhancements/results/factorial/runs/scale-single__bank-off__continuation-preserved/seed42/ETTh2/h336.json,755e031f89bdd8fdb752db7e6c3598cf5d7071cf2e4f840c05ad8672c36186fb,42,scale-single__bank-off__continuation-preserved
/work/11617/sujato_ts/vista/motion_code-master/physics_modal_v4/enhancements/results/factorial/checkpoints/scale-single__bank-off__continuation-preserved/seed42/ETTh2/h720.pt,1b72a81bb8d97055,False,ETTh2,factorial,720,LatentFlow,physics_modal_v4/enhancements/results/factorial/runs/scale-single__bank-off__continuation-preserved/seed42/ETTh2/h720.json,827b3df3fec63b8aadea2b876fb5c8f1250ded934dadbef590f32410d6abd5db,42,scale-single__bank-off__continuation-preserved
/work/11617/sujato_ts/vista/motion_code-master/physics_modal_v4/enhancements/results/factorial/checkpoints/scale-single__bank-off__continuation-preserved/seed42/ETTh2/h96.pt,1446cb6c3327930f,False,ETTh2,factorial,96,LatentFlow,physics_modal_v4/enhancements/results/factorial/runs/scale-single__bank-off__continuation-preserved/seed42/ETTh2/h96.json,097859e1e72f87e51c7dadff515fcc12e278465f11db5eef9ac875f6ab47a0a0,42,scale-single__bank-off__continuation-preserved
/work/11617/sujato_ts/vista/motion_code-master/physics_modal_v4/enhancements/results/factorial/checkpoints/scale-single__bank-off__continuation-preserved/seed42/ETTm1/h192.pt,323731971fb66827,False,ETTm1,factorial,192,LatentFlow,physics_modal_v4/enhancements/results/factorial/runs/scale-single__bank-off__continuation-preserved/seed42/ETTm1/h192.json,0425f06adc846147f56a80283ae70f43acb679a7063e6c5c3895e0a61f14a504,42,scale-single__bank-off__continuation-preserved
/work/11617/sujato_ts/vista/motion_code-master/physics_modal_v4/enhancements/results/factorial/checkpoints/scale-single__bank-off__continuation-preserved/seed42/ETTm1/h336.pt,1d7585fdd3e520ef,False,ETTm1,factorial,336,LatentFlow,physics_modal_v4/enhancements/results/factorial/runs/scale-single__bank-off__continuation-preserved/seed42/ETTm1/h336.json,9342a13da9502e07752939dbed24fa2d0e617b079084fcabc1a72a16594d2e7c,42,scale-single__bank-off__continuation-preserved
/work/11617/sujato_ts/vista/motion_code-master/physics_modal_v4/enhancements/results/factorial/checkpoints/scale-single__bank-off__continuation-preserved/seed42/ETTm1/h720.pt,b93a926a9426c08c,False,ETTm1,factorial,720,LatentFlow,physics_modal_v4/enhancements/results/factorial/runs/scale-single__bank-off__continuation-preserved/seed42/ETTm1/h720.json,e3abd2173592b7f0a1bc2deba770cd679dcaf6567dc144f941dd94173463fa09,42,scale-single__bank-off__continuation-preserved
/work/11617/sujato_ts/vista/motion_code-master/physics_modal_v4/enhancements/results/factorial/checkpoints/scale-single__bank-off__continuation-preserved/seed42/ETTm1/h96.pt,c4f808147cdadd66,False,ETTm1,factorial,96,LatentFlow,physics_modal_v4/enhancements/results/factorial/runs/scale-single__bank-off__continuation-preserved/seed42/ETTm1/h96.json,f85fe3f9e2a08d9c4ff4219df877394a1305b08c9288a06b2e74a7b38133577a,42,scale-single__bank-off__continuation-preserved
/work/11617/sujato_ts/vista/motion_code-master/physics_modal_v4/enhancements/results/factorial/checkpoints/scale-single__bank-off__continuation-preserved/seed42/ETTm2/h192.pt,b14a9bc1b64edfe9,False,ETTm2,factorial,192,LatentFlow,physics_modal_v4/enhancements/results/factorial/runs/scale-single__bank-off__continuation-preserved/seed42/ETTm2/h192.json,c7ed5aff345bb48fbb1df91694ba1977118538162fa82cf4f52f54e9b6d53875,42,scale-single__bank-off__continuation-preserved
/work/11617/sujato_ts/vista/motion_code-master/physics_modal_v4/enhancements/results/factorial/checkpoints/scale-single__bank-off__continuation-preserved/seed42/ETTm2/h336.pt,55bfe25314cdb45d,False,ETTm2,factorial,336,LatentFlow,physics_modal_v4/enhancements/results/factorial/runs/scale-single__bank-off__continuation-preserved/seed42/ETTm2/h336.json,d32ffdb19e77edcaa179697f9e5069552b40f804bc38c22704f8e361f50f28f7,42,scale-single__bank-off__continuation-preserved
/work/11617/sujato_ts/vista/motion_code-master/physics_modal_v4/enhancements/results/factorial/checkpoints/scale-single__bank-off__continuation-preserved/seed42/ETTm2/h720.pt,cb38ebb4e0d30380,False,ETTm2,factorial,720,LatentFlow,physics_modal_v4/enhancements/results/factorial/runs/scale-single__bank-off__continuation-preserved/seed42/ETTm2/h720.json,b6e297ce84be8ee4c32a23fdbfa7cbbcc8a7a80ec4b19a4fce3293e27a5c9cca,42,scale-single__bank-off__continuation-preserved
/work/11617/sujato_ts/vista/motion_code-master/physics_modal_v4/enhancements/results/factorial/checkpoints/scale-single__bank-off__continuation-preserved/seed42/ETTm2/h96.pt,d5e887269e5d90ef,False,ETTm2,factorial,96,LatentFlow,physics_modal_v4/enhancements/results/factorial/runs/scale-single__bank-off__continuation-preserved/seed42/ETTm2/h96.json,abaea4cc0dfa0f24b1ac0eb0683c9b213cd37b1157ad52d3964a2b71cf344cd4,42,scale-single__bank-off__continuation-preserved
/work/11617/sujato_ts/vista/motion_code-master/physics_modal_v4/enhancements/results/factorial/checkpoints/scale-single__bank-off__continuation-preserved/seed42/Electricity/h192.pt,99e98ce5407c2a46,False,Electricity,factorial,192,LatentFlow,physics_modal_v4/enhancements/results/factorial/runs/scale-single__bank-off__continuation-preserved/seed42/Electricity/h192.json,1f35be0ad73293c87a3960bf9b0b3ce66ab74d1b14ec075af8eaf73639a4253f,42,scale-single__bank-off__continuation-preserved
/work/11617/sujato_ts/vista/motion_code-master/physics_modal_v4/enhancements/results/factorial/checkpoints/scale-single__bank-off__continuation-preserved/seed42/Electricity/h336.pt,5476219beeb695fa,False,Electricity,factorial,336,LatentFlow,physics_modal_v4/enhancements/results/factorial/runs/scale-single__bank-off__continuation-preserved/seed42/Electricity/h336.json,8c4c0184cee104d64f140e02b4408ffa0430bf60e98d1d2bc6fd8f43d779150b,42,scale-single__bank-off__continuation-preserved
/work/11617/sujato_ts/vista/motion_code-master/physics_modal_v4/enhancements/results/factorial/checkpoints/scale-single__bank-off__continuation-preserved/seed42/Electricity/h720.pt,8b24f24c6762dce4,False,Electricity,factorial,720,LatentFlow,physics_modal_v4/enhancements/results/factorial/runs/scale-single__bank-off__continuation-preserved/seed42/Electricity/h720.json,53570afbceee5448b5e0684caaf7dbad9bee772361e9310f1ab34abf1943ad15,42,scale-single__bank-off__continuation-preserved
/work/11617/sujato_ts/vista/motion_code-master/physics_modal_v4/enhancements/results/factorial/checkpoints/scale-single__bank-off__continuation-preserved/seed42/Electricity/h96.pt,ce5f9d9b3a45c2b3,False,Electricity,factorial,96,LatentFlow,physics_modal_v4/enhancements/results/factorial/runs/scale-single__bank-off__continuation-preserved/seed42/Electricity/h96.json,60e192979928333fe05b47d3d3d25d2b8969588eaea184f85df195db3eb3b339,42,scale-single__bank-off__continuation-preserved
/work/11617/sujato_ts/vista/motion_code-master/physics_modal_v4/enhancements/results/factorial/checkpoints/scale-single__bank-off__continuation-preserved/seed42/Traffic/h192.pt,057a11836639a0bd,False,Traffic,factorial,192,LatentFlow,physics_modal_v4/enhancements/results/factorial/runs/scale-single__bank-off__continuation-preserved/seed42/Traffic/h192.json,19245fd34e7b8a624712b1ea738a4bd00dd2a7072574878df66d64a6f5f3a142,42,scale-single__bank-off__continuation-preserved
/work/11617/sujato_ts/vista/motion_code-master/physics_modal_v4/enhancements/results/factorial/checkpoints/scale-single__bank-off__continuation-preserved/seed42/Traffic/h336.pt,6329ed861fc22577,False,Traffic,factorial,336,LatentFlow,physics_modal_v4/enhancements/results/factorial/runs/scale-single__bank-off__continuation-preserved/seed42/Traffic/h336.json,ea43164ce3815d4771a91fc0ded9fbcfc16a0fbdde462b20f9071d53d5a4460a,42,scale-single__bank-off__continuation-preserved
/work/11617/sujato_ts/vista/motion_code-master/physics_modal_v4/enhancements/results/factorial/checkpoints/scale-single__bank-off__continuation-preserved/seed42/Traffic/h720.pt,d0ce3909e4c42240,False,Traffic,factorial,720,LatentFlow,physics_modal_v4/enhancements/results/factorial/runs/scale-single__bank-off__continuation-preserved/seed42/Traffic/h720.json,c1cd5925cbc9e20c17b56345471823b061acf4b62032af476351c5e7dd3cb4d3,42,scale-single__bank-off__continuation-preserved
/work/11617/sujato_ts/vista/motion_code-master/physics_modal_v4/enhancements/results/factorial/checkpoints/scale-single__bank-off__continuation-preserved/seed42/Traffic/h96.pt,6552226b73e6f51e,False,Traffic,factorial,96,LatentFlow,physics_modal_v4/enhancements/results/factorial/runs/scale-single__bank-off__continuation-preserved/seed42/Traffic/h96.json,82f3f6d845b9f1d9a4bdb68088e6fcebc3e2544340767e3da8ccbdf42a136b77,42,scale-single__bank-off__continuation-preserved
/work/11617/sujato_ts/vista/motion_code-master/physics_modal_v4/enhancements/results/factorial/checkpoints/scale-single__bank-off__continuation-preserved/seed42/Weather/h192.pt,076e9acbc858d679,False,Weather,factorial,192,LatentFlow,physics_modal_v4/enhancements/results/factorial/runs/scale-single__bank-off__continuation-preserved/seed42/Weather/h192.json,1f0649c15a4ae5ecfeda0d3d75c4e2dce6e1c7f0146aa589c85452af4cf34cda,42,scale-single__bank-off__continuation-preserved
/work/11617/sujato_ts/vista/motion_code-master/physics_modal_v4/enhancements/results/factorial/checkpoints/scale-single__bank-off__continuation-preserved/seed42/Weather/h336.pt,a817a7f5ea1bb96f,False,Weather,factorial,336,LatentFlow,physics_modal_v4/enhancements/results/factorial/runs/scale-single__bank-off__continuation-preserved/seed42/Weather/h336.json,44867c8ec653952f9202cb01521116fecdffe57a6d0101fcd59f2fd27778af73,42,scale-single__bank-off__continuation-preserved
/work/11617/sujato_ts/vista/motion_code-master/physics_modal_v4/enhancements/results/factorial/checkpoints/scale-single__bank-off__continuation-preserved/seed42/Weather/h720.pt,f06fa45a1042f177,False,Weather,factorial,720,LatentFlow,physics_modal_v4/enhancements/results/factorial/runs/scale-single__bank-off__continuation-preserved/seed42/Weather/h720.json,1b3d1fec8036838bfdfe9742099d63c3812f9f49203e9b6c6bbde2bba634b114,42,scale-single__bank-off__continuation-preserved
/work/11617/sujato_ts/vista/motion_code-master/physics_modal_v4/enhancements/results/factorial/checkpoints/scale-single__bank-off__continuation-preserved/seed42/Weather/h96.pt,1ee29f6e1c09bc06,False,Weather,factorial,96,LatentFlow,physics_modal_v4/enhancements/results/factorial/runs/scale-single__bank-off__continuation-preserved/seed42/Weather/h96.json,8e1d8227344ad96e64f7c976c871943bfa1b841753c3eafaaeb33ce2e460d6be,42,scale-single__bank-off__continuation-preserved
/work/11617/sujato_ts/vista/motion_code-master/physics_modal_v4/enhancements/results/factorial/checkpoints/scale-single__bank-off__continuation-preserved/seed43/ETTh1/h192.pt,52f3345a43483026,False,ETTh1,factorial,192,LatentFlow,physics_modal_v4/enhancements/results/factorial/runs/scale-single__bank-off__continuation-preserved/seed43/ETTh1/h192.json,ba90f8339c92c8ec33a5c6a1dbc4b664aff6babc37372bcb2bead2d7bf481cd1,43,scale-single__bank-off__continuation-preserved
/work/11617/sujato_ts/vista/motion_code-master/physics_modal_v4/enhancements/results/factorial/checkpoints/scale-single__bank-off__continuation-preserved/seed43/ETTh1/h336.pt,8e3339cb53bdfc1c,False,ETTh1,factorial,336,LatentFlow,physics_modal_v4/enhancements/results/factorial/runs/scale-single__bank-off__continuation-preserved/seed43/ETTh1/h336.json,179c168c07143bee59c64c234968661b417ccfab62a7d5f2c4576d34b6c94597,43,scale-single__bank-off__continuation-preserved
/work/11617/sujato_ts/vista/motion_code-master/physics_modal_v4/enhancements/results/factorial/checkpoints/scale-single__bank-off__continuation-preserved/seed43/ETTh1/h720.pt,1f878f8e24a60a62,False,ETTh1,factorial,720,LatentFlow,physics_modal_v4/enhancements/results/factorial/runs/scale-single__bank-off__continuation-preserved/seed43/ETTh1/h720.json,eb22b50b490381a5e905d12112755ce023476146af352a32743576b779ae481a,43,scale-single__bank-off__continuation-preserved
/work/11617/sujato_ts/vista/motion_code-master/physics_modal_v4/enhancements/results/factorial/checkpoints/scale-single__bank-off__continuation-preserved/seed43/ETTh1/h96.pt,641752a034910b2f,False,ETTh1,factorial,96,LatentFlow,physics_modal_v4/enhancements/results/factorial/runs/scale-single__bank-off__continuation-preserved/seed43/ETTh1/h96.json,7d7f35f995f8b20a72b408f5bc85af50c4fdd1b4e0ba62304ac4a45bd651f0c7,43,scale-single__bank-off__continuation-preserved
/work/11617/sujato_ts/vista/motion_code-master/physics_modal_v4/enhancements/results/factorial/checkpoints/scale-single__bank-off__continuation-preserved/seed43/ETTh2/h192.pt,c98e6314f44a49ec,False,ETTh2,factorial,192,LatentFlow,physics_modal_v4/enhancements/results/factorial/runs/scale-single__bank-off__continuation-preserved/seed43/ETTh2/h192.json,914e9231e7e14dd73c722d93c6044ef9bfc0c86ce40b226ad5e8c46769358167,43,scale-single__bank-off__continuation-preserved
/work/11617/sujato_ts/vista/motion_code-master/physics_modal_v4/enhancements/results/factorial/checkpoints/scale-single__bank-off__continuation-preserved/seed43/ETTh2/h336.pt,61e5f8c3645a2578,False,ETTh2,factorial,336,LatentFlow,physics_modal_v4/enhancements/results/factorial/runs/scale-single__bank-off__continuation-preserved/seed43/ETTh2/h336.json,2b8b0922de6174ebd81957bcbcaba52976f8ee2a557af621f818d50c986c9c18,43,scale-single__bank-off__continuation-preserved
/work/11617/sujato_ts/vista/motion_code-master/physics_modal_v4/enhancements/results/factorial/checkpoints/scale-single__bank-off__continuation-preserved/seed43/ETTh2/h720.pt,2f1258c988e3b28f,False,ETTh2,factorial,720,LatentFlow,physics_modal_v4/enhancements/results/factorial/runs/scale-single__bank-off__continuation-preserved/seed43/ETTh2/h720.json,77a51ceb851a4833cb67a1bc95252f87f6baace3cc82d3bfdc321acd6a1b68d4,43,scale-single__bank-off__continuation-preserved
/work/11617/sujato_ts/vista/motion_code-master/physics_modal_v4/enhancements/results/factorial/checkpoints/scale-single__bank-off__continuation-preserved/seed43/ETTh2/h96.pt,af31c212dbb76702,False,ETTh2,factorial,96,LatentFlow,physics_modal_v4/enhancements/results/factorial/runs/scale-single__bank-off__continuation-preserved/seed43/ETTh2/h96.json,058460027e09270bb1c9c25b2219cc00abe5af30ca50418f78a537be458482a7,43,scale-single__bank-off__continuation-preserved
/work/11617/sujato_ts/vista/motion_code-master/physics_modal_v4/enhancements/results/factorial/checkpoints/scale-single__bank-off__continuation-preserved/seed43/ETTm1/h192.pt,51efd7608cd7a65a,False,ETTm1,factorial,192,LatentFlow,physics_modal_v4/enhancements/results/factorial/runs/scale-single__bank-off__continuation-preserved/seed43/ETTm1/h192.json,804e580e446d5d73d8d0d60f7e74cf81bfdcff777eb7719d8cbc7d22f263fb50,43,scale-single__bank-off__continuation-preserved
/work/11617/sujato_ts/vista/motion_code-master/physics_modal_v4/enhancements/results/factorial/checkpoints/scale-single__bank-off__continuation-preserved/seed43/ETTm1/h336.pt,f193f7980998ca4f,False,ETTm1,factorial,336,LatentFlow,physics_modal_v4/enhancements/results/factorial/runs/scale-single__bank-off__continuation-preserved/seed43/ETTm1/h336.json,097ddafa567430d10266352d47f03ddffe1adac059e07397c82504cd83418cfb,43,scale-single__bank-off__continuation-preserved
/work/11617/sujato_ts/vista/motion_code-master/physics_modal_v4/enhancements/results/factorial/checkpoints/scale-single__bank-off__continuation-preserved/seed43/ETTm1/h720.pt,2210cc6091a5a724,False,ETTm1,factorial,720,LatentFlow,physics_modal_v4/enhancements/results/factorial/runs/scale-single__bank-off__continuation-preserved/seed43/ETTm1/h720.json,0a4f63658da4b3567dda079508d0bcf934cc64e06293c19c53be82125c26733a,43,scale-single__bank-off__continuation-preserved
/work/11617/sujato_ts/vista/motion_code-master/physics_modal_v4/enhancements/results/factorial/checkpoints/scale-single__bank-off__continuation-preserved/seed43/ETTm1/h96.pt,885d5887b4ce0bc2,False,ETTm1,factorial,96,LatentFlow,physics_modal_v4/enhancements/results/factorial/runs/scale-single__bank-off__continuation-preserved/seed43/ETTm1/h96.json,080494aeaf07d9d84a4a00c379e61f8997fac38f77882f4b4f0b57df8cb2c856,43,scale-single__bank-off__continuation-preserved
/work/11617/sujato_ts/vista/motion_code-master/physics_modal_v4/enhancements/results/factorial/checkpoints/scale-single__bank-off__continuation-preserved/seed43/ETTm2/h192.pt,1d4e5c10bbdd8192,False,ETTm2,factorial,192,LatentFlow,physics_modal_v4/enhancements/results/factorial/runs/scale-single__bank-off__continuation-preserved/seed43/ETTm2/h192.json,4cc2caf2cc61d661d5fed87afc1dc55bb96f62ebf5150d80521b3090ee0457fd,43,scale-single__bank-off__continuation-preserved
/work/11617/sujato_ts/vista/motion_code-master/physics_modal_v4/enhancements/results/factorial/checkpoints/scale-single__bank-off__continuation-preserved/seed43/ETTm2/h336.pt,5016e37d7057e228,False,ETTm2,factorial,336,LatentFlow,physics_modal_v4/enhancements/results/factorial/runs/scale-single__bank-off__continuation-preserved/seed43/ETTm2/h336.json,fe7365fafb407e6121a878e8f63b41b51afab25c2099b4e5de2170849174a1b0,43,scale-single__bank-off__continuation-preserved
/work/11617/sujato_ts/vista/motion_code-master/physics_modal_v4/enhancements/results/factorial/checkpoints/scale-single__bank-off__continuation-preserved/seed43/ETTm2/h720.pt,a6a9f80984e984cf,False,ETTm2,factorial,720,LatentFlow,physics_modal_v4/enhancements/results/factorial/runs/scale-single__bank-off__continuation-preserved/seed43/ETTm2/h720.json,463b3911146f9db62ab92e9bb8bbe975e3a360cd0d82a3e427c511ea850c1bed,43,scale-single__bank-off__continuation-preserved
/work/11617/sujato_ts/vista/motion_code-master/physics_modal_v4/enhancements/results/factorial/checkpoints/scale-single__bank-off__continuation-preserved/seed43/ETTm2/h96.pt,3ffe7d0ceea04792,False,ETTm2,factorial,96,LatentFlow,physics_modal_v4/enhancements/results/factorial/runs/scale-single__bank-off__continuation-preserved/seed43/ETTm2/h96.json,9e9d4b19805a32203d2807e7f3fe944f97183bac05a8ad4035ae2d7fe1b88a35,43,scale-single__bank-off__continuation-preserved
/work/11617/sujato_ts/vista/motion_code-master/physics_modal_v4/enhancements/results/factorial/checkpoints/scale-single__bank-off__continuation-preserved/seed43/Electricity/h192.pt,6c7096f1f7eca986,False,Electricity,factorial,192,LatentFlow,physics_modal_v4/enhancements/results/factorial/runs/scale-single__bank-off__continuation-preserved/seed43/Electricity/h192.json,dc9b156bf8ea3674a30891bf49c0fb941f11eeaffa5bbb1d5dad951cba281966,43,scale-single__bank-off__continuation-preserved
/work/11617/sujato_ts/vista/motion_code-master/physics_modal_v4/enhancements/results/factorial/checkpoints/scale-single__bank-off__continuation-preserved/seed43/Electricity/h336.pt,d1efc48691c56f40,False,Electricity,factorial,336,LatentFlow,physics_modal_v4/enhancements/results/factorial/runs/scale-single__bank-off__continuation-preserved/seed43/Electricity/h336.json,d883245dfda39c0dfc9bcd99e83e7d09c6dcb916d4fbfc9d703750b20a35c60c,43,scale-single__bank-off__continuation-preserved
/work/11617/sujato_ts/vista/motion_code-master/physics_modal_v4/enhancements/results/factorial/checkpoints/scale-single__bank-off__continuation-preserved/seed43/Electricity/h720.pt,017887b59597ea91,False,Electricity,factorial,720,LatentFlow,physics_modal_v4/enhancements/results/factorial/runs/scale-single__bank-off__continuation-preserved/seed43/Electricity/h720.json,70aead8a53a2c472a1a7ccf0dfccd16a4eb7e1e54b9c4008639ef5a122728572,43,scale-single__bank-off__continuation-preserved
/work/11617/sujato_ts/vista/motion_code-master/physics_modal_v4/enhancements/results/factorial/checkpoints/scale-single__bank-off__continuation-preserved/seed43/Electricity/h96.pt,8cd40c702349988e,False,Electricity,factorial,96,LatentFlow,physics_modal_v4/enhancements/results/factorial/runs/scale-single__bank-off__continuation-preserved/seed43/Electricity/h96.json,ea9736246f5353a8252f1e39b119d76a62f71e82cc1d5254ddfc4acc3622c3c3,43,scale-single__bank-off__continuation-preserved
/work/11617/sujato_ts/vista/motion_code-master/physics_modal_v4/enhancements/results/factorial/checkpoints/scale-single__bank-off__continuation-preserved/seed43/Traffic/h192.pt,7001bc3aa7caa219,False,Traffic,factorial,192,LatentFlow,physics_modal_v4/enhancements/results/factorial/runs/scale-single__bank-off__continuation-preserved/seed43/Traffic/h192.json,ef77dd4ad4bb8c1b41c3441d2aeecd37fa0964bd8578411d487b98dd8fea6b5a,43,scale-single__bank-off__continuation-preserved
/work/11617/sujato_ts/vista/motion_code-master/physics_modal_v4/enhancements/results/factorial/checkpoints/scale-single__bank-off__continuation-preserved/seed43/Traffic/h336.pt,d543c9a2689cd2ab,False,Traffic,factorial,336,LatentFlow,physics_modal_v4/enhancements/results/factorial/runs/scale-single__bank-off__continuation-preserved/seed43/Traffic/h336.json,24afcec2923294e343b210b7de661d5544becb8c65db34dbf1cb4cba9d49ebe1,43,scale-single__bank-off__continuation-preserved
/work/11617/sujato_ts/vista/motion_code-master/physics_modal_v4/enhancements/results/factorial/checkpoints/scale-single__bank-off__continuation-preserved/seed43/Traffic/h720.pt,7840a764313670ab,False,Traffic,factorial,720,LatentFlow,physics_modal_v4/enhancements/results/factorial/runs/scale-single__bank-off__continuation-preserved/seed43/Traffic/h720.json,d3d384639e01a0e4fd05c687ff64030039f831cf17e5bb16551cc8fd1ef9534b,43,scale-single__bank-off__continuation-preserved
/work/11617/sujato_ts/vista/motion_code-master/physics_modal_v4/enhancements/results/factorial/checkpoints/scale-single__bank-off__continuation-preserved/seed43/Traffic/h96.pt,7bb1bb038fa5f193,False,Traffic,factorial,96,LatentFlow,physics_modal_v4/enhancements/results/factorial/runs/scale-single__bank-off__continuation-preserved/seed43/Traffic/h96.json,5550a4481c8df929ca6b7393c98438c711df8fe6b9cd92373cab5fcdfa1106bd,43,scale-single__bank-off__continuation-preserved
/work/11617/sujato_ts/vista/motion_code-master/physics_modal_v4/enhancements/results/factorial/checkpoints/scale-single__bank-off__continuation-preserved/seed43/Weather/h192.pt,04aa8c9dba22b891,False,Weather,factorial,192,LatentFlow,physics_modal_v4/enhancements/results/factorial/runs/scale-single__bank-off__continuation-preserved/seed43/Weather/h192.json,1a97eb18210da3bc970528674b96fe53dbcbd4297da77152c6ec0c6182672957,43,scale-single__bank-off__continuation-preserved
/work/11617/sujato_ts/vista/motion_code-master/physics_modal_v4/enhancements/results/factorial/checkpoints/scale-single__bank-off__continuation-preserved/seed43/Weather/h336.pt,7d6d141693693926,False,Weather,factorial,336,LatentFlow,physics_modal_v4/enhancements/results/factorial/runs/scale-single__bank-off__continuation-preserved/seed43/Weather/h336.json,4b9902082d8d5666d4125fc1b1aa49871ef2cc9c683bb177de85b02a99a31a90,43,scale-single__bank-off__continuation-preserved
/work/11617/sujato_ts/vista/motion_code-master/physics_modal_v4/enhancements/results/factorial/checkpoints/scale-single__bank-off__continuation-preserved/seed43/Weather/h720.pt,b0f974a72790aced,False,Weather,factorial,720,LatentFlow,physics_modal_v4/enhancements/results/factorial/runs/scale-single__bank-off__continuation-preserved/seed43/Weather/h720.json,58097ba43ec99403dc4036720d0c9b7f62e1287d5ada54c6e3862736709cddbb,43,scale-single__bank-off__continuation-preserved
/work/11617/sujato_ts/vista/motion_code-master/physics_modal_v4/enhancements/results/factorial/checkpoints/scale-single__bank-off__continuation-preserved/seed43/Weather/h96.pt,92bed8d640404f53,False,Weather,factorial,96,LatentFlow,physics_modal_v4/enhancements/results/factorial/runs/scale-single__bank-off__continuation-preserved/seed43/Weather/h96.json,c5e855004d22502a96efd8676de01c9f852c5ab2d88b99dcca685bb0a63524ed,43,scale-single__bank-off__continuation-preserved
/work/11617/sujato_ts/vista/motion_code-master/physics_modal_v4/enhancements/results/factorial/checkpoints/scale-single__bank-off__continuation-preserved/seed44/ETTh1/h192.pt,cc067c73bf21d1e9,False,ETTh1,factorial,192,LatentFlow,physics_modal_v4/enhancements/results/factorial/runs/scale-single__bank-off__continuation-preserved/seed44/ETTh1/h192.json,e3397509a8962ac5144961b192d9929354231545ba201998b5a752ef15a78e44,44,scale-single__bank-off__continuation-preserved
/work/11617/sujato_ts/vista/motion_code-master/physics_modal_v4/enhancements/results/factorial/checkpoints/scale-single__bank-off__continuation-preserved/seed44/ETTh1/h336.pt,e9071d3963be360d,False,ETTh1,factorial,336,LatentFlow,physics_modal_v4/enhancements/results/factorial/runs/scale-single__bank-off__continuation-preserved/seed44/ETTh1/h336.json,991156d1d730d04b56b4490a59bcdb279421dc8f367ba8657d26e43444979461,44,scale-single__bank-off__continuation-preserved
/work/11617/sujato_ts/vista/motion_code-master/physics_modal_v4/enhancements/results/factorial/checkpoints/scale-single__bank-off__continuation-preserved/seed44/ETTh1/h720.pt,66bec7ed39d692d5,False,ETTh1,factorial,720,LatentFlow,physics_modal_v4/enhancements/results/factorial/runs/scale-single__bank-off__continuation-preserved/seed44/ETTh1/h720.json,1a76da8d14ab978b4ac67010be059b8407e543d01e4033e3e76fa538d9cbe040,44,scale-single__bank-off__continuation-preserved
/work/11617/sujato_ts/vista/motion_code-master/physics_modal_v4/enhancements/results/factorial/checkpoints/scale-single__bank-off__continuation-preserved/seed44/ETTh1/h96.pt,b69f1b44ef1f7fe0,False,ETTh1,factorial,96,LatentFlow,physics_modal_v4/enhancements/results/factorial/runs/scale-single__bank-off__continuation-preserved/seed44/ETTh1/h96.json,a572fa69e9b11439e8974d53a104a11719de4755d6d8b8f3af4537fb7a587f96,44,scale-single__bank-off__continuation-preserved
/work/11617/sujato_ts/vista/motion_code-master/physics_modal_v4/enhancements/results/factorial/checkpoints/scale-single__bank-off__continuation-preserved/seed44/ETTh2/h192.pt,f7fbedfac620e22e,False,ETTh2,factorial,192,LatentFlow,physics_modal_v4/enhancements/results/factorial/runs/scale-single__bank-off__continuation-preserved/seed44/ETTh2/h192.json,ce686223afbfc4d7e33b958e6381f6190aacc32e455aefbdf37e7cb1c31f38da,44,scale-single__bank-off__continuation-preserved
/work/11617/sujato_ts/vista/motion_code-master/physics_modal_v4/enhancements/results/factorial/checkpoints/scale-single__bank-off__continuation-preserved/seed44/ETTh2/h336.pt,4b668d9fe41589ac,False,ETTh2,factorial,336,LatentFlow,physics_modal_v4/enhancements/results/factorial/runs/scale-single__bank-off__continuation-preserved/seed44/ETTh2/h336.json,7f9ddca5f584a3cfa212b1cb0e088c62197b5fe7771336bc45d1c13c7ac5c20d,44,scale-single__bank-off__continuation-preserved
/work/11617/sujato_ts/vista/motion_code-master/physics_modal_v4/enhancements/results/factorial/checkpoints/scale-single__bank-off__continuation-preserved/seed44/ETTh2/h720.pt,9154bcb18969aac8,False,ETTh2,factorial,720,LatentFlow,physics_modal_v4/enhancements/results/factorial/runs/scale-single__bank-off__continuation-preserved/seed44/ETTh2/h720.json,626a4003844590ec31d5e23247d3bcb72fc4ad1da74740884ee5b70bd6aecf35,44,scale-single__bank-off__continuation-preserved
/work/11617/sujato_ts/vista/motion_code-master/physics_modal_v4/enhancements/results/factorial/checkpoints/scale-single__bank-off__continuation-preserved/seed44/ETTh2/h96.pt,ffab26eae3b5936a,False,ETTh2,factorial,96,LatentFlow,physics_modal_v4/enhancements/results/factorial/runs/scale-single__bank-off__continuation-preserved/seed44/ETTh2/h96.json,5b1e51a081d5e33d5d783f40900fe19296c5b13c0f884680df1d08c39654c17b,44,scale-single__bank-off__continuation-preserved
/work/11617/sujato_ts/vista/motion_code-master/physics_modal_v4/enhancements/results/factorial/checkpoints/scale-single__bank-off__continuation-preserved/seed44/ETTm1/h192.pt,d6eda817b88869f1,False,ETTm1,factorial,192,LatentFlow,physics_modal_v4/enhancements/results/factorial/runs/scale-single__bank-off__continuation-preserved/seed44/ETTm1/h192.json,8579ed946467af78dbc500b4289402d169da3f3bd63238a32f76f7e7df890f88,44,scale-single__bank-off__continuation-preserved
/work/11617/sujato_ts/vista/motion_code-master/physics_modal_v4/enhancements/results/factorial/checkpoints/scale-single__bank-off__continuation-preserved/seed44/ETTm1/h336.pt,fa77ff85709e2cdc,False,ETTm1,factorial,336,LatentFlow,physics_modal_v4/enhancements/results/factorial/runs/scale-single__bank-off__continuation-preserved/seed44/ETTm1/h336.json,36663e6882ea60ab9c90250d6d4fafcfee5f22ef29974a15504e84ec2a93dbe2,44,scale-single__bank-off__continuation-preserved
/work/11617/sujato_ts/vista/motion_code-master/physics_modal_v4/enhancements/results/factorial/checkpoints/scale-single__bank-off__continuation-preserved/seed44/ETTm1/h720.pt,bc4da22899cc9a77,False,ETTm1,factorial,720,LatentFlow,physics_modal_v4/enhancements/results/factorial/runs/scale-single__bank-off__continuation-preserved/seed44/ETTm1/h720.json,1edc6ad54aaa24ee46644a656a9174b34321a9b6342b83576f3a4d6f4f8d6044,44,scale-single__bank-off__continuation-preserved
/work/11617/sujato_ts/vista/motion_code-master/physics_modal_v4/enhancements/results/factorial/checkpoints/scale-single__bank-off__continuation-preserved/seed44/ETTm1/h96.pt,edcb387ed652b5fa,False,ETTm1,factorial,96,LatentFlow,physics_modal_v4/enhancements/results/factorial/runs/scale-single__bank-off__continuation-preserved/seed44/ETTm1/h96.json,9f32b3046a4defb76ce1efc41af842e470f87128968298ead4fbaa40382779e0,44,scale-single__bank-off__continuation-preserved
/work/11617/sujato_ts/vista/motion_code-master/physics_modal_v4/enhancements/results/factorial/checkpoints/scale-single__bank-off__continuation-preserved/seed44/ETTm2/h192.pt,0fbd254426e99d70,False,ETTm2,factorial,192,LatentFlow,physics_modal_v4/enhancements/results/factorial/runs/scale-single__bank-off__continuation-preserved/seed44/ETTm2/h192.json,4faa748a25e68c85bb513e06e231d83d8a1bbb5db415fc1ffdd76878089008b6,44,scale-single__bank-off__continuation-preserved
/work/11617/sujato_ts/vista/motion_code-master/physics_modal_v4/enhancements/results/factorial/checkpoints/scale-single__bank-off__continuation-preserved/seed44/ETTm2/h336.pt,fe2eedd22813d0ae,False,ETTm2,factorial,336,LatentFlow,physics_modal_v4/enhancements/results/factorial/runs/scale-single__bank-off__continuation-preserved/seed44/ETTm2/h336.json,5bcdbff64ea28b3b40774a0028c1e252724f6d3b2bc23f7eda1a5f01c2c9b635,44,scale-single__bank-off__continuation-preserved
/work/11617/sujato_ts/vista/motion_code-master/physics_modal_v4/enhancements/results/factorial/checkpoints/scale-single__bank-off__continuation-preserved/seed44/ETTm2/h720.pt,0235c031b61bb78c,False,ETTm2,factorial,720,LatentFlow,physics_modal_v4/enhancements/results/factorial/runs/scale-single__bank-off__continuation-preserved/seed44/ETTm2/h720.json,0370f61f0121da2aa8313c5c8b56011cb490e6bc673754f7456b135783be2762,44,scale-single__bank-off__continuation-preserved
/work/11617/sujato_ts/vista/motion_code-master/physics_modal_v4/enhancements/results/factorial/checkpoints/scale-single__bank-off__continuation-preserved/seed44/ETTm2/h96.pt,11a328ef04790cba,False,ETTm2,factorial,96,LatentFlow,physics_modal_v4/enhancements/results/factorial/runs/scale-single__bank-off__continuation-preserved/seed44/ETTm2/h96.json,77a7143d9c27d52607053477a8635445c81494178efe2dc53be1530b4964295a,44,scale-single__bank-off__continuation-preserved
/work/11617/sujato_ts/vista/motion_code-master/physics_modal_v4/enhancements/results/factorial/checkpoints/scale-single__bank-off__continuation-preserved/seed44/Electricity/h192.pt,c80afd48fd153df0,False,Electricity,factorial,192,LatentFlow,physics_modal_v4/enhancements/results/factorial/runs/scale-single__bank-off__continuation-preserved/seed44/Electricity/h192.json,660de92f0390ed54db8088bc0e8d12b208536383e9aabd03308843555730a283,44,scale-single__bank-off__continuation-preserved
/work/11617/sujato_ts/vista/motion_code-master/physics_modal_v4/enhancements/results/factorial/checkpoints/scale-single__bank-off__continuation-preserved/seed44/Electricity/h336.pt,34391bd800b6573d,False,Electricity,factorial,336,LatentFlow,physics_modal_v4/enhancements/results/factorial/runs/scale-single__bank-off__continuation-preserved/seed44/Electricity/h336.json,92761e4731c4d6e669c60b8360d95b35cbe6dfcc4b243fbfbadb54d8120ebeb0,44,scale-single__bank-off__continuation-preserved
/work/11617/sujato_ts/vista/motion_code-master/physics_modal_v4/enhancements/results/factorial/checkpoints/scale-single__bank-off__continuation-preserved/seed44/Electricity/h720.pt,1540817286ae649f,False,Electricity,factorial,720,LatentFlow,physics_modal_v4/enhancements/results/factorial/runs/scale-single__bank-off__continuation-preserved/seed44/Electricity/h720.json,c78a16c27564c0899c2c408748cbbb7ef412e994a984a4906468dbf59e2509b3,44,scale-single__bank-off__continuation-preserved
/work/11617/sujato_ts/vista/motion_code-master/physics_modal_v4/enhancements/results/factorial/checkpoints/scale-single__bank-off__continuation-preserved/seed44/Electricity/h96.pt,72c36f0be16ce4ce,False,Electricity,factorial,96,LatentFlow,physics_modal_v4/enhancements/results/factorial/runs/scale-single__bank-off__continuation-preserved/seed44/Electricity/h96.json,f0cc838a1113d7dd338bf4dcdb3142496b0d39186edfff0acd678ec2d352b42f,44,scale-single__bank-off__continuation-preserved
/work/11617/sujato_ts/vista/motion_code-master/physics_modal_v4/enhancements/results/factorial/checkpoints/scale-single__bank-off__continuation-preserved/seed44/Traffic/h192.pt,5cb52d0b776cfa5f,False,Traffic,factorial,192,LatentFlow,physics_modal_v4/enhancements/results/factorial/runs/scale-single__bank-off__continuation-preserved/seed44/Traffic/h192.json,91d44c11c055b54cc3f951073e640266585b1ce5db007c591dcf2df51540093d,44,scale-single__bank-off__continuation-preserved
/work/11617/sujato_ts/vista/motion_code-master/physics_modal_v4/enhancements/results/factorial/checkpoints/scale-single__bank-off__continuation-preserved/seed44/Traffic/h336.pt,c9c16c055cb69ed0,False,Traffic,factorial,336,LatentFlow,physics_modal_v4/enhancements/results/factorial/runs/scale-single__bank-off__continuation-preserved/seed44/Traffic/h336.json,032efd5950df84ff64c945ddd55418a990dc60e1db6f4ffa731c5f46e97b58cf,44,scale-single__bank-off__continuation-preserved
/work/11617/sujato_ts/vista/motion_code-master/physics_modal_v4/enhancements/results/factorial/checkpoints/scale-single__bank-off__continuation-preserved/seed44/Traffic/h720.pt,dbfbd1ed6b38bcb0,False,Traffic,factorial,720,LatentFlow,physics_modal_v4/enhancements/results/factorial/runs/scale-single__bank-off__continuation-preserved/seed44/Traffic/h720.json,e57819c219d91f95ccaabf6f0424835e254b3f2bcdc81267c03badd3f79e83b9,44,scale-single__bank-off__continuation-preserved
/work/11617/sujato_ts/vista/motion_code-master/physics_modal_v4/enhancements/results/factorial/checkpoints/scale-single__bank-off__continuation-preserved/seed44/Traffic/h96.pt,3e5ecae0a6c9f64a,False,Traffic,factorial,96,LatentFlow,physics_modal_v4/enhancements/results/factorial/runs/scale-single__bank-off__continuation-preserved/seed44/Traffic/h96.json,20dce1641b0c705702015c1a129ede18a5860544ece86b3404be753fc7f82a55,44,scale-single__bank-off__continuation-preserved
/work/11617/sujato_ts/vista/motion_code-master/physics_modal_v4/enhancements/results/factorial/checkpoints/scale-single__bank-off__continuation-preserved/seed44/Weather/h192.pt,01cf68e15875d121,False,Weather,factorial,192,LatentFlow,physics_modal_v4/enhancements/results/factorial/runs/scale-single__bank-off__continuation-preserved/seed44/Weather/h192.json,09a76283e8a709e42c59baf0a663b83f4637d339f7f57cde11d083157b960a67,44,scale-single__bank-off__continuation-preserved
/work/11617/sujato_ts/vista/motion_code-master/physics_modal_v4/enhancements/results/factorial/checkpoints/scale-single__bank-off__continuation-preserved/seed44/Weather/h336.pt,c8034b9ca67c4e9b,False,Weather,factorial,336,LatentFlow,physics_modal_v4/enhancements/results/factorial/runs/scale-single__bank-off__continuation-preserved/seed44/Weather/h336.json,72cca382f940eed2e0b0b4db6773db944ec666b29e4afa9fc35db8aeba4a25aa,44,scale-single__bank-off__continuation-preserved
/work/11617/sujato_ts/vista/motion_code-master/physics_modal_v4/enhancements/results/factorial/checkpoints/scale-single__bank-off__continuation-preserved/seed44/Weather/h720.pt,11b0e412369450e5,False,Weather,factorial,720,LatentFlow,physics_modal_v4/enhancements/results/factorial/runs/scale-single__bank-off__continuation-preserved/seed44/Weather/h720.json,53e90241d35408eead17548e7fbce9409e713fe000de95c50c9b0494b2f3194d,44,scale-single__bank-off__continuation-preserved
/work/11617/sujato_ts/vista/motion_code-master/physics_modal_v4/enhancements/results/factorial/checkpoints/scale-single__bank-off__continuation-preserved/seed44/Weather/h96.pt,5f7c5eee7abccbbf,False,Weather,factorial,96,LatentFlow,physics_modal_v4/enhancements/results/factorial/runs/scale-single__bank-off__continuation-preserved/seed44/Weather/h96.json,7454c97e6b30cb0ba237797ec84dde8e7d28faa2ca7ee145aa60bbf5022c05d4,44,scale-single__bank-off__continuation-preserved
/work/11617/sujato_ts/vista/motion_code-master/physics_modal_v4/enhancements/results/factorial/checkpoints/scale-single__bank-on__continuation-early/seed42/ETTh1/h192.pt,86538caf04d45b88,False,ETTh1,factorial,192,LatentFlow,physics_modal_v4/enhancements/results/factorial/runs/scale-single__bank-on__continuation-early/seed42/ETTh1/h192.json,387b2f18e53c044e6657f3c7bf982bfbca5e4e322ff6c0f4ddb79fb5383209f1,42,scale-single__bank-on__continuation-early
/work/11617/sujato_ts/vista/motion_code-master/physics_modal_v4/enhancements/results/factorial/checkpoints/scale-single__bank-on__continuation-early/seed42/ETTh1/h336.pt,fcbfcf49bc256b0a,False,ETTh1,factorial,336,LatentFlow,physics_modal_v4/enhancements/results/factorial/runs/scale-single__bank-on__continuation-early/seed42/ETTh1/h336.json,dae87d52e7e2e19fc711bcd3a9f0c924554def7c4328732d198fedfd0e170dd8,42,scale-single__bank-on__continuation-early
/work/11617/sujato_ts/vista/motion_code-master/physics_modal_v4/enhancements/results/factorial/checkpoints/scale-single__bank-on__continuation-early/seed42/ETTh1/h720.pt,7dbaac77b0cc00eb,False,ETTh1,factorial,720,LatentFlow,physics_modal_v4/enhancements/results/factorial/runs/scale-single__bank-on__continuation-early/seed42/ETTh1/h720.json,6a6af07f22546a6a89dac5171c234a5d06a276b0e37db1abf602d821d024ded6,42,scale-single__bank-on__continuation-early
/work/11617/sujato_ts/vista/motion_code-master/physics_modal_v4/enhancements/results/factorial/checkpoints/scale-single__bank-on__continuation-early/seed42/ETTh1/h96.pt,c8747d8e763e2bf7,False,ETTh1,factorial,96,LatentFlow,physics_modal_v4/enhancements/results/factorial/runs/scale-single__bank-on__continuation-early/seed42/ETTh1/h96.json,332be07a050dff8f8fe96cb4ff4566d4363c5ba262251b4f18cf6b385e3fc478,42,scale-single__bank-on__continuation-early
/work/11617/sujato_ts/vista/motion_code-master/physics_modal_v4/enhancements/results/factorial/checkpoints/scale-single__bank-on__continuation-early/seed42/ETTh2/h192.pt,b629044c657328d7,False,ETTh2,factorial,192,LatentFlow,physics_modal_v4/enhancements/results/factorial/runs/scale-single__bank-on__continuation-early/seed42/ETTh2/h192.json,629e51a1c78cd53069d91dcea74d3e90b1f02be60440229716924c27f49d02ac,42,scale-single__bank-on__continuation-early
/work/11617/sujato_ts/vista/motion_code-master/physics_modal_v4/enhancements/results/factorial/checkpoints/scale-single__bank-on__continuation-early/seed42/ETTh2/h336.pt,a8c319cbbec082f3,False,ETTh2,factorial,336,LatentFlow,physics_modal_v4/enhancements/results/factorial/runs/scale-single__bank-on__continuation-early/seed42/ETTh2/h336.json,3eeb3a1ce5ac2a7a9333771118acfa090eec85c41f623bfa28e8c9062889e071,42,scale-single__bank-on__continuation-early
/work/11617/sujato_ts/vista/motion_code-master/physics_modal_v4/enhancements/results/factorial/checkpoints/scale-single__bank-on__continuation-early/seed42/ETTh2/h720.pt,1b72a81bb8d97055,False,ETTh2,factorial,720,LatentFlow,physics_modal_v4/enhancements/results/factorial/runs/scale-single__bank-on__continuation-early/seed42/ETTh2/h720.json,b36e35d90b6eec927848549684f2ec1ed5cda0cb0db5cc4be5280f4727f93c8c,42,scale-single__bank-on__continuation-early
/work/11617/sujato_ts/vista/motion_code-master/physics_modal_v4/enhancements/results/factorial/checkpoints/scale-single__bank-on__continuation-early/seed42/ETTh2/h96.pt,1446cb6c3327930f,False,ETTh2,factorial,96,LatentFlow,physics_modal_v4/enhancements/results/factorial/runs/scale-single__bank-on__continuation-early/seed42/ETTh2/h96.json,bd02c62a9753cf69095a195d7df34a1a0875fb3583c4cbf833ab823a3ec2db0a,42,scale-single__bank-on__continuation-early
/work/11617/sujato_ts/vista/motion_code-master/physics_modal_v4/enhancements/results/factorial/checkpoints/scale-single__bank-on__continuation-early/seed42/ETTm1/h192.pt,323731971fb66827,False,ETTm1,factorial,192,LatentFlow,physics_modal_v4/enhancements/results/factorial/runs/scale-single__bank-on__continuation-early/seed42/ETTm1/h192.json,6b71caf7f23240f0d11d247b27590176f303d6e708900f4626bf3cf2770f375a,42,scale-single__bank-on__continuation-early
/work/11617/sujato_ts/vista/motion_code-master/physics_modal_v4/enhancements/results/factorial/checkpoints/scale-single__bank-on__continuation-early/seed42/ETTm1/h336.pt,1d7585fdd3e520ef,False,ETTm1,factorial,336,LatentFlow,physics_modal_v4/enhancements/results/factorial/runs/scale-single__bank-on__continuation-early/seed42/ETTm1/h336.json,f8f4ed19535fcf018732b62f6a0d20688e5aeb2bbd735698b4932aed4ed3b195,42,scale-single__bank-on__continuation-early
/work/11617/sujato_ts/vista/motion_code-master/physics_modal_v4/enhancements/results/factorial/checkpoints/scale-single__bank-on__continuation-early/seed42/ETTm1/h720.pt,b93a926a9426c08c,False,ETTm1,factorial,720,LatentFlow,physics_modal_v4/enhancements/results/factorial/runs/scale-single__bank-on__continuation-early/seed42/ETTm1/h720.json,8677b7d63e7178f7888f51542b32525a0886f9d8dbfa6e4c1fe48c18222d4a91,42,scale-single__bank-on__continuation-early
/work/11617/sujato_ts/vista/motion_code-master/physics_modal_v4/enhancements/results/factorial/checkpoints/scale-single__bank-on__continuation-early/seed42/ETTm1/h96.pt,c4f808147cdadd66,False,ETTm1,factorial,96,LatentFlow,physics_modal_v4/enhancements/results/factorial/runs/scale-single__bank-on__continuation-early/seed42/ETTm1/h96.json,abdc778b81893c38e42c7825b0c4829f4f212bcb2872f2bc61eee1cd0f933c06,42,scale-single__bank-on__continuation-early
/work/11617/sujato_ts/vista/motion_code-master/physics_modal_v4/enhancements/results/factorial/checkpoints/scale-single__bank-on__continuation-early/seed42/ETTm2/h192.pt,b14a9bc1b64edfe9,False,ETTm2,factorial,192,LatentFlow,physics_modal_v4/enhancements/results/factorial/runs/scale-single__bank-on__continuation-early/seed42/ETTm2/h192.json,e63890e01c92c2a7a1dda3f82a1c21d6453c777576439f98f8c4d5d8e350bad5,42,scale-single__bank-on__continuation-early
/work/11617/sujato_ts/vista/motion_code-master/physics_modal_v4/enhancements/results/factorial/checkpoints/scale-single__bank-on__continuation-early/seed42/ETTm2/h336.pt,55bfe25314cdb45d,False,ETTm2,factorial,336,LatentFlow,physics_modal_v4/enhancements/results/factorial/runs/scale-single__bank-on__continuation-early/seed42/ETTm2/h336.json,387ba5394021d15c14b54e58814923ec984811da4cbcd91630ff569e5820fc8a,42,scale-single__bank-on__continuation-early
/work/11617/sujato_ts/vista/motion_code-master/physics_modal_v4/enhancements/results/factorial/checkpoints/scale-single__bank-on__continuation-early/seed42/ETTm2/h720.pt,cb38ebb4e0d30380,False,ETTm2,factorial,720,LatentFlow,physics_modal_v4/enhancements/results/factorial/runs/scale-single__bank-on__continuation-early/seed42/ETTm2/h720.json,eef822196dd65689d871e2c9bd8d4dd2554b38f6d1cad3c83990af84673bc285,42,scale-single__bank-on__continuation-early
/work/11617/sujato_ts/vista/motion_code-master/physics_modal_v4/enhancements/results/factorial/checkpoints/scale-single__bank-on__continuation-early/seed42/ETTm2/h96.pt,d5e887269e5d90ef,False,ETTm2,factorial,96,LatentFlow,physics_modal_v4/enhancements/results/factorial/runs/scale-single__bank-on__continuation-early/seed42/ETTm2/h96.json,c03a6c9d5fc8db13c8023a76c614f348bf316cbd271e1ae3cf986e3db2f07d15,42,scale-single__bank-on__continuation-early
/work/11617/sujato_ts/vista/motion_code-master/physics_modal_v4/enhancements/results/factorial/checkpoints/scale-single__bank-on__continuation-early/seed42/Electricity/h192.pt,99e98ce5407c2a46,False,Electricity,factorial,192,LatentFlow,physics_modal_v4/enhancements/results/factorial/runs/scale-single__bank-on__continuation-early/seed42/Electricity/h192.json,82fbc5543b243c5a32a6dd7b92fe7989bd21b6d400fa3ddef338efe70f2f0ef2,42,scale-single__bank-on__continuation-early
/work/11617/sujato_ts/vista/motion_code-master/physics_modal_v4/enhancements/results/factorial/checkpoints/scale-single__bank-on__continuation-early/seed42/Electricity/h336.pt,5476219beeb695fa,False,Electricity,factorial,336,LatentFlow,physics_modal_v4/enhancements/results/factorial/runs/scale-single__bank-on__continuation-early/seed42/Electricity/h336.json,8c032bfe6bb85c1a7886814443fbb1c6726e58b4def3f4c954106bdfb3a26fda,42,scale-single__bank-on__continuation-early
/work/11617/sujato_ts/vista/motion_code-master/physics_modal_v4/enhancements/results/factorial/checkpoints/scale-single__bank-on__continuation-early/seed42/Electricity/h720.pt,8b24f24c6762dce4,False,Electricity,factorial,720,LatentFlow,physics_modal_v4/enhancements/results/factorial/runs/scale-single__bank-on__continuation-early/seed42/Electricity/h720.json,a1b61dffe37a4006a0da32d9d797a795393d1716f4cdfff8a4ccafff22109d48,42,scale-single__bank-on__continuation-early
/work/11617/sujato_ts/vista/motion_code-master/physics_modal_v4/enhancements/results/factorial/checkpoints/scale-single__bank-on__continuation-early/seed42/Electricity/h96.pt,ce5f9d9b3a45c2b3,False,Electricity,factorial,96,LatentFlow,physics_modal_v4/enhancements/results/factorial/runs/scale-single__bank-on__continuation-early/seed42/Electricity/h96.json,b21d1a31695dffcfb86aa16ca1ed72bf1f94db0b570aa51ae58490a9a7080d11,42,scale-single__bank-on__continuation-early
/work/11617/sujato_ts/vista/motion_code-master/physics_modal_v4/enhancements/results/factorial/checkpoints/scale-single__bank-on__continuation-early/seed42/Traffic/h192.pt,057a11836639a0bd,False,Traffic,factorial,192,LatentFlow,physics_modal_v4/enhancements/results/factorial/runs/scale-single__bank-on__continuation-early/seed42/Traffic/h192.json,dd7f396b6f742a1efa69a4c8ce45ec012594e020c3e28b69b36f57e2abc0666d,42,scale-single__bank-on__continuation-early
/work/11617/sujato_ts/vista/motion_code-master/physics_modal_v4/enhancements/results/factorial/checkpoints/scale-single__bank-on__continuation-early/seed42/Traffic/h336.pt,6329ed861fc22577,False,Traffic,factorial,336,LatentFlow,physics_modal_v4/enhancements/results/factorial/runs/scale-single__bank-on__continuation-early/seed42/Traffic/h336.json,66497c873f4b06b016972d2065af79704148e02d167a846751331f26415fa64d,42,scale-single__bank-on__continuation-early
/work/11617/sujato_ts/vista/motion_code-master/physics_modal_v4/enhancements/results/factorial/checkpoints/scale-single__bank-on__continuation-early/seed42/Traffic/h720.pt,d0ce3909e4c42240,False,Traffic,factorial,720,LatentFlow,physics_modal_v4/enhancements/results/factorial/runs/scale-single__bank-on__continuation-early/seed42/Traffic/h720.json,97135e675583234e5be4a066f2150e702a9bc432605c05d1d6d399d64f279cab,42,scale-single__bank-on__continuation-early
/work/11617/sujato_ts/vista/motion_code-master/physics_modal_v4/enhancements/results/factorial/checkpoints/scale-single__bank-on__continuation-early/seed42/Traffic/h96.pt,6552226b73e6f51e,False,Traffic,factorial,96,LatentFlow,physics_modal_v4/enhancements/results/factorial/runs/scale-single__bank-on__continuation-early/seed42/Traffic/h96.json,4a5cefde514a8f88a37375645eb6fda617be12a0db275124e67abcec1cbcfd08,42,scale-single__bank-on__continuation-early
/work/11617/sujato_ts/vista/motion_code-master/physics_modal_v4/enhancements/results/factorial/checkpoints/scale-single__bank-on__continuation-early/seed42/Weather/h192.pt,076e9acbc858d679,False,Weather,factorial,192,LatentFlow,physics_modal_v4/enhancements/results/factorial/runs/scale-single__bank-on__continuation-early/seed42/Weather/h192.json,6686b9f04ac0deeebafc27917137a461e6c01919827d856e848fb3c23d2716fc,42,scale-single__bank-on__continuation-early
/work/11617/sujato_ts/vista/motion_code-master/physics_modal_v4/enhancements/results/factorial/checkpoints/scale-single__bank-on__continuation-early/seed42/Weather/h336.pt,a817a7f5ea1bb96f,False,Weather,factorial,336,LatentFlow,physics_modal_v4/enhancements/results/factorial/runs/scale-single__bank-on__continuation-early/seed42/Weather/h336.json,c0d235dab10b1cf6a83c1a841fb6b5b05b6f121c8b1768e163cefcd797f66ea2,42,scale-single__bank-on__continuation-early
/work/11617/sujato_ts/vista/motion_code-master/physics_modal_v4/enhancements/results/factorial/checkpoints/scale-single__bank-on__continuation-early/seed42/Weather/h720.pt,f06fa45a1042f177,False,Weather,factorial,720,LatentFlow,physics_modal_v4/enhancements/results/factorial/runs/scale-single__bank-on__continuation-early/seed42/Weather/h720.json,66c423db03ea227fbb2900735492e184cb0b22bc8d54f2707816861440f3b0eb,42,scale-single__bank-on__continuation-early
/work/11617/sujato_ts/vista/motion_code-master/physics_modal_v4/enhancements/results/factorial/checkpoints/scale-single__bank-on__continuation-early/seed42/Weather/h96.pt,1ee29f6e1c09bc06,False,Weather,factorial,96,LatentFlow,physics_modal_v4/enhancements/results/factorial/runs/scale-single__bank-on__continuation-early/seed42/Weather/h96.json,e1b8d45e662657de5da92f3cb9024eb69dd54ec0113660573965141ceead30af,42,scale-single__bank-on__continuation-early
/work/11617/sujato_ts/vista/motion_code-master/physics_modal_v4/enhancements/results/factorial/checkpoints/scale-single__bank-on__continuation-early/seed43/ETTh1/h192.pt,52f3345a43483026,False,ETTh1,factorial,192,LatentFlow,physics_modal_v4/enhancements/results/factorial/runs/scale-single__bank-on__continuation-early/seed43/ETTh1/h192.json,f1eb9074256435b32f1db2cfcb576cf8a558c4f41b3267b7fa23922c4ca42e61,43,scale-single__bank-on__continuation-early
/work/11617/sujato_ts/vista/motion_code-master/physics_modal_v4/enhancements/results/factorial/checkpoints/scale-single__bank-on__continuation-early/seed43/ETTh1/h336.pt,8e3339cb53bdfc1c,False,ETTh1,factorial,336,LatentFlow,physics_modal_v4/enhancements/results/factorial/runs/scale-single__bank-on__continuation-early/seed43/ETTh1/h336.json,bfd437e27b8987ac205e3e65c4859ef748e455639a14dbbb3f39879c91480037,43,scale-single__bank-on__continuation-early
/work/11617/sujato_ts/vista/motion_code-master/physics_modal_v4/enhancements/results/factorial/checkpoints/scale-single__bank-on__continuation-early/seed43/ETTh1/h720.pt,1f878f8e24a60a62,False,ETTh1,factorial,720,LatentFlow,physics_modal_v4/enhancements/results/factorial/runs/scale-single__bank-on__continuation-early/seed43/ETTh1/h720.json,b73b533933c5824bb25de2659fe8d0fda1cc80d3fe70ac506fb67d753d439095,43,scale-single__bank-on__continuation-early
/work/11617/sujato_ts/vista/motion_code-master/physics_modal_v4/enhancements/results/factorial/checkpoints/scale-single__bank-on__continuation-early/seed43/ETTh1/h96.pt,641752a034910b2f,False,ETTh1,factorial,96,LatentFlow,physics_modal_v4/enhancements/results/factorial/runs/scale-single__bank-on__continuation-early/seed43/ETTh1/h96.json,5ac8aad2666995d544f9c00dac1187e6ea4e494f715bec44a1e5405a35f39438,43,scale-single__bank-on__continuation-early
/work/11617/sujato_ts/vista/motion_code-master/physics_modal_v4/enhancements/results/factorial/checkpoints/scale-single__bank-on__continuation-early/seed43/ETTh2/h192.pt,c98e6314f44a49ec,False,ETTh2,factorial,192,LatentFlow,physics_modal_v4/enhancements/results/factorial/runs/scale-single__bank-on__continuation-early/seed43/ETTh2/h192.json,093cb8e862d8b6bc5d3e1151ee76e3eea2f01472e889d89dc7679955a09ce5ec,43,scale-single__bank-on__continuation-early
/work/11617/sujato_ts/vista/motion_code-master/physics_modal_v4/enhancements/results/factorial/checkpoints/scale-single__bank-on__continuation-early/seed43/ETTh2/h336.pt,61e5f8c3645a2578,False,ETTh2,factorial,336,LatentFlow,physics_modal_v4/enhancements/results/factorial/runs/scale-single__bank-on__continuation-early/seed43/ETTh2/h336.json,e3a9edd434368bda444de3640ed8fb681d23305165b8d812366a854152580d6d,43,scale-single__bank-on__continuation-early
/work/11617/sujato_ts/vista/motion_code-master/physics_modal_v4/enhancements/results/factorial/checkpoints/scale-single__bank-on__continuation-early/seed43/ETTh2/h720.pt,2f1258c988e3b28f,False,ETTh2,factorial,720,LatentFlow,physics_modal_v4/enhancements/results/factorial/runs/scale-single__bank-on__continuation-early/seed43/ETTh2/h720.json,afc0e60f33303be37fa55f28f372982fc823dccd5179f94eebb0f8a0957c2acb,43,scale-single__bank-on__continuation-early
/work/11617/sujato_ts/vista/motion_code-master/physics_modal_v4/enhancements/results/factorial/checkpoints/scale-single__bank-on__continuation-early/seed43/ETTh2/h96.pt,af31c212dbb76702,False,ETTh2,factorial,96,LatentFlow,physics_modal_v4/enhancements/results/factorial/runs/scale-single__bank-on__continuation-early/seed43/ETTh2/h96.json,5bb8c007a711f088feec247b64cb0365ac04368c67665ea284ed4a605283ba5b,43,scale-single__bank-on__continuation-early
/work/11617/sujato_ts/vista/motion_code-master/physics_modal_v4/enhancements/results/factorial/checkpoints/scale-single__bank-on__continuation-early/seed43/ETTm1/h192.pt,51efd7608cd7a65a,False,ETTm1,factorial,192,LatentFlow,physics_modal_v4/enhancements/results/factorial/runs/scale-single__bank-on__continuation-early/seed43/ETTm1/h192.json,400b8d9544f1a5d616851c25b7e0303f18a5853faf01bbd97007fdee2396d30c,43,scale-single__bank-on__continuation-early
/work/11617/sujato_ts/vista/motion_code-master/physics_modal_v4/enhancements/results/factorial/checkpoints/scale-single__bank-on__continuation-early/seed43/ETTm1/h336.pt,f193f7980998ca4f,False,ETTm1,factorial,336,LatentFlow,physics_modal_v4/enhancements/results/factorial/runs/scale-single__bank-on__continuation-early/seed43/ETTm1/h336.json,cb3adaf291eb45133720c198504b4d1d026d41d1733539506dcee348782f03b3,43,scale-single__bank-on__continuation-early
/work/11617/sujato_ts/vista/motion_code-master/physics_modal_v4/enhancements/results/factorial/checkpoints/scale-single__bank-on__continuation-early/seed43/ETTm1/h720.pt,2210cc6091a5a724,False,ETTm1,factorial,720,LatentFlow,physics_modal_v4/enhancements/results/factorial/runs/scale-single__bank-on__continuation-early/seed43/ETTm1/h720.json,e76af42c8fb034ef04c13301a90f3d162e3f6406dbfcebb422f523460aab15e8,43,scale-single__bank-on__continuation-early
/work/11617/sujato_ts/vista/motion_code-master/physics_modal_v4/enhancements/results/factorial/checkpoints/scale-single__bank-on__continuation-early/seed43/ETTm1/h96.pt,885d5887b4ce0bc2,False,ETTm1,factorial,96,LatentFlow,physics_modal_v4/enhancements/results/factorial/runs/scale-single__bank-on__continuation-early/seed43/ETTm1/h96.json,f1f557df5ad84a05f1e46e96cabcc666f7b668d373f0353ab2f32368aef08c9e,43,scale-single__bank-on__continuation-early
/work/11617/sujato_ts/vista/motion_code-master/physics_modal_v4/enhancements/results/factorial/checkpoints/scale-single__bank-on__continuation-early/seed43/ETTm2/h192.pt,1d4e5c10bbdd8192,False,ETTm2,factorial,192,LatentFlow,physics_modal_v4/enhancements/results/factorial/runs/scale-single__bank-on__continuation-early/seed43/ETTm2/h192.json,789dff90b5e11a56edfee0710d3a4fd63da370a0be611dcd93e34ee645757ca2,43,scale-single__bank-on__continuation-early
/work/11617/sujato_ts/vista/motion_code-master/physics_modal_v4/enhancements/results/factorial/checkpoints/scale-single__bank-on__continuation-early/seed43/ETTm2/h336.pt,5016e37d7057e228,False,ETTm2,factorial,336,LatentFlow,physics_modal_v4/enhancements/results/factorial/runs/scale-single__bank-on__continuation-early/seed43/ETTm2/h336.json,37db0aa0c052c9bb09d3f145cc258496bf9a6b7f72c14cc4f5239c14e87b8604,43,scale-single__bank-on__continuation-early
/work/11617/sujato_ts/vista/motion_code-master/physics_modal_v4/enhancements/results/factorial/checkpoints/scale-single__bank-on__continuation-early/seed43/ETTm2/h720.pt,a6a9f80984e984cf,False,ETTm2,factorial,720,LatentFlow,physics_modal_v4/enhancements/results/factorial/runs/scale-single__bank-on__continuation-early/seed43/ETTm2/h720.json,22512549b9b428df938ed56b8303eceaf0c04642eaea19089622eca4243babdc,43,scale-single__bank-on__continuation-early
/work/11617/sujato_ts/vista/motion_code-master/physics_modal_v4/enhancements/results/factorial/checkpoints/scale-single__bank-on__continuation-early/seed43/ETTm2/h96.pt,3ffe7d0ceea04792,False,ETTm2,factorial,96,LatentFlow,physics_modal_v4/enhancements/results/factorial/runs/scale-single__bank-on__continuation-early/seed43/ETTm2/h96.json,9511700281c46bb525a0a5ae64d608224248a136edd983080b905eef05557c0c,43,scale-single__bank-on__continuation-early
/work/11617/sujato_ts/vista/motion_code-master/physics_modal_v4/enhancements/results/factorial/checkpoints/scale-single__bank-on__continuation-early/seed43/Electricity/h192.pt,6c7096f1f7eca986,False,Electricity,factorial,192,LatentFlow,physics_modal_v4/enhancements/results/factorial/runs/scale-single__bank-on__continuation-early/seed43/Electricity/h192.json,4fbe4cf1b7a4f5adff18bf572f0485e442f66c4fcba2fbab13c477c61dc9daa8,43,scale-single__bank-on__continuation-early
/work/11617/sujato_ts/vista/motion_code-master/physics_modal_v4/enhancements/results/factorial/checkpoints/scale-single__bank-on__continuation-early/seed43/Electricity/h336.pt,d1efc48691c56f40,False,Electricity,factorial,336,LatentFlow,physics_modal_v4/enhancements/results/factorial/runs/scale-single__bank-on__continuation-early/seed43/Electricity/h336.json,0a4ee214cf38667a776c2b1ece5146c8f0104237c97bd96e11cb46d95458878e,43,scale-single__bank-on__continuation-early
/work/11617/sujato_ts/vista/motion_code-master/physics_modal_v4/enhancements/results/factorial/checkpoints/scale-single__bank-on__continuation-early/seed43/Electricity/h720.pt,017887b59597ea91,False,Electricity,factorial,720,LatentFlow,physics_modal_v4/enhancements/results/factorial/runs/scale-single__bank-on__continuation-early/seed43/Electricity/h720.json,7e67747cfd8bd61837f8108c2f8e138e8072e7c125bae4a3df3894fe9358d94e,43,scale-single__bank-on__continuation-early
/work/11617/sujato_ts/vista/motion_code-master/physics_modal_v4/enhancements/results/factorial/checkpoints/scale-single__bank-on__continuation-early/seed43/Electricity/h96.pt,8cd40c702349988e,False,Electricity,factorial,96,LatentFlow,physics_modal_v4/enhancements/results/factorial/runs/scale-single__bank-on__continuation-early/seed43/Electricity/h96.json,7e7d2fd6f361c70d22be47f616f2a256850355ecbb7c1b1d78848b44c8a4d476,43,scale-single__bank-on__continuation-early
/work/11617/sujato_ts/vista/motion_code-master/physics_modal_v4/enhancements/results/factorial/checkpoints/scale-single__bank-on__continuation-early/seed43/Traffic/h192.pt,7001bc3aa7caa219,False,Traffic,factorial,192,LatentFlow,physics_modal_v4/enhancements/results/factorial/runs/scale-single__bank-on__continuation-early/seed43/Traffic/h192.json,73dc81e104030bcd3de7a66b5bee21a99bb6c565e2dd8e6d20efbe18569c0a68,43,scale-single__bank-on__continuation-early
/work/11617/sujato_ts/vista/motion_code-master/physics_modal_v4/enhancements/results/factorial/checkpoints/scale-single__bank-on__continuation-early/seed43/Traffic/h336.pt,d543c9a2689cd2ab,False,Traffic,factorial,336,LatentFlow,physics_modal_v4/enhancements/results/factorial/runs/scale-single__bank-on__continuation-early/seed43/Traffic/h336.json,3a5aca29bd9e3946c094d4bf3734df9cf1f49186fac080d62909f3d5565ec4ef,43,scale-single__bank-on__continuation-early
/work/11617/sujato_ts/vista/motion_code-master/physics_modal_v4/enhancements/results/factorial/checkpoints/scale-single__bank-on__continuation-early/seed43/Traffic/h720.pt,7840a764313670ab,False,Traffic,factorial,720,LatentFlow,physics_modal_v4/enhancements/results/factorial/runs/scale-single__bank-on__continuation-early/seed43/Traffic/h720.json,cb493dd3a546a5397bc1caedb39408515a047b7631a5c2a176706e1425960072,43,scale-single__bank-on__continuation-early
/work/11617/sujato_ts/vista/motion_code-master/physics_modal_v4/enhancements/results/factorial/checkpoints/scale-single__bank-on__continuation-early/seed43/Traffic/h96.pt,7bb1bb038fa5f193,False,Traffic,factorial,96,LatentFlow,physics_modal_v4/enhancements/results/factorial/runs/scale-single__bank-on__continuation-early/seed43/Traffic/h96.json,827dd6cac0cdc09fb278b6ee0921a82fc4be5c95f9ddd0f66301119258ecb6ca,43,scale-single__bank-on__continuation-early
/work/11617/sujato_ts/vista/motion_code-master/physics_modal_v4/enhancements/results/factorial/checkpoints/scale-single__bank-on__continuation-early/seed43/Weather/h192.pt,04aa8c9dba22b891,False,Weather,factorial,192,LatentFlow,physics_modal_v4/enhancements/results/factorial/runs/scale-single__bank-on__continuation-early/seed43/Weather/h192.json,2c90569483adfd595f249493ffb8805fd6e28adc17b5f2b436aab12038504dab,43,scale-single__bank-on__continuation-early
/work/11617/sujato_ts/vista/motion_code-master/physics_modal_v4/enhancements/results/factorial/checkpoints/scale-single__bank-on__continuation-early/seed43/Weather/h336.pt,7d6d141693693926,False,Weather,factorial,336,LatentFlow,physics_modal_v4/enhancements/results/factorial/runs/scale-single__bank-on__continuation-early/seed43/Weather/h336.json,1547506f4481eecc8d8f6b1603c469d72588e243d62da7e6b7d98e281385d06c,43,scale-single__bank-on__continuation-early
/work/11617/sujato_ts/vista/motion_code-master/physics_modal_v4/enhancements/results/factorial/checkpoints/scale-single__bank-on__continuation-early/seed43/Weather/h720.pt,b0f974a72790aced,False,Weather,factorial,720,LatentFlow,physics_modal_v4/enhancements/results/factorial/runs/scale-single__bank-on__continuation-early/seed43/Weather/h720.json,480695dc85d7c26c3995b817918fec9f1d2f6cc8f98c38de28528f2942ad00b4,43,scale-single__bank-on__continuation-early
/work/11617/sujato_ts/vista/motion_code-master/physics_modal_v4/enhancements/results/factorial/checkpoints/scale-single__bank-on__continuation-early/seed43/Weather/h96.pt,92bed8d640404f53,False,Weather,factorial,96,LatentFlow,physics_modal_v4/enhancements/results/factorial/runs/scale-single__bank-on__continuation-early/seed43/Weather/h96.json,52e8778124240691da1234a80e7a5e95396eba8f741eb8de09bc958193f82fad,43,scale-single__bank-on__continuation-early
/work/11617/sujato_ts/vista/motion_code-master/physics_modal_v4/enhancements/results/factorial/checkpoints/scale-single__bank-on__continuation-early/seed44/ETTh1/h192.pt,cc067c73bf21d1e9,False,ETTh1,factorial,192,LatentFlow,physics_modal_v4/enhancements/results/factorial/runs/scale-single__bank-on__continuation-early/seed44/ETTh1/h192.json,b00a8f2e47de98b300f424aac11b9027d87fc17a1900b1f297c4d6ffc04a0b86,44,scale-single__bank-on__continuation-early
/work/11617/sujato_ts/vista/motion_code-master/physics_modal_v4/enhancements/results/factorial/checkpoints/scale-single__bank-on__continuation-early/seed44/ETTh1/h336.pt,e9071d3963be360d,False,ETTh1,factorial,336,LatentFlow,physics_modal_v4/enhancements/results/factorial/runs/scale-single__bank-on__continuation-early/seed44/ETTh1/h336.json,0462c94749e9613f51c87f57bc79220e7f1d00667ecbbb689dc5434a28cd2391,44,scale-single__bank-on__continuation-early
/work/11617/sujato_ts/vista/motion_code-master/physics_modal_v4/enhancements/results/factorial/checkpoints/scale-single__bank-on__continuation-early/seed44/ETTh1/h720.pt,66bec7ed39d692d5,False,ETTh1,factorial,720,LatentFlow,physics_modal_v4/enhancements/results/factorial/runs/scale-single__bank-on__continuation-early/seed44/ETTh1/h720.json,fac7b2f97475836a13419960c4b45b1e813125fd2a7873b19e233c0a30e1da00,44,scale-single__bank-on__continuation-early
/work/11617/sujato_ts/vista/motion_code-master/physics_modal_v4/enhancements/results/factorial/checkpoints/scale-single__bank-on__continuation-early/seed44/ETTh1/h96.pt,b69f1b44ef1f7fe0,False,ETTh1,factorial,96,LatentFlow,physics_modal_v4/enhancements/results/factorial/runs/scale-single__bank-on__continuation-early/seed44/ETTh1/h96.json,e4059f7a8d3352c11c8dbfc6560da9df7766213b314895b5cf06d92beff44654,44,scale-single__bank-on__continuation-early
/work/11617/sujato_ts/vista/motion_code-master/physics_modal_v4/enhancements/results/factorial/checkpoints/scale-single__bank-on__continuation-early/seed44/ETTh2/h192.pt,f7fbedfac620e22e,False,ETTh2,factorial,192,LatentFlow,physics_modal_v4/enhancements/results/factorial/runs/scale-single__bank-on__continuation-early/seed44/ETTh2/h192.json,527923fb4d9cde434e3ed020dcfcb35d37c1b7492a97ddf6743f52b2752fc438,44,scale-single__bank-on__continuation-early
/work/11617/sujato_ts/vista/motion_code-master/physics_modal_v4/enhancements/results/factorial/checkpoints/scale-single__bank-on__continuation-early/seed44/ETTh2/h336.pt,4b668d9fe41589ac,False,ETTh2,factorial,336,LatentFlow,physics_modal_v4/enhancements/results/factorial/runs/scale-single__bank-on__continuation-early/seed44/ETTh2/h336.json,25e80f430a4dc9ecb6855efc17a67a8e82e88d06c17756b8c93b4b85cf8f5e8e,44,scale-single__bank-on__continuation-early
/work/11617/sujato_ts/vista/motion_code-master/physics_modal_v4/enhancements/results/factorial/checkpoints/scale-single__bank-on__continuation-early/seed44/ETTh2/h720.pt,9154bcb18969aac8,False,ETTh2,factorial,720,LatentFlow,physics_modal_v4/enhancements/results/factorial/runs/scale-single__bank-on__continuation-early/seed44/ETTh2/h720.json,162db6570f37d07e237d49dde4df66c66cf72845ca6e43ccd84c06dd31bdb8e4,44,scale-single__bank-on__continuation-early
/work/11617/sujato_ts/vista/motion_code-master/physics_modal_v4/enhancements/results/factorial/checkpoints/scale-single__bank-on__continuation-early/seed44/ETTh2/h96.pt,ffab26eae3b5936a,False,ETTh2,factorial,96,LatentFlow,physics_modal_v4/enhancements/results/factorial/runs/scale-single__bank-on__continuation-early/seed44/ETTh2/h96.json,eacfccfe4d3ce22f824488facbef54d2562784151fe5991792792fc170b5fedd,44,scale-single__bank-on__continuation-early
/work/11617/sujato_ts/vista/motion_code-master/physics_modal_v4/enhancements/results/factorial/checkpoints/scale-single__bank-on__continuation-early/seed44/ETTm1/h192.pt,d6eda817b88869f1,False,ETTm1,factorial,192,LatentFlow,physics_modal_v4/enhancements/results/factorial/runs/scale-single__bank-on__continuation-early/seed44/ETTm1/h192.json,39baea4130cd0486a57e0fc50acd730e430ce732a109f35c8d4d8f68c5ba14b9,44,scale-single__bank-on__continuation-early
/work/11617/sujato_ts/vista/motion_code-master/physics_modal_v4/enhancements/results/factorial/checkpoints/scale-single__bank-on__continuation-early/seed44/ETTm1/h336.pt,fa77ff85709e2cdc,False,ETTm1,factorial,336,LatentFlow,physics_modal_v4/enhancements/results/factorial/runs/scale-single__bank-on__continuation-early/seed44/ETTm1/h336.json,efa6375a1b484c3f6eb6f57d324aeac712c4181e008556ef12ff0632120737d0,44,scale-single__bank-on__continuation-early
/work/11617/sujato_ts/vista/motion_code-master/physics_modal_v4/enhancements/results/factorial/checkpoints/scale-single__bank-on__continuation-early/seed44/ETTm1/h720.pt,bc4da22899cc9a77,False,ETTm1,factorial,720,LatentFlow,physics_modal_v4/enhancements/results/factorial/runs/scale-single__bank-on__continuation-early/seed44/ETTm1/h720.json,01b602d246d21d634c014bfe88b75066bbea4fb5b6c00eecec1c6f1d321f2a4b,44,scale-single__bank-on__continuation-early
/work/11617/sujato_ts/vista/motion_code-master/physics_modal_v4/enhancements/results/factorial/checkpoints/scale-single__bank-on__continuation-early/seed44/ETTm1/h96.pt,edcb387ed652b5fa,False,ETTm1,factorial,96,LatentFlow,physics_modal_v4/enhancements/results/factorial/runs/scale-single__bank-on__continuation-early/seed44/ETTm1/h96.json,220aefe5ec495f84920d1eac5d75144332c79ab0729bd5da4705294fbc3062d7,44,scale-single__bank-on__continuation-early
/work/11617/sujato_ts/vista/motion_code-master/physics_modal_v4/enhancements/results/factorial/checkpoints/scale-single__bank-on__continuation-early/seed44/ETTm2/h192.pt,0fbd254426e99d70,False,ETTm2,factorial,192,LatentFlow,physics_modal_v4/enhancements/results/factorial/runs/scale-single__bank-on__continuation-early/seed44/ETTm2/h192.json,2775903e4b4e36313c3179412f17f12c4d2ef8b51d4c6f9f3a0fa16c61b81453,44,scale-single__bank-on__continuation-early
/work/11617/sujato_ts/vista/motion_code-master/physics_modal_v4/enhancements/results/factorial/checkpoints/scale-single__bank-on__continuation-early/seed44/ETTm2/h336.pt,fe2eedd22813d0ae,False,ETTm2,factorial,336,LatentFlow,physics_modal_v4/enhancements/results/factorial/runs/scale-single__bank-on__continuation-early/seed44/ETTm2/h336.json,d49de05af681c2a62ab4b7b0912a93ed9d84a0093ef4ef64b8a94e0d1c740196,44,scale-single__bank-on__continuation-early
/work/11617/sujato_ts/vista/motion_code-master/physics_modal_v4/enhancements/results/factorial/checkpoints/scale-single__bank-on__continuation-early/seed44/ETTm2/h720.pt,0235c031b61bb78c,False,ETTm2,factorial,720,LatentFlow,physics_modal_v4/enhancements/results/factorial/runs/scale-single__bank-on__continuation-early/seed44/ETTm2/h720.json,ab9f2596513a5d806e0c2b99b2ea6d79b9c769a9778529462274afc12f1abd25,44,scale-single__bank-on__continuation-early
/work/11617/sujato_ts/vista/motion_code-master/physics_modal_v4/enhancements/results/factorial/checkpoints/scale-single__bank-on__continuation-early/seed44/ETTm2/h96.pt,11a328ef04790cba,False,ETTm2,factorial,96,LatentFlow,physics_modal_v4/enhancements/results/factorial/runs/scale-single__bank-on__continuation-early/seed44/ETTm2/h96.json,212d0f68bb0fdda24cf7ea521230ef3a9fb2660eb6d1573177aeb4a81c2ffe00,44,scale-single__bank-on__continuation-early
/work/11617/sujato_ts/vista/motion_code-master/physics_modal_v4/enhancements/results/factorial/checkpoints/scale-single__bank-on__continuation-early/seed44/Electricity/h192.pt,c80afd48fd153df0,False,Electricity,factorial,192,LatentFlow,physics_modal_v4/enhancements/results/factorial/runs/scale-single__bank-on__continuation-early/seed44/Electricity/h192.json,efcfe237c3bd3bf623d17f32a7284c55a96a018c965c6591c6ac4430dc008851,44,scale-single__bank-on__continuation-early
/work/11617/sujato_ts/vista/motion_code-master/physics_modal_v4/enhancements/results/factorial/checkpoints/scale-single__bank-on__continuation-early/seed44/Electricity/h336.pt,34391bd800b6573d,False,Electricity,factorial,336,LatentFlow,physics_modal_v4/enhancements/results/factorial/runs/scale-single__bank-on__continuation-early/seed44/Electricity/h336.json,de308a95352db2bdbe2ed423f58d881d31c8e45c1153670d9fd86db94c1f92bc,44,scale-single__bank-on__continuation-early
/work/11617/sujato_ts/vista/motion_code-master/physics_modal_v4/enhancements/results/factorial/checkpoints/scale-single__bank-on__continuation-early/seed44/Electricity/h720.pt,1540817286ae649f,False,Electricity,factorial,720,LatentFlow,physics_modal_v4/enhancements/results/factorial/runs/scale-single__bank-on__continuation-early/seed44/Electricity/h720.json,23b7bc659a72f11a0a97b627feabb51cc46d5fe1e24eb99cd89c25f3aaffac52,44,scale-single__bank-on__continuation-early
/work/11617/sujato_ts/vista/motion_code-master/physics_modal_v4/enhancements/results/factorial/checkpoints/scale-single__bank-on__continuation-early/seed44/Electricity/h96.pt,72c36f0be16ce4ce,False,Electricity,factorial,96,LatentFlow,physics_modal_v4/enhancements/results/factorial/runs/scale-single__bank-on__continuation-early/seed44/Electricity/h96.json,49e639d80a07a68e5714d0cc9f4a24c42211178fef6a0539b3048da0548d6907,44,scale-single__bank-on__continuation-early
/work/11617/sujato_ts/vista/motion_code-master/physics_modal_v4/enhancements/results/factorial/checkpoints/scale-single__bank-on__continuation-early/seed44/Traffic/h192.pt,5cb52d0b776cfa5f,False,Traffic,factorial,192,LatentFlow,physics_modal_v4/enhancements/results/factorial/runs/scale-single__bank-on__continuation-early/seed44/Traffic/h192.json,5cef746692e05651cfd5c7d4553b8abd435f16907e585b9d4489d53efa7714db,44,scale-single__bank-on__continuation-early
/work/11617/sujato_ts/vista/motion_code-master/physics_modal_v4/enhancements/results/factorial/checkpoints/scale-single__bank-on__continuation-early/seed44/Traffic/h336.pt,c9c16c055cb69ed0,False,Traffic,factorial,336,LatentFlow,physics_modal_v4/enhancements/results/factorial/runs/scale-single__bank-on__continuation-early/seed44/Traffic/h336.json,be221ce70dcb4c871499cb03ce5ed2bfd1f0238b263c36c5c1d2a907cba4c204,44,scale-single__bank-on__continuation-early
/work/11617/sujato_ts/vista/motion_code-master/physics_modal_v4/enhancements/results/factorial/checkpoints/scale-single__bank-on__continuation-early/seed44/Traffic/h720.pt,dbfbd1ed6b38bcb0,False,Traffic,factorial,720,LatentFlow,physics_modal_v4/enhancements/results/factorial/runs/scale-single__bank-on__continuation-early/seed44/Traffic/h720.json,f2dc682954b365a8b637927cf6400f24edd2f7eae67d02cc83147725e3d18251,44,scale-single__bank-on__continuation-early
/work/11617/sujato_ts/vista/motion_code-master/physics_modal_v4/enhancements/results/factorial/checkpoints/scale-single__bank-on__continuation-early/seed44/Traffic/h96.pt,3e5ecae0a6c9f64a,False,Traffic,factorial,96,LatentFlow,physics_modal_v4/enhancements/results/factorial/runs/scale-single__bank-on__continuation-early/seed44/Traffic/h96.json,0e1725d29ed741c5bccce1e9218d58f5419bb38a6d62e031d79c1b3a6e574f13,44,scale-single__bank-on__continuation-early
/work/11617/sujato_ts/vista/motion_code-master/physics_modal_v4/enhancements/results/factorial/checkpoints/scale-single__bank-on__continuation-early/seed44/Weather/h192.pt,01cf68e15875d121,False,Weather,factorial,192,LatentFlow,physics_modal_v4/enhancements/results/factorial/runs/scale-single__bank-on__continuation-early/seed44/Weather/h192.json,117c6327c8ed1a31f55c878b4c2a0fe7b967b2f56bdb216802d05d47926094e5,44,scale-single__bank-on__continuation-early
/work/11617/sujato_ts/vista/motion_code-master/physics_modal_v4/enhancements/results/factorial/checkpoints/scale-single__bank-on__continuation-early/seed44/Weather/h336.pt,c8034b9ca67c4e9b,False,Weather,factorial,336,LatentFlow,physics_modal_v4/enhancements/results/factorial/runs/scale-single__bank-on__continuation-early/seed44/Weather/h336.json,4057c8759621b713173d92340dfcd565447b0954d18f7a336dafdab1c0a0f4ec,44,scale-single__bank-on__continuation-early
/work/11617/sujato_ts/vista/motion_code-master/physics_modal_v4/enhancements/results/factorial/checkpoints/scale-single__bank-on__continuation-early/seed44/Weather/h720.pt,11b0e412369450e5,False,Weather,factorial,720,LatentFlow,physics_modal_v4/enhancements/results/factorial/runs/scale-single__bank-on__continuation-early/seed44/Weather/h720.json,dcde59eca637402dfa750a3154fe5085e584a112b171f8dfea852b78b6693535,44,scale-single__bank-on__continuation-early
/work/11617/sujato_ts/vista/motion_code-master/physics_modal_v4/enhancements/results/factorial/checkpoints/scale-single__bank-on__continuation-early/seed44/Weather/h96.pt,5f7c5eee7abccbbf,False,Weather,factorial,96,LatentFlow,physics_modal_v4/enhancements/results/factorial/runs/scale-single__bank-on__continuation-early/seed44/Weather/h96.json,85be956f51e1cd9e2143ce04ce6eff7019b2e8f8c5a4e6ed466fd8e321a58c1b,44,scale-single__bank-on__continuation-early
/work/11617/sujato_ts/vista/motion_code-master/physics_modal_v4/enhancements/results/central/checkpoints/no_multiscale/seed42/ETTh1/h192.pt,86538caf04d45b88,False,ETTh1,factorial,192,LatentFlow,physics_modal_v4/enhancements/results/factorial/runs/scale-single__bank-on__continuation-preserved/seed42/ETTh1/h192.json,348c85704902b3e5c47efca3e1f9a0da4a7fd15482021f522c637792f657b991,42,scale-single__bank-on__continuation-preserved
/work/11617/sujato_ts/vista/motion_code-master/physics_modal_v4/enhancements/results/central/checkpoints/no_multiscale/seed42/ETTh1/h336.pt,fcbfcf49bc256b0a,False,ETTh1,factorial,336,LatentFlow,physics_modal_v4/enhancements/results/factorial/runs/scale-single__bank-on__continuation-preserved/seed42/ETTh1/h336.json,d9b8a9d8a3739457f0786c8dc4ea99bbaaa86f86e96087ac56a9780a15aa7193,42,scale-single__bank-on__continuation-preserved
/work/11617/sujato_ts/vista/motion_code-master/physics_modal_v4/enhancements/results/central/checkpoints/no_multiscale/seed42/ETTh1/h720.pt,7dbaac77b0cc00eb,False,ETTh1,factorial,720,LatentFlow,physics_modal_v4/enhancements/results/factorial/runs/scale-single__bank-on__continuation-preserved/seed42/ETTh1/h720.json,2956bff561032ff0f844ed0d128b8d77b603c453da9472a7b8a6b19d70017314,42,scale-single__bank-on__continuation-preserved
/work/11617/sujato_ts/vista/motion_code-master/physics_modal_v4/enhancements/results/central/checkpoints/no_multiscale/seed42/ETTh1/h96.pt,c8747d8e763e2bf7,False,ETTh1,factorial,96,LatentFlow,physics_modal_v4/enhancements/results/factorial/runs/scale-single__bank-on__continuation-preserved/seed42/ETTh1/h96.json,afdd69b58bfb68aef0571200ed4aef587e932bbc72fa6c520726ebfbbcb1c326,42,scale-single__bank-on__continuation-preserved
/work/11617/sujato_ts/vista/motion_code-master/physics_modal_v4/enhancements/results/central/checkpoints/no_multiscale/seed42/ETTh2/h192.pt,b629044c657328d7,False,ETTh2,factorial,192,LatentFlow,physics_modal_v4/enhancements/results/factorial/runs/scale-single__bank-on__continuation-preserved/seed42/ETTh2/h192.json,872c826043b309953e64ad4b849e2cb716aadd859ff0857d99a523b818ec3561,42,scale-single__bank-on__continuation-preserved
/work/11617/sujato_ts/vista/motion_code-master/physics_modal_v4/enhancements/results/central/checkpoints/no_multiscale/seed42/ETTh2/h336.pt,a8c319cbbec082f3,False,ETTh2,factorial,336,LatentFlow,physics_modal_v4/enhancements/results/factorial/runs/scale-single__bank-on__continuation-preserved/seed42/ETTh2/h336.json,03e1fd95b01779a11824bb85950569186c94863d2446c7689d4632ef924ec73c,42,scale-single__bank-on__continuation-preserved
/work/11617/sujato_ts/vista/motion_code-master/physics_modal_v4/enhancements/results/central/checkpoints/no_multiscale/seed42/ETTh2/h720.pt,1b72a81bb8d97055,False,ETTh2,factorial,720,LatentFlow,physics_modal_v4/enhancements/results/factorial/runs/scale-single__bank-on__continuation-preserved/seed42/ETTh2/h720.json,f50c418dc3b2de887cb9869c3778b1e6e728ec2d4b4d5c801ce54ea48a0cf92a,42,scale-single__bank-on__continuation-preserved
/work/11617/sujato_ts/vista/motion_code-master/physics_modal_v4/enhancements/results/central/checkpoints/no_multiscale/seed42/ETTh2/h96.pt,1446cb6c3327930f,False,ETTh2,factorial,96,LatentFlow,physics_modal_v4/enhancements/results/factorial/runs/scale-single__bank-on__continuation-preserved/seed42/ETTh2/h96.json,f895e4ffca91dadeb858dc0a199ab53d11a22b52b74a0666cd8c5e1be2f3bc41,42,scale-single__bank-on__continuation-preserved
/work/11617/sujato_ts/vista/motion_code-master/physics_modal_v4/enhancements/results/central/checkpoints/no_multiscale/seed42/ETTm1/h192.pt,323731971fb66827,False,ETTm1,factorial,192,LatentFlow,physics_modal_v4/enhancements/results/factorial/runs/scale-single__bank-on__continuation-preserved/seed42/ETTm1/h192.json,03912e30d863d9addf5813756f59a089c17d8cf1c0e4d484aeee2f52f14fdf0f,42,scale-single__bank-on__continuation-preserved
/work/11617/sujato_ts/vista/motion_code-master/physics_modal_v4/enhancements/results/central/checkpoints/no_multiscale/seed42/ETTm1/h336.pt,1d7585fdd3e520ef,False,ETTm1,factorial,336,LatentFlow,physics_modal_v4/enhancements/results/factorial/runs/scale-single__bank-on__continuation-preserved/seed42/ETTm1/h336.json,22e743a4154b0eac55316db0ee522c9c8079f4b55513ee29a858bd359e8e38c7,42,scale-single__bank-on__continuation-preserved
/work/11617/sujato_ts/vista/motion_code-master/physics_modal_v4/enhancements/results/central/checkpoints/no_multiscale/seed42/ETTm1/h720.pt,b93a926a9426c08c,False,ETTm1,factorial,720,LatentFlow,physics_modal_v4/enhancements/results/factorial/runs/scale-single__bank-on__continuation-preserved/seed42/ETTm1/h720.json,6a67a2cc6376829aacc9e43684f5879a882a335af9170ac32a7f58cb17d00926,42,scale-single__bank-on__continuation-preserved
/work/11617/sujato_ts/vista/motion_code-master/physics_modal_v4/enhancements/results/central/checkpoints/no_multiscale/seed42/ETTm1/h96.pt,c4f808147cdadd66,False,ETTm1,factorial,96,LatentFlow,physics_modal_v4/enhancements/results/factorial/runs/scale-single__bank-on__continuation-preserved/seed42/ETTm1/h96.json,5e7b34946203c7d39f2835b82c51c7a609b87fff2009cb99c54f01ddd2bbfd11,42,scale-single__bank-on__continuation-preserved
/work/11617/sujato_ts/vista/motion_code-master/physics_modal_v4/enhancements/results/central/checkpoints/no_multiscale/seed42/ETTm2/h192.pt,b14a9bc1b64edfe9,False,ETTm2,factorial,192,LatentFlow,physics_modal_v4/enhancements/results/factorial/runs/scale-single__bank-on__continuation-preserved/seed42/ETTm2/h192.json,7a3d39124c2c42ced2595ac1324dc2eb68397ea9c61e19d3bed8b3e39abe2a3c,42,scale-single__bank-on__continuation-preserved
/work/11617/sujato_ts/vista/motion_code-master/physics_modal_v4/enhancements/results/central/checkpoints/no_multiscale/seed42/ETTm2/h336.pt,55bfe25314cdb45d,False,ETTm2,factorial,336,LatentFlow,physics_modal_v4/enhancements/results/factorial/runs/scale-single__bank-on__continuation-preserved/seed42/ETTm2/h336.json,f422839e693f8f50d25e91afd9012d097e3237e0938e3e7fc0126a32aa901acb,42,scale-single__bank-on__continuation-preserved
/work/11617/sujato_ts/vista/motion_code-master/physics_modal_v4/enhancements/results/central/checkpoints/no_multiscale/seed42/ETTm2/h720.pt,cb38ebb4e0d30380,False,ETTm2,factorial,720,LatentFlow,physics_modal_v4/enhancements/results/factorial/runs/scale-single__bank-on__continuation-preserved/seed42/ETTm2/h720.json,597751f377e719cf3ee41eb90d1dfc14fe7523c1a875d2bf55246a20fbdb74af,42,scale-single__bank-on__continuation-preserved
/work/11617/sujato_ts/vista/motion_code-master/physics_modal_v4/enhancements/results/central/checkpoints/no_multiscale/seed42/ETTm2/h96.pt,d5e887269e5d90ef,False,ETTm2,factorial,96,LatentFlow,physics_modal_v4/enhancements/results/factorial/runs/scale-single__bank-on__continuation-preserved/seed42/ETTm2/h96.json,ec4ddd0b237ebd13e89ea9dada0dc2e23ea0118499d4aec0c990f6df760f8b4c,42,scale-single__bank-on__continuation-preserved
/work/11617/sujato_ts/vista/motion_code-master/physics_modal_v4/enhancements/results/central/checkpoints/no_multiscale/seed42/Electricity/h192.pt,99e98ce5407c2a46,False,Electricity,factorial,192,LatentFlow,physics_modal_v4/enhancements/results/factorial/runs/scale-single__bank-on__continuation-preserved/seed42/Electricity/h192.json,f71c526f9bf06758e411da9757d937f8c945ed2d1881a5bb0438bc153747924d,42,scale-single__bank-on__continuation-preserved
/work/11617/sujato_ts/vista/motion_code-master/physics_modal_v4/enhancements/results/central/checkpoints/no_multiscale/seed42/Electricity/h336.pt,5476219beeb695fa,False,Electricity,factorial,336,LatentFlow,physics_modal_v4/enhancements/results/factorial/runs/scale-single__bank-on__continuation-preserved/seed42/Electricity/h336.json,86c4cdafe06dd87edeebb795d439e0de1cba95b52c6ca2ff54b7bd4a319facfb,42,scale-single__bank-on__continuation-preserved
/work/11617/sujato_ts/vista/motion_code-master/physics_modal_v4/enhancements/results/central/checkpoints/no_multiscale/seed42/Electricity/h720.pt,8b24f24c6762dce4,False,Electricity,factorial,720,LatentFlow,physics_modal_v4/enhancements/results/factorial/runs/scale-single__bank-on__continuation-preserved/seed42/Electricity/h720.json,95443992829bf4d0afdd6a83ef692796fb5937c64cfb84fc858cfbf02111ab33,42,scale-single__bank-on__continuation-preserved
/work/11617/sujato_ts/vista/motion_code-master/physics_modal_v4/enhancements/results/central/checkpoints/no_multiscale/seed42/Electricity/h96.pt,ce5f9d9b3a45c2b3,False,Electricity,factorial,96,LatentFlow,physics_modal_v4/enhancements/results/factorial/runs/scale-single__bank-on__continuation-preserved/seed42/Electricity/h96.json,4472071b5071ba1fb7a42f9f1fe4d0be95b32066bbc412468583b1da2e9ce545,42,scale-single__bank-on__continuation-preserved
/work/11617/sujato_ts/vista/motion_code-master/physics_modal_v4/enhancements/results/central/checkpoints/no_multiscale/seed42/Traffic/h192.pt,057a11836639a0bd,False,Traffic,factorial,192,LatentFlow,physics_modal_v4/enhancements/results/factorial/runs/scale-single__bank-on__continuation-preserved/seed42/Traffic/h192.json,7659546260ba50a1e65c7ab4f6b89e0406ee5d364367625b96dd5b4b6f3db636,42,scale-single__bank-on__continuation-preserved
/work/11617/sujato_ts/vista/motion_code-master/physics_modal_v4/enhancements/results/central/checkpoints/no_multiscale/seed42/Traffic/h336.pt,6329ed861fc22577,False,Traffic,factorial,336,LatentFlow,physics_modal_v4/enhancements/results/factorial/runs/scale-single__bank-on__continuation-preserved/seed42/Traffic/h336.json,bf455c9100c85d6786e3702febe9a1b7dffd8b97f95f89b45263d5482dc32730,42,scale-single__bank-on__continuation-preserved
/work/11617/sujato_ts/vista/motion_code-master/physics_modal_v4/enhancements/results/central/checkpoints/no_multiscale/seed42/Traffic/h720.pt,d0ce3909e4c42240,False,Traffic,factorial,720,LatentFlow,physics_modal_v4/enhancements/results/factorial/runs/scale-single__bank-on__continuation-preserved/seed42/Traffic/h720.json,80c441a4a4a6e276dd21a1b20ca895a06e8eb1f76eb7f382d9b9a04d1669fad5,42,scale-single__bank-on__continuation-preserved
/work/11617/sujato_ts/vista/motion_code-master/physics_modal_v4/enhancements/results/central/checkpoints/no_multiscale/seed42/Traffic/h96.pt,6552226b73e6f51e,False,Traffic,factorial,96,LatentFlow,physics_modal_v4/enhancements/results/factorial/runs/scale-single__bank-on__continuation-preserved/seed42/Traffic/h96.json,c7ee49544132b03f528d4b5a95c1087190dae0cd7de5d970b69305eaee90fc05,42,scale-single__bank-on__continuation-preserved
/work/11617/sujato_ts/vista/motion_code-master/physics_modal_v4/enhancements/results/central/checkpoints/no_multiscale/seed42/Weather/h192.pt,076e9acbc858d679,False,Weather,factorial,192,LatentFlow,physics_modal_v4/enhancements/results/factorial/runs/scale-single__bank-on__continuation-preserved/seed42/Weather/h192.json,2fd4c3ebf745c48a1544d964b3f9d4ae07b39af51ac0a179b9b5d18417a5f374,42,scale-single__bank-on__continuation-preserved
/work/11617/sujato_ts/vista/motion_code-master/physics_modal_v4/enhancements/results/central/checkpoints/no_multiscale/seed42/Weather/h336.pt,a817a7f5ea1bb96f,False,Weather,factorial,336,LatentFlow,physics_modal_v4/enhancements/results/factorial/runs/scale-single__bank-on__continuation-preserved/seed42/Weather/h336.json,769f0e19bbf342bc1887fa7a0852e30296ef09f22465a4a6969fad85ca49e6aa,42,scale-single__bank-on__continuation-preserved
/work/11617/sujato_ts/vista/motion_code-master/physics_modal_v4/enhancements/results/central/checkpoints/no_multiscale/seed42/Weather/h720.pt,f06fa45a1042f177,False,Weather,factorial,720,LatentFlow,physics_modal_v4/enhancements/results/factorial/runs/scale-single__bank-on__continuation-preserved/seed42/Weather/h720.json,7671e9d65f18d42c9fca53049ac525bd0a21e77d8343e6ad652ad107e8971616,42,scale-single__bank-on__continuation-preserved
/work/11617/sujato_ts/vista/motion_code-master/physics_modal_v4/enhancements/results/central/checkpoints/no_multiscale/seed42/Weather/h96.pt,1ee29f6e1c09bc06,False,Weather,factorial,96,LatentFlow,physics_modal_v4/enhancements/results/factorial/runs/scale-single__bank-on__continuation-preserved/seed42/Weather/h96.json,ae9db1bb5fe2e59f1804b3d9d94ff53bb1e9ae9eec6a02a1378acf753f318c6f,42,scale-single__bank-on__continuation-preserved
/work/11617/sujato_ts/vista/motion_code-master/physics_modal_v4/enhancements/results/central/checkpoints/no_multiscale/seed43/ETTh1/h192.pt,52f3345a43483026,False,ETTh1,factorial,192,LatentFlow,physics_modal_v4/enhancements/results/factorial/runs/scale-single__bank-on__continuation-preserved/seed43/ETTh1/h192.json,06c9b93b97fdc01fed82b216ad25ea41d02efd77ef2d8e2f1ab9ebdecd6d9b9a,43,scale-single__bank-on__continuation-preserved
/work/11617/sujato_ts/vista/motion_code-master/physics_modal_v4/enhancements/results/central/checkpoints/no_multiscale/seed43/ETTh1/h336.pt,8e3339cb53bdfc1c,False,ETTh1,factorial,336,LatentFlow,physics_modal_v4/enhancements/results/factorial/runs/scale-single__bank-on__continuation-preserved/seed43/ETTh1/h336.json,c3343c4a696821558f724daf37513a396d32e7b220ec1223b6b686502d5b750f,43,scale-single__bank-on__continuation-preserved
/work/11617/sujato_ts/vista/motion_code-master/physics_modal_v4/enhancements/results/central/checkpoints/no_multiscale/seed43/ETTh1/h720.pt,1f878f8e24a60a62,False,ETTh1,factorial,720,LatentFlow,physics_modal_v4/enhancements/results/factorial/runs/scale-single__bank-on__continuation-preserved/seed43/ETTh1/h720.json,7044f7490361c30f6ee3203809dfe2a0fc18c33a2a86dc73850f6980e876c924,43,scale-single__bank-on__continuation-preserved
/work/11617/sujato_ts/vista/motion_code-master/physics_modal_v4/enhancements/results/central/checkpoints/no_multiscale/seed43/ETTh1/h96.pt,641752a034910b2f,False,ETTh1,factorial,96,LatentFlow,physics_modal_v4/enhancements/results/factorial/runs/scale-single__bank-on__continuation-preserved/seed43/ETTh1/h96.json,10b79f2d63faee4661e2c938b08d536eb79216885f1e9437bdb22265c6f99868,43,scale-single__bank-on__continuation-preserved
/work/11617/sujato_ts/vista/motion_code-master/physics_modal_v4/enhancements/results/central/checkpoints/no_multiscale/seed43/ETTh2/h192.pt,c98e6314f44a49ec,False,ETTh2,factorial,192,LatentFlow,physics_modal_v4/enhancements/results/factorial/runs/scale-single__bank-on__continuation-preserved/seed43/ETTh2/h192.json,7fd7bdcaef8bc0d7727a9dea53d2263198ea7867db9784bb553c586b8f6141b9,43,scale-single__bank-on__continuation-preserved
/work/11617/sujato_ts/vista/motion_code-master/physics_modal_v4/enhancements/results/central/checkpoints/no_multiscale/seed43/ETTh2/h336.pt,61e5f8c3645a2578,False,ETTh2,factorial,336,LatentFlow,physics_modal_v4/enhancements/results/factorial/runs/scale-single__bank-on__continuation-preserved/seed43/ETTh2/h336.json,fc6ef2b24ec9fc3fff04e6a4178f330642e147ac8f06613af7c3558709696f43,43,scale-single__bank-on__continuation-preserved
/work/11617/sujato_ts/vista/motion_code-master/physics_modal_v4/enhancements/results/central/checkpoints/no_multiscale/seed43/ETTh2/h720.pt,2f1258c988e3b28f,False,ETTh2,factorial,720,LatentFlow,physics_modal_v4/enhancements/results/factorial/runs/scale-single__bank-on__continuation-preserved/seed43/ETTh2/h720.json,dbaef229053c4444871a8b0f9e9d5d52c06cb4901d89c007ae3cb81c18705c75,43,scale-single__bank-on__continuation-preserved
/work/11617/sujato_ts/vista/motion_code-master/physics_modal_v4/enhancements/results/central/checkpoints/no_multiscale/seed43/ETTh2/h96.pt,af31c212dbb76702,False,ETTh2,factorial,96,LatentFlow,physics_modal_v4/enhancements/results/factorial/runs/scale-single__bank-on__continuation-preserved/seed43/ETTh2/h96.json,8c4266537af13b76456dbce75224a2a56da312be17dcd30103bd4d769bb212f0,43,scale-single__bank-on__continuation-preserved
/work/11617/sujato_ts/vista/motion_code-master/physics_modal_v4/enhancements/results/central/checkpoints/no_multiscale/seed43/ETTm1/h192.pt,51efd7608cd7a65a,False,ETTm1,factorial,192,LatentFlow,physics_modal_v4/enhancements/results/factorial/runs/scale-single__bank-on__continuation-preserved/seed43/ETTm1/h192.json,054e21aab241a815dc69b5ddf79cbdd3b99261425f0218f02b974318b4c1150a,43,scale-single__bank-on__continuation-preserved
/work/11617/sujato_ts/vista/motion_code-master/physics_modal_v4/enhancements/results/central/checkpoints/no_multiscale/seed43/ETTm1/h336.pt,f193f7980998ca4f,False,ETTm1,factorial,336,LatentFlow,physics_modal_v4/enhancements/results/factorial/runs/scale-single__bank-on__continuation-preserved/seed43/ETTm1/h336.json,b5797b831d6f2aebff6ce842eacc17c2e9d947b3eec5228e7181db5b72399e3c,43,scale-single__bank-on__continuation-preserved
/work/11617/sujato_ts/vista/motion_code-master/physics_modal_v4/enhancements/results/central/checkpoints/no_multiscale/seed43/ETTm1/h720.pt,2210cc6091a5a724,False,ETTm1,factorial,720,LatentFlow,physics_modal_v4/enhancements/results/factorial/runs/scale-single__bank-on__continuation-preserved/seed43/ETTm1/h720.json,89f3d05fe46972a8634e818d5bd98112f9a9dea9803b47a452bf0359a94b931b,43,scale-single__bank-on__continuation-preserved
/work/11617/sujato_ts/vista/motion_code-master/physics_modal_v4/enhancements/results/central/checkpoints/no_multiscale/seed43/ETTm1/h96.pt,885d5887b4ce0bc2,False,ETTm1,factorial,96,LatentFlow,physics_modal_v4/enhancements/results/factorial/runs/scale-single__bank-on__continuation-preserved/seed43/ETTm1/h96.json,d5da48c4bee24ef1e1c62d6cba5313ef064f4719097bb1966de616216daec679,43,scale-single__bank-on__continuation-preserved
/work/11617/sujato_ts/vista/motion_code-master/physics_modal_v4/enhancements/results/central/checkpoints/no_multiscale/seed43/ETTm2/h192.pt,1d4e5c10bbdd8192,False,ETTm2,factorial,192,LatentFlow,physics_modal_v4/enhancements/results/factorial/runs/scale-single__bank-on__continuation-preserved/seed43/ETTm2/h192.json,15ef5aaab139368f1872054ef38818b7db788cacbb3c2c70dc706b01c6b0c31b,43,scale-single__bank-on__continuation-preserved
/work/11617/sujato_ts/vista/motion_code-master/physics_modal_v4/enhancements/results/central/checkpoints/no_multiscale/seed43/ETTm2/h336.pt,5016e37d7057e228,False,ETTm2,factorial,336,LatentFlow,physics_modal_v4/enhancements/results/factorial/runs/scale-single__bank-on__continuation-preserved/seed43/ETTm2/h336.json,ce1925e5fe8c7307f6050635399313d6ea3e93d9f9342b9adbc22f7da1724b18,43,scale-single__bank-on__continuation-preserved
/work/11617/sujato_ts/vista/motion_code-master/physics_modal_v4/enhancements/results/central/checkpoints/no_multiscale/seed43/ETTm2/h720.pt,a6a9f80984e984cf,False,ETTm2,factorial,720,LatentFlow,physics_modal_v4/enhancements/results/factorial/runs/scale-single__bank-on__continuation-preserved/seed43/ETTm2/h720.json,25c0a30962c3721b7824ff978171b6dabc9f549ae65c225c77f6f30c99ac2374,43,scale-single__bank-on__continuation-preserved
/work/11617/sujato_ts/vista/motion_code-master/physics_modal_v4/enhancements/results/central/checkpoints/no_multiscale/seed43/ETTm2/h96.pt,3ffe7d0ceea04792,False,ETTm2,factorial,96,LatentFlow,physics_modal_v4/enhancements/results/factorial/runs/scale-single__bank-on__continuation-preserved/seed43/ETTm2/h96.json,20cb3246d8dc69b4a343084f716e396ed6732cb483de769d07531a848dfb5fc7,43,scale-single__bank-on__continuation-preserved
/work/11617/sujato_ts/vista/motion_code-master/physics_modal_v4/enhancements/results/central/checkpoints/no_multiscale/seed43/Electricity/h192.pt,6c7096f1f7eca986,False,Electricity,factorial,192,LatentFlow,physics_modal_v4/enhancements/results/factorial/runs/scale-single__bank-on__continuation-preserved/seed43/Electricity/h192.json,4f01937553b3b466d0318ba55ab1d664ed38449a0661908f132c1166c23129c6,43,scale-single__bank-on__continuation-preserved
/work/11617/sujato_ts/vista/motion_code-master/physics_modal_v4/enhancements/results/central/checkpoints/no_multiscale/seed43/Electricity/h336.pt,d1efc48691c56f40,False,Electricity,factorial,336,LatentFlow,physics_modal_v4/enhancements/results/factorial/runs/scale-single__bank-on__continuation-preserved/seed43/Electricity/h336.json,902b226e5aee34cb45db3b6643d01607543b8f8dd32545c37fab285536519ca7,43,scale-single__bank-on__continuation-preserved
/work/11617/sujato_ts/vista/motion_code-master/physics_modal_v4/enhancements/results/central/checkpoints/no_multiscale/seed43/Electricity/h720.pt,017887b59597ea91,False,Electricity,factorial,720,LatentFlow,physics_modal_v4/enhancements/results/factorial/runs/scale-single__bank-on__continuation-preserved/seed43/Electricity/h720.json,16cca41f3a2372c8de11474b0f7157110fec0ddfb02cd8d51ab6d015a96b45f7,43,scale-single__bank-on__continuation-preserved
/work/11617/sujato_ts/vista/motion_code-master/physics_modal_v4/enhancements/results/central/checkpoints/no_multiscale/seed43/Electricity/h96.pt,8cd40c702349988e,False,Electricity,factorial,96,LatentFlow,physics_modal_v4/enhancements/results/factorial/runs/scale-single__bank-on__continuation-preserved/seed43/Electricity/h96.json,cd212e5a025ae9403d0988beb38ede814c707ae27675b1633ec4353ecc89efb9,43,scale-single__bank-on__continuation-preserved
/work/11617/sujato_ts/vista/motion_code-master/physics_modal_v4/enhancements/results/central/checkpoints/no_multiscale/seed43/Traffic/h192.pt,7001bc3aa7caa219,False,Traffic,factorial,192,LatentFlow,physics_modal_v4/enhancements/results/factorial/runs/scale-single__bank-on__continuation-preserved/seed43/Traffic/h192.json,1764f3ca97ef7b266c3b35a4f49ad7071cb5a5fed3e77e677351a95a1e67f036,43,scale-single__bank-on__continuation-preserved
/work/11617/sujato_ts/vista/motion_code-master/physics_modal_v4/enhancements/results/central/checkpoints/no_multiscale/seed43/Traffic/h336.pt,d543c9a2689cd2ab,False,Traffic,factorial,336,LatentFlow,physics_modal_v4/enhancements/results/factorial/runs/scale-single__bank-on__continuation-preserved/seed43/Traffic/h336.json,ef9e36c1dfe65d6c1f1e99dd12419e72fed1139d14e1effc3f87c8b7c296a038,43,scale-single__bank-on__continuation-preserved
/work/11617/sujato_ts/vista/motion_code-master/physics_modal_v4/enhancements/results/central/checkpoints/no_multiscale/seed43/Traffic/h720.pt,7840a764313670ab,False,Traffic,factorial,720,LatentFlow,physics_modal_v4/enhancements/results/factorial/runs/scale-single__bank-on__continuation-preserved/seed43/Traffic/h720.json,d20fe658ca8ed3f246d17b6da9ea6ba67539ecbf6ff82e3f094e9e24f22267af,43,scale-single__bank-on__continuation-preserved
/work/11617/sujato_ts/vista/motion_code-master/physics_modal_v4/enhancements/results/central/checkpoints/no_multiscale/seed43/Traffic/h96.pt,7bb1bb038fa5f193,False,Traffic,factorial,96,LatentFlow,physics_modal_v4/enhancements/results/factorial/runs/scale-single__bank-on__continuation-preserved/seed43/Traffic/h96.json,0dd64b0500fc178f8f3a9d4dbd9e9eb6df17c50d26ae3f9d216bf65874145a31,43,scale-single__bank-on__continuation-preserved
/work/11617/sujato_ts/vista/motion_code-master/physics_modal_v4/enhancements/results/central/checkpoints/no_multiscale/seed43/Weather/h192.pt,04aa8c9dba22b891,False,Weather,factorial,192,LatentFlow,physics_modal_v4/enhancements/results/factorial/runs/scale-single__bank-on__continuation-preserved/seed43/Weather/h192.json,ba352865f5a0fb3835e8f414704950869cff71bb3854a56ed61a2415a42cff71,43,scale-single__bank-on__continuation-preserved
/work/11617/sujato_ts/vista/motion_code-master/physics_modal_v4/enhancements/results/central/checkpoints/no_multiscale/seed43/Weather/h336.pt,7d6d141693693926,False,Weather,factorial,336,LatentFlow,physics_modal_v4/enhancements/results/factorial/runs/scale-single__bank-on__continuation-preserved/seed43/Weather/h336.json,2989a36be86bdba4b86d1622871e512be3f83de725f7699b59b097777a7eb078,43,scale-single__bank-on__continuation-preserved
/work/11617/sujato_ts/vista/motion_code-master/physics_modal_v4/enhancements/results/central/checkpoints/no_multiscale/seed43/Weather/h720.pt,b0f974a72790aced,False,Weather,factorial,720,LatentFlow,physics_modal_v4/enhancements/results/factorial/runs/scale-single__bank-on__continuation-preserved/seed43/Weather/h720.json,1a6cbc8c99aa8717d547e53b178dc2bf7da715b652f14da1aa4cd172061061c1,43,scale-single__bank-on__continuation-preserved
/work/11617/sujato_ts/vista/motion_code-master/physics_modal_v4/enhancements/results/central/checkpoints/no_multiscale/seed43/Weather/h96.pt,92bed8d640404f53,False,Weather,factorial,96,LatentFlow,physics_modal_v4/enhancements/results/factorial/runs/scale-single__bank-on__continuation-preserved/seed43/Weather/h96.json,b03be6dade6de18cf7359bd0f53dcbd1e306b54812b7ba425741bd985ed07b74,43,scale-single__bank-on__continuation-preserved
/work/11617/sujato_ts/vista/motion_code-master/physics_modal_v4/enhancements/results/central/checkpoints/no_multiscale/seed44/ETTh1/h192.pt,cc067c73bf21d1e9,False,ETTh1,factorial,192,LatentFlow,physics_modal_v4/enhancements/results/factorial/runs/scale-single__bank-on__continuation-preserved/seed44/ETTh1/h192.json,4d140a4563bd0e320cb8bc0da5069da4da8bd54aafec78937e325761713ebe44,44,scale-single__bank-on__continuation-preserved
/work/11617/sujato_ts/vista/motion_code-master/physics_modal_v4/enhancements/results/central/checkpoints/no_multiscale/seed44/ETTh1/h336.pt,e9071d3963be360d,False,ETTh1,factorial,336,LatentFlow,physics_modal_v4/enhancements/results/factorial/runs/scale-single__bank-on__continuation-preserved/seed44/ETTh1/h336.json,80e05ad3da640015ba7a8556e9e3f1cd636d5580a4896843f56e9efb6394cf38,44,scale-single__bank-on__continuation-preserved
/work/11617/sujato_ts/vista/motion_code-master/physics_modal_v4/enhancements/results/central/checkpoints/no_multiscale/seed44/ETTh1/h720.pt,66bec7ed39d692d5,False,ETTh1,factorial,720,LatentFlow,physics_modal_v4/enhancements/results/factorial/runs/scale-single__bank-on__continuation-preserved/seed44/ETTh1/h720.json,4860a084ba28384c1804997a3267dc4f0cc8893b2628764d6fb4feb6ea27339a,44,scale-single__bank-on__continuation-preserved
/work/11617/sujato_ts/vista/motion_code-master/physics_modal_v4/enhancements/results/central/checkpoints/no_multiscale/seed44/ETTh1/h96.pt,b69f1b44ef1f7fe0,False,ETTh1,factorial,96,LatentFlow,physics_modal_v4/enhancements/results/factorial/runs/scale-single__bank-on__continuation-preserved/seed44/ETTh1/h96.json,ebf1e30e0dc17662e353add3897b95b21ee391cb06dcbb1151c01144bbbd8cb3,44,scale-single__bank-on__continuation-preserved
/work/11617/sujato_ts/vista/motion_code-master/physics_modal_v4/enhancements/results/central/checkpoints/no_multiscale/seed44/ETTh2/h192.pt,f7fbedfac620e22e,False,ETTh2,factorial,192,LatentFlow,physics_modal_v4/enhancements/results/factorial/runs/scale-single__bank-on__continuation-preserved/seed44/ETTh2/h192.json,ee06c48f30fa0cf7aa0c3186d23802e7698702d46508435baf5a6744b1e2941b,44,scale-single__bank-on__continuation-preserved
/work/11617/sujato_ts/vista/motion_code-master/physics_modal_v4/enhancements/results/central/checkpoints/no_multiscale/seed44/ETTh2/h336.pt,4b668d9fe41589ac,False,ETTh2,factorial,336,LatentFlow,physics_modal_v4/enhancements/results/factorial/runs/scale-single__bank-on__continuation-preserved/seed44/ETTh2/h336.json,1530f7ada45fc61703a7e9810c9454deaa3c51689966e8c608055842a526c913,44,scale-single__bank-on__continuation-preserved
/work/11617/sujato_ts/vista/motion_code-master/physics_modal_v4/enhancements/results/central/checkpoints/no_multiscale/seed44/ETTh2/h720.pt,9154bcb18969aac8,False,ETTh2,factorial,720,LatentFlow,physics_modal_v4/enhancements/results/factorial/runs/scale-single__bank-on__continuation-preserved/seed44/ETTh2/h720.json,e5f4b2565c0df36e0c9145960200eb84118c55523df555adfc90c7e46403361d,44,scale-single__bank-on__continuation-preserved
/work/11617/sujato_ts/vista/motion_code-master/physics_modal_v4/enhancements/results/central/checkpoints/no_multiscale/seed44/ETTh2/h96.pt,ffab26eae3b5936a,False,ETTh2,factorial,96,LatentFlow,physics_modal_v4/enhancements/results/factorial/runs/scale-single__bank-on__continuation-preserved/seed44/ETTh2/h96.json,89afc0932e92e59460834ebeebda855476627fd44791c1208f6b1d22bf7b12c3,44,scale-single__bank-on__continuation-preserved
/work/11617/sujato_ts/vista/motion_code-master/physics_modal_v4/enhancements/results/central/checkpoints/no_multiscale/seed44/ETTm1/h192.pt,d6eda817b88869f1,False,ETTm1,factorial,192,LatentFlow,physics_modal_v4/enhancements/results/factorial/runs/scale-single__bank-on__continuation-preserved/seed44/ETTm1/h192.json,24af68465dd6b563dd4dcf1b11f98c465972138adc2b17f0a4b48a9860ec98a8,44,scale-single__bank-on__continuation-preserved
/work/11617/sujato_ts/vista/motion_code-master/physics_modal_v4/enhancements/results/central/checkpoints/no_multiscale/seed44/ETTm1/h336.pt,fa77ff85709e2cdc,False,ETTm1,factorial,336,LatentFlow,physics_modal_v4/enhancements/results/factorial/runs/scale-single__bank-on__continuation-preserved/seed44/ETTm1/h336.json,02934dec925e65087602db78daa4ce6bc0aa86934a4b506dac38bb66ebad68a9,44,scale-single__bank-on__continuation-preserved
/work/11617/sujato_ts/vista/motion_code-master/physics_modal_v4/enhancements/results/central/checkpoints/no_multiscale/seed44/ETTm1/h720.pt,bc4da22899cc9a77,False,ETTm1,factorial,720,LatentFlow,physics_modal_v4/enhancements/results/factorial/runs/scale-single__bank-on__continuation-preserved/seed44/ETTm1/h720.json,29bf7d1f43a31d67bb167cbe971c33bf8ecec1954068f79a08e2443cce659d26,44,scale-single__bank-on__continuation-preserved
/work/11617/sujato_ts/vista/motion_code-master/physics_modal_v4/enhancements/results/central/checkpoints/no_multiscale/seed44/ETTm1/h96.pt,edcb387ed652b5fa,False,ETTm1,factorial,96,LatentFlow,physics_modal_v4/enhancements/results/factorial/runs/scale-single__bank-on__continuation-preserved/seed44/ETTm1/h96.json,079d326a3b258c7ba4cac507047f41ce1d057610c41098611b7449abf5501090,44,scale-single__bank-on__continuation-preserved
/work/11617/sujato_ts/vista/motion_code-master/physics_modal_v4/enhancements/results/central/checkpoints/no_multiscale/seed44/ETTm2/h192.pt,0fbd254426e99d70,False,ETTm2,factorial,192,LatentFlow,physics_modal_v4/enhancements/results/factorial/runs/scale-single__bank-on__continuation-preserved/seed44/ETTm2/h192.json,8d5e16711295023e2ad8c04e1c010f2c06c19a4583664c92db1b5bb5ea1cff31,44,scale-single__bank-on__continuation-preserved
/work/11617/sujato_ts/vista/motion_code-master/physics_modal_v4/enhancements/results/central/checkpoints/no_multiscale/seed44/ETTm2/h336.pt,fe2eedd22813d0ae,False,ETTm2,factorial,336,LatentFlow,physics_modal_v4/enhancements/results/factorial/runs/scale-single__bank-on__continuation-preserved/seed44/ETTm2/h336.json,3cef03f034dc71a510d867c9211f2c9d313d4d66451297fc6d0e08e7b278651a,44,scale-single__bank-on__continuation-preserved
/work/11617/sujato_ts/vista/motion_code-master/physics_modal_v4/enhancements/results/central/checkpoints/no_multiscale/seed44/ETTm2/h720.pt,0235c031b61bb78c,False,ETTm2,factorial,720,LatentFlow,physics_modal_v4/enhancements/results/factorial/runs/scale-single__bank-on__continuation-preserved/seed44/ETTm2/h720.json,715543ab0826334ab9ed2ac39f105b5eb600f307c0a1bcb005119c56d60024a4,44,scale-single__bank-on__continuation-preserved
/work/11617/sujato_ts/vista/motion_code-master/physics_modal_v4/enhancements/results/central/checkpoints/no_multiscale/seed44/ETTm2/h96.pt,11a328ef04790cba,False,ETTm2,factorial,96,LatentFlow,physics_modal_v4/enhancements/results/factorial/runs/scale-single__bank-on__continuation-preserved/seed44/ETTm2/h96.json,c0ab070f21dd05a3cb766bf16793e538714ff9372f9b09e0e850c24d3c8435f3,44,scale-single__bank-on__continuation-preserved
/work/11617/sujato_ts/vista/motion_code-master/physics_modal_v4/enhancements/results/central/checkpoints/no_multiscale/seed44/Electricity/h192.pt,c80afd48fd153df0,False,Electricity,factorial,192,LatentFlow,physics_modal_v4/enhancements/results/factorial/runs/scale-single__bank-on__continuation-preserved/seed44/Electricity/h192.json,9ec58a2b547fe2b9c02f18a7fecb62be92a2a5ec72c21e6ab13c31f142281ba7,44,scale-single__bank-on__continuation-preserved
/work/11617/sujato_ts/vista/motion_code-master/physics_modal_v4/enhancements/results/central/checkpoints/no_multiscale/seed44/Electricity/h336.pt,34391bd800b6573d,False,Electricity,factorial,336,LatentFlow,physics_modal_v4/enhancements/results/factorial/runs/scale-single__bank-on__continuation-preserved/seed44/Electricity/h336.json,7361838cd9058c7bc25ddc4c02dc24ad92c81c032a8ec5f5db2ed4c069adb4e1,44,scale-single__bank-on__continuation-preserved
/work/11617/sujato_ts/vista/motion_code-master/physics_modal_v4/enhancements/results/central/checkpoints/no_multiscale/seed44/Electricity/h720.pt,1540817286ae649f,False,Electricity,factorial,720,LatentFlow,physics_modal_v4/enhancements/results/factorial/runs/scale-single__bank-on__continuation-preserved/seed44/Electricity/h720.json,c83d0d790c2996ff81df8c29ee258dd1a4a4b8c88af3c9b33c64d68089621732,44,scale-single__bank-on__continuation-preserved
/work/11617/sujato_ts/vista/motion_code-master/physics_modal_v4/enhancements/results/central/checkpoints/no_multiscale/seed44/Electricity/h96.pt,72c36f0be16ce4ce,False,Electricity,factorial,96,LatentFlow,physics_modal_v4/enhancements/results/factorial/runs/scale-single__bank-on__continuation-preserved/seed44/Electricity/h96.json,27930d9860f408e09b39dfa5b76dea64e9181a7ca9c7529ef5dcb46a62884edf,44,scale-single__bank-on__continuation-preserved
/work/11617/sujato_ts/vista/motion_code-master/physics_modal_v4/enhancements/results/central/checkpoints/no_multiscale/seed44/Traffic/h192.pt,5cb52d0b776cfa5f,False,Traffic,factorial,192,LatentFlow,physics_modal_v4/enhancements/results/factorial/runs/scale-single__bank-on__continuation-preserved/seed44/Traffic/h192.json,9edd6806d797311eae4a9305d785dc7acb8d55999b591e441caba3da43987196,44,scale-single__bank-on__continuation-preserved
/work/11617/sujato_ts/vista/motion_code-master/physics_modal_v4/enhancements/results/central/checkpoints/no_multiscale/seed44/Traffic/h336.pt,c9c16c055cb69ed0,False,Traffic,factorial,336,LatentFlow,physics_modal_v4/enhancements/results/factorial/runs/scale-single__bank-on__continuation-preserved/seed44/Traffic/h336.json,396c25fe6f10280f8c9daae31fcf29dcf0759bcfd22cef5c6182c61ee7b21817,44,scale-single__bank-on__continuation-preserved
/work/11617/sujato_ts/vista/motion_code-master/physics_modal_v4/enhancements/results/central/checkpoints/no_multiscale/seed44/Traffic/h720.pt,dbfbd1ed6b38bcb0,False,Traffic,factorial,720,LatentFlow,physics_modal_v4/enhancements/results/factorial/runs/scale-single__bank-on__continuation-preserved/seed44/Traffic/h720.json,b822f9b97e8705f05af28f97b3d8f516286086e372974a52f097d0dbf3775802,44,scale-single__bank-on__continuation-preserved
/work/11617/sujato_ts/vista/motion_code-master/physics_modal_v4/enhancements/results/central/checkpoints/no_multiscale/seed44/Traffic/h96.pt,3e5ecae0a6c9f64a,False,Traffic,factorial,96,LatentFlow,physics_modal_v4/enhancements/results/factorial/runs/scale-single__bank-on__continuation-preserved/seed44/Traffic/h96.json,95bbc58c64079b6b8aabc8c1bcbb752a02aa53f7bdb01f050453c92878b92f1c,44,scale-single__bank-on__continuation-preserved
/work/11617/sujato_ts/vista/motion_code-master/physics_modal_v4/enhancements/results/central/checkpoints/no_multiscale/seed44/Weather/h192.pt,01cf68e15875d121,False,Weather,factorial,192,LatentFlow,physics_modal_v4/enhancements/results/factorial/runs/scale-single__bank-on__continuation-preserved/seed44/Weather/h192.json,39457fe9800336dd996591187dc15cb69d8ea6820779d875fc957c6ec8686b49,44,scale-single__bank-on__continuation-preserved
/work/11617/sujato_ts/vista/motion_code-master/physics_modal_v4/enhancements/results/central/checkpoints/no_multiscale/seed44/Weather/h336.pt,c8034b9ca67c4e9b,False,Weather,factorial,336,LatentFlow,physics_modal_v4/enhancements/results/factorial/runs/scale-single__bank-on__continuation-preserved/seed44/Weather/h336.json,f133c4da67725701b98f18aabb0a5afffccea1686ad54a2e242439dc58549b3a,44,scale-single__bank-on__continuation-preserved
/work/11617/sujato_ts/vista/motion_code-master/physics_modal_v4/enhancements/results/central/checkpoints/no_multiscale/seed44/Weather/h720.pt,11b0e412369450e5,False,Weather,factorial,720,LatentFlow,physics_modal_v4/enhancements/results/factorial/runs/scale-single__bank-on__continuation-preserved/seed44/Weather/h720.json,9b7e57f46901881fac090453d788046468c14404d845ddc243ff9597d1ad5378,44,scale-single__bank-on__continuation-preserved
/work/11617/sujato_ts/vista/motion_code-master/physics_modal_v4/enhancements/results/central/checkpoints/no_multiscale/seed44/Weather/h96.pt,5f7c5eee7abccbbf,False,Weather,factorial,96,LatentFlow,physics_modal_v4/enhancements/results/factorial/runs/scale-single__bank-on__continuation-preserved/seed44/Weather/h96.json,f016fd3d0ef1d20be62d7b125aa26bce645b7bb28e5063e9b43fa51a1866094c,44,scale-single__bank-on__continuation-preserved
/work/11617/sujato_ts/vista/motion_code-master/physics_modal_v4/enhancements/results/strongest_comparator/checkpoints/TimeMixer/seed43/ETTh2/h192.pt,9ca390e5642519bc,False,ETTh2,strongest_comparator,192,TimeMixer,physics_modal_v4/enhancements/results/strongest_comparator/runs/TimeMixer/seed43/ETTh2/h192.json,34a2bb75cf20ec14eb06017e650ce3fad5707a4eef14f437cafcb35f4c63792a,43,TimeMixer
/work/11617/sujato_ts/vista/motion_code-master/physics_modal_v4/enhancements/results/strongest_comparator/checkpoints/TimeMixer/seed43/ETTh2/h336.pt,999a41fcac779f19,False,ETTh2,strongest_comparator,336,TimeMixer,physics_modal_v4/enhancements/results/strongest_comparator/runs/TimeMixer/seed43/ETTh2/h336.json,48a795f6ebe9c13d101607b48d73684d46c550b1ad041b54a808bbbbea33d2a1,43,TimeMixer
/work/11617/sujato_ts/vista/motion_code-master/physics_modal_v4/enhancements/results/strongest_comparator/checkpoints/TimeMixer/seed43/ETTh2/h720.pt,5c8e10878f9b690f,False,ETTh2,strongest_comparator,720,TimeMixer,physics_modal_v4/enhancements/results/strongest_comparator/runs/TimeMixer/seed43/ETTh2/h720.json,52d3dcd990cbf1f522128ae04bc2a38a1d354d6780b7a03ff4c2befa9584c9c2,43,TimeMixer
/work/11617/sujato_ts/vista/motion_code-master/physics_modal_v4/enhancements/results/strongest_comparator/checkpoints/TimeMixer/seed43/ETTh2/h96.pt,0e420877e314d875,False,ETTh2,strongest_comparator,96,TimeMixer,physics_modal_v4/enhancements/results/strongest_comparator/runs/TimeMixer/seed43/ETTh2/h96.json,3a3881594b230238de51cf22011f882733b57bee8943804ecfda4a4436083b27,43,TimeMixer
/work/11617/sujato_ts/vista/motion_code-master/physics_modal_v4/enhancements/results/strongest_comparator/checkpoints/TimeMixer/seed43/ETTm2/h192.pt,c768a8ddb57fae71,False,ETTm2,strongest_comparator,192,TimeMixer,physics_modal_v4/enhancements/results/strongest_comparator/runs/TimeMixer/seed43/ETTm2/h192.json,eabb0e31a4b50d7ba54e145b402ef651a4588daf3ae2bd379b87a3647e5f4022,43,TimeMixer
/work/11617/sujato_ts/vista/motion_code-master/physics_modal_v4/enhancements/results/strongest_comparator/checkpoints/TimeMixer/seed43/ETTm2/h336.pt,8676cdbb399a09aa,False,ETTm2,strongest_comparator,336,TimeMixer,physics_modal_v4/enhancements/results/strongest_comparator/runs/TimeMixer/seed43/ETTm2/h336.json,71073b588e3c0f72bc53308b0c9411c050678fc193bff17bdccf16a819218d02,43,TimeMixer
/work/11617/sujato_ts/vista/motion_code-master/physics_modal_v4/enhancements/results/strongest_comparator/checkpoints/TimeMixer/seed43/ETTm2/h720.pt,8e661d090cd2ff28,False,ETTm2,strongest_comparator,720,TimeMixer,physics_modal_v4/enhancements/results/strongest_comparator/runs/TimeMixer/seed43/ETTm2/h720.json,de14ebb54f4d4bd6e822b99ca711f3c8f481ec38f989dc4b6878473bfa6b2d56,43,TimeMixer
/work/11617/sujato_ts/vista/motion_code-master/physics_modal_v4/enhancements/results/strongest_comparator/checkpoints/TimeMixer/seed43/ETTm2/h96.pt,8cc3daf7bb5b4632,False,ETTm2,strongest_comparator,96,TimeMixer,physics_modal_v4/enhancements/results/strongest_comparator/runs/TimeMixer/seed43/ETTm2/h96.json,c14489b039493f90c9b56dc41adb08ddc1f6592915b6368b7e7c89bc7ee4f795,43,TimeMixer
/work/11617/sujato_ts/vista/motion_code-master/physics_modal_v4/enhancements/results/strongest_comparator/checkpoints/TimeMixer/seed44/ETTh2/h192.pt,4c27a0e0ea80b42c,False,ETTh2,strongest_comparator,192,TimeMixer,physics_modal_v4/enhancements/results/strongest_comparator/runs/TimeMixer/seed44/ETTh2/h192.json,5cedaeaf5fe5c1aa1f781f66689c02e5b0b2c092edc7e786643857b8ab3bdc5f,44,TimeMixer
/work/11617/sujato_ts/vista/motion_code-master/physics_modal_v4/enhancements/results/strongest_comparator/checkpoints/TimeMixer/seed44/ETTh2/h336.pt,7957e62a6c741b0e,False,ETTh2,strongest_comparator,336,TimeMixer,physics_modal_v4/enhancements/results/strongest_comparator/runs/TimeMixer/seed44/ETTh2/h336.json,0b344c9c28e0013fb3ee4a002b9ce520efa46e6c5920d130c84b6444f35f36d2,44,TimeMixer
/work/11617/sujato_ts/vista/motion_code-master/physics_modal_v4/enhancements/results/strongest_comparator/checkpoints/TimeMixer/seed44/ETTh2/h720.pt,2033612d93fa640e,False,ETTh2,strongest_comparator,720,TimeMixer,physics_modal_v4/enhancements/results/strongest_comparator/runs/TimeMixer/seed44/ETTh2/h720.json,424274a349f26491355dbed12c50ad0ffe44c4844c07cd47a52dd12198749db0,44,TimeMixer
/work/11617/sujato_ts/vista/motion_code-master/physics_modal_v4/enhancements/results/strongest_comparator/checkpoints/TimeMixer/seed44/ETTh2/h96.pt,643e060db0e6df8b,False,ETTh2,strongest_comparator,96,TimeMixer,physics_modal_v4/enhancements/results/strongest_comparator/runs/TimeMixer/seed44/ETTh2/h96.json,086d22849622edc2878fad905e767ccf91853283875345f16bc0f62c6998760e,44,TimeMixer
/work/11617/sujato_ts/vista/motion_code-master/physics_modal_v4/enhancements/results/strongest_comparator/checkpoints/TimeMixer/seed44/ETTm2/h192.pt,5a423752540a4364,False,ETTm2,strongest_comparator,192,TimeMixer,physics_modal_v4/enhancements/results/strongest_comparator/runs/TimeMixer/seed44/ETTm2/h192.json,7ac48e043f22ff79bb9bd9d35618e3a1cd8185d25a07bfee61fc438e7c3c1462,44,TimeMixer
/work/11617/sujato_ts/vista/motion_code-master/physics_modal_v4/enhancements/results/strongest_comparator/checkpoints/TimeMixer/seed44/ETTm2/h336.pt,2c075179eb7f6746,False,ETTm2,strongest_comparator,336,TimeMixer,physics_modal_v4/enhancements/results/strongest_comparator/runs/TimeMixer/seed44/ETTm2/h336.json,f5e4c300736116d40125aaa8e465f9d95002f5acd05929bacca1b479ae3c10e8,44,TimeMixer
/work/11617/sujato_ts/vista/motion_code-master/physics_modal_v4/enhancements/results/strongest_comparator/checkpoints/TimeMixer/seed44/ETTm2/h720.pt,0661470bbf205080,False,ETTm2,strongest_comparator,720,TimeMixer,physics_modal_v4/enhancements/results/strongest_comparator/runs/TimeMixer/seed44/ETTm2/h720.json,cdf9103a937f317aa6239af27467f98c473811e1fb84d5d175ea8b74201ac833,44,TimeMixer
/work/11617/sujato_ts/vista/motion_code-master/physics_modal_v4/enhancements/results/strongest_comparator/checkpoints/TimeMixer/seed44/ETTm2/h96.pt,40f3f01a7ba9a26b,False,ETTm2,strongest_comparator,96,TimeMixer,physics_modal_v4/enhancements/results/strongest_comparator/runs/TimeMixer/seed44/ETTm2/h96.json,3f519aac2deae8c8c3ce65f8b9daca3e058a82d765e16cc089bd3e7a9fb18d4d,44,TimeMixer
/work/11617/sujato_ts/vista/motion_code-master/physics_modal_v4/enhancements/results/strongest_comparator/checkpoints/TimeMixer/seed45/ETTh2/h192.pt,8ecc781e35da7a55,False,ETTh2,strongest_comparator,192,TimeMixer,physics_modal_v4/enhancements/results/strongest_comparator/runs/TimeMixer/seed45/ETTh2/h192.json,6662fab253a8c4545630bc6ffd615355305f32a5792de9a29151dd3c090a8b50,45,TimeMixer
/work/11617/sujato_ts/vista/motion_code-master/physics_modal_v4/enhancements/results/strongest_comparator/checkpoints/TimeMixer/seed45/ETTh2/h336.pt,5965312a9fc328c1,False,ETTh2,strongest_comparator,336,TimeMixer,physics_modal_v4/enhancements/results/strongest_comparator/runs/TimeMixer/seed45/ETTh2/h336.json,22e55fb30456c086b5be0a74654f2ca20eb6607a8dedd08b536c710e95319c46,45,TimeMixer
/work/11617/sujato_ts/vista/motion_code-master/physics_modal_v4/enhancements/results/strongest_comparator/checkpoints/TimeMixer/seed45/ETTh2/h720.pt,44c46de051d56dcc,False,ETTh2,strongest_comparator,720,TimeMixer,physics_modal_v4/enhancements/results/strongest_comparator/runs/TimeMixer/seed45/ETTh2/h720.json,5aa80a86bebc3ea865c67faa2e64e7663d928b6f3ef3fcf9ef123d59d7def1e4,45,TimeMixer
/work/11617/sujato_ts/vista/motion_code-master/physics_modal_v4/enhancements/results/strongest_comparator/checkpoints/TimeMixer/seed45/ETTh2/h96.pt,007fac6ff4ec67ad,False,ETTh2,strongest_comparator,96,TimeMixer,physics_modal_v4/enhancements/results/strongest_comparator/runs/TimeMixer/seed45/ETTh2/h96.json,a7b6b4a5c795c21354d446f45c563c97337193580d8473d54c5b8cc499e6ab24,45,TimeMixer
/work/11617/sujato_ts/vista/motion_code-master/physics_modal_v4/enhancements/results/strongest_comparator/checkpoints/TimeMixer/seed45/ETTm2/h192.pt,0755cd3a3307297a,False,ETTm2,strongest_comparator,192,TimeMixer,physics_modal_v4/enhancements/results/strongest_comparator/runs/TimeMixer/seed45/ETTm2/h192.json,1e4601a119a27e3e8597ceb8395030b838b127ab3aa65d28c067c442f8bfb491,45,TimeMixer
/work/11617/sujato_ts/vista/motion_code-master/physics_modal_v4/enhancements/results/strongest_comparator/checkpoints/TimeMixer/seed45/ETTm2/h336.pt,9005fd7e0544d103,False,ETTm2,strongest_comparator,336,TimeMixer,physics_modal_v4/enhancements/results/strongest_comparator/runs/TimeMixer/seed45/ETTm2/h336.json,304f9d667ab3c5bf92cd0c3d1ef85804d7d9755871b14556b34531dd9f0aa59c,45,TimeMixer
/work/11617/sujato_ts/vista/motion_code-master/physics_modal_v4/enhancements/results/strongest_comparator/checkpoints/TimeMixer/seed45/ETTm2/h720.pt,f188f7215ad3d690,False,ETTm2,strongest_comparator,720,TimeMixer,physics_modal_v4/enhancements/results/strongest_comparator/runs/TimeMixer/seed45/ETTm2/h720.json,388f730a58eb5efc037c90e29882e1b1038706bb7386d24c464672552e75dc4a,45,TimeMixer
/work/11617/sujato_ts/vista/motion_code-master/physics_modal_v4/enhancements/results/strongest_comparator/checkpoints/TimeMixer/seed45/ETTm2/h96.pt,e00a5e44db5016e5,False,ETTm2,strongest_comparator,96,TimeMixer,physics_modal_v4/enhancements/results/strongest_comparator/runs/TimeMixer/seed45/ETTm2/h96.json,8b98d2cda47c5ad116e98f66199e92a0dfc957a033bccbd0963b879f7449d7d3,45,TimeMixer
/work/11617/sujato_ts/vista/motion_code-master/physics_modal_v4/enhancements/results/strongest_comparator/checkpoints/TimeMixer/seed46/ETTh2/h192.pt,b805552fab27b8bf,False,ETTh2,strongest_comparator,192,TimeMixer,physics_modal_v4/enhancements/results/strongest_comparator/runs/TimeMixer/seed46/ETTh2/h192.json,1fef3447fa056db2cd4e5d982ac11a2e56e3dacedc98a86e6ff22a7b21370d31,46,TimeMixer
/work/11617/sujato_ts/vista/motion_code-master/physics_modal_v4/enhancements/results/strongest_comparator/checkpoints/TimeMixer/seed46/ETTh2/h336.pt,4260293d33cc7273,False,ETTh2,strongest_comparator,336,TimeMixer,physics_modal_v4/enhancements/results/strongest_comparator/runs/TimeMixer/seed46/ETTh2/h336.json,1eb90b0b592fcb211b28422d30129fa6f2d531edf65d12710dd978f484621b7d,46,TimeMixer
/work/11617/sujato_ts/vista/motion_code-master/physics_modal_v4/enhancements/results/strongest_comparator/checkpoints/TimeMixer/seed46/ETTh2/h720.pt,9d4b1a9a8ab3af4e,False,ETTh2,strongest_comparator,720,TimeMixer,physics_modal_v4/enhancements/results/strongest_comparator/runs/TimeMixer/seed46/ETTh2/h720.json,8480e64adf5285ee595186a3583a029567a6181adfe12bbdf4f3f5a46527a0cd,46,TimeMixer
/work/11617/sujato_ts/vista/motion_code-master/physics_modal_v4/enhancements/results/strongest_comparator/checkpoints/TimeMixer/seed46/ETTh2/h96.pt,cd5ac700bb264d6e,False,ETTh2,strongest_comparator,96,TimeMixer,physics_modal_v4/enhancements/results/strongest_comparator/runs/TimeMixer/seed46/ETTh2/h96.json,bda9b0e338540b4e5e0b081ea9c7f297428f4a1ff0fc3ed7521e3cce2c0ecb66,46,TimeMixer
/work/11617/sujato_ts/vista/motion_code-master/physics_modal_v4/enhancements/results/strongest_comparator/checkpoints/TimeMixer/seed46/ETTm2/h192.pt,6ecc69eeb4ae5975,False,ETTm2,strongest_comparator,192,TimeMixer,physics_modal_v4/enhancements/results/strongest_comparator/runs/TimeMixer/seed46/ETTm2/h192.json,980a134a53acfd2d7b6c540f92cb34df4e0963b78ee8140952572c902813a693,46,TimeMixer
/work/11617/sujato_ts/vista/motion_code-master/physics_modal_v4/enhancements/results/strongest_comparator/checkpoints/TimeMixer/seed46/ETTm2/h336.pt,d9415f8878e4bd8b,False,ETTm2,strongest_comparator,336,TimeMixer,physics_modal_v4/enhancements/results/strongest_comparator/runs/TimeMixer/seed46/ETTm2/h336.json,b8870d8253babaffcd73f169f7456af351f37a57b1436a7249a6ee1ae95b0bc2,46,TimeMixer
/work/11617/sujato_ts/vista/motion_code-master/physics_modal_v4/enhancements/results/strongest_comparator/checkpoints/TimeMixer/seed46/ETTm2/h720.pt,433468d388f4de78,False,ETTm2,strongest_comparator,720,TimeMixer,physics_modal_v4/enhancements/results/strongest_comparator/runs/TimeMixer/seed46/ETTm2/h720.json,07018c2ebceced39070376ba8a5ccc201d616967a135b5060b5bbee785b6c574,46,TimeMixer
/work/11617/sujato_ts/vista/motion_code-master/physics_modal_v4/enhancements/results/strongest_comparator/checkpoints/TimeMixer/seed46/ETTm2/h96.pt,2479868e9137fbf3,False,ETTm2,strongest_comparator,96,TimeMixer,physics_modal_v4/enhancements/results/strongest_comparator/runs/TimeMixer/seed46/ETTm2/h96.json,dfc07a8038e55af3cb9514d485b9e4e23f5bae5333d85263befb5e7f42558b21,46,TimeMixer
/work/11617/sujato_ts/vista/motion_code-master/physics_modal_v4/enhancements/results/strongest_comparator/checkpoints/VPNet/seed43/Electricity/h192.pt,1664aaa10c480733,False,Electricity,strongest_comparator,192,VPNet,physics_modal_v4/enhancements/results/strongest_comparator/runs/VPNet/seed43/Electricity/h192.json,063cb5080d3bacb383f7374a9e231c929c27bfe8a27c875e046b64626d18786f,43,VPNet
/work/11617/sujato_ts/vista/motion_code-master/physics_modal_v4/enhancements/results/strongest_comparator/checkpoints/VPNet/seed43/Electricity/h336.pt,45c6d58f838d7e86,False,Electricity,strongest_comparator,336,VPNet,physics_modal_v4/enhancements/results/strongest_comparator/runs/VPNet/seed43/Electricity/h336.json,8980934c5d904e71ddf1c4f471752ec8feb8e7363c7aa52350bb9ff63047951b,43,VPNet
/work/11617/sujato_ts/vista/motion_code-master/physics_modal_v4/enhancements/results/strongest_comparator/checkpoints/VPNet/seed43/Electricity/h720.pt,a4fe4d06e3b081d5,False,Electricity,strongest_comparator,720,VPNet,physics_modal_v4/enhancements/results/strongest_comparator/runs/VPNet/seed43/Electricity/h720.json,94120aeb5a754e0c33f48e10f4beaaf1006eb9fa65f09852c2bba422892bb407,43,VPNet
/work/11617/sujato_ts/vista/motion_code-master/physics_modal_v4/enhancements/results/strongest_comparator/checkpoints/VPNet/seed43/Electricity/h96.pt,9663e4f531d22c58,False,Electricity,strongest_comparator,96,VPNet,physics_modal_v4/enhancements/results/strongest_comparator/runs/VPNet/seed43/Electricity/h96.json,c097f933eb43614feabd19ce145e1c89646b09c53a27cd9e77746d07ed269fbc,43,VPNet
/work/11617/sujato_ts/vista/motion_code-master/physics_modal_v4/enhancements/results/strongest_comparator/checkpoints/VPNet/seed43/Traffic/h192.pt,aac3f926e2906459,False,Traffic,strongest_comparator,192,VPNet,physics_modal_v4/enhancements/results/strongest_comparator/runs/VPNet/seed43/Traffic/h192.json,277d1a74890c76b1f31194035d0845f71b1c1db2765e1db37d632322517fa22c,43,VPNet
/work/11617/sujato_ts/vista/motion_code-master/physics_modal_v4/enhancements/results/strongest_comparator/checkpoints/VPNet/seed43/Traffic/h336.pt,036f74dd626951c8,False,Traffic,strongest_comparator,336,VPNet,physics_modal_v4/enhancements/results/strongest_comparator/runs/VPNet/seed43/Traffic/h336.json,c746ea352b5c414cca91e84f09c45b0654958fe086e75151874c4fc5c4de8635,43,VPNet
/work/11617/sujato_ts/vista/motion_code-master/physics_modal_v4/enhancements/results/strongest_comparator/checkpoints/VPNet/seed43/Traffic/h720.pt,e1502df17e4232c6,False,Traffic,strongest_comparator,720,VPNet,physics_modal_v4/enhancements/results/strongest_comparator/runs/VPNet/seed43/Traffic/h720.json,c3ac310ab628e97b25721776c04ce3985359456ae9e1b56fa4211d6eae26a62a,43,VPNet
/work/11617/sujato_ts/vista/motion_code-master/physics_modal_v4/enhancements/results/strongest_comparator/checkpoints/VPNet/seed43/Traffic/h96.pt,b26d7ae2fff42f69,False,Traffic,strongest_comparator,96,VPNet,physics_modal_v4/enhancements/results/strongest_comparator/runs/VPNet/seed43/Traffic/h96.json,b2bb5caa7b9f126b20c0e0de8c581dec92a58007f05612e18aa809fd3b9adc1e,43,VPNet
/work/11617/sujato_ts/vista/motion_code-master/physics_modal_v4/enhancements/results/strongest_comparator/checkpoints/VPNet/seed43/Weather/h192.pt,eb927f31c777f5ea,False,Weather,strongest_comparator,192,VPNet,physics_modal_v4/enhancements/results/strongest_comparator/runs/VPNet/seed43/Weather/h192.json,8a21987d15fac07fcb661f976e9f75be4c15431e9f722eb8c905771d3365407e,43,VPNet
/work/11617/sujato_ts/vista/motion_code-master/physics_modal_v4/enhancements/results/strongest_comparator/checkpoints/VPNet/seed43/Weather/h336.pt,b2a2438e6e766df5,False,Weather,strongest_comparator,336,VPNet,physics_modal_v4/enhancements/results/strongest_comparator/runs/VPNet/seed43/Weather/h336.json,69443ea1f17575f74cdd394ae4bfbef1592725ccfffa8cf65514aa1e67ec7852,43,VPNet
/work/11617/sujato_ts/vista/motion_code-master/physics_modal_v4/enhancements/results/strongest_comparator/checkpoints/VPNet/seed43/Weather/h720.pt,32411d0fd563b66a,False,Weather,strongest_comparator,720,VPNet,physics_modal_v4/enhancements/results/strongest_comparator/runs/VPNet/seed43/Weather/h720.json,ee3e96716d36b8d5a6c267087a45aa90c4273d28ffced02f98d311127a86f919,43,VPNet
/work/11617/sujato_ts/vista/motion_code-master/physics_modal_v4/enhancements/results/strongest_comparator/checkpoints/VPNet/seed43/Weather/h96.pt,6f8b1556def60f26,False,Weather,strongest_comparator,96,VPNet,physics_modal_v4/enhancements/results/strongest_comparator/runs/VPNet/seed43/Weather/h96.json,0fadd582039ad0734f5860e3a9f3d1749034ad0d0ecc7777a0c3b15f9532c922,43,VPNet
/work/11617/sujato_ts/vista/motion_code-master/physics_modal_v4/enhancements/results/strongest_comparator/checkpoints/VPNet/seed44/Electricity/h192.pt,84bf80816b19b70b,False,Electricity,strongest_comparator,192,VPNet,physics_modal_v4/enhancements/results/strongest_comparator/runs/VPNet/seed44/Electricity/h192.json,72360d04f7b83af94e12457458dff74d858dea90c454cf41e37399ac4731705f,44,VPNet
/work/11617/sujato_ts/vista/motion_code-master/physics_modal_v4/enhancements/results/strongest_comparator/checkpoints/VPNet/seed44/Electricity/h336.pt,1cdb331e4b782ffe,False,Electricity,strongest_comparator,336,VPNet,physics_modal_v4/enhancements/results/strongest_comparator/runs/VPNet/seed44/Electricity/h336.json,142d79b91c2a19887ec9f6ec618e7ff7b4bb6ac2e99d6fb07bc2e9b353aa2530,44,VPNet
/work/11617/sujato_ts/vista/motion_code-master/physics_modal_v4/enhancements/results/strongest_comparator/checkpoints/VPNet/seed44/Electricity/h720.pt,a261502daaaa28ce,False,Electricity,strongest_comparator,720,VPNet,physics_modal_v4/enhancements/results/strongest_comparator/runs/VPNet/seed44/Electricity/h720.json,121ad26aa648ef58bab4aba16bc2c7c6e19d71ceb477f3fdf4d15311c5fdbc36,44,VPNet
/work/11617/sujato_ts/vista/motion_code-master/physics_modal_v4/enhancements/results/strongest_comparator/checkpoints/VPNet/seed44/Electricity/h96.pt,5c0d72c002f4f567,False,Electricity,strongest_comparator,96,VPNet,physics_modal_v4/enhancements/results/strongest_comparator/runs/VPNet/seed44/Electricity/h96.json,ba751096d7caa70cf815c0324d79d30f6a79e1713dfd8ef4161b42ef854f1d33,44,VPNet
/work/11617/sujato_ts/vista/motion_code-master/physics_modal_v4/enhancements/results/strongest_comparator/checkpoints/VPNet/seed44/Traffic/h192.pt,3bd82ef3c5e1a540,False,Traffic,strongest_comparator,192,VPNet,physics_modal_v4/enhancements/results/strongest_comparator/runs/VPNet/seed44/Traffic/h192.json,a3397d640248681532bb534be7b50cd86029156120374c96b16962a44768b8d6,44,VPNet
/work/11617/sujato_ts/vista/motion_code-master/physics_modal_v4/enhancements/results/strongest_comparator/checkpoints/VPNet/seed44/Traffic/h336.pt,495c8162a5c77808,False,Traffic,strongest_comparator,336,VPNet,physics_modal_v4/enhancements/results/strongest_comparator/runs/VPNet/seed44/Traffic/h336.json,c9c5dee3bf28e949262e075b0c3740bb3e7f851127f0cdb0417fe4f5a77ccf43,44,VPNet
/work/11617/sujato_ts/vista/motion_code-master/physics_modal_v4/enhancements/results/strongest_comparator/checkpoints/VPNet/seed44/Traffic/h720.pt,2b1c9d6ca3a757c8,False,Traffic,strongest_comparator,720,VPNet,physics_modal_v4/enhancements/results/strongest_comparator/runs/VPNet/seed44/Traffic/h720.json,b7a2553d371c52d154dc4828b4797d686f2045de92fe85090c0b91f7c1ef3bbd,44,VPNet
/work/11617/sujato_ts/vista/motion_code-master/physics_modal_v4/enhancements/results/strongest_comparator/checkpoints/VPNet/seed44/Traffic/h96.pt,751ad4cf94bf0972,False,Traffic,strongest_comparator,96,VPNet,physics_modal_v4/enhancements/results/strongest_comparator/runs/VPNet/seed44/Traffic/h96.json,6c85a9b02a1a83b273e6800d9153acc73c3d5a3d9c8eeed83f8a3751e1c97357,44,VPNet
/work/11617/sujato_ts/vista/motion_code-master/physics_modal_v4/enhancements/results/strongest_comparator/checkpoints/VPNet/seed44/Weather/h192.pt,b5ace4c5ee006fba,False,Weather,strongest_comparator,192,VPNet,physics_modal_v4/enhancements/results/strongest_comparator/runs/VPNet/seed44/Weather/h192.json,8e7982955762dad5e552a69131e1eeb148b1f2f9e2ec011d5e407cf69a3216ec,44,VPNet
/work/11617/sujato_ts/vista/motion_code-master/physics_modal_v4/enhancements/results/strongest_comparator/checkpoints/VPNet/seed44/Weather/h336.pt,65532f9494f3eece,False,Weather,strongest_comparator,336,VPNet,physics_modal_v4/enhancements/results/strongest_comparator/runs/VPNet/seed44/Weather/h336.json,36e632d84f1d368dc72ea298f87a19b6abf7b5f9fed12150141d745cb81badfb,44,VPNet
/work/11617/sujato_ts/vista/motion_code-master/physics_modal_v4/enhancements/results/strongest_comparator/checkpoints/VPNet/seed44/Weather/h720.pt,fe59424b6134060f,False,Weather,strongest_comparator,720,VPNet,physics_modal_v4/enhancements/results/strongest_comparator/runs/VPNet/seed44/Weather/h720.json,f4833f4b6c52cea9087ae5c226df5c8f7685d527d83efb49c1e6232e8e91a2ab,44,VPNet
/work/11617/sujato_ts/vista/motion_code-master/physics_modal_v4/enhancements/results/strongest_comparator/checkpoints/VPNet/seed44/Weather/h96.pt,076f5d02ff49ac52,False,Weather,strongest_comparator,96,VPNet,physics_modal_v4/enhancements/results/strongest_comparator/runs/VPNet/seed44/Weather/h96.json,2ac68558a2b12acc0b3d287bd66d999671ec3c61e8ccb238fc41353c3836da54,44,VPNet
/work/11617/sujato_ts/vista/motion_code-master/physics_modal_v4/enhancements/results/strongest_comparator/checkpoints/VPNet/seed45/Electricity/h192.pt,0af4d81170c592e0,False,Electricity,strongest_comparator,192,VPNet,physics_modal_v4/enhancements/results/strongest_comparator/runs/VPNet/seed45/Electricity/h192.json,3a168bf44bbe978f077c293c9e58e1d34ed475a20e1c130968049bb1aabe2266,45,VPNet
/work/11617/sujato_ts/vista/motion_code-master/physics_modal_v4/enhancements/results/strongest_comparator/checkpoints/VPNet/seed45/Electricity/h336.pt,8b581eb48eb753a4,False,Electricity,strongest_comparator,336,VPNet,physics_modal_v4/enhancements/results/strongest_comparator/runs/VPNet/seed45/Electricity/h336.json,90a47bcdf4fd11f56b4324dec2f968c8ac74a7339e683698a59d97d4544e724b,45,VPNet
/work/11617/sujato_ts/vista/motion_code-master/physics_modal_v4/enhancements/results/strongest_comparator/checkpoints/VPNet/seed45/Electricity/h720.pt,c31f2ba5d7698da7,False,Electricity,strongest_comparator,720,VPNet,physics_modal_v4/enhancements/results/strongest_comparator/runs/VPNet/seed45/Electricity/h720.json,20c092b8703b7c396000da8a0a4ceed982524aa6ba3ea2b30df780e67091f4e9,45,VPNet
/work/11617/sujato_ts/vista/motion_code-master/physics_modal_v4/enhancements/results/strongest_comparator/checkpoints/VPNet/seed45/Electricity/h96.pt,1e525cebd268c24f,False,Electricity,strongest_comparator,96,VPNet,physics_modal_v4/enhancements/results/strongest_comparator/runs/VPNet/seed45/Electricity/h96.json,7e64922c196377ca20247f5b821adaf4c3d5c4d53d6609aee6c11b1de94715ee,45,VPNet
/work/11617/sujato_ts/vista/motion_code-master/physics_modal_v4/enhancements/results/strongest_comparator/checkpoints/VPNet/seed45/Traffic/h192.pt,7c628901799159bd,False,Traffic,strongest_comparator,192,VPNet,physics_modal_v4/enhancements/results/strongest_comparator/runs/VPNet/seed45/Traffic/h192.json,5d6cf2c82bf6bca065d627bb6ff7ef7ace0f5a9a0018f798ad26d2d55c69c3c5,45,VPNet
/work/11617/sujato_ts/vista/motion_code-master/physics_modal_v4/enhancements/results/strongest_comparator/checkpoints/VPNet/seed45/Traffic/h336.pt,d10eddf4fb740a0e,False,Traffic,strongest_comparator,336,VPNet,physics_modal_v4/enhancements/results/strongest_comparator/runs/VPNet/seed45/Traffic/h336.json,5f0ef89fcdc403050b484ba89b3cbcf839fe716dbc59ad5ea0b827a37655c2b8,45,VPNet
/work/11617/sujato_ts/vista/motion_code-master/physics_modal_v4/enhancements/results/strongest_comparator/checkpoints/VPNet/seed45/Traffic/h720.pt,0e06e3432b04538b,False,Traffic,strongest_comparator,720,VPNet,physics_modal_v4/enhancements/results/strongest_comparator/runs/VPNet/seed45/Traffic/h720.json,3d8f6a3ed338723ac65a0312c2a29a4754da357cbe374e617225c77707028181,45,VPNet
/work/11617/sujato_ts/vista/motion_code-master/physics_modal_v4/enhancements/results/strongest_comparator/checkpoints/VPNet/seed45/Traffic/h96.pt,0b30954b1954e750,False,Traffic,strongest_comparator,96,VPNet,physics_modal_v4/enhancements/results/strongest_comparator/runs/VPNet/seed45/Traffic/h96.json,119934702d2888990e724c0d918bd0a0b55d7d05aee47c867fa315f985a22ca5,45,VPNet
/work/11617/sujato_ts/vista/motion_code-master/physics_modal_v4/enhancements/results/strongest_comparator/checkpoints/VPNet/seed45/Weather/h192.pt,bfdcceb00e3a7cfb,False,Weather,strongest_comparator,192,VPNet,physics_modal_v4/enhancements/results/strongest_comparator/runs/VPNet/seed45/Weather/h192.json,8f792c68d379390b5f64142dbb3cc78e8f5e7efe3cf9d9474d6ae4dae413e970,45,VPNet
/work/11617/sujato_ts/vista/motion_code-master/physics_modal_v4/enhancements/results/strongest_comparator/checkpoints/VPNet/seed45/Weather/h336.pt,2a8827eea77c1524,False,Weather,strongest_comparator,336,VPNet,physics_modal_v4/enhancements/results/strongest_comparator/runs/VPNet/seed45/Weather/h336.json,d6a6ba9033381b350902a8de9711118212e67da275451523a43aeaca8355e781,45,VPNet
/work/11617/sujato_ts/vista/motion_code-master/physics_modal_v4/enhancements/results/strongest_comparator/checkpoints/VPNet/seed45/Weather/h720.pt,30524a639c3de38d,False,Weather,strongest_comparator,720,VPNet,physics_modal_v4/enhancements/results/strongest_comparator/runs/VPNet/seed45/Weather/h720.json,71c2acb3519764df4a0f950973c8894cd9bb89507aa12c636f4c435da59ea3c8,45,VPNet
/work/11617/sujato_ts/vista/motion_code-master/physics_modal_v4/enhancements/results/strongest_comparator/checkpoints/VPNet/seed45/Weather/h96.pt,68743e391b758738,False,Weather,strongest_comparator,96,VPNet,physics_modal_v4/enhancements/results/strongest_comparator/runs/VPNet/seed45/Weather/h96.json,615baed9646e9787c6d37430823a8592de2685ff6b76d813b0d61337189f14f0,45,VPNet
/work/11617/sujato_ts/vista/motion_code-master/physics_modal_v4/enhancements/results/strongest_comparator/checkpoints/VPNet/seed46/Electricity/h192.pt,a626769c35890406,False,Electricity,strongest_comparator,192,VPNet,physics_modal_v4/enhancements/results/strongest_comparator/runs/VPNet/seed46/Electricity/h192.json,90035de15efdf351c8309c905cf83ea0e43e971f6109a360164ec57bbfad069e,46,VPNet
/work/11617/sujato_ts/vista/motion_code-master/physics_modal_v4/enhancements/results/strongest_comparator/checkpoints/VPNet/seed46/Electricity/h336.pt,1fed00362c54380c,False,Electricity,strongest_comparator,336,VPNet,physics_modal_v4/enhancements/results/strongest_comparator/runs/VPNet/seed46/Electricity/h336.json,f44d95029071556a3c00940d1be17f2c14ed7861a9082aa17d86fd9f993a9cbf,46,VPNet
/work/11617/sujato_ts/vista/motion_code-master/physics_modal_v4/enhancements/results/strongest_comparator/checkpoints/VPNet/seed46/Electricity/h720.pt,304c714d3eba3a10,False,Electricity,strongest_comparator,720,VPNet,physics_modal_v4/enhancements/results/strongest_comparator/runs/VPNet/seed46/Electricity/h720.json,cf6c08a6fa2b36ed741b0d06b375baa2cded6944ce1f788482d409b9e539d979,46,VPNet
/work/11617/sujato_ts/vista/motion_code-master/physics_modal_v4/enhancements/results/strongest_comparator/checkpoints/VPNet/seed46/Electricity/h96.pt,6e2ee78bbcfc9f2e,False,Electricity,strongest_comparator,96,VPNet,physics_modal_v4/enhancements/results/strongest_comparator/runs/VPNet/seed46/Electricity/h96.json,9d59c04f18b9ea59400d4650b8c6058e97058249a02a4cf3433ebdff98183bc7,46,VPNet
/work/11617/sujato_ts/vista/motion_code-master/physics_modal_v4/enhancements/results/strongest_comparator/checkpoints/VPNet/seed46/Traffic/h192.pt,822cf9ade67e81c8,False,Traffic,strongest_comparator,192,VPNet,physics_modal_v4/enhancements/results/strongest_comparator/runs/VPNet/seed46/Traffic/h192.json,c7d1c9b95abbaadde71e230b28787f3ddc368fdaf34a12cb9a0f820aa599797a,46,VPNet
/work/11617/sujato_ts/vista/motion_code-master/physics_modal_v4/enhancements/results/strongest_comparator/checkpoints/VPNet/seed46/Traffic/h336.pt,9ca529358a184ecf,False,Traffic,strongest_comparator,336,VPNet,physics_modal_v4/enhancements/results/strongest_comparator/runs/VPNet/seed46/Traffic/h336.json,90d260181e25653374c41e4e892c040cf6865761705270170191e3ffb9a42ff3,46,VPNet
/work/11617/sujato_ts/vista/motion_code-master/physics_modal_v4/enhancements/results/strongest_comparator/checkpoints/VPNet/seed46/Traffic/h720.pt,4854b523e398a2c8,False,Traffic,strongest_comparator,720,VPNet,physics_modal_v4/enhancements/results/strongest_comparator/runs/VPNet/seed46/Traffic/h720.json,ad62d7618bc188a74fdfb2cd4b1db90352df7ea0fa71ce7c17147599e84dccab,46,VPNet
/work/11617/sujato_ts/vista/motion_code-master/physics_modal_v4/enhancements/results/strongest_comparator/checkpoints/VPNet/seed46/Traffic/h96.pt,5129c237ee94761b,False,Traffic,strongest_comparator,96,VPNet,physics_modal_v4/enhancements/results/strongest_comparator/runs/VPNet/seed46/Traffic/h96.json,531e48bbaaae7852dbb7c97d7b20edfbdaba65666ec06e67e516bae096ba021a,46,VPNet
/work/11617/sujato_ts/vista/motion_code-master/physics_modal_v4/enhancements/results/strongest_comparator/checkpoints/VPNet/seed46/Weather/h192.pt,d8c5a59a5b045d5b,False,Weather,strongest_comparator,192,VPNet,physics_modal_v4/enhancements/results/strongest_comparator/runs/VPNet/seed46/Weather/h192.json,5805e88bb38d4f8d16f529a5ac975a6196c258af3dfdd4a09a3db961e4ecf7d7,46,VPNet
/work/11617/sujato_ts/vista/motion_code-master/physics_modal_v4/enhancements/results/strongest_comparator/checkpoints/VPNet/seed46/Weather/h336.pt,058cb0f9ac46fbbf,False,Weather,strongest_comparator,336,VPNet,physics_modal_v4/enhancements/results/strongest_comparator/runs/VPNet/seed46/Weather/h336.json,0419f93fe32fbb8040459da50bafeac21d7001d9e71b975f3489da6415c31fc6,46,VPNet
/work/11617/sujato_ts/vista/motion_code-master/physics_modal_v4/enhancements/results/strongest_comparator/checkpoints/VPNet/seed46/Weather/h720.pt,e559fd08c1c899a2,False,Weather,strongest_comparator,720,VPNet,physics_modal_v4/enhancements/results/strongest_comparator/runs/VPNet/seed46/Weather/h720.json,22f0dc472d3f65876f045fa272ddb69f4fdb7c562858523e89669c070c4f149f,46,VPNet
/work/11617/sujato_ts/vista/motion_code-master/physics_modal_v4/enhancements/results/strongest_comparator/checkpoints/VPNet/seed46/Weather/h96.pt,3caa7bc2cdf72d79,False,Weather,strongest_comparator,96,VPNet,physics_modal_v4/enhancements/results/strongest_comparator/runs/VPNet/seed46/Weather/h96.json,1cf4638d4c2dc7a115d2ee5e24a75a29ac47334e150b646dfe92d585d44b40c0,46,VPNet
/work/11617/sujato_ts/vista/motion_code-master/physics_modal_v4/enhancements/results/strongest_comparator/checkpoints/iTransformer/seed43/ETTh1/h192.pt,12badc4829f6ab57,False,ETTh1,strongest_comparator,192,iTransformer,physics_modal_v4/enhancements/results/strongest_comparator/runs/iTransformer/seed43/ETTh1/h192.json,4de96b2ea6f240c8247b23682fc5076515f3cba2195974de23c15eab05bdad33,43,iTransformer
/work/11617/sujato_ts/vista/motion_code-master/physics_modal_v4/enhancements/results/strongest_comparator/checkpoints/iTransformer/seed43/ETTh1/h336.pt,8b57ce9693bb3950,False,ETTh1,strongest_comparator,336,iTransformer,physics_modal_v4/enhancements/results/strongest_comparator/runs/iTransformer/seed43/ETTh1/h336.json,222b192d68d11e3794efa15b6e1906270bc8ba33b25499e32f44402aee5c1a92,43,iTransformer
/work/11617/sujato_ts/vista/motion_code-master/physics_modal_v4/enhancements/results/strongest_comparator/checkpoints/iTransformer/seed43/ETTh1/h720.pt,dc5606b6b019271d,False,ETTh1,strongest_comparator,720,iTransformer,physics_modal_v4/enhancements/results/strongest_comparator/runs/iTransformer/seed43/ETTh1/h720.json,452afe4253495192d72d0a339bdfe4b30083cdf4a8b9bb8f4f84e53a5915918f,43,iTransformer
/work/11617/sujato_ts/vista/motion_code-master/physics_modal_v4/enhancements/results/strongest_comparator/checkpoints/iTransformer/seed43/ETTh1/h96.pt,9f780354354869e0,False,ETTh1,strongest_comparator,96,iTransformer,physics_modal_v4/enhancements/results/strongest_comparator/runs/iTransformer/seed43/ETTh1/h96.json,563b01ed4d54c6616ada81fc3c96ffe06470747c294b639ad1fde8b9cf5e1750,43,iTransformer
/work/11617/sujato_ts/vista/motion_code-master/physics_modal_v4/enhancements/results/strongest_comparator/checkpoints/iTransformer/seed44/ETTh1/h192.pt,8ca7ee3b891fa326,False,ETTh1,strongest_comparator,192,iTransformer,physics_modal_v4/enhancements/results/strongest_comparator/runs/iTransformer/seed44/ETTh1/h192.json,f0203dc3c8eef4c1369487a270a3fb0c6825558c1d52030bd02b4429365eaae8,44,iTransformer
/work/11617/sujato_ts/vista/motion_code-master/physics_modal_v4/enhancements/results/strongest_comparator/checkpoints/iTransformer/seed44/ETTh1/h336.pt,9a172f88f40e1963,False,ETTh1,strongest_comparator,336,iTransformer,physics_modal_v4/enhancements/results/strongest_comparator/runs/iTransformer/seed44/ETTh1/h336.json,fe9f456020fc33bcdc8caaf60424095cadd8ef635eacfc49079b4aa3d67075c2,44,iTransformer
/work/11617/sujato_ts/vista/motion_code-master/physics_modal_v4/enhancements/results/strongest_comparator/checkpoints/iTransformer/seed44/ETTh1/h720.pt,1a961b16b8821f17,False,ETTh1,strongest_comparator,720,iTransformer,physics_modal_v4/enhancements/results/strongest_comparator/runs/iTransformer/seed44/ETTh1/h720.json,7b3973801f51934cc5a1ba761af5fb1fc134711efb37a4d51fc1c2bcfe1ce092,44,iTransformer
/work/11617/sujato_ts/vista/motion_code-master/physics_modal_v4/enhancements/results/strongest_comparator/checkpoints/iTransformer/seed44/ETTh1/h96.pt,a28e9762f5a56054,False,ETTh1,strongest_comparator,96,iTransformer,physics_modal_v4/enhancements/results/strongest_comparator/runs/iTransformer/seed44/ETTh1/h96.json,920f700f4619cc3829b60bd48656429c13d00fa1561aee1567bb861c3369a7bb,44,iTransformer
/work/11617/sujato_ts/vista/motion_code-master/physics_modal_v4/enhancements/results/strongest_comparator/checkpoints/iTransformer/seed45/ETTh1/h192.pt,362aa35d12af5aa1,False,ETTh1,strongest_comparator,192,iTransformer,physics_modal_v4/enhancements/results/strongest_comparator/runs/iTransformer/seed45/ETTh1/h192.json,c79b6cd7784c3d79c77ae149906ee10d23eda82dcaf9fb1e8d67b14ce7fc4a42,45,iTransformer
/work/11617/sujato_ts/vista/motion_code-master/physics_modal_v4/enhancements/results/strongest_comparator/checkpoints/iTransformer/seed45/ETTh1/h336.pt,ba0fa1f7309418ef,False,ETTh1,strongest_comparator,336,iTransformer,physics_modal_v4/enhancements/results/strongest_comparator/runs/iTransformer/seed45/ETTh1/h336.json,2dc165e7f60275df1b336e3a26dc15f5dfed4d3bd9c7134130ba7cdc064061f4,45,iTransformer
/work/11617/sujato_ts/vista/motion_code-master/physics_modal_v4/enhancements/results/strongest_comparator/checkpoints/iTransformer/seed45/ETTh1/h720.pt,1839412165674e91,False,ETTh1,strongest_comparator,720,iTransformer,physics_modal_v4/enhancements/results/strongest_comparator/runs/iTransformer/seed45/ETTh1/h720.json,d07930ca9f9e3f09db0b5a4b9126a0c27c38c29f3a6728a95fb2511bc05d7caf,45,iTransformer
/work/11617/sujato_ts/vista/motion_code-master/physics_modal_v4/enhancements/results/strongest_comparator/checkpoints/iTransformer/seed45/ETTh1/h96.pt,238e0599eaddb920,False,ETTh1,strongest_comparator,96,iTransformer,physics_modal_v4/enhancements/results/strongest_comparator/runs/iTransformer/seed45/ETTh1/h96.json,9490cc94c83dc8313479bcb0bda587e6ba620c902de0f0d952c6233597a638be,45,iTransformer
/work/11617/sujato_ts/vista/motion_code-master/physics_modal_v4/enhancements/results/strongest_comparator/checkpoints/iTransformer/seed46/ETTh1/h192.pt,51e4da7fc0abd34d,False,ETTh1,strongest_comparator,192,iTransformer,physics_modal_v4/enhancements/results/strongest_comparator/runs/iTransformer/seed46/ETTh1/h192.json,80593b62120c73b6c4e7d877b1d3904ab09cfddae767fcd5d240a41dd88db5ff,46,iTransformer
/work/11617/sujato_ts/vista/motion_code-master/physics_modal_v4/enhancements/results/strongest_comparator/checkpoints/iTransformer/seed46/ETTh1/h336.pt,20eded1c26e62f83,False,ETTh1,strongest_comparator,336,iTransformer,physics_modal_v4/enhancements/results/strongest_comparator/runs/iTransformer/seed46/ETTh1/h336.json,acb9871a2e8119e7c3847a61e74848be12f0ffc8fce683782b4a1cf85bbe3a3e,46,iTransformer
/work/11617/sujato_ts/vista/motion_code-master/physics_modal_v4/enhancements/results/strongest_comparator/checkpoints/iTransformer/seed46/ETTh1/h720.pt,183522f33fc378a3,False,ETTh1,strongest_comparator,720,iTransformer,physics_modal_v4/enhancements/results/strongest_comparator/runs/iTransformer/seed46/ETTh1/h720.json,a6160bca2420fe90d35f64f58186c67853df8addbe0a67ae2f75a6ead21bfc00,46,iTransformer
/work/11617/sujato_ts/vista/motion_code-master/physics_modal_v4/enhancements/results/strongest_comparator/checkpoints/iTransformer/seed46/ETTh1/h96.pt,3ebbc931d75d5870,False,ETTh1,strongest_comparator,96,iTransformer,physics_modal_v4/enhancements/results/strongest_comparator/runs/iTransformer/seed46/ETTh1/h96.json,c4a1d939df56e9b58e4b046152c35e67bda28dded0c90fb3165cf756d6d985ea,46,iTransformer
/work/11617/sujato_ts/vista/motion_code-master/physics_modal_v4/enhancements/results/strongest_comparator/checkpoints/xCPD/seed43/ETTm1/h192.pt,c9350086c82f68a3,False,ETTm1,strongest_comparator,192,xCPD,physics_modal_v4/enhancements/results/strongest_comparator/runs/xCPD/seed43/ETTm1/h192.json,5c6993a925ff67bf24982306fb1beed63d92f014683d830107f5f9f289037d1e,43,xCPD
/work/11617/sujato_ts/vista/motion_code-master/physics_modal_v4/enhancements/results/strongest_comparator/checkpoints/xCPD/seed43/ETTm1/h336.pt,c07b14452333b5e0,False,ETTm1,strongest_comparator,336,xCPD,physics_modal_v4/enhancements/results/strongest_comparator/runs/xCPD/seed43/ETTm1/h336.json,e5d56a430599e9bba6ab74cdb63848caecea0dae91ab08296628d82ee2dbdc4d,43,xCPD
/work/11617/sujato_ts/vista/motion_code-master/physics_modal_v4/enhancements/results/strongest_comparator/checkpoints/xCPD/seed43/ETTm1/h720.pt,c19c935361299109,False,ETTm1,strongest_comparator,720,xCPD,physics_modal_v4/enhancements/results/strongest_comparator/runs/xCPD/seed43/ETTm1/h720.json,02de11bc8ee769335e37fdae1b5e2048e58a5fdc79a077502acf37436d6038f4,43,xCPD
/work/11617/sujato_ts/vista/motion_code-master/physics_modal_v4/enhancements/results/strongest_comparator/checkpoints/xCPD/seed43/ETTm1/h96.pt,342426439e45062a,False,ETTm1,strongest_comparator,96,xCPD,physics_modal_v4/enhancements/results/strongest_comparator/runs/xCPD/seed43/ETTm1/h96.json,31e7dc4aa0ae3c6b4188e3f52d0f69233f67238e344ab03535bdde5552cf02a2,43,xCPD
/work/11617/sujato_ts/vista/motion_code-master/physics_modal_v4/enhancements/results/strongest_comparator/checkpoints/xCPD/seed44/ETTm1/h192.pt,4a3640c496e5b7fd,False,ETTm1,strongest_comparator,192,xCPD,physics_modal_v4/enhancements/results/strongest_comparator/runs/xCPD/seed44/ETTm1/h192.json,d86baf5393fce3250c4a1a9426ea90403012f820b6a7accae98e92f493cf743c,44,xCPD
/work/11617/sujato_ts/vista/motion_code-master/physics_modal_v4/enhancements/results/strongest_comparator/checkpoints/xCPD/seed44/ETTm1/h336.pt,6a17fbaa6e358cf9,False,ETTm1,strongest_comparator,336,xCPD,physics_modal_v4/enhancements/results/strongest_comparator/runs/xCPD/seed44/ETTm1/h336.json,e7e63e43678906febd4ca81f78afa6e14a20fc0e4cee949cf25b97834fb6721e,44,xCPD
/work/11617/sujato_ts/vista/motion_code-master/physics_modal_v4/enhancements/results/strongest_comparator/checkpoints/xCPD/seed44/ETTm1/h720.pt,6fa51f55dbc637ab,False,ETTm1,strongest_comparator,720,xCPD,physics_modal_v4/enhancements/results/strongest_comparator/runs/xCPD/seed44/ETTm1/h720.json,795928e7cb09f5fc333c1097f88dde5fdb44274b08dc269f5dfeed7f12c62645,44,xCPD
/work/11617/sujato_ts/vista/motion_code-master/physics_modal_v4/enhancements/results/strongest_comparator/checkpoints/xCPD/seed44/ETTm1/h96.pt,3dcfb9094a17ffdd,False,ETTm1,strongest_comparator,96,xCPD,physics_modal_v4/enhancements/results/strongest_comparator/runs/xCPD/seed44/ETTm1/h96.json,4f4fd3f41977bb1288f6321301b9df0de02e717191140bc02b4afc35efffbaba,44,xCPD
/work/11617/sujato_ts/vista/motion_code-master/physics_modal_v4/enhancements/results/strongest_comparator/checkpoints/xCPD/seed45/ETTm1/h192.pt,01f626bf5ab820e9,False,ETTm1,strongest_comparator,192,xCPD,physics_modal_v4/enhancements/results/strongest_comparator/runs/xCPD/seed45/ETTm1/h192.json,57055845deb220e5cf75d61956f5df84ef693718014a8ccfaacc7a8027f2b912,45,xCPD
/work/11617/sujato_ts/vista/motion_code-master/physics_modal_v4/enhancements/results/strongest_comparator/checkpoints/xCPD/seed45/ETTm1/h336.pt,837eea62c8f29178,False,ETTm1,strongest_comparator,336,xCPD,physics_modal_v4/enhancements/results/strongest_comparator/runs/xCPD/seed45/ETTm1/h336.json,ad80a2375750bf4c32a0b56799c356c324ba938663431ac184ed690f6c9afe3b,45,xCPD
/work/11617/sujato_ts/vista/motion_code-master/physics_modal_v4/enhancements/results/strongest_comparator/checkpoints/xCPD/seed45/ETTm1/h720.pt,8c0ad0a25a2b423d,False,ETTm1,strongest_comparator,720,xCPD,physics_modal_v4/enhancements/results/strongest_comparator/runs/xCPD/seed45/ETTm1/h720.json,72af17a0a2949294809b474a740858750c31a84e4b2f9c6c9e51ff9c1670a757,45,xCPD
/work/11617/sujato_ts/vista/motion_code-master/physics_modal_v4/enhancements/results/strongest_comparator/checkpoints/xCPD/seed45/ETTm1/h96.pt,9394a897ca4dd9f6,False,ETTm1,strongest_comparator,96,xCPD,physics_modal_v4/enhancements/results/strongest_comparator/runs/xCPD/seed45/ETTm1/h96.json,e205d76d024ceab77aafd9f798f4b30eed28e1bcc93192d8036b9d5c25ee5c5e,45,xCPD
/work/11617/sujato_ts/vista/motion_code-master/physics_modal_v4/enhancements/results/strongest_comparator/checkpoints/xCPD/seed46/ETTm1/h192.pt,ac00b3e470b70482,False,ETTm1,strongest_comparator,192,xCPD,physics_modal_v4/enhancements/results/strongest_comparator/runs/xCPD/seed46/ETTm1/h192.json,14b04c0c6b7907baab087a7ce2d49fc5ed49d39928bec74223ce53f763713283,46,xCPD
/work/11617/sujato_ts/vista/motion_code-master/physics_modal_v4/enhancements/results/strongest_comparator/checkpoints/xCPD/seed46/ETTm1/h336.pt,5230bd144ced4cf2,False,ETTm1,strongest_comparator,336,xCPD,physics_modal_v4/enhancements/results/strongest_comparator/runs/xCPD/seed46/ETTm1/h336.json,0597276980127c62a79c90726978db586b3a950e0279a354e324ca4b6e92d632,46,xCPD
/work/11617/sujato_ts/vista/motion_code-master/physics_modal_v4/enhancements/results/strongest_comparator/checkpoints/xCPD/seed46/ETTm1/h720.pt,75b00dab42e0f6a9,False,ETTm1,strongest_comparator,720,xCPD,physics_modal_v4/enhancements/results/strongest_comparator/runs/xCPD/seed46/ETTm1/h720.json,e7f391cd7cf5dfd0feb55b768402b84901a67bc34081a059212812deff1f253c,46,xCPD
/work/11617/sujato_ts/vista/motion_code-master/physics_modal_v4/enhancements/results/strongest_comparator/checkpoints/xCPD/seed46/ETTm1/h96.pt,9bf9a21454aaacb5,False,ETTm1,strongest_comparator,96,xCPD,physics_modal_v4/enhancements/results/strongest_comparator/runs/xCPD/seed46/ETTm1/h96.json,2a85d2ff5bdae99917a5b6a00d51e63692b1711092854086028d345b21e1e1a9,46,xCPD
/work/11617/sujato_ts/vista/motion_code-master/physics_modal_v4/enhancements/results/capacity/checkpoints/no_bank_decoder_matched/seed42/ETTh1/h192.pt,b41b923b2f099301,False,ETTh1,capacity,192,LatentFlow,physics_modal_v4/enhancements/results/capacity/runs/no_bank_decoder_matched/seed42/ETTh1/h192.json,6e3330eb4931b5da2a2009dc1f7f067cbf4493eb84b6101fd81dfe7a04816e96,42,no_bank_decoder_matched
/work/11617/sujato_ts/vista/motion_code-master/physics_modal_v4/enhancements/results/capacity/checkpoints/no_bank_decoder_matched/seed42/ETTh1/h336.pt,e654716cd765c0af,False,ETTh1,capacity,336,LatentFlow,physics_modal_v4/enhancements/results/capacity/runs/no_bank_decoder_matched/seed42/ETTh1/h336.json,94295013eac6861e9d4efb9b930d22ce4dddeb7c8e7be83de99e0be617ee41ae,42,no_bank_decoder_matched
/work/11617/sujato_ts/vista/motion_code-master/physics_modal_v4/enhancements/results/capacity/checkpoints/no_bank_decoder_matched/seed42/ETTh1/h720.pt,2547afc33bd65a58,False,ETTh1,capacity,720,LatentFlow,physics_modal_v4/enhancements/results/capacity/runs/no_bank_decoder_matched/seed42/ETTh1/h720.json,0d525f1597de81017fd3a72ca9c2b4e450c1ec3ae580ac00c0e8d9c7955969be,42,no_bank_decoder_matched
/work/11617/sujato_ts/vista/motion_code-master/physics_modal_v4/enhancements/results/capacity/checkpoints/no_bank_decoder_matched/seed42/ETTh1/h96.pt,fbf708bba91e4c47,False,ETTh1,capacity,96,LatentFlow,physics_modal_v4/enhancements/results/capacity/runs/no_bank_decoder_matched/seed42/ETTh1/h96.json,68e2c22a09f8c9cb94a11962a2f241f19d9d2fd2fe1b220d98e4925050c7acd2,42,no_bank_decoder_matched
/work/11617/sujato_ts/vista/motion_code-master/physics_modal_v4/enhancements/results/capacity/checkpoints/no_bank_decoder_matched/seed42/ETTh2/h192.pt,21942e5c75e69307,False,ETTh2,capacity,192,LatentFlow,physics_modal_v4/enhancements/results/capacity/runs/no_bank_decoder_matched/seed42/ETTh2/h192.json,6aac32df5e4077e8e53f854abedb204df60e0b0e54726b267fcc598f10a6ca37,42,no_bank_decoder_matched
/work/11617/sujato_ts/vista/motion_code-master/physics_modal_v4/enhancements/results/capacity/checkpoints/no_bank_decoder_matched/seed42/ETTh2/h336.pt,7160691d2f69dfa8,False,ETTh2,capacity,336,LatentFlow,physics_modal_v4/enhancements/results/capacity/runs/no_bank_decoder_matched/seed42/ETTh2/h336.json,f5cca520e37e2f2c7c91e55456b15f115479a743316847f3c0c49b37d309db69,42,no_bank_decoder_matched
/work/11617/sujato_ts/vista/motion_code-master/physics_modal_v4/enhancements/results/capacity/checkpoints/no_bank_decoder_matched/seed42/ETTh2/h720.pt,0c6ebb18bbb7260e,False,ETTh2,capacity,720,LatentFlow,physics_modal_v4/enhancements/results/capacity/runs/no_bank_decoder_matched/seed42/ETTh2/h720.json,62055602faf233ce151a35d3bb26e552d7af89be5b22178c6dcb62f447a6752c,42,no_bank_decoder_matched
/work/11617/sujato_ts/vista/motion_code-master/physics_modal_v4/enhancements/results/capacity/checkpoints/no_bank_decoder_matched/seed42/ETTh2/h96.pt,0e2a847874f4135a,False,ETTh2,capacity,96,LatentFlow,physics_modal_v4/enhancements/results/capacity/runs/no_bank_decoder_matched/seed42/ETTh2/h96.json,16d5c624ed0a47313e341dcbb72bc9d9de0e608362db1c48d11a6d496934cdda,42,no_bank_decoder_matched
/work/11617/sujato_ts/vista/motion_code-master/physics_modal_v4/enhancements/results/capacity/checkpoints/no_bank_decoder_matched/seed42/ETTm1/h192.pt,f713afd21d845147,False,ETTm1,capacity,192,LatentFlow,physics_modal_v4/enhancements/results/capacity/runs/no_bank_decoder_matched/seed42/ETTm1/h192.json,05a9a7a8852abff2f972ae04552267f8be8b9f1f2313b28f9b7501dcad65d5d3,42,no_bank_decoder_matched
/work/11617/sujato_ts/vista/motion_code-master/physics_modal_v4/enhancements/results/capacity/checkpoints/no_bank_decoder_matched/seed42/ETTm1/h336.pt,00eeb72e7d6250aa,False,ETTm1,capacity,336,LatentFlow,physics_modal_v4/enhancements/results/capacity/runs/no_bank_decoder_matched/seed42/ETTm1/h336.json,105470414692bc0549e691c894decd4f23a8b07b16db3ea036a55570d027a63c,42,no_bank_decoder_matched
/work/11617/sujato_ts/vista/motion_code-master/physics_modal_v4/enhancements/results/capacity/checkpoints/no_bank_decoder_matched/seed42/ETTm1/h720.pt,5dbcca021ec5c126,False,ETTm1,capacity,720,LatentFlow,physics_modal_v4/enhancements/results/capacity/runs/no_bank_decoder_matched/seed42/ETTm1/h720.json,4856e1fd5b95cd895f9da88af0474faac0c324f06b54bf3fa0e37596c270e688,42,no_bank_decoder_matched
/work/11617/sujato_ts/vista/motion_code-master/physics_modal_v4/enhancements/results/capacity/checkpoints/no_bank_decoder_matched/seed42/ETTm1/h96.pt,5dcef5f7350dda1e,False,ETTm1,capacity,96,LatentFlow,physics_modal_v4/enhancements/results/capacity/runs/no_bank_decoder_matched/seed42/ETTm1/h96.json,03bec8c71fb29ccd7c9395a9cc0f3267fb8f5dc5a10228c96db40abaa8b64d82,42,no_bank_decoder_matched
/work/11617/sujato_ts/vista/motion_code-master/physics_modal_v4/enhancements/results/capacity/checkpoints/no_bank_decoder_matched/seed42/ETTm2/h192.pt,5d384b299d7feb82,False,ETTm2,capacity,192,LatentFlow,physics_modal_v4/enhancements/results/capacity/runs/no_bank_decoder_matched/seed42/ETTm2/h192.json,0046f37293f83e2a105447840d6d77917645f01c8a5891ff24c57c7ff102a7fe,42,no_bank_decoder_matched
/work/11617/sujato_ts/vista/motion_code-master/physics_modal_v4/enhancements/results/capacity/checkpoints/no_bank_decoder_matched/seed42/ETTm2/h336.pt,1942beea7c203d4e,False,ETTm2,capacity,336,LatentFlow,physics_modal_v4/enhancements/results/capacity/runs/no_bank_decoder_matched/seed42/ETTm2/h336.json,8f43ff7807eac702ae32f1ce7eef277b37cced88906aebb79b1e6274f952c5ca,42,no_bank_decoder_matched
/work/11617/sujato_ts/vista/motion_code-master/physics_modal_v4/enhancements/results/capacity/checkpoints/no_bank_decoder_matched/seed42/ETTm2/h720.pt,bb58bac783553381,False,ETTm2,capacity,720,LatentFlow,physics_modal_v4/enhancements/results/capacity/runs/no_bank_decoder_matched/seed42/ETTm2/h720.json,05991b4d17e8a3e3f732fcfd31c0ecc908e9b82801bcb42053f3a87d176ff524,42,no_bank_decoder_matched
/work/11617/sujato_ts/vista/motion_code-master/physics_modal_v4/enhancements/results/capacity/checkpoints/no_bank_decoder_matched/seed42/ETTm2/h96.pt,da9e4c03fc46b7f5,False,ETTm2,capacity,96,LatentFlow,physics_modal_v4/enhancements/results/capacity/runs/no_bank_decoder_matched/seed42/ETTm2/h96.json,83ba9b031b0a0933d287e1562f416ad852f415a50504780b145bcab82fecaa85,42,no_bank_decoder_matched
/work/11617/sujato_ts/vista/motion_code-master/physics_modal_v4/enhancements/results/capacity/checkpoints/no_bank_decoder_matched/seed42/Electricity/h192.pt,a86b9d2ac8fcbede,False,Electricity,capacity,192,LatentFlow,physics_modal_v4/enhancements/results/capacity/runs/no_bank_decoder_matched/seed42/Electricity/h192.json,f0f7409abc1c72011c0b7ab3f1d065c238997a4f64315b6c6d536f263e211a2b,42,no_bank_decoder_matched
/work/11617/sujato_ts/vista/motion_code-master/physics_modal_v4/enhancements/results/capacity/checkpoints/no_bank_decoder_matched/seed42/Electricity/h336.pt,91645adea855111a,False,Electricity,capacity,336,LatentFlow,physics_modal_v4/enhancements/results/capacity/runs/no_bank_decoder_matched/seed42/Electricity/h336.json,f7b67d06cfd4c47906c0e6033c87a1c1302e4e2b0e92675204081beb19b19484,42,no_bank_decoder_matched
/work/11617/sujato_ts/vista/motion_code-master/physics_modal_v4/enhancements/results/capacity/checkpoints/no_bank_decoder_matched/seed42/Electricity/h720.pt,a1dafebcddbe4e0c,False,Electricity,capacity,720,LatentFlow,physics_modal_v4/enhancements/results/capacity/runs/no_bank_decoder_matched/seed42/Electricity/h720.json,4082dc00ca980b88d43c9bc9027c2bcc5b3b9c41e95836394c1206e8725742c6,42,no_bank_decoder_matched
/work/11617/sujato_ts/vista/motion_code-master/physics_modal_v4/enhancements/results/capacity/checkpoints/no_bank_decoder_matched/seed42/Electricity/h96.pt,de27f71042ca5f07,False,Electricity,capacity,96,LatentFlow,physics_modal_v4/enhancements/results/capacity/runs/no_bank_decoder_matched/seed42/Electricity/h96.json,aa5c6c3db9fe73ab00f69ce7936f41c7161711e6dcdec7a98ed3785352976ff4,42,no_bank_decoder_matched
/work/11617/sujato_ts/vista/motion_code-master/physics_modal_v4/enhancements/results/capacity/checkpoints/no_bank_decoder_matched/seed42/Traffic/h192.pt,47e514bb2b9e3fa0,False,Traffic,capacity,192,LatentFlow,physics_modal_v4/enhancements/results/capacity/runs/no_bank_decoder_matched/seed42/Traffic/h192.json,14b68f654db1bb7df04f3e43e7006b392de1f62c72656b5285aae30f1f511d71,42,no_bank_decoder_matched
/work/11617/sujato_ts/vista/motion_code-master/physics_modal_v4/enhancements/results/capacity/checkpoints/no_bank_decoder_matched/seed42/Traffic/h336.pt,79f3e0df9206c1c8,False,Traffic,capacity,336,LatentFlow,physics_modal_v4/enhancements/results/capacity/runs/no_bank_decoder_matched/seed42/Traffic/h336.json,3932ba9ba1d2343444d917af69cce10ebb41975c5676e04af81e5d85a15ee48d,42,no_bank_decoder_matched
/work/11617/sujato_ts/vista/motion_code-master/physics_modal_v4/enhancements/results/capacity/checkpoints/no_bank_decoder_matched/seed42/Traffic/h720.pt,f055e8c0423c240a,False,Traffic,capacity,720,LatentFlow,physics_modal_v4/enhancements/results/capacity/runs/no_bank_decoder_matched/seed42/Traffic/h720.json,d4b0dc9ecf4c000aa4244db9a438eb0d06e57157b16315cc466b44dfb72bd18e,42,no_bank_decoder_matched
/work/11617/sujato_ts/vista/motion_code-master/physics_modal_v4/enhancements/results/capacity/checkpoints/no_bank_decoder_matched/seed42/Traffic/h96.pt,ca448f9c01769509,False,Traffic,capacity,96,LatentFlow,physics_modal_v4/enhancements/results/capacity/runs/no_bank_decoder_matched/seed42/Traffic/h96.json,c252241d0987affae0a7fc4b630cc72d49e958a8e89d550547cbb04c56d7c426,42,no_bank_decoder_matched
/work/11617/sujato_ts/vista/motion_code-master/physics_modal_v4/enhancements/results/capacity/checkpoints/no_bank_decoder_matched/seed42/Weather/h192.pt,21b3255ac64055da,False,Weather,capacity,192,LatentFlow,physics_modal_v4/enhancements/results/capacity/runs/no_bank_decoder_matched/seed42/Weather/h192.json,74ca73b5b34cc44206049f0a6c9d1cbd2c1f5360e197a2243a3a6a9a61e574bd,42,no_bank_decoder_matched
/work/11617/sujato_ts/vista/motion_code-master/physics_modal_v4/enhancements/results/capacity/checkpoints/no_bank_decoder_matched/seed42/Weather/h336.pt,a483b98ef11a6bbc,False,Weather,capacity,336,LatentFlow,physics_modal_v4/enhancements/results/capacity/runs/no_bank_decoder_matched/seed42/Weather/h336.json,7a1cb8f65c4b4bb12ec3896cab89ba7a8a1cdcb837b9c9ebcb43d36b2860d54d,42,no_bank_decoder_matched
/work/11617/sujato_ts/vista/motion_code-master/physics_modal_v4/enhancements/results/capacity/checkpoints/no_bank_decoder_matched/seed42/Weather/h720.pt,ed900e03f09242af,False,Weather,capacity,720,LatentFlow,physics_modal_v4/enhancements/results/capacity/runs/no_bank_decoder_matched/seed42/Weather/h720.json,ee9256cbd03326b15967dcae2349c5680f338260952392bc7048b63a4a541ed9,42,no_bank_decoder_matched
/work/11617/sujato_ts/vista/motion_code-master/physics_modal_v4/enhancements/results/capacity/checkpoints/no_bank_decoder_matched/seed42/Weather/h96.pt,14a365b5938ec0a4,False,Weather,capacity,96,LatentFlow,physics_modal_v4/enhancements/results/capacity/runs/no_bank_decoder_matched/seed42/Weather/h96.json,75354f65bf82b6ab8a2394e8d68b3e85bb1bfa0a179798996b6e1e0d17e2d62e,42,no_bank_decoder_matched
/work/11617/sujato_ts/vista/motion_code-master/physics_modal_v4/enhancements/results/central/checkpoints/no_linear_bank/seed42/ETTh1/h192.pt,b41b923b2f099301,False,ETTh1,capacity,192,LatentFlow,physics_modal_v4/enhancements/results/capacity/runs/no_linear_bank/seed42/ETTh1/h192.json,0b23e840454a8858b731bd1488ae6437186e04da254cf051a78c78e97f45f1bd,42,no_linear_bank
/work/11617/sujato_ts/vista/motion_code-master/physics_modal_v4/enhancements/results/central/checkpoints/no_linear_bank/seed42/ETTh1/h336.pt,e654716cd765c0af,False,ETTh1,capacity,336,LatentFlow,physics_modal_v4/enhancements/results/capacity/runs/no_linear_bank/seed42/ETTh1/h336.json,027fd36cf3e2b90d21c3e80024f0f382a93cfe34c5728de09cfe66122d8b599c,42,no_linear_bank
/work/11617/sujato_ts/vista/motion_code-master/physics_modal_v4/enhancements/results/central/checkpoints/no_linear_bank/seed42/ETTh1/h720.pt,2547afc33bd65a58,False,ETTh1,capacity,720,LatentFlow,physics_modal_v4/enhancements/results/capacity/runs/no_linear_bank/seed42/ETTh1/h720.json,9da0fba561e65ca35b9079c9f1b42c13114a1688595f61c1ad95cb467d279370,42,no_linear_bank
/work/11617/sujato_ts/vista/motion_code-master/physics_modal_v4/enhancements/results/central/checkpoints/no_linear_bank/seed42/ETTh1/h96.pt,fbf708bba91e4c47,False,ETTh1,capacity,96,LatentFlow,physics_modal_v4/enhancements/results/capacity/runs/no_linear_bank/seed42/ETTh1/h96.json,46e355b2436f4bff4592b991893448b8692a7be3f8c7b5ed2282d3dc51da0dcc,42,no_linear_bank
/work/11617/sujato_ts/vista/motion_code-master/physics_modal_v4/enhancements/results/central/checkpoints/no_linear_bank/seed42/ETTh2/h192.pt,21942e5c75e69307,False,ETTh2,capacity,192,LatentFlow,physics_modal_v4/enhancements/results/capacity/runs/no_linear_bank/seed42/ETTh2/h192.json,d78e21186a48dc784dd5c7afb90eb4a552071a412637d30f1f365c9dc1a7f063,42,no_linear_bank
/work/11617/sujato_ts/vista/motion_code-master/physics_modal_v4/enhancements/results/central/checkpoints/no_linear_bank/seed42/ETTh2/h336.pt,7160691d2f69dfa8,False,ETTh2,capacity,336,LatentFlow,physics_modal_v4/enhancements/results/capacity/runs/no_linear_bank/seed42/ETTh2/h336.json,f1567bb04308f0d74729bce81419304356c5861e17e2c3b9939e085c78567b35,42,no_linear_bank
/work/11617/sujato_ts/vista/motion_code-master/physics_modal_v4/enhancements/results/central/checkpoints/no_linear_bank/seed42/ETTh2/h720.pt,0c6ebb18bbb7260e,False,ETTh2,capacity,720,LatentFlow,physics_modal_v4/enhancements/results/capacity/runs/no_linear_bank/seed42/ETTh2/h720.json,f51d2d849120c61aa33be1a36a2511e222913c552464dce7b0d5cc4dde2cfa93,42,no_linear_bank
/work/11617/sujato_ts/vista/motion_code-master/physics_modal_v4/enhancements/results/central/checkpoints/no_linear_bank/seed42/ETTh2/h96.pt,0e2a847874f4135a,False,ETTh2,capacity,96,LatentFlow,physics_modal_v4/enhancements/results/capacity/runs/no_linear_bank/seed42/ETTh2/h96.json,e5b2a3740076c13d340bc97cd94f32dcebd8211eb6b195309087dddd6ce71dd1,42,no_linear_bank
/work/11617/sujato_ts/vista/motion_code-master/physics_modal_v4/enhancements/results/central/checkpoints/no_linear_bank/seed42/ETTm1/h192.pt,f713afd21d845147,False,ETTm1,capacity,192,LatentFlow,physics_modal_v4/enhancements/results/capacity/runs/no_linear_bank/seed42/ETTm1/h192.json,c68f9aeee53caf9b4762808d840d7fb7eea9726ac39e3955dfb57d77aafea8f2,42,no_linear_bank
/work/11617/sujato_ts/vista/motion_code-master/physics_modal_v4/enhancements/results/central/checkpoints/no_linear_bank/seed42/ETTm1/h336.pt,00eeb72e7d6250aa,False,ETTm1,capacity,336,LatentFlow,physics_modal_v4/enhancements/results/capacity/runs/no_linear_bank/seed42/ETTm1/h336.json,907a08698bcb61532c5d589bd2384240e82298c47aaf6de1bcfa9604093a96e3,42,no_linear_bank
/work/11617/sujato_ts/vista/motion_code-master/physics_modal_v4/enhancements/results/central/checkpoints/no_linear_bank/seed42/ETTm1/h720.pt,5dbcca021ec5c126,False,ETTm1,capacity,720,LatentFlow,physics_modal_v4/enhancements/results/capacity/runs/no_linear_bank/seed42/ETTm1/h720.json,347182e18b8b8c87aaa3f873c84d68af4bcab00d8ada86040724871bb36f679b,42,no_linear_bank
/work/11617/sujato_ts/vista/motion_code-master/physics_modal_v4/enhancements/results/central/checkpoints/no_linear_bank/seed42/ETTm1/h96.pt,5dcef5f7350dda1e,False,ETTm1,capacity,96,LatentFlow,physics_modal_v4/enhancements/results/capacity/runs/no_linear_bank/seed42/ETTm1/h96.json,3044f11996e30b52e4b92efc94ddc5ac784b9b9849b1b5a416c453216978cc28,42,no_linear_bank
/work/11617/sujato_ts/vista/motion_code-master/physics_modal_v4/enhancements/results/central/checkpoints/no_linear_bank/seed42/ETTm2/h192.pt,5d384b299d7feb82,False,ETTm2,capacity,192,LatentFlow,physics_modal_v4/enhancements/results/capacity/runs/no_linear_bank/seed42/ETTm2/h192.json,73c82b77d5ae32c9e05ceb94e0362e78eac5bd2799c1f79d7e19490e8f016d47,42,no_linear_bank
/work/11617/sujato_ts/vista/motion_code-master/physics_modal_v4/enhancements/results/central/checkpoints/no_linear_bank/seed42/ETTm2/h336.pt,1942beea7c203d4e,False,ETTm2,capacity,336,LatentFlow,physics_modal_v4/enhancements/results/capacity/runs/no_linear_bank/seed42/ETTm2/h336.json,041beb535f54538474e9de9328f4686a2888f3156bcac64210b9110075b36076,42,no_linear_bank
/work/11617/sujato_ts/vista/motion_code-master/physics_modal_v4/enhancements/results/central/checkpoints/no_linear_bank/seed42/ETTm2/h720.pt,bb58bac783553381,False,ETTm2,capacity,720,LatentFlow,physics_modal_v4/enhancements/results/capacity/runs/no_linear_bank/seed42/ETTm2/h720.json,28c6e11c1789ea43652dc7f70d47ff36dd46b7941cc788db9d199f3bd7b36229,42,no_linear_bank
/work/11617/sujato_ts/vista/motion_code-master/physics_modal_v4/enhancements/results/central/checkpoints/no_linear_bank/seed42/ETTm2/h96.pt,da9e4c03fc46b7f5,False,ETTm2,capacity,96,LatentFlow,physics_modal_v4/enhancements/results/capacity/runs/no_linear_bank/seed42/ETTm2/h96.json,539779ff0a602fba685e7c0dad4246b334ab6a2b9fb48a00c85e657d4e93ad8b,42,no_linear_bank
/work/11617/sujato_ts/vista/motion_code-master/physics_modal_v4/enhancements/results/central/checkpoints/no_linear_bank/seed42/Electricity/h192.pt,a86b9d2ac8fcbede,False,Electricity,capacity,192,LatentFlow,physics_modal_v4/enhancements/results/capacity/runs/no_linear_bank/seed42/Electricity/h192.json,964b18b024ab8d2562ecf3143d8cd747d21b5b61b062f710291afc95eac71af6,42,no_linear_bank
/work/11617/sujato_ts/vista/motion_code-master/physics_modal_v4/enhancements/results/central/checkpoints/no_linear_bank/seed42/Electricity/h336.pt,91645adea855111a,False,Electricity,capacity,336,LatentFlow,physics_modal_v4/enhancements/results/capacity/runs/no_linear_bank/seed42/Electricity/h336.json,b40082548e64d0b4de09d6ff2a270c629e22fbf0e16e1563eedcf7d6688de74a,42,no_linear_bank
/work/11617/sujato_ts/vista/motion_code-master/physics_modal_v4/enhancements/results/central/checkpoints/no_linear_bank/seed42/Electricity/h720.pt,a1dafebcddbe4e0c,False,Electricity,capacity,720,LatentFlow,physics_modal_v4/enhancements/results/capacity/runs/no_linear_bank/seed42/Electricity/h720.json,46f86db919502dc18d7831940906b9899cf44d7bd612ff5a3787c0a61b068dcd,42,no_linear_bank
/work/11617/sujato_ts/vista/motion_code-master/physics_modal_v4/enhancements/results/central/checkpoints/no_linear_bank/seed42/Electricity/h96.pt,de27f71042ca5f07,False,Electricity,capacity,96,LatentFlow,physics_modal_v4/enhancements/results/capacity/runs/no_linear_bank/seed42/Electricity/h96.json,8ef12335f973045e86e068eab8ff3b6a9108882fef84fa51ccbeddaac7442a5d,42,no_linear_bank
/work/11617/sujato_ts/vista/motion_code-master/physics_modal_v4/enhancements/results/central/checkpoints/no_linear_bank/seed42/Traffic/h192.pt,47e514bb2b9e3fa0,False,Traffic,capacity,192,LatentFlow,physics_modal_v4/enhancements/results/capacity/runs/no_linear_bank/seed42/Traffic/h192.json,cb7390b2c280b4dbddf008297caba974ed9c4697b5443cf4eec6dc190684dc45,42,no_linear_bank
/work/11617/sujato_ts/vista/motion_code-master/physics_modal_v4/enhancements/results/central/checkpoints/no_linear_bank/seed42/Traffic/h336.pt,79f3e0df9206c1c8,False,Traffic,capacity,336,LatentFlow,physics_modal_v4/enhancements/results/capacity/runs/no_linear_bank/seed42/Traffic/h336.json,490f99a689bd49680adcddcfdf13a4b1a95c0ea4185b010e5b464eabd0958084,42,no_linear_bank
/work/11617/sujato_ts/vista/motion_code-master/physics_modal_v4/enhancements/results/central/checkpoints/no_linear_bank/seed42/Traffic/h720.pt,f055e8c0423c240a,False,Traffic,capacity,720,LatentFlow,physics_modal_v4/enhancements/results/capacity/runs/no_linear_bank/seed42/Traffic/h720.json,f6946dfca1def370b84b4c64a1b38e5a53fc5a1d4e5d229b4ce258209a7e98d4,42,no_linear_bank
/work/11617/sujato_ts/vista/motion_code-master/physics_modal_v4/enhancements/results/central/checkpoints/no_linear_bank/seed42/Traffic/h96.pt,ca448f9c01769509,False,Traffic,capacity,96,LatentFlow,physics_modal_v4/enhancements/results/capacity/runs/no_linear_bank/seed42/Traffic/h96.json,5524fdb04d0255bdbcbb89a03153e9ace33c4fac00179820bf3b836fdf23dbb9,42,no_linear_bank
/work/11617/sujato_ts/vista/motion_code-master/physics_modal_v4/enhancements/results/central/checkpoints/no_linear_bank/seed42/Weather/h192.pt,21b3255ac64055da,False,Weather,capacity,192,LatentFlow,physics_modal_v4/enhancements/results/capacity/runs/no_linear_bank/seed42/Weather/h192.json,1f8f6bbe2c3bda25c596ffaaf4abc61813ee0b4f06e2b17c9d3e9fd508db25c8,42,no_linear_bank
/work/11617/sujato_ts/vista/motion_code-master/physics_modal_v4/enhancements/results/central/checkpoints/no_linear_bank/seed42/Weather/h336.pt,a483b98ef11a6bbc,False,Weather,capacity,336,LatentFlow,physics_modal_v4/enhancements/results/capacity/runs/no_linear_bank/seed42/Weather/h336.json,e81145bc40d6eee2dc77540dfa1ba35652d699a2046f4c564c0cb60ec9abb9d3,42,no_linear_bank
/work/11617/sujato_ts/vista/motion_code-master/physics_modal_v4/enhancements/results/central/checkpoints/no_linear_bank/seed42/Weather/h720.pt,ed900e03f09242af,False,Weather,capacity,720,LatentFlow,physics_modal_v4/enhancements/results/capacity/runs/no_linear_bank/seed42/Weather/h720.json,5199f2dae4fb2a206bc0c5f026e85851f68240ed5b724fb7c4d689fb77bc33dc,42,no_linear_bank
/work/11617/sujato_ts/vista/motion_code-master/physics_modal_v4/enhancements/results/central/checkpoints/no_linear_bank/seed42/Weather/h96.pt,14a365b5938ec0a4,False,Weather,capacity,96,LatentFlow,physics_modal_v4/enhancements/results/capacity/runs/no_linear_bank/seed42/Weather/h96.json,ca73f1b155b08a4db4bdbd5be315706f56ddda3ba0726ec52724cf0399506e36,42,no_linear_bank
/work/11617/sujato_ts/vista/motion_code-master/physics_modal_v4/enhancements/results/central/checkpoints/no_multiscale/seed42/ETTh1/h192.pt,b41b923b2f099301,False,ETTh1,capacity,192,LatentFlow,physics_modal_v4/enhancements/results/capacity/runs/single_scale_selected/seed42/ETTh1/h192.json,068ddb56f48f2f14f0cf6f14bbb9958cee52eadf316b03c870547abf9c9bc8f7,42,single_scale_selected
/work/11617/sujato_ts/vista/motion_code-master/physics_modal_v4/enhancements/results/central/checkpoints/no_multiscale/seed42/ETTh1/h336.pt,e654716cd765c0af,False,ETTh1,capacity,336,LatentFlow,physics_modal_v4/enhancements/results/capacity/runs/single_scale_selected/seed42/ETTh1/h336.json,437c04a97be83d3cd9c026bcfccd1794f45b9eec35b549d5007853efee51303b,42,single_scale_selected
/work/11617/sujato_ts/vista/motion_code-master/physics_modal_v4/enhancements/results/central/checkpoints/no_multiscale/seed42/ETTh1/h720.pt,2547afc33bd65a58,False,ETTh1,capacity,720,LatentFlow,physics_modal_v4/enhancements/results/capacity/runs/single_scale_selected/seed42/ETTh1/h720.json,2dbff4a4ca292d8afba65861fed1e4455f44036dec381e6c327a00446f641ed0,42,single_scale_selected
/work/11617/sujato_ts/vista/motion_code-master/physics_modal_v4/enhancements/results/central/checkpoints/no_multiscale/seed42/ETTh1/h96.pt,fbf708bba91e4c47,False,ETTh1,capacity,96,LatentFlow,physics_modal_v4/enhancements/results/capacity/runs/single_scale_selected/seed42/ETTh1/h96.json,ae63f8e2244c05c63d62ea89541d9eef37cc8ee1938b700695652993736380f0,42,single_scale_selected
/work/11617/sujato_ts/vista/motion_code-master/physics_modal_v4/enhancements/results/central/checkpoints/no_multiscale/seed42/ETTh2/h192.pt,21942e5c75e69307,False,ETTh2,capacity,192,LatentFlow,physics_modal_v4/enhancements/results/capacity/runs/single_scale_selected/seed42/ETTh2/h192.json,ad81aae097c299b43e33fef155b556a4567a4836398660bb5edbdaaa158d1348,42,single_scale_selected
/work/11617/sujato_ts/vista/motion_code-master/physics_modal_v4/enhancements/results/central/checkpoints/no_multiscale/seed42/ETTh2/h336.pt,7160691d2f69dfa8,False,ETTh2,capacity,336,LatentFlow,physics_modal_v4/enhancements/results/capacity/runs/single_scale_selected/seed42/ETTh2/h336.json,94a3d75e6a489e61d16728e31846f12ef44f23eaf75233b3eb4bcda8f3a66797,42,single_scale_selected
/work/11617/sujato_ts/vista/motion_code-master/physics_modal_v4/enhancements/results/central/checkpoints/no_multiscale/seed42/ETTh2/h720.pt,0c6ebb18bbb7260e,False,ETTh2,capacity,720,LatentFlow,physics_modal_v4/enhancements/results/capacity/runs/single_scale_selected/seed42/ETTh2/h720.json,ec745bfa9ee038122ab2e7c74b6d44a1d47feac6e778b29eb7fd4ddf91a7d011,42,single_scale_selected
/work/11617/sujato_ts/vista/motion_code-master/physics_modal_v4/enhancements/results/central/checkpoints/no_multiscale/seed42/ETTh2/h96.pt,0e2a847874f4135a,False,ETTh2,capacity,96,LatentFlow,physics_modal_v4/enhancements/results/capacity/runs/single_scale_selected/seed42/ETTh2/h96.json,23d6b505d86bfca21dbe1fd925035b90848fd0545a1e39c31a6c37d698fc02fb,42,single_scale_selected
/work/11617/sujato_ts/vista/motion_code-master/physics_modal_v4/enhancements/results/central/checkpoints/no_multiscale/seed42/ETTm1/h192.pt,f713afd21d845147,False,ETTm1,capacity,192,LatentFlow,physics_modal_v4/enhancements/results/capacity/runs/single_scale_selected/seed42/ETTm1/h192.json,02d8eaa1832d5acc969a382e52da4cebc5315db8dc6f587fcdaca6c575496f65,42,single_scale_selected
/work/11617/sujato_ts/vista/motion_code-master/physics_modal_v4/enhancements/results/central/checkpoints/no_multiscale/seed42/ETTm1/h336.pt,00eeb72e7d6250aa,False,ETTm1,capacity,336,LatentFlow,physics_modal_v4/enhancements/results/capacity/runs/single_scale_selected/seed42/ETTm1/h336.json,3599643636a3bec92c7842e750d6fb2d6817bb25e2413cbf56786b36cd9e87d3,42,single_scale_selected
/work/11617/sujato_ts/vista/motion_code-master/physics_modal_v4/enhancements/results/central/checkpoints/no_multiscale/seed42/ETTm1/h720.pt,5dbcca021ec5c126,False,ETTm1,capacity,720,LatentFlow,physics_modal_v4/enhancements/results/capacity/runs/single_scale_selected/seed42/ETTm1/h720.json,58014ebcb0c6edb643ad2745c84a24942b9032f288cfd3ebd1d7998d2f151716,42,single_scale_selected
/work/11617/sujato_ts/vista/motion_code-master/physics_modal_v4/enhancements/results/central/checkpoints/no_multiscale/seed42/ETTm1/h96.pt,5dcef5f7350dda1e,False,ETTm1,capacity,96,LatentFlow,physics_modal_v4/enhancements/results/capacity/runs/single_scale_selected/seed42/ETTm1/h96.json,4a4519faacd95a3291d188ee6713b0abd91ba4651d92dbbd691d4fb928355d08,42,single_scale_selected
/work/11617/sujato_ts/vista/motion_code-master/physics_modal_v4/enhancements/results/central/checkpoints/no_multiscale/seed42/ETTm2/h192.pt,5d384b299d7feb82,False,ETTm2,capacity,192,LatentFlow,physics_modal_v4/enhancements/results/capacity/runs/single_scale_selected/seed42/ETTm2/h192.json,73e4572059c55f8c71778d2f5035e92c3c389f044c85780351222ea413d5256f,42,single_scale_selected
/work/11617/sujato_ts/vista/motion_code-master/physics_modal_v4/enhancements/results/central/checkpoints/no_multiscale/seed42/ETTm2/h336.pt,1942beea7c203d4e,False,ETTm2,capacity,336,LatentFlow,physics_modal_v4/enhancements/results/capacity/runs/single_scale_selected/seed42/ETTm2/h336.json,3124a7034cf2753fa3f9b5bbace11cd75d82cf8703399a6fd2d425a6121096b6,42,single_scale_selected
/work/11617/sujato_ts/vista/motion_code-master/physics_modal_v4/enhancements/results/central/checkpoints/no_multiscale/seed42/ETTm2/h720.pt,bb58bac783553381,False,ETTm2,capacity,720,LatentFlow,physics_modal_v4/enhancements/results/capacity/runs/single_scale_selected/seed42/ETTm2/h720.json,77333c961c2eb93078e921d3a29b81f82b12460a19be8994ea345c606592bdac,42,single_scale_selected
/work/11617/sujato_ts/vista/motion_code-master/physics_modal_v4/enhancements/results/central/checkpoints/no_multiscale/seed42/ETTm2/h96.pt,da9e4c03fc46b7f5,False,ETTm2,capacity,96,LatentFlow,physics_modal_v4/enhancements/results/capacity/runs/single_scale_selected/seed42/ETTm2/h96.json,54dedcfd662f1d03c69134c8f937581be61f38e0ffa9ab572032ef0ccd132c04,42,single_scale_selected
/work/11617/sujato_ts/vista/motion_code-master/physics_modal_v4/enhancements/results/central/checkpoints/no_multiscale/seed42/Electricity/h192.pt,a86b9d2ac8fcbede,False,Electricity,capacity,192,LatentFlow,physics_modal_v4/enhancements/results/capacity/runs/single_scale_selected/seed42/Electricity/h192.json,e3ac427c7f91ecd73c5f79e3a88bac1d385160d8b38449033aeac55de5801091,42,single_scale_selected
/work/11617/sujato_ts/vista/motion_code-master/physics_modal_v4/enhancements/results/central/checkpoints/no_multiscale/seed42/Electricity/h336.pt,91645adea855111a,False,Electricity,capacity,336,LatentFlow,physics_modal_v4/enhancements/results/capacity/runs/single_scale_selected/seed42/Electricity/h336.json,e2dff21937fdec248e5ead12bbef5b2d6f49e429321cd5276b0ee6e80ee3534a,42,single_scale_selected
/work/11617/sujato_ts/vista/motion_code-master/physics_modal_v4/enhancements/results/central/checkpoints/no_multiscale/seed42/Electricity/h720.pt,a1dafebcddbe4e0c,False,Electricity,capacity,720,LatentFlow,physics_modal_v4/enhancements/results/capacity/runs/single_scale_selected/seed42/Electricity/h720.json,0383def2c0265322747561c266808649a4e30367f41d401d2b6fbbe11262609c,42,single_scale_selected
/work/11617/sujato_ts/vista/motion_code-master/physics_modal_v4/enhancements/results/central/checkpoints/no_multiscale/seed42/Electricity/h96.pt,de27f71042ca5f07,False,Electricity,capacity,96,LatentFlow,physics_modal_v4/enhancements/results/capacity/runs/single_scale_selected/seed42/Electricity/h96.json,3dfc6e17cc3ec5345680c19c0e0477d31bf9084e06827e3dcea8592aa070337a,42,single_scale_selected
/work/11617/sujato_ts/vista/motion_code-master/physics_modal_v4/enhancements/results/central/checkpoints/no_multiscale/seed42/Traffic/h192.pt,47e514bb2b9e3fa0,False,Traffic,capacity,192,LatentFlow,physics_modal_v4/enhancements/results/capacity/runs/single_scale_selected/seed42/Traffic/h192.json,e000d1b129fa017508d42909980bc4ab55ac5a4cf993ebd471b4181ac4782d13,42,single_scale_selected
/work/11617/sujato_ts/vista/motion_code-master/physics_modal_v4/enhancements/results/central/checkpoints/no_multiscale/seed42/Traffic/h336.pt,79f3e0df9206c1c8,False,Traffic,capacity,336,LatentFlow,physics_modal_v4/enhancements/results/capacity/runs/single_scale_selected/seed42/Traffic/h336.json,68bd740842f5c432d7d75d43800d3d73009694bd55d71d79d76ae39de3071293,42,single_scale_selected
/work/11617/sujato_ts/vista/motion_code-master/physics_modal_v4/enhancements/results/central/checkpoints/no_multiscale/seed42/Traffic/h720.pt,f055e8c0423c240a,False,Traffic,capacity,720,LatentFlow,physics_modal_v4/enhancements/results/capacity/runs/single_scale_selected/seed42/Traffic/h720.json,6589b66f4edfc9b6282d53c3f2087ce75712105becab1c46d759ece0fe6319bc,42,single_scale_selected
/work/11617/sujato_ts/vista/motion_code-master/physics_modal_v4/enhancements/results/central/checkpoints/no_multiscale/seed42/Traffic/h96.pt,ca448f9c01769509,False,Traffic,capacity,96,LatentFlow,physics_modal_v4/enhancements/results/capacity/runs/single_scale_selected/seed42/Traffic/h96.json,78dd6497c88788f70a184898fdad2806212436131c3bb1067d265b5e85552230,42,single_scale_selected
/work/11617/sujato_ts/vista/motion_code-master/physics_modal_v4/enhancements/results/central/checkpoints/no_multiscale/seed42/Weather/h192.pt,21b3255ac64055da,False,Weather,capacity,192,LatentFlow,physics_modal_v4/enhancements/results/capacity/runs/single_scale_selected/seed42/Weather/h192.json,0aaaf80280b0b35f5664b040fe05661d823779737fb635ed3209d5b1a77d9764,42,single_scale_selected
/work/11617/sujato_ts/vista/motion_code-master/physics_modal_v4/enhancements/results/central/checkpoints/no_multiscale/seed42/Weather/h336.pt,a483b98ef11a6bbc,False,Weather,capacity,336,LatentFlow,physics_modal_v4/enhancements/results/capacity/runs/single_scale_selected/seed42/Weather/h336.json,3cd01b00afea0beff3e84e866aa842aea314ceb75b35c9861796f67caa80888f,42,single_scale_selected
/work/11617/sujato_ts/vista/motion_code-master/physics_modal_v4/enhancements/results/central/checkpoints/no_multiscale/seed42/Weather/h720.pt,ed900e03f09242af,False,Weather,capacity,720,LatentFlow,physics_modal_v4/enhancements/results/capacity/runs/single_scale_selected/seed42/Weather/h720.json,a8d465d11f6eb19fe621f3964955e27df00335bb0c2a11845907da8be6b03ce3,42,single_scale_selected
/work/11617/sujato_ts/vista/motion_code-master/physics_modal_v4/enhancements/results/central/checkpoints/no_multiscale/seed42/Weather/h96.pt,14a365b5938ec0a4,False,Weather,capacity,96,LatentFlow,physics_modal_v4/enhancements/results/capacity/runs/single_scale_selected/seed42/Weather/h96.json,ad36dd8d73d6f3bae139a575ef1ce10750344fb23d60e5af1a46d20e1d923ac1,42,single_scale_selected
/work/11617/sujato_ts/vista/motion_code-master/physics_modal_v4/enhancements/results/capacity/checkpoints/single_scale_width_matched/seed42/ETTh1/h192.pt,b41b923b2f099301,False,ETTh1,capacity,192,LatentFlow,physics_modal_v4/enhancements/results/capacity/runs/single_scale_width_matched/seed42/ETTh1/h192.json,362b63ef83253b3ea590278a0d9a9e13566740c0658aff2c94b71578d3f6731d,42,single_scale_width_matched
/work/11617/sujato_ts/vista/motion_code-master/physics_modal_v4/enhancements/results/capacity/checkpoints/single_scale_width_matched/seed42/ETTh1/h336.pt,e654716cd765c0af,False,ETTh1,capacity,336,LatentFlow,physics_modal_v4/enhancements/results/capacity/runs/single_scale_width_matched/seed42/ETTh1/h336.json,a0c1bcd77df00121beec2a9eb02b50011be97a29cd41948b0ce441b167bf58c1,42,single_scale_width_matched
/work/11617/sujato_ts/vista/motion_code-master/physics_modal_v4/enhancements/results/capacity/checkpoints/single_scale_width_matched/seed42/ETTh1/h720.pt,2547afc33bd65a58,False,ETTh1,capacity,720,LatentFlow,physics_modal_v4/enhancements/results/capacity/runs/single_scale_width_matched/seed42/ETTh1/h720.json,b24bceaf55a05675a42c9cf99960ebd0ff982eda42abbfd57041c4b0b8d0910d,42,single_scale_width_matched
/work/11617/sujato_ts/vista/motion_code-master/physics_modal_v4/enhancements/results/capacity/checkpoints/single_scale_width_matched/seed42/ETTh1/h96.pt,fbf708bba91e4c47,False,ETTh1,capacity,96,LatentFlow,physics_modal_v4/enhancements/results/capacity/runs/single_scale_width_matched/seed42/ETTh1/h96.json,68e710e7ec652ee9eddac7f67336815c6758d325cc1472be4ad8de4b76657bc4,42,single_scale_width_matched
/work/11617/sujato_ts/vista/motion_code-master/physics_modal_v4/enhancements/results/capacity/checkpoints/single_scale_width_matched/seed42/ETTh2/h192.pt,21942e5c75e69307,False,ETTh2,capacity,192,LatentFlow,physics_modal_v4/enhancements/results/capacity/runs/single_scale_width_matched/seed42/ETTh2/h192.json,2cca3d13fa022f6e4b80e31f14882437e34babe519d3d15d414d7189770cdadd,42,single_scale_width_matched
/work/11617/sujato_ts/vista/motion_code-master/physics_modal_v4/enhancements/results/capacity/checkpoints/single_scale_width_matched/seed42/ETTh2/h336.pt,7160691d2f69dfa8,False,ETTh2,capacity,336,LatentFlow,physics_modal_v4/enhancements/results/capacity/runs/single_scale_width_matched/seed42/ETTh2/h336.json,dc579aa9031bead053a353216e8231765ea5ec306c15f84a18debf471c637e4b,42,single_scale_width_matched
/work/11617/sujato_ts/vista/motion_code-master/physics_modal_v4/enhancements/results/capacity/checkpoints/single_scale_width_matched/seed42/ETTh2/h720.pt,0c6ebb18bbb7260e,False,ETTh2,capacity,720,LatentFlow,physics_modal_v4/enhancements/results/capacity/runs/single_scale_width_matched/seed42/ETTh2/h720.json,d7567e032abdf952f3cb94477a82371b48c71bd9b2bd242e289f5f401a2d9bd0,42,single_scale_width_matched
/work/11617/sujato_ts/vista/motion_code-master/physics_modal_v4/enhancements/results/capacity/checkpoints/single_scale_width_matched/seed42/ETTh2/h96.pt,0e2a847874f4135a,False,ETTh2,capacity,96,LatentFlow,physics_modal_v4/enhancements/results/capacity/runs/single_scale_width_matched/seed42/ETTh2/h96.json,b8fe85c956e4cca1229d6e135c40041eaf63faf38129deec8e98da680ba2600d,42,single_scale_width_matched
/work/11617/sujato_ts/vista/motion_code-master/physics_modal_v4/enhancements/results/capacity/checkpoints/single_scale_width_matched/seed42/ETTm1/h192.pt,f713afd21d845147,False,ETTm1,capacity,192,LatentFlow,physics_modal_v4/enhancements/results/capacity/runs/single_scale_width_matched/seed42/ETTm1/h192.json,876f6b5dab79f86c9d279e09b4197619694939efbac9a519e7f1021bd301a5af,42,single_scale_width_matched
/work/11617/sujato_ts/vista/motion_code-master/physics_modal_v4/enhancements/results/capacity/checkpoints/single_scale_width_matched/seed42/ETTm1/h336.pt,00eeb72e7d6250aa,False,ETTm1,capacity,336,LatentFlow,physics_modal_v4/enhancements/results/capacity/runs/single_scale_width_matched/seed42/ETTm1/h336.json,3c1fee58491076403a809f370819083762b288b29ba2710584cee89ed11fe41b,42,single_scale_width_matched
/work/11617/sujato_ts/vista/motion_code-master/physics_modal_v4/enhancements/results/capacity/checkpoints/single_scale_width_matched/seed42/ETTm1/h720.pt,5dbcca021ec5c126,False,ETTm1,capacity,720,LatentFlow,physics_modal_v4/enhancements/results/capacity/runs/single_scale_width_matched/seed42/ETTm1/h720.json,c3851a06d780ca574abfed9bf09a5898dbb07ad9b925cd6e3326b7ba594eb9d0,42,single_scale_width_matched
/work/11617/sujato_ts/vista/motion_code-master/physics_modal_v4/enhancements/results/capacity/checkpoints/single_scale_width_matched/seed42/ETTm1/h96.pt,5dcef5f7350dda1e,False,ETTm1,capacity,96,LatentFlow,physics_modal_v4/enhancements/results/capacity/runs/single_scale_width_matched/seed42/ETTm1/h96.json,37d6aaa0788950cacb17324865bf07cfe764156b747ae134c53e0a6a7dddeb23,42,single_scale_width_matched
/work/11617/sujato_ts/vista/motion_code-master/physics_modal_v4/enhancements/results/capacity/checkpoints/single_scale_width_matched/seed42/ETTm2/h192.pt,5d384b299d7feb82,False,ETTm2,capacity,192,LatentFlow,physics_modal_v4/enhancements/results/capacity/runs/single_scale_width_matched/seed42/ETTm2/h192.json,31d9e60720d97ed4b5b3b6ca9140b20b7ebbe0cf08217395b4f7843e0a6cb2c8,42,single_scale_width_matched
/work/11617/sujato_ts/vista/motion_code-master/physics_modal_v4/enhancements/results/capacity/checkpoints/single_scale_width_matched/seed42/ETTm2/h336.pt,1942beea7c203d4e,False,ETTm2,capacity,336,LatentFlow,physics_modal_v4/enhancements/results/capacity/runs/single_scale_width_matched/seed42/ETTm2/h336.json,59bfdaf24e51bfcf78f42d71711ee79600af3b709a752f003914fdb1b88d41df,42,single_scale_width_matched
/work/11617/sujato_ts/vista/motion_code-master/physics_modal_v4/enhancements/results/capacity/checkpoints/single_scale_width_matched/seed42/ETTm2/h720.pt,bb58bac783553381,False,ETTm2,capacity,720,LatentFlow,physics_modal_v4/enhancements/results/capacity/runs/single_scale_width_matched/seed42/ETTm2/h720.json,24fc6e8ef7bc1db0083ca97b3c95a1fa838f5a61777fbb29fdb9f2379c503a44,42,single_scale_width_matched
/work/11617/sujato_ts/vista/motion_code-master/physics_modal_v4/enhancements/results/capacity/checkpoints/single_scale_width_matched/seed42/ETTm2/h96.pt,da9e4c03fc46b7f5,False,ETTm2,capacity,96,LatentFlow,physics_modal_v4/enhancements/results/capacity/runs/single_scale_width_matched/seed42/ETTm2/h96.json,d2435b236283c9e46172c5a5b281f4b42f68ea3270939bf15a7767f7eaabae13,42,single_scale_width_matched
/work/11617/sujato_ts/vista/motion_code-master/physics_modal_v4/enhancements/results/capacity/checkpoints/single_scale_width_matched/seed42/Electricity/h192.pt,a86b9d2ac8fcbede,False,Electricity,capacity,192,LatentFlow,physics_modal_v4/enhancements/results/capacity/runs/single_scale_width_matched/seed42/Electricity/h192.json,405d2794a10e7b1d5d4399e661cca8055b4211e06b210f97975597b91e8a29cc,42,single_scale_width_matched
/work/11617/sujato_ts/vista/motion_code-master/physics_modal_v4/enhancements/results/capacity/checkpoints/single_scale_width_matched/seed42/Electricity/h336.pt,91645adea855111a,False,Electricity,capacity,336,LatentFlow,physics_modal_v4/enhancements/results/capacity/runs/single_scale_width_matched/seed42/Electricity/h336.json,403bd1b6c560b060bf0d18f2afaf77fbe8db1e00f0a4f220931340fbbaa4de56,42,single_scale_width_matched
/work/11617/sujato_ts/vista/motion_code-master/physics_modal_v4/enhancements/results/capacity/checkpoints/single_scale_width_matched/seed42/Electricity/h720.pt,a1dafebcddbe4e0c,False,Electricity,capacity,720,LatentFlow,physics_modal_v4/enhancements/results/capacity/runs/single_scale_width_matched/seed42/Electricity/h720.json,cc5ea8c244099980a8ad2ec27120da85a01bccc1f80f32251c0cfb061c1ae275,42,single_scale_width_matched
/work/11617/sujato_ts/vista/motion_code-master/physics_modal_v4/enhancements/results/capacity/checkpoints/single_scale_width_matched/seed42/Electricity/h96.pt,de27f71042ca5f07,False,Electricity,capacity,96,LatentFlow,physics_modal_v4/enhancements/results/capacity/runs/single_scale_width_matched/seed42/Electricity/h96.json,95f6534aec6d91b86c88d5cf8fc6f13b5ccc798634cbec2bfcb5db3cce06676d,42,single_scale_width_matched
/work/11617/sujato_ts/vista/motion_code-master/physics_modal_v4/enhancements/results/capacity/checkpoints/single_scale_width_matched/seed42/Traffic/h192.pt,47e514bb2b9e3fa0,False,Traffic,capacity,192,LatentFlow,physics_modal_v4/enhancements/results/capacity/runs/single_scale_width_matched/seed42/Traffic/h192.json,e5654d8ce9484e7cac025ce7b2077aee348ab187821c5bcf4b11a50f1785d74a,42,single_scale_width_matched
/work/11617/sujato_ts/vista/motion_code-master/physics_modal_v4/enhancements/results/capacity/checkpoints/single_scale_width_matched/seed42/Traffic/h336.pt,79f3e0df9206c1c8,False,Traffic,capacity,336,LatentFlow,physics_modal_v4/enhancements/results/capacity/runs/single_scale_width_matched/seed42/Traffic/h336.json,7c94edd5d568bff6e51ca3fa87984506aac62abad6372c3c6a14b43354d3d05d,42,single_scale_width_matched
/work/11617/sujato_ts/vista/motion_code-master/physics_modal_v4/enhancements/results/capacity/checkpoints/single_scale_width_matched/seed42/Traffic/h720.pt,f055e8c0423c240a,False,Traffic,capacity,720,LatentFlow,physics_modal_v4/enhancements/results/capacity/runs/single_scale_width_matched/seed42/Traffic/h720.json,99b92ea1b789570f663cf27ebeff15f2bafffabc9c609587f00bda411fd00e1f,42,single_scale_width_matched
/work/11617/sujato_ts/vista/motion_code-master/physics_modal_v4/enhancements/results/capacity/checkpoints/single_scale_width_matched/seed42/Traffic/h96.pt,ca448f9c01769509,False,Traffic,capacity,96,LatentFlow,physics_modal_v4/enhancements/results/capacity/runs/single_scale_width_matched/seed42/Traffic/h96.json,bfc2e93dc5b43daf1d97b01ec03aaf6a6188a1ba7b6157eb7b616b457b7d063d,42,single_scale_width_matched
/work/11617/sujato_ts/vista/motion_code-master/physics_modal_v4/enhancements/results/capacity/checkpoints/single_scale_width_matched/seed42/Weather/h192.pt,21b3255ac64055da,False,Weather,capacity,192,LatentFlow,physics_modal_v4/enhancements/results/capacity/runs/single_scale_width_matched/seed42/Weather/h192.json,8f7d9964bc0bef851a90347972163f23f29d34e63bc4552c6e68d1aaf83688c3,42,single_scale_width_matched
/work/11617/sujato_ts/vista/motion_code-master/physics_modal_v4/enhancements/results/capacity/checkpoints/single_scale_width_matched/seed42/Weather/h336.pt,a483b98ef11a6bbc,False,Weather,capacity,336,LatentFlow,physics_modal_v4/enhancements/results/capacity/runs/single_scale_width_matched/seed42/Weather/h336.json,0554382f3588d3a63374f77a9364e10cb2de70c013db4e7c38c0afcffdbba359,42,single_scale_width_matched
/work/11617/sujato_ts/vista/motion_code-master/physics_modal_v4/enhancements/results/capacity/checkpoints/single_scale_width_matched/seed42/Weather/h720.pt,ed900e03f09242af,False,Weather,capacity,720,LatentFlow,physics_modal_v4/enhancements/results/capacity/runs/single_scale_width_matched/seed42/Weather/h720.json,a4b13a4b39a1e9854da73bf60d3782498bcad56f00ced522ba0d1de29e9aa601,42,single_scale_width_matched
/work/11617/sujato_ts/vista/motion_code-master/physics_modal_v4/enhancements/results/capacity/checkpoints/single_scale_width_matched/seed42/Weather/h96.pt,14a365b5938ec0a4,False,Weather,capacity,96,LatentFlow,physics_modal_v4/enhancements/results/capacity/runs/single_scale_width_matched/seed42/Weather/h96.json,8053c723019481f36058d4f58763f3037a8182fc96eaab50c7205198f92618a6,42,single_scale_width_matched
/work/11617/sujato_ts/vista/motion_code-master/physics_modal_v4/enhancements/results/full_data/checkpoints/LatentFlow/seed42/ETTh1/h192.pt,0065bc6908ac877c,False,ETTh1,full_data,192,LatentFlow,physics_modal_v4/enhancements/results/full_data/runs/LatentFlow/seed42/ETTh1/h192.json,9a06885c46579dde5238dce47b161730362e396f503928da305ba8d9eec818f9,42,LatentFlow
/work/11617/sujato_ts/vista/motion_code-master/physics_modal_v4/enhancements/results/full_data/checkpoints/LatentFlow/seed42/ETTh1/h336.pt,e3124be189635aea,False,ETTh1,full_data,336,LatentFlow,physics_modal_v4/enhancements/results/full_data/runs/LatentFlow/seed42/ETTh1/h336.json,2035015b0125ea3b70151b36f3f0f709e33cf4cb0b5a532159a55300b8713154,42,LatentFlow
/work/11617/sujato_ts/vista/motion_code-master/physics_modal_v4/enhancements/results/full_data/checkpoints/LatentFlow/seed42/ETTh1/h720.pt,f252b1f0e95870aa,False,ETTh1,full_data,720,LatentFlow,physics_modal_v4/enhancements/results/full_data/runs/LatentFlow/seed42/ETTh1/h720.json,b1c4b507e7abda0cb3d43b368a842125db4a98b6235832ba8ae09d3a9e4896ba,42,LatentFlow
/work/11617/sujato_ts/vista/motion_code-master/physics_modal_v4/enhancements/results/full_data/checkpoints/LatentFlow/seed42/ETTh1/h96.pt,6f68ba1fe3ecbb76,False,ETTh1,full_data,96,LatentFlow,physics_modal_v4/enhancements/results/full_data/runs/LatentFlow/seed42/ETTh1/h96.json,fe846a38b8276da4a6e0840ff0b2b82b7e2c6a19f6a42fc8545925dc2a647a15,42,LatentFlow
/work/11617/sujato_ts/vista/motion_code-master/physics_modal_v4/enhancements/results/full_data/checkpoints/LatentFlow/seed42/ETTh2/h192.pt,140f38d8d39143aa,False,ETTh2,full_data,192,LatentFlow,physics_modal_v4/enhancements/results/full_data/runs/LatentFlow/seed42/ETTh2/h192.json,44f5742b5af8321363e6ae1b4f6b56e32d0bad9c28f474b27a1ecac50cddfded,42,LatentFlow
/work/11617/sujato_ts/vista/motion_code-master/physics_modal_v4/enhancements/results/full_data/checkpoints/LatentFlow/seed42/ETTh2/h336.pt,9574634baedc9d72,False,ETTh2,full_data,336,LatentFlow,physics_modal_v4/enhancements/results/full_data/runs/LatentFlow/seed42/ETTh2/h336.json,2f238433c96f91f0daf8234bfb4bf6589e4c59a69770c28fd288c1b1a9a51aee,42,LatentFlow
/work/11617/sujato_ts/vista/motion_code-master/physics_modal_v4/enhancements/results/full_data/checkpoints/LatentFlow/seed42/ETTh2/h720.pt,f875228f80f2edcc,False,ETTh2,full_data,720,LatentFlow,physics_modal_v4/enhancements/results/full_data/runs/LatentFlow/seed42/ETTh2/h720.json,4b835434c625856bc6c07d1409f3849d9eb37436334c6f5bc648e6376588fab6,42,LatentFlow
/work/11617/sujato_ts/vista/motion_code-master/physics_modal_v4/enhancements/results/full_data/checkpoints/LatentFlow/seed42/ETTh2/h96.pt,bb13b15a742eb2c0,False,ETTh2,full_data,96,LatentFlow,physics_modal_v4/enhancements/results/full_data/runs/LatentFlow/seed42/ETTh2/h96.json,6b49832b9788df7e4577cbe29476bf4343b18600f596b92d9a4655aabca7eaab,42,LatentFlow
/work/11617/sujato_ts/vista/motion_code-master/physics_modal_v4/enhancements/results/full_data/checkpoints/LatentFlow/seed42/ETTm1/h192.pt,0ecd8bf990f139bf,False,ETTm1,full_data,192,LatentFlow,physics_modal_v4/enhancements/results/full_data/runs/LatentFlow/seed42/ETTm1/h192.json,dbaaaa598b7e77ec67286422fcbf318dd31107db36e6e289d23dea1eeb59888e,42,LatentFlow
/work/11617/sujato_ts/vista/motion_code-master/physics_modal_v4/enhancements/results/full_data/checkpoints/LatentFlow/seed42/ETTm1/h336.pt,c7fba869dcef048a,False,ETTm1,full_data,336,LatentFlow,physics_modal_v4/enhancements/results/full_data/runs/LatentFlow/seed42/ETTm1/h336.json,aff31ed3f0870deda608dd86d34acb299e08aa355da07f5aa751a347f832cbe4,42,LatentFlow
/work/11617/sujato_ts/vista/motion_code-master/physics_modal_v4/enhancements/results/full_data/checkpoints/LatentFlow/seed42/ETTm1/h720.pt,222b5b56dfd5d744,False,ETTm1,full_data,720,LatentFlow,physics_modal_v4/enhancements/results/full_data/runs/LatentFlow/seed42/ETTm1/h720.json,d62700f2f4a3c150c497f003e6294b439fba75479dbcc0820ed4af9153dcf2f0,42,LatentFlow
/work/11617/sujato_ts/vista/motion_code-master/physics_modal_v4/enhancements/results/full_data/checkpoints/LatentFlow/seed42/ETTm1/h96.pt,bbe00a7da57d0070,False,ETTm1,full_data,96,LatentFlow,physics_modal_v4/enhancements/results/full_data/runs/LatentFlow/seed42/ETTm1/h96.json,6b6cf663d740d21ec73d6c23fadd33362f5c6a55ae49a7a2835cb9325cd7f43b,42,LatentFlow
/work/11617/sujato_ts/vista/motion_code-master/physics_modal_v4/enhancements/results/full_data/checkpoints/LatentFlow/seed42/ETTm2/h192.pt,0e8eb3008a03a04f,False,ETTm2,full_data,192,LatentFlow,physics_modal_v4/enhancements/results/full_data/runs/LatentFlow/seed42/ETTm2/h192.json,b8ae2d61e4885b21b07bf9a0699bd2d845a2f1578df07f27a60e44fc37974e05,42,LatentFlow
/work/11617/sujato_ts/vista/motion_code-master/physics_modal_v4/enhancements/results/full_data/checkpoints/LatentFlow/seed42/ETTm2/h336.pt,0986c42ea9204318,False,ETTm2,full_data,336,LatentFlow,physics_modal_v4/enhancements/results/full_data/runs/LatentFlow/seed42/ETTm2/h336.json,1a0e6df0fae0c99a838dcb3593ffb8f2c563b5bb9031a19300a3bb38c6066283,42,LatentFlow
/work/11617/sujato_ts/vista/motion_code-master/physics_modal_v4/enhancements/results/full_data/checkpoints/LatentFlow/seed42/ETTm2/h720.pt,a0129e94d72357d8,False,ETTm2,full_data,720,LatentFlow,physics_modal_v4/enhancements/results/full_data/runs/LatentFlow/seed42/ETTm2/h720.json,260e9c08d6475a1b39b2160ab9b16f1a77e115ebc5674d0a824fa40300ecff28,42,LatentFlow
/work/11617/sujato_ts/vista/motion_code-master/physics_modal_v4/enhancements/results/full_data/checkpoints/LatentFlow/seed42/ETTm2/h96.pt,7856a34a6be0caa4,False,ETTm2,full_data,96,LatentFlow,physics_modal_v4/enhancements/results/full_data/runs/LatentFlow/seed42/ETTm2/h96.json,5dc2484adc6e03af231734068f8df253d0c69264bb6843c38076480fa0a933a5,42,LatentFlow
/work/11617/sujato_ts/vista/motion_code-master/physics_modal_v4/enhancements/results/full_data/checkpoints/LatentFlow/seed42/Electricity/h192.pt,0c5e4bfbb5150670,False,Electricity,full_data,192,LatentFlow,physics_modal_v4/enhancements/results/full_data/runs/LatentFlow/seed42/Electricity/h192.json,1b197a0275cc3e602808a969c5d0ae37ec1bd9f2845b9916aa5ab99d24796c8c,42,LatentFlow
/work/11617/sujato_ts/vista/motion_code-master/physics_modal_v4/enhancements/results/full_data/checkpoints/LatentFlow/seed42/Electricity/h336.pt,c150b2d8a3d840da,False,Electricity,full_data,336,LatentFlow,physics_modal_v4/enhancements/results/full_data/runs/LatentFlow/seed42/Electricity/h336.json,6b82efff1a66765a8f7ff0cd8d38d00d642f879bee62830021c278482fd4fd0d,42,LatentFlow
/work/11617/sujato_ts/vista/motion_code-master/physics_modal_v4/enhancements/results/full_data/checkpoints/LatentFlow/seed42/Electricity/h720.pt,9a115a70eb9c5d09,False,Electricity,full_data,720,LatentFlow,physics_modal_v4/enhancements/results/full_data/runs/LatentFlow/seed42/Electricity/h720.json,a103b9b1d0ef2e2e7e865fe375d871422b7d10611be9c20a848c3e5d8f82bd7e,42,LatentFlow
/work/11617/sujato_ts/vista/motion_code-master/physics_modal_v4/enhancements/results/full_data/checkpoints/LatentFlow/seed42/Electricity/h96.pt,677cac4dc5e1329b,False,Electricity,full_data,96,LatentFlow,physics_modal_v4/enhancements/results/full_data/runs/LatentFlow/seed42/Electricity/h96.json,7ce647f03bd2367317f6849f3d408644fd3ab1684cbf72d44996a1799461ad63,42,LatentFlow
/work/11617/sujato_ts/vista/motion_code-master/physics_modal_v4/enhancements/results/full_data/checkpoints/LatentFlow/seed42/Traffic/h192.pt,df65ce3ae5b2624e,False,Traffic,full_data,192,LatentFlow,physics_modal_v4/enhancements/results/full_data/runs/LatentFlow/seed42/Traffic/h192.json,50bc813d27a094126e96389f8118766ba5b8d8cffccdc79fb79303b43a3b2721,42,LatentFlow
/work/11617/sujato_ts/vista/motion_code-master/physics_modal_v4/enhancements/results/full_data/checkpoints/LatentFlow/seed42/Traffic/h336.pt,b8daa40c3c4580fe,False,Traffic,full_data,336,LatentFlow,physics_modal_v4/enhancements/results/full_data/runs/LatentFlow/seed42/Traffic/h336.json,43a24bbcdf5afae06d900179694e5c587b3cc331881684231f5a57d7b4fde8d2,42,LatentFlow
/work/11617/sujato_ts/vista/motion_code-master/physics_modal_v4/enhancements/results/full_data/checkpoints/LatentFlow/seed42/Traffic/h720.pt,04c8f90b55b2f76e,False,Traffic,full_data,720,LatentFlow,physics_modal_v4/enhancements/results/full_data/runs/LatentFlow/seed42/Traffic/h720.json,a68f918c0bf409e2eb274cbb9af709efa658451e40faddbbff7d40886d04a257,42,LatentFlow
/work/11617/sujato_ts/vista/motion_code-master/physics_modal_v4/enhancements/results/full_data/checkpoints/LatentFlow/seed42/Traffic/h96.pt,86775550932262b0,False,Traffic,full_data,96,LatentFlow,physics_modal_v4/enhancements/results/full_data/runs/LatentFlow/seed42/Traffic/h96.json,f56228ec5c855b083cf08633f95e3967978b5a958d34c79e0e4def4193286a90,42,LatentFlow
/work/11617/sujato_ts/vista/motion_code-master/physics_modal_v4/enhancements/results/full_data/checkpoints/LatentFlow/seed42/Weather/h192.pt,a1b2b7498f5ffbf0,False,Weather,full_data,192,LatentFlow,physics_modal_v4/enhancements/results/full_data/runs/LatentFlow/seed42/Weather/h192.json,40beb008ef31dc62974f685b28635e2f7cb48102f5dfc465343a8af6ad04a938,42,LatentFlow
/work/11617/sujato_ts/vista/motion_code-master/physics_modal_v4/enhancements/results/full_data/checkpoints/LatentFlow/seed42/Weather/h336.pt,46e2f0eb3e03496c,False,Weather,full_data,336,LatentFlow,physics_modal_v4/enhancements/results/full_data/runs/LatentFlow/seed42/Weather/h336.json,f2ff6a64b50b5b1757ec82e3094cbc73f4c6b339a419b0e34e80d505d0956291,42,LatentFlow
/work/11617/sujato_ts/vista/motion_code-master/physics_modal_v4/enhancements/results/full_data/checkpoints/LatentFlow/seed42/Weather/h720.pt,23dab069af1a2fdf,False,Weather,full_data,720,LatentFlow,physics_modal_v4/enhancements/results/full_data/runs/LatentFlow/seed42/Weather/h720.json,31946fd9d5b75a45b6981b34a0d681e4aa1d332ff658c80d8068922d94fb8331,42,LatentFlow
/work/11617/sujato_ts/vista/motion_code-master/physics_modal_v4/enhancements/results/full_data/checkpoints/LatentFlow/seed42/Weather/h96.pt,d069778d8303cb9c,False,Weather,full_data,96,LatentFlow,physics_modal_v4/enhancements/results/full_data/runs/LatentFlow/seed42/Weather/h96.json,149472271b83e731791554fc52b4ea94ccf364b95ac80a1e94973190856bdf89,42,LatentFlow
/work/11617/sujato_ts/vista/motion_code-master/physics_modal_v4/enhancements/results/full_data/checkpoints/TimePro/seed42/ETTh1/h192.pt,0065bc6908ac877c,False,ETTh1,full_data,192,TimePro,physics_modal_v4/enhancements/results/full_data/runs/TimePro/seed42/ETTh1/h192.json,6a691b8ef2f4f9a08d60dfcf4989f8cd701556cbff9e4172cf89e94963212058,42,TimePro
/work/11617/sujato_ts/vista/motion_code-master/physics_modal_v4/enhancements/results/full_data/checkpoints/TimePro/seed42/ETTh1/h336.pt,e3124be189635aea,False,ETTh1,full_data,336,TimePro,physics_modal_v4/enhancements/results/full_data/runs/TimePro/seed42/ETTh1/h336.json,3fe4cdf745f5f8d2e2467b8336d6df7729921cd3087fffd232468262277983c3,42,TimePro
/work/11617/sujato_ts/vista/motion_code-master/physics_modal_v4/enhancements/results/full_data/checkpoints/TimePro/seed42/ETTh1/h720.pt,f252b1f0e95870aa,False,ETTh1,full_data,720,TimePro,physics_modal_v4/enhancements/results/full_data/runs/TimePro/seed42/ETTh1/h720.json,40ea8ee163b913b609857b8a2610987ca80a101dbb93d561e27b564ca40e2f15,42,TimePro
/work/11617/sujato_ts/vista/motion_code-master/physics_modal_v4/enhancements/results/full_data/checkpoints/TimePro/seed42/ETTh1/h96.pt,6f68ba1fe3ecbb76,False,ETTh1,full_data,96,TimePro,physics_modal_v4/enhancements/results/full_data/runs/TimePro/seed42/ETTh1/h96.json,88c2c2fbf9b91c8098cbd0f1e70274fa1dae90be5cf6a6930d43e3f2a1f3b9b3,42,TimePro
/work/11617/sujato_ts/vista/motion_code-master/physics_modal_v4/enhancements/results/full_data/checkpoints/TimePro/seed42/ETTh2/h192.pt,140f38d8d39143aa,False,ETTh2,full_data,192,TimePro,physics_modal_v4/enhancements/results/full_data/runs/TimePro/seed42/ETTh2/h192.json,13894a17f672cd37a2a677d54564131fa2051ee8464a192e1f3641843d75bc2f,42,TimePro
/work/11617/sujato_ts/vista/motion_code-master/physics_modal_v4/enhancements/results/full_data/checkpoints/TimePro/seed42/ETTh2/h336.pt,9574634baedc9d72,False,ETTh2,full_data,336,TimePro,physics_modal_v4/enhancements/results/full_data/runs/TimePro/seed42/ETTh2/h336.json,dd53117a2f5ff8e493bc78d350ce655c082d4d406e000d0e6af9272d93a58f3a,42,TimePro
/work/11617/sujato_ts/vista/motion_code-master/physics_modal_v4/enhancements/results/full_data/checkpoints/TimePro/seed42/ETTh2/h720.pt,f875228f80f2edcc,False,ETTh2,full_data,720,TimePro,physics_modal_v4/enhancements/results/full_data/runs/TimePro/seed42/ETTh2/h720.json,3ab284803d2e845befc5655398393e2bed8172eb8c3d7231b3b99d1df6542347,42,TimePro
/work/11617/sujato_ts/vista/motion_code-master/physics_modal_v4/enhancements/results/full_data/checkpoints/TimePro/seed42/ETTh2/h96.pt,bb13b15a742eb2c0,False,ETTh2,full_data,96,TimePro,physics_modal_v4/enhancements/results/full_data/runs/TimePro/seed42/ETTh2/h96.json,a9c5cca1c233ef628a25c9504e69df380708f580240dd1433e754460cb6aedb2,42,TimePro
/work/11617/sujato_ts/vista/motion_code-master/physics_modal_v4/enhancements/results/full_data/checkpoints/TimePro/seed42/ETTm1/h192.pt,0ecd8bf990f139bf,False,ETTm1,full_data,192,TimePro,physics_modal_v4/enhancements/results/full_data/runs/TimePro/seed42/ETTm1/h192.json,a7e30b909793f8faff48fa21038cf934a5e0eaeb4834f4a4f39a5fb43c3db778,42,TimePro
/work/11617/sujato_ts/vista/motion_code-master/physics_modal_v4/enhancements/results/full_data/checkpoints/TimePro/seed42/ETTm1/h336.pt,c7fba869dcef048a,False,ETTm1,full_data,336,TimePro,physics_modal_v4/enhancements/results/full_data/runs/TimePro/seed42/ETTm1/h336.json,0253bc043c8c5624e41afa6913c8f6f8bf5034d4ce460e99214d9feb35a06988,42,TimePro
/work/11617/sujato_ts/vista/motion_code-master/physics_modal_v4/enhancements/results/full_data/checkpoints/TimePro/seed42/ETTm1/h720.pt,222b5b56dfd5d744,False,ETTm1,full_data,720,TimePro,physics_modal_v4/enhancements/results/full_data/runs/TimePro/seed42/ETTm1/h720.json,bbba32d79da1a5f7f1eaedff95a141f97c6767483635c0759b4359e62f65a2e3,42,TimePro
/work/11617/sujato_ts/vista/motion_code-master/physics_modal_v4/enhancements/results/full_data/checkpoints/TimePro/seed42/ETTm1/h96.pt,bbe00a7da57d0070,False,ETTm1,full_data,96,TimePro,physics_modal_v4/enhancements/results/full_data/runs/TimePro/seed42/ETTm1/h96.json,e4492a35d50bf23e0d35de4fc41110c4bfa43fe0dc1f8b9ecd4aa17e300580f2,42,TimePro
/work/11617/sujato_ts/vista/motion_code-master/physics_modal_v4/enhancements/results/full_data/checkpoints/TimePro/seed42/ETTm2/h192.pt,0e8eb3008a03a04f,False,ETTm2,full_data,192,TimePro,physics_modal_v4/enhancements/results/full_data/runs/TimePro/seed42/ETTm2/h192.json,1210e50e53762bd238846f397f73654b349d44505d64fbd0fa398f83d1305bf3,42,TimePro
/work/11617/sujato_ts/vista/motion_code-master/physics_modal_v4/enhancements/results/full_data/checkpoints/TimePro/seed42/ETTm2/h336.pt,0986c42ea9204318,False,ETTm2,full_data,336,TimePro,physics_modal_v4/enhancements/results/full_data/runs/TimePro/seed42/ETTm2/h336.json,93d5a22482da54d2f906e5c2beba06f7d5820a3b02a9141752d545906b3e3b65,42,TimePro
/work/11617/sujato_ts/vista/motion_code-master/physics_modal_v4/enhancements/results/full_data/checkpoints/TimePro/seed42/ETTm2/h720.pt,a0129e94d72357d8,False,ETTm2,full_data,720,TimePro,physics_modal_v4/enhancements/results/full_data/runs/TimePro/seed42/ETTm2/h720.json,8378a90ea39670542983cfa53e9e2847b14a8f74f1e27d576be99f56806507fc,42,TimePro
/work/11617/sujato_ts/vista/motion_code-master/physics_modal_v4/enhancements/results/full_data/checkpoints/TimePro/seed42/ETTm2/h96.pt,7856a34a6be0caa4,False,ETTm2,full_data,96,TimePro,physics_modal_v4/enhancements/results/full_data/runs/TimePro/seed42/ETTm2/h96.json,d46200bef17c850e60aebb44be4fcba3666c5624a2cd605c8f8f3576b7b07b6c,42,TimePro
/work/11617/sujato_ts/vista/motion_code-master/physics_modal_v4/enhancements/results/full_data/checkpoints/TimePro/seed42/Electricity/h192.pt,0c5e4bfbb5150670,False,Electricity,full_data,192,TimePro,physics_modal_v4/enhancements/results/full_data/runs/TimePro/seed42/Electricity/h192.json,3447adf351483bb67fb739aa4cb9b73ced061e5b52047732120a363f30c22c6e,42,TimePro
/work/11617/sujato_ts/vista/motion_code-master/physics_modal_v4/enhancements/results/full_data/checkpoints/TimePro/seed42/Electricity/h336.pt,c150b2d8a3d840da,False,Electricity,full_data,336,TimePro,physics_modal_v4/enhancements/results/full_data/runs/TimePro/seed42/Electricity/h336.json,658519f416433955cd1caa33596dd459c9d99c19a1f0e27acafb47c75a04c502,42,TimePro
/work/11617/sujato_ts/vista/motion_code-master/physics_modal_v4/enhancements/results/full_data/checkpoints/TimePro/seed42/Electricity/h720.pt,9a115a70eb9c5d09,False,Electricity,full_data,720,TimePro,physics_modal_v4/enhancements/results/full_data/runs/TimePro/seed42/Electricity/h720.json,d683ae84632fc2543963b512d247dfde263d2a53b043088fa5be005e8ca93f97,42,TimePro
/work/11617/sujato_ts/vista/motion_code-master/physics_modal_v4/enhancements/results/full_data/checkpoints/TimePro/seed42/Electricity/h96.pt,677cac4dc5e1329b,False,Electricity,full_data,96,TimePro,physics_modal_v4/enhancements/results/full_data/runs/TimePro/seed42/Electricity/h96.json,842e453eb9c9cf0f73c7f280d54959cc34c9176bb1efa0263776a439d4a09619,42,TimePro
/work/11617/sujato_ts/vista/motion_code-master/physics_modal_v4/enhancements/results/full_data/checkpoints/TimePro/seed42/Traffic/h192.pt,df65ce3ae5b2624e,False,Traffic,full_data,192,TimePro,physics_modal_v4/enhancements/results/full_data/runs/TimePro/seed42/Traffic/h192.json,9dfc6acdbcf513857ebf59640b5f6c714cac6dbca02b0dbd881d9af3a15d4ee7,42,TimePro
/work/11617/sujato_ts/vista/motion_code-master/physics_modal_v4/enhancements/results/full_data/checkpoints/TimePro/seed42/Traffic/h336.pt,b8daa40c3c4580fe,False,Traffic,full_data,336,TimePro,physics_modal_v4/enhancements/results/full_data/runs/TimePro/seed42/Traffic/h336.json,f7babcc43637f3f7369d6afbdb871f8aff6806dd3485fed29228e4972ec6585f,42,TimePro
/work/11617/sujato_ts/vista/motion_code-master/physics_modal_v4/enhancements/results/full_data/checkpoints/TimePro/seed42/Traffic/h720.pt,04c8f90b55b2f76e,False,Traffic,full_data,720,TimePro,physics_modal_v4/enhancements/results/full_data/runs/TimePro/seed42/Traffic/h720.json,d53eafc4533678a704587c1fb7c27d5c97dc0095cf25b72d63cbc620ff1cccb1,42,TimePro
/work/11617/sujato_ts/vista/motion_code-master/physics_modal_v4/enhancements/results/full_data/checkpoints/TimePro/seed42/Traffic/h96.pt,86775550932262b0,False,Traffic,full_data,96,TimePro,physics_modal_v4/enhancements/results/full_data/runs/TimePro/seed42/Traffic/h96.json,b33252a4370a7b78e6b3227c24a7ad174548c040950ae2b80e0d7040570b57a6,42,TimePro
/work/11617/sujato_ts/vista/motion_code-master/physics_modal_v4/enhancements/results/full_data/checkpoints/TimePro/seed42/Weather/h192.pt,a1b2b7498f5ffbf0,False,Weather,full_data,192,TimePro,physics_modal_v4/enhancements/results/full_data/runs/TimePro/seed42/Weather/h192.json,9b09b00118d51e9d6a700e0fdcd07c3a31e5d4e48635a9253fff9ad219978129,42,TimePro
/work/11617/sujato_ts/vista/motion_code-master/physics_modal_v4/enhancements/results/full_data/checkpoints/TimePro/seed42/Weather/h336.pt,46e2f0eb3e03496c,False,Weather,full_data,336,TimePro,physics_modal_v4/enhancements/results/full_data/runs/TimePro/seed42/Weather/h336.json,1bc5e02fa69deadf2528f673ef1cb64a2181bb11b8eb30036354ad4c779d5706,42,TimePro
/work/11617/sujato_ts/vista/motion_code-master/physics_modal_v4/enhancements/results/full_data/checkpoints/TimePro/seed42/Weather/h720.pt,23dab069af1a2fdf,False,Weather,full_data,720,TimePro,physics_modal_v4/enhancements/results/full_data/runs/TimePro/seed42/Weather/h720.json,bdf1a4218c8e928f1e88d1da0444288cbd11cd729f32c90350516339afa4525f,42,TimePro
/work/11617/sujato_ts/vista/motion_code-master/physics_modal_v4/enhancements/results/full_data/checkpoints/TimePro/seed42/Weather/h96.pt,d069778d8303cb9c,False,Weather,full_data,96,TimePro,physics_modal_v4/enhancements/results/full_data/runs/TimePro/seed42/Weather/h96.json,842cd981eb5ea5080ab4ee092baed2d07b0aac0ecff81b0bbb3240839e52dcb8,42,TimePro
/work/11617/sujato_ts/vista/motion_code-master/physics_modal_v4/enhancements/results/data_budget/checkpoints/train_0128/seed42/ETTh1/h96.pt,50155098258d9fdd,False,ETTh1,data_budget,96,LatentFlow,physics_modal_v4/enhancements/results/data_budget/runs/train_0128/seed42/ETTh1/h96.json,6265f132e35f4ca4b76cf6c380d8a4fa18aad8cb40c1d05c3abee8b86a8e01eb,42,train_0128
/work/11617/sujato_ts/vista/motion_code-master/physics_modal_v4/enhancements/results/data_budget/checkpoints/train_0128/seed42/ETTh1/h192.pt,3ff86afa3e612c78,False,ETTh1,data_budget,192,LatentFlow,physics_modal_v4/enhancements/results/data_budget/runs/train_0128/seed42/ETTh1/h192.json,b7865d495a534c82c23c5adf305c2b0b09cb82e48444009de745b729e781f578,42,train_0128
/work/11617/sujato_ts/vista/motion_code-master/physics_modal_v4/enhancements/results/data_budget/checkpoints/train_0128/seed42/ETTh1/h336.pt,cb13bc9d26a48422,False,ETTh1,data_budget,336,LatentFlow,physics_modal_v4/enhancements/results/data_budget/runs/train_0128/seed42/ETTh1/h336.json,cd8c48f8a1f1f13b63b13bf89de3121d00f7592ee7f0617aab45c7177c43aec7,42,train_0128
/work/11617/sujato_ts/vista/motion_code-master/physics_modal_v4/enhancements/results/data_budget/checkpoints/train_0128/seed42/ETTh1/h720.pt,a0ec13feb840f929,False,ETTh1,data_budget,720,LatentFlow,physics_modal_v4/enhancements/results/data_budget/runs/train_0128/seed42/ETTh1/h720.json,00a06023efec6917cb1573fffc3dcb9e6854726501978932dcf61c424ee88fc7,42,train_0128
/work/11617/sujato_ts/vista/motion_code-master/physics_modal_v4/enhancements/results/data_budget/checkpoints/train_0128/seed42/ETTh2/h96.pt,39d56a2d293ecc8c,False,ETTh2,data_budget,96,LatentFlow,physics_modal_v4/enhancements/results/data_budget/runs/train_0128/seed42/ETTh2/h96.json,833ba6d1f63bdee18390e7b17302d2b80f99eab3509f01b32847212f9c2ad5b0,42,train_0128
/work/11617/sujato_ts/vista/motion_code-master/physics_modal_v4/enhancements/results/data_budget/checkpoints/train_0128/seed42/ETTh2/h192.pt,a001299c4e7eaae0,False,ETTh2,data_budget,192,LatentFlow,physics_modal_v4/enhancements/results/data_budget/runs/train_0128/seed42/ETTh2/h192.json,0b23b3bd842c0d40774b3e8c9fd5bb8466f78b0841e2e7894e5f8a90a1b07d0e,42,train_0128
/work/11617/sujato_ts/vista/motion_code-master/physics_modal_v4/enhancements/results/data_budget/checkpoints/train_0128/seed42/ETTh2/h336.pt,2e17405b2462c5d7,False,ETTh2,data_budget,336,LatentFlow,physics_modal_v4/enhancements/results/data_budget/runs/train_0128/seed42/ETTh2/h336.json,27aab7982e1f1334fa370c3ec925b1b3395d7b6d2c0a0530b0d974a383729987,42,train_0128
/work/11617/sujato_ts/vista/motion_code-master/physics_modal_v4/enhancements/results/data_budget/checkpoints/train_0128/seed42/ETTh2/h720.pt,e0e837d06fbe27d0,False,ETTh2,data_budget,720,LatentFlow,physics_modal_v4/enhancements/results/data_budget/runs/train_0128/seed42/ETTh2/h720.json,f7050c6e5a017c9395bca4fddeae820d3f29c93d98b925d286aa29bd172f2690,42,train_0128
/work/11617/sujato_ts/vista/motion_code-master/physics_modal_v4/enhancements/results/data_budget/checkpoints/train_0128/seed42/ETTm1/h96.pt,04ce57ad99605548,False,ETTm1,data_budget,96,LatentFlow,physics_modal_v4/enhancements/results/data_budget/runs/train_0128/seed42/ETTm1/h96.json,077e92f8691a001d4847e96b55ac3e221c053169a02a56d18c2bb70cc319d047,42,train_0128
/work/11617/sujato_ts/vista/motion_code-master/physics_modal_v4/enhancements/results/data_budget/checkpoints/train_0128/seed42/ETTm1/h192.pt,a02032f6c2fa2ba4,False,ETTm1,data_budget,192,LatentFlow,physics_modal_v4/enhancements/results/data_budget/runs/train_0128/seed42/ETTm1/h192.json,929da0e8f2e2f30a7cc2fed5a5d009887fb38ea5584a005f48e61ff477e62b55,42,train_0128
/work/11617/sujato_ts/vista/motion_code-master/physics_modal_v4/enhancements/results/data_budget/checkpoints/train_0128/seed42/ETTm1/h336.pt,0668c3c91a7e7adb,False,ETTm1,data_budget,336,LatentFlow,physics_modal_v4/enhancements/results/data_budget/runs/train_0128/seed42/ETTm1/h336.json,edfacd417bbe1301fd862ea31c5e8889647da286b9d9c1237e7cae463ab280bf,42,train_0128
/work/11617/sujato_ts/vista/motion_code-master/physics_modal_v4/enhancements/results/data_budget/checkpoints/train_0128/seed42/ETTm1/h720.pt,fe0e309309c2370f,False,ETTm1,data_budget,720,LatentFlow,physics_modal_v4/enhancements/results/data_budget/runs/train_0128/seed42/ETTm1/h720.json,15f0d48a5ad6f3a3fe9cd8597d55e06403de72658c287984658471c9dcf08296,42,train_0128
/work/11617/sujato_ts/vista/motion_code-master/physics_modal_v4/enhancements/results/data_budget/checkpoints/train_0128/seed42/ETTm2/h96.pt,dd687d1b812c1fa9,False,ETTm2,data_budget,96,LatentFlow,physics_modal_v4/enhancements/results/data_budget/runs/train_0128/seed42/ETTm2/h96.json,7bcc8ea08d5d43283e7cc01c0aea70aa3851320947739e428135f676306a7316,42,train_0128
/work/11617/sujato_ts/vista/motion_code-master/physics_modal_v4/enhancements/results/data_budget/checkpoints/train_0128/seed42/ETTm2/h192.pt,5739938c9cd86533,False,ETTm2,data_budget,192,LatentFlow,physics_modal_v4/enhancements/results/data_budget/runs/train_0128/seed42/ETTm2/h192.json,ca9c36fdd06a08390d6e82d9cb20bc415ab14f1974e123108328d4e943225748,42,train_0128
/work/11617/sujato_ts/vista/motion_code-master/physics_modal_v4/enhancements/results/data_budget/checkpoints/train_0128/seed42/ETTm2/h336.pt,26c930bd7f6f0e2c,False,ETTm2,data_budget,336,LatentFlow,physics_modal_v4/enhancements/results/data_budget/runs/train_0128/seed42/ETTm2/h336.json,758eed5ccbde5628af4f51c58612a0dd5fd1ffec5cc1a5eebf83fff4fac6527f,42,train_0128
/work/11617/sujato_ts/vista/motion_code-master/physics_modal_v4/enhancements/results/data_budget/checkpoints/train_0128/seed42/ETTm2/h720.pt,8a3d5fec0954d181,False,ETTm2,data_budget,720,LatentFlow,physics_modal_v4/enhancements/results/data_budget/runs/train_0128/seed42/ETTm2/h720.json,f1fc2b97b861833e8bca38380c69612aa2ee2e9048e25846a389eeb9ad71312a,42,train_0128
/work/11617/sujato_ts/vista/motion_code-master/physics_modal_v4/enhancements/results/data_budget/checkpoints/train_0128/seed42/Weather/h96.pt,4a6bc224f8045127,False,Weather,data_budget,96,LatentFlow,physics_modal_v4/enhancements/results/data_budget/runs/train_0128/seed42/Weather/h96.json,252a27b13bda362df3f6695ecae04bfe114196a36c046edec03da2278a83c669,42,train_0128
/work/11617/sujato_ts/vista/motion_code-master/physics_modal_v4/enhancements/results/data_budget/checkpoints/train_0128/seed42/Weather/h192.pt,8919e675defb7c19,False,Weather,data_budget,192,LatentFlow,physics_modal_v4/enhancements/results/data_budget/runs/train_0128/seed42/Weather/h192.json,609fd4bf3d1eb406e53b7a2f6eb968a6988cb257aa73e3681061fb3832f53d23,42,train_0128
/work/11617/sujato_ts/vista/motion_code-master/physics_modal_v4/enhancements/results/data_budget/checkpoints/train_0128/seed42/Weather/h336.pt,def857bb4cbd8269,False,Weather,data_budget,336,LatentFlow,physics_modal_v4/enhancements/results/data_budget/runs/train_0128/seed42/Weather/h336.json,1aa5d3a9fb6dc83991ae6c187ae4dfbd759ef5851337855bdd1ba46b68f7b791,42,train_0128
/work/11617/sujato_ts/vista/motion_code-master/physics_modal_v4/enhancements/results/data_budget/checkpoints/train_0128/seed42/Weather/h720.pt,73a92230ef25e498,False,Weather,data_budget,720,LatentFlow,physics_modal_v4/enhancements/results/data_budget/runs/train_0128/seed42/Weather/h720.json,3fc1619d422c373f80d9399d4e040a8efd095c256d4366b8241285cd80c1e698,42,train_0128
/work/11617/sujato_ts/vista/motion_code-master/physics_modal_v4/enhancements/results/data_budget/checkpoints/train_0128/seed42/Electricity/h96.pt,9ef8829412260e13,False,Electricity,data_budget,96,LatentFlow,physics_modal_v4/enhancements/results/data_budget/runs/train_0128/seed42/Electricity/h96.json,624f14b3d7fdbcc967d2bab272bf407dbce5608ddc7b459dc4a81bee539559a8,42,train_0128
/work/11617/sujato_ts/vista/motion_code-master/physics_modal_v4/enhancements/results/data_budget/checkpoints/train_0128/seed42/Electricity/h192.pt,11faf50ec918e5e7,False,Electricity,data_budget,192,LatentFlow,physics_modal_v4/enhancements/results/data_budget/runs/train_0128/seed42/Electricity/h192.json,ac22f85dfaadb256c8dcbf12a2c66ae404db881a1a52b86282448c4d820b8c00,42,train_0128
/work/11617/sujato_ts/vista/motion_code-master/physics_modal_v4/enhancements/results/data_budget/checkpoints/train_0128/seed42/Electricity/h336.pt,dd2a0932652afd05,False,Electricity,data_budget,336,LatentFlow,physics_modal_v4/enhancements/results/data_budget/runs/train_0128/seed42/Electricity/h336.json,391788c4299d22b9700156119273b04061e53c86c43f200e10ec457e282769be,42,train_0128
/work/11617/sujato_ts/vista/motion_code-master/physics_modal_v4/enhancements/results/data_budget/checkpoints/train_0128/seed42/Electricity/h720.pt,8fc2897d55c7e04f,False,Electricity,data_budget,720,LatentFlow,physics_modal_v4/enhancements/results/data_budget/runs/train_0128/seed42/Electricity/h720.json,2cff44cecbc3a0f7db1a1ce4c7d5b9bb1e0cae0415dd6b324be799a33b58b01f,42,train_0128
/work/11617/sujato_ts/vista/motion_code-master/physics_modal_v4/enhancements/results/data_budget/checkpoints/train_0128/seed42/Traffic/h96.pt,37629f16cf3d5c2f,False,Traffic,data_budget,96,LatentFlow,physics_modal_v4/enhancements/results/data_budget/runs/train_0128/seed42/Traffic/h96.json,ae8ec9da18b1e22acdcff50e41fdc132c1fc05038e35207e8cb192d70c7da3f6,42,train_0128
/work/11617/sujato_ts/vista/motion_code-master/physics_modal_v4/enhancements/results/data_budget/checkpoints/train_0128/seed42/Traffic/h192.pt,589e45fd8e7e6afc,False,Traffic,data_budget,192,LatentFlow,physics_modal_v4/enhancements/results/data_budget/runs/train_0128/seed42/Traffic/h192.json,39a8a840821c4f85cd212c7a92f3affa06c5545e69cd98014ce2c50d9b65b44f,42,train_0128
/work/11617/sujato_ts/vista/motion_code-master/physics_modal_v4/enhancements/results/data_budget/checkpoints/train_0128/seed42/Traffic/h336.pt,9647345673b97059,False,Traffic,data_budget,336,LatentFlow,physics_modal_v4/enhancements/results/data_budget/runs/train_0128/seed42/Traffic/h336.json,8158ad68f8ca9fa76120b8c428465e567b49a8e8531620199f0ea311ef109801,42,train_0128
/work/11617/sujato_ts/vista/motion_code-master/physics_modal_v4/enhancements/results/data_budget/checkpoints/train_0128/seed42/Traffic/h720.pt,32a9413e28f1f3cd,False,Traffic,data_budget,720,LatentFlow,physics_modal_v4/enhancements/results/data_budget/runs/train_0128/seed42/Traffic/h720.json,6777817faed9131a9d850fe081fd024cbf99ca313860e18bf73ce9e319e9b220,42,train_0128
/work/11617/sujato_ts/vista/motion_code-master/physics_modal_v4/enhancements/results/data_budget/checkpoints/train_0512/seed42/ETTh1/h96.pt,4177c73fd6f996f9,False,ETTh1,data_budget,96,LatentFlow,physics_modal_v4/enhancements/results/data_budget/runs/train_0512/seed42/ETTh1/h96.json,9059dc50e1426044dcd2f4ecac838f2d3c8d7883b7d3276f7239a9d69a4c2d7c,42,train_0512
/work/11617/sujato_ts/vista/motion_code-master/physics_modal_v4/enhancements/results/data_budget/checkpoints/train_0512/seed42/ETTh1/h192.pt,6de859a7ea6aa254,False,ETTh1,data_budget,192,LatentFlow,physics_modal_v4/enhancements/results/data_budget/runs/train_0512/seed42/ETTh1/h192.json,f001c84eb7bb144aac59aa236960241531d643a10a1bc7626337a57f064905a6,42,train_0512
/work/11617/sujato_ts/vista/motion_code-master/physics_modal_v4/enhancements/results/data_budget/checkpoints/train_0512/seed42/ETTh1/h336.pt,1e3758cf69340acc,False,ETTh1,data_budget,336,LatentFlow,physics_modal_v4/enhancements/results/data_budget/runs/train_0512/seed42/ETTh1/h336.json,0c57b11670b11cd4f3317da5666a14504b6cda93dd11352e27a582e5b7be6930,42,train_0512
/work/11617/sujato_ts/vista/motion_code-master/physics_modal_v4/enhancements/results/data_budget/checkpoints/train_0512/seed42/ETTh1/h720.pt,88e53b9fc0d3c65d,False,ETTh1,data_budget,720,LatentFlow,physics_modal_v4/enhancements/results/data_budget/runs/train_0512/seed42/ETTh1/h720.json,a3908f26505fd7971cd8fa1ec4871ebe99065a73e63ac896417dcdeeec6fa1ea,42,train_0512
/work/11617/sujato_ts/vista/motion_code-master/physics_modal_v4/enhancements/results/data_budget/checkpoints/train_0512/seed42/ETTh2/h96.pt,810c8affbb49f90d,False,ETTh2,data_budget,96,LatentFlow,physics_modal_v4/enhancements/results/data_budget/runs/train_0512/seed42/ETTh2/h96.json,712a4e6d8539d0e66560d9ea21571bf69fad295660fe79bae5c50b7e58638524,42,train_0512
/work/11617/sujato_ts/vista/motion_code-master/physics_modal_v4/enhancements/results/data_budget/checkpoints/train_0512/seed42/ETTh2/h192.pt,96747ac901becaff,False,ETTh2,data_budget,192,LatentFlow,physics_modal_v4/enhancements/results/data_budget/runs/train_0512/seed42/ETTh2/h192.json,0e690b9bcbe5052a5f2ce7c56606b9f8f7d0e74b8b43d96161ea16fa6c0f346f,42,train_0512
/work/11617/sujato_ts/vista/motion_code-master/physics_modal_v4/enhancements/results/data_budget/checkpoints/train_0512/seed42/ETTh2/h336.pt,da4251b8a8119486,False,ETTh2,data_budget,336,LatentFlow,physics_modal_v4/enhancements/results/data_budget/runs/train_0512/seed42/ETTh2/h336.json,9f4c64167296ac0674536951f3d5a47e2f10cc891bd1e42921bd741a812d0223,42,train_0512
/work/11617/sujato_ts/vista/motion_code-master/physics_modal_v4/enhancements/results/data_budget/checkpoints/train_0512/seed42/ETTh2/h720.pt,ff96bd3950272243,False,ETTh2,data_budget,720,LatentFlow,physics_modal_v4/enhancements/results/data_budget/runs/train_0512/seed42/ETTh2/h720.json,8d12360a9a9afcb6a84f4448c21ad2f3170d60a577a9954a51b37a20d28453d6,42,train_0512
/work/11617/sujato_ts/vista/motion_code-master/physics_modal_v4/enhancements/results/data_budget/checkpoints/train_0512/seed42/ETTm1/h96.pt,c5fcca634370f8d6,False,ETTm1,data_budget,96,LatentFlow,physics_modal_v4/enhancements/results/data_budget/runs/train_0512/seed42/ETTm1/h96.json,60e43bec711a88ac9555bc14c5504dc1140a2a0bc41c55ef28418cccecac74b7,42,train_0512
/work/11617/sujato_ts/vista/motion_code-master/physics_modal_v4/enhancements/results/data_budget/checkpoints/train_0512/seed42/ETTm1/h192.pt,bfd10dbd7d8c1cad,False,ETTm1,data_budget,192,LatentFlow,physics_modal_v4/enhancements/results/data_budget/runs/train_0512/seed42/ETTm1/h192.json,e125dc605896d9c73e70eff052479f4ce8a3c3ae987ab1c7e280321eb8552020,42,train_0512
/work/11617/sujato_ts/vista/motion_code-master/physics_modal_v4/enhancements/results/data_budget/checkpoints/train_0512/seed42/ETTm1/h336.pt,983b515ffdec1f52,False,ETTm1,data_budget,336,LatentFlow,physics_modal_v4/enhancements/results/data_budget/runs/train_0512/seed42/ETTm1/h336.json,7b6892479b38be6d1325f402122fc1d26a6013ff143bd7d6843fa5026e527151,42,train_0512
/work/11617/sujato_ts/vista/motion_code-master/physics_modal_v4/enhancements/results/data_budget/checkpoints/train_0512/seed42/ETTm1/h720.pt,2a6bab1e43fb2c53,False,ETTm1,data_budget,720,LatentFlow,physics_modal_v4/enhancements/results/data_budget/runs/train_0512/seed42/ETTm1/h720.json,e5fb332fabc689dca8f43d40da6d1d0659ca8ca190c243e13f6a5050d8aa542d,42,train_0512
/work/11617/sujato_ts/vista/motion_code-master/physics_modal_v4/enhancements/results/data_budget/checkpoints/train_0512/seed42/ETTm2/h96.pt,ba2fcdfceefbeed1,False,ETTm2,data_budget,96,LatentFlow,physics_modal_v4/enhancements/results/data_budget/runs/train_0512/seed42/ETTm2/h96.json,bc43b45f861c24838d6ebac3bbc4f57535dc90d9b731a9df629162bd52b1c163,42,train_0512
/work/11617/sujato_ts/vista/motion_code-master/physics_modal_v4/enhancements/results/data_budget/checkpoints/train_0512/seed42/ETTm2/h192.pt,d3f0b87ac344a672,False,ETTm2,data_budget,192,LatentFlow,physics_modal_v4/enhancements/results/data_budget/runs/train_0512/seed42/ETTm2/h192.json,e400411e0b0d9c7e2ee2242e58918d057d611674f063171affa24dad23d0de6c,42,train_0512
/work/11617/sujato_ts/vista/motion_code-master/physics_modal_v4/enhancements/results/data_budget/checkpoints/train_0512/seed42/ETTm2/h336.pt,01c539756dc0fccf,False,ETTm2,data_budget,336,LatentFlow,physics_modal_v4/enhancements/results/data_budget/runs/train_0512/seed42/ETTm2/h336.json,43740476455f4c21ccd211ec42f35374e39058c5d17c74b6e8209efe345b6e5d,42,train_0512
/work/11617/sujato_ts/vista/motion_code-master/physics_modal_v4/enhancements/results/data_budget/checkpoints/train_0512/seed42/ETTm2/h720.pt,790957a6bafd418a,False,ETTm2,data_budget,720,LatentFlow,physics_modal_v4/enhancements/results/data_budget/runs/train_0512/seed42/ETTm2/h720.json,5a3204e67c967dcf6071646600d7fbda76f4f21c797f9273b72de6e408860015,42,train_0512
/work/11617/sujato_ts/vista/motion_code-master/physics_modal_v4/enhancements/results/data_budget/checkpoints/train_0512/seed42/Weather/h96.pt,6a8e48e4a1e101b5,False,Weather,data_budget,96,LatentFlow,physics_modal_v4/enhancements/results/data_budget/runs/train_0512/seed42/Weather/h96.json,a80916277a90869c5d099d3caa26a3fbbc5d5a0a92be74090da04dc9dc30d7e3,42,train_0512
/work/11617/sujato_ts/vista/motion_code-master/physics_modal_v4/enhancements/results/data_budget/checkpoints/train_0512/seed42/Weather/h192.pt,e4ef46e36b84dd64,False,Weather,data_budget,192,LatentFlow,physics_modal_v4/enhancements/results/data_budget/runs/train_0512/seed42/Weather/h192.json,998c86a2ca7ccf3f809edd572be9792ca6add5f78dbb5ab1397ddc5012917ada,42,train_0512
/work/11617/sujato_ts/vista/motion_code-master/physics_modal_v4/enhancements/results/data_budget/checkpoints/train_0512/seed42/Weather/h336.pt,8d414fc50a80d4f3,False,Weather,data_budget,336,LatentFlow,physics_modal_v4/enhancements/results/data_budget/runs/train_0512/seed42/Weather/h336.json,eab581b0bfa2110abd9ff8487120970dd047a2f370432ecb57e3d4ba3cfcdfcf,42,train_0512
/work/11617/sujato_ts/vista/motion_code-master/physics_modal_v4/enhancements/results/data_budget/checkpoints/train_0512/seed42/Weather/h720.pt,e9edd61481319112,False,Weather,data_budget,720,LatentFlow,physics_modal_v4/enhancements/results/data_budget/runs/train_0512/seed42/Weather/h720.json,6fd909d7960eab82436e8102b031066794920368f95fb2f6f4577d019daf5517,42,train_0512
/work/11617/sujato_ts/vista/motion_code-master/physics_modal_v4/enhancements/results/data_budget/checkpoints/train_0512/seed42/Electricity/h96.pt,cc49bc9b177b5b8f,False,Electricity,data_budget,96,LatentFlow,physics_modal_v4/enhancements/results/data_budget/runs/train_0512/seed42/Electricity/h96.json,5f6ca5b853de03c7d807c552bd12d3b85abe059acb7d0284a2a53c9125379325,42,train_0512
/work/11617/sujato_ts/vista/motion_code-master/physics_modal_v4/enhancements/results/data_budget/checkpoints/train_0512/seed42/Electricity/h192.pt,ef59af5a9c9bee89,False,Electricity,data_budget,192,LatentFlow,physics_modal_v4/enhancements/results/data_budget/runs/train_0512/seed42/Electricity/h192.json,9eef5b7765e7d458571fe4ce95ea2d356052a3b1532019b1d22324f49429c2dd,42,train_0512
/work/11617/sujato_ts/vista/motion_code-master/physics_modal_v4/enhancements/results/data_budget/checkpoints/train_0512/seed42/Electricity/h336.pt,aabf13bc086d86eb,False,Electricity,data_budget,336,LatentFlow,physics_modal_v4/enhancements/results/data_budget/runs/train_0512/seed42/Electricity/h336.json,4aaefc0e6256c813bc70645f739b9b32ee7b2315304694a5ea86ab381775bbd1,42,train_0512
/work/11617/sujato_ts/vista/motion_code-master/physics_modal_v4/enhancements/results/data_budget/checkpoints/train_0512/seed42/Electricity/h720.pt,c3a1925233a0c7d0,False,Electricity,data_budget,720,LatentFlow,physics_modal_v4/enhancements/results/data_budget/runs/train_0512/seed42/Electricity/h720.json,f2044256f0dab3da3049c123f52692494c1f8eda80d8e831d9147566471be520,42,train_0512
/work/11617/sujato_ts/vista/motion_code-master/physics_modal_v4/enhancements/results/data_budget/checkpoints/train_0512/seed42/Traffic/h96.pt,1892723d410f4ac4,False,Traffic,data_budget,96,LatentFlow,physics_modal_v4/enhancements/results/data_budget/runs/train_0512/seed42/Traffic/h96.json,01ed781577ca16969b68099205f246f3b68a33755bc3383eb32174cf4e818a75,42,train_0512
/work/11617/sujato_ts/vista/motion_code-master/physics_modal_v4/enhancements/results/data_budget/checkpoints/train_0512/seed42/Traffic/h192.pt,d1b43e6a1a4d30cd,False,Traffic,data_budget,192,LatentFlow,physics_modal_v4/enhancements/results/data_budget/runs/train_0512/seed42/Traffic/h192.json,0f6d42635689a418102307a5c211649cdf86dc4d0ef777fb5201e50fbd84afab,42,train_0512
/work/11617/sujato_ts/vista/motion_code-master/physics_modal_v4/enhancements/results/data_budget/checkpoints/train_0512/seed42/Traffic/h336.pt,92c6604d4fb64de0,False,Traffic,data_budget,336,LatentFlow,physics_modal_v4/enhancements/results/data_budget/runs/train_0512/seed42/Traffic/h336.json,1f3e6be73cc4d67574310bf7376e374ff4ebcd08cd8c1a6d9a142e38371f27ed,42,train_0512
/work/11617/sujato_ts/vista/motion_code-master/physics_modal_v4/enhancements/results/data_budget/checkpoints/train_0512/seed42/Traffic/h720.pt,a6c962b155b7b535,False,Traffic,data_budget,720,LatentFlow,physics_modal_v4/enhancements/results/data_budget/runs/train_0512/seed42/Traffic/h720.json,1aec2244777a747194bcac8a4d838797da1f8dfd0f78e60629dc142722463dbc,42,train_0512
/work/11617/sujato_ts/vista/motion_code-master/physics_modal_v4/results/final/checkpoints/LatentFlow/seed42/ETTh1/h96.pt,9fc64370d22b4e8a,False,ETTh1,data_budget,96,LatentFlow,physics_modal_v4/enhancements/results/data_budget/runs/train_2048/seed42/ETTh1/h96.json,4aa99282d21fbe77010bee5220bb80cc75480aee201691453f0a962f570dcedf,42,train_2048
/work/11617/sujato_ts/vista/motion_code-master/physics_modal_v4/results/final/checkpoints/LatentFlow/seed42/ETTh1/h192.pt,ba032e8160fb6ef2,False,ETTh1,data_budget,192,LatentFlow,physics_modal_v4/enhancements/results/data_budget/runs/train_2048/seed42/ETTh1/h192.json,c70f0a4dc80b1781329b338569179c9651d9ea31efcf4d6b90dd1acc75d2dfa5,42,train_2048
/work/11617/sujato_ts/vista/motion_code-master/physics_modal_v4/results/final/checkpoints/LatentFlow/seed42/ETTh1/h336.pt,c5cbcb557af2be0f,False,ETTh1,data_budget,336,LatentFlow,physics_modal_v4/enhancements/results/data_budget/runs/train_2048/seed42/ETTh1/h336.json,af1cb6453772880b15977c71f1a7ec7cb27fbcbfcd435d984d646c9ace216d13,42,train_2048
/work/11617/sujato_ts/vista/motion_code-master/physics_modal_v4/results/final/checkpoints/LatentFlow/seed42/ETTh1/h720.pt,eee4bd1b9eb337ae,False,ETTh1,data_budget,720,LatentFlow,physics_modal_v4/enhancements/results/data_budget/runs/train_2048/seed42/ETTh1/h720.json,3ce5cef3592fc20383fd9ac466b791f40929d6691baa88692aa92348c3c71a1d,42,train_2048
/work/11617/sujato_ts/vista/motion_code-master/physics_modal_v4/results/final/checkpoints/LatentFlow/seed42/ETTh2/h96.pt,6d32d23966ea9468,False,ETTh2,data_budget,96,LatentFlow,physics_modal_v4/enhancements/results/data_budget/runs/train_2048/seed42/ETTh2/h96.json,f08922606273395b48792be4496096e38b843527e3eeb50ae44bc6e7c326f740,42,train_2048
/work/11617/sujato_ts/vista/motion_code-master/physics_modal_v4/results/final/checkpoints/LatentFlow/seed42/ETTh2/h192.pt,487fa6603a8ce9aa,False,ETTh2,data_budget,192,LatentFlow,physics_modal_v4/enhancements/results/data_budget/runs/train_2048/seed42/ETTh2/h192.json,ad7cbbc87eeba73d81e9346ff554fb8a9a1ef61a6c117140e0e5edfd8425cafd,42,train_2048
/work/11617/sujato_ts/vista/motion_code-master/physics_modal_v4/results/final/checkpoints/LatentFlow/seed42/ETTh2/h336.pt,6617dc77413ddd94,False,ETTh2,data_budget,336,LatentFlow,physics_modal_v4/enhancements/results/data_budget/runs/train_2048/seed42/ETTh2/h336.json,c182c1e78744a3ac322cde96dd11cf0234b6237be5b567681db603161e2b0889,42,train_2048
/work/11617/sujato_ts/vista/motion_code-master/physics_modal_v4/results/final/checkpoints/LatentFlow/seed42/ETTh2/h720.pt,e80c78d140653ac1,False,ETTh2,data_budget,720,LatentFlow,physics_modal_v4/enhancements/results/data_budget/runs/train_2048/seed42/ETTh2/h720.json,c04805b5b3a9a55b7d0e7101fc384665914071181612023762e4aaa3465f89f4,42,train_2048
/work/11617/sujato_ts/vista/motion_code-master/physics_modal_v4/results/final/checkpoints/LatentFlow/seed42/ETTm1/h96.pt,bb888f8b8e3cc056,False,ETTm1,data_budget,96,LatentFlow,physics_modal_v4/enhancements/results/data_budget/runs/train_2048/seed42/ETTm1/h96.json,5fa6d99e1754b70ef9d81eebd78080e915eb9d7e4fc116fe8f3f3080406615d6,42,train_2048
/work/11617/sujato_ts/vista/motion_code-master/physics_modal_v4/results/final/checkpoints/LatentFlow/seed42/ETTm1/h192.pt,88a743350bd2c65b,False,ETTm1,data_budget,192,LatentFlow,physics_modal_v4/enhancements/results/data_budget/runs/train_2048/seed42/ETTm1/h192.json,6a66e831dea52c7bc22e59088b712563a42d8502e712ba291a094f8ebde0d7d4,42,train_2048
/work/11617/sujato_ts/vista/motion_code-master/physics_modal_v4/results/final/checkpoints/LatentFlow/seed42/ETTm1/h336.pt,5af433a4e634f5c4,False,ETTm1,data_budget,336,LatentFlow,physics_modal_v4/enhancements/results/data_budget/runs/train_2048/seed42/ETTm1/h336.json,296964a9935f0947415ad7cb15f11f83ee2ffb2f32170231f53ad9ac1fd3bf42,42,train_2048
/work/11617/sujato_ts/vista/motion_code-master/physics_modal_v4/results/final/checkpoints/LatentFlow/seed42/ETTm1/h720.pt,63259dddd9402030,False,ETTm1,data_budget,720,LatentFlow,physics_modal_v4/enhancements/results/data_budget/runs/train_2048/seed42/ETTm1/h720.json,bcbd0bef907183bac9241cb4bdf86147cdb30a4dc099a3bcf7a9c1bb37cee392,42,train_2048
/work/11617/sujato_ts/vista/motion_code-master/physics_modal_v4/results/final/checkpoints/LatentFlow/seed42/ETTm2/h96.pt,02abcbefbb625d1e,False,ETTm2,data_budget,96,LatentFlow,physics_modal_v4/enhancements/results/data_budget/runs/train_2048/seed42/ETTm2/h96.json,7f02b43e23ce2f5afd63540258672bcc148b870db28ebd3ed44d8374deec0d38,42,train_2048
/work/11617/sujato_ts/vista/motion_code-master/physics_modal_v4/results/final/checkpoints/LatentFlow/seed42/ETTm2/h192.pt,01c28c76d51c50e7,False,ETTm2,data_budget,192,LatentFlow,physics_modal_v4/enhancements/results/data_budget/runs/train_2048/seed42/ETTm2/h192.json,228cd8201a0ce9917c03b6f67e8b682bca28886e9d4ca7c3d6a7235b8800dc3e,42,train_2048
/work/11617/sujato_ts/vista/motion_code-master/physics_modal_v4/results/final/checkpoints/LatentFlow/seed42/ETTm2/h336.pt,a5991b307f25f7aa,False,ETTm2,data_budget,336,LatentFlow,physics_modal_v4/enhancements/results/data_budget/runs/train_2048/seed42/ETTm2/h336.json,b5b7bd168edb0691b498ec2a6ca304634443eb41c8d78c19a6cd717f8a858a29,42,train_2048
/work/11617/sujato_ts/vista/motion_code-master/physics_modal_v4/results/final/checkpoints/LatentFlow/seed42/ETTm2/h720.pt,fdc531b6eb80b301,False,ETTm2,data_budget,720,LatentFlow,physics_modal_v4/enhancements/results/data_budget/runs/train_2048/seed42/ETTm2/h720.json,dbf0582d7f147d5e9f8fa7cad67ddb593298ef3f108ed20b890a816a14f0f23a,42,train_2048
/work/11617/sujato_ts/vista/motion_code-master/physics_modal_v4/results/final/checkpoints/LatentFlow/seed42/Weather/h96.pt,0dd3ad9ef83cc7cc,False,Weather,data_budget,96,LatentFlow,physics_modal_v4/enhancements/results/data_budget/runs/train_2048/seed42/Weather/h96.json,e74c2d4db45d8bd7a4f740386dcfcb6c09d0ff3ce0fe507f0265bb878428d892,42,train_2048
/work/11617/sujato_ts/vista/motion_code-master/physics_modal_v4/results/final/checkpoints/LatentFlow/seed42/Weather/h192.pt,b4ae25c4dbc5d2fc,False,Weather,data_budget,192,LatentFlow,physics_modal_v4/enhancements/results/data_budget/runs/train_2048/seed42/Weather/h192.json,a72604e6cfb402aa870d2e5c931b441b63a9005ff502cfdddf6329613fe4f306,42,train_2048
/work/11617/sujato_ts/vista/motion_code-master/physics_modal_v4/results/final/checkpoints/LatentFlow/seed42/Weather/h336.pt,2581809286c78288,False,Weather,data_budget,336,LatentFlow,physics_modal_v4/enhancements/results/data_budget/runs/train_2048/seed42/Weather/h336.json,788d827d94f06ccca7b4c46dc1a924c059fca8f96e37e73e74330cfc0907c4a0,42,train_2048
/work/11617/sujato_ts/vista/motion_code-master/physics_modal_v4/results/final/checkpoints/LatentFlow/seed42/Weather/h720.pt,3a89ee746c3ae98e,False,Weather,data_budget,720,LatentFlow,physics_modal_v4/enhancements/results/data_budget/runs/train_2048/seed42/Weather/h720.json,f4aec9ada11c71b716f5221e3452aa05d22ae4eaff57fa9983c6e20025fefacf,42,train_2048
/work/11617/sujato_ts/vista/motion_code-master/physics_modal_v4/results/final/checkpoints/LatentFlow/seed42/Electricity/h96.pt,4de381e53ca3d59c,False,Electricity,data_budget,96,LatentFlow,physics_modal_v4/enhancements/results/data_budget/runs/train_2048/seed42/Electricity/h96.json,fd79e13c4f6a9d10e3cc69430611b368a6130d7746f78c052bca54c1449f7ca7,42,train_2048
/work/11617/sujato_ts/vista/motion_code-master/physics_modal_v4/results/final/checkpoints/LatentFlow/seed42/Electricity/h192.pt,67ff819594a16398,False,Electricity,data_budget,192,LatentFlow,physics_modal_v4/enhancements/results/data_budget/runs/train_2048/seed42/Electricity/h192.json,63840c4ad49d29d8ec894eb4aa7ec5fa51dbe23959ef4fd47474a5e1742d89e4,42,train_2048
/work/11617/sujato_ts/vista/motion_code-master/physics_modal_v4/results/final/checkpoints/LatentFlow/seed42/Electricity/h336.pt,98f608684ff7dc74,False,Electricity,data_budget,336,LatentFlow,physics_modal_v4/enhancements/results/data_budget/runs/train_2048/seed42/Electricity/h336.json,8a14ff847ccfdf559e40e78c6a0003746e3595224e81e7a449089f80f6ee39b6,42,train_2048
/work/11617/sujato_ts/vista/motion_code-master/physics_modal_v4/results/final/checkpoints/LatentFlow/seed42/Electricity/h720.pt,2802c5f42db2feea,False,Electricity,data_budget,720,LatentFlow,physics_modal_v4/enhancements/results/data_budget/runs/train_2048/seed42/Electricity/h720.json,8279c496e5997c07cb8ca7b5318ffa926cfb15b517174051b23c0f3a2eade6ec,42,train_2048
/work/11617/sujato_ts/vista/motion_code-master/physics_modal_v4/results/final/checkpoints/LatentFlow/seed42/Traffic/h96.pt,71a93951181d581d,False,Traffic,data_budget,96,LatentFlow,physics_modal_v4/enhancements/results/data_budget/runs/train_2048/seed42/Traffic/h96.json,62f4d0dedff24412bb9cdff99eb80b03ded6417c575884509467c55453959e9c,42,train_2048
/work/11617/sujato_ts/vista/motion_code-master/physics_modal_v4/results/final/checkpoints/LatentFlow/seed42/Traffic/h192.pt,9c53d51bbde97434,False,Traffic,data_budget,192,LatentFlow,physics_modal_v4/enhancements/results/data_budget/runs/train_2048/seed42/Traffic/h192.json,8e9dcc9dad5d6d403504e0122dea64a1e4e131d5e74f7c6c34e818be9bf043ff,42,train_2048
/work/11617/sujato_ts/vista/motion_code-master/physics_modal_v4/results/final/checkpoints/LatentFlow/seed42/Traffic/h336.pt,5ab01e8bb1f00517,False,Traffic,data_budget,336,LatentFlow,physics_modal_v4/enhancements/results/data_budget/runs/train_2048/seed42/Traffic/h336.json,1763ffb99383aadad3dc9a646e296823e33118380615ee92f519664405706ba8,42,train_2048
/work/11617/sujato_ts/vista/motion_code-master/physics_modal_v4/results/final/checkpoints/LatentFlow/seed42/Traffic/h720.pt,6866fe68a6341202,False,Traffic,data_budget,720,LatentFlow,physics_modal_v4/enhancements/results/data_budget/runs/train_2048/seed42/Traffic/h720.json,f64935f07b5345d58a10dd144eb7bf40727892342a911d59756024b33aeb59a2,42,train_2048
/work/11617/sujato_ts/vista/motion_code-master/physics_modal_v4/enhancements/results/data_budget/checkpoints/train_all/seed42/ETTh1/h720.pt,bf04a67e20749422,False,ETTh1,data_budget,720,LatentFlow,physics_modal_v4/enhancements/results/data_budget/runs/train_all/seed42/ETTh1/h720.json,e33a1f6a88a4ed49c0b0f9da10ab5df0958bf778feeaeb28eeacec7643370ab6,42,train_all
/work/11617/sujato_ts/vista/motion_code-master/physics_modal_v4/enhancements/results/data_budget/checkpoints/train_all/seed42/ETTh2/h720.pt,b52de515317f8b3a,False,ETTh2,data_budget,720,LatentFlow,physics_modal_v4/enhancements/results/data_budget/runs/train_all/seed42/ETTh2/h720.json,827884d707dc4a6f52680d2ffea427193721017baaaf736347c3dece8ffcb81d,42,train_all
/work/11617/sujato_ts/vista/motion_code-master/physics_modal_v4/enhancements/results/data_budget/checkpoints/train_all/seed42/ETTh1/h336.pt,68339733be1dea08,False,ETTh1,data_budget,336,LatentFlow,physics_modal_v4/enhancements/results/data_budget/runs/train_all/seed42/ETTh1/h336.json,2c1bb62cc75698e1e8108ce9d76dceeb6a319eefda257ffd6b80e4e8d8eea85d,42,train_all
/work/11617/sujato_ts/vista/motion_code-master/physics_modal_v4/enhancements/results/data_budget/checkpoints/train_all/seed42/ETTh2/h336.pt,913c892daf939916,False,ETTh2,data_budget,336,LatentFlow,physics_modal_v4/enhancements/results/data_budget/runs/train_all/seed42/ETTh2/h336.json,b727aedf7495c33189d2a5b93adb396fdeca2a41f079b2eedca539afff534518,42,train_all
/work/11617/sujato_ts/vista/motion_code-master/physics_modal_v4/enhancements/results/data_budget/checkpoints/train_all/seed42/ETTh1/h192.pt,53e53f75271e0a8d,False,ETTh1,data_budget,192,LatentFlow,physics_modal_v4/enhancements/results/data_budget/runs/train_all/seed42/ETTh1/h192.json,d94639b4c31cd32fdc6db56136a13acafa532a7237796e5e80223bd6ec11f673,42,train_all
/work/11617/sujato_ts/vista/motion_code-master/physics_modal_v4/enhancements/results/data_budget/checkpoints/train_all/seed42/ETTh2/h192.pt,d656b49f4dd4dc49,False,ETTh2,data_budget,192,LatentFlow,physics_modal_v4/enhancements/results/data_budget/runs/train_all/seed42/ETTh2/h192.json,48f431896f02839bdb721787ca74895da85de7790ed3f94778c81de3fd073a0a,42,train_all
/work/11617/sujato_ts/vista/motion_code-master/physics_modal_v4/enhancements/results/data_budget/checkpoints/train_all/seed42/ETTh1/h96.pt,c8d198d125a7d86c,False,ETTh1,data_budget,96,LatentFlow,physics_modal_v4/enhancements/results/data_budget/runs/train_all/seed42/ETTh1/h96.json,c902785833b473ec6852f48b35903dbb506dc330f8d0533ca0eb79d038d609d2,42,train_all
/work/11617/sujato_ts/vista/motion_code-master/physics_modal_v4/enhancements/results/data_budget/checkpoints/train_all/seed42/ETTh2/h96.pt,9fea528d2ce16ed1,False,ETTh2,data_budget,96,LatentFlow,physics_modal_v4/enhancements/results/data_budget/runs/train_all/seed42/ETTh2/h96.json,4ff2303be4ce62b63c2c33f158530ccdbdde004d3674ebfab2ce783e5c609d7b,42,train_all
/work/11617/sujato_ts/vista/motion_code-master/physics_modal_v4/enhancements/results/data_budget/checkpoints/train_all/seed42/Traffic/h720.pt,38f202d6cbed6934,False,Traffic,data_budget,720,LatentFlow,physics_modal_v4/enhancements/results/data_budget/runs/train_all/seed42/Traffic/h720.json,d68d254c1b75dab064a824a47e86df7be6214b0323466d8c828f0795c231cee1,42,train_all
/work/11617/sujato_ts/vista/motion_code-master/physics_modal_v4/enhancements/results/data_budget/checkpoints/train_all/seed42/Traffic/h336.pt,a0019f555b4f0af4,False,Traffic,data_budget,336,LatentFlow,physics_modal_v4/enhancements/results/data_budget/runs/train_all/seed42/Traffic/h336.json,8e9a207feaf245f9ba2a6e8bca30857a2cd2d6bd961ac9d6e7de626c9731aed1,42,train_all
/work/11617/sujato_ts/vista/motion_code-master/physics_modal_v4/enhancements/results/data_budget/checkpoints/train_all/seed42/Traffic/h192.pt,f076a18cf3c268b3,False,Traffic,data_budget,192,LatentFlow,physics_modal_v4/enhancements/results/data_budget/runs/train_all/seed42/Traffic/h192.json,7b51745f353f02883ce73fcd0506ed7050c9d15a5f88ec73d28f81a5f769f205,42,train_all
/work/11617/sujato_ts/vista/motion_code-master/physics_modal_v4/enhancements/results/data_budget/checkpoints/train_all/seed42/Traffic/h96.pt,2decd3890bac91f6,False,Traffic,data_budget,96,LatentFlow,physics_modal_v4/enhancements/results/data_budget/runs/train_all/seed42/Traffic/h96.json,c72f29b9617f7957e70b3a5eb4e0ca6f27756ec75aa913ab3c5e4404d3a4151d,42,train_all
/work/11617/sujato_ts/vista/motion_code-master/physics_modal_v4/enhancements/results/data_budget/checkpoints/train_all/seed42/Electricity/h720.pt,176d621aa99af40e,False,Electricity,data_budget,720,LatentFlow,physics_modal_v4/enhancements/results/data_budget/runs/train_all/seed42/Electricity/h720.json,e674dc15090792581371071ef8858ca3f64926b7d6de341443e726b10cea0c0c,42,train_all
/work/11617/sujato_ts/vista/motion_code-master/physics_modal_v4/enhancements/results/data_budget/checkpoints/train_all/seed42/Electricity/h336.pt,e87b6731f177cc4b,False,Electricity,data_budget,336,LatentFlow,physics_modal_v4/enhancements/results/data_budget/runs/train_all/seed42/Electricity/h336.json,083326ff91a350eb2bdf53ff2bb80621b76662e7664d94635e6bcd26f632066f,42,train_all
/work/11617/sujato_ts/vista/motion_code-master/physics_modal_v4/enhancements/results/data_budget/checkpoints/train_all/seed42/Electricity/h192.pt,99e4b78caea8790e,False,Electricity,data_budget,192,LatentFlow,physics_modal_v4/enhancements/results/data_budget/runs/train_all/seed42/Electricity/h192.json,af6ae101ca2ed684e904d72a01f23fec21680dfda1f871d77c8e9f900b568ca6,42,train_all
/work/11617/sujato_ts/vista/motion_code-master/physics_modal_v4/enhancements/results/data_budget/checkpoints/train_all/seed42/Electricity/h96.pt,0fa6a353bd6755ed,False,Electricity,data_budget,96,LatentFlow,physics_modal_v4/enhancements/results/data_budget/runs/train_all/seed42/Electricity/h96.json,bdd04069175995486c2cbeb745931f1fbfe97d498ff89d16bd25168d0456b45e,42,train_all
/work/11617/sujato_ts/vista/motion_code-master/physics_modal_v4/enhancements/results/data_budget/checkpoints/train_all/seed42/ETTm1/h720.pt,25a00757709ee3ab,False,ETTm1,data_budget,720,LatentFlow,physics_modal_v4/enhancements/results/data_budget/runs/train_all/seed42/ETTm1/h720.json,28ac23f862bc7e728abdcb425f6c85c5d26c2d4df59620b8c797033517fb9fd0,42,train_all
/work/11617/sujato_ts/vista/motion_code-master/physics_modal_v4/enhancements/results/data_budget/checkpoints/train_all/seed42/ETTm2/h720.pt,842a3e7c42d003ef,False,ETTm2,data_budget,720,LatentFlow,physics_modal_v4/enhancements/results/data_budget/runs/train_all/seed42/ETTm2/h720.json,a59accd8057c7f9c9c8c3ef5156d82b41288e3bd132b1c8219fa8318b485f6f5,42,train_all
/work/11617/sujato_ts/vista/motion_code-master/physics_modal_v4/enhancements/results/data_budget/checkpoints/train_all/seed42/ETTm1/h336.pt,cf881fc8e4d32e1f,False,ETTm1,data_budget,336,LatentFlow,physics_modal_v4/enhancements/results/data_budget/runs/train_all/seed42/ETTm1/h336.json,6ced0df049cd7f247ba0597211132a4946da8a7fbddee54823a8b66da3e6e411,42,train_all
/work/11617/sujato_ts/vista/motion_code-master/physics_modal_v4/enhancements/results/data_budget/checkpoints/train_all/seed42/ETTm2/h336.pt,bc36e34d107abad9,False,ETTm2,data_budget,336,LatentFlow,physics_modal_v4/enhancements/results/data_budget/runs/train_all/seed42/ETTm2/h336.json,39c59da3c21576c941dbc4c5ce7ca7de4a8a4ead02eea67c8e7e2a235252b72e,42,train_all
/work/11617/sujato_ts/vista/motion_code-master/physics_modal_v4/enhancements/results/data_budget/checkpoints/train_all/seed42/ETTm1/h192.pt,0530271f132ad03f,False,ETTm1,data_budget,192,LatentFlow,physics_modal_v4/enhancements/results/data_budget/runs/train_all/seed42/ETTm1/h192.json,802bdd28079de309b0b2f48d380320454c600db77528e3f59438266984a6a94c,42,train_all
/work/11617/sujato_ts/vista/motion_code-master/physics_modal_v4/enhancements/results/data_budget/checkpoints/train_all/seed42/ETTm2/h192.pt,1989f7f6240eff93,False,ETTm2,data_budget,192,LatentFlow,physics_modal_v4/enhancements/results/data_budget/runs/train_all/seed42/ETTm2/h192.json,67e882bfac97c83e2853d4d1645a529b3097f3dd28867ca63511bfa3726329a0,42,train_all
/work/11617/sujato_ts/vista/motion_code-master/physics_modal_v4/enhancements/results/data_budget/checkpoints/train_all/seed42/ETTm1/h96.pt,015878c8dab89d6c,False,ETTm1,data_budget,96,LatentFlow,physics_modal_v4/enhancements/results/data_budget/runs/train_all/seed42/ETTm1/h96.json,9d9664f9101707387efa75d3aa8eb491ebed5d4c2f4313e6be5afcca5ae36449,42,train_all
/work/11617/sujato_ts/vista/motion_code-master/physics_modal_v4/enhancements/results/data_budget/checkpoints/train_all/seed42/ETTm2/h96.pt,7e331d5147e99bcf,False,ETTm2,data_budget,96,LatentFlow,physics_modal_v4/enhancements/results/data_budget/runs/train_all/seed42/ETTm2/h96.json,1e6135568dd9b7c1e623c00c626b3ae6bde1f511d302e539c7d2a363ed21b3b8,42,train_all
/work/11617/sujato_ts/vista/motion_code-master/physics_modal_v4/enhancements/results/data_budget/checkpoints/train_all/seed42/Weather/h720.pt,8084e653f81b7208,False,Weather,data_budget,720,LatentFlow,physics_modal_v4/enhancements/results/data_budget/runs/train_all/seed42/Weather/h720.json,bc8045c072f23ccb8153275d30cbb4756b14d3786c419cfcb28a5f8b359e50ba,42,train_all
/work/11617/sujato_ts/vista/motion_code-master/physics_modal_v4/enhancements/results/data_budget/checkpoints/train_all/seed42/Weather/h336.pt,11428a79d75344b3,False,Weather,data_budget,336,LatentFlow,physics_modal_v4/enhancements/results/data_budget/runs/train_all/seed42/Weather/h336.json,7536bfac20f25c599f4252e3029970180f25af28de315de633f99a59b84a631e,42,train_all
/work/11617/sujato_ts/vista/motion_code-master/physics_modal_v4/enhancements/results/data_budget/checkpoints/train_all/seed42/Weather/h192.pt,b50beefd499c15f4,False,Weather,data_budget,192,LatentFlow,physics_modal_v4/enhancements/results/data_budget/runs/train_all/seed42/Weather/h192.json,ce910cfae6829a9339afa93b5bc6e8a8d3719268cc1f38d716075443d777c5da,42,train_all
/work/11617/sujato_ts/vista/motion_code-master/physics_modal_v4/enhancements/results/data_budget/checkpoints/train_all/seed42/Weather/h96.pt,d4d6a733f54e6232,False,Weather,data_budget,96,LatentFlow,physics_modal_v4/enhancements/results/data_budget/runs/train_all/seed42/Weather/h96.json,e1d788735c7fbfc9cb2519a6816fc0726a210c7d926e1722190c5f8b1a3dc02d,42,train_all
/work/11617/sujato_ts/vista/motion_code-master/physics_modal_v4/results/final/checkpoints/LatentFlow/seed42/ETTh1/h720.pt,45c9bbb464793e6a,False,ETTh1,diagnostics,720,LatentFlow,physics_modal_v4/enhancements/results/diagnostics/runs/analysis/seed42/ETTh1/h720.json,8947c95838e159d4cee4f8ef6be2752facc73b9e8614e6cdc8ae9cf1a1834bd8,42,analysis
/work/11617/sujato_ts/vista/motion_code-master/physics_modal_v4/results/final/checkpoints/LatentFlow/seed42/ETTh1/h96.pt,fadd482790712ca0,False,ETTh1,diagnostics,96,LatentFlow,physics_modal_v4/enhancements/results/diagnostics/runs/analysis/seed42/ETTh1/h96.json,88aea1ef74946c2d9faa3dd75918941c094bf706a3db1c28b5b2f40af9556519,42,analysis
/work/11617/sujato_ts/vista/motion_code-master/physics_modal_v4/results/final/checkpoints/LatentFlow/seed42/ETTm1/h336.pt,e66e28af4cd36cba,False,ETTm1,diagnostics,336,LatentFlow,physics_modal_v4/enhancements/results/diagnostics/runs/analysis/seed42/ETTm1/h336.json,3e27fa0be9003f08cf43bb81b3010cbb2adf3d209b88563c79f338031c052516,42,analysis
/work/11617/sujato_ts/vista/motion_code-master/physics_modal_v4/results/final/checkpoints/LatentFlow/seed42/ETTm1/h720.pt,5736e9d6301c322d,False,ETTm1,diagnostics,720,LatentFlow,physics_modal_v4/enhancements/results/diagnostics/runs/analysis/seed42/ETTm1/h720.json,6c34fc7a9025948af8ab685c20b876f493132373ef48f86553fd367e952d76c1,42,analysis
/work/11617/sujato_ts/vista/motion_code-master/physics_modal_v4/results/final/checkpoints/LatentFlow/seed42/Electricity/h336.pt,e5e2742d204837e4,False,Electricity,diagnostics,336,LatentFlow,physics_modal_v4/enhancements/results/diagnostics/runs/analysis/seed42/Electricity/h336.json,577706418fad7100f040ad2ae1a8d3873fad2b53dccb0c891e0f3d6572f06329,42,analysis
/work/11617/sujato_ts/vista/motion_code-master/physics_modal_v4/results/final/checkpoints/LatentFlow/seed42/Traffic/h192.pt,0f4e3c3325435a6b,False,Traffic,diagnostics,192,LatentFlow,physics_modal_v4/enhancements/results/diagnostics/runs/analysis/seed42/Traffic/h192.json,22221a2f3f9d3ca886fd4eb54330bd1506579e9d1031a9ebb3a0abe14cd418ae,42,analysis
/work/11617/sujato_ts/vista/motion_code-master/physics_modal_v4/results/final/checkpoints/LatentFlow/seed42/Weather/h720.pt,ba804b27c2ee7a62,False,Weather,diagnostics,720,LatentFlow,physics_modal_v4/enhancements/results/diagnostics/runs/analysis/seed42/Weather/h720.json,fbe66d52ce195de6f9e6e5879a1b8effd183e9fcf099498b76576e1c42ce692d,42,analysis
/work/11617/sujato_ts/vista/motion_code-master/physics_modal_v4/enhancements/results/channel_order/checkpoints/permutation_1729/seed42/Electricity/h720.pt,b7788671e4f13bc8,False,Electricity,channel_order,720,LatentFlow,physics_modal_v4/enhancements/results/channel_order/runs/permutation_1729/seed42/Electricity/h720.json,f554936dd5d9a598b0aa294c2957b674ba4d8136af4ba477a1c33a88e7ccf526,42,permutation_1729
/work/11617/sujato_ts/vista/motion_code-master/physics_modal_v4/enhancements/results/channel_order/checkpoints/permutation_1729/seed42/Traffic/h720.pt,1b6283bf8ae330a6,False,Traffic,channel_order,720,LatentFlow,physics_modal_v4/enhancements/results/channel_order/runs/permutation_1729/seed42/Traffic/h720.json,f5e041ba227c5f7bc3f4a20532f69a114535093e1c53e225f8522740e3012b66,42,permutation_1729
/work/11617/sujato_ts/vista/motion_code-master/physics_modal_v4/enhancements/results/channel_order/checkpoints/permutation_3253/seed42/Electricity/h720.pt,b7788671e4f13bc8,False,Electricity,channel_order,720,LatentFlow,physics_modal_v4/enhancements/results/channel_order/runs/permutation_3253/seed42/Electricity/h720.json,d39e6024f8b0fb0b7d28065466286025ce20089c3bdcbba615a46c84b964e4dd,42,permutation_3253
/work/11617/sujato_ts/vista/motion_code-master/physics_modal_v4/enhancements/results/channel_order/checkpoints/permutation_3253/seed42/Traffic/h720.pt,1b6283bf8ae330a6,False,Traffic,channel_order,720,LatentFlow,physics_modal_v4/enhancements/results/channel_order/runs/permutation_3253/seed42/Traffic/h720.json,bea7fedcf7c770a0465da484c064b82e9dd1922ad2fa94399e7ce59700cb6dc8,42,permutation_3253
/work/11617/sujato_ts/vista/motion_code-master/physics_modal_v4/enhancements/results/channel_order_expanded/checkpoints/permutation_104729/seed42/Electricity/h720.pt,ff0a3bc9778e4830,False,Electricity,channel_order_expanded,720,LatentFlow,physics_modal_v4/enhancements/results/channel_order_expanded/runs/permutation_104729/seed42/Electricity/h720.json,179eab441d8187aaeae5a90e2009692942e3aef1f2da88f74e35b381b44e5118,42,permutation_104729
/work/11617/sujato_ts/vista/motion_code-master/physics_modal_v4/enhancements/results/channel_order_expanded/checkpoints/permutation_104729/seed42/Traffic/h720.pt,14ab0160888acd9c,False,Traffic,channel_order_expanded,720,LatentFlow,physics_modal_v4/enhancements/results/channel_order_expanded/runs/permutation_104729/seed42/Traffic/h720.json,ccc0bae56dd0731dfc28903f4d101b3b1eee0fac5e32204a57bc0303acbd5218,42,permutation_104729
/work/11617/sujato_ts/vista/motion_code-master/physics_modal_v4/enhancements/results/channel_order_expanded/checkpoints/permutation_4817/seed42/Electricity/h720.pt,ff0a3bc9778e4830,False,Electricity,channel_order_expanded,720,LatentFlow,physics_modal_v4/enhancements/results/channel_order_expanded/runs/permutation_4817/seed42/Electricity/h720.json,417461612d68be8aa7e3ca5ff600497900d7879d86b9913c3afdf6b37fa71928,42,permutation_4817
/work/11617/sujato_ts/vista/motion_code-master/physics_modal_v4/enhancements/results/channel_order_expanded/checkpoints/permutation_4817/seed42/Traffic/h720.pt,14ab0160888acd9c,False,Traffic,channel_order_expanded,720,LatentFlow,physics_modal_v4/enhancements/results/channel_order_expanded/runs/permutation_4817/seed42/Traffic/h720.json,3aba25b6a83cf996a994a0564fca1a30f28424dc946acbdf78c1692b2330aa8a,42,permutation_4817
/work/11617/sujato_ts/vista/motion_code-master/physics_modal_v4/enhancements/results/channel_order_expanded/checkpoints/permutation_7919/seed42/Electricity/h720.pt,ff0a3bc9778e4830,False,Electricity,channel_order_expanded,720,LatentFlow,physics_modal_v4/enhancements/results/channel_order_expanded/runs/permutation_7919/seed42/Electricity/h720.json,da43182df07dedb01ee6686fe200f3e7866c86c7c4b945e84ba8d9220055d87d,42,permutation_7919
/work/11617/sujato_ts/vista/motion_code-master/physics_modal_v4/enhancements/results/channel_order_expanded/checkpoints/permutation_7919/seed42/Traffic/h720.pt,14ab0160888acd9c,False,Traffic,channel_order_expanded,720,LatentFlow,physics_modal_v4/enhancements/results/channel_order_expanded/runs/permutation_7919/seed42/Traffic/h720.json,36b20a5fe78d933ea371dda3ece219a23d5bd2539bfecf1d72d36dca801d7345,42,permutation_7919
/work/11617/sujato_ts/vista/motion_code-master/physics_modal_v4/enhancements/results/synthetic/checkpoints/abrupt_noisy/early_fusion/seed44.pt,e6364c934602539f,False,SyntheticRevision,synthetic,96,LatentFlow,physics_modal_v4/enhancements/results/synthetic/runs/abrupt_noisy/early_fusion/seed44.json,3728611c06d8c73921508b4a027633f310c0eec6c0ce3055ae05ec7ed94f7d53,44,early_fusion
/work/11617/sujato_ts/vista/motion_code-master/physics_modal_v4/enhancements/results/synthetic/checkpoints/abrupt_noisy/early_fusion/seed45.pt,5d2cd64b6ca8d302,False,SyntheticRevision,synthetic,96,LatentFlow,physics_modal_v4/enhancements/results/synthetic/runs/abrupt_noisy/early_fusion/seed45.json,5ec18a58f8b43bccb0b4c79b2fdcc28c59ddd90c8b70e26296135de440b6686f,45,early_fusion
/work/11617/sujato_ts/vista/motion_code-master/physics_modal_v4/enhancements/results/synthetic/checkpoints/abrupt_noisy/independent_branches/seed44.pt,99a6f2e2f19e258d,False,SyntheticRevision,synthetic,96,LatentFlow,physics_modal_v4/enhancements/results/synthetic/runs/abrupt_noisy/independent_branches/seed44.json,1117ace83f82ce7116fa41b1e3cf9e83a1f6c1578ddfae84d72544f346c19d67,44,independent_branches
/work/11617/sujato_ts/vista/motion_code-master/physics_modal_v4/enhancements/results/synthetic/checkpoints/abrupt_noisy/independent_branches/seed45.pt,3a953423254f7a7c,False,SyntheticRevision,synthetic,96,LatentFlow,physics_modal_v4/enhancements/results/synthetic/runs/abrupt_noisy/independent_branches/seed45.json,0dde17552e321553aa6b6387c756fb989657fe6016891dbc88bc0129cc2f7066,45,independent_branches
/work/11617/sujato_ts/vista/motion_code-master/physics_modal_v4/enhancements/results/synthetic/checkpoints/abrupt_noisy/process_preserving/seed44.pt,5ccf7d6397b5f17a,False,SyntheticRevision,synthetic,96,LatentFlow,physics_modal_v4/enhancements/results/synthetic/runs/abrupt_noisy/process_preserving/seed44.json,b4ab37cfa00d89aa1e6115cc9e559feaf027760ae2799e97a32b7154af5f85ae,44,process_preserving
/work/11617/sujato_ts/vista/motion_code-master/physics_modal_v4/enhancements/results/synthetic/checkpoints/abrupt_noisy/process_preserving/seed45.pt,81a4815419064ce1,False,SyntheticRevision,synthetic,96,LatentFlow,physics_modal_v4/enhancements/results/synthetic/runs/abrupt_noisy/process_preserving/seed45.json,dc7cee305fcec741070910b041353bcb7fac46c0b19ccf89a81e8a1f941ade41,45,process_preserving
/work/11617/sujato_ts/vista/motion_code-master/physics_modal_v4/enhancements/results/synthetic/checkpoints/interacting/early_fusion/seed42.pt,276578cb43e425c6,False,SyntheticRevision,synthetic,96,LatentFlow,physics_modal_v4/enhancements/results/synthetic/runs/interacting/early_fusion/seed42.json,cca8808c2eb43b36ba1aa91878e6c3a89ff6bf5846c2b236678f2721e063a7ee,42,early_fusion
/work/11617/sujato_ts/vista/motion_code-master/physics_modal_v4/enhancements/results/synthetic/checkpoints/interacting/early_fusion/seed43.pt,a0accdccecb63c19,False,SyntheticRevision,synthetic,96,LatentFlow,physics_modal_v4/enhancements/results/synthetic/runs/interacting/early_fusion/seed43.json,18dc5abee4e8266417825624de992923c1484f9ae636c820e296c6f9f65251d4,43,early_fusion
/work/11617/sujato_ts/vista/motion_code-master/physics_modal_v4/enhancements/results/synthetic/checkpoints/interacting/early_fusion/seed44.pt,6f9372bedfddc628,False,SyntheticRevision,synthetic,96,LatentFlow,physics_modal_v4/enhancements/results/synthetic/runs/interacting/early_fusion/seed44.json,b5f1b54e3665537f312e09ad74d1cf76df79787fff732be82a32bafd3c43e243,44,early_fusion
/work/11617/sujato_ts/vista/motion_code-master/physics_modal_v4/enhancements/results/synthetic/checkpoints/interacting/early_fusion/seed45.pt,9c7aba46db4125ac,False,SyntheticRevision,synthetic,96,LatentFlow,physics_modal_v4/enhancements/results/synthetic/runs/interacting/early_fusion/seed45.json,f7308ca13c7d7d47df8d53cc1d350faafcea303041dc3d2dac0b2fdc22daafab,45,early_fusion
/work/11617/sujato_ts/vista/motion_code-master/physics_modal_v4/enhancements/results/synthetic/checkpoints/interacting/early_fusion/seed46.pt,c8753ccc8dceaf94,False,SyntheticRevision,synthetic,96,LatentFlow,physics_modal_v4/enhancements/results/synthetic/runs/interacting/early_fusion/seed46.json,e6d17a0bf6d0ebdfc8ee22e9ced1918a16e6dc013c6d4d9135f7c7bc1a32225e,46,early_fusion
/work/11617/sujato_ts/vista/motion_code-master/physics_modal_v4/enhancements/results/synthetic/checkpoints/interacting/independent_branches/seed42.pt,ec8c72748ee32ed0,False,SyntheticRevision,synthetic,96,LatentFlow,physics_modal_v4/enhancements/results/synthetic/runs/interacting/independent_branches/seed42.json,1484e23f2a7ea7cb7ae6ff625aa3a761a30bf5be3818b623452550eb7dd98d74,42,independent_branches
/work/11617/sujato_ts/vista/motion_code-master/physics_modal_v4/enhancements/results/synthetic/checkpoints/interacting/independent_branches/seed43.pt,da3eeb4a5bea36c9,False,SyntheticRevision,synthetic,96,LatentFlow,physics_modal_v4/enhancements/results/synthetic/runs/interacting/independent_branches/seed43.json,8212fb77c1f8c2543bf8bd467006303a83662e4d5d46cb0af6669ef1b3c357a8,43,independent_branches
/work/11617/sujato_ts/vista/motion_code-master/physics_modal_v4/enhancements/results/synthetic/checkpoints/interacting/independent_branches/seed44.pt,63d08dfb308a67cf,False,SyntheticRevision,synthetic,96,LatentFlow,physics_modal_v4/enhancements/results/synthetic/runs/interacting/independent_branches/seed44.json,ad4fed28bf443f1f0118fd368c1bc2ee3303e52cb6cd3c9f6b21182d0c8cc347,44,independent_branches
/work/11617/sujato_ts/vista/motion_code-master/physics_modal_v4/enhancements/results/synthetic/checkpoints/interacting/independent_branches/seed45.pt,023a27834e560aaf,False,SyntheticRevision,synthetic,96,LatentFlow,physics_modal_v4/enhancements/results/synthetic/runs/interacting/independent_branches/seed45.json,a2da2bda284d1673fcf3f0899215aa6fdf71aa095ca51ad88c445306d01fb29d,45,independent_branches
/work/11617/sujato_ts/vista/motion_code-master/physics_modal_v4/enhancements/results/synthetic/checkpoints/interacting/independent_branches/seed46.pt,01a9f6a7d34198aa,False,SyntheticRevision,synthetic,96,LatentFlow,physics_modal_v4/enhancements/results/synthetic/runs/interacting/independent_branches/seed46.json,d8777c1ad11f2d0c9627ff949fefcddbdc70e4dfa1b3020061134eab3a6ba88b,46,independent_branches
/work/11617/sujato_ts/vista/motion_code-master/physics_modal_v4/enhancements/results/synthetic/checkpoints/interacting/process_preserving/seed42.pt,0f7daaa34b6828aa,False,SyntheticRevision,synthetic,96,LatentFlow,physics_modal_v4/enhancements/results/synthetic/runs/interacting/process_preserving/seed42.json,c76bae64565ef19129815332662027d6f5bb56d85ad8926e5689b4ec28be61ab,42,process_preserving
/work/11617/sujato_ts/vista/motion_code-master/physics_modal_v4/enhancements/results/synthetic/checkpoints/interacting/process_preserving/seed43.pt,4b3f91f7374519b3,False,SyntheticRevision,synthetic,96,LatentFlow,physics_modal_v4/enhancements/results/synthetic/runs/interacting/process_preserving/seed43.json,edd5a29bfdb76772ef6a3aafe060cda9377e6dfc1d80f225ddcfd09bb30b56b7,43,process_preserving
/work/11617/sujato_ts/vista/motion_code-master/physics_modal_v4/enhancements/results/synthetic/checkpoints/interacting/process_preserving/seed44.pt,3e3e2e8a1fed14eb,False,SyntheticRevision,synthetic,96,LatentFlow,physics_modal_v4/enhancements/results/synthetic/runs/interacting/process_preserving/seed44.json,7636d42fcb55060bc301b9afe596d3c78f5aec7fda53f44a71c51650f12fa763,44,process_preserving
/work/11617/sujato_ts/vista/motion_code-master/physics_modal_v4/enhancements/results/synthetic/checkpoints/interacting/process_preserving/seed45.pt,6ad94a83e4a667b1,False,SyntheticRevision,synthetic,96,LatentFlow,physics_modal_v4/enhancements/results/synthetic/runs/interacting/process_preserving/seed45.json,3c0ed5b8a4a3f027db81d366be76035e12679f1ad28ba03039d9d2fcc40510e7,45,process_preserving
/work/11617/sujato_ts/vista/motion_code-master/physics_modal_v4/enhancements/results/synthetic/checkpoints/interacting/process_preserving/seed46.pt,bbcec53d737c078f,False,SyntheticRevision,synthetic,96,LatentFlow,physics_modal_v4/enhancements/results/synthetic/runs/interacting/process_preserving/seed46.json,46a2c6605834822df0c0c3e7c8f40aac6c5ca2ce4870f6ae7d0109e7b32672e1,46,process_preserving
/work/11617/sujato_ts/vista/motion_code-master/physics_modal_v4/enhancements/results/synthetic/checkpoints/long_horizon/early_fusion/seed46.pt,b1b8a365090fde17,False,SyntheticRevision,synthetic,720,LatentFlow,physics_modal_v4/enhancements/results/synthetic/runs/long_horizon/early_fusion/seed46.json,767c953da759196cb540369c6a54b00395056417fb39289206369ee9a43888d7,46,early_fusion
/work/11617/sujato_ts/vista/motion_code-master/physics_modal_v4/enhancements/results/synthetic/checkpoints/long_horizon/independent_branches/seed46.pt,743c569302b1cb74,False,SyntheticRevision,synthetic,720,LatentFlow,physics_modal_v4/enhancements/results/synthetic/runs/long_horizon/independent_branches/seed46.json,d32be8e57df33a8dd868b59fd9c9fc28ce9f15d5075f16f357eae3dc4ba213c9,46,independent_branches
/work/11617/sujato_ts/vista/motion_code-master/physics_modal_v4/enhancements/results/synthetic/checkpoints/long_horizon/process_preserving/seed46.pt,97e4e4f9c1f62cbb,False,SyntheticRevision,synthetic,720,LatentFlow,physics_modal_v4/enhancements/results/synthetic/runs/long_horizon/process_preserving/seed46.json,16f8317fa4c914ae9e0d95f94948720e0a385972fc299a395113668fad516263,46,process_preserving
/work/11617/sujato_ts/vista/motion_code-master/physics_modal_v4/enhancements/results/synthetic/checkpoints/long_ou/early_fusion/seed42.pt,bc60490195ab6567,False,SyntheticRevision,synthetic,96,LatentFlow,physics_modal_v4/enhancements/results/synthetic/runs/long_ou/early_fusion/seed42.json,7a94c39b847499c8a35c3b3134fe501bacebcfba37f6fb98d051a7d143147480,42,early_fusion
/work/11617/sujato_ts/vista/motion_code-master/physics_modal_v4/enhancements/results/synthetic/checkpoints/long_ou/early_fusion/seed43.pt,38697ff3d9d68501,False,SyntheticRevision,synthetic,96,LatentFlow,physics_modal_v4/enhancements/results/synthetic/runs/long_ou/early_fusion/seed43.json,86b9c84cdc6d4f75a8b42a3e476837106c6e2061c7e66197c6d8d2377c69f662,43,early_fusion
/work/11617/sujato_ts/vista/motion_code-master/physics_modal_v4/enhancements/results/synthetic/checkpoints/long_ou/independent_branches/seed42.pt,0ead8dc0397e0cf9,False,SyntheticRevision,synthetic,96,LatentFlow,physics_modal_v4/enhancements/results/synthetic/runs/long_ou/independent_branches/seed42.json,4f187c56222c89f525c8e41a35980a7999c6452b30f798392942f4f4e48633cd,42,independent_branches
/work/11617/sujato_ts/vista/motion_code-master/physics_modal_v4/enhancements/results/synthetic/checkpoints/long_ou/independent_branches/seed43.pt,3ef87acca9c28cd1,False,SyntheticRevision,synthetic,96,LatentFlow,physics_modal_v4/enhancements/results/synthetic/runs/long_ou/independent_branches/seed43.json,aef23c1d24ba285a7ca58b6beedc2e29fd0cef088b9b7acf93d1949167f31f24,43,independent_branches
/work/11617/sujato_ts/vista/motion_code-master/physics_modal_v4/enhancements/results/synthetic/checkpoints/long_ou/process_preserving/seed42.pt,d424b06c5a9f4757,False,SyntheticRevision,synthetic,96,LatentFlow,physics_modal_v4/enhancements/results/synthetic/runs/long_ou/process_preserving/seed42.json,3c6394df333b7f1bb3ada86cc323bf9df88555c5030de5cc1280bf6db31ae600,42,process_preserving
/work/11617/sujato_ts/vista/motion_code-master/physics_modal_v4/enhancements/results/synthetic/checkpoints/long_ou/process_preserving/seed43.pt,3f246fddc4b177a3,False,SyntheticRevision,synthetic,96,LatentFlow,physics_modal_v4/enhancements/results/synthetic/runs/long_ou/process_preserving/seed43.json,f31d6216ec7a60ef8048f2d1349de5ca6c6e4bfc9dabb4972cb9af272228725b,43,process_preserving
/work/11617/sujato_ts/vista/motion_code-master/physics_modal_v4/enhancements/results/synthetic/checkpoints/period_drift/early_fusion/seed42.pt,30bb62b3a2fd74a1,False,SyntheticRevision,synthetic,96,LatentFlow,physics_modal_v4/enhancements/results/synthetic/runs/period_drift/early_fusion/seed42.json,e5282dc8e1bea4feebc364d5948dc2cce3a3f859fb952daeb0fe72d3e8375543,42,early_fusion
/work/11617/sujato_ts/vista/motion_code-master/physics_modal_v4/enhancements/results/synthetic/checkpoints/period_drift/early_fusion/seed43.pt,f50b7df4bc9cd891,False,SyntheticRevision,synthetic,96,LatentFlow,physics_modal_v4/enhancements/results/synthetic/runs/period_drift/early_fusion/seed43.json,ef0c637e100dbe94b40eca47e6c2507fa21b7355f592f1b2e14fd9ec0c84a40b,43,early_fusion
/work/11617/sujato_ts/vista/motion_code-master/physics_modal_v4/enhancements/results/synthetic/checkpoints/period_drift/early_fusion/seed44.pt,4d0f466add360787,False,SyntheticRevision,synthetic,96,LatentFlow,physics_modal_v4/enhancements/results/synthetic/runs/period_drift/early_fusion/seed44.json,fdd0bdbc71fefc1dfb901f7535c986910206e8f257459c7769ca6a0e175f2328,44,early_fusion
/work/11617/sujato_ts/vista/motion_code-master/physics_modal_v4/enhancements/results/synthetic/checkpoints/period_drift/early_fusion/seed45.pt,c6176664c5bc6ad9,False,SyntheticRevision,synthetic,96,LatentFlow,physics_modal_v4/enhancements/results/synthetic/runs/period_drift/early_fusion/seed45.json,3b43dd1c4eda0410fea9997b93ab0e82f25dc516f2e58fc33b4a45dd279b4c13,45,early_fusion
/work/11617/sujato_ts/vista/motion_code-master/physics_modal_v4/enhancements/results/synthetic/checkpoints/period_drift/early_fusion/seed46.pt,380b3f8bbe7e260f,False,SyntheticRevision,synthetic,96,LatentFlow,physics_modal_v4/enhancements/results/synthetic/runs/period_drift/early_fusion/seed46.json,11fc52fe2049535d09cc5fe6532a00134cfa72a57ab1f75f28120c0c4ceb2188,46,early_fusion
/work/11617/sujato_ts/vista/motion_code-master/physics_modal_v4/enhancements/results/synthetic/checkpoints/period_drift/independent_branches/seed42.pt,0663abe32ae1aac9,False,SyntheticRevision,synthetic,96,LatentFlow,physics_modal_v4/enhancements/results/synthetic/runs/period_drift/independent_branches/seed42.json,40b8142fc7d9a99f081f141cc2582d71e754d137a7edb49170b5e9d7b0534f53,42,independent_branches
/work/11617/sujato_ts/vista/motion_code-master/physics_modal_v4/enhancements/results/synthetic/checkpoints/period_drift/independent_branches/seed43.pt,1fc583ecaa8e86b8,False,SyntheticRevision,synthetic,96,LatentFlow,physics_modal_v4/enhancements/results/synthetic/runs/period_drift/independent_branches/seed43.json,82a49517aeb97dcea56f49cc47de7c017d0a96b805615deb74381d52d47ba83a,43,independent_branches
/work/11617/sujato_ts/vista/motion_code-master/physics_modal_v4/enhancements/results/synthetic/checkpoints/period_drift/independent_branches/seed44.pt,e40b38213a1bb7fe,False,SyntheticRevision,synthetic,96,LatentFlow,physics_modal_v4/enhancements/results/synthetic/runs/period_drift/independent_branches/seed44.json,fcbf87b00a0fb10a225ad4c727661b3b308dc479634907cd022ec65415b06b85,44,independent_branches
/work/11617/sujato_ts/vista/motion_code-master/physics_modal_v4/enhancements/results/synthetic/checkpoints/period_drift/independent_branches/seed45.pt,30cf18522cbdbdd8,False,SyntheticRevision,synthetic,96,LatentFlow,physics_modal_v4/enhancements/results/synthetic/runs/period_drift/independent_branches/seed45.json,501aea813578058eed54ab7e77d34b5f30e377f8cefe8f6818de640a5b436c34,45,independent_branches
/work/11617/sujato_ts/vista/motion_code-master/physics_modal_v4/enhancements/results/synthetic/checkpoints/period_drift/independent_branches/seed46.pt,792d845a2728d854,False,SyntheticRevision,synthetic,96,LatentFlow,physics_modal_v4/enhancements/results/synthetic/runs/period_drift/independent_branches/seed46.json,4a0670d05fcca930f5226967e796a11b1bb5d02933f1b823b449484bdcfd64ef,46,independent_branches
/work/11617/sujato_ts/vista/motion_code-master/physics_modal_v4/enhancements/results/synthetic/checkpoints/period_drift/process_preserving/seed42.pt,35ead96c887a9494,False,SyntheticRevision,synthetic,96,LatentFlow,physics_modal_v4/enhancements/results/synthetic/runs/period_drift/process_preserving/seed42.json,af833348d565e22eec843f8af3337a34dfeafa634ee8eea15a4753c9b30d6f85,42,process_preserving
/work/11617/sujato_ts/vista/motion_code-master/physics_modal_v4/enhancements/results/synthetic/checkpoints/period_drift/process_preserving/seed43.pt,91527bbc61c4c167,False,SyntheticRevision,synthetic,96,LatentFlow,physics_modal_v4/enhancements/results/synthetic/runs/period_drift/process_preserving/seed43.json,c3af195ed96215f5ee22ccd0fd80564b999f7cc40e0887a4d9ec0104c43f8b05,43,process_preserving
/work/11617/sujato_ts/vista/motion_code-master/physics_modal_v4/enhancements/results/synthetic/checkpoints/period_drift/process_preserving/seed44.pt,22acbd1fb6aa44e6,False,SyntheticRevision,synthetic,96,LatentFlow,physics_modal_v4/enhancements/results/synthetic/runs/period_drift/process_preserving/seed44.json,f39eb3a6d2a2b1cb9cf3b0d9e106b419a50e5692d85105e78c6e4e0228451304,44,process_preserving
/work/11617/sujato_ts/vista/motion_code-master/physics_modal_v4/enhancements/results/synthetic/checkpoints/period_drift/process_preserving/seed45.pt,b77734511ecae98d,False,SyntheticRevision,synthetic,96,LatentFlow,physics_modal_v4/enhancements/results/synthetic/runs/period_drift/process_preserving/seed45.json,f939bd6de0321e0e31cf3aa5bbf9058e7a43c0058b3f7ad967a6232e4f5f0956,45,process_preserving
/work/11617/sujato_ts/vista/motion_code-master/physics_modal_v4/enhancements/results/synthetic/checkpoints/period_drift/process_preserving/seed46.pt,fb5ee58e851ce0e7,False,SyntheticRevision,synthetic,96,LatentFlow,physics_modal_v4/enhancements/results/synthetic/runs/period_drift/process_preserving/seed46.json,6a91bc3dc345bf34b018e7bca9b3b926e9bbbb3b1afa6e02aff1c21173911793,46,process_preserving
/work/11617/sujato_ts/vista/motion_code-master/physics_modal_v4/enhancements/results/synthetic/checkpoints/reference/early_fusion/seed42.pt,de090ea923a955e8,False,SyntheticRevision,synthetic,96,LatentFlow,physics_modal_v4/enhancements/results/synthetic/runs/reference/early_fusion/seed42.json,4dddf2fc8287968b082ec46d0eba9f682b32b4dc2adc8c992d028c707934fca5,42,early_fusion
/work/11617/sujato_ts/vista/motion_code-master/physics_modal_v4/enhancements/results/synthetic/checkpoints/reference/early_fusion/seed43.pt,4537c761406ccd4a,False,SyntheticRevision,synthetic,96,LatentFlow,physics_modal_v4/enhancements/results/synthetic/runs/reference/early_fusion/seed43.json,1bebabc9aa4084e609243ed93b748480bb57456b15fe3779fa4020709941bc3c,43,early_fusion
/work/11617/sujato_ts/vista/motion_code-master/physics_modal_v4/enhancements/results/synthetic/checkpoints/reference/early_fusion/seed44.pt,7e9fbe8f714dc346,False,SyntheticRevision,synthetic,96,LatentFlow,physics_modal_v4/enhancements/results/synthetic/runs/reference/early_fusion/seed44.json,198401c2b2a25467d8bde1d0aaee6614fa7b0c6bc9e3f3d9ef540162c78042ce,44,early_fusion
/work/11617/sujato_ts/vista/motion_code-master/physics_modal_v4/enhancements/results/synthetic/checkpoints/reference/early_fusion/seed45.pt,2d11861f3908961c,False,SyntheticRevision,synthetic,96,LatentFlow,physics_modal_v4/enhancements/results/synthetic/runs/reference/early_fusion/seed45.json,675af4bfaac0630b83709cc4159918bd7e949059073ce25998f39e36e1fc0269,45,early_fusion
/work/11617/sujato_ts/vista/motion_code-master/physics_modal_v4/enhancements/results/synthetic/checkpoints/reference/early_fusion/seed46.pt,9d2e5cc6f1edfa0a,False,SyntheticRevision,synthetic,96,LatentFlow,physics_modal_v4/enhancements/results/synthetic/runs/reference/early_fusion/seed46.json,13cb62e47013142fcacf1ae81802d59889c563e6d438d0029ce66ff2ffa52694,46,early_fusion
/work/11617/sujato_ts/vista/motion_code-master/physics_modal_v4/enhancements/results/synthetic/checkpoints/reference/independent_branches/seed42.pt,66c068dcac6ad9d7,False,SyntheticRevision,synthetic,96,LatentFlow,physics_modal_v4/enhancements/results/synthetic/runs/reference/independent_branches/seed42.json,c3696136af7c4731f55c7db813b3f9ea0b1fb60ee936549e3131d760797882af,42,independent_branches
/work/11617/sujato_ts/vista/motion_code-master/physics_modal_v4/enhancements/results/synthetic/checkpoints/reference/independent_branches/seed43.pt,24233759a7c6f845,False,SyntheticRevision,synthetic,96,LatentFlow,physics_modal_v4/enhancements/results/synthetic/runs/reference/independent_branches/seed43.json,982b6734640af84300b9822ae6c0553e5d67d0a4a73f36fb72a3b58dc3cd64e6,43,independent_branches
/work/11617/sujato_ts/vista/motion_code-master/physics_modal_v4/enhancements/results/synthetic/checkpoints/reference/independent_branches/seed44.pt,45c7959dbc2bf8a2,False,SyntheticRevision,synthetic,96,LatentFlow,physics_modal_v4/enhancements/results/synthetic/runs/reference/independent_branches/seed44.json,003c21d723fec9213276ab3310b42060d4691e3b7e948e43824c2c1682cc0ae0,44,independent_branches
/work/11617/sujato_ts/vista/motion_code-master/physics_modal_v4/enhancements/results/synthetic/checkpoints/reference/independent_branches/seed45.pt,7c6d236c0ecccfbd,False,SyntheticRevision,synthetic,96,LatentFlow,physics_modal_v4/enhancements/results/synthetic/runs/reference/independent_branches/seed45.json,efb3f876e7dc0e8947e87d7898bf09969078bae601466dbce0862bf57dc85180,45,independent_branches
/work/11617/sujato_ts/vista/motion_code-master/physics_modal_v4/enhancements/results/synthetic/checkpoints/reference/independent_branches/seed46.pt,803611280e54c05e,False,SyntheticRevision,synthetic,96,LatentFlow,physics_modal_v4/enhancements/results/synthetic/runs/reference/independent_branches/seed46.json,49d9644d3b2b28a842cb23f09d70799cdaed4ea9a6c5a95b68324587909c4feb,46,independent_branches
/work/11617/sujato_ts/vista/motion_code-master/physics_modal_v4/enhancements/results/synthetic/checkpoints/reference/process_preserving/seed42.pt,48d85a606963387c,False,SyntheticRevision,synthetic,96,LatentFlow,physics_modal_v4/enhancements/results/synthetic/runs/reference/process_preserving/seed42.json,c150aa41979c7ae50d9a98231ece8bff397496530aee87e4bbb6c09e8be08ec8,42,process_preserving
/work/11617/sujato_ts/vista/motion_code-master/physics_modal_v4/enhancements/results/synthetic/checkpoints/reference/process_preserving/seed43.pt,2c6d9926052c7d53,False,SyntheticRevision,synthetic,96,LatentFlow,physics_modal_v4/enhancements/results/synthetic/runs/reference/process_preserving/seed43.json,0b8ae1435968d874bca24441f677ec7f80e65a6dd73fa41e9d73d5025853f692,43,process_preserving
/work/11617/sujato_ts/vista/motion_code-master/physics_modal_v4/enhancements/results/synthetic/checkpoints/reference/process_preserving/seed44.pt,082d867b853f65e0,False,SyntheticRevision,synthetic,96,LatentFlow,physics_modal_v4/enhancements/results/synthetic/runs/reference/process_preserving/seed44.json,bfac9b3d542b2fcc98b2533d531a8575728f4d54488bc4b1c1f9bb1bf93699a8,44,process_preserving
/work/11617/sujato_ts/vista/motion_code-master/physics_modal_v4/enhancements/results/synthetic/checkpoints/reference/process_preserving/seed45.pt,18243d899ca8f2a0,False,SyntheticRevision,synthetic,96,LatentFlow,physics_modal_v4/enhancements/results/synthetic/runs/reference/process_preserving/seed45.json,ddfec2ff38e7d139dcccae3edbf5460f4b5951c2ebf52a3aa016ae97e139d61c,45,process_preserving
/work/11617/sujato_ts/vista/motion_code-master/physics_modal_v4/enhancements/results/synthetic/checkpoints/reference/process_preserving/seed46.pt,abc95539a29ca8a3,False,SyntheticRevision,synthetic,96,LatentFlow,physics_modal_v4/enhancements/results/synthetic/runs/reference/process_preserving/seed46.json,93de5cb43b474e0f3396e2f02ccf508b643c5c6d4749b700058ef5d7dc46ec39,46,process_preserving
/work/11617/sujato_ts/vista/motion_code-master/physics_modal_v4/enhancements/results/real_channel_scaling/checkpoints/LatentFlow/C128.pt,59d719d3e440cf91,False,Traffic,real_channel_scaling,720,LatentFlow,physics_modal_v4/enhancements/results/real_channel_scaling/runs/LatentFlow/C128.json,3f4a93daff883a40d4eeac7386cea7e66052135c80e567efd6d3554e86daf350,42,
/work/11617/sujato_ts/vista/motion_code-master/physics_modal_v4/enhancements/results/real_channel_scaling/checkpoints/LatentFlow/C256.pt,36a62556264f5630,False,Traffic,real_channel_scaling,720,LatentFlow,physics_modal_v4/enhancements/results/real_channel_scaling/runs/LatentFlow/C256.json,0bfa0775e4fce20b0cae1130be61b0328e44d30e1ec15728fde4831208413a72,42,
/work/11617/sujato_ts/vista/motion_code-master/physics_modal_v4/enhancements/results/real_channel_scaling/checkpoints/LatentFlow/C32.pt,3875d02b1bb45fe6,False,Traffic,real_channel_scaling,720,LatentFlow,physics_modal_v4/enhancements/results/real_channel_scaling/runs/LatentFlow/C32.json,7f5bc2bc745d81c92c6286bc2362515763190cf29b942d49981f757bddeb6703,42,
/work/11617/sujato_ts/vista/motion_code-master/physics_modal_v4/enhancements/results/real_channel_scaling/checkpoints/LatentFlow/C512.pt,9ccccbd9217d0ba2,False,Traffic,real_channel_scaling,720,LatentFlow,physics_modal_v4/enhancements/results/real_channel_scaling/runs/LatentFlow/C512.json,6d60baffd66aad2fa42ade7ecdba0aa8efb107d466b9e9e068260ae05de474c2,42,
/work/11617/sujato_ts/vista/motion_code-master/physics_modal_v4/enhancements/results/real_channel_scaling/checkpoints/LatentFlow/C64.pt,9b06126b393719c6,False,Traffic,real_channel_scaling,720,LatentFlow,physics_modal_v4/enhancements/results/real_channel_scaling/runs/LatentFlow/C64.json,2da3da6ee3bdb9987e92a396816f55d6742eb69fd0fa737b179f53da2ff10600,42,
/work/11617/sujato_ts/vista/motion_code-master/physics_modal_v4/enhancements/results/real_channel_scaling/checkpoints/LatentFlow/C862.pt,07d207f171b4030d,False,Traffic,real_channel_scaling,720,LatentFlow,physics_modal_v4/enhancements/results/real_channel_scaling/runs/LatentFlow/C862.json,f330862f49eba6fc824091d171c11681dab9ce7161ae40c58b87175484d29246,42,
/work/11617/sujato_ts/vista/motion_code-master/physics_modal_v4/enhancements/results/real_channel_scaling/checkpoints/TimePro/C128.pt,aa6089cbe749d264,False,Traffic,real_channel_scaling,720,TimePro,physics_modal_v4/enhancements/results/real_channel_scaling/runs/TimePro/C128.json,7973aba927081cdafe705826b71bb956a449d0b3e461e15c315c797c92b6a9c1,42,
/work/11617/sujato_ts/vista/motion_code-master/physics_modal_v4/enhancements/results/real_channel_scaling/checkpoints/TimePro/C256.pt,9d80ef5caab10341,False,Traffic,real_channel_scaling,720,TimePro,physics_modal_v4/enhancements/results/real_channel_scaling/runs/TimePro/C256.json,bf631413a49f7d8f488f4e2e773d0c3a630aad449f9dababc3952e3efbd45a14,42,
/work/11617/sujato_ts/vista/motion_code-master/physics_modal_v4/enhancements/results/real_channel_scaling/checkpoints/TimePro/C32.pt,86aa305ff4630002,False,Traffic,real_channel_scaling,720,TimePro,physics_modal_v4/enhancements/results/real_channel_scaling/runs/TimePro/C32.json,7ac3158c114ce55cc21c915236b2a41ccecd2b79aaee1379dbb0582380a8c8aa,42,
/work/11617/sujato_ts/vista/motion_code-master/physics_modal_v4/enhancements/results/real_channel_scaling/checkpoints/TimePro/C512.pt,c8cb074ab0e9823b,False,Traffic,real_channel_scaling,720,TimePro,physics_modal_v4/enhancements/results/real_channel_scaling/runs/TimePro/C512.json,9b87112e794ca630132f8f6ae32825fdb7b4764ac52cd3e0289bbc76b73f986f,42,
/work/11617/sujato_ts/vista/motion_code-master/physics_modal_v4/enhancements/results/real_channel_scaling/checkpoints/TimePro/C64.pt,e177ff1a835e443a,False,Traffic,real_channel_scaling,720,TimePro,physics_modal_v4/enhancements/results/real_channel_scaling/runs/TimePro/C64.json,f1d4593070034c668871a7c0c4c2febe60e292f01d7ca59d45cc96d3754c381f,42,
/work/11617/sujato_ts/vista/motion_code-master/physics_modal_v4/enhancements/results/real_channel_scaling/checkpoints/TimePro/C862.pt,906e57c80539142f,False,Traffic,real_channel_scaling,720,TimePro,physics_modal_v4/enhancements/results/real_channel_scaling/runs/TimePro/C862.json,5352a034a6b581b86296b4e9dbf2202972c2ad41c32d6b9e357982815e90c565,42,
