batch_size,best_epoch,best_stage,best_validation_mse,candidate,checkpoint,config_hash,continuation_unfreeze_blocks,cross_process_exchange,dataset,effective_batch_size,elapsed_seconds,enhancement_protocol,experiment,extension_epochs,final_candidate,gradient_clip,head_learning_rate,horizon,inducing_points,inference_ms_batch,latent_dim,learning_rate,mae,max_train_windows,max_validation_windows,model,mse,nll_weight,num_windows,parameters,patch_lens,primal_dual,provenance,reference_epochs,representation_weight,result_path,result_sha256,rmse,seed,selected_config,selection_protocol,seq_len,training_ms_optimizer_step,variant,weight_decay,wide_batch_size
,10,,0.7669677031891686,,/work/11617/sujato_ts/vista/motion_code-master/physics_modal_v4/results/final/checkpoints/iTransformer/seed42/ETTh1/h96.pt,,,,ETTh1,,,,,,,,,96,,2.0147378578089006,,,0.40933896332426317,,,iTransformer,0.393483573693113,,2785.0,290016,,,repository-native matched implementation,,,physics_modal_v4/results/final/headline/runs/iTransformer/seed42/ETTh1/h96.json,b8a90a8d8cd748e51f0e0b1ac42a4cf22d283ae39336b12fa23a7584b438225e,0.6272826904140693,42,,validation MSE only; test evaluated once,,8.690369214127713,,,
16,10,,0.7650130866538911,,/work/11617/sujato_ts/vista/motion_code-master/physics_modal_v4/enhancements/results/strongest_comparator/checkpoints/iTransformer/seed43/ETTh1/h96.pt,9f780354354869e0,,False,ETTh1,16,,strongest-nontimepro-by-dataset-seeds43-46-v1,strongest_comparator,10,latentflow_process_preserving_unfreeze2,5.0,0.001,96,,2.1128108952367723,,0.0007,0.41226003971672204,2048,1024,iTransformer,0.39720279929718827,0.02,2785.0,290016,,False,repository-native matched implementation,2,,physics_modal_v4/enhancements/results/strongest_comparator/runs/iTransformer/seed43/ETTh1/h96.json,563b01ed4d54c6616ada81fc3c96ffe06470747c294b639ad1fde8b9cf5e1750,0.6302402710849159,43,"{'inducing_points': 32, 'latent_dim': 16, 'patch_lens': [16, 32, 48], 'representation_weight': 0.05}",,96,9.36147917600465,iTransformer,0.0001,4
16,10,,0.7657415363050643,,/work/11617/sujato_ts/vista/motion_code-master/physics_modal_v4/enhancements/results/strongest_comparator/checkpoints/iTransformer/seed44/ETTh1/h96.pt,a28e9762f5a56054,,False,ETTh1,16,,strongest-nontimepro-by-dataset-seeds43-46-v1,strongest_comparator,10,latentflow_process_preserving_unfreeze2,5.0,0.001,96,,2.08009697691819,,0.0007,0.4096319891789474,2048,1024,iTransformer,0.39333218146238796,0.02,2785.0,290016,,False,repository-native matched implementation,2,,physics_modal_v4/enhancements/results/strongest_comparator/runs/iTransformer/seed44/ETTh1/h96.json,920f700f4619cc3829b60bd48656429c13d00fa1561aee1567bb861c3369a7bb,0.6271620057548033,44,"{'inducing_points': 32, 'latent_dim': 16, 'patch_lens': [16, 32, 48], 'representation_weight': 0.05}",,96,8.820195542648435,iTransformer,0.0001,4
16,9,,0.7666102732930865,,/work/11617/sujato_ts/vista/motion_code-master/physics_modal_v4/enhancements/results/strongest_comparator/checkpoints/iTransformer/seed45/ETTh1/h96.pt,238e0599eaddb920,,False,ETTh1,16,,strongest-nontimepro-by-dataset-seeds43-46-v1,strongest_comparator,10,latentflow_process_preserving_unfreeze2,5.0,0.001,96,,1.9370526735952427,,0.0007,0.41043908146188596,2048,1024,iTransformer,0.395171798786934,0.02,2785.0,290016,,False,repository-native matched implementation,2,,physics_modal_v4/enhancements/results/strongest_comparator/runs/iTransformer/seed45/ETTh1/h96.json,9490cc94c83dc8313479bcb0bda587e6ba620c902de0f0d952c6233597a638be,0.6286269154171924,45,"{'inducing_points': 32, 'latent_dim': 16, 'patch_lens': [16, 32, 48], 'representation_weight': 0.05}",,96,8.532862204447156,iTransformer,0.0001,4
16,10,,0.7670058955748876,,/work/11617/sujato_ts/vista/motion_code-master/physics_modal_v4/enhancements/results/strongest_comparator/checkpoints/iTransformer/seed46/ETTh1/h96.pt,3ebbc931d75d5870,,False,ETTh1,16,,strongest-nontimepro-by-dataset-seeds43-46-v1,strongest_comparator,10,latentflow_process_preserving_unfreeze2,5.0,0.001,96,,2.079115433315205,,0.0007,0.4103404042903629,2048,1024,iTransformer,0.3947460989549729,0.02,2785.0,290016,,False,repository-native matched implementation,2,,physics_modal_v4/enhancements/results/strongest_comparator/runs/iTransformer/seed46/ETTh1/h96.json,c4a1d939df56e9b58e4b046152c35e67bda28dded0c90fb3165cf756d6d985ea,0.6282882292029455,46,"{'inducing_points': 32, 'latent_dim': 16, 'patch_lens': [16, 32, 48], 'representation_weight': 0.05}",,96,8.894157862232532,iTransformer,0.0001,4
,0,reference,0.7638911305084115,latentflow_process_preserving_unfreeze2,/work/11617/sujato_ts/vista/motion_code-master/physics_modal_v4/results/final/checkpoints/LatentFlow/seed42/ETTh1/h96.pt,,2,False,ETTh1,,145.4600833002478,,,,,,,96,32,7.899467591088631,16,,0.4114095289177025,,,LatentFlow,0.4032240676423306,0.02,2785.0,1441682,16-32-48,False,,,0.05,physics_modal_v4/results/final/headline/runs/LatentFlow/seed42/ETTh1/h96.json,f5ef034a7a0f3784a4f0ee8b07c3bcb4ec49b762e307da840d6f7868e94c1ab9,0.6349992658596785,42,,validation MSE only; test evaluated once,,103.83330036565894,,,
,2,extension,0.768863388470241,latentflow_process_preserving_unfreeze2,/work/11617/sujato_ts/vista/motion_code-master/physics_modal_v4/results/final/checkpoints/LatentFlow/seed43/ETTh1/h96.pt,,2,False,ETTh1,,146.06957472709473,,,,,,,96,32,29.446664275709175,16,,0.41217745236069603,,,LatentFlow,0.39988327339448265,0.02,2785.0,1441682,16-32-48,False,,,0.05,physics_modal_v4/results/final/headline/runs/LatentFlow/seed43/ETTh1/h96.json,2d8da275a6658c93b777234edc900e18a65b9595b3fdf8a60932bd04d1eff5ea,0.6323632448162074,43,,validation MSE only; test evaluated once,,100.84576946019297,,,
,1,extension,0.7697107880598023,latentflow_process_preserving_unfreeze2,/work/11617/sujato_ts/vista/motion_code-master/physics_modal_v4/results/final/checkpoints/LatentFlow/seed44/ETTh1/h96.pt,,2,False,ETTh1,,154.74254742707126,,,,,,,96,32,30.86239822085064,16,,0.41168622904540514,,,LatentFlow,0.4034148573274132,0.02,2785.0,1441682,16-32-48,False,,,0.05,physics_modal_v4/results/final/headline/runs/LatentFlow/seed44/ETTh1/h96.json,84aca2eb3592c7a739879614ff61dead00307657ec4f21f22ef606d7ae33f85a,0.635149476365535,44,,validation MSE only; test evaluated once,,106.20998548747593,,,
,2,extension,0.7649687035452752,latentflow_process_preserving_unfreeze2,/work/11617/sujato_ts/vista/motion_code-master/physics_modal_v4/results/final/checkpoints/LatentFlow/seed45/ETTh1/h96.pt,,2,False,ETTh1,,151.20435913698748,,,,,,,96,32,30.82201950994961,16,,0.4132674598710154,,,LatentFlow,0.40016380671080215,0.02,2785.0,1441682,16-32-48,False,,,0.05,physics_modal_v4/results/final/headline/runs/LatentFlow/seed45/ETTh1/h96.json,4c26d04b847363528a4fabee009a589b2de1261ab20fc516e69c62380b68a76e,0.6325850193537641,45,,validation MSE only; test evaluated once,,104.42833065462764,,,
,6,extension,0.7606990296571028,latentflow_process_preserving_unfreeze2,/work/11617/sujato_ts/vista/motion_code-master/physics_modal_v4/results/final/checkpoints/LatentFlow/seed46/ETTh1/h96.pt,,2,False,ETTh1,,145.15148015134037,,,,,,,96,32,28.89191042201195,16,,0.4216507157923126,,,LatentFlow,0.41173357843303005,0.02,2785.0,1441682,16-32-48,False,,,0.05,physics_modal_v4/results/final/headline/runs/LatentFlow/seed46/ETTh1/h96.json,daede71c91c4145c4d80f30ac23b196f36731a23b78d9b689d295078ac26e584,0.6416646931482439,46,,validation MSE only; test evaluated once,,100.0173849213752,,,
,9,,1.0314762322675615,,/work/11617/sujato_ts/vista/motion_code-master/physics_modal_v4/results/final/checkpoints/iTransformer/seed42/ETTh1/h192.pt,,,,ETTh1,,,,,,,,,192,,2.053676924881447,,,0.44066409022341657,,,iTransformer,0.4481602027355473,,2689.0,302400,,,repository-native matched implementation,,,physics_modal_v4/results/final/headline/runs/iTransformer/seed42/ETTh1/h192.json,e1ab8c0ce297023006ca690aac0d3915418d21fff2bb158f8fa51f28481e8155,0.66944768483844,42,,validation MSE only; test evaluated once,,8.790830887301126,,,
16,10,,1.0294003642740703,,/work/11617/sujato_ts/vista/motion_code-master/physics_modal_v4/enhancements/results/strongest_comparator/checkpoints/iTransformer/seed43/ETTh1/h192.pt,12badc4829f6ab57,,False,ETTh1,16,,strongest-nontimepro-by-dataset-seeds43-46-v1,strongest_comparator,10,latentflow_process_preserving_unfreeze2,5.0,0.001,192,,2.0643820234361185,,0.0007,0.44000378888562247,2048,1024,iTransformer,0.446958477508205,0.02,2689.0,302400,,False,repository-native matched implementation,2,,physics_modal_v4/enhancements/results/strongest_comparator/runs/iTransformer/seed43/ETTh1/h192.json,4de96b2ea6f240c8247b23682fc5076515f3cba2195974de23c15eab05bdad33,0.6685495325764614,43,"{'inducing_points': 32, 'latent_dim': 16, 'patch_lens': [16, 32, 48], 'representation_weight': 0.05}",,96,8.87119995750254,iTransformer,0.0001,4
16,10,,1.028654552641369,,/work/11617/sujato_ts/vista/motion_code-master/physics_modal_v4/enhancements/results/strongest_comparator/checkpoints/iTransformer/seed44/ETTh1/h192.pt,8ca7ee3b891fa326,,False,ETTh1,16,,strongest-nontimepro-by-dataset-seeds43-46-v1,strongest_comparator,10,latentflow_process_preserving_unfreeze2,5.0,0.001,192,,1.8890870353543614,,0.0007,0.43902163612035927,2048,1024,iTransformer,0.44530861903242647,0.02,2689.0,302400,,False,repository-native matched implementation,2,,physics_modal_v4/enhancements/results/strongest_comparator/runs/iTransformer/seed44/ETTh1/h192.json,f0203dc3c8eef4c1369487a270a3fb0c6825558c1d52030bd02b4429365eaae8,0.6673144828582895,44,"{'inducing_points': 32, 'latent_dim': 16, 'patch_lens': [16, 32, 48], 'representation_weight': 0.05}",,96,8.312142387148924,iTransformer,0.0001,4
16,10,,1.032799970536005,,/work/11617/sujato_ts/vista/motion_code-master/physics_modal_v4/enhancements/results/strongest_comparator/checkpoints/iTransformer/seed45/ETTh1/h192.pt,362aa35d12af5aa1,,False,ETTh1,16,,strongest-nontimepro-by-dataset-seeds43-46-v1,strongest_comparator,10,latentflow_process_preserving_unfreeze2,5.0,0.001,192,,2.1917602238077,,0.0007,0.4397225044116867,2048,1024,iTransformer,0.44674795913405807,0.02,2689.0,302400,,False,repository-native matched implementation,2,,physics_modal_v4/enhancements/results/strongest_comparator/runs/iTransformer/seed45/ETTh1/h192.json,c79b6cd7784c3d79c77ae149906ee10d23eda82dcaf9fb1e8d67b14ce7fc4a42,0.6683920699215828,45,"{'inducing_points': 32, 'latent_dim': 16, 'patch_lens': [16, 32, 48], 'representation_weight': 0.05}",,96,9.389385707618203,iTransformer,0.0001,4
16,10,,1.0299482601029533,,/work/11617/sujato_ts/vista/motion_code-master/physics_modal_v4/enhancements/results/strongest_comparator/checkpoints/iTransformer/seed46/ETTh1/h192.pt,51e4da7fc0abd34d,,False,ETTh1,16,,strongest-nontimepro-by-dataset-seeds43-46-v1,strongest_comparator,10,latentflow_process_preserving_unfreeze2,5.0,0.001,192,,2.041363718369639,,0.0007,0.43957114400794234,2048,1024,iTransformer,0.4458276748015465,0.02,2689.0,302400,,False,repository-native matched implementation,2,,physics_modal_v4/enhancements/results/strongest_comparator/runs/iTransformer/seed46/ETTh1/h192.json,80593b62120c73b6c4e7d877b1d3904ab09cfddae767fcd5d240a41dd88db5ff,0.6677032835036432,46,"{'inducing_points': 32, 'latent_dim': 16, 'patch_lens': [16, 32, 48], 'representation_weight': 0.05}",,96,8.7147777172504,iTransformer,0.0001,4
,2,extension,1.0223425460003672,latentflow_process_preserving_unfreeze2,/work/11617/sujato_ts/vista/motion_code-master/physics_modal_v4/results/final/checkpoints/LatentFlow/seed42/ETTh1/h192.pt,,2,False,ETTh1,,148.53247457323596,,,,,,,192,32,30.60323074683101,16,,0.4382346060930079,,,LatentFlow,0.4491692546255481,0.02,2689.0,1535526,16-32-48,False,,,0.05,physics_modal_v4/results/final/headline/runs/LatentFlow/seed42/ETTh1/h192.json,e076a630d8a561e74fec0a827cdef36fa97d6e5f1f4810092f10773f37ae8d81,0.6702009061658661,42,,validation MSE only; test evaluated once,,102.23439767396485,,,
,1,extension,1.0238703198376156,latentflow_process_preserving_unfreeze2,/work/11617/sujato_ts/vista/motion_code-master/physics_modal_v4/results/final/checkpoints/LatentFlow/seed43/ETTh1/h192.pt,,2,False,ETTh1,,140.0709184333682,,,,,,,192,32,29.193845817339636,16,,0.4383906808759351,,,LatentFlow,0.44969086306815714,0.02,2689.0,1535526,16-32-48,False,,,0.05,physics_modal_v4/results/final/headline/runs/LatentFlow/seed43/ETTh1/h192.json,8c30afe4ce93bbb501ef547df042329ccef338ce5f4bbe6f0f5f0581f4caa2ed,0.6705899365992284,43,,validation MSE only; test evaluated once,,98.97498082136735,,,
,1,extension,1.025974528420539,latentflow_process_preserving_unfreeze2,/work/11617/sujato_ts/vista/motion_code-master/physics_modal_v4/results/final/checkpoints/LatentFlow/seed44/ETTh1/h192.pt,,2,False,ETTh1,,144.89135006582364,,,,,,,192,32,29.862601834232223,16,,0.43321985592889645,,,LatentFlow,0.44695659733310056,0.02,2689.0,1535526,16-32-48,False,,,0.05,physics_modal_v4/results/final/headline/runs/LatentFlow/seed44/ETTh1/h192.json,44ddc658a095432490915d1e1b6a57b0c483ffb1ceec50ad7b237a43d03cb55f,0.6685481264150701,44,,validation MSE only; test evaluated once,,102.56517605630506,,,
,2,extension,1.0219778294364612,latentflow_process_preserving_unfreeze2,/work/11617/sujato_ts/vista/motion_code-master/physics_modal_v4/results/final/checkpoints/LatentFlow/seed45/ETTh1/h192.pt,,2,False,ETTh1,,147.02104245312512,,,,,,,192,32,30.897102123516763,16,,0.44599827970414135,,,LatentFlow,0.4645301582105257,0.02,2689.0,1535526,16-32-48,False,,,0.05,physics_modal_v4/results/final/headline/runs/LatentFlow/seed45/ETTh1/h192.json,7891b8c6c641b458e5978d499b30088d714970892c7856240f73087f36e3c78c,0.6815644930676228,45,,validation MSE only; test evaluated once,,104.02921751810936,,,
,1,extension,1.0222430449156534,latentflow_process_preserving_unfreeze2,/work/11617/sujato_ts/vista/motion_code-master/physics_modal_v4/results/final/checkpoints/LatentFlow/seed46/ETTh1/h192.pt,,2,False,ETTh1,,146.0064693633467,,,,,,,192,32,30.801555208727986,16,,0.4362631963314301,,,LatentFlow,0.4480188745654268,0.02,2689.0,1535526,16-32-48,False,,,0.05,physics_modal_v4/results/final/headline/runs/LatentFlow/seed46/ETTh1/h192.json,c774c7a79d2076c2646f3148df77b350fa45f6b17b7c4f55268f45030288da7c,0.6693421207166234,46,,validation MSE only; test evaluated once,,103.23094589839457,,,
,9,,1.2976757936737164,,/work/11617/sujato_ts/vista/motion_code-master/physics_modal_v4/results/final/checkpoints/iTransformer/seed42/ETTh1/h336.pt,,,,ETTh1,,,,,,,,,336,,2.0722676880466633,,,0.4612828175535931,,,iTransformer,0.4876814839662228,,2545.0,320976,,,repository-native matched implementation,,,physics_modal_v4/results/final/headline/runs/iTransformer/seed42/ETTh1/h336.json,dfa0f7223c179ac28705201b3826e832e3076ed2a2c0920247513bf057db9c2d,0.698341953462788,42,,validation MSE only; test evaluated once,,8.637410422670655,,,
16,10,,1.2936180586717567,,/work/11617/sujato_ts/vista/motion_code-master/physics_modal_v4/enhancements/results/strongest_comparator/checkpoints/iTransformer/seed43/ETTh1/h336.pt,8b57ce9693bb3950,,False,ETTh1,16,,strongest-nontimepro-by-dataset-seeds43-46-v1,strongest_comparator,10,latentflow_process_preserving_unfreeze2,5.0,0.001,336,,2.078738111333969,,0.0007,0.4604129671806714,2048,1024,iTransformer,0.48608544942105036,0.02,2545.0,320976,,False,repository-native matched implementation,2,,physics_modal_v4/enhancements/results/strongest_comparator/runs/iTransformer/seed43/ETTh1/h336.json,222b192d68d11e3794efa15b6e1906270bc8ba33b25499e32f44402aee5c1a92,0.6971982855838433,43,"{'inducing_points': 32, 'latent_dim': 16, 'patch_lens': [16, 32, 48], 'representation_weight': 0.05}",,96,8.73433732194826,iTransformer,0.0001,4
16,10,,1.2953198596733768,,/work/11617/sujato_ts/vista/motion_code-master/physics_modal_v4/enhancements/results/strongest_comparator/checkpoints/iTransformer/seed44/ETTh1/h336.pt,9a172f88f40e1963,,False,ETTh1,16,,strongest-nontimepro-by-dataset-seeds43-46-v1,strongest_comparator,10,latentflow_process_preserving_unfreeze2,5.0,0.001,336,,2.246282415655561,,0.0007,0.4605501290989443,2048,1024,iTransformer,0.4863826446168165,0.02,2545.0,320976,,False,repository-native matched implementation,2,,physics_modal_v4/enhancements/results/strongest_comparator/runs/iTransformer/seed44/ETTh1/h336.json,fe9f456020fc33bcdc8caaf60424095cadd8ef635eacfc49079b4aa3d67075c2,0.6974113883618596,44,"{'inducing_points': 32, 'latent_dim': 16, 'patch_lens': [16, 32, 48], 'representation_weight': 0.05}",,96,9.045937334303744,iTransformer,0.0001,4
16,9,,1.2937148720228753,,/work/11617/sujato_ts/vista/motion_code-master/physics_modal_v4/enhancements/results/strongest_comparator/checkpoints/iTransformer/seed45/ETTh1/h336.pt,ba0fa1f7309418ef,,False,ETTh1,16,,strongest-nontimepro-by-dataset-seeds43-46-v1,strongest_comparator,10,latentflow_process_preserving_unfreeze2,5.0,0.001,336,,2.065499838537131,,0.0007,0.46127458327695026,2048,1024,iTransformer,0.48811359652529973,0.02,2545.0,320976,,False,repository-native matched implementation,2,,physics_modal_v4/enhancements/results/strongest_comparator/runs/iTransformer/seed45/ETTh1/h336.json,2dc165e7f60275df1b336e3a26dc15f5dfed4d3bd9c7134130ba7cdc064061f4,0.6986512696083074,45,"{'inducing_points': 32, 'latent_dim': 16, 'patch_lens': [16, 32, 48], 'representation_weight': 0.05}",,96,8.688407728914171,iTransformer,0.0001,4
16,10,,1.2939082740926418,,/work/11617/sujato_ts/vista/motion_code-master/physics_modal_v4/enhancements/results/strongest_comparator/checkpoints/iTransformer/seed46/ETTh1/h336.pt,20eded1c26e62f83,,False,ETTh1,16,,strongest-nontimepro-by-dataset-seeds43-46-v1,strongest_comparator,10,latentflow_process_preserving_unfreeze2,5.0,0.001,336,,2.1958637815446425,,0.0007,0.45989194916670006,2048,1024,iTransformer,0.4846229934677088,0.02,2545.0,320976,,False,repository-native matched implementation,2,,physics_modal_v4/enhancements/results/strongest_comparator/runs/iTransformer/seed46/ETTh1/h336.json,acb9871a2e8119e7c3847a61e74848be12f0ffc8fce683782b4a1cf85bbe3a3e,0.6961486863219012,46,"{'inducing_points': 32, 'latent_dim': 16, 'patch_lens': [16, 32, 48], 'representation_weight': 0.05}",,96,8.937994927691761,iTransformer,0.0001,4
,0,reference,1.2844313245241334,latentflow_process_preserving_unfreeze2,/work/11617/sujato_ts/vista/motion_code-master/physics_modal_v4/results/final/checkpoints/LatentFlow/seed42/ETTh1/h336.pt,,2,False,ETTh1,,141.27948689134791,,,,,,,336,32,7.760938592962449,16,,0.45415585197978037,,,LatentFlow,0.4817180077371921,0.02,2545.0,1676686,16-32-48,False,,,0.05,physics_modal_v4/results/final/headline/runs/LatentFlow/seed42/ETTh1/h336.json,f46e8346889ca36ad05b384ad98ce4e2296885887e5e0645020d21e94a242f80,0.6940590808693393,42,,validation MSE only; test evaluated once,,102.75373170625244,,,
,0,reference,1.2917826548725568,latentflow_process_preserving_unfreeze2,/work/11617/sujato_ts/vista/motion_code-master/physics_modal_v4/results/final/checkpoints/LatentFlow/seed43/ETTh1/h336.pt,,2,False,ETTh1,,136.70470869587734,,,,,,,336,32,8.205710916155123,16,,0.4605197977717322,,,LatentFlow,0.4966021921924544,0.02,2545.0,1676686,16-32-48,False,,,0.05,physics_modal_v4/results/final/headline/runs/LatentFlow/seed43/ETTh1/h336.json,f7f5898224daa957a6fb270f98b3296f493b3396444dc15fc8a1b81420784fd6,0.7047000725077687,43,,validation MSE only; test evaluated once,,99.17901085173071,,,
,0,reference,1.2865984881816268,latentflow_process_preserving_unfreeze2,/work/11617/sujato_ts/vista/motion_code-master/physics_modal_v4/results/final/checkpoints/LatentFlow/seed44/ETTh1/h336.pt,,2,False,ETTh1,,137.7092479201965,,,,,,,336,32,7.669156735550754,16,,0.45960576987732715,,,LatentFlow,0.49471651836941954,0.02,2545.0,1676686,16-32-48,False,,,0.05,physics_modal_v4/results/final/headline/runs/LatentFlow/seed44/ETTh1/h336.json,df254c1fe743554b7d8f4e8b7ed54688c17c0081f6d53b0aa66b7b0e1b6af9f0,0.7033608734991018,44,,validation MSE only; test evaluated once,,100.02285226037202,,,
,0,reference,1.2853201546636568,latentflow_process_preserving_unfreeze2,/work/11617/sujato_ts/vista/motion_code-master/physics_modal_v4/results/final/checkpoints/LatentFlow/seed45/ETTh1/h336.pt,,2,False,ETTh1,,145.00487793702632,,,,,,,336,32,8.257180736753854,16,,0.4569962442296437,,,LatentFlow,0.48986910685960405,0.02,2545.0,1676686,16-32-48,False,,,0.05,physics_modal_v4/results/final/headline/runs/LatentFlow/seed45/ETTh1/h336.json,8f392246d3731f5dcb535f204fd134869dcf99f700adaed69fbb0fdb58d08ef7,0.6999064986550733,45,,validation MSE only; test evaluated once,,105.45338806168729,,,
,1,extension,1.2883445279938834,latentflow_process_preserving_unfreeze2,/work/11617/sujato_ts/vista/motion_code-master/physics_modal_v4/results/final/checkpoints/LatentFlow/seed46/ETTh1/h336.pt,,2,False,ETTh1,,145.68587027999456,,,,,,,336,32,31.23554955113199,16,,0.4534994653422115,,,LatentFlow,0.48176558784036316,0.02,2545.0,1676686,16-32-48,False,,,0.05,physics_modal_v4/results/final/headline/runs/LatentFlow/seed46/ETTh1/h336.json,9c5987d383c95a9dd9bccba9d4362d519ad9598f8c2d7695ab9c107223677dd5,0.6940933567182178,46,,validation MSE only; test evaluated once,,103.14546169530558,,,
,10,,1.5790736637418232,,/work/11617/sujato_ts/vista/motion_code-master/physics_modal_v4/results/final/checkpoints/iTransformer/seed42/ETTh1/h720.pt,,,,ETTh1,,,,,,,,,720,,2.1360002345207967,,,0.484263093023053,,,iTransformer,0.4887566096918773,,2161.0,370512,,,repository-native matched implementation,,,physics_modal_v4/results/final/headline/runs/iTransformer/seed42/ETTh1/h720.json,cb8c3832bac411e5ef4819e75a9c8be1023c5120882ebeb0f0de5265ded0725b,0.6991112999314754,42,,validation MSE only; test evaluated once,,8.856285791989649,,,
16,10,,1.5753075009300594,,/work/11617/sujato_ts/vista/motion_code-master/physics_modal_v4/enhancements/results/strongest_comparator/checkpoints/iTransformer/seed43/ETTh1/h720.pt,dc5606b6b019271d,,False,ETTh1,16,,strongest-nontimepro-by-dataset-seeds43-46-v1,strongest_comparator,10,latentflow_process_preserving_unfreeze2,5.0,0.001,720,,2.183084658375292,,0.0007,0.4892948029169008,2048,1024,iTransformer,0.4979386463704524,0.02,2161.0,370512,,False,repository-native matched implementation,2,,physics_modal_v4/enhancements/results/strongest_comparator/runs/iTransformer/seed43/ETTh1/h720.json,452afe4253495192d72d0a339bdfe4b30083cdf4a8b9bb8f4f84e53a5915918f,0.7056476786403059,43,"{'inducing_points': 32, 'latent_dim': 16, 'patch_lens': [16, 32, 48], 'representation_weight': 0.05}",,96,9.332841094146715,iTransformer,0.0001,4
16,10,,1.5779762479994033,,/work/11617/sujato_ts/vista/motion_code-master/physics_modal_v4/enhancements/results/strongest_comparator/checkpoints/iTransformer/seed44/ETTh1/h720.pt,1a961b16b8821f17,,False,ETTh1,16,,strongest-nontimepro-by-dataset-seeds43-46-v1,strongest_comparator,10,latentflow_process_preserving_unfreeze2,5.0,0.001,720,,2.0104494002280813,,0.0007,0.4859794218986424,2048,1024,iTransformer,0.4921496990268275,0.02,2161.0,370512,,False,repository-native matched implementation,2,,physics_modal_v4/enhancements/results/strongest_comparator/runs/iTransformer/seed44/ETTh1/h720.json,7b3973801f51934cc5a1ba761af5fb1fc134711efb37a4d51fc1c2bcfe1ce092,0.7015338188760593,44,"{'inducing_points': 32, 'latent_dim': 16, 'patch_lens': [16, 32, 48], 'representation_weight': 0.05}",,96,8.843222705763765,iTransformer,0.0001,4
16,9,,1.5802046730404808,,/work/11617/sujato_ts/vista/motion_code-master/physics_modal_v4/enhancements/results/strongest_comparator/checkpoints/iTransformer/seed45/ETTh1/h720.pt,1839412165674e91,,False,ETTh1,16,,strongest-nontimepro-by-dataset-seeds43-46-v1,strongest_comparator,10,latentflow_process_preserving_unfreeze2,5.0,0.001,720,,2.027513162994927,,0.0007,0.4925038601128501,2048,1024,iTransformer,0.5045883040517369,0.02,2161.0,370512,,False,repository-native matched implementation,2,,physics_modal_v4/enhancements/results/strongest_comparator/runs/iTransformer/seed45/ETTh1/h720.json,d07930ca9f9e3f09db0b5a4b9126a0c27c38c29f3a6728a95fb2511bc05d7caf,0.7103437928578928,45,"{'inducing_points': 32, 'latent_dim': 16, 'patch_lens': [16, 32, 48], 'representation_weight': 0.05}",,96,8.660384496033657,iTransformer,0.0001,4
16,9,,1.578795039464557,,/work/11617/sujato_ts/vista/motion_code-master/physics_modal_v4/enhancements/results/strongest_comparator/checkpoints/iTransformer/seed46/ETTh1/h720.pt,183522f33fc378a3,,False,ETTh1,16,,strongest-nontimepro-by-dataset-seeds43-46-v1,strongest_comparator,10,latentflow_process_preserving_unfreeze2,5.0,0.001,720,,2.270486078817736,,0.0007,0.490884990227991,2048,1024,iTransformer,0.5011524758061147,0.02,2161.0,370512,,False,repository-native matched implementation,2,,physics_modal_v4/enhancements/results/strongest_comparator/runs/iTransformer/seed46/ETTh1/h720.json,a6160bca2420fe90d35f64f58186c67853df8addbe0a67ae2f75a6ead21bfc00,0.7079212355948328,46,"{'inducing_points': 32, 'latent_dim': 16, 'patch_lens': [16, 32, 48], 'representation_weight': 0.05}",,96,9.38158085627947,iTransformer,0.0001,4
,1,extension,1.5582507549770295,latentflow_process_preserving_unfreeze2,/work/11617/sujato_ts/vista/motion_code-master/physics_modal_v4/results/final/checkpoints/LatentFlow/seed42/ETTh1/h720.pt,,2,False,ETTh1,,149.62715582596138,,,,,,,720,32,31.75323430462671,16,,0.4813452491489303,,,LatentFlow,0.4978506061287795,0.02,2161.0,2055222,16-32-48,False,,,0.05,physics_modal_v4/results/final/headline/runs/LatentFlow/seed42/ETTh1/h720.json,9c2b75552e59226ba8fb26ad79c8f433d9e4dc14da64d98758f7f873d6572981,0.7055852933053378,42,,validation MSE only; test evaluated once,,106.71425875152636,,,
,0,reference,1.5655950902000306,latentflow_process_preserving_unfreeze2,/work/11617/sujato_ts/vista/motion_code-master/physics_modal_v4/results/final/checkpoints/LatentFlow/seed43/ETTh1/h720.pt,,2,False,ETTh1,,149.8985113799572,,,,,,,720,32,8.185544297960934,16,,0.48321969007132837,,,LatentFlow,0.5091477053166293,0.02,2161.0,2055222,16-32-48,False,,,0.05,physics_modal_v4/results/final/headline/runs/LatentFlow/seed43/ETTh1/h720.json,8af37aeeed01f1c3b7c6dfab86a9808d374aa0cd55ea09926df7f3451bf01bfb,0.713545867703422,43,,validation MSE only; test evaluated once,,110.05238300313067,,,
,0,reference,1.5637264736114986,latentflow_process_preserving_unfreeze2,/work/11617/sujato_ts/vista/motion_code-master/physics_modal_v4/results/final/checkpoints/LatentFlow/seed44/ETTh1/h720.pt,,2,False,ETTh1,,137.57355981506407,,,,,,,720,32,7.705187602246653,16,,0.4802329831879081,,,LatentFlow,0.4984691149224758,0.02,2161.0,2055222,16-32-48,False,,,0.05,physics_modal_v4/results/final/headline/runs/LatentFlow/seed44/ETTh1/h720.json,9a57a6c11dc322774b3ad1236ab0c7054b2fedd1ec04e4e9c170027f5068e6b7,0.7060234521051519,44,,validation MSE only; test evaluated once,,100.77778625936844,,,
,0,reference,1.5614857582818895,latentflow_process_preserving_unfreeze2,/work/11617/sujato_ts/vista/motion_code-master/physics_modal_v4/results/final/checkpoints/LatentFlow/seed45/ETTh1/h720.pt,,2,False,ETTh1,,143.1812614199007,,,,,,,720,32,8.564882214118574,16,,0.48077424157540805,,,LatentFlow,0.4952980946486845,0.02,2161.0,2055222,16-32-48,False,,,0.05,physics_modal_v4/results/final/headline/runs/LatentFlow/seed45/ETTh1/h720.json,fc6016c51c9a2f58429d5c25137cd15b0a7fd97fb404d6c57ea786880eaab05c,0.7037741787311357,45,,validation MSE only; test evaluated once,,104.79740585860782,,,
,1,extension,1.5656067840636723,latentflow_process_preserving_unfreeze2,/work/11617/sujato_ts/vista/motion_code-master/physics_modal_v4/results/final/checkpoints/LatentFlow/seed46/ETTh1/h720.pt,,2,False,ETTh1,,146.676206137985,,,,,,,720,32,30.307836879267178,16,,0.4807287510996666,,,LatentFlow,0.49972310868744746,0.02,2161.0,2055222,16-32-48,False,,,0.05,physics_modal_v4/results/final/headline/runs/LatentFlow/seed46/ETTh1/h720.json,c79cced850ec4ca6c156af70f458f3e8c5d4861f9b5e9e05acdafb1f73fb1018,0.706910962347768,46,,validation MSE only; test evaluated once,,105.36706847960886,,,
,9,,0.21792554269943917,,/work/11617/sujato_ts/vista/motion_code-master/physics_modal_v4/results/final/checkpoints/TimeMixer/seed42/ETTh2/h96.pt,,,,ETTh2,,,,,,,,,96,,2.8871608380943017,,,0.3430299384192217,,,TimeMixer,0.2923010235333367,,2785.0,189469,,,repository-native matched implementation,,,physics_modal_v4/results/final/headline/runs/TimeMixer/seed42/ETTh2/h96.json,4b1ce15d4aa0b241592e62e36852aa2a059548593653730ea90df89da6ca4fcf,0.5406487062162794,42,,validation MSE only; test evaluated once,,11.969391390630335,,,
16,10,,0.21893695245186487,,/work/11617/sujato_ts/vista/motion_code-master/physics_modal_v4/enhancements/results/strongest_comparator/checkpoints/TimeMixer/seed43/ETTh2/h96.pt,0e420877e314d875,,False,ETTh2,16,,strongest-nontimepro-by-dataset-seeds43-46-v1,strongest_comparator,10,latentflow_process_preserving_unfreeze2,5.0,0.001,96,,3.1016709791972885,,0.0007,0.3436672226428945,2048,1024,TimeMixer,0.29379604324434744,0.02,2785.0,189469,,False,repository-native matched implementation,2,,physics_modal_v4/enhancements/results/strongest_comparator/runs/TimeMixer/seed43/ETTh2/h96.json,3a3881594b230238de51cf22011f882733b57bee8943804ecfda4a4436083b27,0.5420295593824634,43,"{'inducing_points': 32, 'latent_dim': 8, 'patch_lens': [16, 32, 48], 'representation_weight': 0.001}",,96,12.918896290648263,TimeMixer,0.0001,4
16,9,,0.21935178907144637,,/work/11617/sujato_ts/vista/motion_code-master/physics_modal_v4/enhancements/results/strongest_comparator/checkpoints/TimeMixer/seed44/ETTh2/h96.pt,643e060db0e6df8b,,False,ETTh2,16,,strongest-nontimepro-by-dataset-seeds43-46-v1,strongest_comparator,10,latentflow_process_preserving_unfreeze2,5.0,0.001,96,,2.932758519945796,,0.0007,0.3456262455767644,2048,1024,TimeMixer,0.29519644612745005,0.02,2785.0,189469,,False,repository-native matched implementation,2,,physics_modal_v4/enhancements/results/strongest_comparator/runs/TimeMixer/seed44/ETTh2/h96.json,086d22849622edc2878fad905e767ccf91853283875345f16bc0f62c6998760e,0.543319837781992,44,"{'inducing_points': 32, 'latent_dim': 8, 'patch_lens': [16, 32, 48], 'representation_weight': 0.001}",,96,11.776886723964708,TimeMixer,0.0001,4
16,9,,0.21940655261278152,,/work/11617/sujato_ts/vista/motion_code-master/physics_modal_v4/enhancements/results/strongest_comparator/checkpoints/TimeMixer/seed45/ETTh2/h96.pt,007fac6ff4ec67ad,,False,ETTh2,16,,strongest-nontimepro-by-dataset-seeds43-46-v1,strongest_comparator,10,latentflow_process_preserving_unfreeze2,5.0,0.001,96,,3.0135231493257506,,0.0007,0.34509136997818735,2048,1024,TimeMixer,0.2954751230890327,0.02,2785.0,189469,,False,repository-native matched implementation,2,,physics_modal_v4/enhancements/results/strongest_comparator/runs/TimeMixer/seed45/ETTh2/h96.json,a7b6b4a5c795c21354d446f45c563c97337193580d8473d54c5b8cc499e6ab24,0.5435762348457047,45,"{'inducing_points': 32, 'latent_dim': 8, 'patch_lens': [16, 32, 48], 'representation_weight': 0.001}",,96,12.21583699079929,TimeMixer,0.0001,4
16,10,,0.21923543016115823,,/work/11617/sujato_ts/vista/motion_code-master/physics_modal_v4/enhancements/results/strongest_comparator/checkpoints/TimeMixer/seed46/ETTh2/h96.pt,cd5ac700bb264d6e,,False,ETTh2,16,,strongest-nontimepro-by-dataset-seeds43-46-v1,strongest_comparator,10,latentflow_process_preserving_unfreeze2,5.0,0.001,96,,3.0270046446212504,,0.0007,0.3452949626981636,2048,1024,TimeMixer,0.2949895082217583,0.02,2785.0,189469,,False,repository-native matched implementation,2,,physics_modal_v4/enhancements/results/strongest_comparator/runs/TimeMixer/seed46/ETTh2/h96.json,bda9b0e338540b4e5e0b081ea9c7f297428f4a1ff0fc3ed7521e3cce2c0ecb66,0.5431293660093867,46,"{'inducing_points': 32, 'latent_dim': 8, 'patch_lens': [16, 32, 48], 'representation_weight': 0.001}",,96,12.12362692822353,TimeMixer,0.0001,4
,0,reference,0.21927327236958913,latentflow_process_preserving_unfreeze2,/work/11617/sujato_ts/vista/motion_code-master/physics_modal_v4/results/final/checkpoints/LatentFlow/seed42/ETTh2/h96.pt,,2,False,ETTh2,,133.15312361624092,,,,,,,96,32,7.931560530957115,8,,0.34268046750302417,,,LatentFlow,0.2934846773242975,0.02,2785.0,1411434,16-32-48,False,,,0.001,physics_modal_v4/results/final/headline/runs/LatentFlow/seed42/ETTh2/h96.json,bdfcbb98b8916571c52c34208c7ffa9c9f78b0d58f82e4343755a774e478e7ff,0.5417422609731471,42,,validation MSE only; test evaluated once,,97.21490910305874,,,
,0,reference,0.22145391503969827,latentflow_process_preserving_unfreeze2,/work/11617/sujato_ts/vista/motion_code-master/physics_modal_v4/results/final/checkpoints/LatentFlow/seed43/ETTh2/h96.pt,,2,False,ETTh2,,137.20834937691689,,,,,,,96,32,8.009568193249104,8,,0.3446854704127736,,,LatentFlow,0.29659152826284907,0.02,2785.0,1411434,16-32-48,False,,,0.001,physics_modal_v4/results/final/headline/runs/LatentFlow/seed43/ETTh2/h96.json,742b65e07f755a7d8aa5ccdd3bad3b3de6da1d153331908207175125eaaf259d,0.5446021743096965,43,,validation MSE only; test evaluated once,,100.19256896594015,,,
,1,extension,0.22695607514608473,latentflow_process_preserving_unfreeze2,/work/11617/sujato_ts/vista/motion_code-master/physics_modal_v4/results/final/checkpoints/LatentFlow/seed44/ETTh2/h96.pt,,2,False,ETTh2,,138.7191129811108,,,,,,,96,32,29.14174659059227,8,,0.3514481170346434,,,LatentFlow,0.30359987158790414,0.02,2785.0,1411434,16-32-48,False,,,0.001,physics_modal_v4/results/final/headline/runs/LatentFlow/seed44/ETTh2/h96.json,70229d62cc633af55ac9afc4a8da272a962e5706ca9336142a768709c7240e83,0.5509989760316294,44,,validation MSE only; test evaluated once,,98.61477939266479,,,
,1,extension,0.22447840975863592,latentflow_process_preserving_unfreeze2,/work/11617/sujato_ts/vista/motion_code-master/physics_modal_v4/results/final/checkpoints/LatentFlow/seed45/ETTh2/h96.pt,,2,False,ETTh2,,138.0682277516462,,,,,,,96,32,28.961273739275903,8,,0.3494777502438406,,,LatentFlow,0.30125427657420323,0.02,2785.0,1411434,16-32-48,False,,,0.001,physics_modal_v4/results/final/headline/runs/LatentFlow/seed45/ETTh2/h96.json,341759496fa62b1c61f78fe1fb29bcc74f34dbbb5a9136d269023033fb9d9128,0.5488663558410218,45,,validation MSE only; test evaluated once,,98.15103085311421,,,
,0,reference,0.2203803869585196,latentflow_process_preserving_unfreeze2,/work/11617/sujato_ts/vista/motion_code-master/physics_modal_v4/results/final/checkpoints/LatentFlow/seed46/ETTh2/h96.pt,,2,False,ETTh2,,142.19141158973798,,,,,,,96,32,8.446321187465522,8,,0.3458137481632707,,,LatentFlow,0.298961461420965,0.02,2785.0,1411434,16-32-48,False,,,0.001,physics_modal_v4/results/final/headline/runs/LatentFlow/seed46/ETTh2/h96.json,759196aac1b3875725d26f1908e22a9d101ff0e26b238cf1c2eb47b807d98b6b,0.5467736839140716,46,,validation MSE only; test evaluated once,,103.91541492499528,,,
,8,,0.2718665972352028,,/work/11617/sujato_ts/vista/motion_code-master/physics_modal_v4/results/final/checkpoints/TimeMixer/seed42/ETTh2/h192.pt,,,,ETTh2,,,,,,,,,192,,2.9009088021085923,,,0.39763929471132103,,,TimeMixer,0.38165545355898095,,2689.0,203485,,,repository-native matched implementation,,,physics_modal_v4/results/final/headline/runs/TimeMixer/seed42/ETTh2/h192.json,8bc4dfaef498db53481e4526d07408a16e6a299b47989e10e53481014d01aa35,0.6177826912102515,42,,validation MSE only; test evaluated once,,11.963439573446522,,,
16,10,,0.27202769546281724,,/work/11617/sujato_ts/vista/motion_code-master/physics_modal_v4/enhancements/results/strongest_comparator/checkpoints/TimeMixer/seed43/ETTh2/h192.pt,9ca390e5642519bc,,False,ETTh2,16,,strongest-nontimepro-by-dataset-seeds43-46-v1,strongest_comparator,10,latentflow_process_preserving_unfreeze2,5.0,0.001,192,,3.228678452187633,,0.0007,0.3974496114078569,2048,1024,TimeMixer,0.3808109620068004,0.02,2689.0,203485,,False,repository-native matched implementation,2,,physics_modal_v4/enhancements/results/strongest_comparator/runs/TimeMixer/seed43/ETTh2/h192.json,34a2bb75cf20ec14eb06017e650ce3fad5707a4eef14f437cafcb35f4c63792a,0.6170988267747723,43,"{'inducing_points': 32, 'latent_dim': 8, 'patch_lens': [16, 32, 48], 'representation_weight': 0.001}",,96,13.582689756003674,TimeMixer,0.0001,4
16,10,,0.2730063327721187,,/work/11617/sujato_ts/vista/motion_code-master/physics_modal_v4/enhancements/results/strongest_comparator/checkpoints/TimeMixer/seed44/ETTh2/h192.pt,4c27a0e0ea80b42c,,False,ETTh2,16,,strongest-nontimepro-by-dataset-seeds43-46-v1,strongest_comparator,10,latentflow_process_preserving_unfreeze2,5.0,0.001,192,,3.0711596405290695,,0.0007,0.39637623540202793,2048,1024,TimeMixer,0.38024099108436865,0.02,2689.0,203485,,False,repository-native matched implementation,2,,physics_modal_v4/enhancements/results/strongest_comparator/runs/TimeMixer/seed44/ETTh2/h192.json,5cedaeaf5fe5c1aa1f781f66689c02e5b0b2c092edc7e786643857b8ab3bdc5f,0.6166368388965815,44,"{'inducing_points': 32, 'latent_dim': 8, 'patch_lens': [16, 32, 48], 'representation_weight': 0.001}",,96,12.329774288809858,TimeMixer,0.0001,4
16,8,,0.2694095763422194,,/work/11617/sujato_ts/vista/motion_code-master/physics_modal_v4/enhancements/results/strongest_comparator/checkpoints/TimeMixer/seed45/ETTh2/h192.pt,8ecc781e35da7a55,,False,ETTh2,16,,strongest-nontimepro-by-dataset-seeds43-46-v1,strongest_comparator,10,latentflow_process_preserving_unfreeze2,5.0,0.001,192,,3.242059487355761,,0.0007,0.39813024474295655,2048,1024,TimeMixer,0.38327490985546575,0.02,2689.0,203485,,False,repository-native matched implementation,2,,physics_modal_v4/enhancements/results/strongest_comparator/runs/TimeMixer/seed45/ETTh2/h192.json,6662fab253a8c4545630bc6ffd615355305f32a5792de9a29151dd3c090a8b50,0.6190920043543332,45,"{'inducing_points': 32, 'latent_dim': 8, 'patch_lens': [16, 32, 48], 'representation_weight': 0.001}",,96,12.635379299899796,TimeMixer,0.0001,4
16,9,,0.2702115783024402,,/work/11617/sujato_ts/vista/motion_code-master/physics_modal_v4/enhancements/results/strongest_comparator/checkpoints/TimeMixer/seed46/ETTh2/h192.pt,b805552fab27b8bf,,False,ETTh2,16,,strongest-nontimepro-by-dataset-seeds43-46-v1,strongest_comparator,10,latentflow_process_preserving_unfreeze2,5.0,0.001,192,,3.097247511866581,,0.0007,0.396049349778653,2048,1024,TimeMixer,0.38038662687516894,0.02,2689.0,203485,,False,repository-native matched implementation,2,,physics_modal_v4/enhancements/results/strongest_comparator/runs/TimeMixer/seed46/ETTh2/h192.json,1fef3447fa056db2cd4e5d982ac11a2e56e3dacedc98a86e6ff22a7b21370d31,0.6167549163769747,46,"{'inducing_points': 32, 'latent_dim': 8, 'patch_lens': [16, 32, 48], 'representation_weight': 0.001}",,96,12.645103889371967,TimeMixer,0.0001,4
,0,reference,0.2718099478987001,latentflow_process_preserving_unfreeze2,/work/11617/sujato_ts/vista/motion_code-master/physics_modal_v4/results/final/checkpoints/LatentFlow/seed42/ETTh2/h192.pt,,2,False,ETTh2,,138.87756586819887,,,,,,,192,32,8.095612169472043,8,,0.3902497946414888,,,LatentFlow,0.36935875294162884,0.02,2689.0,1505278,16-32-48,False,,,0.001,physics_modal_v4/results/final/headline/runs/LatentFlow/seed42/ETTh2/h192.json,9c9b8087aca14cb9be6e852f8327b4dcde42e5d318ce12b05934c55afa445651,0.6077489226165924,42,,validation MSE only; test evaluated once,,101.48015706217848,,,
,0,reference,0.26854835202296573,latentflow_process_preserving_unfreeze2,/work/11617/sujato_ts/vista/motion_code-master/physics_modal_v4/results/final/checkpoints/LatentFlow/seed43/ETTh2/h192.pt,,2,False,ETTh2,,135.54333012504503,,,,,,,192,32,7.864242065474837,8,,0.39616170797824446,,,LatentFlow,0.38277998701682386,0.02,2689.0,1505278,16-32-48,False,,,0.001,physics_modal_v4/results/final/headline/runs/LatentFlow/seed43/ETTh2/h192.json,bdcc0c36e4484ac77a05f3b22f6e30c833e8c3ea0a38b33a19cce206a5cfaa39,0.6186921585221715,43,,validation MSE only; test evaluated once,,99.0763503148628,,,
,0,reference,0.27509241214110736,latentflow_process_preserving_unfreeze2,/work/11617/sujato_ts/vista/motion_code-master/physics_modal_v4/results/final/checkpoints/LatentFlow/seed44/ETTh2/h192.pt,,2,False,ETTh2,,136.57686867704615,,,,,,,192,32,7.982032719308031,8,,0.40038104993692547,,,LatentFlow,0.38934538500320265,0.02,2689.0,1505278,16-32-48,False,,,0.001,physics_modal_v4/results/final/headline/runs/LatentFlow/seed44/ETTh2/h192.json,4dc7050c0bdae039b695032b0647ae2e619789814c81bb7a9e8c7244b5d6114e,0.6239754682703501,44,,validation MSE only; test evaluated once,,99.85217101311719,,,
,1,extension,0.2712459624523208,latentflow_process_preserving_unfreeze2,/work/11617/sujato_ts/vista/motion_code-master/physics_modal_v4/results/final/checkpoints/LatentFlow/seed45/ETTh2/h192.pt,,2,False,ETTh2,,145.36444436199963,,,,,,,192,32,30.182034836825498,8,,0.3961801013326051,,,LatentFlow,0.3813150841234451,0.02,2689.0,1505278,16-32-48,False,,,0.001,physics_modal_v4/results/final/headline/runs/LatentFlow/seed45/ETTh2/h192.json,c412014bd473cd0aa202889433917b59d3a07087d29d064f382b3135a80c6ed8,0.6175071530949622,45,,validation MSE only; test evaluated once,,103.69989873979648,,,
,0,reference,0.27593773071255,latentflow_process_preserving_unfreeze2,/work/11617/sujato_ts/vista/motion_code-master/physics_modal_v4/results/final/checkpoints/LatentFlow/seed46/ETTh2/h192.pt,,2,False,ETTh2,,138.16353348304983,,,,,,,192,32,8.028184612348541,8,,0.4010127329049908,,,LatentFlow,0.38344777443369743,0.02,2689.0,1505278,16-32-48,False,,,0.001,physics_modal_v4/results/final/headline/runs/LatentFlow/seed46/ETTh2/h192.json,35ca1fa26530daa92e0d15599fa584db265726729b75d8255fe1ad3b969b2515,0.6192315999960737,46,,validation MSE only; test evaluated once,,101.0635873796673,,,
,9,,0.3543960143919705,,/work/11617/sujato_ts/vista/motion_code-master/physics_modal_v4/results/final/checkpoints/TimeMixer/seed42/ETTh2/h336.pt,,,,ETTh2,,,,,,,,,336,,3.0837941867036696,,,0.4324186259585643,,,TimeMixer,0.42072217891907193,,2545.0,224509,,,repository-native matched implementation,,,physics_modal_v4/results/final/headline/runs/TimeMixer/seed42/ETTh2/h336.json,8c46354da66a2ea8c05b18ad5a2efcb448a08c1f6f0d0c2f2ca7dbcc711e0989,0.6486310036677803,42,,validation MSE only; test evaluated once,,12.562847684603184,,,
16,10,,0.35385863594457406,,/work/11617/sujato_ts/vista/motion_code-master/physics_modal_v4/enhancements/results/strongest_comparator/checkpoints/TimeMixer/seed43/ETTh2/h336.pt,999a41fcac779f19,,False,ETTh2,16,,strongest-nontimepro-by-dataset-seeds43-46-v1,strongest_comparator,10,latentflow_process_preserving_unfreeze2,5.0,0.001,336,,2.936549890690889,,0.0007,0.43164071831919165,2048,1024,TimeMixer,0.4217935533914726,0.02,2545.0,224509,,False,repository-native matched implementation,2,,physics_modal_v4/enhancements/results/strongest_comparator/runs/TimeMixer/seed43/ETTh2/h336.json,48a795f6ebe9c13d101607b48d73684d46c550b1ad041b54a808bbbbea33d2a1,0.6494563521834802,43,"{'inducing_points': 32, 'latent_dim': 8, 'patch_lens': [16, 32, 48], 'representation_weight': 0.001}",,96,12.378228863235563,TimeMixer,0.0001,4
16,9,,0.3554109128154054,,/work/11617/sujato_ts/vista/motion_code-master/physics_modal_v4/enhancements/results/strongest_comparator/checkpoints/TimeMixer/seed44/ETTh2/h336.pt,7957e62a6c741b0e,,False,ETTh2,16,,strongest-nontimepro-by-dataset-seeds43-46-v1,strongest_comparator,10,latentflow_process_preserving_unfreeze2,5.0,0.001,336,,2.914287842428073,,0.0007,0.4349573311700509,2048,1024,TimeMixer,0.4270280282527964,0.02,2545.0,224509,,False,repository-native matched implementation,2,,physics_modal_v4/enhancements/results/strongest_comparator/runs/TimeMixer/seed44/ETTh2/h336.json,0b344c9c28e0013fb3ee4a002b9ce520efa46e6c5920d130c84b6444f35f36d2,0.6534738160422316,44,"{'inducing_points': 32, 'latent_dim': 8, 'patch_lens': [16, 32, 48], 'representation_weight': 0.001}",,96,12.315983675216557,TimeMixer,0.0001,4
16,10,,0.35324239203719054,,/work/11617/sujato_ts/vista/motion_code-master/physics_modal_v4/enhancements/results/strongest_comparator/checkpoints/TimeMixer/seed45/ETTh2/h336.pt,5965312a9fc328c1,,False,ETTh2,16,,strongest-nontimepro-by-dataset-seeds43-46-v1,strongest_comparator,10,latentflow_process_preserving_unfreeze2,5.0,0.001,336,,2.9816638009670453,,0.0007,0.43347523837898067,2048,1024,TimeMixer,0.4237564610814856,0.02,2545.0,224509,,False,repository-native matched implementation,2,,physics_modal_v4/enhancements/results/strongest_comparator/runs/TimeMixer/seed45/ETTh2/h336.json,22e55fb30456c086b5be0a74654f2ca20eb6607a8dedd08b536c710e95319c46,0.6509657910224512,45,"{'inducing_points': 32, 'latent_dim': 8, 'patch_lens': [16, 32, 48], 'representation_weight': 0.001}",,96,12.065630970755592,TimeMixer,0.0001,4
16,9,,0.3540121754821466,,/work/11617/sujato_ts/vista/motion_code-master/physics_modal_v4/enhancements/results/strongest_comparator/checkpoints/TimeMixer/seed46/ETTh2/h336.pt,4260293d33cc7273,,False,ETTh2,16,,strongest-nontimepro-by-dataset-seeds43-46-v1,strongest_comparator,10,latentflow_process_preserving_unfreeze2,5.0,0.001,336,,3.0582770466422424,,0.0007,0.4340972980739754,2048,1024,TimeMixer,0.42444783376920575,0.02,2545.0,224509,,False,repository-native matched implementation,2,,physics_modal_v4/enhancements/results/strongest_comparator/runs/TimeMixer/seed46/ETTh2/h336.json,1eb90b0b592fcb211b28422d30129fa6f2d531edf65d12710dd978f484621b7d,0.6514966107119865,46,"{'inducing_points': 32, 'latent_dim': 8, 'patch_lens': [16, 32, 48], 'representation_weight': 0.001}",,96,12.47033517647651,TimeMixer,0.0001,4
,0,reference,0.3575856243672014,latentflow_process_preserving_unfreeze2,/work/11617/sujato_ts/vista/motion_code-master/physics_modal_v4/results/final/checkpoints/LatentFlow/seed42/ETTh2/h336.pt,,2,False,ETTh2,,135.09086289700645,,,,,,,336,32,8.146472019032881,8,,0.42654472275517485,,,LatentFlow,0.41643647069421075,0.02,2545.0,1646438,16-32-48,False,,,0.001,physics_modal_v4/results/final/headline/runs/LatentFlow/seed42/ETTh2/h336.json,632ee0e2755bb638aa116e851b922190fb44b64da15e6e4d9bfb7110c11dd54d,0.6453188906999475,42,,validation MSE only; test evaluated once,,98.6072873210901,,,
,1,extension,0.3532309211841246,latentflow_process_preserving_unfreeze2,/work/11617/sujato_ts/vista/motion_code-master/physics_modal_v4/results/final/checkpoints/LatentFlow/seed43/ETTh2/h336.pt,,2,False,ETTh2,,142.24039257480763,,,,,,,336,32,29.882560039080584,8,,0.43372265814575,,,LatentFlow,0.42612604287785844,0.02,2545.0,1646438,16-32-48,False,,,0.001,physics_modal_v4/results/final/headline/runs/LatentFlow/seed43/ETTh2/h336.json,7c3af19427d327c8d435271e58de2983a80add43f1e75e275092757b4ce6077d,0.6527833046868298,43,,validation MSE only; test evaluated once,,101.53033903043251,,,
,0,reference,0.35774983323755716,latentflow_process_preserving_unfreeze2,/work/11617/sujato_ts/vista/motion_code-master/physics_modal_v4/results/final/checkpoints/LatentFlow/seed44/ETTh2/h336.pt,,2,False,ETTh2,,144.9108110088855,,,,,,,336,32,8.509282488375902,8,,0.4241401757912671,,,LatentFlow,0.41043008342135356,0.02,2545.0,1646438,16-32-48,False,,,0.001,physics_modal_v4/results/final/headline/runs/LatentFlow/seed44/ETTh2/h336.json,a5208d344730a3acc0404515f08d66c91164e09b72600566140af9e22920fcc3,0.6406481744462819,44,,validation MSE only; test evaluated once,,106.07981052417017,,,
,1,extension,0.3559309984145521,latentflow_process_preserving_unfreeze2,/work/11617/sujato_ts/vista/motion_code-master/physics_modal_v4/results/final/checkpoints/LatentFlow/seed45/ETTh2/h336.pt,,2,False,ETTh2,,141.21532497298904,,,,,,,336,32,29.934540804316395,8,,0.435010487706717,,,LatentFlow,0.42714812858410955,0.02,2545.0,1646438,16-32-48,False,,,0.001,physics_modal_v4/results/final/headline/runs/LatentFlow/seed45/ETTh2/h336.json,61bbf977bac0360643911a5cb0cbea3574e72b6b9efed07acaad9ccfa0727539,0.6535657033413775,45,,validation MSE only; test evaluated once,,100.70873627882975,,,
,2,extension,0.356954462370094,latentflow_process_preserving_unfreeze2,/work/11617/sujato_ts/vista/motion_code-master/physics_modal_v4/results/final/checkpoints/LatentFlow/seed46/ETTh2/h336.pt,,2,False,ETTh2,,159.1311505100457,,,,,,,336,32,33.323539618426295,8,,0.4282362560130841,,,LatentFlow,0.41389734326232563,0.02,2545.0,1646438,16-32-48,False,,,0.001,physics_modal_v4/results/final/headline/runs/LatentFlow/seed46/ETTh2/h336.json,9b3ef1afebef639358ef46aeceab561b65c6d3ee8641a0af30c7e0e9db63b1e8,0.6433485394887639,46,,validation MSE only; test evaluated once,,113.76384940940625,,,
,10,,0.6182765294635106,,/work/11617/sujato_ts/vista/motion_code-master/physics_modal_v4/results/final/checkpoints/TimeMixer/seed42/ETTh2/h720.pt,,,,ETTh2,,,,,,,,,720,,3.104419553313743,,,0.4457545881501895,,,TimeMixer,0.4301347775035946,,2161.0,280573,,,repository-native matched implementation,,,physics_modal_v4/results/final/headline/runs/TimeMixer/seed42/ETTh2/h720.json,87fa53143e0c159076bd9fe8a8601277922cb6bf32f95173ccd8bb1736c21b4f,0.6558466112618061,42,,validation MSE only; test evaluated once,,12.838643215945922,,,
16,10,,0.611523351593623,,/work/11617/sujato_ts/vista/motion_code-master/physics_modal_v4/enhancements/results/strongest_comparator/checkpoints/TimeMixer/seed43/ETTh2/h720.pt,5c8e10878f9b690f,,False,ETTh2,16,,strongest-nontimepro-by-dataset-seeds43-46-v1,strongest_comparator,10,latentflow_process_preserving_unfreeze2,5.0,0.001,720,,3.117401533844796,,0.0007,0.4480029374702748,2048,1024,TimeMixer,0.4327667862402148,0.02,2161.0,280573,,False,repository-native matched implementation,2,,physics_modal_v4/enhancements/results/strongest_comparator/runs/TimeMixer/seed43/ETTh2/h720.json,52d3dcd990cbf1f522128ae04bc2a38a1d354d6780b7a03ff4c2befa9584c9c2,0.6578501244510142,43,"{'inducing_points': 32, 'latent_dim': 8, 'patch_lens': [16, 32, 48], 'representation_weight': 0.001}",,96,12.36166424350813,TimeMixer,0.0001,4
16,10,,0.620586617787679,,/work/11617/sujato_ts/vista/motion_code-master/physics_modal_v4/enhancements/results/strongest_comparator/checkpoints/TimeMixer/seed44/ETTh2/h720.pt,2033612d93fa640e,,False,ETTh2,16,,strongest-nontimepro-by-dataset-seeds43-46-v1,strongest_comparator,10,latentflow_process_preserving_unfreeze2,5.0,0.001,720,,3.0186864067659234,,0.0007,0.4435403291770877,2048,1024,TimeMixer,0.42533305631676116,0.02,2161.0,280573,,False,repository-native matched implementation,2,,physics_modal_v4/enhancements/results/strongest_comparator/runs/TimeMixer/seed44/ETTh2/h720.json,424274a349f26491355dbed12c50ad0ffe44c4844c07cd47a52dd12198749db0,0.652175633028988,44,"{'inducing_points': 32, 'latent_dim': 8, 'patch_lens': [16, 32, 48], 'representation_weight': 0.001}",,96,12.194657113286667,TimeMixer,0.0001,4
16,10,,0.6257438966206141,,/work/11617/sujato_ts/vista/motion_code-master/physics_modal_v4/enhancements/results/strongest_comparator/checkpoints/TimeMixer/seed45/ETTh2/h720.pt,44c46de051d56dcc,,False,ETTh2,16,,strongest-nontimepro-by-dataset-seeds43-46-v1,strongest_comparator,10,latentflow_process_preserving_unfreeze2,5.0,0.001,720,,2.926110586320812,,0.0007,0.4435483332409443,2048,1024,TimeMixer,0.4259032136131678,0.02,2161.0,280573,,False,repository-native matched implementation,2,,physics_modal_v4/enhancements/results/strongest_comparator/runs/TimeMixer/seed45/ETTh2/h720.json,5aa80a86bebc3ea865c67faa2e64e7663d928b6f3ef3fcf9ef123d59d7def1e4,0.6526126060789569,45,"{'inducing_points': 32, 'latent_dim': 8, 'patch_lens': [16, 32, 48], 'representation_weight': 0.001}",,96,11.867542918480467,TimeMixer,0.0001,4
16,10,,0.6242026586381216,,/work/11617/sujato_ts/vista/motion_code-master/physics_modal_v4/enhancements/results/strongest_comparator/checkpoints/TimeMixer/seed46/ETTh2/h720.pt,9d4b1a9a8ab3af4e,,False,ETTh2,16,,strongest-nontimepro-by-dataset-seeds43-46-v1,strongest_comparator,10,latentflow_process_preserving_unfreeze2,5.0,0.001,720,,3.2142825622224445,,0.0007,0.4442734776835065,2048,1024,TimeMixer,0.4277701476099005,0.02,2161.0,280573,,False,repository-native matched implementation,2,,physics_modal_v4/enhancements/results/strongest_comparator/runs/TimeMixer/seed46/ETTh2/h720.json,8480e64adf5285ee595186a3583a029567a6181adfe12bbdf4f3f5a46527a0cd,0.6540413959451653,46,"{'inducing_points': 32, 'latent_dim': 8, 'patch_lens': [16, 32, 48], 'representation_weight': 0.001}",,96,12.660052809223998,TimeMixer,0.0001,4
,0,reference,0.6150716898933289,latentflow_process_preserving_unfreeze2,/work/11617/sujato_ts/vista/motion_code-master/physics_modal_v4/results/final/checkpoints/LatentFlow/seed42/ETTh2/h720.pt,,2,False,ETTh2,,147.39446680014953,,,,,,,720,32,8.522797504495552,8,,0.43879702215362193,,,LatentFlow,0.4136213828137338,0.02,2161.0,2024974,16-32-48,False,,,0.001,physics_modal_v4/results/final/headline/runs/LatentFlow/seed42/ETTh2/h720.json,3f7f4b0ae0907b0024223f7b3680477d82c1449a93759d467989b9f662d3fbdf,0.6431340317645566,42,,validation MSE only; test evaluated once,,108.12321816301846,,,
,0,reference,0.6313944475991385,latentflow_process_preserving_unfreeze2,/work/11617/sujato_ts/vista/motion_code-master/physics_modal_v4/results/final/checkpoints/LatentFlow/seed43/ETTh2/h720.pt,,2,False,ETTh2,,133.42268888186663,,,,,,,720,32,7.597174273053212,8,,0.4498645085030294,,,LatentFlow,0.4358261119942588,0.02,2161.0,2024974,16-32-48,False,,,0.001,physics_modal_v4/results/final/headline/runs/LatentFlow/seed43/ETTh2/h720.json,cad393483f714cb2b84834586e95c342b6dd472fce8e861baf372a19e39ebe05,0.6601712747418346,43,,validation MSE only; test evaluated once,,97.67928372348251,,,
,0,reference,0.6189794491207788,latentflow_process_preserving_unfreeze2,/work/11617/sujato_ts/vista/motion_code-master/physics_modal_v4/results/final/checkpoints/LatentFlow/seed44/ETTh2/h720.pt,,2,False,ETTh2,,139.48584024328738,,,,,,,720,32,8.069348295650153,8,,0.4511602481575769,,,LatentFlow,0.43759845636049677,0.02,2161.0,2024974,16-32-48,False,,,0.001,physics_modal_v4/results/final/headline/runs/LatentFlow/seed44/ETTh2/h720.json,63fac3e12ece784939abfdf77525938425070494140fcc4da2937031807b79f0,0.6615122495921726,44,,validation MSE only; test evaluated once,,102.07801491342252,,,
,0,reference,0.620609062058585,latentflow_process_preserving_unfreeze2,/work/11617/sujato_ts/vista/motion_code-master/physics_modal_v4/results/final/checkpoints/LatentFlow/seed45/ETTh2/h720.pt,,2,False,ETTh2,,138.34611486829817,,,,,,,720,32,7.970769055632513,8,,0.44404134140585694,,,LatentFlow,0.4243852729579089,0.02,2161.0,2024974,16-32-48,False,,,0.001,physics_modal_v4/results/final/headline/runs/LatentFlow/seed45/ETTh2/h720.json,dd4269556a9bc5d1cdf126e0acab92db8dc88914371762b1b8f7820b32225188,0.6514485957908797,45,,validation MSE only; test evaluated once,,101.13752664910862,,,
,2,extension,0.6221508627846127,latentflow_process_preserving_unfreeze2,/work/11617/sujato_ts/vista/motion_code-master/physics_modal_v4/results/final/checkpoints/LatentFlow/seed46/ETTh2/h720.pt,,2,False,ETTh2,,144.66073855897412,,,,,,,720,32,30.825407025334773,8,,0.44407965041131214,,,LatentFlow,0.4221446562908578,0.02,2161.0,2024974,16-32-48,False,,,0.001,physics_modal_v4/results/final/headline/runs/LatentFlow/seed46/ETTh2/h720.json,8fdc11d2bb5e98d435e9e7c9735b4eed0b0527467d4d0ebcc3ed451c1d792794,0.6497266011876517,46,,validation MSE only; test evaluated once,,103.76980277906114,,,
,3,,0.40403317296434016,,/work/11617/sujato_ts/vista/motion_code-master/physics_modal_v4/results/final/checkpoints/xCPD/seed42/ETTm1/h96.pt,,,,ETTm1,,,,,,,,,96,,2.966492211669527,,,0.3763343313180793,,,xCPD,0.3530289150032138,,11425.0,428094,,,paper-derived DLinear+xCPD; plugin source unavailable in named repository,,,physics_modal_v4/results/final/headline/runs/xCPD/seed42/ETTm1/h96.json,85ff0d54184d00ecf80a224896af5269d639c24e15431b230b82106819e34289,0.5941623641760001,42,,validation MSE only; test evaluated once,,13.200493203081956,,,
16,1,,0.4061008207499981,,/work/11617/sujato_ts/vista/motion_code-master/physics_modal_v4/enhancements/results/strongest_comparator/checkpoints/xCPD/seed43/ETTm1/h96.pt,342426439e45062a,,False,ETTm1,16,,strongest-nontimepro-by-dataset-seeds43-46-v1,strongest_comparator,10,latentflow_process_preserving_unfreeze2,5.0,0.001,96,,3.057885672087255,,0.0007,0.3782886149931217,2048,1024,xCPD,0.35594238038881376,0.02,11425.0,428094,,False,paper-derived DLinear+xCPD; plugin source unavailable in named repository,2,,physics_modal_v4/enhancements/results/strongest_comparator/runs/xCPD/seed43/ETTm1/h96.json,31e7dc4aa0ae3c6b4188e3f52d0f69233f67238e344ab03535bdde5552cf02a2,0.5966090683092353,43,"{'inducing_points': 32, 'latent_dim': 8, 'patch_lens': [8, 24, 48], 'representation_weight': 0.01}",,96,13.306747769092908,xCPD,0.0001,4
16,4,,0.4040440642940147,,/work/11617/sujato_ts/vista/motion_code-master/physics_modal_v4/enhancements/results/strongest_comparator/checkpoints/xCPD/seed44/ETTm1/h96.pt,3dcfb9094a17ffdd,,False,ETTm1,16,,strongest-nontimepro-by-dataset-seeds43-46-v1,strongest_comparator,10,latentflow_process_preserving_unfreeze2,5.0,0.001,96,,2.980065143433351,,0.0007,0.3762961992035437,2048,1024,xCPD,0.35278634739826403,0.02,11425.0,428094,,False,paper-derived DLinear+xCPD; plugin source unavailable in named repository,2,,physics_modal_v4/enhancements/results/strongest_comparator/runs/xCPD/seed44/ETTm1/h96.json,4f4fd3f41977bb1288f6321301b9df0de02e717191140bc02b4afc35efffbaba,0.5939582034101929,44,"{'inducing_points': 32, 'latent_dim': 8, 'patch_lens': [8, 24, 48], 'representation_weight': 0.01}",,96,12.645571410497983,xCPD,0.0001,4
16,1,,0.4026677539306028,,/work/11617/sujato_ts/vista/motion_code-master/physics_modal_v4/enhancements/results/strongest_comparator/checkpoints/xCPD/seed45/ETTm1/h96.pt,9394a897ca4dd9f6,,False,ETTm1,16,,strongest-nontimepro-by-dataset-seeds43-46-v1,strongest_comparator,10,latentflow_process_preserving_unfreeze2,5.0,0.001,96,,2.7445100305332875,,0.0007,0.3760982771676022,2048,1024,xCPD,0.353099411156223,0.02,11425.0,428094,,False,paper-derived DLinear+xCPD; plugin source unavailable in named repository,2,,physics_modal_v4/enhancements/results/strongest_comparator/runs/xCPD/seed45/ETTm1/h96.json,e205d76d024ceab77aafd9f798f4b30eed28e1bcc93192d8036b9d5c25ee5c5e,0.5942216851951997,45,"{'inducing_points': 32, 'latent_dim': 8, 'patch_lens': [8, 24, 48], 'representation_weight': 0.01}",,96,11.916769039089559,xCPD,0.0001,4
16,2,,0.4033778274343127,,/work/11617/sujato_ts/vista/motion_code-master/physics_modal_v4/enhancements/results/strongest_comparator/checkpoints/xCPD/seed46/ETTm1/h96.pt,9bf9a21454aaacb5,,False,ETTm1,16,,strongest-nontimepro-by-dataset-seeds43-46-v1,strongest_comparator,10,latentflow_process_preserving_unfreeze2,5.0,0.001,96,,3.048289360198993,,0.0007,0.37648919997792124,2048,1024,xCPD,0.3531259345630687,0.02,11425.0,428094,,False,paper-derived DLinear+xCPD; plugin source unavailable in named repository,2,,physics_modal_v4/enhancements/results/strongest_comparator/runs/xCPD/seed46/ETTm1/h96.json,2a85d2ff5bdae99917a5b6a00d51e63692b1711092854086028d345b21e1e1a9,0.5942440025469914,46,"{'inducing_points': 32, 'latent_dim': 8, 'patch_lens': [8, 24, 48], 'representation_weight': 0.01}",,96,13.518759536236757,xCPD,0.0001,4
,0,reference,0.39560971763871966,latentflow_process_preserving_unfreeze2,/work/11617/sujato_ts/vista/motion_code-master/physics_modal_v4/results/final/checkpoints/LatentFlow/seed42/ETTm1/h96.pt,,2,False,ETTm1,,153.30355044594035,,,,,,,96,32,8.269367124336716,8,,0.3788299991861661,,,LatentFlow,0.34608704034718446,0.02,11425.0,1398606,8-24-48,False,,,0.01,physics_modal_v4/results/final/headline/runs/LatentFlow/seed42/ETTm1/h96.json,4a48897a581e008fb5cfafad4d91141ce8d5b277411d72e56b4d058fb9867e0c,0.5882916286563871,42,,validation MSE only; test evaluated once,,108.9276667960803,,,
,1,extension,0.3921449225218523,latentflow_process_preserving_unfreeze2,/work/11617/sujato_ts/vista/motion_code-master/physics_modal_v4/results/final/checkpoints/LatentFlow/seed43/ETTm1/h96.pt,,2,False,ETTm1,,162.59282267838717,,,,,,,96,32,30.27170953480592,8,,0.37382098866214575,,,LatentFlow,0.3349981519894462,0.02,11425.0,1398606,8-24-48,False,,,0.01,physics_modal_v4/results/final/headline/runs/LatentFlow/seed43/ETTm1/h96.json,ce7b400ff7a3b08570c60698ebd198a656b868d0e8a1aa837001cc299c711e92,0.578790248699342,43,,validation MSE only; test evaluated once,,103.93409232056001,,,
,1,extension,0.3950587904879025,latentflow_process_preserving_unfreeze2,/work/11617/sujato_ts/vista/motion_code-master/physics_modal_v4/results/final/checkpoints/LatentFlow/seed44/ETTm1/h96.pt,,2,False,ETTm1,,150.9788011070341,,,,,,,96,32,28.43965856661448,8,,0.3721375830605513,,,LatentFlow,0.334759097153462,0.02,11425.0,1398606,8-24-48,False,,,0.01,physics_modal_v4/results/final/headline/runs/LatentFlow/seed44/ETTm1/h96.json,aa0497776296d45cfa055ac319f0d961544c62527ba472eec29e34000dc0657d,0.5785836993499403,44,,validation MSE only; test evaluated once,,96.19955152884359,,,
,3,extension,0.3935014797108514,latentflow_process_preserving_unfreeze2,/work/11617/sujato_ts/vista/motion_code-master/physics_modal_v4/results/final/checkpoints/LatentFlow/seed45/ETTm1/h96.pt,,2,False,ETTm1,,152.09570615086704,,,,,,,96,32,28.206392529656977,8,,0.3752352681010418,,,LatentFlow,0.33813158929130616,0.02,11425.0,1398606,8-24-48,False,,,0.01,physics_modal_v4/results/final/headline/runs/LatentFlow/seed45/ETTm1/h96.json,b304846f919f5c6508f7042cf74591a06b6802c5a0a5e8d4e6e4e98479410491,0.5814908333682537,45,,validation MSE only; test evaluated once,,97.08001438193605,,,
,2,extension,0.3955370605524097,latentflow_process_preserving_unfreeze2,/work/11617/sujato_ts/vista/motion_code-master/physics_modal_v4/results/final/checkpoints/LatentFlow/seed46/ETTm1/h96.pt,,2,False,ETTm1,,163.33473759097978,,,,,,,96,32,29.427768417005787,8,,0.37162481351707133,,,LatentFlow,0.3327819039477052,0.02,11425.0,1398606,8-24-48,False,,,0.01,physics_modal_v4/results/final/headline/runs/LatentFlow/seed46/ETTm1/h96.json,54664006c4ff975aaf0fb35536fc04cf58c7d543b8f007afcc0edad6a346e3fd,0.5768725196676517,46,,validation MSE only; test evaluated once,,104.99391710472992,,,
,10,,0.5123919008211011,,/work/11617/sujato_ts/vista/motion_code-master/physics_modal_v4/results/final/checkpoints/xCPD/seed42/ETTm1/h192.pt,,,,ETTm1,,,,,,,,,192,,2.964333370933902,,,0.39368710292942527,,,xCPD,0.38596600473822257,,11329.0,478566,,,paper-derived DLinear+xCPD; plugin source unavailable in named repository,,,physics_modal_v4/results/final/headline/runs/xCPD/seed42/ETTm1/h192.json,9b1bfa77513b42a7e6040e3138aaf5e453e05e2a89f4dba16d2967f38c774a64,0.621261623423033,42,,validation MSE only; test evaluated once,,12.841121271776501,,,
16,8,,0.5140102999728351,,/work/11617/sujato_ts/vista/motion_code-master/physics_modal_v4/enhancements/results/strongest_comparator/checkpoints/xCPD/seed43/ETTm1/h192.pt,c9350086c82f68a3,,False,ETTm1,16,,strongest-nontimepro-by-dataset-seeds43-46-v1,strongest_comparator,10,latentflow_process_preserving_unfreeze2,5.0,0.001,192,,3.05451875515651,,0.0007,0.3946519498694113,2048,1024,xCPD,0.38775371785399565,0.02,11329.0,478566,,False,paper-derived DLinear+xCPD; plugin source unavailable in named repository,2,,physics_modal_v4/enhancements/results/strongest_comparator/runs/xCPD/seed43/ETTm1/h192.json,5c6993a925ff67bf24982306fb1beed63d92f014683d830107f5f9f289037d1e,0.6226987376364237,43,"{'inducing_points': 32, 'latent_dim': 8, 'patch_lens': [8, 24, 48], 'representation_weight': 0.01}",,96,13.025429672416067,xCPD,0.0001,4
16,10,,0.5121580278944402,,/work/11617/sujato_ts/vista/motion_code-master/physics_modal_v4/enhancements/results/strongest_comparator/checkpoints/xCPD/seed44/ETTm1/h192.pt,4a3640c496e5b7fd,,False,ETTm1,16,,strongest-nontimepro-by-dataset-seeds43-46-v1,strongest_comparator,10,latentflow_process_preserving_unfreeze2,5.0,0.001,192,,3.1137232519844296,,0.0007,0.3936155769087395,2048,1024,xCPD,0.3863435129201582,0.02,11329.0,478566,,False,paper-derived DLinear+xCPD; plugin source unavailable in named repository,2,,physics_modal_v4/enhancements/results/strongest_comparator/runs/xCPD/seed44/ETTm1/h192.json,d86baf5393fce3250c4a1a9426ea90403012f820b6a7accae98e92f493cf743c,0.6215653730060565,44,"{'inducing_points': 32, 'latent_dim': 8, 'patch_lens': [8, 24, 48], 'representation_weight': 0.01}",,96,12.728983739361865,xCPD,0.0001,4
16,9,,0.5117424971290997,,/work/11617/sujato_ts/vista/motion_code-master/physics_modal_v4/enhancements/results/strongest_comparator/checkpoints/xCPD/seed45/ETTm1/h192.pt,01f626bf5ab820e9,,False,ETTm1,16,,strongest-nontimepro-by-dataset-seeds43-46-v1,strongest_comparator,10,latentflow_process_preserving_unfreeze2,5.0,0.001,192,,2.9320568327108316,,0.0007,0.39300953685335155,2048,1024,xCPD,0.38554548092269725,0.02,11329.0,478566,,False,paper-derived DLinear+xCPD; plugin source unavailable in named repository,2,,physics_modal_v4/enhancements/results/strongest_comparator/runs/xCPD/seed45/ETTm1/h192.json,57055845deb220e5cf75d61956f5df84ef693718014a8ccfaacc7a8027f2b912,0.6209230877674764,45,"{'inducing_points': 32, 'latent_dim': 8, 'patch_lens': [8, 24, 48], 'representation_weight': 0.01}",,96,12.541293678077636,xCPD,0.0001,4
16,8,,0.5122569794101375,,/work/11617/sujato_ts/vista/motion_code-master/physics_modal_v4/enhancements/results/strongest_comparator/checkpoints/xCPD/seed46/ETTm1/h192.pt,ac00b3e470b70482,,False,ETTm1,16,,strongest-nontimepro-by-dataset-seeds43-46-v1,strongest_comparator,10,latentflow_process_preserving_unfreeze2,5.0,0.001,192,,2.9824035192142957,,0.0007,0.3939700622287294,2048,1024,xCPD,0.38633952596121257,0.02,11329.0,478566,,False,paper-derived DLinear+xCPD; plugin source unavailable in named repository,2,,physics_modal_v4/enhancements/results/strongest_comparator/runs/xCPD/seed46/ETTm1/h192.json,14b04c0c6b7907baab087a7ce2d49fc5ed49d39928bec74223ce53f763713283,0.6215621658058127,46,"{'inducing_points': 32, 'latent_dim': 8, 'patch_lens': [8, 24, 48], 'representation_weight': 0.01}",,96,12.481872967327945,xCPD,0.0001,4
,1,extension,0.5075973019536052,latentflow_process_preserving_unfreeze2,/work/11617/sujato_ts/vista/motion_code-master/physics_modal_v4/results/final/checkpoints/LatentFlow/seed42/ETTm1/h192.pt,,2,False,ETTm1,,157.34841994405724,,,,,,,192,32,29.084869190823955,8,,0.3981603579841484,,,LatentFlow,0.3814517224517801,0.02,11329.0,1493398,8-24-48,False,,,0.01,physics_modal_v4/results/final/headline/runs/LatentFlow/seed42/ETTm1/h192.json,b2da1435e0316eae1ea1035f669debcc85b27cebbc8a29d8c10eb3e2f725e64f,0.6176177802263955,42,,validation MSE only; test evaluated once,,100.74741633670783,,,
,0,reference,0.5154585605930715,latentflow_process_preserving_unfreeze2,/work/11617/sujato_ts/vista/motion_code-master/physics_modal_v4/results/final/checkpoints/LatentFlow/seed43/ETTm1/h192.pt,,2,False,ETTm1,,137.52673441900697,,,,,,,192,32,7.410341634244995,8,,0.39651534458020243,,,LatentFlow,0.38090578920044743,0.02,11329.0,1493398,8-24-48,False,,,0.01,physics_modal_v4/results/final/headline/runs/LatentFlow/seed43/ETTm1/h192.json,35fe30b61a3b43c64bc5456963362dad2d204ca4fff937a5c7bbe3a555edca65,0.6171756550613832,43,,validation MSE only; test evaluated once,,97.43272590390006,,,
,2,extension,0.512834358250811,latentflow_process_preserving_unfreeze2,/work/11617/sujato_ts/vista/motion_code-master/physics_modal_v4/results/final/checkpoints/LatentFlow/seed44/ETTm1/h192.pt,,2,False,ETTm1,,155.62819129996933,,,,,,,192,32,29.576502164069673,8,,0.3959587315687016,,,LatentFlow,0.37849950608616734,0.02,11329.0,1493398,8-24-48,False,,,0.01,physics_modal_v4/results/final/headline/runs/LatentFlow/seed44/ETTm1/h192.json,e1efb3a935b2c767ea404452d14376b3752fa23a57484567efbbf44808423b2d,0.6152231352006907,44,,validation MSE only; test evaluated once,,99.2711757968209,,,
,0,reference,0.5113625996524379,latentflow_process_preserving_unfreeze2,/work/11617/sujato_ts/vista/motion_code-master/physics_modal_v4/results/final/checkpoints/LatentFlow/seed45/ETTm1/h192.pt,,2,False,ETTm1,,138.29063420929015,,,,,,,192,32,7.621022884482373,8,,0.40250063238337175,,,LatentFlow,0.39295605597909256,0.02,11329.0,1493398,8-24-48,False,,,0.01,physics_modal_v4/results/final/headline/runs/LatentFlow/seed45/ETTm1/h192.json,ac2e44f929991a8e0fa784d604bf396536e6e4e9c0663c395e61079478568013,0.6268620709367353,45,,validation MSE only; test evaluated once,,97.96145444306603,,,
,0,reference,0.5149844826332161,latentflow_process_preserving_unfreeze2,/work/11617/sujato_ts/vista/motion_code-master/physics_modal_v4/results/final/checkpoints/LatentFlow/seed46/ETTm1/h192.pt,,2,False,ETTm1,,147.61100358795375,,,,,,,192,32,8.11693603811783,8,,0.4032480942658258,,,LatentFlow,0.39587090706678846,0.02,11329.0,1493398,8-24-48,False,,,0.01,physics_modal_v4/results/final/headline/runs/LatentFlow/seed46/ETTm1/h192.json,2de21b4b109cf0f50ba4544ad6919e3736a7daad8252090432306b3fe78d443a,0.629182729472757,46,,validation MSE only; test evaluated once,,104.55603182890627,,,
,6,,0.6446371826590324,,/work/11617/sujato_ts/vista/motion_code-master/physics_modal_v4/results/final/checkpoints/xCPD/seed42/ETTm1/h336.pt,,,,ETTm1,,,,,,,,,336,,3.1123097937949065,,,0.4187791632659936,,,xCPD,0.419696549033262,,11185.0,588834,,,paper-derived DLinear+xCPD; plugin source unavailable in named repository,,,physics_modal_v4/results/final/headline/runs/xCPD/seed42/ETTm1/h336.json,9e0b8edfc36d2934121f088151f41a136d5db8957c82f0c5f0b440b49c3a64bb,0.6478399100343093,42,,validation MSE only; test evaluated once,,13.694459245824772,,,
16,8,,0.6441007440998441,,/work/11617/sujato_ts/vista/motion_code-master/physics_modal_v4/enhancements/results/strongest_comparator/checkpoints/xCPD/seed43/ETTm1/h336.pt,c07b14452333b5e0,,False,ETTm1,16,,strongest-nontimepro-by-dataset-seeds43-46-v1,strongest_comparator,10,latentflow_process_preserving_unfreeze2,5.0,0.001,336,,2.7992641499911817,,0.0007,0.42225205994909837,2048,1024,xCPD,0.4214157489907245,0.02,11185.0,588834,,False,paper-derived DLinear+xCPD; plugin source unavailable in named repository,2,,physics_modal_v4/enhancements/results/strongest_comparator/runs/xCPD/seed43/ETTm1/h336.json,e5d56a430599e9bba6ab74cdb63848caecea0dae91ab08296628d82ee2dbdc4d,0.6491654249809709,43,"{'inducing_points': 32, 'latent_dim': 8, 'patch_lens': [8, 24, 48], 'representation_weight': 0.01}",,96,11.944910808233544,xCPD,0.0001,4
16,9,,0.6433594539051964,,/work/11617/sujato_ts/vista/motion_code-master/physics_modal_v4/enhancements/results/strongest_comparator/checkpoints/xCPD/seed44/ETTm1/h336.pt,6a17fbaa6e358cf9,,False,ETTm1,16,,strongest-nontimepro-by-dataset-seeds43-46-v1,strongest_comparator,10,latentflow_process_preserving_unfreeze2,5.0,0.001,336,,3.078778067544999,,0.0007,0.42106217536563056,2048,1024,xCPD,0.42062022405874283,0.02,11185.0,588834,,False,paper-derived DLinear+xCPD; plugin source unavailable in named repository,2,,physics_modal_v4/enhancements/results/strongest_comparator/runs/xCPD/seed44/ETTm1/h336.json,e7e63e43678906febd4ca81f78afa6e14a20fc0e4cee949cf25b97834fb6721e,0.6485524065630648,44,"{'inducing_points': 32, 'latent_dim': 8, 'patch_lens': [8, 24, 48], 'representation_weight': 0.01}",,96,13.407405576072051,xCPD,0.0001,4
16,10,,0.6424088082751449,,/work/11617/sujato_ts/vista/motion_code-master/physics_modal_v4/enhancements/results/strongest_comparator/checkpoints/xCPD/seed45/ETTm1/h336.pt,837eea62c8f29178,,False,ETTm1,16,,strongest-nontimepro-by-dataset-seeds43-46-v1,strongest_comparator,10,latentflow_process_preserving_unfreeze2,5.0,0.001,336,,2.9713057654037174,,0.0007,0.41921688094207005,2048,1024,xCPD,0.4189346637176952,0.02,11185.0,588834,,False,paper-derived DLinear+xCPD; plugin source unavailable in named repository,2,,physics_modal_v4/enhancements/results/strongest_comparator/runs/xCPD/seed45/ETTm1/h336.json,ad80a2375750bf4c32a0b56799c356c324ba938663431ac184ed690f6c9afe3b,0.6472516231866052,45,"{'inducing_points': 32, 'latent_dim': 8, 'patch_lens': [8, 24, 48], 'representation_weight': 0.01}",,96,13.167353610333521,xCPD,0.0001,4
16,10,,0.6432047028119873,,/work/11617/sujato_ts/vista/motion_code-master/physics_modal_v4/enhancements/results/strongest_comparator/checkpoints/xCPD/seed46/ETTm1/h336.pt,5230bd144ced4cf2,,False,ETTm1,16,,strongest-nontimepro-by-dataset-seeds43-46-v1,strongest_comparator,10,latentflow_process_preserving_unfreeze2,5.0,0.001,336,,3.0390263293578923,,0.0007,0.4178214061577751,2048,1024,xCPD,0.41805382856881107,0.02,11185.0,588834,,False,paper-derived DLinear+xCPD; plugin source unavailable in named repository,2,,physics_modal_v4/enhancements/results/strongest_comparator/runs/xCPD/seed46/ETTm1/h336.json,0597276980127c62a79c90726978db586b3a950e0279a354e324ca4b6e92d632,0.6465708225467733,46,"{'inducing_points': 32, 'latent_dim': 8, 'patch_lens': [8, 24, 48], 'representation_weight': 0.01}",,96,13.019311075186124,xCPD,0.0001,4
,4,extension,0.6491966586129195,latentflow_process_preserving_unfreeze2,/work/11617/sujato_ts/vista/motion_code-master/physics_modal_v4/results/final/checkpoints/LatentFlow/seed42/ETTm1/h336.pt,,2,False,ETTm1,,158.05956815101672,,,,,,,336,32,28.988706290903355,8,,0.42310347093207323,,,LatentFlow,0.4288199721249567,0.02,11185.0,1636816,8-24-48,False,,,0.01,physics_modal_v4/results/final/headline/runs/LatentFlow/seed42/ETTm1/h336.json,66dddfe26ef3de220694a8f40c5392ae7f1933b350877f503e04124a2dbb2f7d,0.654843471468531,42,,validation MSE only; test evaluated once,,101.44122409219563,,,
,5,extension,0.65509321515252,latentflow_process_preserving_unfreeze2,/work/11617/sujato_ts/vista/motion_code-master/physics_modal_v4/results/final/checkpoints/LatentFlow/seed43/ETTm1/h336.pt,,2,False,ETTm1,,167.320685967803,,,,,,,336,32,31.301196518468867,8,,0.4268675689823943,,,LatentFlow,0.4238138203011319,0.02,11185.0,1636816,8-24-48,False,,,0.01,physics_modal_v4/results/final/headline/runs/LatentFlow/seed43/ETTm1/h336.json,68818b3ae86f4afaa6b45473d3450361e2f192ba891734d59ede7240d498f89f,0.6510098465469872,43,,validation MSE only; test evaluated once,,107.33617114819936,,,
,2,extension,0.6561011601062048,latentflow_process_preserving_unfreeze2,/work/11617/sujato_ts/vista/motion_code-master/physics_modal_v4/results/final/checkpoints/LatentFlow/seed44/ETTm1/h336.pt,,2,False,ETTm1,,150.90651680668816,,,,,,,336,32,27.514291098634885,8,,0.41689597810629103,,,LatentFlow,0.4159849094709199,0.02,11185.0,1636816,8-24-48,False,,,0.01,physics_modal_v4/results/final/headline/runs/LatentFlow/seed44/ETTm1/h336.json,5d26b0cbef8baab8364b31dbc6c822ef7b95cf471423df48001426267d4f4955,0.644968921321733,44,,validation MSE only; test evaluated once,,96.82148416650307,,,
,0,reference,0.6596212520891306,latentflow_process_preserving_unfreeze2,/work/11617/sujato_ts/vista/motion_code-master/physics_modal_v4/results/final/checkpoints/LatentFlow/seed45/ETTm1/h336.pt,,2,False,ETTm1,,150.58172788005322,,,,,,,336,32,8.39150223459376,8,,0.43958715140634486,,,LatentFlow,0.4606223764176206,0.02,11185.0,1636816,8-24-48,False,,,0.01,physics_modal_v4/results/final/headline/runs/LatentFlow/seed45/ETTm1/h336.json,9e96cf03f13eb9bb8322dd16a6aa2ca7b90961645b27b6adeab579a876ba0371,0.6786916652041785,45,,validation MSE only; test evaluated once,,106.71643523201055,,,
,2,extension,0.6589470708451304,latentflow_process_preserving_unfreeze2,/work/11617/sujato_ts/vista/motion_code-master/physics_modal_v4/results/final/checkpoints/LatentFlow/seed46/ETTm1/h336.pt,,2,False,ETTm1,,155.6314379107207,,,,,,,336,32,28.833718482074048,8,,0.42143582422906684,,,LatentFlow,0.41862716557639623,0.02,11185.0,1636816,8-24-48,False,,,0.01,physics_modal_v4/results/final/headline/runs/LatentFlow/seed46/ETTm1/h336.json,55130b42e100ba91a43922721a778bc1a39df445f3332c60b0e34b698c150e84,0.6470140381602213,46,,validation MSE only; test evaluated once,,99.84910156490514,,,
,6,,0.9107707799427093,,/work/11617/sujato_ts/vista/motion_code-master/physics_modal_v4/results/final/checkpoints/xCPD/seed42/ETTm1/h720.pt,,,,ETTm1,,,,,,,,,720,,2.9703559020937638,,,0.46909799928999685,,,xCPD,0.49194509690403354,,10801.0,1085634,,,paper-derived DLinear+xCPD; plugin source unavailable in named repository,,,physics_modal_v4/results/final/headline/runs/xCPD/seed42/ETTm1/h720.json,181ca9e126882098d9928b688d50cb322398c31a6e7f10c55b750b49e39259df,0.7013879788704919,42,,validation MSE only; test evaluated once,,12.90542113282653,,,
16,4,,0.906432150659107,,/work/11617/sujato_ts/vista/motion_code-master/physics_modal_v4/enhancements/results/strongest_comparator/checkpoints/xCPD/seed43/ETTm1/h720.pt,c19c935361299109,,False,ETTm1,16,,strongest-nontimepro-by-dataset-seeds43-46-v1,strongest_comparator,10,latentflow_process_preserving_unfreeze2,5.0,0.001,720,,3.046063391922887,,0.0007,0.4606507468055356,2048,1024,xCPD,0.4835222331069296,0.02,10801.0,1085634,,False,paper-derived DLinear+xCPD; plugin source unavailable in named repository,2,,physics_modal_v4/enhancements/results/strongest_comparator/runs/xCPD/seed43/ETTm1/h720.json,02de11bc8ee769335e37fdae1b5e2048e58a5fdc79a077502acf37436d6038f4,0.6953576296460187,43,"{'inducing_points': 32, 'latent_dim': 8, 'patch_lens': [8, 24, 48], 'representation_weight': 0.01}",,96,13.215627778013836,xCPD,0.0001,4
16,2,,0.9109962062230186,,/work/11617/sujato_ts/vista/motion_code-master/physics_modal_v4/enhancements/results/strongest_comparator/checkpoints/xCPD/seed44/ETTm1/h720.pt,6fa51f55dbc637ab,,False,ETTm1,16,,strongest-nontimepro-by-dataset-seeds43-46-v1,strongest_comparator,10,latentflow_process_preserving_unfreeze2,5.0,0.001,720,,3.0114425937658957,,0.0007,0.4553053201289465,2048,1024,xCPD,0.47906160089294786,0.02,10801.0,1085634,,False,paper-derived DLinear+xCPD; plugin source unavailable in named repository,2,,physics_modal_v4/enhancements/results/strongest_comparator/runs/xCPD/seed44/ETTm1/h720.json,795928e7cb09f5fc333c1097f88dde5fdb44274b08dc269f5dfeed7f12c62645,0.692142760485832,44,"{'inducing_points': 32, 'latent_dim': 8, 'patch_lens': [8, 24, 48], 'representation_weight': 0.01}",,96,13.216594906407408,xCPD,0.0001,4
16,3,,0.9078457548504784,,/work/11617/sujato_ts/vista/motion_code-master/physics_modal_v4/enhancements/results/strongest_comparator/checkpoints/xCPD/seed45/ETTm1/h720.pt,8c0ad0a25a2b423d,,False,ETTm1,16,,strongest-nontimepro-by-dataset-seeds43-46-v1,strongest_comparator,10,latentflow_process_preserving_unfreeze2,5.0,0.001,720,,2.8189065553889074,,0.0007,0.45771746033622485,2048,1024,xCPD,0.48048452636034905,0.02,10801.0,1085634,,False,paper-derived DLinear+xCPD; plugin source unavailable in named repository,2,,physics_modal_v4/enhancements/results/strongest_comparator/runs/xCPD/seed45/ETTm1/h720.json,72af17a0a2949294809b474a740858750c31a84e4b2f9c6c9e51ff9c1670a757,0.6931699116092309,45,"{'inducing_points': 32, 'latent_dim': 8, 'patch_lens': [8, 24, 48], 'representation_weight': 0.01}",,96,12.660747529783597,xCPD,0.0001,4
16,4,,0.9052875656930227,,/work/11617/sujato_ts/vista/motion_code-master/physics_modal_v4/enhancements/results/strongest_comparator/checkpoints/xCPD/seed46/ETTm1/h720.pt,75b00dab42e0f6a9,,False,ETTm1,16,,strongest-nontimepro-by-dataset-seeds43-46-v1,strongest_comparator,10,latentflow_process_preserving_unfreeze2,5.0,0.001,720,,3.113277350450128,,0.0007,0.45963798193303335,2048,1024,xCPD,0.4824344507736024,0.02,10801.0,1085634,,False,paper-derived DLinear+xCPD; plugin source unavailable in named repository,2,,physics_modal_v4/enhancements/results/strongest_comparator/runs/xCPD/seed46/ETTm1/h720.json,e7f391cd7cf5dfd0feb55b768402b84901a67bc34081a059212812deff1f253c,0.6945750145042668,46,"{'inducing_points': 32, 'latent_dim': 8, 'patch_lens': [8, 24, 48], 'representation_weight': 0.01}",,96,13.448147055896698,xCPD,0.0001,4
,2,extension,0.9847933825992402,latentflow_process_preserving_unfreeze2,/work/11617/sujato_ts/vista/motion_code-master/physics_modal_v4/results/final/checkpoints/LatentFlow/seed42/ETTm1/h720.pt,,2,False,ETTm1,,161.7543609351851,,,,,,,720,32,30.560620587860797,8,,0.4763382313587202,,,LatentFlow,0.5109426959394284,0.02,10801.0,2026480,8-24-48,False,,,0.01,physics_modal_v4/results/final/headline/runs/LatentFlow/seed42/ETTm1/h720.json,f62e11e1217af2ba0871223a312cd35ffcb24eeb13b1d16d8814e120ee92f2ea,0.7148025573117576,42,,validation MSE only; test evaluated once,,103.99716657702811,,,
,3,extension,0.9990989711549547,latentflow_process_preserving_unfreeze2,/work/11617/sujato_ts/vista/motion_code-master/physics_modal_v4/results/final/checkpoints/LatentFlow/seed43/ETTm1/h720.pt,,2,False,ETTm1,,166.97327186027542,,,,,,,720,32,30.81446619516443,8,,0.4691178767093256,,,LatentFlow,0.4924183591910145,0.02,10801.0,2026480,8-24-48,False,,,0.01,physics_modal_v4/results/final/headline/runs/LatentFlow/seed43/ETTm1/h720.json,4129779ef84cc24fddb09bb0aee4f5a1e9ab7fb520d895c924eadf69cd4c14c0,0.7017252733021766,43,,validation MSE only; test evaluated once,,107.95652635788429,,,
,3,extension,0.9923984924952189,latentflow_process_preserving_unfreeze2,/work/11617/sujato_ts/vista/motion_code-master/physics_modal_v4/results/final/checkpoints/LatentFlow/seed44/ETTm1/h720.pt,,2,False,ETTm1,,166.33842852525413,,,,,,,720,32,30.850755329898803,8,,0.4773132086926633,,,LatentFlow,0.5126246371171618,0.02,10801.0,2026480,8-24-48,False,,,0.01,physics_modal_v4/results/final/headline/runs/LatentFlow/seed44/ETTm1/h720.json,a8c2a015d1f80d4b11a52c346a429c5b2bb4c271392ff34f4ec1dea2f7b4764d,0.7159780982105262,44,,validation MSE only; test evaluated once,,107.46361174678896,,,
,0,reference,0.9999531471540057,latentflow_process_preserving_unfreeze2,/work/11617/sujato_ts/vista/motion_code-master/physics_modal_v4/results/final/checkpoints/LatentFlow/seed45/ETTm1/h720.pt,,2,False,ETTm1,,143.12663235887885,,,,,,,720,32,7.730027397497604,8,,0.45882212620774127,,,LatentFlow,0.4826467743064109,0.02,10801.0,2026480,8-24-48,False,,,0.01,physics_modal_v4/results/final/headline/runs/LatentFlow/seed45/ETTm1/h720.json,b6a637a5253a1daf5c92dbcfd45353be4985bc04e4bb7f21a59f1bcbb60842e8,0.6947278418966746,45,,validation MSE only; test evaluated once,,101.61835549370153,,,
,2,extension,0.9968857753844488,latentflow_process_preserving_unfreeze2,/work/11617/sujato_ts/vista/motion_code-master/physics_modal_v4/results/final/checkpoints/LatentFlow/seed46/ETTm1/h720.pt,,2,False,ETTm1,,151.572815626394,,,,,,,720,32,28.717953959087502,8,,0.46365829780971224,,,LatentFlow,0.4941950051236943,0.02,10801.0,2026480,8-24-48,False,,,0.01,physics_modal_v4/results/final/headline/runs/LatentFlow/seed46/ETTm1/h720.json,d7fd0d06d49df33afea67ac062f5171ee32237903785ebffc3a7f0438ecbe290,0.7029900462479496,46,,validation MSE only; test evaluated once,,97.3374808771041,,,
,10,,0.1346356105946359,,/work/11617/sujato_ts/vista/motion_code-master/physics_modal_v4/results/final/checkpoints/TimeMixer/seed42/ETTm2/h96.pt,,,,ETTm2,,,,,,,,,96,,2.9231791130758906,,,0.2713640812802988,,,TimeMixer,0.18733775400899283,,11425.0,189469,,,repository-native matched implementation,,,physics_modal_v4/results/final/headline/runs/TimeMixer/seed42/ETTm2/h96.json,f43db6ec37a06a6f94e70f7233e90a379892fbbb9ce9c88da403abed29dece14,0.43282531581342704,42,,validation MSE only; test evaluated once,,12.624097123625688,,,
16,10,,0.13691633762348265,,/work/11617/sujato_ts/vista/motion_code-master/physics_modal_v4/enhancements/results/strongest_comparator/checkpoints/TimeMixer/seed43/ETTm2/h96.pt,8cc3daf7bb5b4632,,False,ETTm2,16,,strongest-nontimepro-by-dataset-seeds43-46-v1,strongest_comparator,10,latentflow_process_preserving_unfreeze2,5.0,0.001,96,,2.979762945062575,,0.0007,0.2736234733682505,2048,1024,TimeMixer,0.1888382702066561,0.02,11425.0,189469,,False,repository-native matched implementation,2,,physics_modal_v4/enhancements/results/strongest_comparator/runs/TimeMixer/seed43/ETTm2/h96.json,c14489b039493f90c9b56dc41adb08ddc1f6592915b6368b7e7c89bc7ee4f795,0.4345552556426583,43,"{'inducing_points': 16, 'latent_dim': 8, 'patch_lens': [8, 16, 32], 'representation_weight': 0.001}",,96,12.24954934368725,TimeMixer,0.0001,4
16,9,,0.13603873586370832,,/work/11617/sujato_ts/vista/motion_code-master/physics_modal_v4/enhancements/results/strongest_comparator/checkpoints/TimeMixer/seed44/ETTm2/h96.pt,40f3f01a7ba9a26b,,False,ETTm2,16,,strongest-nontimepro-by-dataset-seeds43-46-v1,strongest_comparator,10,latentflow_process_preserving_unfreeze2,5.0,0.001,96,,2.819357336540654,,0.0007,0.27218478216831293,2048,1024,TimeMixer,0.18773938958143285,0.02,11425.0,189469,,False,repository-native matched implementation,2,,physics_modal_v4/enhancements/results/strongest_comparator/runs/TimeMixer/seed44/ETTm2/h96.json,3f519aac2deae8c8c3ce65f8b9daca3e058a82d765e16cc089bd3e7a9fb18d4d,0.4332890369965906,44,"{'inducing_points': 16, 'latent_dim': 8, 'patch_lens': [8, 16, 32], 'representation_weight': 0.001}",,96,11.884261699742638,TimeMixer,0.0001,4
16,10,,0.13575440432344163,,/work/11617/sujato_ts/vista/motion_code-master/physics_modal_v4/enhancements/results/strongest_comparator/checkpoints/TimeMixer/seed45/ETTm2/h96.pt,e00a5e44db5016e5,,False,ETTm2,16,,strongest-nontimepro-by-dataset-seeds43-46-v1,strongest_comparator,10,latentflow_process_preserving_unfreeze2,5.0,0.001,96,,2.741480369141765,,0.0007,0.2716594270533468,2048,1024,TimeMixer,0.1874902687001206,0.02,11425.0,189469,,False,repository-native matched implementation,2,,physics_modal_v4/enhancements/results/strongest_comparator/runs/TimeMixer/seed45/ETTm2/h96.json,8b98d2cda47c5ad116e98f66199e92a0dfc957a033bccbd0963b879f7449d7d3,0.4330014650092082,45,"{'inducing_points': 16, 'latent_dim': 8, 'patch_lens': [8, 16, 32], 'representation_weight': 0.001}",,96,11.82970977461082,TimeMixer,0.0001,4
16,9,,0.1363968700170517,,/work/11617/sujato_ts/vista/motion_code-master/physics_modal_v4/enhancements/results/strongest_comparator/checkpoints/TimeMixer/seed46/ETTm2/h96.pt,2479868e9137fbf3,,False,ETTm2,16,,strongest-nontimepro-by-dataset-seeds43-46-v1,strongest_comparator,10,latentflow_process_preserving_unfreeze2,5.0,0.001,96,,2.9628026976741935,,0.0007,0.27346242168713103,2048,1024,TimeMixer,0.18946870218531173,0.02,11425.0,189469,,False,repository-native matched implementation,2,,physics_modal_v4/enhancements/results/strongest_comparator/runs/TimeMixer/seed46/ETTm2/h96.json,dfc07a8038e55af3cb9514d485b9e4e23f5bae5333d85263befb5e7f42558b21,0.43528002732185145,46,"{'inducing_points': 16, 'latent_dim': 8, 'patch_lens': [8, 16, 32], 'representation_weight': 0.001}",,96,12.370520254626172,TimeMixer,0.0001,4
,5,extension,0.12927979000267528,latentflow_process_preserving_unfreeze2,/work/11617/sujato_ts/vista/motion_code-master/physics_modal_v4/results/final/checkpoints/LatentFlow/seed42/ETTm2/h96.pt,,2,False,ETTm2,,169.9248476549983,,,,,,,96,16,31.329114018151795,8,,0.257860130710727,,,LatentFlow,0.17291838965217707,0.02,11425.0,1373530,8-16-32,False,,,0.001,physics_modal_v4/results/final/headline/runs/LatentFlow/seed42/ETTm2/h96.json,5bed9bc55bbd988e357a1180f2058a9446501efca59bf67e040c3b1132f7ed76,0.41583457005421887,42,,validation MSE only; test evaluated once,,108.99719565859414,,,
,2,extension,0.1281356987144266,latentflow_process_preserving_unfreeze2,/work/11617/sujato_ts/vista/motion_code-master/physics_modal_v4/results/final/checkpoints/LatentFlow/seed43/ETTm2/h96.pt,,2,False,ETTm2,,168.35771525406744,,,,,,,96,16,31.073638739594653,8,,0.2590128142100592,,,LatentFlow,0.17505394963332735,0.02,11425.0,1373530,8-16-32,False,,,0.001,physics_modal_v4/results/final/headline/runs/LatentFlow/seed43/ETTm2/h96.json,6f9e90453f60de5885fc2a97ec490ae02f5739c10e9ba77219484f5ea042e8d2,0.41839449044332233,43,,validation MSE only; test evaluated once,,107.96348682579264,,,
,3,extension,0.12816246971488,latentflow_process_preserving_unfreeze2,/work/11617/sujato_ts/vista/motion_code-master/physics_modal_v4/results/final/checkpoints/LatentFlow/seed44/ETTm2/h96.pt,,2,False,ETTm2,,152.65929958400375,,,,,,,96,16,28.22628650207074,8,,0.2586701206884198,,,LatentFlow,0.17567293339723644,0.02,11425.0,1373530,8-16-32,False,,,0.001,physics_modal_v4/results/final/headline/runs/LatentFlow/seed44/ETTm2/h96.json,f1889bb8962a377412131d5808b15595623da28e51b6a6d36ead720db55cc510,0.4191335507892877,44,,validation MSE only; test evaluated once,,97.57028460234096,,,
,1,extension,0.12765920933868205,latentflow_process_preserving_unfreeze2,/work/11617/sujato_ts/vista/motion_code-master/physics_modal_v4/results/final/checkpoints/LatentFlow/seed45/ETTm2/h96.pt,,2,False,ETTm2,,154.76055405987427,,,,,,,96,16,29.25780429707273,8,,0.2605474121242411,,,LatentFlow,0.17720540472600838,0.02,11425.0,1373530,8-16-32,False,,,0.001,physics_modal_v4/results/final/headline/runs/LatentFlow/seed45/ETTm2/h96.json,271565ff40eb460a33bf3343612ff0fbff7ea4a0cf5598d9d93a6b2929c9a429,0.4209577232050843,45,,validation MSE only; test evaluated once,,98.60605960475368,,,
,2,extension,0.1287448773870156,latentflow_process_preserving_unfreeze2,/work/11617/sujato_ts/vista/motion_code-master/physics_modal_v4/results/final/checkpoints/LatentFlow/seed46/ETTm2/h96.pt,,2,False,ETTm2,,157.31394937029108,,,,,,,96,16,29.872295101203264,8,,0.25876980044909587,,,LatentFlow,0.17377210465125445,0.02,11425.0,1373530,8-16-32,False,,,0.001,physics_modal_v4/results/final/headline/runs/LatentFlow/seed46/ETTm2/h96.json,7bf04eb099be2f97387fbbf3e23f3162d3e2a76944f89788dbe27450887e9b50,0.41685981414769935,46,,validation MSE only; test evaluated once,,100.1964118629985,,,
,10,,0.17830282485201246,,/work/11617/sujato_ts/vista/motion_code-master/physics_modal_v4/results/final/checkpoints/TimeMixer/seed42/ETTm2/h192.pt,,,,ETTm2,,,,,,,,,192,,3.0429969652537414,,,0.31327325648402116,,,TimeMixer,0.2535888375359248,,11329.0,203485,,,repository-native matched implementation,,,physics_modal_v4/results/final/headline/runs/TimeMixer/seed42/ETTm2/h192.json,e660286f61fcbb5f9033cdfa4808c9ede4479fe8bd54579ce8906b723761601e,0.5035760494065666,42,,validation MSE only; test evaluated once,,12.641201065707719,,,
16,10,,0.17915170409140133,,/work/11617/sujato_ts/vista/motion_code-master/physics_modal_v4/enhancements/results/strongest_comparator/checkpoints/TimeMixer/seed43/ETTm2/h192.pt,c768a8ddb57fae71,,False,ETTm2,16,,strongest-nontimepro-by-dataset-seeds43-46-v1,strongest_comparator,10,latentflow_process_preserving_unfreeze2,5.0,0.001,192,,2.9133745434854927,,0.0007,0.3136412168045294,2048,1024,TimeMixer,0.2533339684932595,0.02,11329.0,203485,,False,repository-native matched implementation,2,,physics_modal_v4/enhancements/results/strongest_comparator/runs/TimeMixer/seed43/ETTm2/h192.json,eabb0e31a4b50d7ba54e145b402ef651a4588daf3ae2bd379b87a3647e5f4022,0.5033229266517267,43,"{'inducing_points': 16, 'latent_dim': 8, 'patch_lens': [8, 16, 32], 'representation_weight': 0.001}",,96,12.384183576796204,TimeMixer,0.0001,4
16,10,,0.17913439763443811,,/work/11617/sujato_ts/vista/motion_code-master/physics_modal_v4/enhancements/results/strongest_comparator/checkpoints/TimeMixer/seed44/ETTm2/h192.pt,5a423752540a4364,,False,ETTm2,16,,strongest-nontimepro-by-dataset-seeds43-46-v1,strongest_comparator,10,latentflow_process_preserving_unfreeze2,5.0,0.001,192,,2.8879098414783777,,0.0007,0.31430826416063085,2048,1024,TimeMixer,0.2541097318467872,0.02,11329.0,203485,,False,repository-native matched implementation,2,,physics_modal_v4/enhancements/results/strongest_comparator/runs/TimeMixer/seed44/ETTm2/h192.json,7ac48e043f22ff79bb9bd9d35618e3a1cd8185d25a07bfee61fc438e7c3c1462,0.5040929793666911,44,"{'inducing_points': 16, 'latent_dim': 8, 'patch_lens': [8, 16, 32], 'representation_weight': 0.001}",,96,12.05909996497212,TimeMixer,0.0001,4
16,8,,0.17844592017077265,,/work/11617/sujato_ts/vista/motion_code-master/physics_modal_v4/enhancements/results/strongest_comparator/checkpoints/TimeMixer/seed45/ETTm2/h192.pt,0755cd3a3307297a,,False,ETTm2,16,,strongest-nontimepro-by-dataset-seeds43-46-v1,strongest_comparator,10,latentflow_process_preserving_unfreeze2,5.0,0.001,192,,2.8751965944599833,,0.0007,0.3131382641248475,2048,1024,TimeMixer,0.25364926326312404,0.02,11329.0,203485,,False,repository-native matched implementation,2,,physics_modal_v4/enhancements/results/strongest_comparator/runs/TimeMixer/seed45/ETTm2/h192.json,1e4601a119a27e3e8597ceb8395030b838b127ab3aa65d28c067c442f8bfb491,0.503636042458365,45,"{'inducing_points': 16, 'latent_dim': 8, 'patch_lens': [8, 16, 32], 'representation_weight': 0.001}",,96,12.282575255085249,TimeMixer,0.0001,4
16,9,,0.17696852591775714,,/work/11617/sujato_ts/vista/motion_code-master/physics_modal_v4/enhancements/results/strongest_comparator/checkpoints/TimeMixer/seed46/ETTm2/h192.pt,6ecc69eeb4ae5975,,False,ETTm2,16,,strongest-nontimepro-by-dataset-seeds43-46-v1,strongest_comparator,10,latentflow_process_preserving_unfreeze2,5.0,0.001,192,,2.9343186650773454,,0.0007,0.31194368363052094,2048,1024,TimeMixer,0.2528422314916791,0.02,11329.0,203485,,False,repository-native matched implementation,2,,physics_modal_v4/enhancements/results/strongest_comparator/runs/TimeMixer/seed46/ETTm2/h192.json,980a134a53acfd2d7b6c540f92cb34df4e0963b78ee8140952572c902813a693,0.5028341988087913,46,"{'inducing_points': 16, 'latent_dim': 8, 'patch_lens': [8, 16, 32], 'representation_weight': 0.001}",,96,12.191983302909648,TimeMixer,0.0001,4
,2,extension,0.16771258333964006,latentflow_process_preserving_unfreeze2,/work/11617/sujato_ts/vista/motion_code-master/physics_modal_v4/results/final/checkpoints/LatentFlow/seed42/ETTm2/h192.pt,,2,False,ETTm2,,158.47656257206108,,,,,,,192,16,29.52726880998036,8,,0.29985980195175266,,,LatentFlow,0.24026711379459686,0.02,11329.0,1468534,8-16-32,False,,,0.001,physics_modal_v4/results/final/headline/runs/LatentFlow/seed42/ETTm2/h192.json,1d4124963c228e4096b535316950856b9c33f8e18f03d223f70dcb103e32fcb3,0.49017049461855294,42,,validation MSE only; test evaluated once,,101.38188535074732,,,
,4,extension,0.17074308588746048,latentflow_process_preserving_unfreeze2,/work/11617/sujato_ts/vista/motion_code-master/physics_modal_v4/results/final/checkpoints/LatentFlow/seed43/ETTm2/h192.pt,,2,False,ETTm2,,163.28670676099136,,,,,,,192,16,29.13511955212865,8,,0.3029546071687472,,,LatentFlow,0.24278723827039594,0.02,11329.0,1468534,8-16-32,False,,,0.001,physics_modal_v4/results/final/headline/runs/LatentFlow/seed43/ETTm2/h192.json,b163136a2dc511651f2dfc4369cabf9c824522bfeab0516c39f37fa21c375bc6,0.4927344500543837,43,,validation MSE only; test evaluated once,,105.22133665153888,,,
,2,extension,0.17002589060437112,latentflow_process_preserving_unfreeze2,/work/11617/sujato_ts/vista/motion_code-master/physics_modal_v4/results/final/checkpoints/LatentFlow/seed44/ETTm2/h192.pt,,2,False,ETTm2,,163.27586348401383,,,,,,,192,16,29.41326619108778,8,,0.30245865022926843,,,LatentFlow,0.24216420599904076,0.02,11329.0,1468534,8-16-32,False,,,0.001,physics_modal_v4/results/final/headline/runs/LatentFlow/seed44/ETTm2/h192.json,d9d588e407584bb34164d899f18e4d92bb8acf1851bde44693efc1d8dfc94e6c,0.49210182482799303,44,,validation MSE only; test evaluated once,,105.09736063904711,,,
,2,extension,0.1696856844105891,latentflow_process_preserving_unfreeze2,/work/11617/sujato_ts/vista/motion_code-master/physics_modal_v4/results/final/checkpoints/LatentFlow/seed45/ETTm2/h192.pt,,2,False,ETTm2,,151.7024405389093,,,,,,,192,16,28.02140667739481,8,,0.30143849002460094,,,LatentFlow,0.241528916153208,0.02,11329.0,1468534,8-16-32,False,,,0.001,physics_modal_v4/results/final/headline/runs/LatentFlow/seed45/ETTm2/h192.json,dce3ecd31864a0cb084e8958129fa527d7c579c4291d0a7920bd5f53972c46af,0.4914559147606304,45,,validation MSE only; test evaluated once,,97.09929550845118,,,
,2,extension,0.16915278039163067,latentflow_process_preserving_unfreeze2,/work/11617/sujato_ts/vista/motion_code-master/physics_modal_v4/results/final/checkpoints/LatentFlow/seed46/ETTm2/h192.pt,,2,False,ETTm2,,166.5021168529056,,,,,,,192,16,31.004215029491142,8,,0.3004734589129794,,,LatentFlow,0.23933888791789568,0.02,11329.0,1468534,8-16-32,False,,,0.001,physics_modal_v4/results/final/headline/runs/LatentFlow/seed46/ETTm2/h192.json,74dabd2f4890c76342c50fe343a768c00f52c7973870b8c893f51e0fdc0385b3,0.48922273855361187,46,,validation MSE only; test evaluated once,,106.66891578111972,,,
,9,,0.2211479520311161,,/work/11617/sujato_ts/vista/motion_code-master/physics_modal_v4/results/final/checkpoints/TimeMixer/seed42/ETTm2/h336.pt,,,,ETTm2,,,,,,,,,336,,3.0135593923001456,,,0.3510650045738568,,,TimeMixer,0.3140263134517504,,11185.0,224509,,,repository-native matched implementation,,,physics_modal_v4/results/final/headline/runs/TimeMixer/seed42/ETTm2/h336.json,3acbc1be8fbe159a05f034c1ce741b2e82c59adf6a069f2821715a623446df2d,0.5603805077371539,42,,validation MSE only; test evaluated once,,12.849947763606906,,,
16,10,,0.22130895836823652,,/work/11617/sujato_ts/vista/motion_code-master/physics_modal_v4/enhancements/results/strongest_comparator/checkpoints/TimeMixer/seed43/ETTm2/h336.pt,8676cdbb399a09aa,,False,ETTm2,16,,strongest-nontimepro-by-dataset-seeds43-46-v1,strongest_comparator,10,latentflow_process_preserving_unfreeze2,5.0,0.001,336,,2.8898888802819553,,0.0007,0.3526517208895705,2048,1024,TimeMixer,0.31571057925573,0.02,11185.0,224509,,False,repository-native matched implementation,2,,physics_modal_v4/enhancements/results/strongest_comparator/runs/TimeMixer/seed43/ETTm2/h336.json,71073b588e3c0f72bc53308b0c9411c050678fc193bff17bdccf16a819218d02,0.5618812857318972,43,"{'inducing_points': 16, 'latent_dim': 8, 'patch_lens': [8, 16, 32], 'representation_weight': 0.001}",,96,12.459566225879826,TimeMixer,0.0001,4
16,9,,0.2231959118729546,,/work/11617/sujato_ts/vista/motion_code-master/physics_modal_v4/enhancements/results/strongest_comparator/checkpoints/TimeMixer/seed44/ETTm2/h336.pt,2c075179eb7f6746,,False,ETTm2,16,,strongest-nontimepro-by-dataset-seeds43-46-v1,strongest_comparator,10,latentflow_process_preserving_unfreeze2,5.0,0.001,336,,2.903857181416075,,0.0007,0.35372558308656077,2048,1024,TimeMixer,0.3167197018387691,0.02,11185.0,224509,,False,repository-native matched implementation,2,,physics_modal_v4/enhancements/results/strongest_comparator/runs/TimeMixer/seed44/ETTm2/h336.json,f5e4c300736116d40125aaa8e465f9d95002f5acd05929bacca1b479ae3c10e8,0.5627785548852844,44,"{'inducing_points': 16, 'latent_dim': 8, 'patch_lens': [8, 16, 32], 'representation_weight': 0.001}",,96,12.256575535866432,TimeMixer,0.0001,4
16,10,,0.22130450545525066,,/work/11617/sujato_ts/vista/motion_code-master/physics_modal_v4/enhancements/results/strongest_comparator/checkpoints/TimeMixer/seed45/ETTm2/h336.pt,9005fd7e0544d103,,False,ETTm2,16,,strongest-nontimepro-by-dataset-seeds43-46-v1,strongest_comparator,10,latentflow_process_preserving_unfreeze2,5.0,0.001,336,,2.8625808163792237,,0.0007,0.3530996026604442,2048,1024,TimeMixer,0.31598907638956797,0.02,11185.0,224509,,False,repository-native matched implementation,2,,physics_modal_v4/enhancements/results/strongest_comparator/runs/TimeMixer/seed45/ETTm2/h336.json,304f9d667ab3c5bf92cd0c3d1ef85804d7d9755871b14556b34531dd9f0aa59c,0.5621290567027896,45,"{'inducing_points': 16, 'latent_dim': 8, 'patch_lens': [8, 16, 32], 'representation_weight': 0.001}",,96,12.324428107240237,TimeMixer,0.0001,4
16,8,,0.22208157972413667,,/work/11617/sujato_ts/vista/motion_code-master/physics_modal_v4/enhancements/results/strongest_comparator/checkpoints/TimeMixer/seed46/ETTm2/h336.pt,d9415f8878e4bd8b,,False,ETTm2,16,,strongest-nontimepro-by-dataset-seeds43-46-v1,strongest_comparator,10,latentflow_process_preserving_unfreeze2,5.0,0.001,336,,2.817451205886044,,0.0007,0.3525412190424826,2048,1024,TimeMixer,0.3151962057311801,0.02,11185.0,224509,,False,repository-native matched implementation,2,,physics_modal_v4/enhancements/results/strongest_comparator/runs/TimeMixer/seed46/ETTm2/h336.json,b8870d8253babaffcd73f169f7456af351f37a57b1436a7249a6ee1ae95b0bc2,0.5614233747638052,46,"{'inducing_points': 16, 'latent_dim': 8, 'patch_lens': [8, 16, 32], 'representation_weight': 0.001}",,96,11.851810749794822,TimeMixer,0.0001,4
,0,reference,0.21736542302734999,latentflow_process_preserving_unfreeze2,/work/11617/sujato_ts/vista/motion_code-master/physics_modal_v4/results/final/checkpoints/LatentFlow/seed42/ETTm2/h336.pt,,2,False,ETTm2,,137.6516442913562,,,,,,,336,16,7.985157531854245,8,,0.34600727935710557,,,LatentFlow,0.3080357600960941,0.02,11185.0,1612484,8-16-32,False,,,0.001,physics_modal_v4/results/final/headline/runs/LatentFlow/seed42/ETTm2/h336.json,4c4f6fbf8c6b04ff591d3cec59f42a05d24225871797b799f0774f8a4314619b,0.5550096936956094,42,,validation MSE only; test evaluated once,,97.22788247308927,,,
,1,extension,0.21845124104396016,latentflow_process_preserving_unfreeze2,/work/11617/sujato_ts/vista/motion_code-master/physics_modal_v4/results/final/checkpoints/LatentFlow/seed43/ETTm2/h336.pt,,2,False,ETTm2,,157.83638129616156,,,,,,,336,16,29.319990515698247,8,,0.3443550271087049,,,LatentFlow,0.3059869159442127,0.02,11185.0,1612484,8-16-32,False,,,0.001,physics_modal_v4/results/final/headline/runs/LatentFlow/seed43/ETTm2/h336.json,0e78f4c8c4df153cd9558fb68e3647dd1b44966b0fb34b53ab883861fd4cc647,0.5531608409352679,43,,validation MSE only; test evaluated once,,101.1410156814236,,,
,3,extension,0.2163150169614221,latentflow_process_preserving_unfreeze2,/work/11617/sujato_ts/vista/motion_code-master/physics_modal_v4/results/final/checkpoints/LatentFlow/seed44/ETTm2/h336.pt,,2,False,ETTm2,,168.99508424382657,,,,,,,336,16,32.06555708511639,8,,0.3449471412956523,,,LatentFlow,0.3072513765118252,0.02,11185.0,1612484,8-16-32,False,,,0.001,physics_modal_v4/results/final/headline/runs/LatentFlow/seed44/ETTm2/h336.json,ea04a4803e63823dd0aa8c7df0f164b152fa24658acb805aa2642c311a596091,0.5543026037389913,44,,validation MSE only; test evaluated once,,108.33330417663092,,,
,1,extension,0.21799211498020457,latentflow_process_preserving_unfreeze2,/work/11617/sujato_ts/vista/motion_code-master/physics_modal_v4/results/final/checkpoints/LatentFlow/seed45/ETTm2/h336.pt,,2,False,ETTm2,,164.90157270431519,,,,,,,336,16,31.43318031079277,8,,0.3465407379197628,,,LatentFlow,0.309853084328104,0.02,11185.0,1612484,8-16-32,False,,,0.001,physics_modal_v4/results/final/headline/runs/LatentFlow/seed45/ETTm2/h336.json,b9a07a83781bf972f26fe7a621b10a77c2e51a9227a97a0f2dd9b0eb8af4c694,0.5566444864795698,45,,validation MSE only; test evaluated once,,105.26329278800404,,,
,0,reference,0.2164184902192784,latentflow_process_preserving_unfreeze2,/work/11617/sujato_ts/vista/motion_code-master/physics_modal_v4/results/final/checkpoints/LatentFlow/seed46/ETTm2/h336.pt,,2,False,ETTm2,,139.08223914401606,,,,,,,336,16,7.690620498550271,8,,0.34648394825235657,,,LatentFlow,0.30777939181879294,0.02,11185.0,1612484,8-16-32,False,,,0.001,physics_modal_v4/results/final/headline/runs/LatentFlow/seed46/ETTm2/h336.json,ca0c9c2685f5faeff52a8c06730f5f18aba3bef3a24b38670bde186aab582047,0.5547786872427535,46,,validation MSE only; test evaluated once,,98.54075389011996,,,
,10,,0.3045977719246395,,/work/11617/sujato_ts/vista/motion_code-master/physics_modal_v4/results/final/checkpoints/TimeMixer/seed42/ETTm2/h720.pt,,,,ETTm2,,,,,,,,,720,,3.161740034729952,,,0.4084731058620082,,,TimeMixer,0.4175500661736361,,10801.0,280573,,,repository-native matched implementation,,,physics_modal_v4/results/final/headline/runs/TimeMixer/seed42/ETTm2/h720.json,b3bc646842f6ba21d8b38bbc9a5c6343c2b0359720cee41dc39f411b4bdde975,0.6461811403729113,42,,validation MSE only; test evaluated once,,12.727156898472458,,,
16,10,,0.30551026359437006,,/work/11617/sujato_ts/vista/motion_code-master/physics_modal_v4/enhancements/results/strongest_comparator/checkpoints/TimeMixer/seed43/ETTm2/h720.pt,8e661d090cd2ff28,,False,ETTm2,16,,strongest-nontimepro-by-dataset-seeds43-46-v1,strongest_comparator,10,latentflow_process_preserving_unfreeze2,5.0,0.001,720,,3.089286486751267,,0.0007,0.4081180877931988,2048,1024,TimeMixer,0.4179348541732511,0.02,10801.0,280573,,False,repository-native matched implementation,2,,physics_modal_v4/enhancements/results/strongest_comparator/runs/TimeMixer/seed43/ETTm2/h720.json,de14ebb54f4d4bd6e822b99ca711f3c8f481ec38f989dc4b6878473bfa6b2d56,0.6464788118517506,43,"{'inducing_points': 16, 'latent_dim': 8, 'patch_lens': [8, 16, 32], 'representation_weight': 0.001}",,96,12.502651465911185,TimeMixer,0.0001,4
16,10,,0.30282688330090235,,/work/11617/sujato_ts/vista/motion_code-master/physics_modal_v4/enhancements/results/strongest_comparator/checkpoints/TimeMixer/seed44/ETTm2/h720.pt,0661470bbf205080,,False,ETTm2,16,,strongest-nontimepro-by-dataset-seeds43-46-v1,strongest_comparator,10,latentflow_process_preserving_unfreeze2,5.0,0.001,720,,2.9740401798681844,,0.0007,0.4075776041790089,2048,1024,TimeMixer,0.41513383455872255,0.02,10801.0,280573,,False,repository-native matched implementation,2,,physics_modal_v4/enhancements/results/strongest_comparator/runs/TimeMixer/seed44/ETTm2/h720.json,cdf9103a937f317aa6239af27467f98c473811e1fb84d5d175ea8b74201ac833,0.6443088037259173,44,"{'inducing_points': 16, 'latent_dim': 8, 'patch_lens': [8, 16, 32], 'representation_weight': 0.001}",,96,12.038307025795802,TimeMixer,0.0001,4
16,9,,0.3026919175708105,,/work/11617/sujato_ts/vista/motion_code-master/physics_modal_v4/enhancements/results/strongest_comparator/checkpoints/TimeMixer/seed45/ETTm2/h720.pt,f188f7215ad3d690,,False,ETTm2,16,,strongest-nontimepro-by-dataset-seeds43-46-v1,strongest_comparator,10,latentflow_process_preserving_unfreeze2,5.0,0.001,720,,3.054243285164592,,0.0007,0.4065867457774959,2048,1024,TimeMixer,0.41528492106431575,0.02,10801.0,280573,,False,repository-native matched implementation,2,,physics_modal_v4/enhancements/results/strongest_comparator/runs/TimeMixer/seed45/ETTm2/h720.json,388f730a58eb5efc037c90e29882e1b1038706bb7386d24c464672552e75dc4a,0.6444260400265618,45,"{'inducing_points': 16, 'latent_dim': 8, 'patch_lens': [8, 16, 32], 'representation_weight': 0.001}",,96,12.14653665520018,TimeMixer,0.0001,4
16,9,,0.3031874796700856,,/work/11617/sujato_ts/vista/motion_code-master/physics_modal_v4/enhancements/results/strongest_comparator/checkpoints/TimeMixer/seed46/ETTm2/h720.pt,433468d388f4de78,,False,ETTm2,16,,strongest-nontimepro-by-dataset-seeds43-46-v1,strongest_comparator,10,latentflow_process_preserving_unfreeze2,5.0,0.001,720,,3.1880316174855188,,0.0007,0.40706235276712555,2048,1024,TimeMixer,0.41637590839745786,0.02,10801.0,280573,,False,repository-native matched implementation,2,,physics_modal_v4/enhancements/results/strongest_comparator/runs/TimeMixer/seed46/ETTm2/h720.json,07018c2ebceced39070376ba8a5ccc201d616967a135b5060b5bbee785b6c574,0.6452719646764904,46,"{'inducing_points': 16, 'latent_dim': 8, 'patch_lens': [8, 16, 32], 'representation_weight': 0.001}",,96,12.633376870508073,TimeMixer,0.0001,4
,0,reference,0.3068215714560615,latentflow_process_preserving_unfreeze2,/work/11617/sujato_ts/vista/motion_code-master/physics_modal_v4/results/final/checkpoints/LatentFlow/seed42/ETTm2/h720.pt,,2,False,ETTm2,,139.74538358813152,,,,,,,720,16,7.8010023329738605,8,,0.4080426387217376,,,LatentFlow,0.4151268912819473,0.02,10801.0,2004620,8-16-32,False,,,0.001,physics_modal_v4/results/final/headline/runs/LatentFlow/seed42/ETTm2/h720.json,a401e232f905bf882aa271540258c7d46b6609fde49940a9ec11cce34ec57c6d,0.6443034155442195,42,,validation MSE only; test evaluated once,,98.96806601900607,,,
,1,extension,0.30211052156630014,latentflow_process_preserving_unfreeze2,/work/11617/sujato_ts/vista/motion_code-master/physics_modal_v4/results/final/checkpoints/LatentFlow/seed43/ETTm2/h720.pt,,2,False,ETTm2,,161.0040333950892,,,,,,,720,16,29.270539158341705,8,,0.4040215044675564,,,LatentFlow,0.4116332957806696,0.02,10801.0,2004620,8-16-32,False,,,0.001,physics_modal_v4/results/final/headline/runs/LatentFlow/seed43/ETTm2/h720.json,fe961d51965bc4807302e78b98932efdb81c0afce8ae6566fa38358cecaaadf4,0.6415865458226736,43,,validation MSE only; test evaluated once,,104.2871869110968,,,
,0,reference,0.30286388974341133,latentflow_process_preserving_unfreeze2,/work/11617/sujato_ts/vista/motion_code-master/physics_modal_v4/results/final/checkpoints/LatentFlow/seed44/ETTm2/h720.pt,,2,False,ETTm2,,143.2041265919106,,,,,,,720,16,7.835242159572052,8,,0.406837863068797,,,LatentFlow,0.41702886235783804,0.02,10801.0,2004620,8-16-32,False,,,0.001,physics_modal_v4/results/final/headline/runs/LatentFlow/seed44/ETTm2/h720.json,dea73355e08b6efdb8e03983c4cee58d4beb3eecdbb1dfddaf300ca034452d08,0.6457777190007704,44,,validation MSE only; test evaluated once,,101.69958048445551,,,
,1,extension,0.30501856983654085,latentflow_process_preserving_unfreeze2,/work/11617/sujato_ts/vista/motion_code-master/physics_modal_v4/results/final/checkpoints/LatentFlow/seed45/ETTm2/h720.pt,,2,False,ETTm2,,155.45349745500425,,,,,,,720,16,29.366441107996206,8,,0.40601703540765566,,,LatentFlow,0.41532125782012924,0.02,10801.0,2004620,8-16-32,False,,,0.001,physics_modal_v4/results/final/headline/runs/LatentFlow/seed45/ETTm2/h720.json,69a64fbe30796d88dcf46ad0015484855cad75a68128339c2fcc2cc57428c5e8,0.6444542325255761,45,,validation MSE only; test evaluated once,,99.83621831639766,,,
,0,reference,0.29964046998629495,latentflow_process_preserving_unfreeze2,/work/11617/sujato_ts/vista/motion_code-master/physics_modal_v4/results/final/checkpoints/LatentFlow/seed46/ETTm2/h720.pt,,2,False,ETTm2,,151.47998955100775,,,,,,,720,16,8.321937711119032,8,,0.40494165511476077,,,LatentFlow,0.41341775118483637,0.02,10801.0,2004620,8-16-32,False,,,0.001,physics_modal_v4/results/final/headline/runs/LatentFlow/seed46/ETTm2/h720.json,500cb4dad00236b4ec1d74db1bab47a2776c6c987eff6c58db102a22470caf4b,0.6429757003066573,46,,validation MSE only; test evaluated once,,107.73140744222474,,,
,7,,0.4610336066948043,,/work/11617/sujato_ts/vista/motion_code-master/physics_modal_v4/results/final/checkpoints/VPNet/seed42/Weather/h96.pt,,,,Weather,,,,,,,,,96,,1.2058659732776669,,,0.21899188694288738,,,VPNet,0.172610905899662,,10445.0,672058,,,repository-native matched implementation,,,physics_modal_v4/results/final/headline/runs/VPNet/seed42/Weather/h96.json,3ab08b4afdf7ba7b013ad15d916c55febb549de75b5463237314afae6abaaf2e,0.4154646867059365,42,,validation MSE only; test evaluated once,,6.7224314349005,,,
16,6,,0.4588700331865795,,/work/11617/sujato_ts/vista/motion_code-master/physics_modal_v4/enhancements/results/strongest_comparator/checkpoints/VPNet/seed43/Weather/h96.pt,6f8b1556def60f26,,False,Weather,16,,strongest-nontimepro-by-dataset-seeds43-46-v1,strongest_comparator,10,latentflow_process_preserving_unfreeze2,5.0,0.001,96,,1.173964669404354,,0.0007,0.21701047008164578,2048,1024,VPNet,0.17169604693010773,0.02,10445.0,672058,,False,repository-native matched implementation,2,,physics_modal_v4/enhancements/results/strongest_comparator/runs/VPNet/seed43/Weather/h96.json,0fadd582039ad0734f5860e3a9f3d1749034ad0d0ecc7777a0c3b15f9532c922,0.4143622170638966,43,"{'inducing_points': 32, 'latent_dim': 16, 'patch_lens': [8, 16, 32], 'representation_weight': 0.001}",,96,6.611187214326088,VPNet,0.0001,4
16,9,,0.4584416320163106,,/work/11617/sujato_ts/vista/motion_code-master/physics_modal_v4/enhancements/results/strongest_comparator/checkpoints/VPNet/seed44/Weather/h96.pt,076f5d02ff49ac52,,False,Weather,16,,strongest-nontimepro-by-dataset-seeds43-46-v1,strongest_comparator,10,latentflow_process_preserving_unfreeze2,5.0,0.001,96,,1.151639229250348,,0.0007,0.21718360483313512,2048,1024,VPNet,0.1714235154902011,0.02,10445.0,672058,,False,repository-native matched implementation,2,,physics_modal_v4/enhancements/results/strongest_comparator/runs/VPNet/seed44/Weather/h96.json,2ac68558a2b12acc0b3d287bd66d999671ec3c61e8ccb238fc41353c3836da54,0.41403322993474945,44,"{'inducing_points': 32, 'latent_dim': 16, 'patch_lens': [8, 16, 32], 'representation_weight': 0.001}",,96,6.86619290318049,VPNet,0.0001,4
16,6,,0.4602349762405668,,/work/11617/sujato_ts/vista/motion_code-master/physics_modal_v4/enhancements/results/strongest_comparator/checkpoints/VPNet/seed45/Weather/h96.pt,68743e391b758738,,False,Weather,16,,strongest-nontimepro-by-dataset-seeds43-46-v1,strongest_comparator,10,latentflow_process_preserving_unfreeze2,5.0,0.001,96,,1.1731471527316328,,0.0007,0.2184443863055213,2048,1024,VPNet,0.1725102676860819,0.02,10445.0,672058,,False,repository-native matched implementation,2,,physics_modal_v4/enhancements/results/strongest_comparator/runs/VPNet/seed45/Weather/h96.json,615baed9646e9787c6d37430823a8592de2685ff6b76d813b0d61337189f14f0,0.41534355380345306,45,"{'inducing_points': 32, 'latent_dim': 16, 'patch_lens': [8, 16, 32], 'representation_weight': 0.001}",,96,6.465894585239261,VPNet,0.0001,4
16,10,,0.46956825764879345,,/work/11617/sujato_ts/vista/motion_code-master/physics_modal_v4/enhancements/results/strongest_comparator/checkpoints/VPNet/seed46/Weather/h96.pt,3caa7bc2cdf72d79,,False,Weather,16,,strongest-nontimepro-by-dataset-seeds43-46-v1,strongest_comparator,10,latentflow_process_preserving_unfreeze2,5.0,0.001,96,,1.3044293577884383,,0.0007,0.22023384626238507,2048,1024,VPNet,0.1738374976097613,0.02,10445.0,672058,,False,repository-native matched implementation,2,,physics_modal_v4/enhancements/results/strongest_comparator/runs/VPNet/seed46/Weather/h96.json,1cf4638d4c2dc7a115d2ee5e24a75a29ac47334e150b646dfe92d585d44b40c0,0.4169382419612781,46,"{'inducing_points': 32, 'latent_dim': 16, 'patch_lens': [8, 16, 32], 'representation_weight': 0.001}",,96,6.831805838010041,VPNet,0.0001,4
,6,extension,0.4330122209494076,latentflow_process_preserving_unfreeze2,/work/11617/sujato_ts/vista/motion_code-master/physics_modal_v4/results/final/checkpoints/LatentFlow/seed42/Weather/h96.pt,,2,False,Weather,,234.6022789790295,,,,,,,96,32,43.885862189395134,16,,0.21410719997252933,,,LatentFlow,0.1674764883830991,0.02,10445.0,1389340,8-16-32,False,,,0.001,physics_modal_v4/results/final/headline/runs/LatentFlow/seed42/Weather/h96.json,fff64a02a2903e3aaa1cc0f0683666735e444ca4da590796962525f0072cc742,0.4092389135738427,42,,validation MSE only; test evaluated once,,154.65743313907296,,,
,6,extension,0.43321506229657974,latentflow_process_preserving_unfreeze2,/work/11617/sujato_ts/vista/motion_code-master/physics_modal_v4/results/final/checkpoints/LatentFlow/seed43/Weather/h96.pt,,2,False,Weather,,237.12126035999972,,,,,,,96,32,43.849297876601405,16,,0.21396712893357522,,,LatentFlow,0.1679886183765194,0.02,10445.0,1389340,8-16-32,False,,,0.001,physics_modal_v4/results/final/headline/runs/LatentFlow/seed43/Weather/h96.json,f75965fa8fc0f598166705b85917935c41719a15a715be3e673211aa17057059,0.40986414624423956,43,,validation MSE only; test evaluated once,,156.7276508726536,,,
,2,extension,0.4331578430202272,latentflow_process_preserving_unfreeze2,/work/11617/sujato_ts/vista/motion_code-master/physics_modal_v4/results/final/checkpoints/LatentFlow/seed44/Weather/h96.pt,,2,False,Weather,,238.2632095119916,,,,,,,96,32,44.771167887060024,16,,0.21356388524997721,,,LatentFlow,0.16680027786230883,0.02,10445.0,1389340,8-16-32,False,,,0.001,physics_modal_v4/results/final/headline/runs/LatentFlow/seed44/Weather/h96.json,91a7b4bc5e5fcda99ba5b5a4f7d362d2872bffa1fcf212e59266daaea0147a25,0.4084118973074962,44,,validation MSE only; test evaluated once,,157.00042023518108,,,
,5,extension,0.4301298698262563,latentflow_process_preserving_unfreeze2,/work/11617/sujato_ts/vista/motion_code-master/physics_modal_v4/results/final/checkpoints/LatentFlow/seed45/Weather/h96.pt,,2,False,Weather,,243.7871962999925,,,,,,,96,32,45.09621203094492,16,,0.21265085224931118,,,LatentFlow,0.16513085546636067,0.02,10445.0,1389340,8-16-32,False,,,0.001,physics_modal_v4/results/final/headline/runs/LatentFlow/seed45/Weather/h96.json,6cf9a7ff4873efaddef3c73e49f563ae58c7e8911024158f18a37f8573fcffa8,0.406362960253959,45,,validation MSE only; test evaluated once,,161.19547295784287,,,
,7,extension,0.43317755181638024,latentflow_process_preserving_unfreeze2,/work/11617/sujato_ts/vista/motion_code-master/physics_modal_v4/results/final/checkpoints/LatentFlow/seed46/Weather/h96.pt,,2,False,Weather,,243.38853286812082,,,,,,,96,32,44.56187941394346,16,,0.21077543430826484,,,LatentFlow,0.16457030027274847,0.02,10445.0,1389340,8-16-32,False,,,0.001,physics_modal_v4/results/final/headline/runs/LatentFlow/seed46/Weather/h96.json,ce37b25b1c87f8b95317e1134c02f309628cd953c85ad68dba395562100bdb0a,0.40567265162042715,46,,validation MSE only; test evaluated once,,161.26507157969172,,,
,10,,0.5080132316502314,,/work/11617/sujato_ts/vista/motion_code-master/physics_modal_v4/results/final/checkpoints/VPNet/seed42/Weather/h192.pt,,,,Weather,,,,,,,,,192,,1.1835157409194828,,,0.25920548742752336,,,VPNet,0.21966009469111983,,10349.0,672100,,,repository-native matched implementation,,,physics_modal_v4/results/final/headline/runs/VPNet/seed42/Weather/h192.json,5df3084a65e2e1e04083e8582371d0397973b14cf88f59114b326f17de805e63,0.4686790956412712,42,,validation MSE only; test evaluated once,,6.649028402171098,,,
16,6,,0.5056011181265588,,/work/11617/sujato_ts/vista/motion_code-master/physics_modal_v4/enhancements/results/strongest_comparator/checkpoints/VPNet/seed43/Weather/h192.pt,eb927f31c777f5ea,,False,Weather,16,,strongest-nontimepro-by-dataset-seeds43-46-v1,strongest_comparator,10,latentflow_process_preserving_unfreeze2,5.0,0.001,192,,1.1726124912442626,,0.0007,0.25801612144842223,2048,1024,VPNet,0.21881283473461088,0.02,10349.0,672100,,False,repository-native matched implementation,2,,physics_modal_v4/enhancements/results/strongest_comparator/runs/VPNet/seed43/Weather/h192.json,8a21987d15fac07fcb661f976e9f75be4c15431e9f722eb8c905771d3365407e,0.46777434168048476,43,"{'inducing_points': 32, 'latent_dim': 16, 'patch_lens': [8, 16, 32], 'representation_weight': 0.001}",,96,6.762135069341942,VPNet,0.0001,4
16,8,,0.5084479181539445,,/work/11617/sujato_ts/vista/motion_code-master/physics_modal_v4/enhancements/results/strongest_comparator/checkpoints/VPNet/seed44/Weather/h192.pt,b5ace4c5ee006fba,,False,Weather,16,,strongest-nontimepro-by-dataset-seeds43-46-v1,strongest_comparator,10,latentflow_process_preserving_unfreeze2,5.0,0.001,192,,1.20315482450086,,0.0007,0.258126209312165,2048,1024,VPNet,0.21880164502734578,0.02,10349.0,672100,,False,repository-native matched implementation,2,,physics_modal_v4/enhancements/results/strongest_comparator/runs/VPNet/seed44/Weather/h192.json,8e7982955762dad5e552a69131e1eeb148b1f2f9e2ec011d5e407cf69a3216ec,0.4677623809450112,44,"{'inducing_points': 32, 'latent_dim': 16, 'patch_lens': [8, 16, 32], 'representation_weight': 0.001}",,96,6.471456900908379,VPNet,0.0001,4
16,4,,0.5118916641388621,,/work/11617/sujato_ts/vista/motion_code-master/physics_modal_v4/enhancements/results/strongest_comparator/checkpoints/VPNet/seed45/Weather/h192.pt,bfdcceb00e3a7cfb,,False,Weather,16,,strongest-nontimepro-by-dataset-seeds43-46-v1,strongest_comparator,10,latentflow_process_preserving_unfreeze2,5.0,0.001,192,,1.2161084320829358,,0.0007,0.26063048066283967,2048,1024,VPNet,0.22140577343511247,0.02,10349.0,672100,,False,repository-native matched implementation,2,,physics_modal_v4/enhancements/results/strongest_comparator/runs/VPNet/seed45/Weather/h192.json,8f792c68d379390b5f64142dbb3cc78e8f5e7efe3cf9d9474d6ae4dae413e970,0.47053774921371877,45,"{'inducing_points': 32, 'latent_dim': 16, 'patch_lens': [8, 16, 32], 'representation_weight': 0.001}",,96,6.824938792435985,VPNet,0.0001,4
16,10,,0.5066914125567391,,/work/11617/sujato_ts/vista/motion_code-master/physics_modal_v4/enhancements/results/strongest_comparator/checkpoints/VPNet/seed46/Weather/h192.pt,d8c5a59a5b045d5b,,False,Weather,16,,strongest-nontimepro-by-dataset-seeds43-46-v1,strongest_comparator,10,latentflow_process_preserving_unfreeze2,5.0,0.001,192,,1.126064091574314,,0.0007,0.2620874465431648,2048,1024,VPNet,0.22222325694438191,0.02,10349.0,672100,,False,repository-native matched implementation,2,,physics_modal_v4/enhancements/results/strongest_comparator/runs/VPNet/seed46/Weather/h192.json,5805e88bb38d4f8d16f529a5ac975a6196c258af3dfdd4a09a3db961e4ecf7d7,0.47140561827833777,46,"{'inducing_points': 32, 'latent_dim': 16, 'patch_lens': [8, 16, 32], 'representation_weight': 0.001}",,96,6.573209774069255,VPNet,0.0001,4
,3,extension,0.4767075197564231,latentflow_process_preserving_unfreeze2,/work/11617/sujato_ts/vista/motion_code-master/physics_modal_v4/results/final/checkpoints/LatentFlow/seed42/Weather/h192.pt,,2,False,Weather,,239.2603935720399,,,,,,,192,32,43.629595890005895,16,,0.2552510985103653,,,LatentFlow,0.2135848813726089,0.02,10349.0,1484344,8-16-32,False,,,0.001,physics_modal_v4/results/final/headline/runs/LatentFlow/seed42/Weather/h192.json,08e8405310cca110fcfa7806f36b9a889a23fd8b39859b76e923a59ac028b004,0.46215244386739845,42,,validation MSE only; test evaluated once,,158.6196367017692,,,
,2,extension,0.4759752141341331,latentflow_process_preserving_unfreeze2,/work/11617/sujato_ts/vista/motion_code-master/physics_modal_v4/results/final/checkpoints/LatentFlow/seed43/Weather/h192.pt,,2,False,Weather,,218.99121325835586,,,,,,,192,32,40.7229963632286,16,,0.2542393251259774,,,LatentFlow,0.213196166098454,0.02,10349.0,1484344,8-16-32,False,,,0.001,physics_modal_v4/results/final/headline/runs/LatentFlow/seed43/Weather/h192.json,30a76b3d238d76497f3d9372d902e12b64bfa20a07e5a2dd8ea4037ca70619a8,0.461731703588192,43,,validation MSE only; test evaluated once,,144.63501356949564,,,
,6,extension,0.4761248500574203,latentflow_process_preserving_unfreeze2,/work/11617/sujato_ts/vista/motion_code-master/physics_modal_v4/results/final/checkpoints/LatentFlow/seed44/Weather/h192.pt,,2,False,Weather,,237.75818894198164,,,,,,,192,32,44.17093442464175,16,,0.25755964990814334,,,LatentFlow,0.21429596923894403,0.02,10349.0,1484344,8-16-32,False,,,0.001,physics_modal_v4/results/final/headline/runs/LatentFlow/seed44/Weather/h192.json,7b15f73754a4de550760a2fa1a294699d000787dbe3f43d1167ff3e755b50e91,0.4629211263692164,44,,validation MSE only; test evaluated once,,157.27290902941604,,,
,3,extension,0.48702781848491183,latentflow_process_preserving_unfreeze2,/work/11617/sujato_ts/vista/motion_code-master/physics_modal_v4/results/final/checkpoints/LatentFlow/seed45/Weather/h192.pt,,2,False,Weather,,235.75844925502315,,,,,,,192,32,44.91218493948149,16,,0.260368285768841,,,LatentFlow,0.21896124742603998,0.02,10349.0,1484344,8-16-32,False,,,0.001,physics_modal_v4/results/final/headline/runs/LatentFlow/seed45/Weather/h192.json,c070435c1ad592470fe343c15e0e494baf42ab864ab3582fc8fc8ccd7e80090e,0.46793295184891603,45,,validation MSE only; test evaluated once,,155.3541621164186,,,
,5,extension,0.4890648527514367,latentflow_process_preserving_unfreeze2,/work/11617/sujato_ts/vista/motion_code-master/physics_modal_v4/results/final/checkpoints/LatentFlow/seed46/Weather/h192.pt,,2,False,Weather,,246.32371932826936,,,,,,,192,32,46.53192117174928,16,,0.2561918432142639,,,LatentFlow,0.21532564122383496,0.02,10349.0,1484344,8-16-32,False,,,0.001,physics_modal_v4/results/final/headline/runs/LatentFlow/seed46/Weather/h192.json,af32810603b6f9202e625034b62ebbe9eabb47a08fd93ed938e3982fa9cd15bb,0.4640319398746545,46,,validation MSE only; test evaluated once,,162.4094350147061,,,
,10,,0.5884343758732283,,/work/11617/sujato_ts/vista/motion_code-master/physics_modal_v4/results/final/checkpoints/VPNet/seed42/Weather/h336.pt,,,,Weather,,,,,,,,,336,,1.2687889411723323,,,0.3027372855317804,,,VPNet,0.27825949499587355,,10205.0,672163,,,repository-native matched implementation,,,physics_modal_v4/results/final/headline/runs/VPNet/seed42/Weather/h336.json,422a2508108fad37ce9be792e53256db290fe3897407e0f9f051a57284940e73,0.5275030758165051,42,,validation MSE only; test evaluated once,,6.845230295948568,,,
16,8,,0.5802591318716538,,/work/11617/sujato_ts/vista/motion_code-master/physics_modal_v4/enhancements/results/strongest_comparator/checkpoints/VPNet/seed43/Weather/h336.pt,b2a2438e6e766df5,,False,Weather,16,,strongest-nontimepro-by-dataset-seeds43-46-v1,strongest_comparator,10,latentflow_process_preserving_unfreeze2,5.0,0.001,336,,1.1244158951694485,,0.0007,0.29907462107164695,2048,1024,VPNet,0.2756295500909801,0.02,10205.0,672163,,False,repository-native matched implementation,2,,physics_modal_v4/enhancements/results/strongest_comparator/runs/VPNet/seed43/Weather/h336.json,69443ea1f17575f74cdd394ae4bfbef1592725ccfffa8cf65514aa1e67ec7852,0.5250043334020968,43,"{'inducing_points': 32, 'latent_dim': 16, 'patch_lens': [8, 16, 32], 'representation_weight': 0.001}",,96,6.391977156454232,VPNet,0.0001,4
16,9,,0.5873444804799259,,/work/11617/sujato_ts/vista/motion_code-master/physics_modal_v4/enhancements/results/strongest_comparator/checkpoints/VPNet/seed44/Weather/h336.pt,65532f9494f3eece,,False,Weather,16,,strongest-nontimepro-by-dataset-seeds43-46-v1,strongest_comparator,10,latentflow_process_preserving_unfreeze2,5.0,0.001,336,,1.2065163233651306,,0.0007,0.300261126156849,2048,1024,VPNet,0.27521465636723336,0.02,10205.0,672163,,False,repository-native matched implementation,2,,physics_modal_v4/enhancements/results/strongest_comparator/runs/VPNet/seed44/Weather/h336.json,36e632d84f1d368dc72ea298f87a19b6abf7b5f9fed12150141d745cb81badfb,0.5246090509772333,44,"{'inducing_points': 32, 'latent_dim': 16, 'patch_lens': [8, 16, 32], 'representation_weight': 0.001}",,96,6.726446744505665,VPNet,0.0001,4
16,8,,0.585745986086441,,/work/11617/sujato_ts/vista/motion_code-master/physics_modal_v4/enhancements/results/strongest_comparator/checkpoints/VPNet/seed45/Weather/h336.pt,2a8827eea77c1524,,False,Weather,16,,strongest-nontimepro-by-dataset-seeds43-46-v1,strongest_comparator,10,latentflow_process_preserving_unfreeze2,5.0,0.001,336,,1.266722312583676,,0.0007,0.2984828206824233,2048,1024,VPNet,0.27298408186394735,0.02,10205.0,672163,,False,repository-native matched implementation,2,,physics_modal_v4/enhancements/results/strongest_comparator/runs/VPNet/seed45/Weather/h336.json,d6a6ba9033381b350902a8de9711118212e67da275451523a43aeaca8355e781,0.5224787860420242,45,"{'inducing_points': 32, 'latent_dim': 16, 'patch_lens': [8, 16, 32], 'representation_weight': 0.001}",,96,6.90225036960328,VPNet,0.0001,4
16,7,,0.591278998354395,,/work/11617/sujato_ts/vista/motion_code-master/physics_modal_v4/enhancements/results/strongest_comparator/checkpoints/VPNet/seed46/Weather/h336.pt,058cb0f9ac46fbbf,,False,Weather,16,,strongest-nontimepro-by-dataset-seeds43-46-v1,strongest_comparator,10,latentflow_process_preserving_unfreeze2,5.0,0.001,336,,1.2113053260851394,,0.0007,0.30060774460582834,2048,1024,VPNet,0.2781455974978962,0.02,10205.0,672163,,False,repository-native matched implementation,2,,physics_modal_v4/enhancements/results/strongest_comparator/runs/VPNet/seed46/Weather/h336.json,0419f93fe32fbb8040459da50bafeac21d7001d9e71b975f3489da6415c31fc6,0.5273951056825388,46,"{'inducing_points': 32, 'latent_dim': 16, 'patch_lens': [8, 16, 32], 'representation_weight': 0.001}",,96,6.679118393731187,VPNet,0.0001,4
,4,extension,0.5582059170383444,latentflow_process_preserving_unfreeze2,/work/11617/sujato_ts/vista/motion_code-master/physics_modal_v4/results/final/checkpoints/LatentFlow/seed42/Weather/h336.pt,,2,False,Weather,,236.27265716483817,,,,,,,336,32,44.13845189905626,16,,0.298477145900185,,,LatentFlow,0.27239158174250644,0.02,10205.0,1628294,8-16-32,False,,,0.001,physics_modal_v4/results/final/headline/runs/LatentFlow/seed42/Weather/h336.json,f2eef7f9f6e1d1db09a91f36b774b38a2f07fdbf013686915c1579d01cdfffbe,0.5219114692574848,42,,validation MSE only; test evaluated once,,156.429654308522,,,
,3,extension,0.5615629336190602,latentflow_process_preserving_unfreeze2,/work/11617/sujato_ts/vista/motion_code-master/physics_modal_v4/results/final/checkpoints/LatentFlow/seed43/Weather/h336.pt,,2,False,Weather,,232.3693771958351,,,,,,,336,32,44.52837440888134,16,,0.2995528643795756,,,LatentFlow,0.27411868525501326,0.02,10205.0,1628294,8-16-32,False,,,0.001,physics_modal_v4/results/final/headline/runs/LatentFlow/seed43/Weather/h336.json,f69dfae3d0a51ade940210a203447141ba00f6e9c33f8e883ca6daf1833b6665,0.5235634491205562,43,,validation MSE only; test evaluated once,,153.2217397070781,,,
,5,extension,0.5631533926036082,latentflow_process_preserving_unfreeze2,/work/11617/sujato_ts/vista/motion_code-master/physics_modal_v4/results/final/checkpoints/LatentFlow/seed44/Weather/h336.pt,,2,False,Weather,,241.97354963514954,,,,,,,336,32,45.66183173662907,16,,0.297392509495109,,,LatentFlow,0.27213605934971064,0.02,10205.0,1628294,8-16-32,False,,,0.001,physics_modal_v4/results/final/headline/runs/LatentFlow/seed44/Weather/h336.json,f1721a2626148b7d8dfd619dd412fcd9ec21a82dea04469f7ed0cb401ab24611,0.5216666170550983,44,,validation MSE only; test evaluated once,,160.07494044461055,,,
,4,extension,0.561813140131719,latentflow_process_preserving_unfreeze2,/work/11617/sujato_ts/vista/motion_code-master/physics_modal_v4/results/final/checkpoints/LatentFlow/seed45/Weather/h336.pt,,2,False,Weather,,237.5597583220806,,,,,,,336,32,44.103973383141046,16,,0.3003888687019036,,,LatentFlow,0.27580183089104665,0.02,10205.0,1628294,8-16-32,False,,,0.001,physics_modal_v4/results/final/headline/runs/LatentFlow/seed45/Weather/h336.json,d306b6d7ad6bca1566943125b30fa44d9a8a3dc0478b6e20ff08c9201319c6cc,0.5251683833696071,45,,validation MSE only; test evaluated once,,157.38875434535657,,,
,3,extension,0.5667199993890429,latentflow_process_preserving_unfreeze2,/work/11617/sujato_ts/vista/motion_code-master/physics_modal_v4/results/final/checkpoints/LatentFlow/seed46/Weather/h336.pt,,2,False,Weather,,219.1018028989929,,,,,,,336,32,41.21795783368794,16,,0.2998118821921045,,,LatentFlow,0.27601601188466823,0.02,10205.0,1628294,8-16-32,False,,,0.001,physics_modal_v4/results/final/headline/runs/LatentFlow/seed46/Weather/h336.json,fb2ddeae7e64f26c3bcc2cb11cf4537f909c1c669364548031fd84d3c0e553c9,0.5253722602923266,46,,validation MSE only; test evaluated once,,144.64020458829054,,,
,8,,0.7106914853292798,,/work/11617/sujato_ts/vista/motion_code-master/physics_modal_v4/results/final/checkpoints/VPNet/seed42/Weather/h720.pt,,,,Weather,,,,,,,,,720,,1.2777296954071988,,,0.3502758129877065,,,VPNet,0.35387318366337633,,9821.0,672331,,,repository-native matched implementation,,,physics_modal_v4/results/final/headline/runs/VPNet/seed42/Weather/h720.json,895be6309930d419af4a118761dc128674f05ccb1a1c6eb907f0a4cbfa7700d6,0.594872409566435,42,,validation MSE only; test evaluated once,,7.047532481010421,,,
16,8,,0.7091974429983311,,/work/11617/sujato_ts/vista/motion_code-master/physics_modal_v4/enhancements/results/strongest_comparator/checkpoints/VPNet/seed43/Weather/h720.pt,32411d0fd563b66a,,False,Weather,16,,strongest-nontimepro-by-dataset-seeds43-46-v1,strongest_comparator,10,latentflow_process_preserving_unfreeze2,5.0,0.001,720,,1.215983177626542,,0.0007,0.3483142835542588,2048,1024,VPNet,0.35181479715200703,0.02,9821.0,672331,,False,repository-native matched implementation,2,,physics_modal_v4/enhancements/results/strongest_comparator/runs/VPNet/seed43/Weather/h720.json,ee3e96716d36b8d5a6c267087a45aa90c4273d28ffced02f98d311127a86f919,0.5931397787638315,43,"{'inducing_points': 32, 'latent_dim': 16, 'patch_lens': [8, 16, 32], 'representation_weight': 0.001}",,96,6.958449509329512,VPNet,0.0001,4
16,9,,0.7159578580704946,,/work/11617/sujato_ts/vista/motion_code-master/physics_modal_v4/enhancements/results/strongest_comparator/checkpoints/VPNet/seed44/Weather/h720.pt,fe59424b6134060f,,False,Weather,16,,strongest-nontimepro-by-dataset-seeds43-46-v1,strongest_comparator,10,latentflow_process_preserving_unfreeze2,5.0,0.001,720,,1.156223551339768,,0.0007,0.3531360671127686,2048,1024,VPNet,0.35691737659400474,0.02,9821.0,672331,,False,repository-native matched implementation,2,,physics_modal_v4/enhancements/results/strongest_comparator/runs/VPNet/seed44/Weather/h720.json,f4833f4b6c52cea9087ae5c226df5c8f7685d527d83efb49c1e6232e8e91a2ab,0.5974256243198853,44,"{'inducing_points': 32, 'latent_dim': 16, 'patch_lens': [8, 16, 32], 'representation_weight': 0.001}",,96,6.5873192143044434,VPNet,0.0001,4
16,7,,0.7057160937596881,,/work/11617/sujato_ts/vista/motion_code-master/physics_modal_v4/enhancements/results/strongest_comparator/checkpoints/VPNet/seed45/Weather/h720.pt,30524a639c3de38d,,False,Weather,16,,strongest-nontimepro-by-dataset-seeds43-46-v1,strongest_comparator,10,latentflow_process_preserving_unfreeze2,5.0,0.001,720,,1.1982146035758108,,0.0007,0.3494727546917956,2048,1024,VPNet,0.35085442142473205,0.02,9821.0,672331,,False,repository-native matched implementation,2,,physics_modal_v4/enhancements/results/strongest_comparator/runs/VPNet/seed45/Weather/h720.json,71c2acb3519764df4a0f950973c8894cd9bb89507aa12c636f4c435da59ea3c8,0.5923296560402257,45,"{'inducing_points': 32, 'latent_dim': 16, 'patch_lens': [8, 16, 32], 'representation_weight': 0.001}",,96,6.720174844667781,VPNet,0.0001,4
16,9,,0.7120707759150753,,/work/11617/sujato_ts/vista/motion_code-master/physics_modal_v4/enhancements/results/strongest_comparator/checkpoints/VPNet/seed46/Weather/h720.pt,e559fd08c1c899a2,,False,Weather,16,,strongest-nontimepro-by-dataset-seeds43-46-v1,strongest_comparator,10,latentflow_process_preserving_unfreeze2,5.0,0.001,720,,1.1460197704472865,,0.0007,0.35066579054783836,2048,1024,VPNet,0.35394914533770566,0.02,9821.0,672331,,False,repository-native matched implementation,2,,physics_modal_v4/enhancements/results/strongest_comparator/runs/VPNet/seed46/Weather/h720.json,22f0dc472d3f65876f045fa272ddb69f4fdb7c562858523e89669c070c4f149f,0.5949362531714685,46,"{'inducing_points': 32, 'latent_dim': 16, 'patch_lens': [8, 16, 32], 'representation_weight': 0.001}",,96,6.72652706343797,VPNet,0.0001,4
,2,extension,0.6948124855283707,latentflow_process_preserving_unfreeze2,/work/11617/sujato_ts/vista/motion_code-master/physics_modal_v4/results/final/checkpoints/LatentFlow/seed42/Weather/h720.pt,,2,False,Weather,,248.9752226760611,,,,,,,720,32,48.80211481693645,16,,0.3498508608637434,,,LatentFlow,0.3510131664357517,0.02,9821.0,2020430,8-16-32,False,,,0.001,physics_modal_v4/results/final/headline/runs/LatentFlow/seed42/Weather/h720.json,cf2eeeb171c39c2dfad343fd4a81ad3f14d3398c50c07aeee7a68715113dc1f0,0.5924636414462509,42,,validation MSE only; test evaluated once,,164.84344309701555,,,
,4,extension,0.682433659689767,latentflow_process_preserving_unfreeze2,/work/11617/sujato_ts/vista/motion_code-master/physics_modal_v4/results/final/checkpoints/LatentFlow/seed43/Weather/h720.pt,,2,False,Weather,,229.6666374099441,,,,,,,720,32,43.57506436511898,16,,0.34838874321649693,,,LatentFlow,0.3507824229126084,0.02,9821.0,2020430,8-16-32,False,,,0.001,physics_modal_v4/results/final/headline/runs/LatentFlow/seed43/Weather/h720.json,3014539552bee9b6d3bb5796a65102218ec3db6bc378aaa0e80a4936b3804dfa,0.5922688772108563,43,,validation MSE only; test evaluated once,,152.56958130885323,,,
,3,extension,0.6866370196064944,latentflow_process_preserving_unfreeze2,/work/11617/sujato_ts/vista/motion_code-master/physics_modal_v4/results/final/checkpoints/LatentFlow/seed44/Weather/h720.pt,,2,False,Weather,,232.97047398600262,,,,,,,720,32,43.60062604502994,16,,0.3491529641169275,,,LatentFlow,0.3510915758968178,0.02,9821.0,2020430,8-16-32,False,,,0.001,physics_modal_v4/results/final/headline/runs/LatentFlow/seed44/Weather/h720.json,2f7c7732562bbf77016cd5d5109ea217c8d9049a5f8e136f8a11d832d4655b34,0.5925298101334799,44,,validation MSE only; test evaluated once,,155.04502555468207,,,
,5,extension,0.683465470208062,latentflow_process_preserving_unfreeze2,/work/11617/sujato_ts/vista/motion_code-master/physics_modal_v4/results/final/checkpoints/LatentFlow/seed45/Weather/h720.pt,,2,False,Weather,,234.99173147697002,,,,,,,720,32,44.61462318279409,16,,0.34875218247633805,,,LatentFlow,0.3505655746585777,0.02,9821.0,2020430,8-16-32,False,,,0.001,physics_modal_v4/results/final/headline/runs/LatentFlow/seed45/Weather/h720.json,adb0bd7a701042b9d2f9d3f8dcb4d0496c39f8ab6ad091eaf94eb8dc080f7f51,0.5920857831924169,45,,validation MSE only; test evaluated once,,155.92363706173273,,,
,2,extension,0.6876799926555976,latentflow_process_preserving_unfreeze2,/work/11617/sujato_ts/vista/motion_code-master/physics_modal_v4/results/final/checkpoints/LatentFlow/seed46/Weather/h720.pt,,2,False,Weather,,232.7588330307044,,,,,,,720,32,43.945130423393124,16,,0.3481389795820299,,,LatentFlow,0.3504443061092834,0.02,9821.0,2020430,8-16-32,False,,,0.001,physics_modal_v4/results/final/headline/runs/LatentFlow/seed46/Weather/h720.json,0f7951c81134df7cf55d0691802221871593e68d9e9cb08550786ba10a1a729a,0.591983366412675,46,,validation MSE only; test evaluated once,,154.46978029140155,,,
,10,,0.14905935296883588,,/work/11617/sujato_ts/vista/motion_code-master/physics_modal_v4/results/final/checkpoints/VPNet/seed42/Electricity/h96.pt,,,,Electricity,,,,,,,,,96,,1.1289903653114168,,,0.26501560948140046,,,VPNet,0.17023164237615376,,5167.0,672058,,,repository-native matched implementation,,,physics_modal_v4/results/final/headline/runs/VPNet/seed42/Electricity/h96.json,c66fd614f51c6a15f2464db630f87528a28bdb71b2bfbb8ccece2376dc4dcac8,0.41259137457798817,42,,validation MSE only; test evaluated once,,6.598245354894061,,,
16,10,,0.14570067453112062,,/work/11617/sujato_ts/vista/motion_code-master/physics_modal_v4/enhancements/results/strongest_comparator/checkpoints/VPNet/seed43/Electricity/h96.pt,9663e4f531d22c58,,False,Electricity,16,,strongest-nontimepro-by-dataset-seeds43-46-v1,strongest_comparator,10,latentflow_process_preserving_unfreeze2,5.0,0.001,96,,1.1842749012966258,,0.0007,0.2607585662895113,2048,1024,VPNet,0.16643563973763936,0.02,5167.0,672058,,False,repository-native matched implementation,2,,physics_modal_v4/enhancements/results/strongest_comparator/runs/VPNet/seed43/Electricity/h96.json,c097f933eb43614feabd19ce145e1c89646b09c53a27cd9e77746d07ed269fbc,0.4079652432960918,43,"{'inducing_points': 32, 'latent_dim': 16, 'patch_lens': [8, 16, 32], 'representation_weight': 0.001}",,96,6.86641859692827,VPNet,0.0001,4
16,10,,0.14708048547787334,,/work/11617/sujato_ts/vista/motion_code-master/physics_modal_v4/enhancements/results/strongest_comparator/checkpoints/VPNet/seed44/Electricity/h96.pt,5c0d72c002f4f567,,False,Electricity,16,,strongest-nontimepro-by-dataset-seeds43-46-v1,strongest_comparator,10,latentflow_process_preserving_unfreeze2,5.0,0.001,96,,1.1821743678445964,,0.0007,0.26316783292687795,2048,1024,VPNet,0.1679961709199558,0.02,5167.0,672058,,False,repository-native matched implementation,2,,physics_modal_v4/enhancements/results/strongest_comparator/runs/VPNet/seed44/Electricity/h96.json,ba751096d7caa70cf815c0324d79d30f6a79e1713dfd8ef4161b42ef854f1d33,0.40987335961240007,44,"{'inducing_points': 32, 'latent_dim': 16, 'patch_lens': [8, 16, 32], 'representation_weight': 0.001}",,96,6.941540740990604,VPNet,0.0001,4
16,9,,0.1490402525273439,,/work/11617/sujato_ts/vista/motion_code-master/physics_modal_v4/enhancements/results/strongest_comparator/checkpoints/VPNet/seed45/Electricity/h96.pt,1e525cebd268c24f,,False,Electricity,16,,strongest-nontimepro-by-dataset-seeds43-46-v1,strongest_comparator,10,latentflow_process_preserving_unfreeze2,5.0,0.001,96,,1.1377448746717946,,0.0007,0.2665823237131213,2048,1024,VPNet,0.17112407244872724,0.02,5167.0,672058,,False,repository-native matched implementation,2,,physics_modal_v4/enhancements/results/strongest_comparator/runs/VPNet/seed45/Electricity/h96.json,7e64922c196377ca20247f5b821adaf4c3d5c4d53d6609aee6c11b1de94715ee,0.413671454718267,45,"{'inducing_points': 32, 'latent_dim': 16, 'patch_lens': [8, 16, 32], 'representation_weight': 0.001}",,96,6.547217426214047,VPNet,0.0001,4
16,10,,0.1444067086324266,,/work/11617/sujato_ts/vista/motion_code-master/physics_modal_v4/enhancements/results/strongest_comparator/checkpoints/VPNet/seed46/Electricity/h96.pt,6e2ee78bbcfc9f2e,,False,Electricity,16,,strongest-nontimepro-by-dataset-seeds43-46-v1,strongest_comparator,10,latentflow_process_preserving_unfreeze2,5.0,0.001,96,,1.1253804780629486,,0.0007,0.2602130581675264,2048,1024,VPNet,0.1658896586375088,0.02,5167.0,672058,,False,repository-native matched implementation,2,,physics_modal_v4/enhancements/results/strongest_comparator/runs/VPNet/seed46/Electricity/h96.json,9d59c04f18b9ea59400d4650b8c6058e97058249a02a4cf3433ebdff98183bc7,0.40729554212820546,46,"{'inducing_points': 32, 'latent_dim': 16, 'patch_lens': [8, 16, 32], 'representation_weight': 0.001}",,96,6.983120987479197,VPNet,0.0001,4
,10,extension,0.13439970472024856,latentflow_process_preserving_unfreeze2,/work/11617/sujato_ts/vista/motion_code-master/physics_modal_v4/results/final/checkpoints/LatentFlow/seed42/Electricity/h96.pt,,2,False,Electricity,,690.9216450001113,,,,,,,96,32,37.853716120715866,16,,0.2504470158050064,,,LatentFlow,0.155398536110307,0.02,5167.0,1387123,8-16-32,False,,,0.001,physics_modal_v4/results/final/headline/runs/LatentFlow/seed42/Electricity/h96.json,83bf68439dbb652f54fb0db984ec581b4c8570ce4cd7d93a634b8c102c5c54ae,0.394206210136658,42,,validation MSE only; test evaluated once,,483.6618200624798,,,
,10,extension,0.13606457878000888,latentflow_process_preserving_unfreeze2,/work/11617/sujato_ts/vista/motion_code-master/physics_modal_v4/results/final/checkpoints/LatentFlow/seed43/Electricity/h96.pt,,2,False,Electricity,,688.6204196820036,,,,,,,96,32,37.81926584964286,16,,0.2518934597863897,,,LatentFlow,0.15727370938941218,0.02,5167.0,1387123,8-16-32,False,,,0.001,physics_modal_v4/results/final/headline/runs/LatentFlow/seed43/Electricity/h96.json,444fe206463bf6254474f6e62b195fccf96daaa280c40785f601e9a72a7428e4,0.39657749480954185,43,,validation MSE only; test evaluated once,,481.8268411101599,,,
,10,extension,0.13377270455300994,latentflow_process_preserving_unfreeze2,/work/11617/sujato_ts/vista/motion_code-master/physics_modal_v4/results/final/checkpoints/LatentFlow/seed44/Electricity/h96.pt,,2,False,Electricity,,710.2016705516726,,,,,,,96,32,38.71699047758598,16,,0.25100528847361003,,,LatentFlow,0.1558784446817667,0.02,5167.0,1387123,8-16-32,False,,,0.001,physics_modal_v4/results/final/headline/runs/LatentFlow/seed44/Electricity/h96.json,4ce5fe9c28f322ae91108a284ed7a874d8453ea123da25bdb90ce5f47a34f25c,0.39481444335506105,44,,validation MSE only; test evaluated once,,497.8139655053383,,,
,10,extension,0.13618391625358803,latentflow_process_preserving_unfreeze2,/work/11617/sujato_ts/vista/motion_code-master/physics_modal_v4/results/final/checkpoints/LatentFlow/seed45/Electricity/h96.pt,,2,False,Electricity,,692.5286383749917,,,,,,,96,32,38.22778052462684,16,,0.25233942783667557,,,LatentFlow,0.1578761134250234,0.02,5167.0,1387123,8-16-32,False,,,0.001,physics_modal_v4/results/final/headline/runs/LatentFlow/seed45/Electricity/h96.json,52ceaa8e07624250913d8db7d539bdfc26652b3a5aaf4bc937f75ff5fc6169b3,0.3973362724758758,45,,validation MSE only; test evaluated once,,484.38322859510663,,,
,10,extension,0.13437647292794716,latentflow_process_preserving_unfreeze2,/work/11617/sujato_ts/vista/motion_code-master/physics_modal_v4/results/final/checkpoints/LatentFlow/seed46/Electricity/h96.pt,,2,False,Electricity,,696.8377244081348,,,,,,,96,32,37.47206939990784,16,,0.25113206656173703,,,LatentFlow,0.15621951253576144,0.02,5167.0,1387123,8-16-32,False,,,0.001,physics_modal_v4/results/final/headline/runs/LatentFlow/seed46/Electricity/h96.json,05427d452ae6d5b7554041681741ffaf3ce86210e010e887e433e74ea0eec7c3,0.39524614170888683,46,,validation MSE only; test evaluated once,,488.539465730355,,,
,10,,0.15751822288162612,,/work/11617/sujato_ts/vista/motion_code-master/physics_modal_v4/results/final/checkpoints/VPNet/seed42/Electricity/h192.pt,,,,Electricity,,,,,,,,,192,,1.1980757948546708,,,0.2755029809776124,,,VPNet,0.18211274029319666,,5071.0,672100,,,repository-native matched implementation,,,physics_modal_v4/results/final/headline/runs/VPNet/seed42/Electricity/h192.json,6e7040ebcb0f2f23e8e7ff9aa39fbcc12f9c4983eb56187affef795271005935,0.42674669335941745,42,,validation MSE only; test evaluated once,,7.242489780674077,,,
16,10,,0.15662842555704642,,/work/11617/sujato_ts/vista/motion_code-master/physics_modal_v4/enhancements/results/strongest_comparator/checkpoints/VPNet/seed43/Electricity/h192.pt,1664aaa10c480733,,False,Electricity,16,,strongest-nontimepro-by-dataset-seeds43-46-v1,strongest_comparator,10,latentflow_process_preserving_unfreeze2,5.0,0.001,192,,1.0928214997741708,,0.0007,0.2748969622802411,2048,1024,VPNet,0.18190626979402783,0.02,5071.0,672100,,False,repository-native matched implementation,2,,physics_modal_v4/enhancements/results/strongest_comparator/runs/VPNet/seed43/Electricity/h192.json,063cb5080d3bacb383f7374a9e231c929c27bfe8a27c875e046b64626d18786f,0.4265047125109262,43,"{'inducing_points': 32, 'latent_dim': 16, 'patch_lens': [8, 16, 32], 'representation_weight': 0.001}",,96,6.650100945262238,VPNet,0.0001,4
16,9,,0.15531118259004095,,/work/11617/sujato_ts/vista/motion_code-master/physics_modal_v4/enhancements/results/strongest_comparator/checkpoints/VPNet/seed44/Electricity/h192.pt,84bf80816b19b70b,,False,Electricity,16,,strongest-nontimepro-by-dataset-seeds43-46-v1,strongest_comparator,10,latentflow_process_preserving_unfreeze2,5.0,0.001,192,,1.199270060836186,,0.0007,0.2724256699358778,2048,1024,VPNet,0.17993221715257016,0.02,5071.0,672100,,False,repository-native matched implementation,2,,physics_modal_v4/enhancements/results/strongest_comparator/runs/VPNet/seed44/Electricity/h192.json,72360d04f7b83af94e12457458dff74d858dea90c454cf41e37399ac4731705f,0.4241841783383371,44,"{'inducing_points': 32, 'latent_dim': 16, 'patch_lens': [8, 16, 32], 'representation_weight': 0.001}",,96,6.815481021294545,VPNet,0.0001,4
16,9,,0.16013320587258226,,/work/11617/sujato_ts/vista/motion_code-master/physics_modal_v4/enhancements/results/strongest_comparator/checkpoints/VPNet/seed45/Electricity/h192.pt,0af4d81170c592e0,,False,Electricity,16,,strongest-nontimepro-by-dataset-seeds43-46-v1,strongest_comparator,10,latentflow_process_preserving_unfreeze2,5.0,0.001,192,,1.1688202537160726,,0.0007,0.2790212425899546,2048,1024,VPNet,0.18602842873475417,0.02,5071.0,672100,,False,repository-native matched implementation,2,,physics_modal_v4/enhancements/results/strongest_comparator/runs/VPNet/seed45/Electricity/h192.json,3a168bf44bbe978f077c293c9e58e1d34ed475a20e1c130968049bb1aabe2266,0.4313101305728329,45,"{'inducing_points': 32, 'latent_dim': 16, 'patch_lens': [8, 16, 32], 'representation_weight': 0.001}",,96,6.812960261140688,VPNet,0.0001,4
16,10,,0.15858284496196456,,/work/11617/sujato_ts/vista/motion_code-master/physics_modal_v4/enhancements/results/strongest_comparator/checkpoints/VPNet/seed46/Electricity/h192.pt,a626769c35890406,,False,Electricity,16,,strongest-nontimepro-by-dataset-seeds43-46-v1,strongest_comparator,10,latentflow_process_preserving_unfreeze2,5.0,0.001,192,,1.1836811708871975,,0.0007,0.27586239869490886,2048,1024,VPNet,0.1822661914472273,0.02,5071.0,672100,,False,repository-native matched implementation,2,,physics_modal_v4/enhancements/results/strongest_comparator/runs/VPNet/seed46/Electricity/h192.json,90035de15efdf351c8309c905cf83ea0e43e971f6109a360164ec57bbfad069e,0.4269264473503923,46,"{'inducing_points': 32, 'latent_dim': 16, 'patch_lens': [8, 16, 32], 'representation_weight': 0.001}",,96,6.633946101010224,VPNet,0.0001,4
,10,extension,0.14455623493016323,latentflow_process_preserving_unfreeze2,/work/11617/sujato_ts/vista/motion_code-master/physics_modal_v4/results/final/checkpoints/LatentFlow/seed42/Electricity/h192.pt,,2,False,Electricity,,743.3284721560776,,,,,,,192,32,41.50994977726944,16,,0.26127450628241405,,,LatentFlow,0.1681670312892115,0.02,5071.0,1482127,8-16-32,False,,,0.001,physics_modal_v4/results/final/headline/runs/LatentFlow/seed42/Electricity/h192.json,b24114bd79503011e56972b3a4feb9f88461a5004eaf16ca7683d282b7e3d38e,0.4100817373270986,42,,validation MSE only; test evaluated once,,520.2579463089933,,,
,9,extension,0.1478762723513234,latentflow_process_preserving_unfreeze2,/work/11617/sujato_ts/vista/motion_code-master/physics_modal_v4/results/final/checkpoints/LatentFlow/seed43/Electricity/h192.pt,,2,False,Electricity,,720.2580223320983,,,,,,,192,32,39.46081985642995,16,,0.26351480634247404,,,LatentFlow,0.1712653125112707,0.02,5071.0,1482127,8-16-32,False,,,0.001,physics_modal_v4/results/final/headline/runs/LatentFlow/seed43/Electricity/h192.json,9cccbb12e8a403d484984ee2e37a153a1d2ac23beab5542dd013e993cd1818c3,0.4138421347703381,43,,validation MSE only; test evaluated once,,505.3678366210079,,,
,10,extension,0.14654051536463997,latentflow_process_preserving_unfreeze2,/work/11617/sujato_ts/vista/motion_code-master/physics_modal_v4/results/final/checkpoints/LatentFlow/seed44/Electricity/h192.pt,,2,False,Electricity,,669.0896161580458,,,,,,,192,32,37.134685466436764,16,,0.26349574626788763,,,LatentFlow,0.17014598014363091,0.02,5071.0,1482127,8-16-32,False,,,0.001,physics_modal_v4/results/final/headline/runs/LatentFlow/seed44/Electricity/h192.json,ff2103e961814b135700d39c1d97a71e254582f311e99af53810831ba7640110,0.4124875515014131,44,,validation MSE only; test evaluated once,,468.7679246162588,,,
,9,extension,0.1471314048965153,latentflow_process_preserving_unfreeze2,/work/11617/sujato_ts/vista/motion_code-master/physics_modal_v4/results/final/checkpoints/LatentFlow/seed45/Electricity/h192.pt,,2,False,Electricity,,701.717925587669,,,,,,,192,32,38.03935079867723,16,,0.2641094642564542,,,LatentFlow,0.17108681495107703,0.02,5071.0,1482127,8-16-32,False,,,0.001,physics_modal_v4/results/final/headline/runs/LatentFlow/seed45/Electricity/h192.json,09c34f3fa3b1ad2bf5c7ce9991c8dc9d4971e61c8af3defc63d973c625cbc0aa,0.41362641955160095,45,,validation MSE only; test evaluated once,,492.7774319123273,,,
,10,extension,0.14522500978328234,latentflow_process_preserving_unfreeze2,/work/11617/sujato_ts/vista/motion_code-master/physics_modal_v4/results/final/checkpoints/LatentFlow/seed46/Electricity/h192.pt,,2,False,Electricity,,722.5219250620576,,,,,,,192,32,39.72424718113263,16,,0.2617894192003542,,,LatentFlow,0.16881637925654858,0.02,5071.0,1482127,8-16-32,False,,,0.001,physics_modal_v4/results/final/headline/runs/LatentFlow/seed46/Electricity/h192.json,bd0c05e0d6f14e3df9a8d595cdf2b838a969670628554b6acf15642c657aeee1,0.4108727044432966,46,,validation MSE only; test evaluated once,,506.38361579685807,,,
,9,,0.17559021489412596,,/work/11617/sujato_ts/vista/motion_code-master/physics_modal_v4/results/final/checkpoints/VPNet/seed42/Electricity/h336.pt,,,,Electricity,,,,,,,,,336,,1.1691974521410176,,,0.29156546956866236,,,VPNet,0.20017356397352776,,4927.0,672163,,,repository-native matched implementation,,,physics_modal_v4/results/final/headline/runs/VPNet/seed42/Electricity/h336.json,a8fb6487c30bda1bb2eed11b8593e928ca5e546cee9b9f07ec94107d116eca92,0.44740760383963946,42,,validation MSE only; test evaluated once,,7.129454797541257,,,
16,10,,0.17745739616815068,,/work/11617/sujato_ts/vista/motion_code-master/physics_modal_v4/enhancements/results/strongest_comparator/checkpoints/VPNet/seed43/Electricity/h336.pt,45c6d58f838d7e86,,False,Electricity,16,,strongest-nontimepro-by-dataset-seeds43-46-v1,strongest_comparator,10,latentflow_process_preserving_unfreeze2,5.0,0.001,336,,1.197157092998183,,0.0007,0.2912592337008283,2048,1024,VPNet,0.20047643121614822,0.02,4927.0,672163,,False,repository-native matched implementation,2,,physics_modal_v4/enhancements/results/strongest_comparator/runs/VPNet/seed43/Electricity/h336.json,8980934c5d904e71ddf1c4f471752ec8feb8e7363c7aa52350bb9ff63047951b,0.44774594494662734,43,"{'inducing_points': 32, 'latent_dim': 16, 'patch_lens': [8, 16, 32], 'representation_weight': 0.001}",,96,6.799473118735477,VPNet,0.0001,4
16,10,,0.17669166522640764,,/work/11617/sujato_ts/vista/motion_code-master/physics_modal_v4/enhancements/results/strongest_comparator/checkpoints/VPNet/seed44/Electricity/h336.pt,1cdb331e4b782ffe,,False,Electricity,16,,strongest-nontimepro-by-dataset-seeds43-46-v1,strongest_comparator,10,latentflow_process_preserving_unfreeze2,5.0,0.001,336,,1.222729531109212,,0.0007,0.291378642889236,2048,1024,VPNet,0.19967250264308956,0.02,4927.0,672163,,False,repository-native matched implementation,2,,physics_modal_v4/enhancements/results/strongest_comparator/runs/VPNet/seed44/Electricity/h336.json,142d79b91c2a19887ec9f6ec618e7ff7b4bb6ac2e99d6fb07bc2e9b353aa2530,0.44684729230811004,44,"{'inducing_points': 32, 'latent_dim': 16, 'patch_lens': [8, 16, 32], 'representation_weight': 0.001}",,96,6.875285531259578,VPNet,0.0001,4
16,9,,0.17774576041557336,,/work/11617/sujato_ts/vista/motion_code-master/physics_modal_v4/enhancements/results/strongest_comparator/checkpoints/VPNet/seed45/Electricity/h336.pt,8b581eb48eb753a4,,False,Electricity,16,,strongest-nontimepro-by-dataset-seeds43-46-v1,strongest_comparator,10,latentflow_process_preserving_unfreeze2,5.0,0.001,336,,1.2044230279156831,,0.0007,0.294870156707357,2048,1024,VPNet,0.20365613137588912,0.02,4927.0,672163,,False,repository-native matched implementation,2,,physics_modal_v4/enhancements/results/strongest_comparator/runs/VPNet/seed45/Electricity/h336.json,90a47bcdf4fd11f56b4324dec2f968c8ac74a7339e683698a59d97d4544e724b,0.4512827621080702,45,"{'inducing_points': 32, 'latent_dim': 16, 'patch_lens': [8, 16, 32], 'representation_weight': 0.001}",,96,6.626741054787999,VPNet,0.0001,4
16,10,,0.1782240435412545,,/work/11617/sujato_ts/vista/motion_code-master/physics_modal_v4/enhancements/results/strongest_comparator/checkpoints/VPNet/seed46/Electricity/h336.pt,1fed00362c54380c,,False,Electricity,16,,strongest-nontimepro-by-dataset-seeds43-46-v1,strongest_comparator,10,latentflow_process_preserving_unfreeze2,5.0,0.001,336,,1.241856150525978,,0.0007,0.2946384765069693,2048,1024,VPNet,0.20266919479250048,0.02,4927.0,672163,,False,repository-native matched implementation,2,,physics_modal_v4/enhancements/results/strongest_comparator/runs/VPNet/seed46/Electricity/h336.json,f44d95029071556a3c00940d1be17f2c14ed7861a9082aa17d86fd9f993a9cbf,0.4501879549615921,46,"{'inducing_points': 32, 'latent_dim': 16, 'patch_lens': [8, 16, 32], 'representation_weight': 0.001}",,96,6.983086576292408,VPNet,0.0001,4
,10,extension,0.16378484368589544,latentflow_process_preserving_unfreeze2,/work/11617/sujato_ts/vista/motion_code-master/physics_modal_v4/results/final/checkpoints/LatentFlow/seed42/Electricity/h336.pt,,2,False,Electricity,,722.8900153020077,,,,,,,336,32,39.787282231531194,16,,0.28152332612222486,,,LatentFlow,0.18843780383783904,0.02,4927.0,1626077,8-16-32,False,,,0.001,physics_modal_v4/results/final/headline/runs/LatentFlow/seed42/Electricity/h336.json,bfa5f7b02d4d64cc3e32b6eb28e34d7927100f1d2ee4d7bd169ab355118043f9,0.4340942338223799,42,,validation MSE only; test evaluated once,,508.3880741015605,,,
,9,extension,0.16679913780841676,latentflow_process_preserving_unfreeze2,/work/11617/sujato_ts/vista/motion_code-master/physics_modal_v4/results/final/checkpoints/LatentFlow/seed43/Electricity/h336.pt,,2,False,Electricity,,719.3589143608697,,,,,,,336,32,39.8197948675209,16,,0.281447027703506,,,LatentFlow,0.18877023179067196,0.02,4927.0,1626077,8-16-32,False,,,0.001,physics_modal_v4/results/final/headline/runs/LatentFlow/seed43/Electricity/h336.json,0033ba5fd5755bba8bc8dfd2df41ddd4b496b38e394826aa0dbf5f918956552a,0.43447696347524795,43,,validation MSE only; test evaluated once,,505.77684947111266,,,
,10,extension,0.16418744297166232,latentflow_process_preserving_unfreeze2,/work/11617/sujato_ts/vista/motion_code-master/physics_modal_v4/results/final/checkpoints/LatentFlow/seed44/Electricity/h336.pt,,2,False,Electricity,,718.6031061820686,,,,,,,336,32,39.22574857961598,16,,0.2786056811037912,,,LatentFlow,0.18548487960275034,0.02,4927.0,1626077,8-16-32,False,,,0.001,physics_modal_v4/results/final/headline/runs/LatentFlow/seed44/Electricity/h336.json,eb1ee39e7a5a1151a2bb4a100aa2bea091a54c0407f3379cdc00867c6803db42,0.43067955558947807,44,,validation MSE only; test evaluated once,,505.27938033046667,,,
,7,extension,0.16424980875894377,latentflow_process_preserving_unfreeze2,/work/11617/sujato_ts/vista/motion_code-master/physics_modal_v4/results/final/checkpoints/LatentFlow/seed45/Electricity/h336.pt,,2,False,Electricity,,709.5356602469692,,,,,,,336,32,39.10602405752487,16,,0.2800707658416171,,,LatentFlow,0.18785633703395885,0.02,4927.0,1626077,8-16-32,False,,,0.001,physics_modal_v4/results/final/headline/runs/LatentFlow/seed45/Electricity/h336.json,78aafe323a50483aa7e644320963664c32690bdaff9ec7ab65019560492530da,0.4334239691502523,45,,validation MSE only; test evaluated once,,498.76117104840887,,,
,10,extension,0.1620878595712365,latentflow_process_preserving_unfreeze2,/work/11617/sujato_ts/vista/motion_code-master/physics_modal_v4/results/final/checkpoints/LatentFlow/seed46/Electricity/h336.pt,,2,False,Electricity,,750.9822797379456,,,,,,,336,32,41.82420118789499,16,,0.27782224478025874,,,LatentFlow,0.18484945912067832,0.02,4927.0,1626077,8-16-32,False,,,0.001,physics_modal_v4/results/final/headline/runs/LatentFlow/seed46/Electricity/h336.json,661ed5115f3b0ce07fb6facf7ef801ec61d0e2431f4831c01f8fdac5c3dcbcff,0.4299412275191556,46,,validation MSE only; test evaluated once,,527.1452045539263,,,
,8,,0.21328526619356286,,/work/11617/sujato_ts/vista/motion_code-master/physics_modal_v4/results/final/checkpoints/VPNet/seed42/Electricity/h720.pt,,,,Electricity,,,,,,,,,720,,1.4159459911444514,,,0.3285149055356304,,,VPNet,0.24592113703465032,,4543.0,672331,,,repository-native matched implementation,,,physics_modal_v4/results/final/headline/runs/VPNet/seed42/Electricity/h720.json,2771f49de3f969aecaefa5e11f3b35929426e5e320ee3d71484ea7cc4ee0a73b,0.4959043627904985,42,,validation MSE only; test evaluated once,,7.007216972669994,,,
16,9,,0.2143765121729327,,/work/11617/sujato_ts/vista/motion_code-master/physics_modal_v4/enhancements/results/strongest_comparator/checkpoints/VPNet/seed43/Electricity/h720.pt,a4fe4d06e3b081d5,,False,Electricity,16,,strongest-nontimepro-by-dataset-seeds43-46-v1,strongest_comparator,10,latentflow_process_preserving_unfreeze2,5.0,0.001,720,,1.4652170235130153,,0.0007,0.32693157810837226,2048,1024,VPNet,0.24418623617192667,0.02,4543.0,672331,,False,repository-native matched implementation,2,,physics_modal_v4/enhancements/results/strongest_comparator/runs/VPNet/seed43/Electricity/h720.json,94120aeb5a754e0c33f48e10f4beaaf1006eb9fa65f09852c2bba422892bb407,0.49415203750660247,43,"{'inducing_points': 32, 'latent_dim': 16, 'patch_lens': [8, 16, 32], 'representation_weight': 0.001}",,96,7.210811480672419,VPNet,0.0001,4
16,5,,0.21813467757930471,,/work/11617/sujato_ts/vista/motion_code-master/physics_modal_v4/enhancements/results/strongest_comparator/checkpoints/VPNet/seed44/Electricity/h720.pt,a261502daaaa28ce,,False,Electricity,16,,strongest-nontimepro-by-dataset-seeds43-46-v1,strongest_comparator,10,latentflow_process_preserving_unfreeze2,5.0,0.001,720,,1.5032539896443617,,0.0007,0.33340107219765885,2048,1024,VPNet,0.25375683058255233,0.02,4543.0,672331,,False,repository-native matched implementation,2,,physics_modal_v4/enhancements/results/strongest_comparator/runs/VPNet/seed44/Electricity/h720.json,121ad26aa648ef58bab4aba16bc2c7c6e19d71ceb477f3fdf4d15311c5fdbc36,0.503742821867024,44,"{'inducing_points': 32, 'latent_dim': 16, 'patch_lens': [8, 16, 32], 'representation_weight': 0.001}",,96,7.06480038297741,VPNet,0.0001,4
16,9,,0.21321377382842924,,/work/11617/sujato_ts/vista/motion_code-master/physics_modal_v4/enhancements/results/strongest_comparator/checkpoints/VPNet/seed45/Electricity/h720.pt,c31f2ba5d7698da7,,False,Electricity,16,,strongest-nontimepro-by-dataset-seeds43-46-v1,strongest_comparator,10,latentflow_process_preserving_unfreeze2,5.0,0.001,720,,1.448883480397324,,0.0007,0.3244697010233527,2048,1024,VPNet,0.2406349880648946,0.02,4543.0,672331,,False,repository-native matched implementation,2,,physics_modal_v4/enhancements/results/strongest_comparator/runs/VPNet/seed45/Electricity/h720.json,20c092b8703b7c396000da8a0a4ceed982524aa6ba3ea2b30df780e67091f4e9,0.4905456024315116,45,"{'inducing_points': 32, 'latent_dim': 16, 'patch_lens': [8, 16, 32], 'representation_weight': 0.001}",,96,6.957801677162934,VPNet,0.0001,4
16,6,,0.21526727455221026,,/work/11617/sujato_ts/vista/motion_code-master/physics_modal_v4/enhancements/results/strongest_comparator/checkpoints/VPNet/seed46/Electricity/h720.pt,304c714d3eba3a10,,False,Electricity,16,,strongest-nontimepro-by-dataset-seeds43-46-v1,strongest_comparator,10,latentflow_process_preserving_unfreeze2,5.0,0.001,720,,1.4029187675913701,,0.0007,0.33068914150378614,2048,1024,VPNet,0.24906684928094122,0.02,4543.0,672331,,False,repository-native matched implementation,2,,physics_modal_v4/enhancements/results/strongest_comparator/runs/VPNet/seed46/Electricity/h720.json,cf6c08a6fa2b36ed741b0d06b375baa2cded6944ce1f788482d409b9e539d979,0.4990659768817558,46,"{'inducing_points': 32, 'latent_dim': 16, 'patch_lens': [8, 16, 32], 'representation_weight': 0.001}",,96,6.868567745085683,VPNet,0.0001,4
,8,extension,0.19849747442877305,latentflow_process_preserving_unfreeze2,/work/11617/sujato_ts/vista/motion_code-master/physics_modal_v4/results/final/checkpoints/LatentFlow/seed42/Electricity/h720.pt,,2,False,Electricity,,754.8275435441174,,,,,,,720,32,41.831898270996135,16,,0.30604294139258575,,,LatentFlow,0.21710751921437585,0.02,4543.0,2018213,8-16-32,False,,,0.001,physics_modal_v4/results/final/headline/runs/LatentFlow/seed42/Electricity/h720.json,21eabdfe1adeb305576b35ace4d8f0bd9e1fb57366a7878627ba3318c2834f3c,0.4659479790860519,42,,validation MSE only; test evaluated once,,534.4800273825967,,,
,8,extension,0.20472825391352817,latentflow_process_preserving_unfreeze2,/work/11617/sujato_ts/vista/motion_code-master/physics_modal_v4/results/final/checkpoints/LatentFlow/seed43/Electricity/h720.pt,,2,False,Electricity,,749.4249916789122,,,,,,,720,32,42.43582688975008,16,,0.3098736978431532,,,LatentFlow,0.2236946640394882,0.02,4543.0,2018213,8-16-32,False,,,0.001,physics_modal_v4/results/final/headline/runs/LatentFlow/seed43/Electricity/h720.json,3239a4c045d1f1c970a000f233b1b273693dcab1e4deef0e8f3aeb747bc144d5,0.4729637026659532,43,,validation MSE only; test evaluated once,,530.1924761883129,,,
,4,extension,0.20068875587122711,latentflow_process_preserving_unfreeze2,/work/11617/sujato_ts/vista/motion_code-master/physics_modal_v4/results/final/checkpoints/LatentFlow/seed44/Electricity/h720.pt,,2,False,Electricity,,745.7752423342317,,,,,,,720,32,41.62334809794273,16,,0.3115718862309479,,,LatentFlow,0.22663698095396576,0.02,4543.0,2018213,8-16-32,False,,,0.001,physics_modal_v4/results/final/headline/runs/LatentFlow/seed44/Electricity/h720.json,f4cc9842056e15005210505bca10b9d4909777e4c568ca0f733741ddc3e72f11,0.4760640513144904,44,,validation MSE only; test evaluated once,,528.042677339181,,,
,7,extension,0.20256204832875221,latentflow_process_preserving_unfreeze2,/work/11617/sujato_ts/vista/motion_code-master/physics_modal_v4/results/final/checkpoints/LatentFlow/seed45/Electricity/h720.pt,,2,False,Electricity,,726.6085580158979,,,,,,,720,32,40.554037284782744,16,,0.31248471933990035,,,LatentFlow,0.22648335311564957,0.02,4543.0,2018213,8-16-32,False,,,0.001,physics_modal_v4/results/final/headline/runs/LatentFlow/seed45/Electricity/h720.json,165b31ba37d6aa0e4f5f63b61b1d579cf9716fd8fa382ce332fab3c82702152e,0.4759026718937913,45,,validation MSE only; test evaluated once,,514.3450193252647,,,
,6,extension,0.19853297979949708,latentflow_process_preserving_unfreeze2,/work/11617/sujato_ts/vista/motion_code-master/physics_modal_v4/results/final/checkpoints/LatentFlow/seed46/Electricity/h720.pt,,2,False,Electricity,,765.7030075574294,,,,,,,720,32,42.19343747764602,16,,0.3104959961143382,,,LatentFlow,0.22447128197885563,0.02,4543.0,2018213,8-16-32,False,,,0.001,physics_modal_v4/results/final/headline/runs/LatentFlow/seed46/Electricity/h720.json,4cca20a946a71913e1bd851f6b98b7bb05f89c45a3f66ccde2266936c119db5b,0.47378400350671995,46,,validation MSE only; test evaluated once,,542.8916298562399,,,
,9,,0.4197992648805469,,/work/11617/sujato_ts/vista/motion_code-master/physics_modal_v4/results/final/checkpoints/VPNet/seed42/Traffic/h96.pt,,,,Traffic,,,,,,,,,96,,1.2466303343958978,,,0.3194330075320664,,,VPNet,0.46756939006251386,,3415.0,672058,,,repository-native matched implementation,,,physics_modal_v4/results/final/headline/runs/VPNet/seed42/Traffic/h96.json,7c8ec121e3b89dbcee0ab8348938ccea0363ba52724994d88820c4fb5605feff,0.6837904577153106,42,,validation MSE only; test evaluated once,,8.035232732072473,,,
16,10,,0.4140209046243607,,/work/11617/sujato_ts/vista/motion_code-master/physics_modal_v4/enhancements/results/strongest_comparator/checkpoints/VPNet/seed43/Traffic/h96.pt,b26d7ae2fff42f69,,False,Traffic,16,,strongest-nontimepro-by-dataset-seeds43-46-v1,strongest_comparator,10,latentflow_process_preserving_unfreeze2,5.0,0.001,96,,1.2442844825853625,,0.0007,0.31543749106836644,2048,1024,VPNet,0.46290788978854264,0.02,3415.0,672058,,False,repository-native matched implementation,2,,physics_modal_v4/enhancements/results/strongest_comparator/runs/VPNet/seed43/Traffic/h96.json,b2bb5caa7b9f126b20c0e0de8c581dec92a58007f05612e18aa809fd3b9adc1e,0.680373345883378,43,"{'inducing_points': 32, 'latent_dim': 16, 'patch_lens': [8, 16, 32], 'representation_weight': 0.001}",,96,7.506168249165057,VPNet,0.0001,4
16,10,,0.4154390562253688,,/work/11617/sujato_ts/vista/motion_code-master/physics_modal_v4/enhancements/results/strongest_comparator/checkpoints/VPNet/seed44/Traffic/h96.pt,751ad4cf94bf0972,,False,Traffic,16,,strongest-nontimepro-by-dataset-seeds43-46-v1,strongest_comparator,10,latentflow_process_preserving_unfreeze2,5.0,0.001,96,,1.299657882409861,,0.0007,0.317315626561626,2048,1024,VPNet,0.4626315199216631,0.02,3415.0,672058,,False,repository-native matched implementation,2,,physics_modal_v4/enhancements/results/strongest_comparator/runs/VPNet/seed44/Traffic/h96.json,6c85a9b02a1a83b273e6800d9153acc73c3d5a3d9c8eeed83f8a3751e1c97357,0.6801702139330001,44,"{'inducing_points': 32, 'latent_dim': 16, 'patch_lens': [8, 16, 32], 'representation_weight': 0.001}",,96,7.745421457639168,VPNet,0.0001,4
16,9,,0.422871712373378,,/work/11617/sujato_ts/vista/motion_code-master/physics_modal_v4/enhancements/results/strongest_comparator/checkpoints/VPNet/seed45/Traffic/h96.pt,0b30954b1954e750,,False,Traffic,16,,strongest-nontimepro-by-dataset-seeds43-46-v1,strongest_comparator,10,latentflow_process_preserving_unfreeze2,5.0,0.001,96,,1.2585601961773607,,0.0007,0.3209953787465798,2048,1024,VPNet,0.46870921067696214,0.02,3415.0,672058,,False,repository-native matched implementation,2,,physics_modal_v4/enhancements/results/strongest_comparator/runs/VPNet/seed45/Traffic/h96.json,119934702d2888990e724c0d918bd0a0b55d7d05aee47c867fa315f985a22ca5,0.6846234079236279,45,"{'inducing_points': 32, 'latent_dim': 16, 'patch_lens': [8, 16, 32], 'representation_weight': 0.001}",,96,7.4017571610966115,VPNet,0.0001,4
16,10,,0.41388989287757727,,/work/11617/sujato_ts/vista/motion_code-master/physics_modal_v4/enhancements/results/strongest_comparator/checkpoints/VPNet/seed46/Traffic/h96.pt,5129c237ee94761b,,False,Traffic,16,,strongest-nontimepro-by-dataset-seeds43-46-v1,strongest_comparator,10,latentflow_process_preserving_unfreeze2,5.0,0.001,96,,1.2449314451597175,,0.0007,0.3127193884332123,2048,1024,VPNet,0.4611634557742528,0.02,3415.0,672058,,False,repository-native matched implementation,2,,physics_modal_v4/enhancements/results/strongest_comparator/runs/VPNet/seed46/Traffic/h96.json,531e48bbaaae7852dbb7c97d7b20edfbdaba65666ec06e67e516bae096ba021a,0.679090167631849,46,"{'inducing_points': 32, 'latent_dim': 16, 'patch_lens': [8, 16, 32], 'representation_weight': 0.001}",,96,7.445709003059164,VPNet,0.0001,4
,10,extension,0.3879883384298928,latentflow_process_preserving_unfreeze2,/work/11617/sujato_ts/vista/motion_code-master/physics_modal_v4/results/final/checkpoints/LatentFlow/seed42/Traffic/h96.pt,,2,False,Traffic,,1345.1616961238906,,,,,,,96,32,86.7191598976923,16,,0.2921953691982355,,,LatentFlow,0.4312567918068039,0.02,3415.0,1388746,8-16-32,False,,,0.001,physics_modal_v4/results/final/headline/runs/LatentFlow/seed42/Traffic/h96.json,f76f437a9296c53b7fa11a4d97d5500d0e4eace61f3c3d9f583fbac54faddbe1,0.6567014480011475,42,,validation MSE only; test evaluated once,,973.2384484766953,,,
,10,extension,0.3953881559681726,latentflow_process_preserving_unfreeze2,/work/11617/sujato_ts/vista/motion_code-master/physics_modal_v4/results/final/checkpoints/LatentFlow/seed43/Traffic/h96.pt,,2,False,Traffic,,1360.4083220399916,,,,,,,96,32,87.10394902460872,16,,0.29418264235354147,,,LatentFlow,0.436267156537962,0.02,3415.0,1388746,8-16-32,False,,,0.001,physics_modal_v4/results/final/headline/runs/LatentFlow/seed43/Traffic/h96.json,0f28a27e99e0350c3dc218ae38eb0c8b4dfb1586104de0b920565bbb009eb2d7,0.6605052282442297,43,,validation MSE only; test evaluated once,,984.4402104368783,,,
,10,extension,0.39015701125042435,latentflow_process_preserving_unfreeze2,/work/11617/sujato_ts/vista/motion_code-master/physics_modal_v4/results/final/checkpoints/LatentFlow/seed44/Traffic/h96.pt,,2,False,Traffic,,1349.8423369629309,,,,,,,96,32,87.0562731293839,16,,0.29473947803803197,,,LatentFlow,0.4327181881502654,0.02,3415.0,1388746,8-16-32,False,,,0.001,physics_modal_v4/results/final/headline/runs/LatentFlow/seed44/Traffic/h96.json,111599aedb27fe952e2a84156911fb02e9df2ffef75de6afbed931e7085764e7,0.6578131863608888,44,,validation MSE only; test evaluated once,,976.3882008766814,,,
,10,extension,0.39498937673930135,latentflow_process_preserving_unfreeze2,/work/11617/sujato_ts/vista/motion_code-master/physics_modal_v4/results/final/checkpoints/LatentFlow/seed45/Traffic/h96.pt,,2,False,Traffic,,1336.9079102440737,,,,,,,96,32,85.89441056675912,16,,0.29654216450488624,,,LatentFlow,0.44067272173368094,0.02,3415.0,1388746,8-16-32,False,,,0.001,physics_modal_v4/results/final/headline/runs/LatentFlow/seed45/Traffic/h96.json,48c984e8019de3310cffb86a0d09c370fc530de36578d01a3ee4bfcc7af4838c,0.6638318474837441,45,,validation MSE only; test evaluated once,,967.4036922006053,,,
,10,extension,0.3892555742971858,latentflow_process_preserving_unfreeze2,/work/11617/sujato_ts/vista/motion_code-master/physics_modal_v4/results/final/checkpoints/LatentFlow/seed46/Traffic/h96.pt,,2,False,Traffic,,1346.7843234832399,,,,,,,96,32,85.82873790231949,16,,0.2931362960753971,,,LatentFlow,0.43413505169714,0.02,3415.0,1388746,8-16-32,False,,,0.001,physics_modal_v4/results/final/headline/runs/LatentFlow/seed46/Traffic/h96.json,c2df161894eb44659e6cbc41976b44910d8239fe5f00cbfe2af67570e2d3561e,0.6588892560189004,46,,validation MSE only; test evaluated once,,973.6260805122583,,,
,10,,0.4185467745477805,,/work/11617/sujato_ts/vista/motion_code-master/physics_modal_v4/results/final/checkpoints/VPNet/seed42/Traffic/h192.pt,,,,Traffic,,,,,,,,,192,,1.3974406087213165,,,0.32738889789651365,,,VPNet,0.4899475157234075,,3319.0,672100,,,repository-native matched implementation,,,physics_modal_v4/results/final/headline/runs/VPNet/seed42/Traffic/h192.json,ecccc7f0cfd457dfa1ba48a6488b7abc07b8a100ca935ae2f472b1a5539054a7,0.6999625102270889,42,,validation MSE only; test evaluated once,,7.711410016327136,,,
16,10,,0.40992668563786716,,/work/11617/sujato_ts/vista/motion_code-master/physics_modal_v4/enhancements/results/strongest_comparator/checkpoints/VPNet/seed43/Traffic/h192.pt,aac3f926e2906459,,False,Traffic,16,,strongest-nontimepro-by-dataset-seeds43-46-v1,strongest_comparator,10,latentflow_process_preserving_unfreeze2,5.0,0.001,192,,1.4072993589151237,,0.0007,0.32429799302986745,2048,1024,VPNet,0.48037687228985265,0.02,3319.0,672100,,False,repository-native matched implementation,2,,physics_modal_v4/enhancements/results/strongest_comparator/runs/VPNet/seed43/Traffic/h192.json,277d1a74890c76b1f31194035d0845f71b1c1db2765e1db37d632322517fa22c,0.6930922538088654,43,"{'inducing_points': 32, 'latent_dim': 16, 'patch_lens': [8, 16, 32], 'representation_weight': 0.001}",,96,7.865098659385694,VPNet,0.0001,4
16,10,,0.4061328819898884,,/work/11617/sujato_ts/vista/motion_code-master/physics_modal_v4/enhancements/results/strongest_comparator/checkpoints/VPNet/seed44/Traffic/h192.pt,3bd82ef3c5e1a540,,False,Traffic,16,,strongest-nontimepro-by-dataset-seeds43-46-v1,strongest_comparator,10,latentflow_process_preserving_unfreeze2,5.0,0.001,192,,1.4440449976006855,,0.0007,0.31596099924293625,2048,1024,VPNet,0.47529560299725304,0.02,3319.0,672100,,False,repository-native matched implementation,2,,physics_modal_v4/enhancements/results/strongest_comparator/runs/VPNet/seed44/Traffic/h192.json,a3397d640248681532bb534be7b50cd86029156120374c96b16962a44768b8d6,0.6894168572041541,44,"{'inducing_points': 32, 'latent_dim': 16, 'patch_lens': [8, 16, 32], 'representation_weight': 0.001}",,96,8.015722875643405,VPNet,0.0001,4
16,10,,0.4124787824613036,,/work/11617/sujato_ts/vista/motion_code-master/physics_modal_v4/enhancements/results/strongest_comparator/checkpoints/VPNet/seed45/Traffic/h192.pt,7c628901799159bd,,False,Traffic,16,,strongest-nontimepro-by-dataset-seeds43-46-v1,strongest_comparator,10,latentflow_process_preserving_unfreeze2,5.0,0.001,192,,1.4020022649344974,,0.0007,0.3241969586247492,2048,1024,VPNet,0.48321498652537737,0.02,3319.0,672100,,False,repository-native matched implementation,2,,physics_modal_v4/enhancements/results/strongest_comparator/runs/VPNet/seed45/Traffic/h192.json,5d6cf2c82bf6bca065d627bb6ff7ef7ace0f5a9a0018f798ad26d2d55c69c3c5,0.6951366675160917,45,"{'inducing_points': 32, 'latent_dim': 16, 'patch_lens': [8, 16, 32], 'representation_weight': 0.001}",,96,8.043287948839861,VPNet,0.0001,4
16,10,,0.4168908545331077,,/work/11617/sujato_ts/vista/motion_code-master/physics_modal_v4/enhancements/results/strongest_comparator/checkpoints/VPNet/seed46/Traffic/h192.pt,822cf9ade67e81c8,,False,Traffic,16,,strongest-nontimepro-by-dataset-seeds43-46-v1,strongest_comparator,10,latentflow_process_preserving_unfreeze2,5.0,0.001,192,,1.4259823280778052,,0.0007,0.33265722304170514,2048,1024,VPNet,0.4866495185364898,0.02,3319.0,672100,,False,repository-native matched implementation,2,,physics_modal_v4/enhancements/results/strongest_comparator/runs/VPNet/seed46/Traffic/h192.json,c7d1c9b95abbaadde71e230b28787f3ddc368fdaf34a12cb9a0f820aa599797a,0.6976026938999661,46,"{'inducing_points': 32, 'latent_dim': 16, 'patch_lens': [8, 16, 32], 'representation_weight': 0.001}",,96,7.983322209838661,VPNet,0.0001,4
,10,extension,0.38689874459493095,latentflow_process_preserving_unfreeze2,/work/11617/sujato_ts/vista/motion_code-master/physics_modal_v4/results/final/checkpoints/LatentFlow/seed42/Traffic/h192.pt,,2,False,Traffic,,1384.133637922001,,,,,,,192,32,88.22580849794572,16,,0.29962644481342643,,,LatentFlow,0.4515534500757732,0.02,3319.0,1483750,8-16-32,False,,,0.001,physics_modal_v4/results/final/headline/runs/LatentFlow/seed42/Traffic/h192.json,21f8fc2cf068468c81ab44f901506ebf0c04d698956a2c578b3df00b1f0e1453,0.6719772690171694,42,,validation MSE only; test evaluated once,,1003.569436077305,,,
,10,extension,0.38388355563798804,latentflow_process_preserving_unfreeze2,/work/11617/sujato_ts/vista/motion_code-master/physics_modal_v4/results/final/checkpoints/LatentFlow/seed43/Traffic/h192.pt,,2,False,Traffic,,1370.5440527949977,,,,,,,192,32,87.90909446500903,16,,0.2969195937388296,,,LatentFlow,0.44934683501321854,0.02,3319.0,1483750,8-16-32,False,,,0.001,physics_modal_v4/results/final/headline/runs/LatentFlow/seed43/Traffic/h192.json,7a3d0c8d7354910ea42e6fa81f0a7170728c2fae7276eb24d2647522ef5de145,0.6703333760251078,43,,validation MSE only; test evaluated once,,993.5834928281338,,,
,10,extension,0.38623967368014545,latentflow_process_preserving_unfreeze2,/work/11617/sujato_ts/vista/motion_code-master/physics_modal_v4/results/final/checkpoints/LatentFlow/seed44/Traffic/h192.pt,,2,False,Traffic,,1376.510293980129,,,,,,,192,32,88.33700641264221,16,,0.2956732559070855,,,LatentFlow,0.44975790957467715,0.02,3319.0,1483750,8-16-32,False,,,0.001,physics_modal_v4/results/final/headline/runs/LatentFlow/seed44/Traffic/h192.json,c073983e46549d3ce06ef669aa2f10b07e31e13ca09814be280c655e9f80ac97,0.6706399254254679,44,,validation MSE only; test evaluated once,,997.9123662569691,,,
,8,extension,0.3868477038422575,latentflow_process_preserving_unfreeze2,/work/11617/sujato_ts/vista/motion_code-master/physics_modal_v4/results/final/checkpoints/LatentFlow/seed45/Traffic/h192.pt,,2,False,Traffic,,1376.3016594750807,,,,,,,192,32,88.13313870400569,16,,0.2994897631567025,,,LatentFlow,0.4540212702234257,0.02,3319.0,1483750,8-16-32,False,,,0.001,physics_modal_v4/results/final/headline/runs/LatentFlow/seed45/Traffic/h192.json,a1acbb4b053223a5895cd16e3ef83a18f155565af27280968cd00e8b1915606b,0.6738110048251109,45,,validation MSE only; test evaluated once,,997.7672679895477,,,
,9,extension,0.38167551959658075,latentflow_process_preserving_unfreeze2,/work/11617/sujato_ts/vista/motion_code-master/physics_modal_v4/results/final/checkpoints/LatentFlow/seed46/Traffic/h192.pt,,2,False,Traffic,,1372.8865093099885,,,,,,,192,32,87.85432126754917,16,,0.2951564295543943,,,LatentFlow,0.4470354692773819,0.02,3319.0,1483750,8-16-32,False,,,0.001,physics_modal_v4/results/final/headline/runs/LatentFlow/seed46/Traffic/h192.json,63ce967df5170f7cffea2d4f320ec31c89af6fd1157da5d8e2fb0d48de7ec893,0.6686071112973462,46,,validation MSE only; test evaluated once,,995.2975512734156,,,
,8,,0.4236873654736536,,/work/11617/sujato_ts/vista/motion_code-master/physics_modal_v4/results/final/checkpoints/VPNet/seed42/Traffic/h336.pt,,,,Traffic,,,,,,,,,336,,1.6589657426458981,,,0.3303995092034247,,,VPNet,0.4961930676883378,,3175.0,672163,,,repository-native matched implementation,,,physics_modal_v4/results/final/headline/runs/VPNet/seed42/Traffic/h336.json,8a53d7fb7984a6bdd7d8857c5f90c3a95257c91fe29e3e2dc0f243194f683b8a,0.7044097299784677,42,,validation MSE only; test evaluated once,,8.481309585340568,,,
16,10,,0.423078500319681,,/work/11617/sujato_ts/vista/motion_code-master/physics_modal_v4/enhancements/results/strongest_comparator/checkpoints/VPNet/seed43/Traffic/h336.pt,036f74dd626951c8,,False,Traffic,16,,strongest-nontimepro-by-dataset-seeds43-46-v1,strongest_comparator,10,latentflow_process_preserving_unfreeze2,5.0,0.001,336,,1.658020004855864,,0.0007,0.3340165833978192,2048,1024,VPNet,0.4979193540301372,0.02,3175.0,672163,,False,repository-native matched implementation,2,,physics_modal_v4/enhancements/results/strongest_comparator/runs/VPNet/seed43/Traffic/h336.json,c746ea352b5c414cca91e84f09c45b0654958fe086e75151874c4fc5c4de8635,0.7056340085555239,43,"{'inducing_points': 32, 'latent_dim': 16, 'patch_lens': [8, 16, 32], 'representation_weight': 0.001}",,96,8.481474842119496,VPNet,0.0001,4
16,10,,0.42137309346142665,,/work/11617/sujato_ts/vista/motion_code-master/physics_modal_v4/enhancements/results/strongest_comparator/checkpoints/VPNet/seed44/Traffic/h336.pt,495c8162a5c77808,,False,Traffic,16,,strongest-nontimepro-by-dataset-seeds43-46-v1,strongest_comparator,10,latentflow_process_preserving_unfreeze2,5.0,0.001,336,,1.700335550898065,,0.0007,0.3260787336259773,2048,1024,VPNet,0.4936168172161122,0.02,3175.0,672163,,False,repository-native matched implementation,2,,physics_modal_v4/enhancements/results/strongest_comparator/runs/VPNet/seed44/Traffic/h336.json,c9c5dee3bf28e949262e075b0c3740bb3e7f851127f0cdb0417fe4f5a77ccf43,0.7025786911201565,44,"{'inducing_points': 32, 'latent_dim': 16, 'patch_lens': [8, 16, 32], 'representation_weight': 0.001}",,96,8.575892380849837,VPNet,0.0001,4
16,9,,0.42872010904206137,,/work/11617/sujato_ts/vista/motion_code-master/physics_modal_v4/enhancements/results/strongest_comparator/checkpoints/VPNet/seed45/Traffic/h336.pt,d10eddf4fb740a0e,,False,Traffic,16,,strongest-nontimepro-by-dataset-seeds43-46-v1,strongest_comparator,10,latentflow_process_preserving_unfreeze2,5.0,0.001,336,,1.7124556329552874,,0.0007,0.3403970475880009,2048,1024,VPNet,0.5024768105815732,0.02,3175.0,672163,,False,repository-native matched implementation,2,,physics_modal_v4/enhancements/results/strongest_comparator/runs/VPNet/seed45/Traffic/h336.json,5f0ef89fcdc403050b484ba89b3cbcf839fe716dbc59ad5ea0b827a37655c2b8,0.7088559871945593,45,"{'inducing_points': 32, 'latent_dim': 16, 'patch_lens': [8, 16, 32], 'representation_weight': 0.001}",,96,8.73679323703982,VPNet,0.0001,4
16,10,,0.4251406623992903,,/work/11617/sujato_ts/vista/motion_code-master/physics_modal_v4/enhancements/results/strongest_comparator/checkpoints/VPNet/seed46/Traffic/h336.pt,9ca529358a184ecf,,False,Traffic,16,,strongest-nontimepro-by-dataset-seeds43-46-v1,strongest_comparator,10,latentflow_process_preserving_unfreeze2,5.0,0.001,336,,1.6635314660203275,,0.0007,0.33732572114861803,2048,1024,VPNet,0.4984373477228666,0.02,3175.0,672163,,False,repository-native matched implementation,2,,physics_modal_v4/enhancements/results/strongest_comparator/runs/VPNet/seed46/Traffic/h336.json,90d260181e25653374c41e4e892c040cf6865761705270170191e3ffb9a42ff3,0.7060009544773056,46,"{'inducing_points': 32, 'latent_dim': 16, 'patch_lens': [8, 16, 32], 'representation_weight': 0.001}",,96,8.777142134113092,VPNet,0.0001,4
,9,extension,0.397188441633006,latentflow_process_preserving_unfreeze2,/work/11617/sujato_ts/vista/motion_code-master/physics_modal_v4/results/final/checkpoints/LatentFlow/seed42/Traffic/h336.pt,,2,False,Traffic,,1420.2683590790257,,,,,,,336,32,91.07741731838699,16,,0.2989559360134544,,,LatentFlow,0.45954158156682345,0.02,3175.0,1627700,8-16-32,False,,,0.001,physics_modal_v4/results/final/headline/runs/LatentFlow/seed42/Traffic/h336.json,7c5b9c7646dd4c6301bcd2c2ff1f7f41985d0b7eab0436cbb88db49b3f908ebd,0.6778949635207681,42,,validation MSE only; test evaluated once,,1031.8058360991927,,,
,7,extension,0.39812755732230226,latentflow_process_preserving_unfreeze2,/work/11617/sujato_ts/vista/motion_code-master/physics_modal_v4/results/final/checkpoints/LatentFlow/seed43/Traffic/h336.pt,,2,False,Traffic,,1429.646236859262,,,,,,,336,32,91.57319216532727,16,,0.30476184580166676,,,LatentFlow,0.4665861094803876,0.02,3175.0,1627700,8-16-32,False,,,0.001,physics_modal_v4/results/final/headline/runs/LatentFlow/seed43/Traffic/h336.json,f6eeed04dfb1211998280056f2d0d9be8ce9fd7c5b5c68efeb3fbeb044d5c5b6,0.683071086696244,43,,validation MSE only; test evaluated once,,1038.9985759586125,,,
,10,extension,0.3974966358551069,latentflow_process_preserving_unfreeze2,/work/11617/sujato_ts/vista/motion_code-master/physics_modal_v4/results/final/checkpoints/LatentFlow/seed44/Traffic/h336.pt,,2,False,Traffic,,1428.9913241388276,,,,,,,336,32,90.84424529532723,16,,0.3006377717050885,,,LatentFlow,0.4622203080251388,0.02,3175.0,1627700,8-16-32,False,,,0.001,physics_modal_v4/results/final/headline/runs/LatentFlow/seed44/Traffic/h336.json,220f8dff0aed8d06ba28a428bed2e3d89ace51a72efdade739261c1767ff23e5,0.6798678607090783,44,,validation MSE only; test evaluated once,,1039.2562090812135,,,
,7,extension,0.4006205755707283,latentflow_process_preserving_unfreeze2,/work/11617/sujato_ts/vista/motion_code-master/physics_modal_v4/results/final/checkpoints/LatentFlow/seed45/Traffic/h336.pt,,2,False,Traffic,,1414.6938997209072,,,,,,,336,32,90.59584734554525,16,,0.3052328454320965,,,LatentFlow,0.4680817580856881,0.02,3175.0,1627700,8-16-32,False,,,0.001,physics_modal_v4/results/final/headline/runs/LatentFlow/seed45/Traffic/h336.json,68a2894099945c3d7e2ed42d9c0b97851d9aa187536a23295ebd6df492147a66,0.6841650079371847,45,,validation MSE only; test evaluated once,,1028.2545830203162,,,
,9,extension,0.3979011390659904,latentflow_process_preserving_unfreeze2,/work/11617/sujato_ts/vista/motion_code-master/physics_modal_v4/results/final/checkpoints/LatentFlow/seed46/Traffic/h336.pt,,2,False,Traffic,,1402.2658718973398,,,,,,,336,32,89.92230928869861,16,,0.3025303198691122,,,LatentFlow,0.46020274862638616,0.02,3175.0,1627700,8-16-32,False,,,0.001,physics_modal_v4/results/final/headline/runs/LatentFlow/seed46/Traffic/h336.json,b778263f1a57712702b432d8069e4771f982dfbfe55fe7822923253bcc073265,0.6783824501167363,46,,validation MSE only; test evaluated once,,1019.7754960754537,,,
,10,,0.46981579101279275,,/work/11617/sujato_ts/vista/motion_code-master/physics_modal_v4/results/final/checkpoints/VPNet/seed42/Traffic/h720.pt,,,,Traffic,,,,,,,,,720,,2.2913187409546385,,,0.3482940891755476,,,VPNet,0.5286068472135281,,2791.0,672331,,,repository-native matched implementation,,,physics_modal_v4/results/final/headline/runs/VPNet/seed42/Traffic/h720.json,bd4cf376ef994d5f3a3ec3098d1fee919a55b96266e94baa9d99c0fe882cefac,0.7270535380654771,42,,validation MSE only; test evaluated once,,10.284632561717899,,,
16,9,,0.47101650026601194,,/work/11617/sujato_ts/vista/motion_code-master/physics_modal_v4/enhancements/results/strongest_comparator/checkpoints/VPNet/seed43/Traffic/h720.pt,e1502df17e4232c6,,False,Traffic,16,,strongest-nontimepro-by-dataset-seeds43-46-v1,strongest_comparator,10,latentflow_process_preserving_unfreeze2,5.0,0.001,720,,2.2804162461021593,,0.0007,0.34647224909835217,2048,1024,VPNet,0.5326830273253144,0.02,2791.0,672331,,False,repository-native matched implementation,2,,physics_modal_v4/enhancements/results/strongest_comparator/runs/VPNet/seed43/Traffic/h720.json,c3ac310ab628e97b25721776c04ce3985359456ae9e1b56fa4211d6eae26a62a,0.729851373448947,43,"{'inducing_points': 32, 'latent_dim': 16, 'patch_lens': [8, 16, 32], 'representation_weight': 0.001}",,96,10.290726842777076,VPNet,0.0001,4
16,9,,0.4782088761355466,,/work/11617/sujato_ts/vista/motion_code-master/physics_modal_v4/enhancements/results/strongest_comparator/checkpoints/VPNet/seed44/Traffic/h720.pt,2b1c9d6ca3a757c8,,False,Traffic,16,,strongest-nontimepro-by-dataset-seeds43-46-v1,strongest_comparator,10,latentflow_process_preserving_unfreeze2,5.0,0.001,720,,2.3545221875196902,,0.0007,0.35300302488085944,2048,1024,VPNet,0.5327481851266164,0.02,2791.0,672331,,False,repository-native matched implementation,2,,physics_modal_v4/enhancements/results/strongest_comparator/runs/VPNet/seed44/Traffic/h720.json,b7a2553d371c52d154dc4828b4797d686f2045de92fe85090c0b91f7c1ef3bbd,0.7298960098031886,44,"{'inducing_points': 32, 'latent_dim': 16, 'patch_lens': [8, 16, 32], 'representation_weight': 0.001}",,96,10.560611856999458,VPNet,0.0001,4
16,10,,0.46364482752777125,,/work/11617/sujato_ts/vista/motion_code-master/physics_modal_v4/enhancements/results/strongest_comparator/checkpoints/VPNet/seed45/Traffic/h720.pt,0e06e3432b04538b,,False,Traffic,16,,strongest-nontimepro-by-dataset-seeds43-46-v1,strongest_comparator,10,latentflow_process_preserving_unfreeze2,5.0,0.001,720,,2.288937726561194,,0.0007,0.3392957822678205,2048,1024,VPNet,0.5129938271669082,0.02,2791.0,672331,,False,repository-native matched implementation,2,,physics_modal_v4/enhancements/results/strongest_comparator/runs/VPNet/seed45/Traffic/h720.json,3d8f6a3ed338723ac65a0312c2a29a4754da357cbe374e617225c77707028181,0.7162358739737268,45,"{'inducing_points': 32, 'latent_dim': 16, 'patch_lens': [8, 16, 32], 'representation_weight': 0.001}",,96,10.37459731742274,VPNet,0.0001,4
16,10,,0.4758310676450796,,/work/11617/sujato_ts/vista/motion_code-master/physics_modal_v4/enhancements/results/strongest_comparator/checkpoints/VPNet/seed46/Traffic/h720.pt,4854b523e398a2c8,,False,Traffic,16,,strongest-nontimepro-by-dataset-seeds43-46-v1,strongest_comparator,10,latentflow_process_preserving_unfreeze2,5.0,0.001,720,,2.3009566992960186,,0.0007,0.3513434798185463,2048,1024,VPNet,0.5313246522322307,0.02,2791.0,672331,,False,repository-native matched implementation,2,,physics_modal_v4/enhancements/results/strongest_comparator/runs/VPNet/seed46/Traffic/h720.json,ad62d7618bc188a74fdfb2cd4b1db90352df7ea0fa71ce7c17147599e84dccab,0.7289201960655437,46,"{'inducing_points': 32, 'latent_dim': 16, 'patch_lens': [8, 16, 32], 'representation_weight': 0.001}",,96,10.344716632425843,VPNet,0.0001,4
,10,extension,0.4442139204890189,latentflow_process_preserving_unfreeze2,/work/11617/sujato_ts/vista/motion_code-master/physics_modal_v4/results/final/checkpoints/LatentFlow/seed42/Traffic/h720.pt,,2,False,Traffic,,1544.2697356841527,,,,,,,720,32,98.60564718737491,16,,0.31804934173138644,,,LatentFlow,0.49145426921709967,0.02,2791.0,2019836,8-16-32,False,,,0.001,physics_modal_v4/results/final/headline/runs/LatentFlow/seed42/Traffic/h720.json,35d565c62b0bccf8b8836f963bc329d25512e0ce7ad58a395d2d6f83c848b5d0,0.7010379941323435,42,,validation MSE only; test evaluated once,,1130.2623231178586,,,
,7,extension,0.44328350618838896,latentflow_process_preserving_unfreeze2,/work/11617/sujato_ts/vista/motion_code-master/physics_modal_v4/results/final/checkpoints/LatentFlow/seed43/Traffic/h720.pt,,2,False,Traffic,,1544.6248558247462,,,,,,,720,32,99.6366464833986,16,,0.3177446196447139,,,LatentFlow,0.49624386152771277,0.02,2791.0,2019836,8-16-32,False,,,0.001,physics_modal_v4/results/final/headline/runs/LatentFlow/seed43/Traffic/h720.json,5be984a82fdbd2c4b1d2b106354494745572eda113eb2a0b0223c37a4893aedf,0.7044457832421973,43,,validation MSE only; test evaluated once,,1129.7831153704465,,,
,10,extension,0.4428822526491681,latentflow_process_preserving_unfreeze2,/work/11617/sujato_ts/vista/motion_code-master/physics_modal_v4/results/final/checkpoints/LatentFlow/seed44/Traffic/h720.pt,,2,False,Traffic,,1559.464525938034,,,,,,,720,32,99.63405734977161,16,,0.31559488215877807,,,LatentFlow,0.48812185908503597,0.02,2791.0,2019836,8-16-32,False,,,0.001,physics_modal_v4/results/final/headline/runs/LatentFlow/seed44/Traffic/h720.json,01984f631100c574a6ac93e2f4ad0aff1e53142dba7b99efd6c8a84792aaec6e,0.698657182805012,44,,validation MSE only; test evaluated once,,1141.4064705561032,,,
,9,extension,0.4446932836671747,latentflow_process_preserving_unfreeze2,/work/11617/sujato_ts/vista/motion_code-master/physics_modal_v4/results/final/checkpoints/LatentFlow/seed45/Traffic/h720.pt,,2,False,Traffic,,1543.0571403079666,,,,,,,720,32,99.36162525514976,16,,0.3171008629073522,,,LatentFlow,0.4898862096164138,0.02,2791.0,2019836,8-16-32,False,,,0.001,physics_modal_v4/results/final/headline/runs/LatentFlow/seed45/Traffic/h720.json,7bd7f80e3e25352211736ee50f69b5a23ffc2f2360657e5fd0b0d7a84f546544,0.6999187164352828,45,,validation MSE only; test evaluated once,,1128.84970334635,,,
,8,extension,0.4420588204958415,latentflow_process_preserving_unfreeze2,/work/11617/sujato_ts/vista/motion_code-master/physics_modal_v4/results/final/checkpoints/LatentFlow/seed46/Traffic/h720.pt,,2,False,Traffic,,1538.2481123022735,,,,,,,720,32,99.23657452374503,16,,0.31441045138626217,,,LatentFlow,0.48894046603249736,0.02,2791.0,2019836,8-16-32,False,,,0.001,physics_modal_v4/results/final/headline/runs/LatentFlow/seed46/Traffic/h720.json,1a5932b309eb480f21e0da2cdde65abebad5adfa7462feda1eaeffc29c95a024,0.6992427804650523,46,,validation MSE only; test evaluated once,,1125.1132213008532,,,
